task_id,attempt_id,session_id,mode,lane,start_utc,end_utc,elapsed_seconds,engaged_seconds,tool_wait_seconds,idle_seconds,unmeasured_seconds,forecast_seconds,artifact,status
F01,F01-A1,2026-09-20-S1,O,,2026-09-21T01:08:02.897472+00:00,2026-09-21T01:09:29.327381+00:00,86.429881,,0.025040,,86.404841,600,v2/work_logs/F01_2026-09-20_S1.md,partial; O engaged/wait split unmeasured
F01,F01-A1,2026-09-20-S1,D,R,2026-09-21T01:09:29.327381+00:00,2026-09-21T01:15:35.435888+00:00,366.108507,366.108507,0.000000,0,0.000000,3900,v2/work_logs/F01_2026-09-20_S1.md,partial
F01,F01-A1,2026-09-20-S1,D,X,2026-09-21T01:15:35.435888+00:00,2026-09-21T01:22:52.506139+00:00,437.070250,437.070250,0.000000,0,0.000000,,v2/work_logs/F01_2026-09-20_S1.md,partial
F01,F01-A1,2026-09-20-S1,E,R,2026-09-21T01:22:52.506139+00:00,2026-09-21T01:25:37.426518+00:00,164.920378,163.657758,1.262619,0,0.000000,900,v2/work_logs/F01_2026-09-20_S1.md,partial
F01,F01-A1,2026-09-20-S1,D,R,2026-09-21T01:25:37.426518+00:00,2026-09-21T01:28:12.403800+00:00,154.977283,154.977283,0.000000,0,0.000000,,v2/work_logs/F01_2026-09-20_S1.md,partial
F01,F01-A1,2026-09-20-S1,E,R,2026-09-21T01:28:12.403800+00:00,2026-09-21T01:28:15.889919+00:00,3.486141,1.721762,1.764380,0,0.000000,,v2/work_logs/F01_2026-09-20_S1.md,partial
F01,F01-A1,2026-09-20-S1,O,,2026-09-21T01:28:15.889919+00:00,2026-09-21T01:37:59.499848+00:00,583.609908,,0.000000,,583.609908,,v2/work_logs/F01_2026-09-20_S1.md,partial; O engaged/wait split unmeasured
F01,F01-A1,2026-09-21-S2,O,,2026-09-22T02:54:59.332538+00:00,2026-09-22T02:56:28.840996+00:00,89.508377749,,0.000000000,,89.508377749,720,v2/work_logs/F01_2026-09-21_S2.md,completed task; active/wait allocation unmeasured; no research credit
F01,F01-A1,2026-09-21-S2,D,R,2026-09-22T02:56:28.840996+00:00,2026-09-22T03:05:13.746479+00:00,524.909472154,523.952508917,0.000000000,0,0.956963237,3000,v2/work_logs/F01_2026-09-21_S2.md,completed task; measured work block
F01,F01-A1,2026-09-21-S2,D,X,2026-09-22T03:05:13.746479+00:00,2026-09-22T03:11:49.601552+00:00,395.851081197,394.923281095,0.000000000,0,0.927800102,,v2/work_logs/F01_2026-09-21_S2.md,completed task; measured work block
F01,F01-A1,2026-09-21-S2,L,R,2026-09-22T03:11:49.601552+00:00,2026-09-22T03:14:22.039779+00:00,152.438231324,,0.000000000,,152.438231324,300,v2/work_logs/F01_2026-09-21_S2.md,completed task; active/wait allocation unmeasured; no research credit
F01,F01-A1,2026-09-21-S2,D,R,2026-09-22T03:14:22.039779+00:00,2026-09-22T03:17:34.939628+00:00,192.899845431,191.208008271,0.000000000,0,1.691837160,,v2/work_logs/F01_2026-09-21_S2.md,completed task; measured work block
F01,F01-A1,2026-09-21-S2,E,R,2026-09-22T03:17:34.939628+00:00,2026-09-22T03:21:48.185122+00:00,253.245496924,253.245496924,0.000000000,0,0.000000000,720,v2/work_logs/F01_2026-09-21_S2.md,completed task; measured work block; corrected earlier D mode at observed boundary
F01,F01-A1,2026-09-21-S2,E,R,2026-09-22T03:21:48.185122+00:00,2026-09-22T03:24:05.358970+00:00,137.174351915,,2.126519113,,135.047832802,,v2/work_logs/F01_2026-09-21_S2.md,completed task; active/wait allocation unmeasured; no research credit
F01,F01-A1,2026-09-21-S2,D,X,2026-09-22T03:24:05.358970+00:00,2026-09-22T03:30:18.318029+00:00,372.958552811,372.214501713,0.000000000,0,0.744051098,,v2/work_logs/F01_2026-09-21_S2.md,completed task; measured work block
F01,F01-A1,2026-09-21-S2,D,R,2026-09-22T03:30:18.318029+00:00,2026-09-22T03:38:39.347212+00:00,501.029184193,500.053108195,0.000000000,0,0.976075998,,v2/work_logs/F01_2026-09-21_S2.md,completed task; measured work block
F01,F01-A1,2026-09-21-S2,E,R,2026-09-22T03:38:39.347212+00:00,2026-09-22T03:40:11.500347+00:00,92.153144498,88.931368877,3.221775621,0,0.000000000,,v2/work_logs/F01_2026-09-21_S2.md,completed task; measured work block
F01,F01-A1,2026-09-21-S2,O,,2026-09-22T03:40:11.500347+00:00,2026-09-22T03:41:59.918312+00:00,108.417954456,,0.000000000,,108.417954456,,v2/work_logs/F01_2026-09-21_S2.md,completed task; active/wait allocation unmeasured; no research credit; conservative exclusion until explicit D restart
F01,F01-A1,2026-09-21-S2,D,X,2026-09-22T03:41:59.918312+00:00,2026-09-22T03:53:15.621353+00:00,675.703040053,674.109326638,0.000000000,0,1.593713415,,v2/work_logs/F01_2026-09-21_S2.md,completed task; measured work block
F01,F01-A1,2026-09-21-S2,O,,2026-09-22T03:53:15.621353+00:00,2026-09-22T03:53:39.098411+00:00,23.477059163,,0.000000000,,23.477059163,,v2/work_logs/F01_2026-09-21_S2.md,completed task; active/wait allocation unmeasured; no research credit
F01,F01-A1,2026-09-21-S2,E,R,2026-09-22T03:53:39.098411+00:00,2026-09-22T03:54:52.966258+00:00,73.867847070,70.123041661,3.744805409,0,0.000000000,,v2/work_logs/F01_2026-09-21_S2.md,completed task; measured work block
F01,F01-A1,2026-09-21-S2,O,,2026-09-22T03:54:52.966258+00:00,2026-09-22T04:02:41.760256+00:00,468.793998882,,0.000000000,,468.793998882,,v2/work_logs/F01_2026-09-21_S2.md,completed task; active/wait allocation unmeasured; no research credit
F02,F02-A1,2026-09-21-S1,D,R,2026-09-22T04:54:34.962454+00:00,2026-09-22T04:57:46.481361+00:00,191.518931644,191.518931644,,,0.000000000,4500,v2/work_logs/F02_2026-09-21_S1.md,partial; measured work block
F02,F02-A1,2026-09-21-S1,D,X,2026-09-22T04:57:47.094570+00:00,2026-09-22T05:02:02.878431+00:00,255.783860779,255.783860779,,,0.000000000,,v2/work_logs/F02_2026-09-21_S1.md,partial; measured work block
F02,F02-A1,2026-09-21-S1,D,R,2026-09-22T05:02:03.480637+00:00,2026-09-22T05:04:11.689054+00:00,128.208417805,128.208417805,,,0.000000000,,v2/work_logs/F02_2026-09-21_S1.md,partial; measured work block
F02,F02-A1,2026-09-21-S1,D,X,2026-09-22T05:04:12.981759+00:00,2026-09-22T05:06:42.496364+00:00,149.514603677,149.514603677,,,0.000000000,,v2/work_logs/F02_2026-09-21_S1.md,partial; measured work block
F02,F02-A1,2026-09-21-S1,D,R,2026-09-22T05:06:43.112474+00:00,2026-09-22T05:08:43.887715+00:00,120.775241775,120.775241775,,,0.000000000,,v2/work_logs/F02_2026-09-21_S1.md,partial; measured work block
F02,F02-A1,2026-09-21-S1,L,R,2026-09-22T05:08:45.021929+00:00,2026-09-22T05:10:31.475137+00:00,106.453208304,,,,106.453208304,300,v2/work_logs/F02_2026-09-21_S1.md,partial; active/tool split unmeasured; no minimum credit
F02,F02-A1,2026-09-21-S1,E,R,2026-09-22T05:10:32.115050+00:00,2026-09-22T05:13:45.898694+00:00,193.783647358,193.783647358,,,0.000000000,1200,v2/work_logs/F02_2026-09-21_S1.md,partial; measured work block
F02,F02-A1,2026-09-21-S1,E,R,2026-09-22T05:13:46.488172+00:00,2026-09-22T05:14:02.477922+00:00,15.989751833,15.989751833,,,0.000000000,,v2/work_logs/F02_2026-09-21_S1.md,partial; measured work block
F02,F02-A1,2026-09-21-S1,E,R,2026-09-22T05:14:03.745883+00:00,2026-09-22T05:14:24.995877+00:00,21.249995145,21.249995145,,,0.000000000,,v2/work_logs/F02_2026-09-21_S1.md,partial; measured work block
F02,F02-A1,2026-09-21-S1,D,R,2026-09-22T05:14:27.224855+00:00,2026-09-22T05:17:27.123964+00:00,179.899109472,179.899109472,,,0.000000000,,v2/work_logs/F02_2026-09-21_S1.md,partial; measured work block
F02,F02-A1,2026-09-21-S1,E,R,2026-09-22T05:17:27.730269+00:00,2026-09-22T05:18:20.735679+00:00,53.005408713,53.005408713,,,0.000000000,,v2/work_logs/F02_2026-09-21_S1.md,partial; measured work block
F02,F02-A1,2026-09-21-S1,O,,2026-09-22T05:18:23.688271+00:00,2026-09-22T05:22:23.825344+00:00,240.137075058,,,,240.137075058,1200,v2/work_logs/F02_2026-09-21_S1.md,partial; active/tool split unmeasured; no minimum credit
F02,F02-A1,2026-09-21-S1,D,R,2026-09-22T05:22:24.573564+00:00,2026-09-22T05:23:18.297118+00:00,53.723554139,,,,53.723554139,,v2/work_logs/F02_2026-09-21_S1.md,partial; active/tool split unmeasured; no minimum credit
F02,F02-A1,2026-09-21-S1,O,,2026-09-22T05:23:18.884283+00:00,2026-09-22T05:27:01.809890+00:00,222.925613903,,,,222.925613903,,v2/work_logs/F02_2026-09-21_S1.md,partial; active/tool split unmeasured; no minimum credit
F02,F02-A1,2026-09-22-S2,D,R,2026-09-22T15:11:10.687930+00:00,2026-09-22T15:11:29.975641+00:00,19.287709535,19.287709535,0.000000000,,0.000000000,2880,v2/work_logs/F02_2026-09-22_S2.md,completed task; measured work block
F02,F02-A1,2026-09-22-S2,D,R,2026-09-22T15:11:30.658768+00:00,2026-09-22T15:12:08.594832+00:00,37.936063867,37.936063867,0.000000000,,0.000000000,,v2/work_logs/F02_2026-09-22_S2.md,completed task; measured work block
F02,F02-A1,2026-09-22-S2,D,X,2026-09-22T15:12:09.299718+00:00,2026-09-22T15:15:28.004174+00:00,198.704455375,198.704455375,0.000000000,,0.000000000,,v2/work_logs/F02_2026-09-22_S2.md,completed task; measured work block
F02,F02-A1,2026-09-22-S2,D,R,2026-09-22T15:15:28.718644+00:00,2026-09-22T15:16:28.888784+00:00,60.170139688,60.170139688,0.000000000,,0.000000000,,v2/work_logs/F02_2026-09-22_S2.md,completed task; measured work block
F02,F02-A1,2026-09-22-S2,D,R,2026-09-22T15:16:29.472704+00:00,2026-09-22T15:19:25.724592+00:00,176.251887433,176.251887433,0.000000000,,0.000000000,,v2/work_logs/F02_2026-09-22_S2.md,completed task; measured work block
F02,F02-A1,2026-09-22-S2,D,X,2026-09-22T15:19:26.385769+00:00,2026-09-22T15:21:58.413967+00:00,152.028197837,152.028197837,0.000000000,,0.000000000,,v2/work_logs/F02_2026-09-22_S2.md,completed task; measured work block
F02,F02-A1,2026-09-22-S2,D,R,2026-09-22T15:21:59.176221+00:00,2026-09-22T15:24:55.060265+00:00,175.884043281,175.884043281,0.000000000,,0.000000000,,v2/work_logs/F02_2026-09-22_S2.md,completed task; measured work block
F02,F02-A1,2026-09-22-S2,E,R,2026-09-22T15:24:55.772067+00:00,2026-09-22T15:28:55.370563+00:00,239.598493054,239.598493054,0.000000000,,0.000000000,900,v2/work_logs/F02_2026-09-22_S2.md,completed task; measured work block
F02,F02-A1,2026-09-22-S2,E,R,2026-09-22T15:28:56.054933+00:00,2026-09-22T15:29:24.503456+00:00,28.448573689,28.448573689,0.000000000,,0.000000000,,v2/work_logs/F02_2026-09-22_S2.md,completed task; measured work block
F02,F02-A1,2026-09-22-S2,E,,2026-09-22T15:29:25.212564+00:00,2026-09-22T15:29:26.926945+00:00,1.714380494,0.000000000,1.714380494,,0.000000000,,v2/work_logs/F02_2026-09-22_S2.md,completed task; unattended execution; zero research credit
F02,F02-A1,2026-09-22-S2,D,R,2026-09-22T15:29:27.687866+00:00,2026-09-22T15:33:23.400107+00:00,235.712240115,235.712240115,0.000000000,,0.000000000,,v2/work_logs/F02_2026-09-22_S2.md,completed task; measured work block
F02,F02-A1,2026-09-22-S2,L,R,2026-09-22T15:33:24.092555+00:00,2026-09-22T15:36:42.492282+00:00,198.399791451,,0.000000000,,198.399791451,300,v2/work_logs/F02_2026-09-22_S2.md,completed task; active/wait split unknown; no research credit
F02,F02-A1,2026-09-22-S2,D,X,2026-09-22T15:36:43.098061+00:00,2026-09-22T15:41:37.588359+00:00,294.490297475,179.402731723,0.000000000,,115.087565752,,v2/work_logs/F02_2026-09-22_S2.md,completed task; measured work block; Credit cut at observed intermediate check; mixed tail excluded.
F02,F02-A1,2026-09-22-S2,D,R,2026-09-22T15:41:38.277552+00:00,2026-09-22T15:45:49.883636+00:00,251.606077888,251.606077888,0.000000000,,0.000000000,,v2/work_logs/F02_2026-09-22_S2.md,completed task; measured work block
F02,F02-A1,2026-09-22-S2,D,X,2026-09-22T15:45:50.518387+00:00,2026-09-22T15:47:36.814956+00:00,106.296571852,106.296571852,0.000000000,,0.000000000,,v2/work_logs/F02_2026-09-22_S2.md,completed task; measured work block; Prospective E/R label corrected to actual D/X; original events retained.
F02,F02-A1,2026-09-22-S2,D,X,2026-09-22T15:47:37.508652+00:00,2026-09-22T15:48:30.628661+00:00,53.120005601,53.120005601,0.000000000,,0.000000000,,v2/work_logs/F02_2026-09-22_S2.md,completed task; measured work block
F02,F02-A1,2026-09-22-S2,E,R,2026-09-22T15:48:31.272928+00:00,2026-09-22T15:50:50.179518+00:00,138.906590665,138.906590665,0.000000000,,0.000000000,,v2/work_logs/F02_2026-09-22_S2.md,completed task; measured work block
F02,F02-A1,2026-09-22-S2,E,,2026-09-22T15:50:50.819733+00:00,2026-09-22T15:50:54.217252+00:00,3.397516937,0.000000000,3.397516937,,0.000000000,,v2/work_logs/F02_2026-09-22_S2.md,completed task; unattended execution; zero research credit
F02,F02-A1,2026-09-22-S2,D,X,2026-09-22T15:52:06.998950+00:00,2026-09-22T15:56:59.748743+00:00,292.749791771,292.749791771,0.000000000,,0.000000000,,v2/work_logs/F02_2026-09-22_S2.md,completed task; measured work block
F02,F02-A1,2026-09-22-S2,E,R,2026-09-22T15:57:00.415979+00:00,2026-09-22T15:59:07.716089+00:00,127.300114862,127.300114862,0.000000000,,0.000000000,,v2/work_logs/F02_2026-09-22_S2.md,completed task; measured work block
F02,F02-A1,2026-09-22-S2,E,,2026-09-22T15:59:08.530282+00:00,2026-09-22T15:59:12.069371+00:00,3.539086076,0.000000000,3.539086076,,0.000000000,,v2/work_logs/F02_2026-09-22_S2.md,completed task; unattended execution; zero research credit
F02,F02-A1,2026-09-22-S2,D,R,2026-09-22T16:01:10.568269+00:00,2026-09-22T16:12:52.815892+00:00,702.247623423,702.247623423,0.000000000,,0.000000000,,v2/work_logs/F02_2026-09-22_S2.md,completed task; measured work block
F02,F02-A1,2026-09-22-S2,E,R,2026-09-22T16:12:53.577163+00:00,2026-09-22T16:15:34.108880+00:00,160.531714635,160.531714635,0.000000000,,0.000000000,,v2/work_logs/F02_2026-09-22_S2.md,completed task; measured work block
F02,F02-A1,2026-09-22-S2,E,,2026-09-22T16:15:34.739779+00:00,2026-09-22T16:15:39.072659+00:00,4.332878578,0.000000000,4.332878578,,0.000000000,,v2/work_logs/F02_2026-09-22_S2.md,completed task; unattended execution; zero research credit
F02,F02-A1,2026-09-22-S2,O,,2026-09-22T16:16:18.792104+00:00,2026-09-22T16:18:32.842584+00:00,134.050478761,,0.000000000,,134.050478761,900,v2/work_logs/F02_2026-09-22_S2.md,completed task; active/wait split unknown; no research credit
F03,F03-A1,2026-09-22-S1,O,,2026-09-22T20:55:42.015106+00:00,2026-09-22T20:56:18.065826+00:00,36.050723474,,0.000000000,,36.050723474,,v2/work_logs/F03_2026-09-22_S1.md,partial; unmeasured overhead/retrieval
F03,F03-A1,2026-09-22-S1,O,,2026-09-22T20:56:18.065826+00:00,2026-09-22T20:56:48.046203+00:00,29.980377660,,0.000000000,,29.980377660,,v2/work_logs/F03_2026-09-22_S1.md,partial; unmeasured overhead/retrieval
F03,F03-A1,2026-09-22-S1,L,R,2026-09-22T20:56:48.046203+00:00,2026-09-22T20:57:07.093265+00:00,19.047060812,19.047060812,0.000000000,0,0.000000000,,v2/work_logs/F03_2026-09-22_S1.md,partial; observed work block
F03,F03-A1,2026-09-22-S1,O,,2026-09-22T20:57:07.093265+00:00,2026-09-22T20:59:17.469811+00:00,130.376546458,,0.000000000,,130.376546458,,v2/work_logs/F03_2026-09-22_S1.md,partial; unmeasured overhead/retrieval
F03,F03-A1,2026-09-22-S1,L,R,2026-09-22T20:59:17.469811+00:00,2026-09-22T21:00:29.046068+00:00,71.576257634,71.576257634,0.000000000,0,0.000000000,,v2/work_logs/F03_2026-09-22_S1.md,partial; observed work block
F03,F03-A1,2026-09-22-S1,O,,2026-09-22T21:00:29.046068+00:00,2026-09-22T21:03:45.226190+00:00,196.180122516,,0.000000000,,196.180122516,,v2/work_logs/F03_2026-09-22_S1.md,partial; unmeasured overhead/retrieval
F03,F03-A1,2026-09-22-S1,L,R,2026-09-22T21:03:45.226190+00:00,2026-09-22T21:04:53.162090+00:00,67.935900186,67.935900186,0.000000000,0,0.000000000,,v2/work_logs/F03_2026-09-22_S1.md,partial; observed work block
F03,F03-A1,2026-09-22-S1,O,,2026-09-22T21:04:53.162090+00:00,2026-09-22T21:06:45.280472+00:00,112.118381501,,0.000000000,,112.118381501,,v2/work_logs/F03_2026-09-22_S1.md,partial; unmeasured overhead/retrieval
F03,F03-A1,2026-09-22-S1,L,R,2026-09-22T21:06:45.280472+00:00,2026-09-22T21:09:51.073336+00:00,185.792863099,,0.000000000,,185.792863099,,v2/work_logs/F03_2026-09-22_S1.md,partial; source audit and original derivation mixed; not separately timed
F03,F03-A1,2026-09-22-S1,D,X,2026-09-22T21:09:51.073336+00:00,2026-09-22T21:12:53.747078+00:00,182.673743180,182.673743180,0.000000000,0,0.000000000,,v2/work_logs/F03_2026-09-22_S1.md,partial; observed work block
F03,F03-A1,2026-09-22-S1,O,,2026-09-22T21:12:53.747078+00:00,2026-09-22T21:15:46.503578+00:00,172.756793445,,0.000000000,,172.756793445,,v2/work_logs/F03_2026-09-22_S1.md,partial; unmeasured overhead/retrieval
F03,F03-A1,2026-09-22-S1,L,X,2026-09-22T21:15:46.503578+00:00,2026-09-22T21:16:51.995121+00:00,65.491249339,65.491249339,0.000000000,0,0.000000000,,v2/work_logs/F03_2026-09-22_S1.md,partial; observed work block
F03,F03-A1,2026-09-22-S1,O,,2026-09-22T21:16:51.995121+00:00,2026-09-22T21:18:04.606339+00:00,72.611216306,,0.000000000,,72.611216306,,v2/work_logs/F03_2026-09-22_S1.md,partial; unmeasured overhead/retrieval
F03,F03-A1,2026-09-22-S1,L,R,2026-09-22T21:18:04.606339+00:00,2026-09-22T21:22:22.868198+00:00,258.261860109,,0.000000000,,258.261860109,,v2/work_logs/F03_2026-09-22_S1.md,partial; source-card writing and context handoff not separately timed
F03,F03-A1,2026-09-22-S1,O,,2026-09-22T21:22:22.868198+00:00,2026-09-22T21:23:04.477259+00:00,41.609060528,,0.000000000,,41.609060528,,v2/work_logs/F03_2026-09-22_S1.md,partial; unmeasured overhead/retrieval
F03,F03-A1,2026-09-22-S1,L,X,2026-09-22T21:23:04.477259+00:00,2026-09-22T21:23:46.799521+00:00,42.322260826,,0.000000000,,42.322260826,,v2/work_logs/F03_2026-09-22_S1.md,partial; external retrieval wait and source reading not separately timed
F03,F03-A1,2026-09-22-S1,O,,2026-09-22T21:23:46.799521+00:00,2026-09-22T21:24:13.801092+00:00,27.001571287,,0.000000000,,27.001571287,,v2/work_logs/F03_2026-09-22_S1.md,partial; unmeasured overhead/retrieval
F03,F03-A1,2026-09-22-S1,L,X,2026-09-22T21:24:13.801092+00:00,2026-09-22T21:25:26.653019+00:00,72.851928397,72.851928397,0.000000000,0,0.000000000,,v2/work_logs/F03_2026-09-22_S1.md,partial; observed work block
F03,F03-A1,2026-09-22-S1,D,X,2026-09-22T21:25:26.653019+00:00,2026-09-22T21:26:02.488853+00:00,35.835832409,35.835832409,0.000000000,0,0.000000000,,v2/work_logs/F03_2026-09-22_S1.md,partial; observed work block
F03,F03-A1,2026-09-22-S1,E,R,2026-09-22T21:26:02.488853+00:00,2026-09-22T21:27:58.559792+00:00,116.070941683,116.070941683,0.000000000,0,0.000000000,,v2/work_logs/F03_2026-09-22_S1.md,partial; observed work block
F03,F03-A1,2026-09-22-S1,O,,2026-09-22T21:27:58.559792+00:00,2026-09-22T21:28:34.851385+00:00,36.291591355,,4.923579610,,31.368011745,,v2/work_logs/F03_2026-09-22_S1.md,partial; unmeasured overhead/retrieval
F03,F03-A1,2026-09-22-S1,L,R,2026-09-22T21:28:34.851385+00:00,2026-09-22T21:29:39.778617+00:00,64.927229796,64.927229796,0.000000000,0,0.000000000,,v2/work_logs/F03_2026-09-22_S1.md,partial; observed work block
F03,F03-A1,2026-09-22-S2,O,,2026-09-23T00:45:15.833486+00:00,2026-09-23T00:46:11.227832+00:00,55.394342986,,0.000000000,,55.394342986,900,v2/work_logs/F03_2026-09-22_S2.md,partial; overhead; engaged allocation not separated
F03,F03-A1,2026-09-22-S2,L,R,2026-09-23T00:46:11.227832+00:00,2026-09-23T00:47:21.509017+00:00,70.281186944,,0.000000000,,70.281186944,3600,v2/work_logs/F03_2026-09-22_S2.md,partial; unattributed retrieval/transition interval; no research credit
F03,F03-A1,2026-09-22-S2,L,R,2026-09-23T00:47:21.509017+00:00,2026-09-23T00:48:33.324491+00:00,71.815472534,71.815472534,0.000000000,,0.000000000,,v2/work_logs/F03_2026-09-22_S2.md,partial; observed active work block
F03,F03-A1,2026-09-22-S2,L,R,2026-09-23T00:48:33.324491+00:00,2026-09-23T00:52:38.274932+00:00,244.950440319,,0.000000000,,244.950440319,,v2/work_logs/F03_2026-09-22_S2.md,partial; unattributed retrieval/transition interval; no research credit
F03,F03-A1,2026-09-22-S2,L,R,2026-09-23T00:52:38.274932+00:00,2026-09-23T00:52:52.389565+00:00,14.114633229,14.114633229,0.000000000,,0.000000000,,v2/work_logs/F03_2026-09-22_S2.md,partial; observed active work block
F03,F03-A1,2026-09-22-S2,L,R,2026-09-23T00:52:52.389565+00:00,2026-09-23T00:53:35.751641+00:00,43.362075590,,0.000000000,,43.362075590,,v2/work_logs/F03_2026-09-22_S2.md,partial; unattributed retrieval/transition interval; no research credit
F03,F03-A1,2026-09-22-S2,L,R,2026-09-23T00:53:35.751641+00:00,2026-09-23T00:55:02.438326+00:00,86.686687341,86.686687341,0.000000000,,0.000000000,,v2/work_logs/F03_2026-09-22_S2.md,partial; observed active work block
F03,F03-A1,2026-09-22-S2,L,R,2026-09-23T00:55:02.438326+00:00,2026-09-23T00:56:05.464373+00:00,63.026047998,63.026047998,0.000000000,,0.000000000,,v2/work_logs/F03_2026-09-22_S2.md,partial; observed active work block
F03,F03-A1,2026-09-22-S2,L,X,2026-09-23T00:56:05.464373+00:00,2026-09-23T00:57:47.699098+00:00,102.234721414,,0.000000000,,102.234721414,,v2/work_logs/F03_2026-09-22_S2.md,partial; unattributed retrieval/transition interval; no research credit
F03,F03-A1,2026-09-22-S2,L,X,2026-09-23T00:57:47.699098+00:00,2026-09-23T00:59:31.183629+00:00,103.484532139,103.484532139,0.000000000,,0.000000000,,v2/work_logs/F03_2026-09-22_S2.md,partial; observed active work block
F03,F03-A1,2026-09-22-S2,L,R,2026-09-23T00:59:31.183629+00:00,2026-09-23T01:01:08.840557+00:00,97.656926241,,0.000000000,,97.656926241,,v2/work_logs/F03_2026-09-22_S2.md,partial; unattributed retrieval/transition interval; no research credit
F03,F03-A1,2026-09-22-S2,L,R,2026-09-23T01:01:08.840557+00:00,2026-09-23T01:02:18.164666+00:00,69.324111683,69.324111683,0.000000000,,0.000000000,,v2/work_logs/F03_2026-09-22_S2.md,partial; observed active work block
F03,F03-A1,2026-09-22-S2,L,R,2026-09-23T01:02:18.164666+00:00,2026-09-23T01:02:32.258305+00:00,14.093637862,,0.000000000,,14.093637862,,v2/work_logs/F03_2026-09-22_S2.md,partial; unattributed retrieval/transition interval; no research credit
F03,F03-A1,2026-09-22-S2,L,R,2026-09-23T01:02:32.258305+00:00,2026-09-23T01:03:18.893781+00:00,46.635476746,46.635476746,0.000000000,,0.000000000,,v2/work_logs/F03_2026-09-22_S2.md,partial; observed active work block
F03,F03-A1,2026-09-22-S2,L,R,2026-09-23T01:03:18.893781+00:00,2026-09-23T01:03:32.729419+00:00,13.835639619,,0.000000000,,13.835639619,,v2/work_logs/F03_2026-09-22_S2.md,partial; unattributed retrieval/transition interval; no research credit
F03,F03-A1,2026-09-22-S2,L,R,2026-09-23T01:03:32.729419+00:00,2026-09-23T01:06:15.002328+00:00,162.272908791,162.272908791,0.000000000,,0.000000000,,v2/work_logs/F03_2026-09-22_S2.md,partial; observed active work block
F03,F03-A1,2026-09-22-S2,L,R,2026-09-23T01:06:15.002328+00:00,2026-09-23T01:06:41.217419+00:00,26.215091442,,0.000000000,,26.215091442,,v2/work_logs/F03_2026-09-22_S2.md,partial; unattributed retrieval/transition interval; no research credit
F03,F03-A1,2026-09-22-S2,L,R,2026-09-23T01:06:41.217419+00:00,2026-09-23T01:08:10.455625+00:00,89.238203371,89.238203371,0.000000000,,0.000000000,,v2/work_logs/F03_2026-09-22_S2.md,partial; observed active work block
F03,F03-A1,2026-09-22-S2,L,R,2026-09-23T01:08:10.455625+00:00,2026-09-23T01:08:22.131490+00:00,11.675865422,,0.000000000,,11.675865422,,v2/work_logs/F03_2026-09-22_S2.md,partial; unattributed retrieval/transition interval; no research credit
F03,F03-A1,2026-09-22-S2,L,R,2026-09-23T01:08:22.131490+00:00,2026-09-23T01:09:52.452329+00:00,90.320838829,90.320838829,0.000000000,,0.000000000,,v2/work_logs/F03_2026-09-22_S2.md,partial; observed active work block
F03,F03-A1,2026-09-22-S2,L,X,2026-09-23T01:09:52.452329+00:00,2026-09-23T01:13:07.363676+00:00,194.911343319,,0.000000000,,194.911343319,,v2/work_logs/F03_2026-09-22_S2.md,partial; unattributed retrieval/transition interval; no research credit
F03,F03-A1,2026-09-22-S2,L,X,2026-09-23T01:13:07.363676+00:00,2026-09-23T01:13:39.174936+00:00,31.811303857,31.811303857,0.000000000,,0.000000000,,v2/work_logs/F03_2026-09-22_S2.md,partial; observed active work block
F03,F03-A1,2026-09-22-S2,L,X,2026-09-23T01:13:39.174936+00:00,2026-09-23T01:13:58.373906+00:00,19.198945837,,0.000000000,,19.198945837,,v2/work_logs/F03_2026-09-22_S2.md,partial; unattributed retrieval/transition interval; no research credit
F03,F03-A1,2026-09-22-S2,L,X,2026-09-23T01:13:58.373906+00:00,2026-09-23T01:14:47.717093+00:00,49.343170724,49.343170724,0.000000000,,0.000000000,,v2/work_logs/F03_2026-09-22_S2.md,partial; observed active work block
F03,F03-A1,2026-09-22-S2,L,X,2026-09-23T01:14:47.717093+00:00,2026-09-23T01:15:06.964655+00:00,19.247560901,,0.000000000,,19.247560901,,v2/work_logs/F03_2026-09-22_S2.md,partial; unattributed retrieval/transition interval; no research credit
F03,F03-A1,2026-09-22-S2,L,X,2026-09-23T01:15:06.964655+00:00,2026-09-23T01:15:47.225413+00:00,40.260758243,40.260758243,0.000000000,,0.000000000,,v2/work_logs/F03_2026-09-22_S2.md,partial; observed active work block
F03,F03-A1,2026-09-22-S2,L,R,2026-09-23T01:15:47.225413+00:00,2026-09-23T01:16:02.267196+00:00,15.041785154,,0.000000000,,15.041785154,,v2/work_logs/F03_2026-09-22_S2.md,partial; unattributed retrieval/transition interval; no research credit
F03,F03-A1,2026-09-22-S2,L,R,2026-09-23T01:16:02.267196+00:00,2026-09-23T01:17:34.677979+00:00,92.410780820,92.410780820,0.000000000,,0.000000000,,v2/work_logs/F03_2026-09-22_S2.md,partial; observed active work block
F03,F03-A1,2026-09-22-S2,L,R,2026-09-23T01:17:34.677979+00:00,2026-09-23T01:17:55.956262+00:00,21.278284542,21.278284542,0.000000000,,0.000000000,,v2/work_logs/F03_2026-09-22_S2.md,partial; observed active work block
F03,F03-A1,2026-09-22-S2,D,X,2026-09-23T01:17:55.956262+00:00,2026-09-23T01:19:12.430860+00:00,76.474600403,76.474600403,0.000000000,,0.000000000,1200,v2/work_logs/F03_2026-09-22_S2.md,partial; observed active work block
F03,F03-A1,2026-09-22-S2,D,X,2026-09-23T01:19:12.430860+00:00,2026-09-23T01:21:06.662762+00:00,114.231898487,114.231898487,0.000000000,,0.000000000,,v2/work_logs/F03_2026-09-22_S2.md,partial; observed active work block
F03,F03-A1,2026-09-22-S2,O,,2026-09-23T01:21:06.662762+00:00,2026-09-23T01:22:29.393257+00:00,82.730494551,,0.000000000,,82.730494551,,v2/work_logs/F03_2026-09-22_S2.md,partial; Mixed test/source review; excluded rather than assigning literature credit.
F03,F03-A1,2026-09-22-S2,E,R,2026-09-23T01:22:29.393257+00:00,2026-09-23T01:24:20.682462+00:00,111.289205577,111.289205577,0.000000000,,0.000000000,600,v2/work_logs/F03_2026-09-22_S2.md,partial; observed active work block
F03,F03-A1,2026-09-22-S2,L,R,2026-09-23T01:24:20.682462+00:00,2026-09-23T01:24:35.146837+00:00,14.464378482,,0.000000000,,14.464378482,,v2/work_logs/F03_2026-09-22_S2.md,partial; unattributed retrieval/transition interval; no research credit
F03,F03-A1,2026-09-22-S2,O,,2026-09-23T01:24:35.146837+00:00,2026-09-23T01:25:39.975826+00:00,64.828985047,,0.000000000,,64.828985047,,v2/work_logs/F03_2026-09-22_S2.md,partial; Bibliographic assembly and source review were mixed; no L credit.
F03,F03-A1,2026-09-22-S2,O,,2026-09-23T01:25:39.975826+00:00,2026-09-23T01:26:06.729818+00:00,26.753994156,,0.000000000,,26.753994156,,v2/work_logs/F03_2026-09-22_S2.md,partial; overhead; engaged allocation not separated
F03,F03-A1,2026-09-22-S2,E,R,2026-09-23T01:26:06.729818+00:00,2026-09-23T01:26:20.071080+00:00,13.341257945,,5.019972713,,8.321285232,,v2/work_logs/F03_2026-09-22_S2.md,partial; unattributed retrieval/transition interval; no research credit
F03,F03-A1,2026-09-22-S2,O,,2026-09-23T01:26:20.071080+00:00,2026-09-23T01:27:58.008327+00:00,97.937249194,,0.000000000,,97.937249194,,v2/work_logs/F03_2026-09-22_S2.md,partial; Post-test interpretation and handoff planning were mixed; no L credit.
F03,F03-A1,2026-09-23-S3,O,,2026-09-23T12:54:19.311985+00:00,2026-09-23T12:55:28.455394+00:00,69.143423276,,0.000000000,,69.143423276,600,v2/work_logs/F03_2026-09-23_S3.md,"partial; retrieval/overhead allocation unmeasured, no research credit"
F03,F03-A1,2026-09-23-S3,L,R,2026-09-23T12:55:28.455394+00:00,2026-09-23T12:56:31.474487+00:00,63.019094930,63.019094930,0.000000000,0,0.000000000,2400,v2/work_logs/F03_2026-09-23_S3.md,partial; measured work block
F03,F03-A1,2026-09-23-S3,O,,2026-09-23T12:56:31.474487+00:00,2026-09-23T12:58:40.744874+00:00,129.270388707,,0.000000000,,129.270388707,,v2/work_logs/F03_2026-09-23_S3.md,"partial; retrieval/overhead allocation unmeasured, no research credit"
F03,F03-A1,2026-09-23-S3,L,X,2026-09-23T12:58:40.744874+00:00,2026-09-23T12:59:31.485488+00:00,50.740609432,50.740609432,0.000000000,0,0.000000000,,v2/work_logs/F03_2026-09-23_S3.md,partial; measured work block
F03,F03-A1,2026-09-23-S3,D,X,2026-09-23T12:59:31.485488+00:00,2026-09-23T13:02:26.391932+00:00,174.906480858,174.906480858,0.000000000,0,0.000000000,480,v2/work_logs/F03_2026-09-23_S3.md,partial; measured work block
F03,F03-A1,2026-09-23-S3,O,,2026-09-23T13:02:26.391932+00:00,2026-09-23T13:04:19.342484+00:00,112.950514530,,0.000000000,,112.950514530,,v2/work_logs/F03_2026-09-23_S3.md,"partial; retrieval/overhead allocation unmeasured, no research credit"
F03,F03-A1,2026-09-23-S3,L,R,2026-09-23T13:04:19.342484+00:00,2026-09-23T13:05:06.826333+00:00,47.483850207,47.483850207,0.000000000,0,0.000000000,,v2/work_logs/F03_2026-09-23_S3.md,partial; measured work block
F03,F03-A1,2026-09-23-S3,O,,2026-09-23T13:05:06.826333+00:00,2026-09-23T13:09:09.913278+00:00,243.086945989,,0.000000000,,243.086945989,,v2/work_logs/F03_2026-09-23_S3.md,"partial; retrieval/overhead allocation unmeasured, no research credit"
F03,F03-A1,2026-09-23-S3,L,R,2026-09-23T13:09:09.913278+00:00,2026-09-23T13:10:18.824468+00:00,68.911226600,68.911226600,0.000000000,0,0.000000000,,v2/work_logs/F03_2026-09-23_S3.md,partial; measured work block
F03,F03-A1,2026-09-23-S3,D,X,2026-09-23T13:10:18.824468+00:00,2026-09-23T13:11:12.942647+00:00,54.118142414,54.118142414,0.000000000,0,0.000000000,,v2/work_logs/F03_2026-09-23_S3.md,partial; measured work block
F03,F03-A1,2026-09-23-S3,O,,2026-09-23T13:11:12.942647+00:00,2026-09-23T13:12:08.525769+00:00,55.583121248,,0.000000000,,55.583121248,,v2/work_logs/F03_2026-09-23_S3.md,"partial; retrieval/overhead allocation unmeasured, no research credit"
F03,F03-A1,2026-09-23-S3,E,R,2026-09-23T13:12:08.525769+00:00,2026-09-23T13:13:57.131763+00:00,108.605995240,108.605995240,0.000000000,0,0.000000000,300,v2/work_logs/F03_2026-09-23_S3.md,partial; measured work block
F03,F03-A1,2026-09-23-S3,O,,2026-09-23T13:13:57.131763+00:00,2026-09-23T13:15:03.947030+00:00,66.815265877,,0.000000000,,66.815265877,,v2/work_logs/F03_2026-09-23_S3.md,"partial; retrieval/overhead allocation unmeasured, no research credit"
F03,F03-A1,2026-09-23-S3,L,R,2026-09-23T13:15:03.947030+00:00,2026-09-23T13:15:31.732065+00:00,27.785036431,27.785036431,0.000000000,0,0.000000000,,v2/work_logs/F03_2026-09-23_S3.md,partial; measured work block
F03,F03-A1,2026-09-23-S3,O,,2026-09-23T13:15:31.732065+00:00,2026-09-23T13:16:29.161594+00:00,57.429528673,,0.000000000,,57.429528673,,v2/work_logs/F03_2026-09-23_S3.md,"partial; retrieval/overhead allocation unmeasured, no research credit"
F03,F03-A1,2026-09-23-S3,E,R,2026-09-23T13:16:29.161594+00:00,2026-09-23T13:17:03.490156+00:00,34.328602033,26.716518864,7.612083169,0,0.000000000,,v2/work_logs/F03_2026-09-23_S3.md,partial; measured work block
F03,F03-A1,2026-09-23-S3,O,,2026-09-23T13:17:03.490156+00:00,2026-09-23T13:18:27.363592+00:00,83.873396419,,0.000000000,,83.873396419,,v2/work_logs/F03_2026-09-23_S3.md,"partial; retrieval/overhead allocation unmeasured, no research credit"
F03,F03-A1,2026-09-23-S3,D,R,2026-09-23T13:18:27.363592+00:00,2026-09-23T13:19:11.784545+00:00,44.420952372,44.420952372,0.000000000,0,0.000000000,,v2/work_logs/F03_2026-09-23_S3.md,partial; measured work block
F03,F03-A1,2026-09-23-S4R1,O,,2026-09-23T16:38:55.833887+00:00,2026-09-23T16:40:13.456202+00:00,77.622312403,,0.000000000,,77.622312403,720,v2/work_logs/F03_2026-09-23_S4R1.md,overhead not credited
F03,F03-A1,2026-09-23-S4R1,L,R,2026-09-23T16:40:13.456202+00:00,2026-09-23T16:40:59.743479+00:00,46.287279337,46.287279337,0.000000000,,0.000000000,2100,v2/work_logs/F03_2026-09-23_S4R1.md,measured research work block
F03,F03-A1,2026-09-23-S4R1,O,,2026-09-23T16:40:59.743479+00:00,2026-09-23T16:42:36.721898+00:00,96.978419648,,0.000000000,,96.978419648,,v2/work_logs/F03_2026-09-23_S4R1.md,retrieval/transition window not separately attributed
F03,F03-A1,2026-09-23-S4R1,L,R,2026-09-23T16:42:36.721898+00:00,2026-09-23T16:44:18.337906+00:00,101.616007208,101.616007208,0.000000000,,0.000000000,,v2/work_logs/F03_2026-09-23_S4R1.md,measured research work block
F03,F03-A1,2026-09-23-S4R1,D,X,2026-09-23T16:44:18.337906+00:00,2026-09-23T16:47:07.340610+00:00,169.002726345,169.002726345,0.000000000,,0.000000000,600,v2/work_logs/F03_2026-09-23_S4R1.md,measured research work block
F03,F03-A1,2026-09-23-S4R1,O,,2026-09-23T16:47:07.340610+00:00,2026-09-23T16:50:07.125912+00:00,179.785284771,,0.000000000,,179.785284771,,v2/work_logs/F03_2026-09-23_S4R1.md,retrieval/transition window not separately attributed
F03,F03-A1,2026-09-23-S4R1,O,,2026-09-23T16:50:07.125912+00:00,2026-09-23T16:51:06.558925+00:00,59.433006398,,0.000000000,,59.433006398,,v2/work_logs/F03_2026-09-23_S4R1.md,retrieval/transition window not separately attributed
F03,F03-A1,2026-09-23-S4R1,L,R,2026-09-23T16:51:06.558925+00:00,2026-09-23T16:51:56.744379+00:00,50.185459069,50.185459069,0.000000000,,0.000000000,,v2/work_logs/F03_2026-09-23_S4R1.md,measured research work block
F03,F03-A1,2026-09-23-S4R1,D,X,2026-09-23T16:51:56.744379+00:00,2026-09-23T16:52:57.607349+00:00,60.862968929,,0.000000000,,60.862968929,,v2/work_logs/F03_2026-09-23_S4R1.md,mixed derivation and connector discovery
F03,F03-A1,2026-09-23-S4R1,O,,2026-09-23T16:52:57.607349+00:00,2026-09-23T16:53:33.062296+00:00,35.454944681,,0.000000000,,35.454944681,,v2/work_logs/F03_2026-09-23_S4R1.md,overhead not credited
F03,F03-A1,2026-09-23-S4R1,D,X,2026-09-23T16:53:33.062296+00:00,2026-09-23T16:55:44.268550+00:00,131.206253594,,0.000000000,,131.206253594,,v2/work_logs/F03_2026-09-23_S4R1.md,mixed derivation and code-payload preparation before next clock boundary
F03,F03-A1,2026-09-23-S4R1,E,R,2026-09-23T16:55:44.268550+00:00,2026-09-23T16:56:40.311494+00:00,56.042943634,56.042943634,0.000000000,,0.000000000,480,v2/work_logs/F03_2026-09-23_S4R1.md,measured research work block
F03,F03-A1,2026-09-23-S4R1,O,,2026-09-23T16:56:40.311494+00:00,2026-09-23T16:57:15.166446+00:00,34.855160945,,0.000000000,,34.855160945,,v2/work_logs/F03_2026-09-23_S4R1.md,overhead not credited
F03,F03-A1,2026-09-23-S4R1,E,R,2026-09-23T16:57:15.166446+00:00,2026-09-23T16:57:22.624276+00:00,7.457621099,2.383138103,5.074482996,,0.000000000,,v2/work_logs/F03_2026-09-23_S4R1.md,measured research work block
F03,F03-A1,2026-09-23-S4R1,O,,2026-09-23T16:57:22.624276+00:00,2026-09-23T16:58:23.560034+00:00,60.935759824,,0.000000000,,60.935759824,,v2/work_logs/F03_2026-09-23_S4R1.md,overhead not credited
F03,F03-A1,2026-09-23-S4R1,E,R,2026-09-23T16:58:23.560034+00:00,2026-09-23T16:58:31.635940+00:00,8.075908270,3.428295585,4.647612685,,0.000000000,,v2/work_logs/F03_2026-09-23_S4R1.md,measured research work block
F03,F03-A1,2026-09-23-S4R1,O,,2026-09-23T16:58:31.635940+00:00,2026-09-23T17:00:18.662047+00:00,107.026102797,,0.000000000,,107.026102797,,v2/work_logs/F03_2026-09-23_S4R1.md,retrieval/transition window not separately attributed
F03,F03-A1,2026-09-23-S4R1,L,R,2026-09-23T17:00:18.662047+00:00,2026-09-23T17:01:30.345243+00:00,71.683193823,,0.000000000,,71.683193823,,v2/work_logs/F03_2026-09-23_S4R1.md,mixed source reading and new adapter derivation; exclude from L
F03,F03-A1,2026-09-23-S4R1,D,X,2026-09-23T17:01:30.345243+00:00,2026-09-23T17:02:20.441105+00:00,50.095865232,50.095865232,0.000000000,,0.000000000,,v2/work_logs/F03_2026-09-23_S4R1.md,measured research work block
F03,F03-A1,2026-09-23-S4R1,E,R,2026-09-23T17:02:20.441105+00:00,2026-09-23T17:02:46.856654+00:00,26.415554320,21.330786449,5.084767871,,0.000000000,,v2/work_logs/F03_2026-09-23_S4R1.md,measured research work block
F03,F03-A1,2026-09-24-S5,O,,2026-09-24T16:09:08.731374+00:00,2026-09-24T16:10:30.450823+00:00,81.719421064,,0,,81.719421064,600,v2/work_logs/F03_2026-09-24_S5.md,partial; no research credit; Bootstrap continuation; no research credit before forecast
F03,F03-A1,2026-09-24-S5,O,,2026-09-24T16:10:30.450823+00:00,2026-09-24T16:11:00.076103+00:00,29.625280348,,0,,29.625280348,,v2/work_logs/F03_2026-09-24_S5.md,partial; no research credit; External retrieval starts; separate from source-reading credit
F03,F03-A1,2026-09-24-S5,L,R,2026-09-24T16:11:00.076103+00:00,2026-09-24T16:11:21.371503+00:00,21.295400143,21.295400143,0,0,0E-9,1920,v2/work_logs/F03_2026-09-24_S5.md,partial; measured work block
F03,F03-A1,2026-09-24-S5,O,,2026-09-24T16:11:21.371503+00:00,2026-09-24T16:12:21.969559+00:00,60.598056937,,0,,60.598056937,,v2/work_logs/F03_2026-09-24_S5.md,partial; no research credit; Retrieve missing mathematical renderings and theorem locators
F03,F03-A1,2026-09-24-S5,L,R,2026-09-24T16:12:21.969559+00:00,2026-09-24T16:12:45.820636+00:00,23.851074457,23.851074457,0,0,0E-9,,v2/work_logs/F03_2026-09-24_S5.md,partial; measured work block
F03,F03-A1,2026-09-24-S5,O,,2026-09-24T16:12:45.820636+00:00,2026-09-24T16:13:20.385804+00:00,34.56517077,,0,,34.56517077,,v2/work_logs/F03_2026-09-24_S5.md,partial; no research credit; Locate conjugacy and exact rule statements in the already selected primary sources
F03,F03-A1,2026-09-24-S5,L,X,2026-09-24T16:13:20.385804+00:00,2026-09-24T16:14:14.597600+00:00,54.211795766,54.211795766,0,0,0E-9,,v2/work_logs/F03_2026-09-24_S5.md,partial; measured work block
F03,F03-A1,2026-09-24-S5,L,R,2026-09-24T16:14:14.597600+00:00,2026-09-24T16:14:40.646099+00:00,26.048496202,26.048496202,0,0,0E-9,,v2/work_logs/F03_2026-09-24_S5.md,partial; measured work block
F03,F03-A1,2026-09-24-S5,O,,2026-09-24T16:14:40.646099+00:00,2026-09-24T16:15:37.873368+00:00,57.227269939,,0,,57.227269939,,v2/work_logs/F03_2026-09-24_S5.md,partial; no research credit; Retrieve proof details and retry diagrams at identified source pages
F03,F03-A1,2026-09-24-S5,L,R,2026-09-24T16:15:37.873368+00:00,2026-09-24T16:18:11.233443+00:00,153.360075391,,0,,153.360075391,,v2/work_logs/F03_2026-09-24_S5.md,"partial; no research credit; Mixed source retrieval, a developing countermodel, and context compaction; no L credit."
F03,F03-A1,2026-09-24-S5,O,,2026-09-24T16:18:11.233443+00:00,2026-09-24T16:18:42.260820+00:00,31.027377508,,0,,31.027377508,,v2/work_logs/F03_2026-09-24_S5.md,partial; no research credit; Resume after context compaction; preceding source block included retrieval and derivation and is excluded from L credit
F03,F03-A1,2026-09-24-S5,L,R,2026-09-24T16:18:42.260820+00:00,2026-09-24T16:19:31.837704+00:00,49.576967194,,0,,49.576967194,,v2/work_logs/F03_2026-09-24_S5.md,partial; no research credit; Mixed source-record inspection and package-helper reading; no L credit.
F03,F03-A1,2026-09-24-S5,D,X,2026-09-24T16:19:31.837704+00:00,2026-09-24T16:22:05.646801+00:00,153.809012847,153.809012847,0,0,0E-9,360,v2/work_logs/F03_2026-09-24_S5.md,partial; measured work block
F03,F03-A1,2026-09-24-S5,D,R,2026-09-24T16:22:05.646801+00:00,2026-09-24T16:22:59.379717+00:00,53.732915893,53.732915893,0,0,0E-9,,v2/work_logs/F03_2026-09-24_S5.md,partial; measured work block
F03,F03-A1,2026-09-24-S5,O,,2026-09-24T16:22:59.379717+00:00,2026-09-24T16:24:32.941356+00:00,93.56163998,,0,,93.56163998,,v2/work_logs/F03_2026-09-24_S5.md,partial; no research credit; Close derivation block; retrieve source definition details and verify the newly identified objection against all stated conditions before implementing tests
F03,F03-A1,2026-09-24-S5,E,R,2026-09-24T16:24:32.941356+00:00,2026-09-24T16:26:45.465135+00:00,132.523778554,132.523778554,0,0,0E-9,300,v2/work_logs/F03_2026-09-24_S5.md,partial; measured work block
F03,F03-A1,2026-09-24-S5,O,,2026-09-24T16:26:45.465135+00:00,2026-09-24T16:30:45.965011+00:00,240.499874977,,2.207423184,,238.292451793,,v2/work_logs/F03_2026-09-24_S5.md,partial; no research credit; Close code block before source-record edits and actual test subprocesses; do not credit these windows as literature
F03,F03-A1,2026-09-24-S5,O,,2026-09-24T16:30:45.965011+00:00,2026-09-24T16:31:45.073773+00:00,59.108762361,,0,,59.108762361,,v2/work_logs/F03_2026-09-24_S5.md,partial; no research credit; Retrieve the already flagged S02 substitution paragraph for one targeted visual source check; no new bibliography expansion
F03,F03-A1,2026-09-24-S5,L,R,2026-09-24T16:31:45.073773+00:00,2026-09-24T16:33:05.962403+00:00,80.88862861,,0,,80.88862861,,v2/work_logs/F03_2026-09-24_S5.md,partial; no research credit; Mixed S02 follow-up reading and handoff/record planning; no L credit.
F03,F03-A1,2026-09-24-S6,O,,2026-09-24T20:20:22.097394+00:00,2026-09-24T20:21:27.990906+00:00,65.893509651,,0,,65.893509651,600,v2/work_logs/F03_2026-09-24_S6.md,partial; mixed/retrieval/administration uncredited
F03,F03-A1,2026-09-24-S6,L,R,2026-09-24T20:21:27.990906+00:00,2026-09-24T20:21:55.877522+00:00,27.886618213,27.886618213,0,0,0,1740,v2/work_logs/F03_2026-09-24_S6.md,partial; measured work block
F03,F03-A1,2026-09-24-S6,O,,2026-09-24T20:21:55.877522+00:00,2026-09-24T20:22:54.186397+00:00,58.308873471,,0,,58.308873471,,v2/work_logs/F03_2026-09-24_S6.md,partial; mixed/retrieval/administration uncredited
F03,F03-A1,2026-09-24-S6,L,R,2026-09-24T20:22:54.186397+00:00,2026-09-24T20:24:42.851625+00:00,108.665227161,108.665227161,0,0,0,,v2/work_logs/F03_2026-09-24_S6.md,partial; measured work block
F03,F03-A1,2026-09-24-S6,O,,2026-09-24T20:24:42.851625+00:00,2026-09-24T20:25:25.147075+00:00,42.295450845,,0,,42.295450845,,v2/work_logs/F03_2026-09-24_S6.md,partial; mixed/retrieval/administration uncredited
F03,F03-A1,2026-09-24-S6,L,X,2026-09-24T20:25:25.147075+00:00,2026-09-24T20:26:47.801447+00:00,82.654372098,82.654372098,0,0,0,,v2/work_logs/F03_2026-09-24_S6.md,partial; measured work block
F03,F03-A1,2026-09-24-S6,O,,2026-09-24T20:26:47.801447+00:00,2026-09-24T20:28:26.867833+00:00,99.066386099,,0,,99.066386099,,v2/work_logs/F03_2026-09-24_S6.md,partial; mixed/retrieval/administration uncredited
F03,F03-A1,2026-09-24-S6,O,,2026-09-24T20:28:26.867833+00:00,2026-09-24T20:29:20.486577+00:00,53.618742929,,0,,53.618742929,,v2/work_logs/F03_2026-09-24_S6.md,partial; mixed/retrieval/administration uncredited
F03,F03-A1,2026-09-24-S6,L,R,2026-09-24T20:29:20.486577+00:00,2026-09-24T20:29:54.994636+00:00,34.508060575,34.508060575,0,0,0,,v2/work_logs/F03_2026-09-24_S6.md,partial; measured work block
F03,F03-A1,2026-09-24-S6,O,,2026-09-24T20:29:54.994636+00:00,2026-09-24T20:30:53.916536+00:00,58.921899223,,0,,58.921899223,,v2/work_logs/F03_2026-09-24_S6.md,partial; mixed/retrieval/administration uncredited
F03,F03-A1,2026-09-24-S6,L,R,2026-09-24T20:30:53.916536+00:00,2026-09-24T20:31:53.966288+00:00,60.049751046,60.049751046,0,0,0,,v2/work_logs/F03_2026-09-24_S6.md,partial; measured work block
F03,F03-A1,2026-09-24-S6,O,,2026-09-24T20:31:53.966288+00:00,2026-09-24T20:33:47.659537+00:00,113.693249824,,0,,113.693249824,,v2/work_logs/F03_2026-09-24_S6.md,partial; mixed/retrieval/administration uncredited
F03,F03-A1,2026-09-24-S6,O,,2026-09-24T20:33:47.659537+00:00,2026-09-24T20:35:06.377207+00:00,78.717670115,,0,,78.717670115,,v2/work_logs/F03_2026-09-24_S6.md,partial; mixed/retrieval/administration uncredited
F03,F03-A1,2026-09-24-S6,D,X,2026-09-24T20:35:06.377207+00:00,2026-09-24T20:37:02.069009+00:00,115.691800585,115.691800585,0,0,0,240,v2/work_logs/F03_2026-09-24_S6.md,partial; measured work block
F03,F03-A1,2026-09-24-S6,O,,2026-09-24T20:37:02.069009+00:00,2026-09-24T20:38:57.927038+00:00,115.858030096,,0,,115.858030096,,v2/work_logs/F03_2026-09-24_S6.md,partial; mixed/retrieval/administration uncredited
F03,F03-A1,2026-09-24-S6,O,,2026-09-24T20:38:57.927038+00:00,2026-09-24T20:42:30.544092+00:00,212.61705285,,0,,212.61705285,,v2/work_logs/F03_2026-09-24_S6.md,partial; mixed/retrieval/administration uncredited
F03,F03-A1,2026-09-24-S6,O,,2026-09-24T20:42:30.544092+00:00,2026-09-24T20:42:57.895638+00:00,27.351547089,,0,,27.351547089,,v2/work_logs/F03_2026-09-24_S6.md,partial; mixed/retrieval/administration uncredited
F03,F03-A1,2026-09-24-S6,L,R,2026-09-24T20:42:57.895638+00:00,2026-09-24T20:43:21.079041+00:00,23.183404395,23.183404395,0,0,0,,v2/work_logs/F03_2026-09-24_S6.md,partial; measured work block
F03,F03-A1,2026-09-24-S6,E,R,2026-09-24T20:43:21.079041+00:00,2026-09-24T20:45:32.878543+00:00,131.799501357,129.305056064,2.494445293,0,0,180,v2/work_logs/F03_2026-09-24_S6.md,partial; measured work block
F03,F03-A1,2026-09-24-S7,O,,2026-09-24T23:59:01.179232+00:00,2026-09-24T23:59:45.752563+00:00,44.573347046,,0,,44.573347046,600,v2/work_logs/F03_2026-09-24_S7.md,partial; overhead/retrieval; no research credit
F03,F03-A1,2026-09-24-S7,L,R,2026-09-24T23:59:45.752563+00:00,2026-09-25T00:00:33.933159+00:00,48.180593372,48.180593372,0,,0,1500,v2/work_logs/F03_2026-09-24_S7.md,partial; measured source/certificate work
F03,F03-A1,2026-09-24-S7,O,,2026-09-25T00:00:33.933159+00:00,2026-09-25T00:01:58.675704+00:00,84.742544777,,0,,84.742544777,,v2/work_logs/F03_2026-09-24_S7.md,partial; overhead/retrieval; no research credit
F03,F03-A1,2026-09-24-S7,L,R,2026-09-25T00:01:58.675704+00:00,2026-09-25T00:03:08.178378+00:00,69.502675474,69.502675474,0,,0,,v2/work_logs/F03_2026-09-24_S7.md,partial; measured source/certificate work
F03,F03-A1,2026-09-24-S7,O,,2026-09-25T00:03:08.178378+00:00,2026-09-25T00:07:13.258645+00:00,245.08026747,,0,,245.08026747,,v2/work_logs/F03_2026-09-24_S7.md,partial; overhead/retrieval; no research credit
F03,F03-A1,2026-09-24-S7,L,R,2026-09-25T00:07:13.258645+00:00,2026-09-25T00:07:52.250796+00:00,38.9921505,38.9921505,0,,0,,v2/work_logs/F03_2026-09-24_S7.md,partial; measured source/certificate work
F03,F03-A1,2026-09-24-S7,O,,2026-09-25T00:07:52.250796+00:00,2026-09-25T00:08:13.454682+00:00,21.203886738,,0,,21.203886738,,v2/work_logs/F03_2026-09-24_S7.md,partial; overhead/retrieval; no research credit
F03,F03-A1,2026-09-24-S7,E,R,2026-09-25T00:08:13.454682+00:00,2026-09-25T00:09:20.769414+00:00,67.314731553,67.314731553,0,,0,180,v2/work_logs/F03_2026-09-24_S7.md,partial; measured source/certificate work
F03,F03-A1,2026-09-24-S7,O,,2026-09-25T00:09:20.769414+00:00,2026-09-25T00:10:19.597989+00:00,58.828575429,,4.445213887,,54.383361542,,v2/work_logs/F03_2026-09-24_S7.md,partial; overhead/retrieval; no research credit
F03,F03-A1,2026-09-24-S7,L,X,2026-09-25T00:10:19.597989+00:00,2026-09-25T00:10:51.246234+00:00,31.64824286,31.64824286,0,,0,,v2/work_logs/F03_2026-09-24_S7.md,partial; measured source/certificate work
F03,F03-A1,2026-09-24-S8,O,,2026-09-25T01:01:35.054081+00:00,2026-09-25T01:02:04.844961+00:00,29.790879154,,,,29.790879154,600,v2/work_logs/F03_2026-09-24_S8.md,"partial; Unattributed retrieval, compaction or administration."
F03,F03-A1,2026-09-24-S8,L,R,2026-09-25T01:02:04.844961+00:00,2026-09-25T01:02:22.407034+00:00,17.562074257,17.562074257,,,0.000000000,1320,v2/work_logs/F03_2026-09-24_S8.md,partial; observed research block
F03,F03-A1,2026-09-24-S8,O,,2026-09-25T01:02:22.407034+00:00,2026-09-25T01:03:19.021281+00:00,56.614246809,,,,56.614246809,,v2/work_logs/F03_2026-09-24_S8.md,"partial; Unattributed retrieval, compaction or administration."
F03,F03-A1,2026-09-24-S8,L,R,2026-09-25T01:03:19.021281+00:00,2026-09-25T01:04:15.165518+00:00,56.144240398,56.144240398,,,0.000000000,,v2/work_logs/F03_2026-09-24_S8.md,partial; observed research block
F03,F03-A1,2026-09-24-S8,L,R,2026-09-25T01:04:15.165518+00:00,2026-09-25T01:04:38.481268+00:00,23.315744029,23.315744029,,,0.000000000,,v2/work_logs/F03_2026-09-24_S8.md,partial; observed research block
F03,F03-A1,2026-09-24-S8,O,,2026-09-25T01:04:38.481268+00:00,2026-09-25T01:04:52.137825+00:00,13.656556497,,,,13.656556497,,v2/work_logs/F03_2026-09-24_S8.md,"partial; Unattributed retrieval, compaction or administration."
F03,F03-A1,2026-09-24-S8,L,R,2026-09-25T01:04:52.137825+00:00,2026-09-25T01:05:39.724143+00:00,47.586318655,47.586318655,,,0.000000000,,v2/work_logs/F03_2026-09-24_S8.md,partial; observed research block
F03,F03-A1,2026-09-24-S8,L,X,2026-09-25T01:05:39.724143+00:00,2026-09-25T01:06:36.683175+00:00,56.959031776,56.959031776,,,0.000000000,,v2/work_logs/F03_2026-09-24_S8.md,partial; observed research block
F03,F03-A1,2026-09-24-S8,D,X,2026-09-25T01:06:36.683175+00:00,2026-09-25T01:07:45.118710+00:00,68.435564415,68.435564415,,,0.000000000,180,v2/work_logs/F03_2026-09-24_S8.md,partial; observed research block
F03,F03-A1,2026-09-24-S8,D,X,2026-09-25T01:07:45.118710+00:00,2026-09-25T01:08:10.564053+00:00,25.445316189,25.445316189,,,0.000000000,,v2/work_logs/F03_2026-09-24_S8.md,partial; observed research block
F03,F03-A1,2026-09-24-S8,O,,2026-09-25T01:08:10.564053+00:00,2026-09-25T01:09:15.130680+00:00,64.566645015,,,,64.566645015,,v2/work_logs/F03_2026-09-24_S8.md,"partial; Unattributed retrieval, compaction or administration."
F03,F03-A1,2026-09-24-S8,L,R,2026-09-25T01:09:15.130680+00:00,2026-09-25T01:09:55.770499+00:00,40.639798632,40.639798632,,,0.000000000,,v2/work_logs/F03_2026-09-24_S8.md,partial; observed research block
F03,F03-A1,2026-09-24-S8,O,,2026-09-25T01:09:55.770499+00:00,2026-09-25T01:12:30.021875+00:00,154.251375936,,,,154.251375936,,v2/work_logs/F03_2026-09-24_S8.md,"partial; Unattributed retrieval, compaction or administration."
F03,F03-A1,2026-09-24-S8,L,R,2026-09-25T01:12:30.021875+00:00,2026-09-25T01:13:02.488574+00:00,32.466701104,32.466701104,,,0.000000000,,v2/work_logs/F03_2026-09-24_S8.md,partial; observed research block
F03,F03-A1,2026-09-24-S8,O,,2026-09-25T01:13:02.488574+00:00,2026-09-25T01:14:26.070418+00:00,83.581842019,,,,83.581842019,,v2/work_logs/F03_2026-09-24_S8.md,"partial; Unattributed retrieval, compaction or administration."
F03,F03-A1,2026-09-24-S8,O,,2026-09-25T01:14:26.070418+00:00,2026-09-25T01:14:27.328011+00:00,1.257593479,,,,1.257593479,,v2/work_logs/F03_2026-09-24_S8.md,partial; Initial E-labelled bracket measured file emission only; generated implementation/mixed preparation was unmeasured and is not credited.
F03,F03-A1,2026-09-24-S8,O,,2026-09-25T01:14:27.328011+00:00,2026-09-25T01:15:14.915622+00:00,47.587609843,,,,47.587609843,,v2/work_logs/F03_2026-09-24_S8.md,"partial; Unattributed retrieval, compaction or administration."
F03,F03-A1,2026-09-24-S8,E,R,2026-09-25T01:15:14.915622+00:00,2026-09-25T01:15:35.621717+00:00,20.706112684,20.706112684,,,0.000000000,120,v2/work_logs/F03_2026-09-24_S8.md,partial; observed research block
F03,F03-A1,2026-09-24-S9,O,,2026-09-25T02:24:03.508953+00:00,2026-09-25T02:24:34.818567+00:00,31.309614378,,0,,31.309614378,600,v2/work_logs/F03_2026-09-24_S9.md,partial; unattributed retrieval/administration; no research credit
F03,F03-A1,2026-09-24-S9,L,R,2026-09-25T02:24:34.818567+00:00,2026-09-25T02:25:15.440974+00:00,40.622407136,40.622407136,0,0,0E-9,1080,v2/work_logs/F03_2026-09-24_S9.md,partial; observed engaged block
F03,F03-A1,2026-09-24-S9,O,,2026-09-25T02:25:15.440974+00:00,2026-09-25T02:25:58.885540+00:00,43.444567966,,0,,43.444567966,,v2/work_logs/F03_2026-09-24_S9.md,partial; unattributed retrieval/administration; no research credit
F03,F03-A1,2026-09-24-S9,L,R,2026-09-25T02:25:58.885540+00:00,2026-09-25T02:26:53.359406+00:00,54.473865646,54.473865646,0,0,0E-9,,v2/work_logs/F03_2026-09-24_S9.md,partial; observed engaged block
F03,F03-A1,2026-09-24-S9,O,,2026-09-25T02:26:53.359406+00:00,2026-09-25T02:27:21.528028+00:00,28.168626047,,0,,28.168626047,,v2/work_logs/F03_2026-09-24_S9.md,partial; Post-check source synthesis mixed with helper inspection and planning; excluded from research credit.
F03,F03-A1,2026-09-24-S9,D,X,2026-09-25T02:27:21.528028+00:00,2026-09-25T02:27:48.882763+00:00,27.354764488,27.354764488,0,0,0E-9,360,v2/work_logs/F03_2026-09-24_S9.md,partial; observed engaged block
F03,F03-A1,2026-09-24-S9,O,,2026-09-25T02:27:48.882763+00:00,2026-09-25T02:30:30.996727+00:00,162.113929141,,0,,162.113929141,,v2/work_logs/F03_2026-09-24_S9.md,partial; unattributed retrieval/administration; no research credit
F03,F03-A1,2026-09-24-S9,L,R,2026-09-25T02:30:30.996727+00:00,2026-09-25T02:31:17.593041+00:00,46.596312979,46.596312979,0,0,0E-9,,v2/work_logs/F03_2026-09-24_S9.md,partial; observed engaged block
F03,F03-A1,2026-09-24-S9,L,R,2026-09-25T02:31:17.593041+00:00,2026-09-25T02:31:31.593804+00:00,14.00076473,14.00076473,0,0,0E-8,,v2/work_logs/F03_2026-09-24_S9.md,partial; observed engaged block
F03,F03-A1,2026-09-24-S9,O,,2026-09-25T02:31:31.593804+00:00,2026-09-25T02:32:04.291261+00:00,32.697456433,,0,,32.697456433,,v2/work_logs/F03_2026-09-24_S9.md,partial; unattributed retrieval/administration; no research credit
F03,F03-A1,2026-09-24-S9,L,X,2026-09-25T02:32:04.291261+00:00,2026-09-25T02:33:20.845388+00:00,76.554126483,76.554126483,0,0,0E-9,,v2/work_logs/F03_2026-09-24_S9.md,partial; observed engaged block
F03,F03-A1,2026-09-24-S9,D,X,2026-09-25T02:33:20.845388+00:00,2026-09-25T02:34:21.332939+00:00,60.487551453,60.487551453,0,0,0E-9,,v2/work_logs/F03_2026-09-24_S9.md,"partial; Post-check theorem-target formulation is derivation/design, not external literature reading; split at observed check."
F03,F03-A1,2026-09-24-S9,D,X,2026-09-25T02:34:21.332939+00:00,2026-09-25T02:35:07.892268+00:00,46.559329624,46.559329624,0,0,0E-9,,v2/work_logs/F03_2026-09-24_S9.md,partial; observed engaged block
F03,F03-A1,2026-09-24-S9,O,,2026-09-25T02:35:07.892268+00:00,2026-09-25T02:36:57.465425+00:00,109.573157812,,0,,109.573157812,,v2/work_logs/F03_2026-09-24_S9.md,partial; unattributed retrieval/administration; no research credit
F03,F03-A1,2026-09-24-S9,L,R,2026-09-25T02:36:57.465425+00:00,2026-09-25T02:37:53.479057+00:00,56.013629713,56.013629713,0,0,0E-9,,v2/work_logs/F03_2026-09-24_S9.md,partial; observed engaged block
F03,F03-A1,2026-09-24-S9,O,,2026-09-25T02:37:53.479057+00:00,2026-09-25T02:39:22.703421+00:00,89.224366418,,0,,89.224366418,,v2/work_logs/F03_2026-09-24_S9.md,partial; unattributed retrieval/administration; no research credit
F03,F03-A1,2026-09-24-S9,E,R,2026-09-25T02:39:22.703421+00:00,2026-09-25T02:40:03.404562+00:00,40.701141108,40.701141108,0,0,0E-9,180,v2/work_logs/F03_2026-09-24_S9.md,partial; observed engaged block
F03,F03-A1,2026-09-24-S10,O,,2026-09-25T03:30:31.089680+00:00,2026-09-25T03:32:47.480243+00:00,136.390614647,,,,136.390614647,,v2/work_logs/F03_2026-09-24_S10.md,"excluded: Setup, retrieval, mixed transition or administrative interval"
F03,F03-A1,2026-09-24-S10,L,R,2026-09-25T03:32:47.480243+00:00,2026-09-25T03:33:23.670431+00:00,36.190134809,36.190134809,,,,,v2/work_logs/F03_2026-09-24_S10.md,complete; observed source/derivation/code block
F03,F03-A1,2026-09-24-S10,O,,2026-09-25T03:33:23.670431+00:00,2026-09-25T03:34:46.831200+00:00,83.160771401,,,,83.160771401,,v2/work_logs/F03_2026-09-24_S10.md,"excluded: Setup, retrieval, mixed transition or administrative interval"
F03,F03-A1,2026-09-24-S10,L,X,2026-09-25T03:34:46.831200+00:00,2026-09-25T03:35:36.991478+00:00,50.160293727,50.160293727,,,,,v2/work_logs/F03_2026-09-24_S10.md,complete; observed source/derivation/code block
F03,F03-A1,2026-09-24-S10,O,,2026-09-25T03:35:36.991478+00:00,2026-09-25T03:38:44.698683+00:00,187.707187835,,,,187.707187835,,v2/work_logs/F03_2026-09-24_S10.md,"excluded: Setup, retrieval, mixed transition or administrative interval"
F03,F03-A1,2026-09-24-S10,L,R,2026-09-25T03:38:44.698683+00:00,2026-09-25T03:39:10.707335+00:00,26.008652515,26.008652515,,,,,v2/work_logs/F03_2026-09-24_S10.md,complete; observed source/derivation/code block
F03,F03-A1,2026-09-24-S10,O,,2026-09-25T03:39:10.707335+00:00,2026-09-25T03:39:47.308155+00:00,36.600817138,,,,36.600817138,,v2/work_logs/F03_2026-09-24_S10.md,"excluded: Setup, retrieval, mixed transition or administrative interval"
F03,F03-A1,2026-09-24-S10,L,R,2026-09-25T03:39:47.308155+00:00,2026-09-25T03:40:37.690756+00:00,50.382607269,50.382607269,,,,,v2/work_logs/F03_2026-09-24_S10.md,complete; observed source/derivation/code block
F03,F03-A1,2026-09-24-S10,O,,2026-09-25T03:40:37.690756+00:00,2026-09-25T03:41:15.894040+00:00,38.203280384,,,,38.203280384,,v2/work_logs/F03_2026-09-24_S10.md,"excluded: Setup, retrieval, mixed transition or administrative interval"
F03,F03-A1,2026-09-24-S10,L,X,2026-09-25T03:41:15.894040+00:00,2026-09-25T03:42:18.998540+00:00,63.104523395,63.104523395,,,,,v2/work_logs/F03_2026-09-24_S10.md,complete; observed source/derivation/code block
F03,F03-A1,2026-09-24-S10,O,,2026-09-25T03:42:18.998540+00:00,2026-09-25T03:43:37.172871+00:00,78.17430645,,,,78.17430645,,v2/work_logs/F03_2026-09-24_S10.md,"excluded: Setup, retrieval, mixed transition or administrative interval"
F03,F03-A1,2026-09-24-S10,L,R,2026-09-25T03:43:37.172871+00:00,2026-09-25T03:45:32.708242+00:00,115.535369616,115.535369616,,,,,v2/work_logs/F03_2026-09-24_S10.md,complete; observed source/derivation/code block
F03,F03-A1,2026-09-24-S10,O,,2026-09-25T03:45:32.708242+00:00,2026-09-25T03:48:45.742600+00:00,193.034361595,,,,193.034361595,,v2/work_logs/F03_2026-09-24_S10.md,"excluded: Setup, retrieval, mixed transition or administrative interval"
F03,F03-A1,2026-09-24-S10,L,R,2026-09-25T03:48:45.742600+00:00,,,,,,,,v2/work_logs/F03_2026-09-24_S10.md,excluded: Unclosed when interrupted. No cross-runtime duration or credit assigned.
F03,F03-A1,2026-09-24-S10,O,,2026-09-25T03:49:21.734796+00:00,2026-09-25T03:51:25.896097+00:00,124.161300142,,,,124.161300142,,v2/work_logs/F03_2026-09-24_S10.md,"excluded: Setup, retrieval, mixed transition or administrative interval"
F03,F03-A1,2026-09-24-S10,L,R,2026-09-25T03:51:25.896097+00:00,2026-09-25T03:52:31.117474+00:00,65.22139706,65.22139706,,,,,v2/work_logs/F03_2026-09-24_S10.md,complete; observed source/derivation/code block
F03,F03-A1,2026-09-24-S10,O,,2026-09-25T03:52:31.117474+00:00,2026-09-25T03:53:18.526210+00:00,47.408716588,,,,47.408716588,,v2/work_logs/F03_2026-09-24_S10.md,"excluded: Setup, retrieval, mixed transition or administrative interval"
F03,F03-A1,2026-09-24-S10,L,X,2026-09-25T03:53:18.526210+00:00,2026-09-25T03:54:16.586632+00:00,58.060421038,58.060421038,,,,,v2/work_logs/F03_2026-09-24_S10.md,complete; observed source/derivation/code block
F03,F03-A1,2026-09-24-S10,O,,2026-09-25T03:54:16.586632+00:00,2026-09-25T03:54:48.163444+00:00,31.576814264,,,,31.576814264,,v2/work_logs/F03_2026-09-24_S10.md,"excluded: Setup, retrieval, mixed transition or administrative interval"
F03,F03-A1,2026-09-24-S10,L,R,2026-09-25T03:54:48.163444+00:00,2026-09-25T03:55:53.764693+00:00,65.601256663,65.601256663,,,,,v2/work_logs/F03_2026-09-24_S10.md,complete; observed source/derivation/code block
F03,F03-A1,2026-09-24-S10,O,,2026-09-25T03:55:53.764693+00:00,2026-09-25T03:58:57.664098+00:00,183.899403103,,,,183.899403103,,v2/work_logs/F03_2026-09-24_S10.md,"excluded: Setup, retrieval, mixed transition or administrative interval"
F03,F03-A1,2026-09-24-S10,O,,2026-09-25T03:58:57.664098+00:00,2026-09-25T03:59:10.091202+00:00,12.427258026,,,,12.427258026,,v2/work_logs/F03_2026-09-24_S10.md,excluded: Retrieval/rendering inside an initially L-labelled interval; excluded at the next observed boundary.
F03,F03-A1,2026-09-24-S10,L,R,2026-09-25T03:59:10.091202+00:00,2026-09-25T03:59:29.349647+00:00,19.258283125,19.258283125,,,,,v2/work_logs/F03_2026-09-24_S10.md,complete; observed source/derivation/code block
F03,F03-A1,2026-09-24-S10,O,,2026-09-25T03:59:29.349647+00:00,2026-09-25T03:59:52.916953+00:00,23.5673046,,,,23.5673046,,v2/work_logs/F03_2026-09-24_S10.md,"excluded: Setup, retrieval, mixed transition or administrative interval"
F03,F03-A1,2026-09-24-S10,D,X,2026-09-25T03:59:52.916953+00:00,2026-09-25T04:00:34.022848+00:00,41.105896782,41.105896782,,,,,v2/work_logs/F03_2026-09-24_S10.md,complete; observed source/derivation/code block
F03,F03-A1,2026-09-24-S10,O,,2026-09-25T04:00:34.022848+00:00,2026-09-25T04:00:52.905799+00:00,18.882950194,,,,18.882950194,,v2/work_logs/F03_2026-09-24_S10.md,"excluded: Setup, retrieval, mixed transition or administrative interval"
F03,F03-A1,2026-09-24-S10,E,R,2026-09-25T04:00:52.905799+00:00,2026-09-25T04:01:32.556850+00:00,39.651168399,39.651168399,,,,,v2/work_logs/F03_2026-09-24_S10.md,complete; observed source/derivation/code block
F04,F04-A1,2026-09-25-S1,O,,2026-09-26T05:17:14.581363+00:00,2026-09-26T05:18:29.849491+00:00,75.268125474,,,,75.268125474,,v2/work_logs/F04_2026-09-25_S1.md,partial; unattributed O; no research credit
F04,F04-A1,2026-09-25-S1,O,,2026-09-26T05:18:29.849491+00:00,2026-09-26T05:19:51.600100+00:00,81.750611168,,,,81.750611168,,v2/work_logs/F04_2026-09-25_S1.md,partial; unattributed O; no research credit
F04,F04-A1,2026-09-25-S1,L,R,2026-09-26T05:19:51.600100+00:00,2026-09-26T05:19:59.833610+00:00,8.233509348,8.233509348,,,,,v2/work_logs/F04_2026-09-25_S1.md,partial; measured work block
F04,F04-A1,2026-09-25-S1,O,,2026-09-26T05:19:59.833610+00:00,2026-09-26T05:20:32.552536+00:00,32.718926069,,,,32.718926069,,v2/work_logs/F04_2026-09-25_S1.md,partial; unattributed O; no research credit
F04,F04-A1,2026-09-25-S1,L,R,2026-09-26T05:20:32.552536+00:00,2026-09-26T05:21:30.969279+00:00,58.416740939,,,,58.416740939,,v2/work_logs/F04_2026-09-25_S1.md,partial; excluded mixed block
F04,F04-A1,2026-09-25-S1,D,X,2026-09-26T05:21:30.969279+00:00,2026-09-26T05:22:42.896822+00:00,71.927543840,71.927543840,,,,,v2/work_logs/F04_2026-09-25_S1.md,partial; measured work block
F04,F04-A1,2026-09-25-S1,D,X,2026-09-26T05:22:42.896822+00:00,2026-09-26T05:24:04.967607+00:00,82.070784763,82.070784763,,,,,v2/work_logs/F04_2026-09-25_S1.md,partial; measured work block
F04,F04-A1,2026-09-25-S1,D,R,2026-09-26T05:24:04.967607+00:00,2026-09-26T05:25:03.183036+00:00,58.215431003,58.215431003,,,,,v2/work_logs/F04_2026-09-25_S1.md,partial; measured work block
F04,F04-A1,2026-09-25-S1,O,,2026-09-26T05:25:03.183036+00:00,2026-09-26T05:25:51.153761+00:00,47.970722557,,,,47.970722557,,v2/work_logs/F04_2026-09-25_S1.md,partial; unattributed O; no research credit
F04,F04-A1,2026-09-25-S1,E,R,2026-09-26T05:25:51.153761+00:00,2026-09-26T05:26:56.952235+00:00,65.798475162,65.798475162,,,,,v2/work_logs/F04_2026-09-25_S1.md,partial; measured work block
F04,F04-A1,2026-09-25-S1,O,,2026-09-26T05:26:56.952235+00:00,2026-09-26T05:29:38.570076+00:00,161.617840734,,,,161.617840734,,v2/work_logs/F04_2026-09-25_S1.md,partial; unattributed O; no research credit
F04,F04-A1,2026-09-25-S1,D,R,2026-09-26T05:29:38.570076+00:00,2026-09-26T05:30:10.316240+00:00,31.746165481,31.746165481,,,,,v2/work_logs/F04_2026-09-25_S1.md,partial; measured work block
F04,F04-A1,2026-09-25-S1,O,,2026-09-26T05:30:10.316240+00:00,2026-09-26T05:30:21.623801+00:00,11.307558803,,,,11.307558803,,v2/work_logs/F04_2026-09-25_S1.md,partial; unattributed O; no research credit
F04,F04-A1,2026-09-25-S1,E,R,2026-09-26T05:30:21.623801+00:00,2026-09-26T05:30:31.321537+00:00,9.697737775,9.697737775,,,,,v2/work_logs/F04_2026-09-25_S1.md,partial; measured work block
F04,F04-A1,2026-09-26-S2,O,,2026-09-26T16:44:09.926901+00:00,2026-09-26T16:45:12.138475+00:00,62.211587291,,,,62.211587291,,v2/work_logs/F04_2026-09-26_S2.md,partial; excluded/unattributed; see amendments
F04,F04-A1,2026-09-26-S2,D,X,2026-09-26T16:45:12.138475+00:00,2026-09-26T16:47:27.817243+00:00,135.678767648,135.678767648,,,,,v2/work_logs/F04_2026-09-26_S2.md,partial; observed research block
F04,F04-A1,2026-09-26-S2,O,,2026-09-26T16:47:27.817243+00:00,2026-09-26T16:48:10.291415+00:00,42.474172042,,,,42.474172042,,v2/work_logs/F04_2026-09-26_S2.md,partial; excluded/unattributed; see amendments
F04,F04-A1,2026-09-26-S2,O,,2026-09-26T16:48:10.291415+00:00,2026-09-26T16:49:20.303765+00:00,70.012348494,,,,70.012348494,,v2/work_logs/F04_2026-09-26_S2.md,partial; excluded/unattributed; see amendments
F04,F04-A1,2026-09-26-S2,E,R,2026-09-26T16:49:20.303765+00:00,2026-09-26T16:50:58.801189+00:00,98.497424093,98.497424093,,,,,v2/work_logs/F04_2026-09-26_S2.md,partial; observed research block
F04,F04-A1,2026-09-26-S2,O,,2026-09-26T16:50:58.801189+00:00,2026-09-26T16:52:41.799654+00:00,102.998464385,,,,102.998464385,,v2/work_logs/F04_2026-09-26_S2.md,partial; excluded/unattributed; see amendments
F04,F04-A1,2026-09-26-S2,D,R,2026-09-26T16:52:41.799654+00:00,2026-09-26T16:53:24.916725+00:00,43.117071654,43.117071654,,,,,v2/work_logs/F04_2026-09-26_S2.md,partial; observed research block
F04,F04-A1,2026-09-26-S2,E,R,2026-09-26T16:53:24.916725+00:00,2026-09-26T16:53:58.511104+00:00,33.594380164,33.594380164,,,,,v2/work_logs/F04_2026-09-26_S2.md,partial; observed research block
F04,F04-A1,2026-09-26-S2,O,,2026-09-26T16:53:58.511104+00:00,2026-09-26T16:54:45.626567+00:00,47.115464504,,,,47.115464504,,v2/work_logs/F04_2026-09-26_S2.md,partial; excluded/unattributed; see amendments
F04,F04-A1,2026-09-26-S2,O,,2026-09-26T16:54:45.626567+00:00,2026-09-26T16:56:55.601927+00:00,129.975359379,,,,129.975359379,,v2/work_logs/F04_2026-09-26_S2.md,partial; excluded/unattributed; see amendments
F04,F04-A1,2026-09-26-S2,O,,2026-09-26T16:56:55.601927+00:00,2026-09-26T16:57:26.676510+00:00,31.074581528,,,,31.074581528,,v2/work_logs/F04_2026-09-26_S2.md,partial; excluded/unattributed; see amendments
F04,F04-A1,2026-09-26-S2,D,R,2026-09-26T16:57:26.676510+00:00,2026-09-26T16:57:59.451247+00:00,32.774740098,32.774740098,,,,,v2/work_logs/F04_2026-09-26_S2.md,partial; observed research block
F04,F04-A1,2026-09-26-S3,O,,2026-09-26T17:17:22.686209+00:00,2026-09-26T17:18:24.387499+00:00,61.701301615,,0.000000000,,61.701301615,600,v2/work_logs/F04_2026-09-26_S3.md,partial; no D credit
F04,F04-A1,2026-09-26-S3,D,R,2026-09-26T17:18:24.387499+00:00,2026-09-26T17:20:57.919627+00:00,153.532127655,153.532127655,0.000000000,,0.000000000,720,v2/work_logs/F04_2026-09-26_S3.md,partial; D is measured derivation
F04,F04-A1,2026-09-26-S3,D,X,2026-09-26T17:20:57.919627+00:00,2026-09-26T17:22:55.526315+00:00,117.606688295,117.606688295,0.000000000,,0.000000000,720,v2/work_logs/F04_2026-09-26_S3.md,partial; D is measured derivation
F04,F04-A1,2026-09-26-S3,D,X,2026-09-26T17:22:55.526315+00:00,2026-09-26T17:24:52.497822+00:00,116.971505940,116.971505940,0.000000000,,0.000000000,720,v2/work_logs/F04_2026-09-26_S3.md,partial; D is measured derivation
F04,F04-A1,2026-09-26-S3,D,R,2026-09-26T17:24:52.497822+00:00,2026-09-26T17:26:52.698703+00:00,120.200881232,120.200881232,0.000000000,,0.000000000,720,v2/work_logs/F04_2026-09-26_S3.md,partial; D is measured derivation
F04,F04-A1,2026-09-26-S3,D,R,2026-09-26T17:26:52.698703+00:00,2026-09-26T17:27:55.919577+00:00,63.220875592,63.220875592,0.000000000,,0.000000000,720,v2/work_logs/F04_2026-09-26_S3.md,partial; D is measured derivation
F04,F04-A1,2026-09-26-S3,O,,2026-09-26T17:27:55.919577+00:00,2026-09-26T17:28:26.536061+00:00,30.616483487,,0.000000000,,30.616483487,600,v2/work_logs/F04_2026-09-26_S3.md,partial; no D credit
F04,F04-A1,2026-09-26-S3,D,R,2026-09-26T17:28:26.536061+00:00,2026-09-26T17:29:05.002671+00:00,38.466608765,38.466608765,0.000000000,,0.000000000,720,v2/work_logs/F04_2026-09-26_S3.md,partial; D is measured derivation
F04,F04-A1,2026-09-26-S3,O,,2026-09-26T17:29:05.002671+00:00,2026-09-26T17:30:54.710705+00:00,109.708034214,,0.000000000,,109.708034214,600,v2/work_logs/F04_2026-09-26_S3.md,partial; no D credit
F04,F04-A1,2026-09-26-S3,E,R,2026-09-26T17:30:54.710705+00:00,2026-09-26T17:32:34.391469+00:00,99.680764914,99.680764914,0.000000000,,0.000000000,360,v2/work_logs/F04_2026-09-26_S3.md,partial; no D credit
F04,F04-A1,2026-09-26-S3,O,,2026-09-26T17:32:34.391469+00:00,2026-09-26T17:33:38.097483+00:00,63.706014398,,4.887090209,,58.818924189,600,v2/work_logs/F04_2026-09-26_S3.md,partial; no D credit
F04,F04-A1,2026-09-26-S4,O,,2026-09-26T17:57:35.622940+00:00,2026-09-26T17:58:34.245993+00:00,58.623051577,,,,58.623051577,,v2/work_logs/F04_2026-09-26_S4.md,partial; O split unattributed; exact known final tests separately recorded
F04,F04-A1,2026-09-26-S4,O,,2026-09-26T17:58:34.245993+00:00,2026-09-26T17:58:36.201698+00:00,1.9557058,,,,1.9557058,,v2/work_logs/F04_2026-09-26_S4.md,partial; O split unattributed; exact known final tests separately recorded
F04,F04-A1,2026-09-26-S4,D,R,2026-09-26T17:58:36.201698+00:00,2026-09-26T17:59:46.741943+00:00,70.540245248,70.540245248,,,,,v2/work_logs/F04_2026-09-26_S4.md,partial; observed D/E work block
F04,F04-A1,2026-09-26-S4,D,R,2026-09-26T17:59:46.741943+00:00,2026-09-26T18:00:51.849455+00:00,65.107510885,65.107510885,,,,,v2/work_logs/F04_2026-09-26_S4.md,partial; observed D/E work block
F04,F04-A1,2026-09-26-S4,D,X,2026-09-26T18:00:51.849455+00:00,2026-09-26T18:02:46.028842+00:00,114.179388346,114.179388346,,,,,v2/work_logs/F04_2026-09-26_S4.md,partial; observed D/E work block
F04,F04-A1,2026-09-26-S4,D,X,2026-09-26T18:02:46.028842+00:00,2026-09-26T18:04:22.734052+00:00,96.705209147,96.705209147,,,,,v2/work_logs/F04_2026-09-26_S4.md,partial; observed D/E work block
F04,F04-A1,2026-09-26-S4,D,X,2026-09-26T18:04:22.734052+00:00,2026-09-26T18:05:24.486186+00:00,61.752135186,61.752135186,,,,,v2/work_logs/F04_2026-09-26_S4.md,partial; observed D/E work block
F04,F04-A1,2026-09-26-S4,D,R,2026-09-26T18:05:24.486186+00:00,2026-09-26T18:07:03.992808+00:00,99.506622405,99.506622405,,,,,v2/work_logs/F04_2026-09-26_S4.md,partial; observed D/E work block
F04,F04-A1,2026-09-26-S4,D,R,2026-09-26T18:07:03.992808+00:00,2026-09-26T18:08:52.194803+00:00,108.202045065,108.202045065,,,,,v2/work_logs/F04_2026-09-26_S4.md,partial; observed D/E work block
F04,F04-A1,2026-09-26-S4,D,X,2026-09-26T18:08:52.194803+00:00,2026-09-26T18:10:06.334217+00:00,74.139362327,74.139362327,,,,,v2/work_logs/F04_2026-09-26_S4.md,partial; observed D/E work block
F04,F04-A1,2026-09-26-S4,D,R,2026-09-26T18:10:06.334217+00:00,2026-09-26T18:11:13.986084+00:00,67.651866815,67.651866815,,,,,v2/work_logs/F04_2026-09-26_S4.md,partial; observed D/E work block
F04,F04-A1,2026-09-26-S4,D,R,2026-09-26T18:11:13.986084+00:00,2026-09-26T18:12:19.007150+00:00,65.021065712,65.021065712,,,,,v2/work_logs/F04_2026-09-26_S4.md,partial; observed D/E work block
F04,F04-A1,2026-09-26-S4,D,R,2026-09-26T18:12:19.007150+00:00,2026-09-26T18:12:57.344588+00:00,38.33743819,38.33743819,,,,,v2/work_logs/F04_2026-09-26_S4.md,partial; observed D/E work block
F04,F04-A1,2026-09-26-S4,D,R,2026-09-26T18:12:57.344588+00:00,2026-09-26T18:13:19.974304+00:00,22.629716726,22.629716726,,,,,v2/work_logs/F04_2026-09-26_S4.md,partial; observed D/E work block
F04,F04-A1,2026-09-26-S4,D,R,2026-09-26T18:13:19.974304+00:00,2026-09-26T18:13:36.865156+00:00,16.890928208,16.890928208,,,,,v2/work_logs/F04_2026-09-26_S4.md,partial; observed D/E work block
F04,F04-A1,2026-09-26-S4,E,R,2026-09-26T18:13:36.865156+00:00,2026-09-26T18:16:33.104056+00:00,176.238824608,176.238824608,,,,,v2/work_logs/F04_2026-09-26_S4.md,partial; observed D/E work block
F04,F04-A1,2026-09-26-S4,O,,2026-09-26T18:16:33.104056+00:00,2026-09-26T18:17:17.834444+00:00,44.730386107,,,,44.730386107,,v2/work_logs/F04_2026-09-26_S4.md,partial; O split unattributed; exact known final tests separately recorded
F04,F04-A1,2026-09-26-S4,D,R,2026-09-26T18:17:17.834444+00:00,2026-09-26T18:17:58.715175+00:00,40.880777205,40.880777205,,,,,v2/work_logs/F04_2026-09-26_S4.md,partial; observed D/E work block
F04,F04-A1,2026-09-26-S4,E,R,2026-09-26T18:17:58.715175+00:00,2026-09-26T18:18:00.033039+00:00,1.317819325,1.317819325,,,,,v2/work_logs/F04_2026-09-26_S4.md,partial; observed D/E work block
F04,F04-A1,2026-09-26-S4,O,,2026-09-26T18:18:00.033039+00:00,2026-09-26T18:20:25.882022+00:00,145.848983608,,,,145.848983608,,v2/work_logs/F04_2026-09-26_S4.md,partial; O split unattributed; exact known final tests separately recorded
F04,F04-A1,2026-09-26-S5,L,R,2026-09-26T18:41:37.661929+00:00,2026-09-26T18:42:00.400086+00:00,22.738160718,,,,22.738160718,,v2/work_logs/F04_2026-09-26_S5.md,partial; Source lookup/read interval includes unseparated retrieval latency; no L credit.
F04,F04-A1,2026-09-26-S5,D,R,2026-09-26T18:42:00.400086+00:00,2026-09-26T18:42:56.280610+00:00,55.880519309,55.880519309,,,,,v2/work_logs/F04_2026-09-26_S5.md,partial; Bracketed research work.
F04,F04-A1,2026-09-26-S5,D,R,2026-09-26T18:42:56.280610+00:00,2026-09-26T18:43:45.332343+00:00,49.051733178,49.051733178,,,,,v2/work_logs/F04_2026-09-26_S5.md,partial; Bracketed research work.
F04,F04-A1,2026-09-26-S5,D,X,2026-09-26T18:43:45.332343+00:00,2026-09-26T18:45:00.571107+00:00,75.238761594,75.238761594,,,,,v2/work_logs/F04_2026-09-26_S5.md,partial; Bracketed research work.
F04,F04-A1,2026-09-26-S5,D,X,2026-09-26T18:45:00.571107+00:00,2026-09-26T18:46:22.210067+00:00,81.638959572,81.638959572,,,,,v2/work_logs/F04_2026-09-26_S5.md,partial; Bracketed research work.
F04,F04-A1,2026-09-26-S5,D,X,2026-09-26T18:46:22.210067+00:00,2026-09-26T18:48:28.061065+00:00,125.850998267,125.850998267,,,,,v2/work_logs/F04_2026-09-26_S5.md,partial; Bracketed research work.
F04,F04-A1,2026-09-26-S5,D,R,2026-09-26T18:48:28.061065+00:00,2026-09-26T18:50:06.671751+00:00,98.61068577,98.61068577,,,,,v2/work_logs/F04_2026-09-26_S5.md,partial; Bracketed research work.
F04,F04-A1,2026-09-26-S5,D,R,2026-09-26T18:50:06.671751+00:00,2026-09-26T18:51:24.844875+00:00,78.173123604,78.173123604,,,,,v2/work_logs/F04_2026-09-26_S5.md,partial; Bracketed research work.
F04,F04-A1,2026-09-26-S5,D,R,2026-09-26T18:51:24.844875+00:00,2026-09-26T18:52:57.021953+00:00,92.177080368,92.177080368,,,,,v2/work_logs/F04_2026-09-26_S5.md,partial; Bracketed research work.
F04,F04-A1,2026-09-26-S5,D,R,2026-09-26T18:52:57.021953+00:00,2026-09-26T18:53:44.292468+00:00,47.270515393,,,,47.270515393,,v2/work_logs/F04_2026-09-26_S5.md,partial; Mixed mathematical review and implementation planning; no D credit.
F04,F04-A1,2026-09-26-S5,D,R,2026-09-26T18:53:44.292468+00:00,2026-09-26T18:54:45.616509+00:00,61.324042108,61.324042108,,,,,v2/work_logs/F04_2026-09-26_S5.md,partial; Bracketed research work.
F04,F04-A1,2026-09-26-S5,D,R,2026-09-26T18:54:45.616509+00:00,2026-09-26T18:56:19.560361+00:00,93.943848357,93.943848357,,,,,v2/work_logs/F04_2026-09-26_S5.md,partial; Bracketed research work.
F04,F04-A1,2026-09-26-S5,D,R,2026-09-26T18:56:19.560361+00:00,2026-09-26T18:57:10.436058+00:00,50.875696545,50.875696545,,,,,v2/work_logs/F04_2026-09-26_S5.md,partial; Bracketed research work.
F04,F04-A1,2026-09-26-S5,D,R,2026-09-26T18:57:10.436058+00:00,2026-09-26T18:57:35.882090+00:00,25.446031264,25.446031264,,,,,v2/work_logs/F04_2026-09-26_S5.md,partial; Bracketed research work.
F04,F04-A1,2026-09-26-S5,E,R,2026-09-26T18:57:35.882090+00:00,2026-09-26T18:59:18.979108+00:00,103.097019973,103.097019973,,,,,v2/work_logs/F04_2026-09-26_S5.md,partial; Bracketed research work.
F04,F04-A1,2026-09-26-S5,O,,2026-09-26T18:59:18.979108+00:00,2026-09-26T18:59:32.966190+00:00,13.987083134,,,,13.987083134,,v2/work_logs/F04_2026-09-26_S5.md,partial; Administration/waiting; engaged split not measured.
F04,F04-A1,2026-09-26-S5,D,X,2026-09-26T18:59:32.966190+00:00,2026-09-26T19:00:04.651381+00:00,31.68522282,31.68522282,,,,,v2/work_logs/F04_2026-09-26_S5.md,partial; Bracketed research work.
F04,F04-A1,2026-09-26-S5,E,R,2026-09-26T19:00:04.651381+00:00,2026-09-26T19:00:27.716756+00:00,23.065343049,23.065343049,,,,,v2/work_logs/F04_2026-09-26_S5.md,partial; Bracketed research work.
F04,F04-A1,2026-09-26-S5,O,,2026-09-26T19:00:27.716756+00:00,2026-09-26T19:02:24.859266+00:00,117.142511196,,,,117.142511196,,v2/work_logs/F04_2026-09-26_S5.md,partial; Administration/waiting; engaged split not measured.
F04,F04-A1,2026-09-26-S6,O,,2026-09-26T19:31:46.858615+00:00,2026-09-26T19:31:48.396811+00:00,1.538211917,,,,1.538211917,,v2/work_logs/F04_2026-09-26_S6.md,uncredited O/emission; see actuals
F04,F04-A1,2026-09-26-S6,D,R,2026-09-26T19:31:48.396811+00:00,2026-09-26T19:33:19.417336+00:00,91.020526088,91.020526088,,,,,v2/work_logs/F04_2026-09-26_S6.md,completed task; observed research
F04,F04-A1,2026-09-26-S6,D,R,2026-09-26T19:33:19.417336+00:00,2026-09-26T19:35:46.924481+00:00,147.507142555,147.507142555,,,,,v2/work_logs/F04_2026-09-26_S6.md,completed task; observed research
F04,F04-A1,2026-09-26-S6,D,X,2026-09-26T19:35:46.924481+00:00,2026-09-26T19:36:46.783298+00:00,59.858817503,59.858817503,,,,,v2/work_logs/F04_2026-09-26_S6.md,completed task; observed research
F04,F04-A1,2026-09-26-S6,D,X,2026-09-26T19:36:46.783298+00:00,2026-09-26T19:38:36.110393+00:00,109.327095306,109.327095306,,,,,v2/work_logs/F04_2026-09-26_S6.md,completed task; observed research
F04,F04-A1,2026-09-26-S6,D,X,2026-09-26T19:38:36.110393+00:00,2026-09-26T19:39:46.424074+00:00,70.313682651,70.313682651,,,,,v2/work_logs/F04_2026-09-26_S6.md,completed task; observed research
F04,F04-A1,2026-09-26-S6,D,R,2026-09-26T19:39:46.424074+00:00,2026-09-26T19:40:23.838787+00:00,37.414711845,37.414711845,,,,,v2/work_logs/F04_2026-09-26_S6.md,completed task; observed research
F04,F04-A1,2026-09-26-S6,E,R,2026-09-26T19:40:23.838787+00:00,2026-09-26T19:41:21.978594+00:00,58.139807040,58.139807040,,,,,v2/work_logs/F04_2026-09-26_S6.md,completed task; observed research
F04,F04-A1,2026-09-26-S6,O,,2026-09-26T19:41:21.978594+00:00,2026-09-26T19:42:05.493930+00:00,43.515336267,,,,43.515336267,,v2/work_logs/F04_2026-09-26_S6.md,uncredited O/emission; see actuals
F04,F04-A1,2026-09-26-S6,D,X,2026-09-26T19:42:05.493930+00:00,2026-09-26T19:42:48.999898+00:00,43.505965590,43.505965590,,,,,v2/work_logs/F04_2026-09-26_S6.md,completed task; observed research
F04,F04-A1,2026-09-26-S6,D,X,2026-09-26T19:42:48.999898+00:00,2026-09-26T19:43:39.218902+00:00,50.219007853,50.219007853,,,,,v2/work_logs/F04_2026-09-26_S6.md,completed task; observed research
F04,F04-A1,2026-09-26-S6,D,R,2026-09-26T19:43:39.218902+00:00,2026-09-26T19:44:15.020419+00:00,35.801513807,35.801513807,,,,,v2/work_logs/F04_2026-09-26_S6.md,completed task; observed research
F04,F04-A1,2026-09-26-S6,O,,2026-09-26T19:44:15.020419+00:00,2026-09-26T19:44:42.497329+00:00,27.476912977,,,,27.476912977,,v2/work_logs/F04_2026-09-26_S6.md,uncredited O/emission; see actuals
F04,F04-A1,2026-09-26-S6,E,R,2026-09-26T19:44:42.497329+00:00,2026-09-26T19:44:44.067363+00:00,1.570113723,,,,1.570113723,,v2/work_logs/F04_2026-09-26_S6.md,uncredited O/emission; see actuals
F04,F04-A1,2026-09-26-S6,O,,2026-09-26T19:44:44.067363+00:00,2026-09-26T19:45:01.053032+00:00,16.985588720,,,,16.985588720,,v2/work_logs/F04_2026-09-26_S6.md,uncredited O/emission; see actuals
F04,F04-A1,2026-09-26-S6,D,R,2026-09-26T19:45:01.053032+00:00,2026-09-26T19:45:30.379076+00:00,29.326044079,29.326044079,,,,,v2/work_logs/F04_2026-09-26_S6.md,completed task; observed research
GateA,A_1,2026-09-26-S1,O,,2026-09-26T21:21:49.228997+00:00,2026-09-26T21:22:51.255492+00:00,62.026495691,,,,62.026495691,,v2/work_logs/GateA_2026-09-26_S1.md,uncredited administration/mixed; see gate actuals
GateA,A_1,2026-09-26-S1,D,R,2026-09-26T21:22:51.255492+00:00,2026-09-26T21:23:47.850698+00:00,56.595204665,56.595204665,,,,,v2/work_logs/GateA_2026-09-26_S1.md,PASS readiness; observed research
GateA,A_1,2026-09-26-S1,O,,2026-09-26T21:23:47.850698+00:00,2026-09-26T21:25:31.808623+00:00,103.957955323,,,,103.957955323,,v2/work_logs/GateA_2026-09-26_S1.md,uncredited administration/mixed; see gate actuals
GateA,A_1,2026-09-26-S1,L,R,2026-09-26T21:25:31.808623+00:00,2026-09-26T21:26:06.050331+00:00,34.241676438,,,,34.241676438,,v2/work_logs/GateA_2026-09-26_S1.md,uncredited administration/mixed; see gate actuals
GateA,A_1,2026-09-26-S1,L,R,2026-09-26T21:26:06.050331+00:00,2026-09-26T21:26:43.034539+00:00,36.984209590,36.984209590,,,,,v2/work_logs/GateA_2026-09-26_S1.md,PASS readiness; observed research
GateA,A_1,2026-09-26-S1,E,R,2026-09-26T21:26:43.034539+00:00,2026-09-26T21:27:11.860006+00:00,28.825466898,,,,28.825466898,,v2/work_logs/GateA_2026-09-26_S1.md,uncredited administration/mixed; see gate actuals
GateA,A_1,2026-09-26-S1,O,,2026-09-26T21:27:11.860006+00:00,2026-09-26T21:28:56.646800+00:00,104.786792407,,,,104.786792407,,v2/work_logs/GateA_2026-09-26_S1.md,uncredited administration/mixed; see gate actuals
GateA,A_1,2026-09-26-S1,D,X,2026-09-26T21:28:56.646800+00:00,2026-09-26T21:29:34.900621+00:00,38.253854302,38.253854302,,,,,v2/work_logs/GateA_2026-09-26_S1.md,PASS readiness; observed research
GateA,A_1,2026-09-26-S1,E,R,2026-09-26T21:29:34.900621+00:00,2026-09-26T21:30:48.440240+00:00,73.539586689,73.539586689,,,,,v2/work_logs/GateA_2026-09-26_S1.md,PASS readiness; observed research
GateA,A_1,2026-09-26-S1,O,,2026-09-26T21:30:48.440240+00:00,2026-09-26T21:38:02.498556+00:00,434.058314912,,5.442802548,,428.615512364,,v2/work_logs/GateA_2026-09-26_S1.md,uncredited administration/mixed; see gate actuals
F05,F05-A1,2026-09-26-S1,D,R,2026-09-26T22:23:42.777579+00:00,2026-09-26T22:25:30.604863+00:00,107.827295208,107.827295208,,,,,v2/work_logs/F05_2026-09-26_S1.md,partial; measured work block
F05,F05-A1,2026-09-26-S1,D,R,2026-09-26T22:25:30.604863+00:00,2026-09-26T22:28:12.311664+00:00,161.706801454,161.706801454,,,,,v2/work_logs/F05_2026-09-26_S1.md,partial; measured work block
F05,F05-A1,2026-09-26-S1,D,R,2026-09-26T22:28:12.311664+00:00,2026-09-26T22:29:32.793627+00:00,80.481965395,80.481965395,,,,,v2/work_logs/F05_2026-09-26_S1.md,partial; measured work block
F05,F05-A1,2026-09-26-S1,D,X,2026-09-26T22:29:32.793627+00:00,2026-09-26T22:32:29.424148+00:00,176.630517642,176.630517642,,,,,v2/work_logs/F05_2026-09-26_S1.md,partial; measured work block
F05,F05-A1,2026-09-26-S1,D,X,2026-09-26T22:32:29.424148+00:00,2026-09-26T22:34:10.772228+00:00,101.348080985,101.348080985,,,,,v2/work_logs/F05_2026-09-26_S1.md,partial; measured work block
F05,F05-A1,2026-09-26-S1,D,X,2026-09-26T22:34:10.772228+00:00,2026-09-26T22:36:01.131107+00:00,110.358877602,110.358877602,,,,,v2/work_logs/F05_2026-09-26_S1.md,partial; measured work block
F05,F05-A1,2026-09-26-S1,D,X,2026-09-26T22:36:01.131107+00:00,2026-09-26T22:38:01.810376+00:00,120.679270318,120.679270318,,,,,v2/work_logs/F05_2026-09-26_S1.md,partial; measured work block
F05,F05-A1,2026-09-26-S1,D,R,2026-09-26T22:38:01.810376+00:00,2026-09-26T22:39:43.704004+00:00,101.893626185,101.893626185,,,,,v2/work_logs/F05_2026-09-26_S1.md,partial; measured work block
F05,F05-A1,2026-09-26-S1,D,R,2026-09-26T22:39:43.704004+00:00,2026-09-26T22:40:52.451564+00:00,68.747560360,68.747560360,,,,,v2/work_logs/F05_2026-09-26_S1.md,partial; measured work block
F05,F05-A1,2026-09-26-S1,D,R,2026-09-26T22:40:52.451564+00:00,2026-09-26T22:42:12.093450+00:00,79.641885921,79.641885921,,,,,v2/work_logs/F05_2026-09-26_S1.md,partial; measured work block
F05,F05-A1,2026-09-26-S1,D,X,2026-09-26T22:42:12.093450+00:00,2026-09-26T22:43:10.858037+00:00,58.764590550,58.764590550,,,,,v2/work_logs/F05_2026-09-26_S1.md,partial; measured work block
F05,F05-A1,2026-09-26-S1,D,X,2026-09-26T22:43:10.858037+00:00,2026-09-26T22:44:29.101027+00:00,78.242988268,78.242988268,,,,,v2/work_logs/F05_2026-09-26_S1.md,partial; measured work block
F05,F05-A1,2026-09-26-S1,D,R,2026-09-26T22:44:29.101027+00:00,2026-09-26T22:45:52.178555+00:00,83.077526671,83.077526671,,,,,v2/work_logs/F05_2026-09-26_S1.md,partial; measured work block
F05,F05-A1,2026-09-26-S1,D,R,2026-09-26T22:45:52.178555+00:00,2026-09-26T22:47:02.906244+00:00,70.727689729,70.727689729,,,,,v2/work_logs/F05_2026-09-26_S1.md,partial; measured work block
F05,F05-A1,2026-09-26-S1,D,R,2026-09-26T22:47:02.906244+00:00,2026-09-26T22:48:38.341132+00:00,95.434889640,95.434889640,,,,,v2/work_logs/F05_2026-09-26_S1.md,partial; measured work block
F05,F05-A1,2026-09-26-S1,D,R,2026-09-26T22:48:38.341132+00:00,2026-09-26T22:49:51.089490+00:00,72.748358097,72.748358097,,,,,v2/work_logs/F05_2026-09-26_S1.md,partial; measured work block
F05,F05-A1,2026-09-26-S1,D,R,2026-09-26T22:49:51.089490+00:00,2026-09-26T22:51:07.059697+00:00,75.970207214,75.970207214,,,,,v2/work_logs/F05_2026-09-26_S1.md,partial; measured work block
F05,F05-A1,2026-09-26-S1,O,,2026-09-26T22:51:07.059697+00:00,2026-09-26T22:53:05.726055+00:00,118.666357810,,,,118.666357810,,v2/work_logs/F05_2026-09-26_S1.md,partial; Context recovery/compaction and setup after last math checkpoint; exact D contribution unknown.
F05,F05-A1,2026-09-26-S1,D,R,2026-09-26T22:53:05.726055+00:00,2026-09-26T22:53:35.353725+00:00,29.627668103,29.627668103,,,,,v2/work_logs/F05_2026-09-26_S1.md,partial; measured work block
F05,F05-A1,2026-09-26-S1,D,R,2026-09-26T22:53:35.353725+00:00,2026-09-26T22:53:57.595194+00:00,22.241468470,22.241468470,,,,,v2/work_logs/F05_2026-09-26_S1.md,partial; measured work block
F05,F05-A1,2026-09-26-S1,D,R,2026-09-26T22:53:57.595194+00:00,2026-09-26T22:54:22.449756+00:00,24.854563390,24.854563390,,,,,v2/work_logs/F05_2026-09-26_S1.md,partial; measured work block
F05,F05-A1,2026-09-26-S1,D,R,2026-09-26T22:54:22.449756+00:00,2026-09-26T22:54:44.214560+00:00,21.764802535,21.764802535,,,,,v2/work_logs/F05_2026-09-26_S1.md,partial; measured work block
F05,F05-A1,2026-09-26-S1,D,R,2026-09-26T22:54:44.214560+00:00,2026-09-26T22:55:08.190496+00:00,23.975937497,23.975937497,,,,,v2/work_logs/F05_2026-09-26_S1.md,partial; measured work block
F05,F05-A1,2026-09-26-S1,D,R,2026-09-26T22:55:08.190496+00:00,2026-09-26T22:55:35.273515+00:00,27.083019873,27.083019873,,,,,v2/work_logs/F05_2026-09-26_S1.md,partial; measured work block
F05,F05-A1,2026-09-26-S1,O,,2026-09-26T22:55:35.273515+00:00,2026-09-26T22:55:45.423037+00:00,10.149521049,,,,10.149521049,,v2/work_logs/F05_2026-09-26_S1.md,partial; Timing/transition administration before separately bracketed final pair reconstruction; not code work.
F05,F05-A1,2026-09-26-S1,D,R,2026-09-26T22:55:45.423037+00:00,2026-09-26T22:56:07.002308+00:00,21.579270308,21.579270308,,,,,v2/work_logs/F05_2026-09-26_S1.md,partial; measured work block
F05,F05-A1,2026-09-26-S1,E,R,2026-09-26T22:56:07.002308+00:00,2026-09-26T22:58:31.606511+00:00,144.604203736,144.604203736,,,,,v2/work_logs/F05_2026-09-26_S1.md,partial; measured work block
F05,F05-A1,2026-09-26-S1,E,R,2026-09-26T22:58:31.606511+00:00,2026-09-26T22:58:38.312171+00:00,6.705660034,6.705660034,,,,,v2/work_logs/F05_2026-09-26_S1.md,partial; measured work block
F05,F05-A1,2026-09-26-S1,O,,2026-09-26T22:58:38.312171+00:00,2026-09-26T22:59:27.652862+00:00,49.340690972,,,,49.340690972,,v2/work_logs/F05_2026-09-26_S1.md,partial; Unresolved administration
F05,F05-A1,2026-09-27-S2,D,R,2026-09-27T03:23:04.027039+00:00,2026-09-27T03:25:24.258396+00:00,140.231318034,140.231318034,,,,,v2/work_logs/F05_2026-09-27_S2.md,completed F05 semantic audit; actual work-block time
F05,F05-A1,2026-09-27-S2,D,R,2026-09-27T03:25:24.258396+00:00,2026-09-27T03:27:14.937686+00:00,110.679290463,110.679290463,,,,,v2/work_logs/F05_2026-09-27_S2.md,completed F05 semantic audit; actual work-block time
F05,F05-A1,2026-09-27-S2,D,X,2026-09-27T03:27:14.937686+00:00,2026-09-27T03:28:48.073929+00:00,93.136242606,93.136242606,,,,,v2/work_logs/F05_2026-09-27_S2.md,completed F05 semantic audit; actual work-block time
F05,F05-A1,2026-09-27-S2,D,X,2026-09-27T03:28:48.073929+00:00,2026-09-27T03:30:57.105434+00:00,129.03150489,129.03150489,,,,,v2/work_logs/F05_2026-09-27_S2.md,completed F05 semantic audit; actual work-block time
F05,F05-A1,2026-09-27-S2,D,X,2026-09-27T03:30:57.105434+00:00,2026-09-27T03:32:36.625248+00:00,99.519814621,99.519814621,,,,,v2/work_logs/F05_2026-09-27_S2.md,completed F05 semantic audit; actual work-block time
F05,F05-A1,2026-09-27-S2,D,R,2026-09-27T03:32:36.625248+00:00,2026-09-27T03:34:47.148836+00:00,130.52358792,130.52358792,,,,,v2/work_logs/F05_2026-09-27_S2.md,completed F05 semantic audit; actual work-block time
F05,F05-A1,2026-09-27-S2,D,R,2026-09-27T03:34:47.148836+00:00,2026-09-27T03:37:36.622886+00:00,169.474048972,169.474048972,,,,,v2/work_logs/F05_2026-09-27_S2.md,completed F05 semantic audit; actual work-block time
F05,F05-A1,2026-09-27-S2,D,R,2026-09-27T03:37:36.622886+00:00,2026-09-27T03:39:03.635517+00:00,87.012630814,87.012630814,,,,,v2/work_logs/F05_2026-09-27_S2.md,completed F05 semantic audit; actual work-block time
F05,F05-A1,2026-09-27-S2,D,R,2026-09-27T03:39:03.635517+00:00,2026-09-27T03:40:53.814356+00:00,110.178839877,110.178839877,,,,,v2/work_logs/F05_2026-09-27_S2.md,completed F05 semantic audit; actual work-block time
F05,F05-A1,2026-09-27-S2,D,X,2026-09-27T03:40:53.814356+00:00,2026-09-27T03:43:04.568805+00:00,130.754449222,130.754449222,,,,,v2/work_logs/F05_2026-09-27_S2.md,completed F05 semantic audit; actual work-block time
F05,F05-A1,2026-09-27-S2,D,X,2026-09-27T03:43:04.568805+00:00,2026-09-27T03:44:56.935206+00:00,112.366399292,112.366399292,,,,,v2/work_logs/F05_2026-09-27_S2.md,completed F05 semantic audit; actual work-block time
F05,F05-A1,2026-09-27-S2,D,X,2026-09-27T03:44:56.935206+00:00,2026-09-27T03:46:26.755048+00:00,89.819871126,89.819871126,,,,,v2/work_logs/F05_2026-09-27_S2.md,completed F05 semantic audit; actual work-block time
F05,F05-A1,2026-09-27-S2,D,X,2026-09-27T03:46:26.755048+00:00,2026-09-27T03:47:52.256561+00:00,85.501488465,85.501488465,,,,,v2/work_logs/F05_2026-09-27_S2.md,completed F05 semantic audit; actual work-block time
F05,F05-A1,2026-09-27-S2,D,X,2026-09-27T03:47:52.256561+00:00,2026-09-27T03:49:38.730124+00:00,106.473611537,106.473611537,,,,,v2/work_logs/F05_2026-09-27_S2.md,completed F05 semantic audit; actual work-block time
F05,F05-A1,2026-09-27-S2,D,R,2026-09-27T03:49:38.730124+00:00,2026-09-27T03:50:28.641379+00:00,49.911203083,49.911203083,,,,,v2/work_logs/F05_2026-09-27_S2.md,completed F05 semantic audit; actual work-block time
F05,F05-A1,2026-09-27-S2,D,R,2026-09-27T03:50:28.641379+00:00,2026-09-27T03:51:32.139007+00:00,63.497628258,63.497628258,,,,,v2/work_logs/F05_2026-09-27_S2.md,completed F05 semantic audit; actual work-block time
F05,F05-A1,2026-09-27-S2,D,R,2026-09-27T03:51:32.139007+00:00,2026-09-27T03:52:07.319775+00:00,35.180769328,35.180769328,,,,,v2/work_logs/F05_2026-09-27_S2.md,completed F05 semantic audit; actual work-block time
F05,F05-A1,2026-09-27-S2,D,R,2026-09-27T03:52:07.319775+00:00,2026-09-27T03:52:35.248280+00:00,27.928503378,27.928503378,,,,,v2/work_logs/F05_2026-09-27_S2.md,completed F05 semantic audit; actual work-block time
F05,F05-A1,2026-09-27-S2,D,R,2026-09-27T03:52:35.248280+00:00,2026-09-27T03:52:50.975981+00:00,15.727702036,15.727702036,,,,,v2/work_logs/F05_2026-09-27_S2.md,completed F05 semantic audit; actual work-block time
F05,F05-A1,2026-09-27-S2,D,R,2026-09-27T03:52:50.975981+00:00,2026-09-27T03:53:07.835473+00:00,16.859491326,16.859491326,,,,,v2/work_logs/F05_2026-09-27_S2.md,completed F05 semantic audit; actual work-block time
F05,F05-A1,2026-09-27-S2,O,,2026-09-27T03:53:07.835473+00:00,2026-09-27T03:56:28.011298+00:00,200.17582805,,,,200.17582805,,v2/work_logs/F05_2026-09-27_S2.md,O excluded from research; detailed known waits in actuals; packaging after session_end unmeasured
F05,F05-A1,2026-09-27-S2,E,R,2026-09-27T03:56:28.011298+00:00,2026-09-27T03:58:09.940727+00:00,101.929426467,101.929426467,,,,,v2/work_logs/F05_2026-09-27_S2.md,completed F05 semantic audit; actual work-block time
F05,F05-A1,2026-09-27-S2,E,R,2026-09-27T03:58:09.940727+00:00,2026-09-27T03:58:25.550892+00:00,15.610165178,15.610165178,,,,,v2/work_logs/F05_2026-09-27_S2.md,completed F05 semantic audit; actual work-block time
F05,F05-A1,2026-09-27-S2,O,,2026-09-27T03:58:25.550892+00:00,2026-09-27T04:01:25.580964+00:00,180.03007314,,,,180.03007314,,v2/work_logs/F05_2026-09-27_S2.md,O excluded from research; detailed known waits in actuals; packaging after session_end unmeasured
F06,F06-A1,2026-09-27-S1,O,,2026-09-27T05:07:30.352177+00:00,2026-09-27T05:09:10.626187+00:00,100.273991372,,,,100.273991372,,v2/work_logs/F06_2026-09-27_S1.md,partial; Overhead/unattributed.
F06,F06-A1,2026-09-27-S1,D,R,2026-09-27T05:09:10.626187+00:00,2026-09-27T05:10:27.638870+00:00,77.012684382,77.012684382,,,,,v2/work_logs/F06_2026-09-27_S1.md,partial; observed engaged work
F06,F06-A1,2026-09-27-S1,D,R,2026-09-27T05:10:27.638870+00:00,2026-09-27T05:13:26.777274+00:00,179.138402941,179.138402941,,,,,v2/work_logs/F06_2026-09-27_S1.md,partial; observed engaged work
F06,F06-A1,2026-09-27-S1,D,R,2026-09-27T05:13:26.777274+00:00,2026-09-27T05:13:27.475282+00:00,0.698007742,0.698007742,,,,,v2/work_logs/F06_2026-09-27_S1.md,partial; observed engaged work
F06,F06-A1,2026-09-27-S1,D,R,2026-09-27T05:13:27.475282+00:00,2026-09-27T05:15:35.488150+00:00,128.012868373,128.012868373,,,,,v2/work_logs/F06_2026-09-27_S1.md,partial; observed engaged work
F06,F06-A1,2026-09-27-S1,D,X,2026-09-27T05:15:35.488150+00:00,2026-09-27T05:15:36.260151+00:00,0.771999694,0.771999694,,,,,v2/work_logs/F06_2026-09-27_S1.md,partial; observed engaged work
F06,F06-A1,2026-09-27-S1,D,X,2026-09-27T05:15:36.260151+00:00,2026-09-27T05:17:26.151315+00:00,109.891165554,109.891165554,,,,,v2/work_logs/F06_2026-09-27_S1.md,partial; observed engaged work
F06,F06-A1,2026-09-27-S1,D,X,2026-09-27T05:17:26.151315+00:00,2026-09-27T05:19:16.648970+00:00,110.497655894,110.497655894,,,,,v2/work_logs/F06_2026-09-27_S1.md,partial; observed engaged work
F06,F06-A1,2026-09-27-S1,D,X,2026-09-27T05:19:16.648970+00:00,2026-09-27T05:20:17.139887+00:00,60.490916364,60.490916364,,,,,v2/work_logs/F06_2026-09-27_S1.md,partial; observed engaged work
F06,F06-A1,2026-09-27-S1,D,X,2026-09-27T05:20:17.139887+00:00,2026-09-27T05:24:44.170156+00:00,267.030268730,267.030268730,,,,,v2/work_logs/F06_2026-09-27_S1.md,partial; observed engaged work
F06,F06-A1,2026-09-27-S1,D,X,2026-09-27T05:24:44.170156+00:00,2026-09-27T05:24:59.979262+00:00,15.809107298,15.809107298,,,,,v2/work_logs/F06_2026-09-27_S1.md,partial; observed engaged work
F06,F06-A1,2026-09-27-S1,D,R,2026-09-27T05:24:59.979262+00:00,2026-09-27T05:27:00.651892+00:00,120.672628733,120.672628733,,,,,v2/work_logs/F06_2026-09-27_S1.md,partial; observed engaged work
F06,F06-A1,2026-09-27-S1,D,R,2026-09-27T05:27:00.651892+00:00,2026-09-27T05:28:46.843657+00:00,106.191766957,106.191766957,,,,,v2/work_logs/F06_2026-09-27_S1.md,partial; observed engaged work
F06,F06-A1,2026-09-27-S1,D,R,2026-09-27T05:28:46.843657+00:00,2026-09-27T05:30:23.649730+00:00,96.806071072,96.806071072,,,,,v2/work_logs/F06_2026-09-27_S1.md,partial; observed engaged work
F06,F06-A1,2026-09-27-S1,D,R,2026-09-27T05:30:23.649730+00:00,2026-09-27T05:32:45.518740+00:00,141.869049252,,,,141.869049252,,v2/work_logs/F06_2026-09-27_S1.md,"partial; Context recovery; original D label preserved, no research credit."
F06,F06-A1,2026-09-27-S1,D,R,2026-09-27T05:32:45.518740+00:00,2026-09-27T05:33:21.236673+00:00,35.717897121,35.717897121,,,,,v2/work_logs/F06_2026-09-27_S1.md,partial; observed engaged work
F06,F06-A1,2026-09-27-S1,D,R,2026-09-27T05:33:21.236673+00:00,2026-09-27T05:34:17.301503+00:00,56.064829385,56.064829385,,,,,v2/work_logs/F06_2026-09-27_S1.md,partial; observed engaged work
F06,F06-A1,2026-09-27-S1,D,R,2026-09-27T05:34:17.301503+00:00,2026-09-27T05:35:10.877455+00:00,53.575978278,53.575978278,,,,,v2/work_logs/F06_2026-09-27_S1.md,partial; observed engaged work
F06,F06-A1,2026-09-27-S1,D,R,2026-09-27T05:35:10.877455+00:00,2026-09-27T05:36:22.485406+00:00,71.607923892,71.607923892,,,,,v2/work_logs/F06_2026-09-27_S1.md,partial; observed engaged work
F06,F06-A1,2026-09-27-S1,D,R,2026-09-27T05:36:22.485406+00:00,2026-09-27T05:37:06.387226+00:00,43.901819465,43.901819465,,,,,v2/work_logs/F06_2026-09-27_S1.md,partial; observed engaged work
F06,F06-A1,2026-09-27-S1,D,R,2026-09-27T05:37:06.387226+00:00,2026-09-27T05:37:50.256744+00:00,43.869517945,43.869517945,,,,,v2/work_logs/F06_2026-09-27_S1.md,partial; observed engaged work
F06,F06-A1,2026-09-27-S1,D,R,2026-09-27T05:37:50.256744+00:00,2026-09-27T05:38:29.638335+00:00,39.381591704,39.381591704,,,,,v2/work_logs/F06_2026-09-27_S1.md,partial; observed engaged work
F06,F06-A1,2026-09-27-S1,D,R,2026-09-27T05:38:29.638335+00:00,2026-09-27T05:39:16.877917+00:00,47.239583281,47.239583281,,,,,v2/work_logs/F06_2026-09-27_S1.md,partial; observed engaged work
F06,F06-A1,2026-09-27-S1,D,R,2026-09-27T05:39:16.877917+00:00,2026-09-27T05:40:07.676518+00:00,50.798598261,50.798598261,,,,,v2/work_logs/F06_2026-09-27_S1.md,partial; observed engaged work
F06,F06-A1,2026-09-27-S1,D,R,2026-09-27T05:40:07.676518+00:00,2026-09-27T05:40:38.861341+00:00,31.184824294,31.184824294,,,,,v2/work_logs/F06_2026-09-27_S1.md,partial; observed engaged work
F06,F06-A1,2026-09-27-S1,D,R,2026-09-27T05:40:38.861341+00:00,2026-09-27T05:41:01.574788+00:00,22.713447473,22.713447473,,,,,v2/work_logs/F06_2026-09-27_S1.md,partial; observed engaged work
F06,F06-A1,2026-09-27-S1,D,R,2026-09-27T05:41:01.574788+00:00,2026-09-27T05:41:23.191991+00:00,21.617203784,21.617203784,,,,,v2/work_logs/F06_2026-09-27_S1.md,partial; observed engaged work
F06,F06-A1,2026-09-27-S1,D,R,2026-09-27T05:41:23.191991+00:00,2026-09-27T05:41:34.861449+00:00,11.669455967,11.669455967,,,,,v2/work_logs/F06_2026-09-27_S1.md,partial; observed engaged work
F06,F06-A1,2026-09-27-S1,E,R,2026-09-27T05:41:34.861449+00:00,2026-09-27T05:45:46.380687+00:00,251.519237920,,,,251.519237920,,v2/work_logs/F06_2026-09-27_S1.md,partial; Initial implementation block included an unbracketed diagnostic process; engaged/wait split unmeasured.
F06,F06-A1,2026-09-27-S1,E,R,2026-09-27T05:45:46.380687+00:00,2026-09-27T05:46:00.151211+00:00,13.770524213,,,,13.770524213,,v2/work_logs/F06_2026-09-27_S1.md,partial; Initial implementation block included an unbracketed diagnostic process; engaged/wait split unmeasured.
F06,F06-A1,2026-09-27-S1,O,,2026-09-27T05:46:00.151211+00:00,2026-09-27T05:46:35.696361+00:00,35.545150594,,,,35.545150594,,v2/work_logs/F06_2026-09-27_S1.md,partial; Overhead/unattributed.
F06,F06-A1,2026-09-27-S1,E,R,2026-09-27T05:46:35.696361+00:00,2026-09-27T05:46:37.121800+00:00,1.425437933,1.425437933,,,,,v2/work_logs/F06_2026-09-27_S1.md,partial; observed engaged work
F06,F06-A1,2026-09-27-S1,E,R,2026-09-27T05:46:37.121800+00:00,2026-09-27T05:46:56.987936+00:00,19.866136358,19.866136358,,,,,v2/work_logs/F06_2026-09-27_S1.md,partial; observed engaged work
F06,F06-A1,2026-09-27-S1,O,,2026-09-27T05:46:56.987936+00:00,2026-09-27T05:47:49.513116+00:00,52.525180103,,,,52.525180103,,v2/work_logs/F06_2026-09-27_S1.md,partial; Overhead/unattributed.
F06,F06-A1,2026-09-27-S2,D,R,2026-09-27T13:39:39.393868+00:00,2026-09-27T13:41:10.011376+00:00,90.617520087,90.617520087,,,,,v2/work_logs/F06_2026-09-27_S2.md,partial; observed work block
F06,F06-A1,2026-09-27-S2,D,R,2026-09-27T13:41:10.011376+00:00,2026-09-27T13:42:59.215673+00:00,109.204298545,109.204298545,,,,,v2/work_logs/F06_2026-09-27_S2.md,partial; observed work block
F06,F06-A1,2026-09-27-S2,D,R,2026-09-27T13:42:59.215673+00:00,2026-09-27T13:45:18.035245+00:00,138.819570378,138.819570378,,,,,v2/work_logs/F06_2026-09-27_S2.md,partial; observed work block
F06,F06-A1,2026-09-27-S2,D,X,2026-09-27T13:45:18.035245+00:00,2026-09-27T13:47:20.114055+00:00,122.078809585,122.078809585,,,,,v2/work_logs/F06_2026-09-27_S2.md,partial; observed work block
F06,F06-A1,2026-09-27-S2,D,X,2026-09-27T13:47:20.114055+00:00,2026-09-27T13:49:04.907712+00:00,104.793655964,104.793655964,,,,,v2/work_logs/F06_2026-09-27_S2.md,partial; observed work block
F06,F06-A1,2026-09-27-S2,D,X,2026-09-27T13:49:04.907712+00:00,2026-09-27T13:50:23.525413+00:00,78.617705455,78.617705455,,,,,v2/work_logs/F06_2026-09-27_S2.md,partial; observed work block
F06,F06-A1,2026-09-27-S2,E,R,2026-09-27T13:50:23.525413+00:00,2026-09-27T13:53:13.096856+00:00,169.5714405,169.5714405,,,,,v2/work_logs/F06_2026-09-27_S2.md,partial; observed work block
F06,F06-A1,2026-09-27-S2,O,,2026-09-27T13:53:13.096856+00:00,2026-09-27T13:55:54.420595+00:00,161.323736914,,,,161.323736914,,v2/work_logs/F06_2026-09-27_S2.md,uncredited; Pause implementation before timed test subprocess; test waiting is not derivation credit
F06,F06-A1,2026-09-27-S2,D,R,2026-09-27T13:55:54.420595+00:00,2026-09-27T13:57:38.805852+00:00,104.385257478,104.385257478,,,,,v2/work_logs/F06_2026-09-27_S2.md,partial; observed work block
F06,F06-A1,2026-09-27-S2,D,R,2026-09-27T13:57:38.805852+00:00,2026-09-27T14:00:37.399338+00:00,178.593485462,178.593485462,,,,,v2/work_logs/F06_2026-09-27_S2.md,partial; observed work block
F06,F06-A1,2026-09-27-S2,D,R,2026-09-27T14:00:37.399338+00:00,2026-09-27T14:02:09.602921+00:00,92.203611363,92.203611363,,,,,v2/work_logs/F06_2026-09-27_S2.md,partial; observed work block
F06,F06-A1,2026-09-27-S2,O,,2026-09-27T14:02:09.602921+00:00,2026-09-27T14:04:43.100201+00:00,153.497255494,,,,153.497255494,,v2/work_logs/F06_2026-09-27_S2.md,uncredited; context recovery after the last observed D check
F06,F06-A1,2026-09-27-S2,O,,2026-09-27T14:04:43.100201+00:00,2026-09-27T14:04:51.414799+00:00,8.314595845,,,,8.314595845,,v2/work_logs/F06_2026-09-27_S2.md,"uncredited; Context recovery; no research credit since the last observed check, followed by a fresh reconstruction block"
F06,F06-A1,2026-09-27-S2,D,R,2026-09-27T14:04:51.414799+00:00,2026-09-27T14:05:36.886182+00:00,45.471382263,45.471382263,,,,,v2/work_logs/F06_2026-09-27_S2.md,partial; observed work block
F06,F06-A1,2026-09-27-S2,D,R,2026-09-27T14:05:36.886182+00:00,2026-09-27T14:07:01.722973+00:00,84.836792054,84.836792054,,,,,v2/work_logs/F06_2026-09-27_S2.md,partial; observed work block
F06,F06-A1,2026-09-27-S2,D,X,2026-09-27T14:07:01.722973+00:00,2026-09-27T14:08:13.757583+00:00,72.034608481,72.034608481,,,,,v2/work_logs/F06_2026-09-27_S2.md,partial; observed work block
F06,F06-A1,2026-09-27-S2,D,X,2026-09-27T14:08:13.757583+00:00,2026-09-27T14:09:38.784811+00:00,85.02723033,85.02723033,,,,,v2/work_logs/F06_2026-09-27_S2.md,partial; observed work block
F06,F06-A1,2026-09-27-S2,D,X,2026-09-27T14:09:38.784811+00:00,2026-09-27T14:10:39.307192+00:00,60.522379836,60.522379836,,,,,v2/work_logs/F06_2026-09-27_S2.md,partial; observed work block
F06,F06-A1,2026-09-27-S2,D,X,2026-09-27T14:10:39.307192+00:00,2026-09-27T14:11:33.657269+00:00,54.35007631,54.35007631,,,,,v2/work_logs/F06_2026-09-27_S2.md,partial; observed work block
F06,F06-A1,2026-09-27-S2,D,R,2026-09-27T14:11:33.657269+00:00,2026-09-27T14:12:34.925360+00:00,61.268093639,61.268093639,,,,,v2/work_logs/F06_2026-09-27_S2.md,partial; observed work block
F06,F06-A1,2026-09-27-S2,D,R,2026-09-27T14:12:34.925360+00:00,2026-09-27T14:13:55.509779+00:00,80.584417841,80.584417841,,,,,v2/work_logs/F06_2026-09-27_S2.md,partial; observed work block
F06,F06-A1,2026-09-27-S2,D,R,2026-09-27T14:13:55.509779+00:00,2026-09-27T14:14:13.259675+00:00,17.749893781,17.749893781,,,,,v2/work_logs/F06_2026-09-27_S2.md,partial; observed work block
F06,F06-A1,2026-09-27-S2,E,R,2026-09-27T14:14:13.259675+00:00,2026-09-27T14:15:29.544700+00:00,76.285026189,76.285026189,,,,,v2/work_logs/F06_2026-09-27_S2.md,partial; observed work block
F06,F06-A1,2026-09-27-S2,O,,2026-09-27T14:15:29.544700+00:00,2026-09-27T14:16:01.440361+00:00,31.895661483,,,,31.895661483,,v2/work_logs/F06_2026-09-27_S2.md,uncredited; Run initial new symbolic-discharge checks; test time is not derivation
F06,F06-A1,2026-09-27-S2,D,R,2026-09-27T14:16:01.440361+00:00,2026-09-27T14:17:05.770811+00:00,64.330448264,64.330448264,,,,,v2/work_logs/F06_2026-09-27_S2.md,partial; observed work block
F06,F06-A1,2026-09-27-S2,D,R,2026-09-27T14:17:05.770811+00:00,2026-09-27T14:17:59.221368+00:00,53.45055659,53.45055659,,,,,v2/work_logs/F06_2026-09-27_S2.md,partial; observed work block
F06,F06-A1,2026-09-27-S2,D,R,2026-09-27T14:17:59.221368+00:00,2026-09-27T14:19:17.648268+00:00,78.426900251,78.426900251,,,,,v2/work_logs/F06_2026-09-27_S2.md,partial; observed work block
F06,F06-A1,2026-09-27-S2,D,X,2026-09-27T14:19:17.648268+00:00,2026-09-27T14:19:40.683470+00:00,23.035204487,23.035204487,,,,,v2/work_logs/F06_2026-09-27_S2.md,partial; observed work block
F06,F06-A1,2026-09-27-S2,O,,2026-09-27T14:19:40.683470+00:00,2026-09-27T14:23:11.306691+00:00,210.623222594,,,,210.623222594,,v2/work_logs/F06_2026-09-27_S2.md,"uncredited; Close the focused mathematical reconstruction; subsequent test maintenance, records and packaging receive no derivation credit"
F06,F06-A1,2026-09-27-S3,O,,2026-09-27T16:46:06.685445+00:00,2026-09-27T16:46:07.260091+00:00,0.574645474,,,,0.574645474,,v2/work_logs/F06_2026-09-27_S3.md,uncredited; Administrative/mixed/retrieval/test waiting; no research credit.
F06,F06-A1,2026-09-27-S3,D,R,2026-09-27T16:46:07.260091+00:00,2026-09-27T16:47:37.681632+00:00,90.421541955,90.421541955,,,,,v2/work_logs/F06_2026-09-27_S3.md,completed; observed work block
F06,F06-A1,2026-09-27-S3,D,R,2026-09-27T16:47:37.681632+00:00,2026-09-27T16:48:35.865269+00:00,58.183636258,58.183636258,,,,,v2/work_logs/F06_2026-09-27_S3.md,completed; observed work block
F06,F06-A1,2026-09-27-S3,D,R,2026-09-27T16:48:35.865269+00:00,2026-09-27T16:49:24.622583+00:00,48.757316116,48.757316116,,,,,v2/work_logs/F06_2026-09-27_S3.md,completed; observed work block
F06,F06-A1,2026-09-27-S3,D,X,2026-09-27T16:49:24.622583+00:00,2026-09-27T16:51:03.483410+00:00,98.860823964,98.860823964,,,,,v2/work_logs/F06_2026-09-27_S3.md,completed; observed work block
F06,F06-A1,2026-09-27-S3,D,R,2026-09-27T16:51:03.483410+00:00,2026-09-27T16:54:17.553253+00:00,194.069844023,194.069844023,,,,,v2/work_logs/F06_2026-09-27_S3.md,completed; observed work block
F06,F06-A1,2026-09-27-S3,D,R,2026-09-27T16:54:17.553253+00:00,2026-09-27T16:55:27.322111+00:00,69.768858099,69.768858099,,,,,v2/work_logs/F06_2026-09-27_S3.md,completed; observed work block
F06,F06-A1,2026-09-27-S3,D,R,2026-09-27T16:55:27.322111+00:00,2026-09-27T16:56:56.276119+00:00,88.954008545,88.954008545,,,,,v2/work_logs/F06_2026-09-27_S3.md,completed; observed work block
F06,F06-A1,2026-09-27-S3,D,X,2026-09-27T16:56:56.276119+00:00,2026-09-27T16:58:32.699690+00:00,96.423634076,96.423634076,,,,,v2/work_logs/F06_2026-09-27_S3.md,completed; observed work block
F06,F06-A1,2026-09-27-S3,D,X,2026-09-27T16:58:32.699690+00:00,2026-09-27T17:00:15.095947+00:00,102.396194725,102.396194725,,,,,v2/work_logs/F06_2026-09-27_S3.md,completed; observed work block
F06,F06-A1,2026-09-27-S3,D,X,2026-09-27T17:00:15.095947+00:00,2026-09-27T17:02:22.539949+00:00,127.444001689,127.444001689,,,,,v2/work_logs/F06_2026-09-27_S3.md,completed; observed work block
F06,F06-A1,2026-09-27-S3,D,X,2026-09-27T17:02:22.539949+00:00,2026-09-27T17:03:13.454960+00:00,50.91501148,50.91501148,,,,,v2/work_logs/F06_2026-09-27_S3.md,completed; observed work block
F06,F06-A1,2026-09-27-S3,O,,2026-09-27T17:03:13.454960+00:00,2026-09-27T17:05:54.701686+00:00,161.246727095,,,,161.246727095,,v2/work_logs/F06_2026-09-27_S3.md,uncredited; Compaction/context recovery; retain raw D label but credit no research.
F06,F06-A1,2026-09-27-S3,O,,2026-09-27T17:05:54.701686+00:00,2026-09-27T17:06:10.888289+00:00,16.186602059,,,,16.186602059,,v2/work_logs/F06_2026-09-27_S3.md,uncredited; Administrative/mixed/retrieval/test waiting; no research credit.
F06,F06-A1,2026-09-27-S3,D,R,2026-09-27T17:06:10.888289+00:00,2026-09-27T17:06:38.801851+00:00,27.913559547,27.913559547,,,,,v2/work_logs/F06_2026-09-27_S3.md,completed; observed work block
F06,F06-A1,2026-09-27-S3,D,R,2026-09-27T17:06:38.801851+00:00,2026-09-27T17:07:51.812259+00:00,73.010410549,73.010410549,,,,,v2/work_logs/F06_2026-09-27_S3.md,completed; observed work block
F06,F06-A1,2026-09-27-S3,D,R,2026-09-27T17:07:51.812259+00:00,2026-09-27T17:08:57.324859+00:00,65.512599035,65.512599035,,,,,v2/work_logs/F06_2026-09-27_S3.md,completed; observed work block
F06,F06-A1,2026-09-27-S3,D,X,2026-09-27T17:08:57.324859+00:00,2026-09-27T17:10:25.880214+00:00,88.555360053,88.555360053,,,,,v2/work_logs/F06_2026-09-27_S3.md,completed; observed work block
F06,F06-A1,2026-09-27-S3,D,X,2026-09-27T17:10:25.880214+00:00,2026-09-27T17:11:39.479341+00:00,73.599121635,73.599121635,,,,,v2/work_logs/F06_2026-09-27_S3.md,completed; observed work block
F06,F06-A1,2026-09-27-S3,D,X,2026-09-27T17:11:39.479341+00:00,2026-09-27T17:12:58.127675+00:00,78.648334295,78.648334295,,,,,v2/work_logs/F06_2026-09-27_S3.md,completed; observed work block
F06,F06-A1,2026-09-27-S3,D,R,2026-09-27T17:12:58.127675+00:00,2026-09-27T17:13:53.673131+00:00,55.545457656,55.545457656,,,,,v2/work_logs/F06_2026-09-27_S3.md,completed; observed work block
F06,F06-A1,2026-09-27-S3,D,R,2026-09-27T17:13:53.673131+00:00,2026-09-27T17:15:03.485594+00:00,69.812460722,69.812460722,,,,,v2/work_logs/F06_2026-09-27_S3.md,completed; observed work block
F06,F06-A1,2026-09-27-S3,D,R,2026-09-27T17:15:03.485594+00:00,2026-09-27T17:15:16.402358+00:00,12.916763054,12.916763054,,,,,v2/work_logs/F06_2026-09-27_S3.md,completed; observed work block
F06,F06-A1,2026-09-27-S3,E,R,2026-09-27T17:15:16.402358+00:00,2026-09-27T17:17:15.183005+00:00,118.780648253,118.780648253,,,,,v2/work_logs/F06_2026-09-27_S3.md,completed; observed work block
F06,F06-A1,2026-09-27-S3,O,,2026-09-27T17:17:15.183005+00:00,2026-09-27T17:18:31.379423+00:00,76.196418519,,,,76.196418519,,v2/work_logs/F06_2026-09-27_S3.md,uncredited; Administrative/mixed/retrieval/test waiting; no research credit.
F06,F06-A1,2026-09-27-S3,O,,2026-09-27T17:18:31.379423+00:00,2026-09-27T17:18:32.560212+00:00,1.180787361,,,,1.180787361,,v2/work_logs/F06_2026-09-27_S3.md,uncredited; File emission alone; code preparation occurred in a mixed uncredited window.
F06,F06-A1,2026-09-27-S3,O,,2026-09-27T17:18:32.560212+00:00,2026-09-27T17:19:14.881758+00:00,42.321547778,,,,42.321547778,,v2/work_logs/F06_2026-09-27_S3.md,uncredited; Administrative/mixed/retrieval/test waiting; no research credit.
F06,F06-A1,2026-09-27-S3,E,R,2026-09-27T17:19:14.881758+00:00,2026-09-27T17:19:27.216031+00:00,12.334271207,12.334271207,,,,,v2/work_logs/F06_2026-09-27_S3.md,completed; observed work block
F06,F06-A1,2026-09-27-S3,O,,2026-09-27T17:19:27.216031+00:00,2026-09-27T17:20:51.723057+00:00,84.50703424,,,,84.50703424,,v2/work_logs/F06_2026-09-27_S3.md,uncredited; Administrative/mixed/retrieval/test waiting; no research credit.
F06,F06-A1,2026-09-27-S3,O,,2026-09-27T17:20:51.723057+00:00,2026-09-27T17:21:29.880367+00:00,38.157304017,,,,38.157304017,,v2/work_logs/F06_2026-09-27_S3.md,uncredited; Mixed fixture/baseline administration during a diagnostic subprocess; engaged/wait split unresolved.
F06,F06-A1,2026-09-27-S3,O,,2026-09-27T17:21:29.880367+00:00,2026-09-27T17:21:38.728201+00:00,8.84783178,,,,8.84783178,,v2/work_logs/F06_2026-09-27_S3.md,uncredited; Administrative/mixed/retrieval/test waiting; no research credit.
F06,F06-A1,2026-09-27-S3,E,R,2026-09-27T17:21:38.728201+00:00,2026-09-27T17:22:22.034642+00:00,43.306447151,43.306447151,,,,,v2/work_logs/F06_2026-09-27_S3.md,completed; observed work block
F06,F06-A1,2026-09-27-S3,O,,2026-09-27T17:22:22.034642+00:00,2026-09-27T17:23:45.655252+00:00,83.620605515,,,,83.620605515,,v2/work_logs/F06_2026-09-27_S3.md,uncredited; Administrative/mixed/retrieval/test waiting; no research credit.
F06,F06-A1,2026-09-27-S3,D,X,2026-09-27T17:23:45.655252+00:00,2026-09-27T17:24:33.756505+00:00,48.101253575,48.101253575,,,,,v2/work_logs/F06_2026-09-27_S3.md,completed; observed work block
F06,F06-A1,2026-09-27-S3,D,X,2026-09-27T17:24:33.756505+00:00,2026-09-27T17:25:27.079876+00:00,53.323369939,53.323369939,,,,,v2/work_logs/F06_2026-09-27_S3.md,completed; observed work block
F06,F06-A1,2026-09-27-S3,D,R,2026-09-27T17:25:27.079876+00:00,2026-09-27T17:26:14.283152+00:00,47.203275143,47.203275143,,,,,v2/work_logs/F06_2026-09-27_S3.md,completed; observed work block
F06,F06-A1,2026-09-27-S3,D,R,2026-09-27T17:26:14.283152+00:00,2026-09-27T17:26:51.364472+00:00,37.081321169,37.081321169,,,,,v2/work_logs/F06_2026-09-27_S3.md,completed; observed work block
F06,F06-A1,2026-09-27-S3,D,R,2026-09-27T17:26:51.364472+00:00,2026-09-27T17:27:20.061929+00:00,28.69746517,28.69746517,,,,,v2/work_logs/F06_2026-09-27_S3.md,completed; observed work block
F06,F06-A1,2026-09-27-S3,O,,2026-09-27T17:27:20.061929+00:00,2026-09-27T17:27:36.716391+00:00,16.654454905,,,,16.654454905,,v2/work_logs/F06_2026-09-27_S3.md,uncredited; Administrative/mixed/retrieval/test waiting; no research credit.
F06,F06-A1,2026-09-27-S3,D,R,2026-09-27T17:27:36.716391+00:00,2026-09-27T17:27:59.914673+00:00,23.198285039,23.198285039,,,,,v2/work_logs/F06_2026-09-27_S3.md,completed; observed work block
F06,F06-A1,2026-09-27-S3,O,,2026-09-27T17:27:59.914673+00:00,2026-09-27T17:28:13.265891+00:00,13.351213036,,,,13.351213036,,v2/work_logs/F06_2026-09-27_S3.md,uncredited; Administrative/mixed/retrieval/test waiting; no research credit.
F06,F06-A1,2026-09-27-S3,E,R,2026-09-27T17:28:13.265891+00:00,2026-09-27T17:28:37.146252+00:00,23.880362485,23.880362485,,,,,v2/work_logs/F06_2026-09-27_S3.md,completed; observed work block
F06,F06-A1,2026-09-27-S3,O,,2026-09-27T17:28:37.146252+00:00,2026-09-27T17:29:58.579906+00:00,81.433654042,,,,81.433654042,,v2/work_logs/F06_2026-09-27_S3.md,uncredited; Administrative/mixed/retrieval/test waiting; no research credit.
F06,F06-A1,2026-09-27-S3,E,R,2026-09-27T17:29:58.579906+00:00,2026-09-27T17:30:36.718666+00:00,38.138760063,38.138760063,,,,,v2/work_logs/F06_2026-09-27_S3.md,completed; observed work block
F06,F06-A1,2026-09-27-S3,O,,2026-09-27T17:30:36.718666+00:00,2026-09-27T17:35:45.390062+00:00,308.671397118,,,,308.671397118,,v2/work_logs/F06_2026-09-27_S3.md,uncredited; Administrative/mixed/retrieval/test waiting; no research credit.
F07,F07-A1,2026-09-27-S1,O,,2026-09-27T22:13:46.038690+00:00,2026-09-27T22:14:52.953172+00:00,66.914484177,0.000000000,0.000000000,,66.914484177,,v2/work_logs/F07_2026-09-27_S1.md,partial
F07,F07-A1,2026-09-27-S1,D,R,2026-09-27T22:14:52.953172+00:00,2026-09-27T22:15:53.595779+00:00,60.642604969,60.642604969,0.000000000,,0.000000000,,v2/work_logs/F07_2026-09-27_S1.md,partial
F07,F07-A1,2026-09-27-S1,D,R,2026-09-27T22:15:53.595779+00:00,2026-09-27T22:17:47.522785+00:00,113.927008952,113.927008952,0.000000000,,0.000000000,,v2/work_logs/F07_2026-09-27_S1.md,partial
F07,F07-A1,2026-09-27-S1,D,R,2026-09-27T22:17:47.522785+00:00,2026-09-27T22:18:25.855820+00:00,38.333033941,38.333033941,0.000000000,,0.000000000,,v2/work_logs/F07_2026-09-27_S1.md,partial
F07,F07-A1,2026-09-27-S1,D,R,2026-09-27T22:18:25.855820+00:00,2026-09-27T22:20:03.903769+00:00,98.047948728,98.047948728,0.000000000,,0.000000000,,v2/work_logs/F07_2026-09-27_S1.md,partial
F07,F07-A1,2026-09-27-S1,D,X,2026-09-27T22:20:03.903769+00:00,2026-09-27T22:20:04.457108+00:00,0.553339454,0.553339454,0.000000000,,0.000000000,,v2/work_logs/F07_2026-09-27_S1.md,partial
F07,F07-A1,2026-09-27-S1,D,X,2026-09-27T22:20:04.457108+00:00,2026-09-27T22:21:17.462238+00:00,73.005130042,73.005130042,0.000000000,,0.000000000,,v2/work_logs/F07_2026-09-27_S1.md,partial
F07,F07-A1,2026-09-27-S1,D,X,2026-09-27T22:21:17.462238+00:00,2026-09-27T22:22:30.389604+00:00,72.927364647,72.927364647,0.000000000,,0.000000000,,v2/work_logs/F07_2026-09-27_S1.md,partial
F07,F07-A1,2026-09-27-S1,D,X,2026-09-27T22:22:30.389604+00:00,2026-09-27T22:23:57.929404+00:00,87.539799647,87.539799647,0.000000000,,0.000000000,,v2/work_logs/F07_2026-09-27_S1.md,partial
F07,F07-A1,2026-09-27-S1,D,R,2026-09-27T22:23:57.929404+00:00,2026-09-27T22:23:58.454443+00:00,0.525040286,0.525040286,0.000000000,,0.000000000,,v2/work_logs/F07_2026-09-27_S1.md,partial
F07,F07-A1,2026-09-27-S1,D,R,2026-09-27T22:23:58.454443+00:00,2026-09-27T22:24:27.365925+00:00,28.911485272,28.911485272,0.000000000,,0.000000000,,v2/work_logs/F07_2026-09-27_S1.md,partial
F07,F07-A1,2026-09-27-S1,D,R,2026-09-27T22:24:27.365925+00:00,2026-09-27T22:25:44.264842+00:00,76.898912620,76.898912620,0.000000000,,0.000000000,,v2/work_logs/F07_2026-09-27_S1.md,partial
F07,F07-A1,2026-09-27-S1,D,R,2026-09-27T22:25:44.264842+00:00,2026-09-27T22:27:41.939397+00:00,117.674556119,117.674556119,0.000000000,,0.000000000,,v2/work_logs/F07_2026-09-27_S1.md,partial
F07,F07-A1,2026-09-27-S1,O,,2026-09-27T22:27:41.939397+00:00,2026-09-27T22:27:42.464565+00:00,0.525165585,0.000000000,0.000000000,,0.525165585,,v2/work_logs/F07_2026-09-27_S1.md,partial
F07,F07-A1,2026-09-27-S1,D,R,2026-09-27T22:27:42.464565+00:00,2026-09-27T22:29:09.663989+00:00,87.199426081,87.199426081,0.000000000,,0.000000000,,v2/work_logs/F07_2026-09-27_S1.md,partial
F07,F07-A1,2026-09-27-S1,D,R,2026-09-27T22:29:09.663989+00:00,2026-09-27T22:31:09.723347+00:00,120.059357278,120.059357278,0.000000000,,0.000000000,,v2/work_logs/F07_2026-09-27_S1.md,partial
F07,F07-A1,2026-09-27-S1,D,R,2026-09-27T22:31:09.723347+00:00,2026-09-27T22:32:03.829382+00:00,54.106034090,54.106034090,0.000000000,,0.000000000,,v2/work_logs/F07_2026-09-27_S1.md,partial
F07,F07-A1,2026-09-27-S1,D,R,2026-09-27T22:32:03.829382+00:00,2026-09-27T22:34:11.135407+00:00,127.306026622,127.306026622,0.000000000,,0.000000000,,v2/work_logs/F07_2026-09-27_S1.md,partial
F07,F07-A1,2026-09-27-S1,O,,2026-09-27T22:34:11.135407+00:00,2026-09-27T22:36:22.781656+00:00,131.646248551,0.000000000,0.000000000,,131.646248551,,v2/work_logs/F07_2026-09-27_S1.md,partial
F07,F07-A1,2026-09-27-S1,O,,2026-09-27T22:36:22.781656+00:00,2026-09-27T22:36:38.013663+00:00,15.232007865,0.000000000,0.000000000,,15.232007865,,v2/work_logs/F07_2026-09-27_S1.md,partial
F07,F07-A1,2026-09-27-S1,D,X,2026-09-27T22:36:38.013663+00:00,2026-09-27T22:38:00.223488+00:00,82.209822746,82.209822746,0.000000000,,0.000000000,,v2/work_logs/F07_2026-09-27_S1.md,partial
F07,F07-A1,2026-09-27-S1,D,X,2026-09-27T22:38:00.223488+00:00,2026-09-27T22:38:44.201139+00:00,43.977653601,43.977653601,0.000000000,,0.000000000,,v2/work_logs/F07_2026-09-27_S1.md,partial
F07,F07-A1,2026-09-27-S1,D,X,2026-09-27T22:38:44.201139+00:00,2026-09-27T22:39:26.087157+00:00,41.886017706,41.886017706,0.000000000,,0.000000000,,v2/work_logs/F07_2026-09-27_S1.md,partial
F07,F07-A1,2026-09-27-S1,D,R,2026-09-27T22:39:26.087157+00:00,2026-09-27T22:40:28.584559+00:00,62.497403300,62.497403300,0.000000000,,0.000000000,,v2/work_logs/F07_2026-09-27_S1.md,partial
F07,F07-A1,2026-09-27-S1,D,R,2026-09-27T22:40:28.584559+00:00,2026-09-27T22:41:21.753915+00:00,53.169354559,53.169354559,0.000000000,,0.000000000,,v2/work_logs/F07_2026-09-27_S1.md,partial
F07,F07-A1,2026-09-27-S1,D,R,2026-09-27T22:41:21.753915+00:00,2026-09-27T22:42:13.461921+00:00,51.708005568,51.708005568,0.000000000,,0.000000000,,v2/work_logs/F07_2026-09-27_S1.md,partial
F07,F07-A1,2026-09-27-S1,D,R,2026-09-27T22:42:13.461921+00:00,2026-09-27T22:43:02.970289+00:00,49.508368147,49.508368147,0.000000000,,0.000000000,,v2/work_logs/F07_2026-09-27_S1.md,partial
F07,F07-A1,2026-09-27-S1,D,R,2026-09-27T22:43:02.970289+00:00,2026-09-27T22:44:08.143393+00:00,65.173104095,65.173104095,0.000000000,,0.000000000,,v2/work_logs/F07_2026-09-27_S1.md,partial
F07,F07-A1,2026-09-27-S1,D,R,2026-09-27T22:44:08.143393+00:00,2026-09-27T22:44:57.417302+00:00,49.273908183,49.273908183,0.000000000,,0.000000000,,v2/work_logs/F07_2026-09-27_S1.md,partial
F07,F07-A1,2026-09-27-S1,D,R,2026-09-27T22:44:57.417302+00:00,2026-09-27T22:45:26.874268+00:00,29.456966067,29.456966067,0.000000000,,0.000000000,,v2/work_logs/F07_2026-09-27_S1.md,partial
F07,F07-A1,2026-09-27-S1,D,R,2026-09-27T22:45:26.874268+00:00,2026-09-27T22:46:19.277409+00:00,52.403141846,52.403141846,0.000000000,,0.000000000,,v2/work_logs/F07_2026-09-27_S1.md,partial
F07,F07-A1,2026-09-27-S1,D,R,2026-09-27T22:46:19.277409+00:00,2026-09-27T22:46:43.364949+00:00,24.087539237,24.087539237,0.000000000,,0.000000000,,v2/work_logs/F07_2026-09-27_S1.md,partial
F07,F07-A1,2026-09-27-S1,D,R,2026-09-27T22:46:43.364949+00:00,2026-09-27T22:47:03.746836+00:00,20.381886727,20.381886727,0.000000000,,0.000000000,,v2/work_logs/F07_2026-09-27_S1.md,partial
F07,F07-A1,2026-09-27-S1,D,R,2026-09-27T22:47:03.746836+00:00,2026-09-27T22:47:18.818355+00:00,15.071519997,15.071519997,0.000000000,,0.000000000,,v2/work_logs/F07_2026-09-27_S1.md,partial
F07,F07-A1,2026-09-27-S1,O,,2026-09-27T22:47:18.818355+00:00,2026-09-27T22:47:31.170020+00:00,12.351690019,0.000000000,0.000000000,,12.351690019,,v2/work_logs/F07_2026-09-27_S1.md,partial
F07,F07-A1,2026-09-27-S1,D,R,2026-09-27T22:47:31.170020+00:00,2026-09-27T22:47:42.000927+00:00,10.830881490,10.830881490,0.000000000,,0.000000000,,v2/work_logs/F07_2026-09-27_S1.md,partial
F07,F07-A1,2026-09-27-S1,E,R,2026-09-27T22:47:42.000927+00:00,2026-09-27T22:50:04.775890+00:00,142.774971380,142.774971380,0.000000000,,0.000000000,,v2/work_logs/F07_2026-09-27_S1.md,partial
F07,F07-A1,2026-09-27-S1,O,,2026-09-27T22:50:04.775890+00:00,2026-09-27T22:50:28.071737+00:00,23.295840009,0.000000000,1.896688137,,21.399151872,,v2/work_logs/F07_2026-09-27_S1.md,partial
F07,F07-A1,2026-09-27-S1,E,R,2026-09-27T22:50:28.071737+00:00,2026-09-27T22:50:55.996943+00:00,27.925206457,27.925206457,0.000000000,,0.000000000,,v2/work_logs/F07_2026-09-27_S1.md,partial
F07,F07-A1,2026-09-27-S1,O,,2026-09-27T22:50:55.996943+00:00,2026-09-27T22:50:59.514018+00:00,3.517101626,0.000000000,2.393621403,,1.123480223,,v2/work_logs/F07_2026-09-27_S1.md,partial
F07,F07-A1,2026-09-28-S2,O,,2026-09-28T01:12:01.797941+00:00,2026-09-28T01:12:02.372619+00:00,0.574676775,0.000000000,,,0.574676775,,v2/work_logs/F07_2026-09-28_S2.md,partial
F07,F07-A1,2026-09-28-S2,D,R,2026-09-28T01:12:02.372619+00:00,2026-09-28T01:12:51.970757+00:00,49.598174098,49.598174098,,,0.000000000,,v2/work_logs/F07_2026-09-28_S2.md,partial
F07,F07-A1,2026-09-28-S2,D,R,2026-09-28T01:12:51.970757+00:00,2026-09-28T01:14:29.464116+00:00,97.493324684,97.493324684,,,0.000000000,,v2/work_logs/F07_2026-09-28_S2.md,partial
F07,F07-A1,2026-09-28-S2,D,R,2026-09-28T01:14:29.464116+00:00,2026-09-28T01:16:37.026498+00:00,127.562382974,127.562382974,,,0.000000000,,v2/work_logs/F07_2026-09-28_S2.md,partial
F07,F07-A1,2026-09-28-S2,D,R,2026-09-28T01:16:37.026498+00:00,2026-09-28T01:18:30.279591+00:00,113.253091783,113.253091783,,,0.000000000,,v2/work_logs/F07_2026-09-28_S2.md,partial
F07,F07-A1,2026-09-28-S2,D,X,2026-09-28T01:18:30.279591+00:00,2026-09-28T01:21:36.723172+00:00,186.443581682,186.443581682,,,0.000000000,,v2/work_logs/F07_2026-09-28_S2.md,partial
F07,F07-A1,2026-09-28-S2,D,X,2026-09-28T01:21:36.723172+00:00,2026-09-28T01:21:37.369590+00:00,0.646418755,0.646418755,,,0.000000000,,v2/work_logs/F07_2026-09-28_S2.md,partial
F07,F07-A1,2026-09-28-S2,O,,2026-09-28T01:21:37.369590+00:00,2026-09-28T01:24:09.260110+00:00,151.890524565,0.000000000,,,151.890524565,,v2/work_logs/F07_2026-09-28_S2.md,partial
F07,F07-A1,2026-09-28-S2,O,,2026-09-28T01:24:09.260110+00:00,2026-09-28T01:24:10.462282+00:00,1.202164959,0.000000000,,,1.202164959,,v2/work_logs/F07_2026-09-28_S2.md,partial
F07,F07-A1,2026-09-28-S2,D,X,2026-09-28T01:24:10.462282+00:00,2026-09-28T01:24:56.176442+00:00,45.714161489,45.714161489,,,0.000000000,,v2/work_logs/F07_2026-09-28_S2.md,partial
F07,F07-A1,2026-09-28-S2,D,X,2026-09-28T01:24:56.176442+00:00,2026-09-28T01:25:37.767758+00:00,41.591348745,41.591348745,,,0.000000000,,v2/work_logs/F07_2026-09-28_S2.md,partial
F07,F07-A1,2026-09-28-S2,D,X,2026-09-28T01:25:37.767758+00:00,2026-09-28T01:27:14.374158+00:00,96.606368741,96.606368741,,,0.000000000,,v2/work_logs/F07_2026-09-28_S2.md,partial
F07,F07-A1,2026-09-28-S2,D,X,2026-09-28T01:27:14.374158+00:00,2026-09-28T01:28:17.575408+00:00,63.201250489,63.201250489,,,0.000000000,,v2/work_logs/F07_2026-09-28_S2.md,partial
F07,F07-A1,2026-09-28-S2,D,X,2026-09-28T01:28:17.575408+00:00,2026-09-28T01:29:46.704602+00:00,89.129194413,89.129194413,,,0.000000000,,v2/work_logs/F07_2026-09-28_S2.md,partial
F07,F07-A1,2026-09-28-S2,D,R,2026-09-28T01:29:46.704602+00:00,2026-09-28T01:31:38.759269+00:00,112.054664835,112.054664835,,,0.000000000,,v2/work_logs/F07_2026-09-28_S2.md,partial
F07,F07-A1,2026-09-28-S2,D,R,2026-09-28T01:31:38.759269+00:00,2026-09-28T01:32:51.162307+00:00,72.403040479,72.403040479,,,0.000000000,,v2/work_logs/F07_2026-09-28_S2.md,partial
F07,F07-A1,2026-09-28-S2,O,,2026-09-28T01:32:51.162307+00:00,2026-09-28T01:32:59.969162+00:00,8.806854528,0.000000000,,,8.806854528,,v2/work_logs/F07_2026-09-28_S2.md,partial
F07,F07-A1,2026-09-28-S2,E,R,2026-09-28T01:32:59.969162+00:00,2026-09-28T01:35:36.599743+00:00,156.630579138,156.630579138,,,0.000000000,,v2/work_logs/F07_2026-09-28_S2.md,partial
F07,F07-A1,2026-09-28-S2,O,,2026-09-28T01:35:36.599743+00:00,2026-09-28T01:35:46.425406+00:00,9.825661712,0.000000000,,,9.825661712,,v2/work_logs/F07_2026-09-28_S2.md,partial
F07,F07-A1,2026-09-28-S2,O,,2026-09-28T01:35:46.425406+00:00,2026-09-28T01:36:02.660918+00:00,16.235514243,0.000000000,,,16.235514243,,v2/work_logs/F07_2026-09-28_S2.md,partial
F07,F07-A1,2026-09-28-S2,E,R,2026-09-28T01:36:02.660918+00:00,2026-09-28T01:36:03.961438+00:00,1.300518641,1.300518641,,,0.000000000,,v2/work_logs/F07_2026-09-28_S2.md,partial
F07,F07-A1,2026-09-28-S2,O,,2026-09-28T01:36:03.961438+00:00,2026-09-28T01:36:37.990000+00:00,34.028561334,0.000000000,,,34.028561334,,v2/work_logs/F07_2026-09-28_S2.md,partial
F07,F07-A1,2026-09-28-S2,D,R,2026-09-28T01:36:37.990000+00:00,2026-09-28T01:38:18.090117+00:00,100.100117921,100.100117921,,,0.000000000,,v2/work_logs/F07_2026-09-28_S2.md,partial
F07,F07-A1,2026-09-28-S2,D,R,2026-09-28T01:38:18.090117+00:00,2026-09-28T01:39:31.464745+00:00,73.374628730,73.374628730,,,0.000000000,,v2/work_logs/F07_2026-09-28_S2.md,partial
F07,F07-A1,2026-09-28-S2,D,R,2026-09-28T01:39:31.464745+00:00,2026-09-28T01:40:35.129666+00:00,63.664920364,63.664920364,,,0.000000000,,v2/work_logs/F07_2026-09-28_S2.md,partial
F07,F07-A1,2026-09-28-S2,D,R,2026-09-28T01:40:35.129666+00:00,2026-09-28T01:41:40.890643+00:00,65.760977117,65.760977117,,,0.000000000,,v2/work_logs/F07_2026-09-28_S2.md,partial
F07,F07-A1,2026-09-28-S2,D,R,2026-09-28T01:41:40.890643+00:00,2026-09-28T01:42:55.693407+00:00,74.802762740,74.802762740,,,0.000000000,,v2/work_logs/F07_2026-09-28_S2.md,partial
F07,F07-A1,2026-09-28-S2,D,R,2026-09-28T01:42:55.693407+00:00,2026-09-28T01:43:51.473948+00:00,55.780541665,55.780541665,,,0.000000000,,v2/work_logs/F07_2026-09-28_S2.md,partial
F07,F07-A1,2026-09-28-S2,D,R,2026-09-28T01:43:51.473948+00:00,2026-09-28T01:45:11.435332+00:00,79.961385114,79.961385114,,,0.000000000,,v2/work_logs/F07_2026-09-28_S2.md,partial
F07,F07-A1,2026-09-28-S2,D,R,2026-09-28T01:45:11.435332+00:00,2026-09-28T01:46:27.481111+00:00,76.045776307,76.045776307,,,0.000000000,,v2/work_logs/F07_2026-09-28_S2.md,partial
F07,F07-A1,2026-09-28-S2,O,,2026-09-28T01:46:27.481111+00:00,2026-09-28T01:48:53.841572+00:00,146.360462052,0.000000000,,,146.360462052,,v2/work_logs/F07_2026-09-28_S2.md,partial
F07,F07-A1,2026-09-28-S2,O,,2026-09-28T01:48:53.841572+00:00,2026-09-28T01:48:55.062635+00:00,1.221061963,0.000000000,,,1.221061963,,v2/work_logs/F07_2026-09-28_S2.md,partial
F07,F07-A1,2026-09-28-S2,D,R,2026-09-28T01:48:55.062635+00:00,2026-09-28T01:49:31.155634+00:00,36.093001197,36.093001197,,,0.000000000,,v2/work_logs/F07_2026-09-28_S2.md,partial
F07,F07-A1,2026-09-28-S2,D,R,2026-09-28T01:49:31.155634+00:00,2026-09-28T01:49:31.766434+00:00,0.610800318,0.610800318,,,0.000000000,,v2/work_logs/F07_2026-09-28_S2.md,partial
F07,F07-A1,2026-09-28-S2,D,R,2026-09-28T01:49:31.766434+00:00,2026-09-28T01:50:05.164161+00:00,33.397728568,33.397728568,,,0.000000000,,v2/work_logs/F07_2026-09-28_S2.md,partial
F07,F07-A1,2026-09-28-S2,D,R,2026-09-28T01:50:05.164161+00:00,2026-09-28T01:50:23.789141+00:00,18.624978195,18.624978195,,,0.000000000,,v2/work_logs/F07_2026-09-28_S2.md,partial
F07,F07-A1,2026-09-28-S2,D,R,2026-09-28T01:50:23.789141+00:00,2026-09-28T01:50:37.488497+00:00,13.699355270,13.699355270,,,0.000000000,,v2/work_logs/F07_2026-09-28_S2.md,partial
F07,F07-A1,2026-09-28-S2,D,R,2026-09-28T01:50:37.488497+00:00,2026-09-28T01:50:50.805639+00:00,13.317144993,13.317144993,,,0.000000000,,v2/work_logs/F07_2026-09-28_S2.md,partial
F07,F07-A1,2026-09-28-S2,O,,2026-09-28T01:50:50.805639+00:00,2026-09-28T01:50:51.468303+00:00,0.662662525,0.000000000,,,0.662662525,,v2/work_logs/F07_2026-09-28_S2.md,partial
F07,F07-A1,2026-09-28-S2,O,,2026-09-28T01:50:51.468303+00:00,2026-09-28T01:51:26.253997+00:00,34.785692912,0.000000000,,,34.785692912,,v2/work_logs/F07_2026-09-28_S2.md,partial
F07,F07-A1,2026-09-28-S2,E,R,2026-09-28T01:51:26.253997+00:00,2026-09-28T01:51:34.810595+00:00,8.556597316,8.556597316,,,0.000000000,,v2/work_logs/F07_2026-09-28_S2.md,partial
F07,F07-A1,2026-09-28-S2,O,,2026-09-28T01:51:34.810595+00:00,2026-09-28T01:54:07.503973+00:00,152.693378213,0.000000000,,,152.693378213,,v2/work_logs/F07_2026-09-28_S2.md,partial
F07,F07-A1,2026-09-28-S3-public,O,,2026-09-28T15:42:56.791957+00:00,2026-09-28T15:50:41.529253+00:00,464.737294683,,0,,464.737294683,,v2/work_logs/F07_2026-09-28_S3_public.md,historical S3 partial; imported in S4; original fragment retained
F07,F07-A1,2026-09-28-S3-public,D,R,2026-09-28T15:50:43.092952+00:00,2026-09-28T15:52:47.356369+00:00,124.263418691,124.263418691,0,,0,,v2/work_logs/F07_2026-09-28_S3_public.md,historical S3 partial; imported in S4; original fragment retained
F07,F07-A1,2026-09-28-S3-public,O,,2026-09-28T15:52:49.206547+00:00,2026-09-28T15:56:40.734456+00:00,231.527809365,,0,,231.527809365,,v2/work_logs/F07_2026-09-28_S3_public.md,historical S3 partial; imported in S4; original fragment retained
F07,F07-A1,2026-09-28-S3-public,E,R,2026-09-28T15:56:42.355815+00:00,2026-09-28T15:57:11.055859+00:00,28.700034899,24.187423014,4.512611885,,0,,v2/work_logs/F07_2026-09-28_S3_public.md,historical S3 partial; imported in S4; original fragment retained
F07,F07-A1,2026-09-28-S3-public,O,,2026-09-28T15:57:12.905192+00:00,2026-09-28T15:58:28.417752+00:00,75.512560669,,0,,75.512560669,,v2/work_logs/F07_2026-09-28_S3_public.md,historical S3 partial; imported in S4; original fragment retained
F07,F07-A1,2026-09-28-S3-public,D,R,2026-09-28T15:58:30.287630+00:00,2026-09-28T16:00:52.509974+00:00,142.222348002,142.222348002,0,,0,,v2/work_logs/F07_2026-09-28_S3_public.md,historical S3 partial; imported in S4; original fragment retained
F07,F07-A1,2026-09-28-S3-public,O,,2026-09-28T16:00:54.433275+00:00,2026-09-28T16:03:09.761043+00:00,135.327765274,,0,,135.327765274,,v2/work_logs/F07_2026-09-28_S3_public.md,historical S3 partial; imported in S4; original fragment retained
F07,F07-A1,2026-09-28-S3-public,E,R,2026-09-28T16:03:11.464482+00:00,2026-09-28T16:06:45.124106+00:00,213.659537416,202.280312173,11.379225243,,0,,v2/work_logs/F07_2026-09-28_S3_public.md,historical S3 partial; imported in S4; original fragment retained
F07,F07-A1,2026-09-28-S3-public,D,X,2026-09-28T16:06:46.907097+00:00,2026-09-28T16:13:39.026476+00:00,412.119384873,412.119384873,0,,0,,v2/work_logs/F07_2026-09-28_S3_public.md,historical S3 partial; imported in S4; original fragment retained
F07,F07-A1,2026-09-28-S3-public,O,,2026-09-28T16:13:40.975782+00:00,2026-09-28T16:16:30.817591+00:00,169.841796853,,0,,169.841796853,,v2/work_logs/F07_2026-09-28_S3_public.md,historical S3 partial; imported in S4; original fragment retained
F07,F07-A1,2026-09-28-S3-public,E,R,2026-09-28T16:16:32.590054+00:00,2026-09-28T16:18:30.901692+00:00,118.311666479,110.470732964,7.840933515,,0,,v2/work_logs/F07_2026-09-28_S3_public.md,historical S3 partial; imported in S4; original fragment retained
F07,F07-A1,2026-09-28-S3-public,O,,2026-09-28T16:18:32.721218+00:00,2026-09-28T16:24:48.487709+00:00,375.766492558,,0,,375.766492558,,v2/work_logs/F07_2026-09-28_S3_public.md,historical S3 partial; imported in S4; original fragment retained
F07,F07-A1,2026-09-28-S3-public,D,R,2026-09-28T16:24:50.123243+00:00,2026-09-28T16:29:04.369270+00:00,254.246035562,254.246035562,0,,0,,v2/work_logs/F07_2026-09-28_S3_public.md,historical S3 partial; imported in S4; original fragment retained
F07,F07-A1,2026-09-28-S3-public,O,,2026-09-28T16:29:06.049175+00:00,2026-09-28T16:33:33.902854+00:00,267.8536779,,0,,267.8536779,,v2/work_logs/F07_2026-09-28_S3_public.md,historical S3 partial; imported in S4; original fragment retained
F07,F07-A1,2026-09-28-S3-public,D,R,2026-09-28T16:33:35.464429+00:00,2026-09-28T16:35:01.159569+00:00,85.695092675,85.695092675,0,,0,,v2/work_logs/F07_2026-09-28_S3_public.md,historical S3 partial; imported in S4; original fragment retained
F07,F07-A1,2026-09-28-S3-public,O,,2026-09-28T16:35:03.045698+00:00,2026-09-28T16:37:26.180194+00:00,143.134507872,,0,,143.134507872,,v2/work_logs/F07_2026-09-28_S3_public.md,historical S3 partial; imported in S4; original fragment retained
F07,F07-A1,2026-09-28-S3-public,O,,2026-09-28T16:37:27.933155+00:00,2026-09-28T16:40:53.832957+00:00,205.899795522,,0,,205.899795522,,v2/work_logs/F07_2026-09-28_S3_public.md,historical S3 partial; imported in S4; original fragment retained
F07,F07-A1,2026-09-28-S3-public,O,,2026-09-28T16:40:55.410497+00:00,2026-09-28T16:48:12.978176+00:00,437.567693436,,29.375348967,,408.192344469,,v2/work_logs/F07_2026-09-28_S3_public.md,historical S3 partial; imported in S4; original fragment retained
F07,F07-A1,2026-09-28-S4,D,R,2026-09-28T17:00:48.159980+00:00,2026-09-28T17:01:40.330697+00:00,52.170717455,52.170717455,,,0,,v2/work_logs/F07_2026-09-28_S4.md,closed; observed active research segment
F07,F07-A1,2026-09-28-S4,D,R,2026-09-28T17:01:40.968103+00:00,2026-09-28T17:02:49.836370+00:00,68.868267603,68.868267603,,,0,,v2/work_logs/F07_2026-09-28_S4.md,closed; observed active research segment
F07,F07-A1,2026-09-28-S4,D,X,2026-09-28T17:02:50.431851+00:00,2026-09-28T17:03:55.823991+00:00,65.392136759,65.392136759,,,0,,v2/work_logs/F07_2026-09-28_S4.md,closed; observed active research segment
F07,F07-A1,2026-09-28-S4,D,X,2026-09-28T17:03:56.430941+00:00,2026-09-28T17:05:19.446255+00:00,83.01530895,83.01530895,,,0,,v2/work_logs/F07_2026-09-28_S4.md,closed; observed active research segment
F07,F07-A1,2026-09-28-S4,O,,2026-09-28T17:05:20.028418+00:00,2026-09-28T17:06:48.823815+00:00,88.795370824,,,,88.795370824,,v2/work_logs/F07_2026-09-28_S4.md,closed; mixed research and administration
F07,F07-A1,2026-09-28-S4,O,,2026-09-28T17:06:49.478805+00:00,2026-09-28T17:09:51.511233+00:00,182.032427979,,,,182.032427979,,v2/work_logs/F07_2026-09-28_S4.md,closed; context recovery
F07,F07-A1,2026-09-28-S4,D,R,2026-09-28T17:10:08.979885+00:00,2026-09-28T17:11:52.730645+00:00,103.750759606,103.750759606,,,0,,v2/work_logs/F07_2026-09-28_S4.md,closed; observed active research segment
F07,F07-A1,2026-09-28-S4,D,X,2026-09-28T17:11:53.275218+00:00,2026-09-28T17:14:27.812906+00:00,154.537687284,154.537687284,,,0,,v2/work_logs/F07_2026-09-28_S4.md,closed; observed active research segment
F07,F07-A1,2026-09-28-S4,E,R,2026-09-28T17:14:28.414252+00:00,2026-09-28T17:16:09.856504+00:00,101.442257323,101.442257323,,,0,,v2/work_logs/F07_2026-09-28_S4.md,closed; observed active research segment
F07,F07-A1,2026-09-28-S4,D,R,2026-09-28T17:16:32.792828+00:00,2026-09-28T17:18:21.439638+00:00,108.646779506,108.646779506,,,0,,v2/work_logs/F07_2026-09-28_S4.md,closed; observed active research segment
F07,F07-A1,2026-09-28-S4,D,X,2026-09-28T17:18:22.061569+00:00,2026-09-28T17:19:16.898471+00:00,54.836906189,54.836906189,,,0,,v2/work_logs/F07_2026-09-28_S4.md,closed; observed active research segment
F07,F07-A1,2026-09-28-S4,D,X,2026-09-28T17:19:17.621425+00:00,2026-09-28T17:20:53.457042+00:00,95.835616121,95.835616121,,,0,,v2/work_logs/F07_2026-09-28_S4.md,closed; observed active research segment
F07,F07-A1,2026-09-28-S4,D,X,2026-09-28T17:20:54.091653+00:00,2026-09-28T17:21:02.446961+00:00,8.355340314,8.355340314,,,0,,v2/work_logs/F07_2026-09-28_S4.md,closed; observed active research segment
F07,F07-A1,2026-09-28-S4,D,X,2026-09-28T17:21:03.095465+00:00,2026-09-28T17:23:16.572569+00:00,133.477106196,133.477106196,,,0,,v2/work_logs/F07_2026-09-28_S4.md,closed; observed active research segment
F07,F07-A1,2026-09-28-S4,E,R,2026-09-28T17:23:17.263331+00:00,2026-09-28T17:23:50.133229+00:00,32.869899879,32.869899879,,,0,,v2/work_logs/F07_2026-09-28_S4.md,closed; observed active research segment
F07,F07-A1,2026-09-28-S4,D,R,2026-09-28T17:23:50.854574+00:00,2026-09-28T17:26:13.334308+00:00,142.479734378,142.479734378,,,0,,v2/work_logs/F07_2026-09-28_S4.md,closed; observed active research segment
F07,F07-A1,2026-09-28-S4,D,R,2026-09-28T17:26:13.950875+00:00,2026-09-28T17:29:45.251771+00:00,211.300893799,211.300893799,,,0,,v2/work_logs/F07_2026-09-28_S4.md,closed; observed active research segment
F07,F07-A1,2026-09-28-S4,O,,2026-09-28T17:29:46.429867+00:00,2026-09-28T17:32:44.756955+00:00,178.327090443,,,,178.327090443,,v2/work_logs/F07_2026-09-28_S4.md,closed; mixed research and delivery planning
F07,F07-A1,2026-09-28-S4,D,X,2026-09-28T17:32:45.363182+00:00,2026-09-28T17:35:06.130991+00:00,140.767808838,140.767808838,,,0,,v2/work_logs/F07_2026-09-28_S4.md,closed; observed active research segment
F07,F07-A1,2026-09-28-S4,O,,2026-09-28T17:35:07.475156+00:00,2026-09-28T17:37:33.557716+00:00,146.082560279,,,,146.082560279,,v2/work_logs/F07_2026-09-28_S4.md,closed; context compaction/recovery
F07,F07-A1,2026-09-28-S4,D,R,2026-09-28T17:37:52.758058+00:00,2026-09-28T17:39:04.878408+00:00,72.120349813,72.120349813,,,0,,v2/work_logs/F07_2026-09-28_S4.md,closed; observed active research segment
F07,F07-A1,2026-09-28-S4,D,X,2026-09-28T17:41:31.592725+00:00,2026-09-28T17:44:12.516367+00:00,160.92363931,160.92363931,,,0,,v2/work_logs/F07_2026-09-28_S4.md,closed; observed active research segment
F07,F07-A1,2026-09-28-S4,D,R,2026-09-28T17:44:51.256048+00:00,2026-09-28T17:46:12.938737+00:00,81.68268703,81.68268703,,,0,,v2/work_logs/F07_2026-09-28_S4.md,closed; observed active research segment
F07,F07-A1,2026-09-28-S4,D,X,2026-09-28T17:46:32.928704+00:00,2026-09-28T17:47:19.456739+00:00,46.52803163,46.52803163,,,0,,v2/work_logs/F07_2026-09-28_S4.md,closed; observed active research segment
F07,F07-A1,2026-09-28-S4,D,R,2026-09-28T17:47:38.235391+00:00,2026-09-28T17:48:03.654768+00:00,25.419376888,25.419376888,,,0,,v2/work_logs/F07_2026-09-28_S4.md,closed; observed active research segment
F07,F07-A1,2026-09-28-S4,O,,2026-09-28T17:48:46.659544+00:00,2026-09-28T17:50:00.949650+00:00,74.290107871,,,,74.290107871,,v2/work_logs/F07_2026-09-28_S4.md,closed; administration occupancy; not measured engaged research
F07,F07-A1,2026-09-28-S4,E,R,2026-09-28T17:50:01.579882+00:00,2026-09-28T17:50:02.768788+00:00,1.188907621,1.188907621,,,0,,v2/work_logs/F07_2026-09-28_S4.md,closed; observed active research segment
F07,F07-A1,2026-09-28-S4,O,,2026-09-28T17:50:15.160716+00:00,2026-09-28T17:53:50.727620+00:00,215.566903356,,,,215.566903356,,v2/work_logs/F07_2026-09-28_S4.md,closed; administration occupancy; not measured engaged research
"F08","F08-A1","2026-09-30-S1","D","X","2026-09-30T02:55:11.3986468Z","2026-09-30T03:02:45.4549964Z","454.0554851","454.0554851","0","0","0","","v2/work_logs/F08_2026-09-30_S1.md","closed; engaged research after exclusions"
"F08","F08-A1","2026-09-30-S1","D","R","2026-09-30T03:02:45.4772021Z","2026-09-30T03:07:50.4850769Z","305.010788","305.010788","0","0","0","","v2/work_logs/F08_2026-09-30_S1.md","closed; engaged research after exclusions"
"F08","F08-A1","2026-09-30-S1","E","R","2026-09-30T03:07:50.5077053Z","2026-09-30T03:11:47.1566284Z","236.6517594","234.6517594","0","0","2","","v2/work_logs/F08_2026-09-30_S1.md","closed; engaged research after exclusions"
"F08","F08-A1","2026-09-30-S1","O","","2026-09-30T03:11:47.1796124Z","2026-09-30T03:12:29.0903343Z","41.9136318","0.0000000","0","0","41.9136318","","v2/work_logs/F08_2026-09-30_S1.md","closed; occupancy only; engaged/wait/recovery split unmeasured"
"F08","F08-A1","2026-09-30-S1","L","R","2026-09-30T03:12:29.1125584Z","2026-09-30T03:16:12.2116462Z","223.1030005","0.0000000","0","0","223.1030005","","v2/work_logs/F08_2026-09-30_S1.md","closed; occupancy only; engaged/wait/recovery split unmeasured"
"F08","F08-A1","2026-09-30-S1","D","R","2026-09-30T03:16:12.2439782Z","2026-09-30T03:21:59.3018528Z","347.0614843","347.0614843","0","0","0","","v2/work_logs/F08_2026-09-30_S1.md","closed; engaged research after exclusions"
"F08","F08-A1","2026-09-30-S1","D","X","2026-09-30T03:21:59.3297842Z","2026-09-30T03:34:31.9961321Z","752.6692195","752.6692195","0","0","0","","v2/work_logs/F08_2026-09-30_S1.md","closed; engaged research after exclusions"
"F08","F08-A1","2026-09-30-S1","E","R","2026-09-30T03:34:32.0188310Z","2026-09-30T03:38:25.9465332Z","233.9312905","223.0736605","8.85763","0","2","","v2/work_logs/F08_2026-09-30_S1.md","closed; engaged research after exclusions"
"F08","F08-A1","2026-09-30-S1","O","","2026-09-30T03:38:25.9730901Z","2026-09-30T03:40:05.7895954Z","99.8194287","0.0000000","0","0","99.8194287","","v2/work_logs/F08_2026-09-30_S1.md","closed; occupancy only; engaged/wait/recovery split unmeasured"
"F08","F08-A1","2026-09-30-S1","L","R","2026-09-30T03:40:05.8121819Z","2026-09-30T03:41:08.4490728Z","62.6409258","0.0000000","0","0","62.6409258","","v2/work_logs/F08_2026-09-30_S1.md","closed; occupancy only; engaged/wait/recovery split unmeasured"
"F08","F08-A1","2026-09-30-S1","D","R","2026-09-30T03:41:08.4760288Z","2026-09-30T03:49:03.1615301Z","474.6884292","474.6884292","0","0","0","","v2/work_logs/F08_2026-09-30_S1.md","closed; engaged research after exclusions"
"F08","F08-A1","2026-09-30-S1","D","X","2026-09-30T03:49:03.1846858Z","2026-09-30T03:54:27.1188938Z","323.937087","202.6613523","0","0","121.2757347","","v2/work_logs/F08_2026-09-30_S1.md","closed; engaged research after exclusions"
"F08","F08-A1","2026-09-30-S1","E","R","2026-09-30T03:54:27.1409802Z","2026-09-30T03:55:14.4686878Z","47.3305223","35.9174977","9.4130246","0","2","","v2/work_logs/F08_2026-09-30_S1.md","closed; engaged research after exclusions"
"F08","F08-A1","2026-09-30-S1","O","","2026-09-30T03:55:14.4908401Z","2026-09-30T03:55:56.8035562Z","42.3162801","0.0000000","0","0","42.3162801","","v2/work_logs/F08_2026-09-30_S1.md","closed; occupancy only; engaged/wait/recovery split unmeasured"
"F08","F08-A1","2026-09-30-S1","E","R","2026-09-30T03:55:56.8299634Z","2026-09-30T03:56:10.0443811Z","13.2178918","7.2844251","3.9334667","0","2","","v2/work_logs/F08_2026-09-30_S1.md","closed; engaged research after exclusions"
"F08","F08-A1","2026-09-30-S1","D","R","2026-09-30T03:56:10.0618481Z","2026-09-30T04:09:39.2516572Z","809.1926946","809.1926946","0","0","0","","v2/work_logs/F08_2026-09-30_S1.md","closed; engaged research after exclusions"
"F08","F08-A1","2026-09-30-S1","O","","2026-09-30T04:09:39.2741421Z","2026-09-30T04:10:08.9116211Z","29.6403514","0.0000000","0","0","29.6403514","","v2/work_logs/F08_2026-09-30_S1.md","closed; occupancy only; engaged/wait/recovery split unmeasured"
"F08","F08-A1","2026-09-30-S1","D","X","2026-09-30T04:10:08.9343888Z","2026-09-30T04:16:54.2576882Z","405.3290095","405.3290095","0","0","0","","v2/work_logs/F08_2026-09-30_S1.md","closed; engaged research after exclusions"
"F08","F08-A1","2026-09-30-S1","D","R","2026-09-30T04:16:54.2881343Z","2026-09-30T04:25:02.1309626Z","487.8428183","249.9480978","0","0","237.8947205","","v2/work_logs/F08_2026-09-30_S1.md","closed; engaged research after exclusions"
"F08","F08-A1","2026-09-30-S1","D","R","2026-09-30T04:25:02.1345936Z","2026-09-30T04:26:41.3030501Z","99.1718188","99.1718188","0","0","0","","v2/work_logs/F08_2026-09-30_S1.md","closed; engaged research after exclusions"
"F08","F08-A1","2026-09-30-S1","E","R","2026-09-30T04:26:41.3291035Z","2026-09-30T04:30:28.7921654Z","227.4665508","209.0815140","16.3850368","0","2","","v2/work_logs/F08_2026-09-30_S1.md","closed; engaged research after exclusions"
"F08","F08-A1","2026-09-30-S1","O","","2026-09-30T04:30:28.8197307Z","2026-09-30T04:30:50.7378699Z","21.9220124","0.0000000","0","0","21.9220124","","v2/work_logs/F08_2026-09-30_S1.md","closed; occupancy only; engaged/wait/recovery split unmeasured"
"F08","F08-A1","2026-09-30-S1","D","R","2026-09-30T04:30:50.7650224Z","2026-09-30T04:34:11.3061649Z","200.544554","200.544554","0","0","0","","v2/work_logs/F08_2026-09-30_S1.md","closed; engaged research after exclusions"
"F08","F08-A1","2026-09-30-S1","O","","2026-09-30T04:34:11.3295451Z","2026-09-30T04:34:36.9387346Z","25.6125215","0.0000000","0","0","25.6125215","","v2/work_logs/F08_2026-09-30_S1.md","closed; occupancy only; engaged/wait/recovery split unmeasured"
"F08","F08-A1","2026-09-30-S1","D","R","2026-09-30T04:34:36.9656379Z","2026-09-30T04:36:59.3265632Z","142.3646242","142.3646242","0","0","0","","v2/work_logs/F08_2026-09-30_S1.md","closed; engaged research after exclusions"
"F08","F08-A1","2026-09-30-S1","E","R","2026-09-30T04:36:59.3526790Z","2026-09-30T04:37:43.4246691Z","44.0753254","32.0627661","10.0125593","0","2","","v2/work_logs/F08_2026-09-30_S1.md","closed; engaged research after exclusions"
"F08","F08-A1","2026-09-30-S1","O","","2026-09-30T04:37:43.4508303Z","2026-09-30T04:38:16.1407515Z","32.6927344","0.0000000","0","0","32.6927344","","v2/work_logs/F08_2026-09-30_S1.md","closed; occupancy only; engaged/wait/recovery split unmeasured"
"F08","F08-A1","2026-09-30-S1","D","X","2026-09-30T04:38:16.1631069Z","2026-09-30T04:45:38.8010051Z","442.6407471","442.6407471","0","0","0","","v2/work_logs/F08_2026-09-30_S1.md","closed; engaged research after exclusions"
"F08","F08-A1","2026-09-30-S1","E","R","2026-09-30T04:45:38.8235222Z","2026-09-30T04:49:50.7161018Z","251.8960988","210.3720735","39.5240253","0","2","","v2/work_logs/F08_2026-09-30_S1.md","closed; engaged research after exclusions"
"F08","F08-A1","2026-09-30-S1","D","R","2026-09-30T04:49:50.7439931Z","2026-09-30T04:53:08.6544159Z","197.9136457","197.9136457","0","0","0","","v2/work_logs/F08_2026-09-30_S1.md","closed; engaged research after exclusions"
"F08","F08-A1","2026-09-30-S1","O","","2026-09-30T04:53:08.6839640Z","2026-09-30T04:54:11.1819616Z","62.5013961","0.0000000","0","0","62.5013961","","v2/work_logs/F08_2026-09-30_S1.md","closed; occupancy only; engaged/wait/recovery split unmeasured"
"F08","F08-A1","2026-09-30-S1","D","R","2026-09-30T04:54:11.2082164Z","2026-09-30T04:59:48.3349168Z","337.1296981","307.1296981","0","0","30","","v2/work_logs/F08_2026-09-30_S1.md","closed; engaged research after exclusions"
"F08","F08-A1","2026-09-30-S1","E","R","2026-09-30T04:59:48.3580269Z","2026-09-30T05:00:51.6858082Z","63.3300646","45.5163478","15.8137168","0","2","","v2/work_logs/F08_2026-09-30_S1.md","closed; engaged research after exclusions"
"F08","F08-A1","2026-09-30-S1","D","R","2026-09-30T05:00:51.7015650Z","2026-09-30T05:01:36.7005756Z","45.0018145","45.0018145","0","0","0","","v2/work_logs/F08_2026-09-30_S1.md","closed; engaged research after exclusions"
"F08","F08-A1","2026-09-30-S1","O","","2026-09-30T05:01:36.7233208Z","2026-09-30T05:10:47.9767183Z","551.2554278","0.0000000","0","0","551.2554278","","v2/work_logs/F08_2026-09-30_S1.md","closed; occupancy only; engaged/wait/recovery split unmeasured"
"F09","F09-A1","2026-09-30-S1","D","R","2026-09-30T15:31:32.9204855Z","2026-09-30T15:36:24.9183481Z","291.9972679","233.1344006","0.0000000","0.0000000","58.8628673","4200","v2/work_logs/F09_2026-09-30_S1.md","closed; measured after explicit exclusions"
"F09","F09-A1","2026-09-30-S1","O","","2026-09-30T15:36:24.9406148Z","2026-09-30T15:36:25.4084147Z","0.4705575","0.4705575","0.0000000","0.0000000","0.0000000","720","v2/work_logs/F09_2026-09-30_S1.md","closed; measured after explicit exclusions"
"F09","F09-A1","2026-09-30-S1","D","R","2026-09-30T15:36:25.4302812Z","2026-09-30T15:40:19.8334473Z","234.4060260","196.7583380","0.0000000","0.0000000","37.6476880","","v2/work_logs/F09_2026-09-30_S1.md","closed; measured after explicit exclusions"
"F09","F09-A1","2026-09-30-S1","E","R","2026-09-30T15:40:19.8593923Z","2026-09-30T15:48:28.2244809Z","488.3679093","349.2366489","2.4134125","0.0000000","136.7178479","1500","v2/work_logs/F09_2026-09-30_S1.md","closed; measured after explicit exclusions"
"F09","F09-A1","2026-09-30-S1","D","X","2026-09-30T15:48:28.2508141Z","2026-09-30T16:06:09.9263851Z","1061.6785247","1061.6785247","0.0000000","0.0000000","0.0000000","","v2/work_logs/F09_2026-09-30_S1.md","closed; measured after explicit exclusions"
"F09","F09-A1","2026-09-30-S1","E","X","2026-09-30T16:06:09.9529046Z","2026-09-30T16:14:14.1422100Z","484.1920589","406.2618379","77.9302210","0.0000000","0.0000000","","v2/work_logs/F09_2026-09-30_S1.md","closed; measured after explicit exclusions"
"F09","F09-A1","2026-09-30-S1","D","R","2026-09-30T16:14:14.1642940Z","2026-09-30T16:30:12.3786796Z","958.2171528","958.2171528","0.0000000","0.0000000","0.0000000","","v2/work_logs/F09_2026-09-30_S1.md","closed; measured after explicit exclusions"
"F09","F09-A1","2026-09-30-S1","O","","2026-09-30T16:30:12.4015121Z","2026-09-30T16:34:48.1171534Z","275.7191155","275.7191155","0.0000000","0.0000000","0.0000000","","v2/work_logs/F09_2026-09-30_S1.md","closed; measured after explicit exclusions"
"F09","F09-A1","2026-09-30-S1","D","X","2026-09-30T16:34:48.1417353Z","2026-09-30T16:46:47.7338551Z","719.5946440","444.5891981","0.0000000","0.0000000","275.0054459","","v2/work_logs/F09_2026-09-30_S1.md","closed; measured after explicit exclusions"
"F09","F09-A1","2026-09-30-S1","D","X","2026-09-30T16:47:01.4279292Z","2026-09-30T16:59:20.8237306Z","739.3958187","711.1271088","0.0000000","0.0000000","28.2687099","","v2/work_logs/F09_2026-09-30_S1.md","closed; measured after explicit exclusions; includes conservative D overhead reserve"
"F09","F09-A1","2026-09-30-S1","D","X","2026-09-30T16:59:48.2432392Z","2026-09-30T17:00:49.9745113Z","61.7312901","0.0000000","0.0000000","0.0000000","61.7312901","","v2/work_logs/F09_2026-09-30_S1.md","closed; measured after explicit exclusions; includes conservative D overhead reserve"
"F09","F09-A1","2026-09-30-S1","O","","2026-09-30T17:00:50.1160918Z","2026-09-30T17:05:35.9597279Z","285.8474413","285.8474413","0.0000000","0.0000000","0.0000000","","v2/work_logs/F09_2026-09-30_S1.md","closed; measured after explicit exclusions"
"F09","F09-A1","2026-09-30-S1","E","R","2026-09-30T17:05:35.9867005Z","2026-09-30T17:06:48.7118890Z","72.7268577","70.8947498","1.8321079","0.0000000","0.0000000","","v2/work_logs/F09_2026-09-30_S1.md","closed; measured after explicit exclusions"
"F09","F09-A1","2026-09-30-S1","O","","2026-09-30T17:06:48.7220587Z","2026-09-30T17:07:33.7893626Z","45.0713733","45.0713733","0.0000000","0.0000000","0.0000000","","v2/work_logs/F09_2026-09-30_S1.md","closed; measured after explicit exclusions"
"F10","F10-A1","2026-09-30-S1","O","","2026-09-30T18:26:53.8930070Z","2026-09-30T18:26:54.4616998Z","0.5684198","0.5684198","0.0000000","0.0000000","0.0000000","720","v2/work_logs/F10_2026-09-30_S1.md","closed; measured after explicit exclusions"
"F10","F10-A1","2026-09-30-S1","L","R","2026-09-30T18:26:54.4853952Z","2026-09-30T18:34:08.7812869Z","434.2995687","209.1329953","14.4977027","0.0000000","210.6688707","3600","v2/work_logs/F10_2026-09-30_S1.md","closed; measured after explicit exclusions"
"F10","F10-A1","2026-09-30-S1","L","R","2026-09-30T18:34:08.8083874Z","2026-09-30T18:41:48.8743200Z","460.0692740","460.0692740","0.0000000","0.0000000","0.0000000","","v2/work_logs/F10_2026-09-30_S1.md","closed; measured after explicit exclusions"
"F10","F10-A1","2026-09-30-S1","L","X","2026-09-30T18:41:48.8996188Z","2026-09-30T18:50:40.4950803Z","531.5991997","0.0040338","1.6844451","0.0000000","529.9107208","","v2/work_logs/F10_2026-09-30_S1.md","closed; measured after explicit exclusions"
"F10","F10-A1","2026-09-30-S1","L","X","2026-09-30T18:50:40.5221774Z","2026-09-30T18:56:54.1113168Z","373.5920309","368.4948330","5.0971979","0.0000000","0.0000000","","v2/work_logs/F10_2026-09-30_S1.md","closed; measured after explicit exclusions"
"F10","F10-A1","2026-09-30-S1","D","X","2026-09-30T18:56:54.1345483Z","2026-09-30T19:00:48.6829356Z","234.5512878","234.5512878","0.0000000","0.0000000","0.0000000","720","v2/work_logs/F10_2026-09-30_S1.md","closed; measured after explicit exclusions"
"F10","F10-A1","2026-09-30-S1","L","R","2026-09-30T19:00:48.7061049Z","2026-09-30T19:07:46.5375452Z","417.8341454","181.9340401","7.1317686","0.0000000","228.7683367","","v2/work_logs/F10_2026-09-30_S1.md","closed; measured after explicit exclusions"
"F10","F10-A1","2026-09-30-S1","L","R","2026-09-30T19:07:46.5598217Z","2026-09-30T19:11:22.8975925Z","216.3406815","211.2452948","5.0953867","0.0000000","0.0000000","","v2/work_logs/F10_2026-09-30_S1.md","closed; measured after explicit exclusions"
"F10","F10-A1","2026-09-30-S1","D","X","2026-09-30T19:11:22.9199542Z","2026-09-30T19:12:16.8882422Z","53.9711657","53.9711657","0.0000000","0.0000000","0.0000000","","v2/work_logs/F10_2026-09-30_S1.md","closed; measured after explicit exclusions"
"F10","F10-A1","2026-09-30-S1","L","X","2026-09-30T19:12:16.9115969Z","2026-09-30T19:25:54.3794236Z","817.4709088","344.6789405","7.0041796","0.0000000","465.7877887","","v2/work_logs/F10_2026-09-30_S1.md","closed; measured after explicit exclusions"
"F10","F10-A1","2026-09-30-S1","L","R","2026-09-30T19:25:54.4025291Z","2026-09-30T19:30:08.1809994Z","253.7813486","244.6244627","9.1568859","0.0000000","0.0000000","","v2/work_logs/F10_2026-09-30_S1.md","closed; measured after explicit exclusions"
"F10","F10-A1","2026-09-30-S1","E","R","2026-09-30T19:30:08.2045921Z","2026-09-30T19:31:34.1592132Z","85.9572996","56.0238635","29.9334361","0.0000000","0.0000000","300","v2/work_logs/F10_2026-09-30_S1.md","closed; measured after explicit exclusions"
"F10","F10-A1","2026-09-30-S1","L","X","2026-09-30T19:31:34.1729818Z","2026-09-30T19:34:53.9776940Z","199.8086311","195.4653909","4.3432402","0.0000000","0.0000000","","v2/work_logs/F10_2026-09-30_S1.md","closed; measured after explicit exclusions"
"F10","F10-A1","2026-09-30-S1","D","X","2026-09-30T19:34:54.0048572Z","2026-09-30T19:35:48.9846553Z","54.9827466","24.9827466","0.0000000","0.0000000","30.0000000","","v2/work_logs/F10_2026-09-30_S1.md","closed; measured after explicit exclusions; includes conservative D overhead reserve"
"F10","F10-A1","2026-09-30-S1","L","R","2026-09-30T19:35:49.0081342Z","2026-09-30T19:42:30.2902706Z","401.2850058","173.9177286","4.0644502","0.0000000","223.3028270","","v2/work_logs/F10_2026-09-30_S1.md","closed; measured after explicit exclusions"
"F10","F10-A1","2026-09-30-S1","L","R","2026-09-30T19:42:30.3128847Z","2026-09-30T19:43:41.9893204Z","71.6798803","71.6798803","0.0000000","0.0000000","0.0000000","","v2/work_logs/F10_2026-09-30_S1.md","closed; measured after explicit exclusions"
"F10","F10-A1","2026-09-30-S1","O","R","2026-09-30T19:43:42.0213714Z","2026-09-30T19:44:36.6936522Z","54.6754968","54.6754968","0.0000000","0.0000000","0.0000000","","v2/work_logs/F10_2026-09-30_S1.md","closed; measured after explicit exclusions"
"F10","F10-A1","2026-09-30-S1","L","X","2026-09-30T19:44:36.7174956Z","2026-09-30T19:50:42.1749909Z","365.4604386","238.8323114","6.6281272","0.0000000","120.0000000","","v2/work_logs/F10_2026-09-30_S1.md","closed; measured after explicit exclusions; includes conservative L overhead reserve"
"F10","F10-A1","2026-09-30-S1","O","R","2026-09-30T19:50:42.1980662Z","2026-09-30T19:55:37.5809164Z","295.3850923","295.3850923","0.0000000","0.0000000","0.0000000","","v2/work_logs/F10_2026-09-30_S1.md","closed; measured after explicit exclusions"
"Gate B","B_1","2026-09-30-S1","O","","2026-10-01T00:50:28.9653735Z","2026-10-01T00:50:29.4337644Z","0.4692227","0.4692227","0.0000000","0.0000000","0.0000000","600","v2/work_logs/B_1_2026-09-30_S1.md","closed; measured after explicit exclusions"
"Gate B","B_1","2026-09-30-S1","D","R","2026-10-01T00:50:29.4559277Z","2026-10-01T00:55:49.5844141Z","320.1312955","320.1312955","0.0000000","0.0000000","0.0000000","2100","v2/work_logs/B_1_2026-09-30_S1.md","closed; measured after explicit exclusions"
"Gate B","B_1","2026-09-30-S1","O","","2026-10-01T00:55:49.6063046Z","2026-10-01T00:55:49.6331129Z","0.0268022","0.0268022","0.0000000","0.0000000","0.0000000","","v2/work_logs/B_1_2026-09-30_S1.md","closed; measured after explicit exclusions"
"Gate B","B_1","2026-09-30-S1","E","X","2026-10-01T00:55:49.6366123Z","2026-10-01T01:01:52.2433778Z","362.6095293","184.6666043","0.3643831","0.0000000","177.5785419","900","v2/work_logs/B_1_2026-09-30_S1.md","closed; measured after explicit exclusions"
"Gate B","B_1","2026-09-30-S1","E","X","2026-10-01T01:01:52.2655943Z","2026-10-01T01:05:08.7961325Z","196.5334006","96.6755547","99.8578459","0.0000000","0.0000000","","v2/work_logs/B_1_2026-09-30_S1.md","closed; measured after explicit exclusions"
"Gate B","B_1","2026-09-30-S1","O","","2026-10-01T01:05:08.8188835Z","2026-10-01T01:06:00.9961192Z","52.1799592","17.5487987","34.6311605","0.0000000","0.0000000","","v2/work_logs/B_1_2026-09-30_S1.md","closed; measured after explicit exclusions"
"Gate B","B_1","2026-09-30-S1","D","X","2026-10-01T01:06:01.0180880Z","2026-10-01T01:07:20.3547910Z","79.3401007","16.9853401","32.3547606","0.0000000","30.0000000","","v2/work_logs/B_1_2026-09-30_S1.md","closed; measured after explicit exclusions; includes conservative D overhead reserve"
"Gate B","B_1","2026-09-30-S1","E","R","2026-10-01T01:07:20.3718041Z","2026-10-01T01:07:54.1795383Z","33.8077323","3.4102895","0.3974428","0.0000000","30.0000000","","v2/work_logs/B_1_2026-09-30_S1.md","closed; measured after explicit exclusions; includes conservative E overhead reserve"
"Gate B","B_1","2026-09-30-S1","O","","2026-10-01T01:07:54.1830627Z","2026-10-01T01:14:19.1686495Z","384.9895076","364.5515566","0.4379510","0.0000000","20.0000000","","v2/work_logs/B_1_2026-09-30_S1.md","closed; measured after explicit exclusions; includes conservative O overhead reserve"
"PLAN01","PLAN01-A1","2026-09-30-S1","O","","2026-10-01T01:28:42.3992690Z","2026-10-01T01:37:37.9203417Z","535.5221333","","","","535.5221333","600","v2/work_logs/PLAN01_2026-09-30_S1.md","complete; administrative occupancy; engaged/tool split unknown; no research credit"
"N01","N01-A1","2026-10-02-S1","D","R","2026-10-03T00:00:13.3761825Z","2026-10-03T00:03:53.4542586Z","220.0771259","220.0771259","0.0000000","0.0000000","0.0000000","1800","v2/work_logs/N01_2026-10-02_S1.md","closed; measured after explicit exclusions"
"N01","N01-A1","2026-10-02-S1","L","R","2026-10-03T00:03:53.4764527Z","2026-10-03T00:08:04.9508277Z","251.4771577","138.3308967","8.6450679","0.0000000","104.5011931","1800","v2/work_logs/N01_2026-10-02_S1.md","closed; measured after explicit exclusions"
"N01","N01-A1","2026-10-02-S1","D","X","2026-10-03T00:08:04.9727306Z","2026-10-03T00:11:54.1545656Z","229.1846040","229.1846040","0.0000000","0.0000000","0.0000000","","v2/work_logs/N01_2026-10-02_S1.md","closed; measured after explicit exclusions"
"N01","N01-A1","2026-10-02-S1","L","X","2026-10-03T00:11:54.1768446Z","2026-10-03T00:19:04.5714119Z","430.3973269","199.2846990","6.3106571","0.0000000","224.8019708","","v2/work_logs/N01_2026-10-02_S1.md","closed; measured after explicit exclusions"
"N01","N01-A1","2026-10-02-S1","D","R","2026-10-03T00:19:04.5925304Z","2026-10-03T00:20:43.8513244Z","99.2618114","99.2618114","0.0000000","0.0000000","0.0000000","","v2/work_logs/N01_2026-10-02_S1.md","closed; measured after explicit exclusions"
"N01","N01-A1","2026-10-02-S1","D","X","2026-10-03T00:20:43.8745585Z","2026-10-03T00:24:47.5795073Z","243.7077598","243.7077598","0.0000000","0.0000000","0.0000000","","v2/work_logs/N01_2026-10-02_S1.md","closed; measured after explicit exclusions"
"N01","N01-A1","2026-10-02-S1","L","R","2026-10-03T00:24:47.6010497Z","2026-10-03T00:30:56.5941811Z","368.9970011","89.7103650","9.3985705","0.0000000","269.8880656","","v2/work_logs/N01_2026-10-02_S1.md","closed; measured after explicit exclusions"
"N01","N01-A1","2026-10-02-S1","L","R","2026-10-03T00:30:56.6204349Z","2026-10-03T00:33:41.6961873Z","165.0757524","156.1042557","8.9714967","0.0000000","0.0000000","","v2/work_logs/N01_2026-10-02_S1.md","closed; measured after explicit exclusions"
"N01","N01-A1","2026-10-02-S1","D","X","2026-10-03T00:33:41.7003083Z","2026-10-03T00:39:43.2142848Z","361.5167954","361.5167954","0.0000000","0.0000000","0.0000000","","v2/work_logs/N01_2026-10-02_S1.md","closed; measured after explicit exclusions"
"N01","N01-A1","2026-10-02-S1","E","R","2026-10-03T00:39:43.2357574Z","2026-10-03T00:42:11.4057556Z","148.1728260","146.4080402","1.7647858","0.0000000","0.0000000","300","v2/work_logs/N01_2026-10-02_S1.md","closed; measured after explicit exclusions"
"N01","N01-A1","2026-10-02-S1","L","X","2026-10-03T00:42:11.4271511Z","2026-10-03T00:47:19.0867086Z","307.6595545","221.9370783","12.5945130","0.0000000","73.1279632","","v2/work_logs/N01_2026-10-02_S1.md","closed; measured after explicit exclusions"
"N01","N01-A1","2026-10-02-S1","D","X","2026-10-03T00:47:19.0904436Z","2026-10-03T00:54:14.8421966Z","415.7547580","415.7547580","0.0000000","0.0000000","0.0000000","","v2/work_logs/N01_2026-10-02_S1.md","closed; measured after explicit exclusions"
"N01","N01-A1","2026-10-02-S1","O","","2026-10-03T00:54:14.8646584Z","2026-10-03T00:56:06.8446986Z","111.9831793","111.9831793","0.0000000","0.0000000","0.0000000","600","v2/work_logs/N01_2026-10-02_S1.md","closed; measured after explicit exclusions"
"N01","N01-A1","2026-10-02-S1","L","R","2026-10-03T00:56:06.8672379Z","2026-10-03T01:02:31.2826385Z","384.4193107","77.3449088","6.7056910","0.0000000","300.3687109","","v2/work_logs/N01_2026-10-02_S1.md","closed; measured after explicit exclusions"
"N01","N01-A1","2026-10-02-S1","L","R","2026-10-03T01:02:46.1590571Z","2026-10-03T01:04:52.0089996Z","125.8498593","116.2886721","6.2219363","0.0000000","3.3392509","","v2/work_logs/N01_2026-10-02_S1.md","closed; measured after explicit exclusions; includes conservative L overhead reserve"
"N01","N01-A1","2026-10-02-S1","D","R","2026-10-03T01:04:52.0308226Z","2026-10-03T01:13:34.6792947Z","522.6514106","522.6514106","0.0000000","0.0000000","0.0000000","","v2/work_logs/N01_2026-10-02_S1.md","closed; measured after explicit exclusions"
"N01","N01-A1","2026-10-02-S1","L","R","2026-10-03T01:13:34.7008029Z","2026-10-03T01:16:07.9711850Z","153.2730626","0.0000000","5.7322957","0.0000000","147.5407669","","v2/work_logs/N01_2026-10-02_S1.md","closed; measured after explicit exclusions; includes conservative L overhead reserve"
"N01","N01-A1","2026-10-02-S1","D","R","2026-10-03T01:16:07.9927231Z","2026-10-03T01:19:53.4504545Z","225.4607070","225.4607070","0.0000000","0.0000000","0.0000000","","v2/work_logs/N01_2026-10-02_S1.md","closed; measured after explicit exclusions"
"N01","N01-A1","2026-10-02-S1","D","X","2026-10-03T01:19:53.4732818Z","2026-10-03T01:25:26.3155423Z","332.8450373","297.1641316","0.0000000","0.0000000","35.6809057","","v2/work_logs/N01_2026-10-02_S1.md","closed; measured after explicit exclusions; includes conservative D overhead reserve"
"N01","N01-A1","2026-10-02-S1","D","X","2026-10-03T01:25:33.3965606Z","2026-10-03T01:25:57.7154944Z","24.3190943","0.0000000","0.0000000","0.0000000","24.3190943","","v2/work_logs/N01_2026-10-02_S1.md","closed; measured after explicit exclusions; includes conservative D overhead reserve"
"N01","N01-A1","2026-10-02-S1","E","R","2026-10-03T01:25:57.7387312Z","2026-10-03T01:28:40.1830584Z","162.4472005","160.5251395","1.9220610","0.0000000","0.0000000","","v2/work_logs/N01_2026-10-02_S1.md","closed; measured after explicit exclusions"
"N01","N01-A1","2026-10-02-S1","O","R","2026-10-03T01:28:40.2053126Z","2026-10-03T01:37:13.1038395Z","512.9025735","512.9025735","0.0000000","0.0000000","0.0000000","","v2/work_logs/N01_2026-10-02_S1.md","closed; measured after explicit exclusions"
"N01","N01-A1","2026-10-02-S1","E","R","2026-10-03T01:37:13.1317776Z","2026-10-03T01:38:50.2566176Z","97.1287468","24.4714026","42.6573442","0.0000000","30.0000000","","v2/work_logs/N01_2026-10-02_S1.md","closed; measured after explicit exclusions; includes conservative E overhead reserve"
"N01","N01-A1","2026-10-02-S1","O","R","2026-10-03T01:38:50.2834702Z","2026-10-03T01:41:34.7954475Z","164.5159574","134.5159574","0.0000000","0.0000000","30.0000000","","v2/work_logs/N01_2026-10-02_S1.md","closed; measured after explicit exclusions; includes conservative O overhead reserve"
"N01","R-N01-01-C3","2026-10-02-R1","O","","2026-10-03T01:54:44.0689412Z","2026-10-03T01:57:03.7176355Z","139.6483081","139.6483081","0.0000000","0.0000000","0.0000000","900","v2/work_logs/N01R_2026-10-02_S1.md","closed; measured after explicit exclusions"
"N01","R-N01-01-C3","2026-10-02-R1","D","X","2026-10-03T01:57:03.7426180Z","2026-10-03T02:00:18.2856723Z","194.5463975","194.5463975","0.0000000","0.0000000","0.0000000","5400","v2/work_logs/N01R_2026-10-02_S1.md","closed; measured after explicit exclusions"
"N01","R-N01-01-C3","2026-10-02-R1","L","R","2026-10-03T02:00:18.3100731Z","2026-10-03T02:02:53.0714285Z","154.7613510","144.0187636","10.7425874","0.0000000","0.0000000","1800","v2/work_logs/N01R_2026-10-02_S1.md","closed; measured after explicit exclusions"
"N01","R-N01-01-C3","2026-10-02-R1","D","X","2026-10-03T02:02:53.0751882Z","2026-10-03T02:15:37.3136210Z","764.2412771","764.2412771","0.0000000","0.0000000","0.0000000","","v2/work_logs/N01R_2026-10-02_S1.md","closed; measured after explicit exclusions"
"N01","R-N01-01-C3","2026-10-02-R1","L","R","2026-10-03T02:15:37.3355387Z","2026-10-03T02:24:51.2366174Z","553.9039924","248.4036130","6.8076996","0.0000000","298.6926798","","v2/work_logs/N01R_2026-10-02_S1.md","closed; measured after explicit exclusions"
"N01","R-N01-01-C3","2026-10-02-R1","D","X","2026-10-03T02:24:51.2587295Z","2026-10-03T02:32:59.2051467Z","487.9491064","458.2218560","0.0000000","0.0000000","29.7272504","","v2/work_logs/N01R_2026-10-02_S1.md","closed; measured after explicit exclusions"
"N01","R-N01-01-C3","2026-10-02-R1","E","R","2026-10-03T02:32:59.2278230Z","2026-10-03T02:37:31.9318496Z","272.7068275","272.5306825","0.1761450","0.0000000","0.0000000","900","v2/work_logs/N01R_2026-10-02_S1.md","closed; measured after explicit exclusions"
"N01","R-N01-01-C3","2026-10-02-R1","D","R","2026-10-03T02:37:31.9540668Z","2026-10-03T02:43:48.0780190Z","376.1267249","376.1267249","0.0000000","0.0000000","0.0000000","","v2/work_logs/N01R_2026-10-02_S1.md","closed; measured after explicit exclusions"
"N01","R-N01-01-C3","2026-10-02-R1","L","R","2026-10-03T02:43:48.0996320Z","2026-10-03T02:51:36.2611404Z","468.1650555","117.9878696","3.1021444","0.0000000","347.0750415","","v2/work_logs/N01R_2026-10-02_S1.md","closed; measured after explicit exclusions"
"N01","R-N01-01-C3","2026-10-02-R1","D","X","2026-10-03T02:51:36.2879378Z","2026-10-03T03:06:55.4757213Z","919.1908208","919.1908208","0.0000000","0.0000000","0.0000000","","v2/work_logs/N01R_2026-10-02_S1.md","closed; measured after explicit exclusions"
"N01","R-N01-01-C3","2026-10-02-R1","L","R","2026-10-03T03:06:55.4985927Z","2026-10-03T03:10:56.1029561Z","240.6071323","162.9969822","12.4284144","0.0000000","65.1817357","","v2/work_logs/N01R_2026-10-02_S1.md","closed; measured after explicit exclusions"
"N01","R-N01-01-C3","2026-10-02-R1","O","","2026-10-03T03:10:56.1252341Z","2026-10-03T03:12:27.3991221Z","91.2771608","91.2771608","0.0000000","0.0000000","0.0000000","","v2/work_logs/N01R_2026-10-02_S1.md","closed; measured after explicit exclusions"
"N01","R-N01-01-C3","2026-10-02-R1","D","R","2026-10-03T03:12:27.4226139Z","2026-10-03T03:21:32.8823060Z","545.4637204","545.4637204","0.0000000","0.0000000","0.0000000","","v2/work_logs/N01R_2026-10-02_S1.md","closed; measured after explicit exclusions"
"N01","R-N01-01-C3","2026-10-02-R1","D","X","2026-10-03T03:21:32.9094624Z","2026-10-03T03:26:37.4535936Z","304.5470127","304.5470127","0.0000000","0.0000000","0.0000000","","v2/work_logs/N01R_2026-10-02_S1.md","closed; measured after explicit exclusions"
"N01","R-N01-01-C3","2026-10-02-R1","L","R","2026-10-03T03:26:37.4757347Z","2026-10-03T03:29:44.0893735Z","186.6165301","79.3129619","6.6231066","0.0000000","100.6804616","","v2/work_logs/N01R_2026-10-02_S1.md","closed; measured after explicit exclusions"
"N01","R-N01-01-C3","2026-10-02-R1","D","R","2026-10-03T03:29:44.1118730Z","2026-10-03T03:36:01.5745484Z","377.4655770","377.4655770","0.0000000","0.0000000","0.0000000","","v2/work_logs/N01R_2026-10-02_S1.md","closed; measured after explicit exclusions"
"N01","R-N01-01-C3","2026-10-02-R1","D","X","2026-10-03T03:36:01.5968519Z","2026-10-03T03:44:33.4641106Z","511.8701979","183.5831289","0.0000000","0.0000000","328.2870690","","v2/work_logs/N01R_2026-10-02_S1.md","closed; measured after explicit exclusions"
"N01","R-N01-01-C3","2026-10-02-R1","L","R","2026-10-03T03:44:33.4866076Z","2026-10-03T03:49:18.1830411Z","284.6994935","179.6994935","0.0000000","0.0000000","105.0000000","","v2/work_logs/N01R_2026-10-02_S1.md","closed; measured after explicit exclusions"
"N01","R-N01-01-C3","2026-10-02-R1","D","X","2026-10-03T03:49:18.2060488Z","2026-10-03T03:55:45.9373983Z","387.7350901","387.7350901","0.0000000","0.0000000","0.0000000","","v2/work_logs/N01R_2026-10-02_S1.md","closed; measured after explicit exclusions"
"N01","R-N01-01-C3","2026-10-02-R1","O","R","2026-10-03T03:55:45.9640533Z","2026-10-03T03:56:34.6525764Z","48.6916554","48.6916554","0.0000000","0.0000000","0.0000000","","v2/work_logs/N01R_2026-10-02_S1.md","closed; measured after explicit exclusions"
"N01","R-N01-01-C3","2026-10-02-R1","E","R","2026-10-03T03:56:34.6754255Z","2026-10-03T03:59:48.1103752Z","193.4378035","193.3470122","0.0907913","0.0000000","0.0000000","","v2/work_logs/N01R_2026-10-02_S1.md","closed; measured after explicit exclusions"
"N01","R-N01-01-C3","2026-10-02-R1","D","R","2026-10-03T03:59:48.1328185Z","2026-10-03T04:06:19.4943754Z","391.3646706","391.3646706","0.0000000","0.0000000","0.0000000","","v2/work_logs/N01R_2026-10-02_S1.md","closed; measured after explicit exclusions"
"N01","R-N01-01-C3","2026-10-02-R1","L","R","2026-10-03T04:06:19.5163713Z","2026-10-03T04:15:59.3244658Z","579.8118025","134.9981628","0.0000000","0.0000000","444.8136397","","v2/work_logs/N01R_2026-10-02_S1.md","closed; measured after explicit exclusions; includes conservative L overhead reserve"
"N01","R-N01-01-C3","2026-10-02-R1","D","X","2026-10-03T04:15:59.3502921Z","2026-10-03T04:21:46.3782502Z","347.0317248","347.0317248","0.0000000","0.0000000","0.0000000","","v2/work_logs/N01R_2026-10-02_S1.md","closed; measured after explicit exclusions"
"N01","R-N01-01-C3","2026-10-02-R1","L","R","2026-10-03T04:21:46.4042179Z","2026-10-03T04:23:52.8413292Z","126.4401015","0.0000000","0.0000000","0.0000000","126.4401015","","v2/work_logs/N01R_2026-10-02_S1.md","closed; measured after explicit exclusions; includes conservative L overhead reserve"
"N01","R-N01-01-C3","2026-10-02-R1","D","R","2026-10-03T04:23:52.8641183Z","2026-10-03T04:34:16.8530012Z","623.9918246","623.9918246","0.0000000","0.0000000","0.0000000","","v2/work_logs/N01R_2026-10-02_S1.md","closed; measured after explicit exclusions"
"N01","R-N01-01-C3","2026-10-02-R1","E","R","2026-10-03T04:34:16.8752358Z","2026-10-03T04:37:03.3081761Z","166.4357970","166.2085387","0.2272583","0.0000000","0.0000000","","v2/work_logs/N01R_2026-10-02_S1.md","closed; measured after explicit exclusions"
"N01","R-N01-01-C3","2026-10-02-R1","O","R","2026-10-03T04:37:03.3302119Z","2026-10-03T04:38:05.1234947Z","61.7964399","61.7964399","0.0000000","0.0000000","0.0000000","","v2/work_logs/N01R_2026-10-02_S1.md","closed; measured after explicit exclusions"
"N01","R-N01-01-C3","2026-10-02-R1","D","R","2026-10-03T04:38:05.1460773Z","2026-10-03T04:44:18.1693300Z","373.0263949","291.5039828","0.0000000","0.0000000","81.5224121","","v2/work_logs/N01R_2026-10-02_S1.md","closed; measured after explicit exclusions; includes conservative D overhead reserve"
"N01","R-N01-01-C3","2026-10-02-R1","O","R","2026-10-03T04:44:18.1934887Z","2026-10-03T04:44:48.3335326Z","30.1431358","30.1431358","0.0000000","0.0000000","0.0000000","","v2/work_logs/N01R_2026-10-02_S1.md","closed; measured after explicit exclusions"
"N01","R-N01-01-C3","2026-10-02-R1","D","R","2026-10-03T04:44:48.3565632Z","2026-10-03T04:45:26.8313082Z","38.4775879","0.0000000","0.0000000","0.0000000","38.4775879","","v2/work_logs/N01R_2026-10-02_S1.md","closed; measured after explicit exclusions; includes conservative D overhead reserve"
"N01","R-N01-01-C3","2026-10-02-R1","O","R","2026-10-03T04:45:26.8530713Z","2026-10-03T04:46:29.1208929Z","62.2716902","62.2716902","0.0000000","0.0000000","0.0000000","","v2/work_logs/N01R_2026-10-02_S1.md","closed; measured after explicit exclusions"
"N01","R-N01-01-C3","2026-10-02-R1","E","R","2026-10-03T04:46:29.1483251Z","2026-10-03T04:56:10.6360931Z","581.4914893","26.0400963","200.2931569","0.0000000","355.1582361","","v2/work_logs/N01R_2026-10-02_S1.md","closed; measured after explicit exclusions; includes conservative E overhead reserve"
"N01","R-N01-01-C3","2026-10-02-R1","O","R","2026-10-03T04:56:10.6630845Z","2026-10-03T05:03:36.8938135Z","446.2346866","416.2346866","0.0000000","0.0000000","30.0000000","","v2/work_logs/N01R_2026-10-02_S1.md","closed; measured after explicit exclusions; includes conservative O overhead reserve"
"N01","R-N01-01-C3","2026-10-02-R1","E","R","2026-10-03T05:03:36.9218708Z","2026-10-03T05:03:51.6078497Z","14.6897069","0.0000000","0.4382171","0.0000000","14.2514898","","v2/work_logs/N01R_2026-10-02_S1.md","closed; measured after explicit exclusions; includes conservative E overhead reserve"
"F11","R-N01-01-C1","2026-10-03-S1","E","R","2026-10-04T00:20:14.2162358Z","2026-10-04T00:37:27.3680872Z","1033.1506689","1026.2791556","6.8715133","0.0000000","0.0000000","3600","v2/work_logs/F11_2026-10-03_S1.md","closed; measured after explicit exclusions"
"F11","R-N01-01-C1","2026-10-03-S1","E","X","2026-10-04T00:37:27.3818830Z","2026-10-04T00:58:01.4556237Z","1234.0766816","1201.4798331","32.5968485","0.0000000","0.0000000","","v2/work_logs/F11_2026-10-03_S1.md","closed; measured after explicit exclusions"
"F11","R-N01-01-C1","2026-10-03-S1","E","R","2026-10-04T00:58:01.4900135Z","2026-10-04T01:29:12.1760027Z","1870.6889831","1381.9882885","59.8949414","0.0000000","428.8057532","","v2/work_logs/F11_2026-10-03_S1.md","closed; measured after explicit exclusions; includes conservative E overhead reserve"
"F11","R-N01-01-C1","2026-10-03-S1","O","","2026-10-04T01:29:12.2107997Z","2026-10-04T01:41:31.2457699Z","739.0391956","708.5707583","0.4684373","0.0000000","30.0000000","600","v2/work_logs/F11_2026-10-03_S1.md","closed; measured after explicit exclusions; includes conservative O overhead reserve"
"F12","R-N01-01-C2","2026-10-03-S1","E","R","2026-10-04T02:33:54.0589841Z","2026-10-04T02:48:16.4626624Z","862.4000029","836.0663435","26.3336594","0.0000000","0.0000000","3600","v2/work_logs/F12_2026-10-03_S1.md","closed; measured after explicit exclusions"
"F12","R-N01-01-C2","2026-10-03-S1","E","X","2026-10-04T02:48:16.4667487Z","2026-10-04T03:13:50.4918718Z","1534.0288645","1264.1283648","65.1696735","0.0000000","204.7308262","","v2/work_logs/F12_2026-10-03_S1.md","closed; measured after explicit exclusions"
"F12","R-N01-01-C2","2026-10-03-S1","E","R","2026-10-04T03:13:50.9792617Z","2026-10-04T03:27:04.7818171Z","793.8027353","764.6964502","29.1062851","0.0000000","0.0000000","","v2/work_logs/F12_2026-10-03_S1.md","closed; measured after explicit exclusions"
"F12","R-N01-01-C2","2026-10-03-S1","E","X","2026-10-04T03:27:05.2540193Z","2026-10-04T03:37:55.8278963Z","650.5743996","619.6172421","30.9571575","0.0000000","0.0000000","","v2/work_logs/F12_2026-10-03_S1.md","closed; measured after explicit exclusions"
"F12","R-N01-01-C2","2026-10-03-S1","E","R","2026-10-04T03:37:56.3097073Z","2026-10-04T03:45:52.6352205Z","476.3261367","170.6895485","5.6365882","0.0000000","300.0000000","","v2/work_logs/F12_2026-10-03_S1.md","closed; measured after explicit exclusions; includes conservative E overhead reserve"
"F12","R-N01-01-C2","2026-10-03-S1","O","","2026-10-04T03:45:53.1278939Z","2026-10-04T03:56:45.0750804Z","651.9482348","621.9482348","0.0000000","0.0000000","30.0000000","600","v2/work_logs/F12_2026-10-03_S1.md","closed; measured after explicit exclusions; includes conservative O overhead reserve"
"F13","R-N01-01-F13-A","2026-10-04-S1","O","","2026-10-04T14:23:20.1552462Z","2026-10-04T14:23:20.6039680Z","0.4492008","0.4492008","0.0000000","0.0000000","0.0000000","600","v2/work_logs/F13_2026-10-04_S1.md","closed; measured after explicit exclusions"
"F13","R-N01-01-F13-A","2026-10-04-S1","D","R","2026-10-04T14:23:20.6395701Z","2026-10-04T14:26:53.8222190Z","213.1856655","213.1856655","0.0000000","0.0000000","0.0000000","3600","v2/work_logs/F13_2026-10-04_S1.md","closed; measured after explicit exclusions"
"F13","R-N01-01-F13-A","2026-10-04-S1","L","X","2026-10-04T14:26:53.8577454Z","2026-10-04T14:29:22.3375023Z","148.4826748","140.6267710","7.8559038","0.0000000","0.0000000","600","v2/work_logs/F13_2026-10-04_S1.md","closed; measured after explicit exclusions"
"F13","R-N01-01-F13-A","2026-10-04-S1","D","X","2026-10-04T14:29:22.3715916Z","2026-10-04T14:34:53.5326385Z","331.1639657","331.1639657","0.0000000","0.0000000","0.0000000","","v2/work_logs/F13_2026-10-04_S1.md","closed; measured after explicit exclusions"
"F13","R-N01-01-F13-A","2026-10-04-S1","E","R","2026-10-04T14:34:53.5680600Z","2026-10-04T14:44:38.9931581Z","585.4282598","576.8956411","8.5326187","0.0000000","0.0000000","1200","v2/work_logs/F13_2026-10-04_S1.md","closed; measured after explicit exclusions"
"F13","R-N01-01-F13-A","2026-10-04-S1","D","R","2026-10-04T14:44:39.0277823Z","2026-10-04T14:53:12.0574532Z","513.0337697","513.0337697","0.0000000","0.0000000","0.0000000","","v2/work_logs/F13_2026-10-04_S1.md","closed; measured after explicit exclusions"
"F13","R-N01-01-F13-A","2026-10-04-S1","E","X","2026-10-04T14:53:12.1032412Z","2026-10-04T14:56:52.1338457Z","220.0334977","212.5969854","7.4365123","0.0000000","0.0000000","","v2/work_logs/F13_2026-10-04_S1.md","closed; measured after explicit exclusions"
"F13","R-N01-01-F13-A","2026-10-04-S1","D","X","2026-10-04T14:56:52.1691965Z","2026-10-04T15:07:29.4568713Z","637.2906097","637.2906097","0.0000000","0.0000000","0.0000000","","v2/work_logs/F13_2026-10-04_S1.md","closed; measured after explicit exclusions"
"F13","R-N01-01-F13-A","2026-10-04-S1","L","X","2026-10-04T15:07:29.4912594Z","2026-10-04T15:14:43.9116429Z","434.4265504","195.0868078","9.6769908","0.0000000","229.6627518","","v2/work_logs/F13_2026-10-04_S1.md","closed; measured after explicit exclusions"
"F13","R-N01-01-F13-A","2026-10-04-S1","D","X","2026-10-04T15:14:43.9537108Z","2026-10-04T15:26:20.9029493Z","695.1969859","695.1969859","0.0000000","0.0000000","0.0000000","","v2/work_logs/F13_2026-10-04_S1.md","closed; measured after explicit exclusions"
"F13","R-N01-01-F13-A","2026-10-04-S1","E","X","2026-10-04T15:26:20.9371169Z","2026-10-04T15:34:20.0045140Z","479.0705371","471.2047961","7.8657410","0.0000000","0.0000000","","v2/work_logs/F13_2026-10-04_S1.md","closed; measured after explicit exclusions"
"F13","R-N01-01-F13-A","2026-10-04-S1","D","R","2026-10-04T15:34:20.0400276Z","2026-10-04T15:44:04.1486727Z","584.1116327","584.1116327","0.0000000","0.0000000","0.0000000","","v2/work_logs/F13_2026-10-04_S1.md","closed; measured after explicit exclusions"
"F13","R-N01-01-F13-A","2026-10-04-S1","O","","2026-10-04T15:44:04.1831942Z","2026-10-04T15:45:31.9652537Z","87.7855569","87.7855569","0.0000000","0.0000000","0.0000000","","v2/work_logs/F13_2026-10-04_S1.md","closed; measured after explicit exclusions"
"F13","R-N01-01-F13-A","2026-10-04-S1","L","X","2026-10-04T15:45:32.0062020Z","2026-10-04T15:48:03.6653400Z","151.6623690","115.7126141","5.9497549","0.0000000","30.0000000","","v2/work_logs/F13_2026-10-04_S1.md","closed; measured after explicit exclusions; includes conservative L overhead reserve"
"F13","R-N01-01-F13-A","2026-10-04-S1","D","R","2026-10-04T15:48:03.7011874Z","2026-10-04T15:53:40.4143783Z","336.7157034","336.7157034","0.0000000","0.0000000","0.0000000","","v2/work_logs/F13_2026-10-04_S1.md","closed; measured after explicit exclusions; shortened by recorded code-drafting classification correction"
"F13","R-N01-01-F13-A","2026-10-04-S1","E","X","2026-10-04T15:53:40.4143783Z","2026-10-04T15:55:16.1365787Z","95.7227318","69.6052005","0.0000000","0.0000000","26.1175313","","v2/work_logs/F13_2026-10-04_S1.md","closed; measured after explicit exclusions; corrected observed code-drafting interval from D to E/X; includes conservative E overhead reserve"
"F13","R-N01-01-F13-A","2026-10-04-S1","E","X","2026-10-04T15:55:16.1719655Z","2026-10-04T15:56:50.4189538Z","94.2469901","0.0000000","0.3645214","0.0000000","93.8824687","","v2/work_logs/F13_2026-10-04_S1.md","closed; measured after explicit exclusions; includes conservative E overhead reserve"
"F13","R-N01-01-F13-A","2026-10-04-S1","D","R","2026-10-04T15:56:50.4228558Z","2026-10-04T16:03:09.5369918Z","379.1172707","319.1172707","0.0000000","0.0000000","60.0000000","","v2/work_logs/F13_2026-10-04_S1.md","closed; measured after explicit exclusions; includes conservative D overhead reserve"
"F13","R-N01-01-F13-A","2026-10-04-S1","O","","2026-10-04T16:03:09.5745748Z","2026-10-04T16:14:31.2805212Z","681.7098185","148.3937362","1.6556277","0.0000000","531.6604546","","v2/work_logs/F13_2026-10-04_S1.md","closed; measured after explicit exclusions; includes conservative O overhead reserve"
"C4","R-N01-01-C4-A","2026-10-04-S1","O","","2026-10-04T17:19:25.6149098Z","2026-10-04T17:19:26.0635039Z","0.4499142","0.4499142","0.0000000","0.0000000","0.0000000","600","v2/work_logs/C4_2026-10-04_S1.md","closed; measured after explicit exclusions"
"C4","R-N01-01-C4-A","2026-10-04-S1","D","X","2026-10-04T17:19:26.0976387Z","2026-10-04T17:22:04.3093396Z","158.2148166","158.2148166","0.0000000","0.0000000","0.0000000","1800","v2/work_logs/C4_2026-10-04_S1.md","closed; measured after explicit exclusions"
"C4","R-N01-01-C4-A","2026-10-04-S1","L","X","2026-10-04T17:22:04.3452250Z","2026-10-04T17:24:31.1760188Z","146.8339227","141.3134602","5.5204625","0.0000000","0.0000000","1500","v2/work_logs/C4_2026-10-04_S1.md","closed; measured after explicit exclusions"
"C4","R-N01-01-C4-A","2026-10-04-S1","D","X","2026-10-04T17:24:31.2122425Z","2026-10-04T17:30:08.5147446Z","337.3065788","337.3065788","0.0000000","0.0000000","0.0000000","","v2/work_logs/C4_2026-10-04_S1.md","closed; measured after explicit exclusions"
"C4","R-N01-01-C4-A","2026-10-04-S1","E","R","2026-10-04T17:30:08.5732788Z","2026-10-04T17:33:50.3728825Z","221.8026311","221.2728417","0.5297894","0.0000000","0.0000000","300","v2/work_logs/C4_2026-10-04_S1.md","closed; measured after explicit exclusions"
"C4","R-N01-01-C4-A","2026-10-04-S1","L","X","2026-10-04T17:33:50.4083573Z","2026-10-04T17:42:10.2303891Z","499.8259148","268.6846426","14.3183453","0.0000000","216.8229269","","v2/work_logs/C4_2026-10-04_S1.md","closed; measured after explicit exclusions"
"C4","R-N01-01-C4-A","2026-10-04-S1","D","X","2026-10-04T17:42:10.2697511Z","2026-10-04T17:43:27.9718058Z","77.7059265","77.7059265","0.0000000","0.0000000","0.0000000","","v2/work_logs/C4_2026-10-04_S1.md","closed; measured after explicit exclusions"
"C4","R-N01-01-C4-A","2026-10-04-S1","E","R","2026-10-04T17:43:28.0103153Z","2026-10-04T17:45:34.6939380Z","126.6866439","126.0750612","0.6115827","0.0000000","0.0000000","","v2/work_logs/C4_2026-10-04_S1.md","closed; measured after explicit exclusions"
"C4","R-N01-01-C4-A","2026-10-04-S1","D","X","2026-10-04T17:45:34.7290819Z","2026-10-04T17:47:11.8728624Z","97.1467682","97.1467682","0.0000000","0.0000000","0.0000000","","v2/work_logs/C4_2026-10-04_S1.md","closed; measured after explicit exclusions"
"C4","R-N01-01-C4-A","2026-10-04-S1","E","X","2026-10-04T17:47:11.8728624Z","2026-10-04T17:51:31.0984556Z","259.2257518","259.2257518","0.0000000","0.0000000","0.0000000","","v2/work_logs/C4_2026-10-04_S1.md","closed; measured after explicit exclusions; corrected mode: Includes code drafted before a batched mode-change call executed; classify whole observed interval as computational development"
"C4","R-N01-01-C4-A","2026-10-04-S1","E","R","2026-10-04T17:51:31.1332743Z","2026-10-04T17:51:54.1519494Z","23.0217071","22.3917201","0.6299870","0.0000000","0.0000000","","v2/work_logs/C4_2026-10-04_S1.md","closed; measured after explicit exclusions"
"C4","R-N01-01-C4-A","2026-10-04-S1","L","X","2026-10-04T17:51:54.1876961Z","2026-10-04T17:58:01.6901651Z","367.5055513","360.2044616","7.3010897","0.0000000","0.0000000","","v2/work_logs/C4_2026-10-04_S1.md","closed; measured after explicit exclusions"
"C4","R-N01-01-C4-A","2026-10-04-S1","D","X","2026-10-04T17:58:01.6901651Z","2026-10-04T17:59:32.3423143Z","90.6520592","90.6520592","0.0000000","0.0000000","0.0000000","","v2/work_logs/C4_2026-10-04_S1.md","closed; measured after explicit exclusions; corrected mode: General equal-price moment geometry derivation during contribution comparison"
"C4","R-N01-01-C4-A","2026-10-04-S1","E","X","2026-10-04T17:59:32.3788296Z","2026-10-04T18:01:55.5703443Z","143.1915173","142.9453280","0.2461893","0.0000000","0.0000000","","v2/work_logs/C4_2026-10-04_S1.md","closed; measured after explicit exclusions"
"C4","R-N01-01-C4-A","2026-10-04-S1","D","X","2026-10-04T18:01:55.5703443Z","2026-10-04T18:03:53.3325649Z","117.7653707","117.7653707","0.0000000","0.0000000","0.0000000","","v2/work_logs/C4_2026-10-04_S1.md","closed; measured after explicit exclusions; corrected mode: General radius, canonical contrast and coherence derivation after computational exploration"
"C4","R-N01-01-C4-A","2026-10-04-S1","E","X","2026-10-04T18:03:53.3325649Z","2026-10-04T18:05:38.6727114Z","105.3399505","105.3399505","0.0000000","0.0000000","0.0000000","","v2/work_logs/C4_2026-10-04_S1.md","closed; measured after explicit exclusions"
"C4","R-N01-01-C4-A","2026-10-04-S1","D","X","2026-10-04T18:05:38.7085509Z","2026-10-04T18:06:11.2434112Z","32.5380190","32.5380190","0.0000000","0.0000000","0.0000000","","v2/work_logs/C4_2026-10-04_S1.md","closed; measured after explicit exclusions"
"C4","R-N01-01-C4-A","2026-10-04-S1","E","R","2026-10-04T18:06:11.2796892Z","2026-10-04T18:07:48.4908583Z","97.2145176","96.1188451","1.0956725","0.0000000","0.0000000","","v2/work_logs/C4_2026-10-04_S1.md","closed; measured after explicit exclusions"
"C4","R-N01-01-C4-A","2026-10-04-S1","L","X","2026-10-04T18:07:48.5268506Z","2026-10-04T18:10:38.0546389Z","169.5277827","165.2407587","4.2870240","0.0000000","0.0000000","","v2/work_logs/C4_2026-10-04_S1.md","closed; measured after explicit exclusions"
"C4","R-N01-01-C4-A","2026-10-04-S1","O","","2026-10-04T18:10:38.0584622Z","2026-10-04T18:13:41.5316629Z","183.4763237","183.4763237","0.0000000","0.0000000","0.0000000","","v2/work_logs/C4_2026-10-04_S1.md","closed; measured after explicit exclusions; corrected mode: Conservatively exclude whole interval containing the accounting-script draft before its mode transition; substantive notes in that interval are also uncredited research"
"C4","R-N01-01-C4-A","2026-10-04-S1","O","","2026-10-04T18:13:41.5684061Z","2026-10-04T18:15:23.6583433Z","102.0936771","102.0936771","0.0000000","0.0000000","0.0000000","","v2/work_logs/C4_2026-10-04_S1.md","closed; measured after explicit exclusions"
"C4","R-N01-01-C4-A","2026-10-04-S1","D","X","2026-10-04T18:15:23.6951259Z","2026-10-04T18:20:52.8545636Z","329.1632226","133.5256828","0.0000000","0.0000000","195.6375398","","v2/work_logs/C4_2026-10-04_S1.md","closed; measured after explicit exclusions"
"C4","R-N01-01-C4-A","2026-10-04-S1","E","X","2026-10-04T18:20:52.8937474Z","2026-10-04T18:22:56.8685096Z","123.9777768","120.0057470","3.9720298","0.0000000","0.0000000","","v2/work_logs/C4_2026-10-04_S1.md","closed; measured after explicit exclusions"
"C4","R-N01-01-C4-A","2026-10-04-S1","D","X","2026-10-04T18:22:56.9031906Z","2026-10-04T18:24:24.3983756Z","87.4983093","87.4983093","0.0000000","0.0000000","0.0000000","","v2/work_logs/C4_2026-10-04_S1.md","closed; measured after explicit exclusions"
"C4","R-N01-01-C4-A","2026-10-04-S1","L","X","2026-10-04T18:24:24.4350858Z","2026-10-04T18:25:10.5080510Z","46.0761562","14.2465290","3.1288365","0.0000000","28.7007907","","v2/work_logs/C4_2026-10-04_S1.md","closed; measured after explicit exclusions; includes conservative L overhead reserve"
"C4","R-N01-01-C4-A","2026-10-04-S1","D","X","2026-10-04T18:25:10.5444065Z","2026-10-04T18:27:05.1478042Z","114.6067066","114.6067066","0.0000000","0.0000000","0.0000000","","v2/work_logs/C4_2026-10-04_S1.md","closed; measured after explicit exclusions"
"C4","R-N01-01-C4-A","2026-10-04-S1","E","R","2026-10-04T18:27:05.1855060Z","2026-10-04T18:28:42.5093315Z","97.3238200","25.6193915","2.2786245","0.0000000","69.4258040","","v2/work_logs/C4_2026-10-04_S1.md","closed; measured after explicit exclusions; includes conservative E overhead reserve"
"C4","R-N01-01-C4-A","2026-10-04-S1","D","R","2026-10-04T18:28:42.5128924Z","2026-10-04T18:31:25.6392042Z","163.1294743","163.1294743","0.0000000","0.0000000","0.0000000","","v2/work_logs/C4_2026-10-04_S1.md","closed; measured after explicit exclusions"
"C4","R-N01-01-C4-A","2026-10-04-S1","L","R","2026-10-04T18:31:25.6750308Z","2026-10-04T18:32:01.7039071Z","36.0319430","0.0000000","4.7327337","0.0000000","31.2992093","","v2/work_logs/C4_2026-10-04_S1.md","closed; measured after explicit exclusions; includes conservative L overhead reserve"
"C4","R-N01-01-C4-A","2026-10-04-S1","D","R","2026-10-04T18:32:01.7397134Z","2026-10-04T18:35:23.1703411Z","201.4347994","141.4347994","0.0000000","0.0000000","60.0000000","","v2/work_logs/C4_2026-10-04_S1.md","closed; measured after explicit exclusions; includes conservative D overhead reserve"
"C4","R-N01-01-C4-A","2026-10-04-S1","E","R","2026-10-04T18:35:39.3281717Z","2026-10-04T18:36:00.1143239Z","20.7828855","0.0000000","0.2086895","0.0000000","20.5741960","","v2/work_logs/C4_2026-10-04_S1.md","closed; measured after explicit exclusions; includes conservative E overhead reserve"
"C4","R-N01-01-C4-A","2026-10-04-S1","O","","2026-10-04T18:36:00.1176855Z","2026-10-04T18:44:56.2309887Z","536.1169574","503.5354989","2.5814585","0.0000000","30.0000000","","v2/work_logs/C4_2026-10-04_S1.md","closed; measured after explicit exclusions; includes conservative O overhead reserve"
F14,F14-A,2026-10-04-S1,D,R,2026-10-04T23:17:01.637686+00:00,2026-10-04T23:20:46.544754+00:00,224.907068432,224.907068432,0.000000000,0,0.000000000,1800,v2/work_logs/F14_2026-10-04_S1.md,complete; measured principal segment; Focused requirements and experiment-contract derivation; earlier setup uncredited
F14,F14-A,2026-10-04-S1,D,X,2026-10-04T23:20:46.544754+00:00,2026-10-04T23:23:50.089486+00:00,183.544731203,183.544731203,0.000000000,0,0.000000000,,v2/work_logs/F14_2026-10-04_S1.md,"complete; measured principal segment; Derive nonvacuous regret, refusal, and neural control distinctions before freezing thresholds"
F14,F14-A,2026-10-04-S1,E,,2026-10-04T23:23:50.089486+00:00,2026-10-04T23:23:51.493056+00:00,1.403569768,0.000000000,1.403569768,0,0.000000000,,v2/work_logs/F14_2026-10-04_S1.md,excluded tool wait; Primary-source retrieval wait; next research mode L/R
F14,F14-A,2026-10-04-S1,L,R,2026-10-04T23:23:51.493056+00:00,2026-10-04T23:24:15.526709+00:00,24.033651737,24.033651737,0.000000000,0,0.000000000,1200,v2/work_logs/F14_2026-10-04_S1.md,"complete; measured principal segment; Read causal abstraction, control tasks, and reproducibility primary sources"
F14,F14-A,2026-10-04-S1,E,,2026-10-04T23:24:15.526709+00:00,2026-10-04T23:24:16.757739+00:00,1.231031453,0.000000000,1.231031453,0,0.000000000,,v2/work_logs/F14_2026-10-04_S1.md,excluded tool wait; Read primary full-text pages retrieval
F14,F14-A,2026-10-04-S1,L,R,2026-10-04T23:24:16.757739+00:00,2026-10-04T23:25:14.502004+00:00,57.744265650,57.744265650,0.000000000,0,0.000000000,,v2/work_logs/F14_2026-10-04_S1.md,complete; measured principal segment; Inspect retrieved primary papers and exact RNG guarantee
F14,F14-A,2026-10-04-S1,E,,2026-10-04T23:25:14.502004+00:00,2026-10-04T23:25:17.491008+00:00,2.989003163,0.000000000,2.989003163,0,0.000000000,,v2/work_logs/F14_2026-10-04_S1.md,excluded tool wait; Focused primary source section retrieval
F14,F14-A,2026-10-04-S1,L,R,2026-10-04T23:25:17.491008+00:00,2026-10-04T23:26:01.375171+00:00,43.884162456,43.884162456,0.000000000,0,0.000000000,,v2/work_logs/F14_2026-10-04_S1.md,"complete; measured principal segment; Read formal abstraction scope, probe controls and bounded-error source"
F14,F14-A,2026-10-04-S1,E,,2026-10-04T23:26:01.375171+00:00,2026-10-04T23:26:02.930757+00:00,1.555587573,0.000000000,1.555587573,0,0.000000000,,v2/work_logs/F14_2026-10-04_S1.md,excluded tool wait; Retrieve primary control literature on subspace intervention confounds
F14,F14-A,2026-10-04-S1,L,X,2026-10-04T23:26:02.930757+00:00,2026-10-04T23:26:43.439285+00:00,40.508527114,40.508527114,0.000000000,0,0.000000000,,v2/work_logs/F14_2026-10-04_S1.md,complete; measured principal segment; Assess whether matched controls can still admit vacuous causal explanations
F14,F14-A,2026-10-04-S1,E,,2026-10-04T23:26:43.439285+00:00,2026-10-04T23:26:44.551851+00:00,1.112565294,0.000000000,1.112565294,0,0.000000000,,v2/work_logs/F14_2026-10-04_S1.md,excluded tool wait; Retrieve Hoeffding and intervention-analysis papers
F14,F14-A,2026-10-04-S1,L,X,2026-10-04T23:26:44.551851+00:00,2026-10-04T23:27:02.362203+00:00,17.810353010,17.810353010,0.000000000,0,0.000000000,,v2/work_logs/F14_2026-10-04_S1.md,complete; measured principal segment; Read actual hypotheses and counterinterpretation scope
F14,F14-A,2026-10-04-S1,E,,2026-10-04T23:27:02.362203+00:00,2026-10-04T23:27:03.703428+00:00,1.341224477,0.000000000,1.341224477,0,0.000000000,,v2/work_logs/F14_2026-10-04_S1.md,excluded tool wait; Primary theorem scan and intervention counterargument retrieval
F14,F14-A,2026-10-04-S1,L,X,2026-10-04T23:27:03.703428+00:00,2026-10-04T23:27:34.226682+00:00,30.523253063,30.523253063,0.000000000,0,0.000000000,,v2/work_logs/F14_2026-10-04_S1.md,complete; measured principal segment; Inspect Hoeffding bound and distinguish coordinate controls from subspace debate
F14,F14-A,2026-10-04-S1,E,,2026-10-04T23:27:34.226682+00:00,2026-10-04T23:27:35.587124+00:00,1.360448349,0.000000000,1.360448349,0,0.000000000,,v2/work_logs/F14_2026-10-04_S1.md,excluded tool wait; Retrieve theorem statement and accessible primary preprint
F14,F14-A,2026-10-04-S1,L,X,2026-10-04T23:27:35.587124+00:00,2026-10-04T23:28:29.645882+00:00,54.058752747,54.058752747,0.000000000,0,0.000000000,,v2/work_logs/F14_2026-10-04_S1.md,complete; measured principal segment; Verify range-scaled confidence bounds and limits of subspace control conclusions
F14,F14-A,2026-10-04-S1,E,R,2026-10-04T23:28:29.645882+00:00,2026-10-04T23:33:31.810887+00:00,302.165007381,302.165007381,0.000000000,0,0.000000000,2400,v2/work_logs/F14_2026-10-04_S1.md,complete; measured principal segment; Inspect development implementations and build freeze integrity runner
F14,F14-A,2026-10-04-S1,E,,2026-10-04T23:33:31.810887+00:00,2026-10-04T23:33:32.526281+00:00,0.715390534,0.000000000,0.715390534,0,0.000000000,,v2/work_logs/F14_2026-10-04_S1.md,excluded tool wait; Calibration test subprocess wait
F14,F14-A,2026-10-04-S1,E,R,2026-10-04T23:33:32.526281+00:00,2026-10-04T23:40:11.108866+00:00,398.582594951,398.582594951,0.000000000,0,0.000000000,,v2/work_logs/F14_2026-10-04_S1.md,complete; measured principal segment; Review calibration output and freeze field mapping
F14,F14-A,2026-10-04-S1,O,,2026-10-04T23:40:11.108866+00:00,2026-10-04T23:44:43.982135+00:00,272.873248240,0.000000000,0.000000000,0,272.873248240,,v2/work_logs/F14_2026-10-04_S1.md,excluded recovery; no engaged credit; Conservative compaction and context-recovery exclusion from last observed clock; not research or engaged overhead
F14,F14-A,2026-10-04-S1,E,R,2026-10-04T23:44:44.005637+00:00,2026-10-04T23:47:19.480567+00:00,155.474931352,155.474931352,0.000000000,0,0.000000000,,v2/work_logs/F14_2026-10-04_S1.md,"complete; measured principal segment; Integration integrity, executable analysis and failure handling"
F14,F14-A,2026-10-04-S1,D,X,2026-10-04T23:47:19.480567+00:00,2026-10-04T23:52:25.490052+00:00,306.009479700,306.009479700,0.000000000,0,0.000000000,,v2/work_logs/F14_2026-10-04_S1.md,complete; measured principal segment; Resolve conditional baseline calibration and interpretation; define bounded application criteria
F14,F14-A,2026-10-04-S1,E,R,2026-10-04T23:52:25.490052+00:00,2026-10-05T00:01:38.268504+00:00,552.778458104,552.778458104,0.000000000,0,0.000000000,,v2/work_logs/F14_2026-10-04_S1.md,"complete; measured principal segment; Implement integrity, exact result accounting and recoverable execution stages"
F14,F14-A,2026-10-04-S1,E,,2026-10-05T00:01:38.268504+00:00,2026-10-05T00:01:40.523332+00:00,2.254823784,0.000000000,2.254823784,0,0.000000000,,v2/work_logs/F14_2026-10-04_S1.md,excluded tool wait; Wait for focused protocol tests; no research credit for computation
F14,F14-A,2026-10-04-S1,E,R,2026-10-05T00:01:40.523332+00:00,2026-10-05T00:02:11.932196+00:00,31.408862971,31.408862971,0.000000000,0,0.000000000,,v2/work_logs/F14_2026-10-04_S1.md,complete; measured principal segment; Inspect protocol contract test results
F14,F14-A,2026-10-04-S1,D,X,2026-10-05T00:02:11.932196+00:00,2026-10-05T00:15:05.837149+00:00,773.904950483,773.904950483,0.000000000,0,0.000000000,,v2/work_logs/F14_2026-10-04_S1.md,"complete; measured principal segment; Finalize precise population, usefulness and neural falsifier contract"
F14,F14-A,2026-10-04-S1,E,,2026-10-05T00:15:05.837149+00:00,2026-10-05T00:15:07.109469+00:00,1.272326566,0.000000000,1.272326566,0,0.000000000,,v2/work_logs/F14_2026-10-04_S1.md,excluded tool wait; Launch focused suite and development integration; blocking wait excluded
F14,F14-A,2026-10-04-S1,L,X,2026-10-05T00:15:07.109469+00:00,2026-10-05T00:21:04.670488+00:00,357.561012999,357.561012999,0.000000000,0,0.000000000,,v2/work_logs/F14_2026-10-04_S1.md,complete; measured principal segment; Targeted primary-source challenge of intervention validity and conditional concentration while development compute runs separately
F14,F14-A,2026-10-04-S1,D,X,2026-10-05T00:21:04.670488+00:00,2026-10-05T00:27:21.254678+00:00,376.584195039,376.584195039,0.000000000,0,0.000000000,,v2/work_logs/F14_2026-10-04_S1.md,complete; measured principal segment; Formalize cancellation and approximation-usefulness challenges from focused source audit
F14,F14-A,2026-10-04-S1,E,R,2026-10-05T00:27:21.254678+00:00,2026-10-05T00:27:21.278335+00:00,0.023656364,0.023656364,0.000000000,0,0.000000000,,v2/work_logs/F14_2026-10-04_S1.md,"complete; measured principal segment; Independent ordinary LP comparison, exact profile equivalence and final execution verification"
F14,F14-A,2026-10-04-S1,O,,2026-10-05T00:27:21.278335+00:00,2026-10-05T00:31:41.213113+00:00,259.934784952,0.000000000,0.000000000,0,259.934784952,,v2/work_logs/F14_2026-10-04_S1.md,excluded recovery; no engaged credit; Automatic context compaction and reorientation; no engaged credit
F14,F14-A,2026-10-04-S1,E,R,2026-10-05T00:31:41.237516+00:00,2026-10-05T00:33:58.105724+00:00,136.868206013,135.867491673,1.000714340,0,0.000000000,,v2/work_logs/F14_2026-10-04_S1.md,"complete; measured principal segment; Independent ordinary LP comparison, exact profile equivalence and execution verification"
F14,F14-A,2026-10-04-S1,D,R,2026-10-05T00:33:58.105724+00:00,2026-10-05T00:35:15.504884+00:00,77.399158875,77.399158875,0.000000000,0,0.000000000,,v2/work_logs/F14_2026-10-04_S1.md,complete; measured principal segment; Assess final negative-result interpretations and resource-equivalence audit while independent solver executes
F14,F14-A,2026-10-04-S1,L,R,2026-10-05T00:35:15.504884+00:00,2026-10-05T00:37:28.710278+00:00,133.205398159,129.305398159,3.900000000,0,0.000000000,,v2/work_logs/F14_2026-10-04_S1.md,complete; measured principal segment; Primary-source check on ReLU equivalence limits and coordinate-gauge transport
F14,F14-A,2026-10-04-S1,D,X,2026-10-05T00:37:28.710278+00:00,2026-10-05T00:39:08.932211+00:00,100.221933323,100.221933323,0.000000000,0,0.000000000,,v2/work_logs/F14_2026-10-04_S1.md,complete; measured principal segment; Derive bounded-domain mixing counterexample and clarify gauge versus representation equivalence
F14,F14-A,2026-10-04-S1,E,R,2026-10-05T00:39:08.932211+00:00,2026-10-05T00:43:36.526200+00:00,267.593989249,265.592291525,2.001697724,0,0.000000000,,v2/work_logs/F14_2026-10-04_S1.md,complete; measured principal segment; Final runner failure and data-integrity audit; prepare full development verification
F14,F14-A,2026-10-04-S1,O,,2026-10-05T00:43:36.526200+00:00,2026-10-05T00:43:56.833638+00:00,20.307434368,20.307434368,0.000000000,0,0.000000000,900,v2/work_logs/F14_2026-10-04_S1.md,"complete; measured principal segment; Clock accounting adjustment for observed background-launch waits, then resume research"
F14,F14-A,2026-10-04-S1,E,R,2026-10-05T00:43:56.833638+00:00,2026-10-05T00:45:02.288378+00:00,65.454741717,65.454741717,0.000000000,0,0.000000000,,v2/work_logs/F14_2026-10-04_S1.md,complete; measured principal segment; Audit byte-preserving checkout transport and inspect final integrated development evidence
F14,F14-A,2026-10-04-S1,E,,2026-10-05T00:45:02.288378+00:00,2026-10-05T00:45:13.174566+00:00,10.886186160,0.000000000,10.886186160,0,0.000000000,,v2/work_logs/F14_2026-10-04_S1.md,excluded tool wait; Blocked local Git byte-transport audit execution
F14,F14-A,2026-10-04-S1,E,R,2026-10-05T00:45:13.174566+00:00,2026-10-05T00:47:55.375503+00:00,162.200954794,162.200954794,0.000000000,0,0.000000000,,v2/work_logs/F14_2026-10-04_S1.md,complete; measured principal segment; Inspect cloned freeze verification and complete development report invariants
F14,F14-A,2026-10-04-S1,D,R,2026-10-05T00:47:55.375503+00:00,2026-10-05T00:48:12.262051+00:00,16.886530659,16.886530659,0.000000000,0,0.000000000,,v2/work_logs/F14_2026-10-04_S1.md,"complete; measured principal segment; Refine finite-generator, linear-information and acquisition-policy interpretation boundaries"
F14,F14-A,2026-10-04-S1,E,R,2026-10-05T00:48:12.262051+00:00,2026-10-05T00:48:43.122720+00:00,30.860668858,30.860668858,0.000000000,0,0.000000000,,v2/work_logs/F14_2026-10-04_S1.md,complete; measured principal segment; Freeze closure and integrity verification before final repository checks
F14,F14-A,2026-10-04-S1,E,,2026-10-05T00:48:43.122720+00:00,2026-10-05T00:48:44.685412+00:00,1.562692790,0.000000000,1.562692790,0,0.000000000,,v2/work_logs/F14_2026-10-04_S1.md,excluded tool wait; Launch full repository verification process; brief blocking interval excluded
F14,F14-A,2026-10-04-S1,E,R,2026-10-05T00:48:44.685412+00:00,2026-10-05T00:53:27.128748+00:00,282.443336500,282.443336500,0.000000000,0,0.000000000,,v2/work_logs/F14_2026-10-04_S1.md,complete; measured principal segment; Review final evidence completeness while repository verification executes
F14,F14-A,2026-10-04-S1,D,R,2026-10-05T00:53:27.128748+00:00,2026-10-05T00:57:23.266375+00:00,236.137623581,236.137623581,0.000000000,0,0.000000000,,v2/work_logs/F14_2026-10-04_S1.md,complete; measured principal segment; Write evidence-to-obligation readiness audit with exact limits and unresolved later work
F14,F14-A,2026-10-04-S1,O,,2026-10-05T00:57:23.266375+00:00,2026-10-05T00:57:23.286997+00:00,0.020619925,0.020619925,0.000000000,0,0.000000000,,v2/work_logs/F14_2026-10-04_S1.md,"complete; measured principal segment; F14 research floor and evidence satisfied; reconcile records, commit and authorized push"
F14,F14-A,2026-10-04-S1,O,,2026-10-05T00:57:23.286997+00:00,2026-10-05T01:01:18.137815+00:00,234.850830665,0.000000000,0.000000000,0,234.850830665,,v2/work_logs/F14_2026-10-04_S1.md,"excluded recovery; no engaged credit; Automatic context compaction and state recovery, excluded from engaged time; last observed boundary retained"
F14,F14-A,2026-10-04-S1,O,,2026-10-05T01:01:18.160084+00:00,2026-10-05T01:12:10.659550+00:00,652.499469071,650.816347292,1.683121779,0,0.000000000,,v2/work_logs/F14_2026-10-04_S1.md,"complete; measured principal segment; Reconcile F14 records, commit and authorized push"
F15,F15-A,2026-10-04-S1,E,R,2026-10-05T03:42:04.985965+00:00,2026-10-05T03:44:48.828537+00:00,163.842568180,163.842568180,0.000000000,0,0.000000000,5400,v2/work_logs/F15_2026-10-04_S1.md,"complete; measured principal segment; Inspect unchanged execution contract, runtime, dependency and attempt safeguards before F15 preparation"
F15,F15-A,2026-10-04-S1,E,,2026-10-05T03:44:48.828537+00:00,2026-10-05T03:44:50.086674+00:00,1.258136709,0.000000000,1.258136709,0,0.000000000,,v2/work_logs/F15_2026-10-04_S1.md,excluded segment; no engaged credit; Waiting for focused-suite launch; background runtime will not be counted separately
F15,F15-A,2026-10-04-S1,E,R,2026-10-05T03:44:50.086674+00:00,2026-10-05T03:46:08.152739+00:00,78.066065419,78.066065419,0.000000000,0,0.000000000,,v2/work_logs/F15_2026-10-04_S1.md,complete; measured principal segment; Read remaining frozen design and audit details while focused suite runs
F15,F15-A,2026-10-04-S1,E,,2026-10-05T03:46:08.152739+00:00,2026-10-05T03:46:09.385058+00:00,1.232319658,0.000000000,1.232319658,0,0.000000000,,v2/work_logs/F15_2026-10-04_S1.md,excluded segment; no engaged credit; Waiting for preparation launch; only unchanged prepare attempt 1 authorized
F15,F15-A,2026-10-04-S1,E,R,2026-10-05T03:46:09.385058+00:00,2026-10-05T03:47:20.194654+00:00,70.809594800,70.809594800,0.000000000,0,0.000000000,,v2/work_logs/F15_2026-10-04_S1.md,complete; measured principal segment; Capture runtime provenance and inspect saved-preparation validation while preparation runs
F15,F15-A,2026-10-04-S1,E,,2026-10-05T03:47:20.194654+00:00,2026-10-05T03:47:21.449548+00:00,1.254893375,0.000000000,1.254893375,0,0.000000000,,v2/work_logs/F15_2026-10-04_S1.md,excluded segment; no engaged credit; Waiting for final evaluation attempt 1 launch; no retries or tuning
F15,F15-A,2026-10-04-S1,E,R,2026-10-05T03:47:21.449548+00:00,2026-10-05T03:50:47.063926+00:00,205.614381237,205.614381237,0.000000000,0,0.000000000,,v2/work_logs/F15_2026-10-04_S1.md,complete; measured principal segment; Inspect frozen assessment fields and design reproducible saved-output summaries while final evaluation runs
F15,F15-A,2026-10-04-S1,E,X,2026-10-05T03:50:47.063926+00:00,2026-10-05T03:55:50.584285+00:00,303.520361188,0.000000000,0.000000000,0,303.520361188,,v2/work_logs/F15_2026-10-04_S1.md,"excluded segment; no engaged credit; Build descriptive saved-output analysis: every baseline, confidence-margin disposition, paid acquisition and quality-conditioned resource comparison; excluded recovery/unobserved 303.520361188 seconds"
F15,F15-A,2026-10-04-S1,O,,2026-10-05T03:55:50.584285+00:00,2026-10-05T03:59:39.606914+00:00,229.022625089,0.000000000,0.000000000,0,229.022625089,,v2/work_logs/F15_2026-10-04_S1.md,excluded segment; no engaged credit; Artifact integrity recovery: exclude from E60 and engaged time; original aggregate zero bytes but all individual units hash-valid; excluded recovery/unobserved 229.022625089 seconds
F15,F15-A,2026-10-04-S1,E,X,2026-10-05T03:59:39.606914+00:00,2026-10-05T04:06:07.047686+00:00,387.440774335,0.000000000,1.001546273,0,386.439228062,,v2/work_logs/F15_2026-10-04_S1.md,excluded segment; no engaged credit; Analyze all frozen outcomes and resource tradeoffs from original hash-checked units after documented byte-exact artifact recovery; excluded tool wait 1.001546273 seconds; excluded recovery/unobserved 386.439228062 seconds
F15,F15-A,2026-10-04-S1,E,X,2026-10-05T04:06:07.047686+00:00,2026-10-05T04:10:43.694564+00:00,276.646876570,276.646876570,0.000000000,0,0.000000000,,v2/work_logs/F15_2026-10-04_S1.md,complete; measured principal segment; Continue saved-result analysis after conservatively excluding unobserved compaction interval
F15,F15-A,2026-10-04-S1,E,,2026-10-05T04:10:43.694564+00:00,2026-10-05T04:10:44.443856+00:00,0.749291973,0.000000000,0.749291973,0,0.000000000,,v2/work_logs/F15_2026-10-04_S1.md,excluded segment; no engaged credit; Saved-output case analysis command execution wait
F15,F15-A,2026-10-04-S1,E,X,2026-10-05T04:10:44.443856+00:00,2026-10-05T04:15:15.873976+00:00,271.430118171,271.430118171,0.000000000,0,0.000000000,,v2/work_logs/F15_2026-10-04_S1.md,complete; measured principal segment; Review paired equal-information resource analysis and selected saved revision examples
F15,F15-A,2026-10-04-S1,E,,2026-10-05T04:15:15.873976+00:00,2026-10-05T04:15:17.453813+00:00,1.579838565,0.000000000,1.579838565,0,0.000000000,,v2/work_logs/F15_2026-10-04_S1.md,excluded segment; no engaged credit; Render reproducible saved-result figures; command wait excluded
F15,F15-A,2026-10-04-S1,O,,2026-10-05T04:15:17.453813+00:00,2026-10-05T04:17:13.473414+00:00,116.019604297,116.019604297,0.000000000,0,0.000000000,1200,v2/work_logs/F15_2026-10-04_S1.md,complete; measured principal segment; Prepare integrated interpretation and claim dispositions while derived figures render; mode reclassification: This closed 116.019604297-second segment mixed saved-resource interpretation with visual layout inspection and figure-spacing edits. Conservatively classify the entire segment as formatting overhead. Original clock/segment records remain unchanged; these minutes do not satisfy E60.
F15,F15-A,2026-10-04-S1,E,,2026-10-05T04:17:13.473414+00:00,2026-10-05T04:17:15.052666+00:00,1.579247331,0.000000000,1.579247331,0,0.000000000,,v2/work_logs/F15_2026-10-04_S1.md,excluded segment; no engaged credit; Rerender corrected optional figure layout; no experimental retry
F15,F15-A,2026-10-04-S1,E,X,2026-10-05T04:17:15.052666+00:00,2026-10-05T04:27:20.829836+00:00,605.777171286,605.777171286,0.000000000,0,0.000000000,,v2/work_logs/F15_2026-10-04_S1.md,"complete; measured principal segment; Write F15 integrated scientific results, limitations and resource interpretation"
F15,F15-A,2026-10-04-S1,O,,2026-10-05T04:27:20.829836+00:00,2026-10-05T04:28:30.563142+00:00,69.733307904,69.733307904,0.000000000,0,0.000000000,,v2/work_logs/F15_2026-10-04_S1.md,complete; measured principal segment; Account for figure-formatting overhead and update current execution pointers without claiming the E60 floor
F15,F15-A,2026-10-04-S1,E,X,2026-10-05T04:28:30.563142+00:00,2026-10-05T04:30:15.083478+00:00,104.520333707,104.520333707,0.000000000,0,0.000000000,,v2/work_logs/F15_2026-10-04_S1.md,"complete; measured principal segment; Analyze saved no-swap, whole-layer, decoder and adjusted-effect diagnostics; resolve limits omitted from the main neural report"
F15,F15-A,2026-10-04-S1,E,R,2026-10-05T04:30:15.083478+00:00,2026-10-05T04:33:19.724603+00:00,184.641126904,184.641126904,0.000000000,0,0.000000000,,v2/work_logs/F15_2026-10-04_S1.md,"complete; measured principal segment; Build a saved-only auxiliary diagnostic and neural resource summary, checking pooled errors and retaining inference boundaries"
F15,F15-A,2026-10-04-S1,E,,2026-10-05T04:33:19.724603+00:00,2026-10-05T04:33:20.476186+00:00,0.751580414,0.000000000,0.751580414,0,0.000000000,,v2/work_logs/F15_2026-10-04_S1.md,excluded segment; no engaged credit; Run saved-only auxiliary neural aggregation; short command wait excluded
F15,F15-A,2026-10-04-S1,E,X,2026-10-05T04:33:20.476186+00:00,2026-10-05T04:38:51.322759+00:00,330.846573423,330.846573423,0.000000000,0,0.000000000,,v2/work_logs/F15_2026-10-04_S1.md,complete; measured principal segment; Interpret auxiliary decoder/control results and reconcile inclusive resource costs with the primary claim
F15,F15-A,2026-10-04-S1,E,R,2026-10-05T04:38:51.322759+00:00,2026-10-05T04:41:23.185207+00:00,151.862448357,151.862448357,0.000000000,0,0.000000000,,v2/work_logs/F15_2026-10-04_S1.md,complete; measured principal segment; Audit saved resource timer/storage identities and inspect native cost components to defend complete accounting
F15,F15-A,2026-10-04-S1,E,,2026-10-05T04:41:23.185207+00:00,2026-10-05T04:41:23.976135+00:00,0.790927441,0.000000000,0.790927441,0,0.000000000,,v2/work_logs/F15_2026-10-04_S1.md,excluded segment; no engaged credit; Run saved resource identity/component audit; execution wait excluded
F15,F15-A,2026-10-04-S1,E,X,2026-10-05T04:41:23.976135+00:00,2026-10-05T04:48:29.059199+00:00,425.083064484,0.000000000,0.000000000,0,425.083064484,,v2/work_logs/F15_2026-10-04_S1.md,"excluded segment; no engaged credit; Interpret resource audit: complete source charging, nested receipt costs, and limits of cached-proof amortization; excluded recovery/unobserved 425.083064484 seconds"
F15,F15-A,2026-10-04-S1,E,R,2026-10-05T04:48:29.059199+00:00,2026-10-05T04:50:23.899691+00:00,114.840493855,114.840493855,0.000000000,0,0.000000000,,v2/work_logs/F15_2026-10-04_S1.md,complete; measured principal segment; Review claim dispositions against frozen contribution and completion contract after continuity recovery
F15,F15-A,2026-10-04-S1,E,X,2026-10-05T04:50:23.899691+00:00,2026-10-05T04:53:22.367330+00:00,178.467637532,178.467637532,0.000000000,0,0.000000000,,v2/work_logs/F15_2026-10-04_S1.md,complete; measured principal segment; Map F15 evidence to claim dispositions and test which resource comparisons remain valid under matched service requirements
F15,F15-A,2026-10-04-S1,E,X,2026-10-05T04:53:22.367330+00:00,2026-10-05T04:56:25.928572+00:00,183.561240442,183.561240442,0.000000000,0,0.000000000,,v2/work_logs/F15_2026-10-04_S1.md,"complete; measured principal segment; Saved-data optional analysis: separate numerical completeness, robust action certification, current receipt and actual decision cost"
F15,F15-A,2026-10-04-S1,E,X,2026-10-05T04:56:25.928572+00:00,2026-10-05T04:57:05.773797+00:00,39.845228357,39.845228357,0.000000000,0,0.000000000,,v2/work_logs/F15_2026-10-04_S1.md,complete; measured principal segment; Implement optional saved-data comparison of coherent action regret with the rectangular relaxation of reported scalar intervals
F15,F15-A,2026-10-04-S1,E,,2026-10-05T04:57:05.773797+00:00,2026-10-05T04:57:06.699986+00:00,0.926190281,0.000000000,0.926190281,0,0.000000000,,v2/work_logs/F15_2026-10-04_S1.md,excluded segment; no engaged credit; Wait for saved decision-information diagnostic; no new experimental population
F15,F15-A,2026-10-04-S1,E,X,2026-10-05T04:57:06.699986+00:00,2026-10-05T04:58:42.979185+00:00,96.279197076,96.279197076,0.000000000,0,0.000000000,,v2/work_logs/F15_2026-10-04_S1.md,complete; measured principal segment; Interpret saved same-law versus marginal-interval action-certification results and their contribution limits
F15,F15-A,2026-10-04-S1,E,R,2026-10-05T04:58:42.979185+00:00,2026-10-05T05:01:23.180708+00:00,160.201522414,160.201522414,0.000000000,0,0.000000000,,v2/work_logs/F15_2026-10-04_S1.md,"complete; measured principal segment; Reconcile contribution handoff with the final evidence, ordinary comparisons, and the scope of future work"
F15,F15-A,2026-10-04-S1,E,R,2026-10-05T05:01:23.180708+00:00,2026-10-05T05:02:49.253515+00:00,86.072810234,86.072810234,0.000000000,0,0.000000000,,v2/work_logs/F15_2026-10-04_S1.md,"complete; measured principal segment; Final scientific report review: population conditioning, matched service claims, and negative-result inference boundaries"
F15,F15-A,2026-10-04-S1,E,,2026-10-05T05:02:49.253515+00:00,2026-10-05T05:02:50.856100+00:00,1.602581291,0.000000000,1.602581291,0,0.000000000,,v2/work_logs/F15_2026-10-04_S1.md,excluded segment; no engaged credit; Wait for final saved-output reproducibility and unchanged-freeze checks
F15,F15-A,2026-10-04-S1,E,R,2026-10-05T05:02:50.856100+00:00,2026-10-05T05:03:04.768173+00:00,13.912071809,13.912071809,0.000000000,0,0.000000000,,v2/work_logs/F15_2026-10-04_S1.md,complete; measured principal segment; Inspect final freeze and saved-summary reproducibility outcomes and resolve any concrete reporting risk
F15,F15-A,2026-10-04-S1,E,,2026-10-05T05:03:04.768173+00:00,2026-10-05T05:03:05.161587+00:00,0.393414728,0.000000000,0.393414728,0,0.000000000,,v2/work_logs/F15_2026-10-04_S1.md,excluded segment; no engaged credit; Collect completion of summary and figure byte-reproduction checks
F15,F15-A,2026-10-04-S1,E,R,2026-10-05T05:03:05.161587+00:00,2026-10-05T05:04:23.191432+00:00,78.029846848,78.029846848,0.000000000,0,0.000000000,,v2/work_logs/F15_2026-10-04_S1.md,complete; measured principal segment; Finalize scientific evidence-to-obligation audit after successful byte-exact report reproduction
F15,F15-A,2026-10-04-S1,E,R,2026-10-05T05:04:23.191432+00:00,2026-10-05T05:06:05.884377+00:00,102.692944695,102.692944695,0.000000000,0,0.000000000,,v2/work_logs/F15_2026-10-04_S1.md,complete; measured principal segment; Close substantive report interpretation: evaluate E60 against the observed core-ready point and actual optional information-loss evidence
F15,F15-A,2026-10-04-S1,O,,2026-10-05T05:06:05.884377+00:00,2026-10-05T05:07:03.386837+00:00,57.502459396,57.502459396,0.000000000,0,0.000000000,,v2/work_logs/F15_2026-10-04_S1.md,complete; measured principal segment; Visual layout QA of final identity figure and inspection of final accounting serializer
F15,F15-A,2026-10-04-S1,E,R,2026-10-05T05:07:03.386837+00:00,2026-10-05T05:08:37.895543+00:00,94.508709754,94.508709754,0.000000000,0,0.000000000,,v2/work_logs/F15_2026-10-04_S1.md,complete; measured principal segment; Final consistency review of scientific claim records and future-work interpretation before E60 closure
F15,F15-A,2026-10-04-S1,O,,2026-10-05T05:08:37.895543+00:00,2026-10-05T05:09:03.175695+00:00,25.280149364,25.280149364,0.000000000,0,0.000000000,,v2/work_logs/F15_2026-10-04_S1.md,complete; measured principal segment; Scientific interpretation and optional analyses complete; close accounting and synchronize task-control documents
F15,F15-A,2026-10-04-S1,E,R,2026-10-05T05:09:03.175695+00:00,2026-10-05T05:09:16.159912+00:00,12.984215021,12.984215021,0.000000000,0,0.000000000,,v2/work_logs/F15_2026-10-04_S1.md,complete; measured principal segment; Verify the two narrow identity-criterion violations used in the final handoff against original confidence rows; no rounding of the E60 floor
F15,F15-A,2026-10-04-S1,O,,2026-10-05T05:09:16.159912+00:00,2026-10-05T05:09:37.119388+00:00,20.959480815,20.959480815,0.000000000,0,0.000000000,,v2/work_logs/F15_2026-10-04_S1.md,complete; measured principal segment; Scientific work complete with strict E60; finalize append-only accounting and preservation
F15-ND01,F15-ND01-A1,2026-10-05-S1,D,R,2026-10-05T16:29:47.117754+00:00,2026-10-05T16:38:55.393928+00:00,548.276173918,0.000000000,0.000000000,0,548.276173918,600,v2/work_logs/F15_ND01_2026-10-05_S1.md,"excluded segment; no engaged credit; Define the diagnostic questions, full-endpoint calibration, and representation versus extraction distinction before new development populations; excluded recovery/unobserved 548.276173918 seconds"
F15-ND01,F15-ND01-A1,2026-10-05-S1,D,R,2026-10-05T16:38:55.393928+00:00,2026-10-05T16:43:59.650163+00:00,304.256234115,303.793984622,0.462249493,0,0.000000000,,v2/work_logs/F15_ND01_2026-10-05_S1.md,complete; measured principal segment; Finalize the prospective development diagnostic and its interpretation boundaries after continuity recovery; excluded tool wait 0.462249493 seconds
F15-ND01,F15-ND01-A1,2026-10-05-S1,E,R,2026-10-05T16:43:59.650163+00:00,2026-10-05T16:50:07.790314+00:00,368.140149716,368.140149716,0.000000000,0,0.000000000,4200,v2/work_logs/F15_ND01_2026-10-05_S1.md,"complete; measured principal segment; Review and validate development implementation, durable runner and source identities before any new population"
F15-ND01,F15-ND01-A1,2026-10-05-S1,L,R,2026-10-05T16:50:07.790314+00:00,2026-10-05T16:52:16.873558+00:00,129.083247504,129.083247504,0.000000000,0,0.000000000,600,v2/work_logs/F15_ND01_2026-10-05_S1.md,complete; measured principal segment; Read primary distributed-alignment and superposition evidence to assess what the diagnostic can identify and how a future recurrence should be controlled
F15-ND01,F15-ND01-A1,2026-10-05-S1,D,X,2026-10-05T16:52:16.873558+00:00,2026-10-05T16:56:45.316794+00:00,268.443236248,268.443236248,0.000000000,0,0.000000000,,v2/work_logs/F15_ND01_2026-10-05_S1.md,complete; measured principal segment; Derive what fractional masks and orthogonal subspace swaps can express with the fixed scalar affine head; distinguish true basis limitations from averaging and joint-composition confounds
F15-ND01,F15-ND01-A1,2026-10-05-S1,E,R,2026-10-05T16:56:45.316794+00:00,2026-10-05T17:00:51.392423+00:00,246.075628052,245.464923796,0.610704256,0,0.000000000,,v2/work_logs/F15_ND01_2026-10-05_S1.md,"complete; measured principal segment; Finalize the binary comparison configuration and executable freeze, verify readiness, then launch the registered preparation; excluded tool wait 0.610704256 seconds"
F15-ND01,F15-ND01-A1,2026-10-05-S1,E,,2026-10-05T17:00:51.392423+00:00,2026-10-05T17:00:53.043763+00:00,1.651336868,0.000000000,1.651336868,0,0.000000000,,v2/work_logs/F15_ND01_2026-10-05_S1.md,excluded segment; no engaged credit; Launching the registered preparation process; blocked launch time excluded
F15-ND01,F15-ND01-A1,2026-10-05-S1,D,X,2026-10-05T17:00:53.043763+00:00,2026-10-05T17:03:04.813032+00:00,131.769271945,131.769271945,0.000000000,0,0.000000000,,v2/work_logs/F15_ND01_2026-10-05_S1.md,complete; measured principal segment; Develop the nullspace and contribution-gap interpretation while preparation runs; concurrent computation adds no principal minutes
F15-ND01,F15-ND01-A1,2026-10-05-S1,E,,2026-10-05T17:03:04.813032+00:00,2026-10-05T17:03:05.553564+00:00,0.740532679,0.000000000,0.740532679,0,0.000000000,,v2/work_logs/F15_ND01_2026-10-05_S1.md,excluded segment; no engaged credit; Read preparation process completion; blocked polling time excluded
F15-ND01,F15-ND01-A1,2026-10-05-S1,E,R,2026-10-05T17:03:05.553564+00:00,2026-10-05T17:03:47.686607+00:00,42.133040046,42.133040046,0.000000000,0,0.000000000,,v2/work_logs/F15_ND01_2026-10-05_S1.md,complete; measured principal segment; Inspect preparation completion and verify the complete durable collection before any validation population
F15-ND01,F15-ND01-A1,2026-10-05-S1,E,,2026-10-05T17:03:47.686607+00:00,2026-10-05T17:03:51.650820+00:00,3.964213437,0.000000000,3.964213437,0,0.000000000,,v2/work_logs/F15_ND01_2026-10-05_S1.md,excluded segment; no engaged credit; Pre-evaluation all-15 verification; blocked verification time excluded
F15-ND01,F15-ND01-A1,2026-10-05-S1,E,R,2026-10-05T17:03:51.650820+00:00,2026-10-05T17:04:31.959331+00:00,40.308512275,40.308512275,0.000000000,0,0.000000000,,v2/work_logs/F15_ND01_2026-10-05_S1.md,complete; measured principal segment; Assess the saved preparation gate and completion chronology before launching fixed validation
F15-ND01,F15-ND01-A1,2026-10-05-S1,E,,2026-10-05T17:04:31.959331+00:00,2026-10-05T17:04:33.587819+00:00,1.628486453,0.000000000,1.628486453,0,0.000000000,,v2/work_logs/F15_ND01_2026-10-05_S1.md,excluded segment; no engaged credit; Launching fixed diagnostic validation; blocked launch time excluded
F15-ND01,F15-ND01-A1,2026-10-05-S1,E,X,2026-10-05T17:04:33.587819+00:00,2026-10-05T17:14:08.760255+00:00,575.172489037,575.172489037,0.000000000,0,0.000000000,,v2/work_logs/F15_ND01_2026-10-05_S1.md,complete; measured principal segment; Build reproducible saved-output comparison and mechanism analysis while fixed validation runs; no fitting or new population generation
F15-ND01,F15-ND01-A1,2026-10-05-S1,E,,2026-10-05T17:14:08.760255+00:00,2026-10-05T17:14:09.220033+00:00,0.459726517,0.000000000,0.459726517,0,0.000000000,,v2/work_logs/F15_ND01_2026-10-05_S1.md,excluded segment; no engaged credit; Collect completed validation command record; blocked polling time excluded
F15-ND01,F15-ND01-A1,2026-10-05-S1,E,X,2026-10-05T17:14:09.220033+00:00,2026-10-05T17:20:55.673556+00:00,406.453522358,33.500974894,0.000000000,0,372.952547464,,v2/work_logs/F15_ND01_2026-10-05_S1.md,complete; measured principal segment; Interpret all validation variants and prepare the registered mechanism reconstruction without changing study choices; excluded recovery/unobserved 372.952547464 seconds
F15-ND01,F15-ND01-A1,2026-10-05-S1,L,R,2026-10-05T17:20:55.673556+00:00,2026-10-05T17:22:08.823683+00:00,73.150129391,73.150129391,0.000000000,0,0.000000000,,v2/work_logs/F15_ND01_2026-10-05_S1.md,complete; measured principal segment; Read primary distributed-alignment and dormant-path arguments to constrain representation interpretation and next experiment
F15-ND01,F15-ND01-A1,2026-10-05-S1,E,X,2026-10-05T17:22:08.823683+00:00,2026-10-05T17:23:41.276331+00:00,92.452646732,92.452646732,0.000000000,0,0.000000000,,v2/work_logs/F15_ND01_2026-10-05_S1.md,complete; measured principal segment; Review supplemental same-array mechanism implementation and execute after independent static audit
F15-ND01,F15-ND01-A1,2026-10-05-S1,E,,2026-10-05T17:23:41.276331+00:00,2026-10-05T17:23:42.918799+00:00,1.642467190,0.000000000,1.642467190,0,0.000000000,,v2/work_logs/F15_ND01_2026-10-05_S1.md,excluded segment; no engaged credit; Launch audited supplementary analysis on hash-identical already exposed arrays; blocked launch excluded
F15-ND01,F15-ND01-A1,2026-10-05-S1,D,X,2026-10-05T17:23:42.918799+00:00,2026-10-05T17:24:48.319098+00:00,65.400297192,65.400297192,0.000000000,0,0.000000000,,v2/work_logs/F15_ND01_2026-10-05_S1.md,complete; measured principal segment; Develop joint intervention adequacy and repeated-intervention limitations while supplementary reconstruction runs
F15-ND01,F15-ND01-A1,2026-10-05-S1,E,,2026-10-05T17:24:48.319098+00:00,2026-10-05T17:24:48.774089+00:00,0.454991830,0.000000000,0.454991830,0,0.000000000,,v2/work_logs/F15_ND01_2026-10-05_S1.md,excluded segment; no engaged credit; Collect completed supplementary reconstruction command; blocked polling excluded
F15-ND01,F15-ND01-A1,2026-10-05-S1,E,X,2026-10-05T17:24:48.774089+00:00,2026-10-05T17:26:33.806152+00:00,105.032062728,105.032062728,0.000000000,0,0.000000000,,v2/work_logs/F15_ND01_2026-10-05_S1.md,"complete; measured principal segment; Inspect native contribution errors, candidate coverage and joint compatibility from completed same-array reconstruction"
F15-ND01,F15-ND01-A1,2026-10-05-S1,D,X,2026-10-05T17:26:33.806152+00:00,2026-10-05T17:28:32.095661+00:00,118.289510222,118.289510222,0.000000000,0,0.000000000,,v2/work_logs/F15_ND01_2026-10-05_S1.md,complete; measured principal segment; Derive repeatability and joint-subspace conditions to define what the improved single-role edits still fail to establish
F15-ND01,F15-ND01-A1,2026-10-05-S1,E,X,2026-10-05T17:28:32.095661+00:00,2026-10-05T17:29:26.038332+00:00,53.942669810,53.942669810,0.000000000,0,0.000000000,,v2/work_logs/F15_ND01_2026-10-05_S1.md,"complete; measured principal segment; Compute a declared post-outcome repeatability diagnostic from saved quadratic moments, then integrate all scientific findings"
F15-ND01,F15-ND01-A1,2026-10-05-S1,E,,2026-10-05T17:29:26.038332+00:00,2026-10-05T17:29:26.854967+00:00,0.816636812,0.000000000,0.816636812,0,0.000000000,,v2/work_logs/F15_ND01_2026-10-05_S1.md,excluded segment; no engaged credit; Run post-outcome repeatability calculation from saved moments; blocked command time excluded
F15-ND01,F15-ND01-A1,2026-10-05-S1,E,R,2026-10-05T17:29:26.854967+00:00,2026-10-05T17:35:12.978292+00:00,346.123324386,346.123324386,0.000000000,0,0.000000000,,v2/work_logs/F15_ND01_2026-10-05_S1.md,complete; measured principal segment; Interpret supplementary saved-moment results and compose reproducible comparison figures and report
F15-ND01,F15-ND01-A1,2026-10-05-S1,E,,2026-10-05T17:35:12.978292+00:00,2026-10-05T17:35:14.679917+00:00,1.701625295,0.000000000,1.701625295,0,0.000000000,,v2/work_logs/F15_ND01_2026-10-05_S1.md,excluded segment; no engaged credit; Render standalone scientific figures from fixed summaries; blocked rendering time excluded
F15-ND01,F15-ND01-A1,2026-10-05-S1,E,R,2026-10-05T17:35:14.679917+00:00,2026-10-05T17:36:27.564017+00:00,72.884099303,72.884099303,0.000000000,0,0.000000000,,v2/work_logs/F15_ND01_2026-10-05_S1.md,complete; measured principal segment; Check the scientific figure mapping and draft the diagnostic evidence report
F15-ND01,F15-ND01-A1,2026-10-05-S1,O,,2026-10-05T17:36:27.564017+00:00,2026-10-05T17:36:28.734325+00:00,1.170308090,1.170308090,0.000000000,0,0.000000000,600,v2/work_logs/F15_ND01_2026-10-05_S1.md,"complete; measured principal segment; Correct figure label clipping and legend overlap; formatting overhead, no scientific input changes"
F15-ND01,F15-ND01-A1,2026-10-05-S1,E,,2026-10-05T17:36:28.734325+00:00,2026-10-05T17:36:30.346255+00:00,1.611929699,0.000000000,1.611929699,0,0.000000000,,v2/work_logs/F15_ND01_2026-10-05_S1.md,excluded segment; no engaged credit; Render corrected layout into separate figures_v2; blocked time excluded
F15-ND01,F15-ND01-A1,2026-10-05-S1,O,,2026-10-05T17:36:30.346255+00:00,2026-10-05T17:37:12.467863+00:00,42.121607608,42.121607608,0.000000000,0,0.000000000,,v2/work_logs/F15_ND01_2026-10-05_S1.md,complete; measured principal segment; Visually verify corrected figure layout before returning to scientific report analysis
F15-ND01,F15-ND01-A1,2026-10-05-S1,E,,2026-10-05T17:37:12.467863+00:00,2026-10-05T17:37:14.094111+00:00,1.626248651,0.000000000,1.626248651,0,0.000000000,,v2/work_logs/F15_ND01_2026-10-05_S1.md,excluded segment; no engaged credit; Render final legend placement into figures_v3; blocked time excluded
F15-ND01,F15-ND01-A1,2026-10-05-S1,O,,2026-10-05T17:37:14.094111+00:00,2026-10-05T17:37:27.013747+00:00,12.919635218,12.919635218,0.000000000,0,0.000000000,,v2/work_logs/F15_ND01_2026-10-05_S1.md,complete; measured principal segment; Inspect final scientific figure labels and close the layout correction
F15-ND01,F15-ND01-A1,2026-10-05-S1,E,R,2026-10-05T17:37:27.013747+00:00,2026-10-05T17:47:41.895262+00:00,614.881516369,614.881516369,0.000000000,0,0.000000000,,v2/work_logs/F15_ND01_2026-10-05_S1.md,"complete; measured principal segment; Complete substantive results interpretation, hypothesis ranking, uncertainty and resource accounting"
F15-ND01,F15-ND01-A1,2026-10-05-S1,D,X,2026-10-05T17:47:41.895262+00:00,2026-10-05T17:52:49.047029+00:00,307.151765721,307.151765721,0.000000000,0,0.000000000,,v2/work_logs/F15_ND01_2026-10-05_S1.md,"complete; measured principal segment; Optional remaining-floor attempt: derive exact simultaneous projector feasibility for the existing fractional effects, using declared-box ReLU linear independence and no new fits or populations"
F15-ND01,F15-ND01-A1,2026-10-05-S1,E,X,2026-10-05T17:52:49.047029+00:00,2026-10-05T17:53:41.036532+00:00,51.989503372,51.989503372,0.000000000,0,0.000000000,,v2/work_logs/F15_ND01_2026-10-05_S1.md,complete; measured principal segment; Implement certified rational classification of joint feasibility for the four already selected mask pairs; no model execution or new data
F15-ND01,F15-ND01-A1,2026-10-05-S1,E,,2026-10-05T17:53:41.036532+00:00,2026-10-05T17:53:41.910756+00:00,0.874223297,0.000000000,0.874223297,0,0.000000000,,v2/work_logs/F15_ND01_2026-10-05_S1.md,excluded segment; no engaged credit; Evaluate the proved joint-feasibility formula on existing masks and rational weights; blocked compute excluded
F15-ND01,F15-ND01-A1,2026-10-05-S1,D,X,2026-10-05T17:53:41.910756+00:00,2026-10-05T17:57:48.869887+00:00,246.959131532,246.959131532,0.000000000,0,0.000000000,,v2/work_logs/F15_ND01_2026-10-05_S1.md,complete; measured principal segment; Interpret certified compatibility outcomes and the inactive-coordinate metric dependence
F15-ND01,F15-ND01-A1,2026-10-05-S1,E,X,2026-10-05T17:57:48.869887+00:00,2026-10-05T18:03:51.861139+00:00,362.991252524,41.588042455,0.000000000,0,321.403210069,,v2/work_logs/F15_ND01_2026-10-05_S1.md,complete; measured principal segment; Construct deterministic algebraic witnesses for feasible existing-mask pairs and verify projector identities without model forwards; excluded recovery/unobserved 321.403210069 seconds
F15-ND01,F15-ND01-A1,2026-10-05-S1,E,,2026-10-05T18:03:51.861139+00:00,2026-10-05T18:03:52.794729+00:00,0.933589597,0.000000000,0.933589597,0,0.000000000,,v2/work_logs/F15_ND01_2026-10-05_S1.md,excluded segment; no engaged credit; Block on deterministic joint witness calculation; no model forwards or new data
F15-ND01,F15-ND01-A1,2026-10-05-S1,D,X,2026-10-05T18:03:52.794729+00:00,2026-10-05T18:06:16.480587+00:00,143.685858534,143.685858534,0.000000000,0,0.000000000,,v2/work_logs/F15_ND01_2026-10-05_S1.md,complete; measured principal segment; Review constructed joint projector witnesses and delimit output-effect versus semantic claims
F15-ND01,F15-ND01-A1,2026-10-05-S1,E,R,2026-10-05T18:06:16.480587+00:00,2026-10-05T18:09:34.145900+00:00,197.665312495,197.665312495,0.000000000,0,0.000000000,,v2/work_logs/F15_ND01_2026-10-05_S1.md,complete; measured principal segment; Conclude optional compatibility branch; integrate scientific interpretation and final reproducibility boundaries
F15-ND01,F15-ND01-A1,2026-10-05-S1,L,R,2026-10-05T18:09:34.145900+00:00,2026-10-05T18:10:03.534896+00:00,29.388995706,28.088995706,1.300000000,0,0.000000000,,v2/work_logs/F15_ND01_2026-10-05_S1.md,"complete; measured principal segment; Check primary-source boundaries for learned subspace interventions, dormant directions, and superposition interpretation; excluded tool wait 1.300000000 seconds"
F15-ND01,F15-ND01-A1,2026-10-05-S1,E,,2026-10-05T18:10:03.534896+00:00,2026-10-05T18:10:05.055714+00:00,1.520818460,0.000000000,1.520818460,0,0.000000000,,v2/work_logs/F15_ND01_2026-10-05_S1.md,excluded segment; no engaged credit; Wait for primary-source passage retrieval; reading resumes after return
F15-ND01,F15-ND01-A1,2026-10-05-S1,L,R,2026-10-05T18:10:05.055714+00:00,2026-10-05T18:10:19.443685+00:00,14.387972602,14.387972602,0.000000000,0,0.000000000,,v2/work_logs/F15_ND01_2026-10-05_S1.md,"complete; measured principal segment; Read contrasting primary claims about dormant pathways, abstractions, and validation separation"
F15-ND01,F15-ND01-A1,2026-10-05-S1,E,,2026-10-05T18:10:19.443685+00:00,2026-10-05T18:10:21.275818+00:00,1.832131088,0.000000000,1.832131088,0,0.000000000,,v2/work_logs/F15_ND01_2026-10-05_S1.md,excluded segment; no engaged credit; Wait for reply full-context passage and toy-superposition definition
F15-ND01,F15-ND01-A1,2026-10-05-S1,L,R,2026-10-05T18:10:21.275818+00:00,2026-10-05T18:10:54.358540+00:00,33.082723235,33.082723235,0.000000000,0,0.000000000,,v2/work_logs/F15_ND01_2026-10-05_S1.md,"complete; measured principal segment; Interpret exact source distinctions: downstream nullspace versus inactive activation-difference directions, alignment learning versus ordinary training"
F15-ND01,F15-ND01-A1,2026-10-05-S1,D,R,2026-10-05T18:10:54.358540+00:00,2026-10-05T18:12:38.680537+00:00,104.321996120,104.321996120,0.000000000,0,0.000000000,,v2/work_logs/F15_ND01_2026-10-05_S1.md,complete; measured principal segment; Assess exact contribution scope and what diagnostic evidence adds to the named established-method comparisons; preserve future F16 boundary
F15-ND01,F15-ND01-A1,2026-10-05-S1,D,X,2026-10-05T18:12:38.680537+00:00,2026-10-05T18:16:58.974468+00:00,260.293931231,260.293931231,0.000000000,0,0.000000000,,v2/work_logs/F15_ND01_2026-10-05_S1.md,complete; measured principal segment; Derive the semantic joint-error identity and a tolerance counterexample to delimit what compatible single-role effects establish
F15-ND01,F15-ND01-A1,2026-10-05-S1,E,R,2026-10-05T18:16:58.974468+00:00,2026-10-05T18:17:28.996579+00:00,30.022110037,30.022110037,0.000000000,0,0.000000000,,v2/work_logs/F15_ND01_2026-10-05_S1.md,complete; measured principal segment; Integrate audited semantic and primary-source distinctions; complete reproducibility and final scientific report review
F15-ND01,F15-ND01-A1,2026-10-05-S1,E,,2026-10-05T18:17:28.996579+00:00,2026-10-05T18:17:44.248957+00:00,15.252378900,0.000000000,15.252378900,0,0.000000000,,v2/work_logs/F15_ND01_2026-10-05_S1.md,excluded segment; no engaged credit; Wait for final read-only freeze and existing-output reproduction checks
F15-ND01,F15-ND01-A1,2026-10-05-S1,E,R,2026-10-05T18:17:44.248957+00:00,2026-10-05T18:22:02.601935+00:00,258.352978573,258.352978573,0.000000000,0,0.000000000,,v2/work_logs/F15_ND01_2026-10-05_S1.md,complete; measured principal segment; Inspect final reproduction results and complete diagnostic interpretation without another scientific attempt
F15-ND01,F15-ND01-A1,2026-10-05-S1,O,,2026-10-05T18:22:02.601935+00:00,2026-10-05T18:22:49.230656+00:00,46.628721276,46.628721276,0.000000000,0,0.000000000,,v2/work_logs/F15_ND01_2026-10-05_S1.md,"complete; measured principal segment; Scientific research closed; reconcile final accounting, status documents, commit and user handoff"
F15-ND01,F15-ND01-A1,2026-10-05-S1,E,R,2026-10-05T18:22:49.230656+00:00,2026-10-05T18:23:39.553278+00:00,50.322621541,50.322621541,0.000000000,0,0.000000000,,v2/work_logs/F15_ND01_2026-10-05_S1.md,complete; measured principal segment; Final scientific claim reconciliation: inspect newly integrated claim-ledger dispositions against diagnostic evidence; finish the exact research minimum after exclusion review
F15-ND01,F15-ND01-A1,2026-10-05-S1,O,,2026-10-05T18:23:39.553278+00:00,2026-10-05T18:25:03.233242+00:00,83.679964702,83.679964702,0.000000000,0,0.000000000,,v2/work_logs/F15_ND01_2026-10-05_S1.md,"complete; measured principal segment; Research90 close after final claim review and conservative exclusions; complete accounting, documentation, commit and delivery"
F15-ND01,F15-ND01-A1,2026-10-05-S1,E,,2026-10-05T18:25:03.233242+00:00,2026-10-05T18:25:27.376228+00:00,24.142985177,0.000000000,24.142985177,0,0.000000000,,v2/work_logs/F15_ND01_2026-10-05_S1.md,excluded segment; no engaged credit; Wait for GitHub push dry-run preflight; no remote change
F15-ND01,F15-ND01-A1,2026-10-05-S1,O,,2026-10-05T18:25:27.376228+00:00,2026-10-05T18:31:02.220687+00:00,334.844458451,334.844458451,0.000000000,0,0.000000000,,v2/work_logs/F15_ND01_2026-10-05_S1.md,complete; measured principal segment; Close work log and repository documentation; inspect GitHub availability record
F16,F16-A1,2026-10-05-S1,O,,2026-10-05T21:59:55.975522+00:00,2026-10-05T22:02:42.584164+00:00,166.608640153,166.608640153,0.000000000,0,0.000000000,,v2/work_logs/F16_2026-10-05_S1.md,"complete; O; Establish fresh F16 review record, source bindings and separate-reviewer contracts"
F16,F16-A1,2026-10-05-S1,O,,2026-10-05T22:02:42.584164+00:00,2026-10-05T22:02:42.625610+00:00,0.041445808,0.000000000,0.041445808,0,0.000000000,,v2/work_logs/F16_2026-10-05_S1.md,complete; tool_wait; Read definition sources before fresh principal mathematical reconstruction
F16,F16-A1,2026-10-05-S1,D,R,2026-10-05T22:02:42.625610+00:00,2026-10-05T22:04:01.357503+00:00,78.731892738,78.731892738,0.000000000,0,0.000000000,,v2/work_logs/F16_2026-10-05_S1.md,"complete; D; Reconstruct source, loss and comparison semantics from definitions; distinguish warrant from applicability"
F16,F16-A1,2026-10-05-S1,O,,2026-10-05T22:04:01.357503+00:00,2026-10-05T22:04:01.412238+00:00,0.054736122,0.000000000,0.054736122,0,0.000000000,,v2/work_logs/F16_2026-10-05_S1.md,complete; tool_wait; Read exact comparison and inference-rule definitions for fresh derivation
F16,F16-A1,2026-10-05-S1,D,R,2026-10-05T22:04:01.412238+00:00,2026-10-05T22:08:46.846749+00:00,285.434511080,285.434511080,0.000000000,0,0.000000000,,v2/work_logs/F16_2026-10-05_S1.md,"complete; D; Reconstruct native comparison induction, finite case quantifiers and unit conversion obligations"
F16,F16-A1,2026-10-05-S1,O,,2026-10-05T22:08:46.846749+00:00,2026-10-05T22:08:46.907297+00:00,0.060546562,0.000000000,0.060546562,0,0.000000000,,v2/work_logs/F16_2026-10-05_S1.md,complete; tool_wait; Read native completeness and public acceptance statements for comparison with saved fresh derivation
F16,F16-A1,2026-10-05-S1,D,R,2026-10-05T22:08:46.907297+00:00,2026-10-05T22:10:13.597417+00:00,86.690122505,86.690122505,0.000000000,0,0.000000000,,v2/work_logs/F16_2026-10-05_S1.md,"complete; D; Check max-min normalization, rational duality and successful-return scope against the fresh argument"
F16,F16-A1,2026-10-05-S1,O,,2026-10-05T22:10:13.597417+00:00,2026-10-05T22:10:13.635054+00:00,0.037634532,0.000000000,0.037634532,0,0.000000000,,v2/work_logs/F16_2026-10-05_S1.md,complete; tool_wait; Inspect max-min proof dependencies and replay contracts before extending the reconstruction
F16,F16-A1,2026-10-05-S1,D,R,2026-10-05T22:10:13.635054+00:00,2026-10-05T22:12:07.749612+00:00,114.114559428,114.114559428,0.000000000,0,0.000000000,,v2/work_logs/F16_2026-10-05_S1.md,"complete; D; Reconstruct exact replay envelopes, source substitution and the native max-min completeness dependency"
F16,F16-A1,2026-10-05-S1,O,,2026-10-05T22:12:07.749612+00:00,2026-10-05T22:12:07.795006+00:00,0.045392815,0.000000000,0.045392815,0,0.000000000,,v2/work_logs/F16_2026-10-05_S1.md,complete; tool_wait; Read finite disjoint-hinge construction and source transport definitions
F16,F16-A1,2026-10-05-S1,O,,2026-10-05T22:12:07.795006+00:00,2026-10-05T22:16:28.222283+00:00,260.427277521,0.000000000,0.000000000,0,260.427277521,,v2/work_logs/F16_2026-10-05_S1.md,complete; recovery_unobserved; Check noncircular positive-min instantiation and proof-relative source transport and withdrawal
F16,F16-A1,2026-10-05-S1,O,,2026-10-05T22:16:28.222283+00:00,2026-10-05T22:16:56.688806+00:00,28.466523843,0.000000000,0.000000000,0,28.466523843,,v2/work_logs/F16_2026-10-05_S1.md,complete; paused_recovery; Exclude context-recovery gap from the last observed transition; resume after inspecting durable state
F16,F16-A1,2026-10-05-S1,D,R,2026-10-05T22:16:56.688806+00:00,2026-10-05T22:20:15.868734+00:00,199.179927563,199.179927563,0.000000000,0,0.000000000,,v2/work_logs/F16_2026-10-05_S1.md,complete; D; Derive and compare the noncircular positive-min route and fixed-query revision completeness boundaries
F16,F16-A1,2026-10-05-S1,D,X,2026-10-05T22:20:15.868734+00:00,2026-10-05T22:20:16.184658+00:00,0.315924394,0.315924394,0.000000000,0,0.000000000,,v2/work_logs/F16_2026-10-05_S1.md,complete; D; Construct adaptive-selection and confidence-to-expectation countermodels; compare with the declared applicability contract
F16,F16-A1,2026-10-05-S1,O,,2026-10-05T22:20:16.184658+00:00,2026-10-05T22:20:17.106495+00:00,0.921835677,0.000000000,0.921835677,0,0.000000000,,v2/work_logs/F16_2026-10-05_S1.md,complete; tool_wait; Read existing adaptive applicability and expectation statements before comparison
F16,F16-A1,2026-10-05-S1,D,X,2026-10-05T22:20:17.106495+00:00,2026-10-05T22:21:09.507738+00:00,52.401243434,52.401243434,0.000000000,0,0.000000000,,v2/work_logs/F16_2026-10-05_S1.md,complete; D; Derive exact accepted-failure and stopping countermodels with the original confidence contract visible
F16,F16-A1,2026-10-05-S1,O,,2026-10-05T22:21:09.507738+00:00,2026-10-05T22:21:10.168408+00:00,0.660671754,0.000000000,0.660671754,0,0.000000000,,v2/work_logs/F16_2026-10-05_S1.md,complete; tool_wait; Read the precise existing probability and expectation claims for earliest-dependency comparison
F16,F16-A1,2026-10-05-S1,D,X,2026-10-05T22:21:10.168408+00:00,2026-10-05T22:23:33.873589+00:00,143.705179818,143.705179818,0.000000000,0,0.000000000,,v2/work_logs/F16_2026-10-05_S1.md,"complete; D; Prove exact countermodels and sufficient repairs for selection, stopping, branch-law drift and unbounded expected loss"
F16,F16-A1,2026-10-05-S1,L,X,2026-10-05T22:23:33.873589+00:00,2026-10-05T22:23:34.198735+00:00,0.325146518,0.325146518,0.000000000,0,0.000000000,,v2/work_logs/F16_2026-10-05_S1.md,complete; L; Read primary incremental abstraction-carrying code and optimal-recovery antecedents for precise contribution comparison
F16,F16-A1,2026-10-05-S1,O,,2026-10-05T22:23:34.198735+00:00,2026-10-05T22:23:35.370495+00:00,1.171760314,0.000000000,1.171760314,0,0.000000000,,v2/work_logs/F16_2026-10-05_S1.md,complete; tool_wait; Retrieve the two primary papers; retrieval wait is excluded
F16,F16-A1,2026-10-05-S1,L,X,2026-10-05T22:23:35.370495+00:00,2026-10-05T22:24:27.246041+00:00,51.875544336,51.875544336,0.000000000,0,0.000000000,,v2/work_logs/F16_2026-10-05_S1.md,"complete; L; Inspect primary ACC policy checks and retained dependency assumptions, and the optimal-recovery theorem hypotheses"
F16,F16-A1,2026-10-05-S1,O,,2026-10-05T22:24:27.246041+00:00,2026-10-05T22:24:28.994907+00:00,1.748865553,0.000000000,1.748865553,0,0.000000000,,v2/work_logs/F16_2026-10-05_S1.md,complete; tool_wait; Retrieve remaining ACC algorithm sections and the optimal-recovery theorem statement
F16,F16-A1,2026-10-05-S1,L,X,2026-10-05T22:24:28.994907+00:00,2026-10-05T22:25:26.665231+00:00,57.670325694,57.670325694,0.000000000,0,0.000000000,,v2/work_logs/F16_2026-10-05_S1.md,complete; L; Read ACC incremental receiving algorithm and retained-state tradeoffs; inspect the optimal-recovery model and theorem rather than titles alone
F16,F16-A1,2026-10-05-S1,O,,2026-10-05T22:25:26.665231+00:00,2026-10-05T22:25:27.988205+00:00,1.322973560,0.000000000,1.322973560,0,0.000000000,,v2/work_logs/F16_2026-10-05_S1.md,"complete; tool_wait; Read the primary theorem proof and final ACC receiving definition, and retrieve the closest Choquet identification sources"
F16,F16-A1,2026-10-05-S1,L,X,2026-10-05T22:25:27.988205+00:00,2026-10-05T22:26:47.444124+00:00,79.455918349,79.455918349,0.000000000,0,0.000000000,,v2/work_logs/F16_2026-10-05_S1.md,"complete; L; Read optimal-recovery dual certificate proof, ACC policy reception and the actually accessible Choquet identification material"
F16,F16-A1,2026-10-05-S1,O,,2026-10-05T22:26:47.444124+00:00,2026-10-05T22:26:50.222675+00:00,2.778552582,0.000000000,2.778552582,0,0.000000000,,v2/work_logs/F16_2026-10-05_S1.md,complete; tool_wait; Read the Choquet precursor definition and identification model and inspect the indexed journal section
F16,F16-A1,2026-10-05-S1,L,X,2026-10-05T22:26:50.222675+00:00,2026-10-05T22:27:08.632681+00:00,18.410003942,18.410003942,0.000000000,0,0.000000000,,v2/work_logs/F16_2026-10-05_S1.md,"complete; L; Inspect the Choquet definition, model class, constrained regression and the limited available journal identifiability section"
F16,F16-A1,2026-10-05-S1,O,,2026-10-05T22:27:08.632681+00:00,2026-10-05T22:27:10.246938+00:00,1.614258176,0.000000000,1.614258176,0,0.000000000,,v2/work_logs/F16_2026-10-05_S1.md,complete; tool_wait; Retrieve the substantive precursor sections and the delegated journal reference directly after an irrelevant indexed search
F16,F16-A1,2026-10-05-S1,L,X,2026-10-05T22:27:10.246938+00:00,2026-10-05T22:27:56.004992+00:00,45.758053648,45.758053648,0.000000000,0,0.000000000,,v2/work_logs/F16_2026-10-05_S1.md,"complete; L; Read the precursor identification equations and optimization scope, journal preview boundary and ACC theorem limitation"
F16,F16-A1,2026-10-05-S1,O,,2026-10-05T22:27:56.004992+00:00,2026-10-05T22:27:57.294736+00:00,1.289743657,0.000000000,1.289743657,0,0.000000000,,v2/work_logs/F16_2026-10-05_S1.md,complete; tool_wait; Retrieve the remaining precursor definition and record the exact unresolved journal identity
F16,F16-A1,2026-10-05-S1,L,X,2026-10-05T22:27:57.294736+00:00,2026-10-05T22:28:47.605233+00:00,50.310497690,50.310497690,0.000000000,0,0.000000000,,v2/work_logs/F16_2026-10-05_S1.md,complete; L; Read the full accessible Choquet precursor and compare what was actually inspected with the unresolved journal theorem scope
F16,F16-A1,2026-10-05-S1,O,,2026-10-05T22:28:47.605233+00:00,2026-10-05T22:28:50.026739+00:00,2.421507844,0.000000000,2.421507844,0,0.000000000,,v2/work_logs/F16_2026-10-05_S1.md,complete; tool_wait; One targeted primary indexed query for the named journal identifiability section
F16,F16-A1,2026-10-05-S1,L,X,2026-10-05T22:28:50.026739+00:00,2026-10-05T22:30:20.512221+00:00,90.485479695,90.485479695,0.000000000,0,0.000000000,,v2/work_logs/F16_2026-10-05_S1.md,complete; L; Record primary-source reading scope and unresolved exact theorem comparison without inferring absence
F16,F16-A1,2026-10-05-S1,D,R,2026-10-05T22:30:20.512221+00:00,2026-10-05T22:30:20.861837+00:00,0.349617114,0.349617114,0.000000000,0,0.000000000,,v2/work_logs/F16_2026-10-05_S1.md,complete; D; Reconstruct exact price-family ranks and approximation from the actual application definitions; derive the Choquet translation independently
F16,F16-A1,2026-10-05-S1,O,,2026-10-05T22:30:20.861837+00:00,2026-10-05T22:30:21.548168+00:00,0.686329930,0.000000000,0.686329930,0,0.000000000,,v2/work_logs/F16_2026-10-05_S1.md,complete; tool_wait; Read price-family definitions and theorem statements for principal algebraic reconstruction
F16,F16-A1,2026-10-05-S1,D,R,2026-10-05T22:30:21.548168+00:00,2026-10-05T22:31:54.801778+00:00,93.253819812,93.253819812,0.000000000,0,0.000000000,,v2/work_logs/F16_2026-10-05_S1.md,"complete; D; Derive the old-profile kernel, profile-family intersection, repair rank and the exact k=3 approximation geometry"
F16,F16-A1,2026-10-05-S1,O,,2026-10-05T22:31:54.801778+00:00,2026-10-05T22:31:55.504152+00:00,0.702164589,0.000000000,0.702164589,0,0.000000000,,v2/work_logs/F16_2026-10-05_S1.md,"complete; tool_wait; Read the continuation on minimax regret, side information, threshold margins and sampled repair"
F16,F16-A1,2026-10-05-S1,D,R,2026-10-05T22:31:55.504152+00:00,2026-10-05T22:35:52.214061+00:00,236.709909546,236.709909546,0.000000000,0,0.000000000,,v2/work_logs/F16_2026-10-05_S1.md,"complete; D; Check approximate and threshold consumers against the exact kernel, including the lower bound and sampling assumptions"
F16,F16-A1,2026-10-05-S1,D,R,2026-10-05T22:35:52.214061+00:00,2026-10-05T22:35:52.545602+00:00,0.331539891,0.331539891,0.000000000,0,0.000000000,,v2/work_logs/F16_2026-10-05_S1.md,"complete; D; Reconstruct source-coordinate preservation, theory reflection, graded withdrawal and geometric transfer boundaries"
F16,F16-A1,2026-10-05-S1,O,,2026-10-05T22:35:52.545602+00:00,2026-10-05T22:35:53.265410+00:00,0.719807819,0.000000000,0.719807819,0,0.000000000,,v2/work_logs/F16_2026-10-05_S1.md,complete; tool_wait; Read source-map and geometric theorem statements and proof obligations
F16,F16-A1,2026-10-05-S1,D,R,2026-10-05T22:35:53.265410+00:00,2026-10-05T22:37:52.608863+00:00,119.343453440,119.343453440,0.000000000,0,0.000000000,,v2/work_logs/F16_2026-10-05_S1.md,"complete; D; Derive source-image inclusion and reflection with CPWA separators, then test penalty and report geometry assumptions"
F16,F16-A1,2026-10-05-S1,O,,2026-10-05T22:37:52.608863+00:00,2026-10-05T22:37:53.290400+00:00,0.681538579,0.000000000,0.681538579,0,0.000000000,,v2/work_logs/F16_2026-10-05_S1.md,complete; tool_wait; Read source-strength characteristic terms and the finite-fault dependence statements for reconstruction
F16,F16-A1,2026-10-05-S1,D,R,2026-10-05T22:37:53.290400+00:00,2026-10-05T22:47:13.148524+00:00,559.858126692,559.858126692,0.000000000,0,0.000000000,,v2/work_logs/F16_2026-10-05_S1.md,complete; D; Reconstruct source-strength direction and shared-source fault envelopes without treating dependent arguments as independent evidence
F16,F16-A1,2026-10-05-S1,O,,2026-10-05T22:47:13.148524+00:00,2026-10-05T22:47:13.848070+00:00,0.699541460,0.000000000,0.699541460,0,0.000000000,,v2/work_logs/F16_2026-10-05_S1.md,complete; tool_wait; Inspect frozen-manifest membership and affected coherence statements before choosing the correction path
F16,F16-A1,2026-10-05-S1,O,,2026-10-05T22:47:13.848070+00:00,2026-10-05T22:51:00.563064+00:00,226.714994336,0.000000000,0.000000000,0,226.714994336,,v2/work_logs/F16_2026-10-05_S1.md,complete; recovery_unobserved; Prove the k=3 coherent-center result and determine its exact consequences without changing the frozen experimental claim
F16,F16-A1,2026-10-05-S1,O,,2026-10-05T22:51:00.563064+00:00,2026-10-05T22:51:26.335760+00:00,25.772696461,0.000000000,0.000000000,0,25.772696461,,v2/work_logs/F16_2026-10-05_S1.md,complete; paused_recovery; Recovery boundary after context compaction; exclude unobserved open interval
F16,F16-A1,2026-10-05-S1,D,X,2026-10-05T22:51:26.335760+00:00,2026-10-05T23:04:28.115797+00:00,781.780037590,781.780037590,0.000000000,0,0.000000000,,v2/work_logs/F16_2026-10-05_S1.md,complete; D; Reconstruct coherent k=3 decoder and limits of its extension; resolve the precise A1 interpretation correction
F16,F16-A1,2026-10-05-S1,E,X,2026-10-05T23:04:28.115797+00:00,2026-10-05T23:08:53.000881+00:00,264.885082826,264.885082826,0.000000000,0,0.000000000,,v2/work_logs/F16_2026-10-05_S1.md,"complete; E; Implement bounded exact checks of the F16 coherent-decoder correction and proposed extension, using mathematical fixtures only"
F16,F16-A1,2026-10-05-S1,O,,2026-10-05T23:08:53.000881+00:00,2026-10-05T23:08:54.270937+00:00,1.270059531,0.000000000,1.270059531,0,0.000000000,,v2/work_logs/F16_2026-10-05_S1.md,complete; tool_wait; Blocked wait for bounded F16 exact mathematical verification; no frozen stages
F16,F16-A1,2026-10-05-S1,D,X,2026-10-05T23:08:54.270937+00:00,2026-10-05T23:11:16.283062+00:00,142.012122286,142.012122286,0.000000000,0,0.000000000,,v2/work_logs/F16_2026-10-05_S1.md,complete; D; Review the independently audited general decoder statement and its exact consumer boundaries while the separate mathematical process runs
F16,F16-A1,2026-10-05-S1,E,X,2026-10-05T23:11:16.283062+00:00,2026-10-05T23:12:54.302483+00:00,98.019420895,98.019420895,0.000000000,0,0.000000000,,v2/work_logs/F16_2026-10-05_S1.md,"complete; E; Interpret the exact mathematical verification, including nonexchangeable coverage and distinction between candidate checks and proof"
F16,F16-A1,2026-10-05-S1,D,X,2026-10-05T23:12:54.302483+00:00,2026-10-05T23:22:35.050885+00:00,580.748401523,580.748401523,0.000000000,0,0.000000000,,v2/work_logs/F16_2026-10-05_S1.md,complete; D; Complete the coherent-decoder statement and derive a same-model counterexample for additional convex source restrictions
F16,F16-A1,2026-10-05-S1,L,R,2026-10-05T23:22:35.050885+00:00,2026-10-05T23:22:35.091773+00:00,0.040918155,0.040918155,0.000000000,0,0.000000000,,v2/work_logs/F16_2026-10-05_S1.md,complete; L; Check the new coherent-center contribution against established optimal-recovery work and its current-source limits
F16,F16-A1,2026-10-05-S1,O,,2026-10-05T23:22:35.091773+00:00,2026-10-05T23:22:38.988998+00:00,3.897195401,0.000000000,3.897195401,0,0.000000000,,v2/work_logs/F16_2026-10-05_S1.md,complete; tool_wait; Await primary-source search for coherent and constrained optimal recovery
F16,F16-A1,2026-10-05-S1,L,R,2026-10-05T23:22:38.988998+00:00,2026-10-05T23:22:56.382459+00:00,17.393460569,17.393460569,0.000000000,0,0.000000000,,v2/work_logs/F16_2026-10-05_S1.md,complete; L; Read and classify primary-source results for constrained optimal recovery and the compatible-law output requirement
F16,F16-A1,2026-10-05-S1,O,,2026-10-05T23:22:56.382459+00:00,2026-10-05T23:22:58.502674+00:00,2.120215573,0.000000000,2.120215573,0,0.000000000,,v2/work_logs/F16_2026-10-05_S1.md,complete; tool_wait; Await targeted primary-source searches after broad terminology produced irrelevant quantum results
F16,F16-A1,2026-10-05-S1,L,R,2026-10-05T23:22:58.502674+00:00,2026-10-05T23:23:28.464865+00:00,29.962189893,29.962189893,0.000000000,0,0.000000000,,v2/work_logs/F16_2026-10-05_S1.md,complete; L; Read the primary optimal-recovery theorem and targeted references to constrained centers
F16,F16-A1,2026-10-05-S1,O,,2026-10-05T23:23:28.464865+00:00,2026-10-05T23:23:29.922976+00:00,1.458111777,0.000000000,1.458111777,0,0.000000000,,v2/work_logs/F16_2026-10-05_S1.md,complete; tool_wait; Await primary publisher and author pages for the closest constrained-center algorithm
F16,F16-A1,2026-10-05-S1,L,R,2026-10-05T23:23:29.922976+00:00,2026-10-05T23:23:55.820211+00:00,25.897235546,25.897235546,0.000000000,0,0.000000000,,v2/work_logs/F16_2026-10-05_S1.md,complete; L; Inspect primary algorithm scope and locate its full proof source before assessing overlap
F16,F16-A1,2026-10-05-S1,O,,2026-10-05T23:23:55.820211+00:00,2026-10-05T23:23:58.532216+00:00,2.712004267,0.000000000,2.712004267,0,0.000000000,,v2/work_logs/F16_2026-10-05_S1.md,complete; tool_wait; Await a full primary preprint of the constrained-center algorithm and a relevant author-hosted comparison
F16,F16-A1,2026-10-05-S1,L,R,2026-10-05T23:23:58.532216+00:00,2026-10-05T23:24:24.780962+00:00,26.248745788,26.248745788,0.000000000,0,0.000000000,,v2/work_logs/F16_2026-10-05_S1.md,complete; L; Read the retrieved primary abstracts and precise optimality definitions; retain failed publisher retrievals as limitations
F16,F16-A1,2026-10-05-S1,O,,2026-10-05T23:24:24.780962+00:00,2026-10-05T23:24:26.133273+00:00,1.352310197,0.000000000,1.352310197,0,0.000000000,,v2/work_logs/F16_2026-10-05_S1.md,complete; tool_wait; Await primary full-text sections on vector recovery and relative Chebyshev centers
F16,F16-A1,2026-10-05-S1,L,R,2026-10-05T23:24:26.133273+00:00,2026-10-05T23:24:49.948043+00:00,23.814771601,23.814771601,0.000000000,0,0.000000000,,v2/work_logs/F16_2026-10-05_S1.md,"complete; L; Read retrieved definitions and theorem scope, separating consistent-object recovery from unrestricted query prediction"
F16,F16-A1,2026-10-05-S1,O,,2026-10-05T23:24:49.948043+00:00,2026-10-05T23:24:51.449638+00:00,1.501593897,0.000000000,1.501593897,0,0.000000000,,v2/work_logs/F16_2026-10-05_S1.md,complete; tool_wait; Await the probability-vector recovery statement and author preprint link
F16,F16-A1,2026-10-05-S1,L,R,2026-10-05T23:24:51.449638+00:00,2026-10-05T23:25:34.401492+00:00,42.951854555,42.951854555,0.000000000,0,0.000000000,,v2/work_logs/F16_2026-10-05_S1.md,complete; L; Compare the probability-vector paper’s target space and relative-center optimality conditions with the F16 admissible-law output contract
F16,F16-A1,2026-10-05-S1,O,,2026-10-05T23:25:34.401492+00:00,2026-10-05T23:25:35.707260+00:00,1.305768433,0.000000000,1.305768433,0,0.000000000,,v2/work_logs/F16_2026-10-05_S1.md,complete; tool_wait; Await exact primary theorem text and the documented arXiv link
F16,F16-A1,2026-10-05-S1,L,R,2026-10-05T23:25:35.707260+00:00,2026-10-05T23:26:30.793110+00:00,55.085848937,55.085848937,0.000000000,0,0.000000000,,v2/work_logs/F16_2026-10-05_S1.md,complete; L; Read the exact vector-recovery theorems and identify the role of constraints on the unknown object versus constraints on the output
F16,F16-A1,2026-10-05-S1,O,,2026-10-05T23:26:30.793110+00:00,2026-10-05T23:26:32.094717+00:00,1.301607099,0.000000000,1.301607099,0,0.000000000,,v2/work_logs/F16_2026-10-05_S1.md,complete; tool_wait; Await full primary preprint of the relative-center algorithm
F16,F16-A1,2026-10-05-S1,L,R,2026-10-05T23:26:32.094717+00:00,2026-10-05T23:27:11.723056+00:00,39.628339421,39.628339421,0.000000000,0,0.000000000,,v2/work_logs/F16_2026-10-05_S1.md,complete; L; Read the relative-center algorithm preprint and compare the declared decision set
F16,F16-A1,2026-10-05-S1,O,,2026-10-05T23:27:11.723056+00:00,2026-10-05T23:27:12.979125+00:00,1.256068846,0.000000000,1.256068846,0,0.000000000,,v2/work_logs/F16_2026-10-05_S1.md,complete; tool_wait; Await full text for the relative-center algorithm’s formal assumptions
F16,F16-A1,2026-10-05-S1,L,R,2026-10-05T23:27:12.979125+00:00,2026-10-05T23:27:53.109460+00:00,40.130335060,40.130335060,0.000000000,0,0.000000000,,v2/work_logs/F16_2026-10-05_S1.md,"complete; L; Read the full primary algorithm setup, hypotheses and computational limitations relevant to the ordinary baseline"
F16,F16-A1,2026-10-05-S1,O,,2026-10-05T23:27:53.109460+00:00,2026-10-05T23:27:54.524048+00:00,1.414586919,0.000000000,1.414586919,0,0.000000000,,v2/work_logs/F16_2026-10-05_S1.md,complete; tool_wait; Await the selected formal assumptions and global-optimization limitation in the primary relative-center paper
F16,F16-A1,2026-10-05-S1,O,,2026-10-05T23:27:54.524048+00:00,2026-10-05T23:32:53.988871+00:00,299.464823491,0.000000000,0.000000000,0,299.464823491,,v2/work_logs/F16_2026-10-05_S1.md,complete; recovery_unobserved; Compare convex-source hypotheses and algorithmic oracle costs with the exact LP baseline; avoid importing broader claims
F16,F16-A1,2026-10-05-S1,O,,2026-10-05T23:32:53.988871+00:00,2026-10-05T23:33:28.103276+00:00,34.114404509,0.000000000,0.000000000,0,34.114404509,,v2/work_logs/F16_2026-10-05_S1.md,complete; paused_recovery; Resume after connection interruption; exclude unobserved open interval before continuing
F16,F16-A1,2026-10-05-S1,D,R,2026-10-05T23:33:28.103276+00:00,2026-10-05T23:35:27.406664+00:00,119.303392739,119.303392739,0.000000000,0,0.000000000,,v2/work_logs/F16_2026-10-05_S1.md,complete; D; Final theorem-scope and contribution review after recovery; assess sharpness and practical magnitude
F16,F16-A1,2026-10-05-S1,L,R,2026-10-05T23:35:27.406664+00:00,2026-10-05T23:35:40.395974+00:00,12.989306893,12.989306893,0.000000000,0,0.000000000,,v2/work_logs/F16_2026-10-05_S1.md,"complete; L; Targeted primary-source comparison of joint constraints, compatible centers and ordinary optimal-recovery costs"
F16,F16-A1,2026-10-05-S1,O,,2026-10-05T23:35:40.395974+00:00,2026-10-05T23:35:41.597257+00:00,1.201282617,0.000000000,1.201282617,0,0.000000000,,v2/work_logs/F16_2026-10-05_S1.md,complete; tool_wait; Primary-source retrieval wait
F16,F16-A1,2026-10-05-S1,L,R,2026-10-05T23:35:41.597257+00:00,2026-10-05T23:36:13.711149+00:00,32.113894151,32.113894151,0.000000000,0,0.000000000,,v2/work_logs/F16_2026-10-05_S1.md,complete; L; Read primary theorem and optimization assumptions for the final bounded contribution comparison
F16,F16-A1,2026-10-05-S1,O,,2026-10-05T23:36:13.711149+00:00,2026-10-05T23:36:15.102734+00:00,1.391584686,0.000000000,1.391584686,0,0.000000000,,v2/work_logs/F16_2026-10-05_S1.md,complete; tool_wait; Primary-source targeted passage retrieval wait
F16,F16-A1,2026-10-05-S1,L,R,2026-10-05T23:36:15.102734+00:00,2026-10-05T23:37:25.181785+00:00,70.079049113,70.079049113,0.000000000,0,0.000000000,,v2/work_logs/F16_2026-10-05_S1.md,"complete; L; Compare ambient-output optimal recovery, consistent estimates and actual global-optimization assumptions"
F16,F16-A1,2026-10-05-S1,D,R,2026-10-05T23:37:25.181785+00:00,2026-10-05T23:38:20.174670+00:00,54.992885991,54.992885991,0.000000000,0,0.000000000,,v2/work_logs/F16_2026-10-05_S1.md,complete; D; Derive the equally informed ordinary compatible-center LP and exact scope of the surviving contribution
F16,F16-A1,2026-10-05-S1,E,X,2026-10-05T23:38:20.174670+00:00,2026-10-05T23:41:32.584817+00:00,192.410146598,192.410146598,0.000000000,0,0.000000000,,v2/work_logs/F16_2026-10-05_S1.md,complete; E; Interpret saved exact mathematical and implementation outputs; verify coverage and failure classifications for the final evidence report
F16,F16-A1,2026-10-05-S1,O,,2026-10-05T23:41:32.584817+00:00,2026-10-05T23:44:31.218152+00:00,178.633335412,178.633335412,0.000000000,0,0.000000000,,v2/work_logs/F16_2026-10-05_S1.md,complete; O; Interpret saved exact mathematical and implementation outputs; verify coverage and failure classifications for the final evidence report; observed mode correction: Conservatively classify principal report assembly after the observed 23:41:32 check and before the 23:44:31 D transition as overhead. Existing arguments were being organized into the report; this is not additional E evidence. No timestamps or prior segments are rewritten.
F16,F16-A1,2026-10-05-S1,D,R,2026-10-05T23:44:31.218152+00:00,2026-10-05T23:47:13.965780+00:00,162.747627049,162.747627049,0.000000000,0,0.000000000,,v2/work_logs/F16_2026-10-05_S1.md,"complete; D; Finalize the scientific argument: ordinary-center reduction, corrected scope, six-field contribution and concrete future evidence targets"
F16,F16-A1,2026-10-05-S1,O,,2026-10-05T23:47:13.965780+00:00,2026-10-05T23:49:21.421140+00:00,127.455359580,127.455359580,0.000000000,0,0.000000000,,v2/work_logs/F16_2026-10-05_S1.md,"complete; O; Finalize the scientific argument: ordinary-center reduction, corrected scope, six-field contribution and concrete future evidence targets; observed mode correction: Conservatively classify the interval after the observed 23:47:13 check through this transition as accounting/administrative overhead. Some mathematical planning also occurred; none of this mixed interval is credited as research."
F16,F16-A1,2026-10-05-S1,D,X,2026-10-05T23:49:21.421140+00:00,2026-10-05T23:53:18.425936+00:00,237.004803523,237.004803523,0.000000000,0,0.000000000,,v2/work_logs/F16_2026-10-05_S1.md,complete; D; Write and check the exact three-procedure uncertain-old-summary counterexample
F16,F16-A1,2026-10-05-S1,O,,2026-10-05T23:53:18.425936+00:00,2026-10-06T00:07:27.579973+00:00,849.154030137,849.154030137,0.000000000,0,0.000000000,,v2/work_logs/F16_2026-10-05_S1.md,"complete; O; Protected substantive review complete; synchronize records, audit exact accounting and preserve the commit"
F16,F16-A1,2026-10-05-S1,O,,2026-10-06T00:07:27.579973+00:00,2026-10-06T00:09:57.271157+00:00,149.691184051,0.000000000,0.000000000,0,149.691184051,,v2/work_logs/F16_2026-10-05_S1.md,"complete; recovery_unobserved; Protected substantive review complete; synchronize records, audit exact accounting and preserve the commit; observed mode correction: Exclude the unobserved interruption/reconstruction interval after the last recorded check at 2026-10-06T00:07:27.579973+00:00 through the observed recovery pause at 00:09:57.271157. Preserve engaged administrative time before that check. Raw clocks are unchanged; this interval supplies no engaged or research credit."
F16,F16-A1,2026-10-05-S1,O,,2026-10-06T00:09:57.271157+00:00,2026-10-06T00:10:26.766520+00:00,29.495362231,0.000000000,0.000000000,0,29.495362231,,v2/work_logs/F16_2026-10-05_S1.md,complete; paused_recovery; Artifact integrity recovery: resume after interruption; exclude unobserved administrative interval after last check
F16,F16-A1,2026-10-05-S1,O,,2026-10-06T00:10:26.766520+00:00,2026-10-06T00:11:03.848448+00:00,37.081928120,37.081928120,0.000000000,0,0.000000000,,v2/work_logs/F16_2026-10-05_S1.md,complete; O; Finish accounting and preservation after excluded recovery; research remains closed
Gate C,C_1,2026-10-06-S1,O,,2026-10-06T08:31:45.651447+00:00,2026-10-06T08:32:49.965323+00:00,64.313879433,64.313879433,0.000000000,0,0.000000000,,v2/work_logs/C_2026-10-06_S1.md,assessment complete; author decision pending; O; Create prospective Gate C assessment record; user reserves final advancement or recurrence decision
Gate C,C_1,2026-10-06-S1,O,,2026-10-06T08:32:49.965323+00:00,2026-10-06T08:37:48.667206+00:00,298.701880190,0.000000000,0.000000000,0,298.701880190,,v2/work_logs/C_2026-10-06_S1.md,assessment complete; author decision pending; recovery_unobserved; Reconstruct Gate C usefulness and causal-evidence obligations from frozen protocol and final outcomes; exclusion: Conservatively exclude the entire open D/R segment spanning context compaction; its active/recovery boundary was not observed. Raw clock events and elapsed interval are preserved; useful reads are retained without claiming time.
Gate C,C_1,2026-10-06-S1,O,,2026-10-06T08:37:48.667206+00:00,2026-10-06T08:38:32.848653+00:00,44.181447749,0.000000000,0.000000000,0,44.181447749,,v2/work_logs/C_2026-10-06_S1.md,"assessment complete; author decision pending; paused_recovery; Resume after context compaction; exclude the open, incompletely observed D interval."
Gate C,C_1,2026-10-06-S1,D,R,2026-10-06T08:38:32.848653+00:00,2026-10-06T08:39:31.051796+00:00,58.203139093,58.203139093,0.000000000,0,0.000000000,,v2/work_logs/C_2026-10-06_S1.md,"assessment complete; author decision pending; D; Assess frozen usefulness, genuine composition and the scoped contribution against Gate C criteria."
Gate C,C_1,2026-10-06-S1,L,X,2026-10-06T08:39:31.051796+00:00,2026-10-06T08:40:07.817862+00:00,36.766066201,36.766066201,0.000000000,0,0.000000000,,v2/work_logs/C_2026-10-06_S1.md,assessment complete; author decision pending; L; Directly compare primary optimal-recovery and relative-center output contracts against the claimed compatible-decoder delta.
Gate C,C_1,2026-10-06-S1,D,X,2026-10-06T08:40:07.817862+00:00,2026-10-06T08:41:43.629420+00:00,95.811562418,95.811562418,0.000000000,0,0.000000000,,v2/work_logs/C_2026-10-06_S1.md,assessment complete; author decision pending; D; Weigh the strongest ordinary-baseline objection against the exact supported contribution and identify the best conditional next chunk.
Gate C,C_1,2026-10-06-S1,E,R,2026-10-06T08:41:43.629420+00:00,2026-10-06T08:45:52.137174+00:00,248.507752650,248.507752650,0.000000000,0,0.000000000,,v2/work_logs/C_2026-10-06_S1.md,assessment complete; author decision pending; E; Recount the prospective usefulness conditions from saved F15 rows and validate aggregate identity and five-model preparation chronology without executing experimental stages.
Gate C,C_1,2026-10-06-S1,D,X,2026-10-06T08:45:52.137174+00:00,2026-10-06T08:46:43.787810+00:00,51.650635854,51.650635854,0.000000000,0,0.000000000,,v2/work_logs/C_2026-10-06_S1.md,"assessment complete; author decision pending; D; Finalize the criterion-by-criterion recommendation, strongest objection and conditional recurrence choice using the verified saved-result recount."
Gate C,C_1,2026-10-06-S1,O,,2026-10-06T08:46:43.787810+00:00,2026-10-06T08:55:54.735995+00:00,550.948185857,550.948185857,0.000000000,0,0.000000000,,v2/work_logs/C_2026-10-06_S1.md,"assessment complete; author decision pending; O; Substantive Gate C recommendation complete; synchronize status, close auditable accounting and preserve delivery."
