task_id,attempt_id,session_id,mode,lane,start_utc,end_utc,elapsed_seconds,engaged_seconds,tool_wait_seconds,idle_seconds,unmeasured_seconds,forecast_seconds,artifact,status
P3-SETUP,P3-SETUP-1,2026-10-06-S1,O,,2026-10-06T23:35:20.611336+00:00,2026-10-06T23:49:56.968295+00:00,876.356952516,876.356952516,0,0,0,900,v3/work_logs/P3_SETUP_2026-10-06_S1.md,Roadmap setup complete; zero research-floor credit; P3-01 selected and unstarted.
P3-01,P3-01-1,2026-10-07-S1,L,R,2026-10-07T00:42:20.331462+00:00,2026-10-07T00:46:32.791985+00:00,252.460520546,252.460520546,0.000000000,0.000000000,0.000000000,2400.000000000,v3/work_logs/P3_01_2026-10-07_S1.md,Closed P3-01 observation; scientific completion not inferred; later tasks/gates unattempted; L; Reconstruct primary definitions and inherited phase-two interfaces.
P3-01,P3-01-1,2026-10-07-S1,O,,2026-10-07T00:46:32.791985+00:00,2026-10-07T00:50:09.834020+00:00,217.042035918,217.042035918,0.000000000,0.000000000,0.000000000,600.000000000,v3/work_logs/P3_01_2026-10-07_S1.md,"Closed P3-01 observation; scientific completion not inferred; later tasks/gates unattempted; O; P3-01-CD01; Conservative reclassification of mixed scientific drafting and planning how to satisfy the protected duration. No finer measured split exists; this entire observed interval receives administration credit only, zero research credit."
P3-01,P3-01-1,2026-10-07-S1,D,R,2026-10-07T00:50:09.834020+00:00,2026-10-07T00:52:08.116954+00:00,118.282934490,118.282934490,0.000000000,0.000000000,0.000000000,2700.000000000,v3/work_logs/P3_01_2026-10-07_S1.md,"Closed P3-01 observation; scientific completion not inferred; later tasks/gates unattempted; D; Specify typed information, computation, feedback and evidence contract from reconstructed interfaces."
P3-01,P3-01-1,2026-10-07-S1,D,X,2026-10-07T00:52:08.116954+00:00,2026-10-07T00:58:54.350271+00:00,406.233314497,406.233314497,0.000000000,0.000000000,0.000000000,,v3/work_logs/P3_01_2026-10-07_S1.md,"Closed P3-01 observation; scientific completion not inferred; later tasks/gates unattempted; D; Construct adversarial separating examples for information, counterfactual ambiguity and refinement duties."
P3-01,P3-01-1,2026-10-07-S1,L,X,2026-10-07T00:58:54.350271+00:00,2026-10-07T01:01:04.382111+00:00,130.031841750,130.031841750,0.000000000,0.000000000,0.000000000,,v3/work_logs/P3_01_2026-10-07_S1.md,Closed P3-01 observation; scientific completion not inferred; later tasks/gates unattempted; L; Inspect expectation-first and non-probabilistic comparisons and reconstruct source import boundaries.
P3-01,P3-01-1,2026-10-07-S1,E,R,2026-10-07T01:01:04.382111+00:00,2026-10-07T01:04:34.027701+00:00,209.645593235,209.645593235,0.000000000,0.000000000,0.000000000,300.000000000,v3/work_logs/P3_01_2026-10-07_S1.md,Closed P3-01 observation; scientific completion not inferred; later tasks/gates unattempted; E; Implement exact rational checks of the separating examples and independently enumerated repair and decision cases.
P3-01,P3-01-1,2026-10-07-S1,D,X,2026-10-07T01:04:34.027701+00:00,2026-10-07T01:09:20.031537+00:00,286.003833503,286.003833503,0.000000000,0.000000000,0.000000000,,v3/work_logs/P3_01_2026-10-07_S1.md,Closed P3-01 observation; scientific completion not inferred; later tasks/gates unattempted; D; Analyze what a cost-space analogue of non-exploitation would actually require; distinguish recoding from resource-priced weakening.
P3-01,P3-01-1,2026-10-07-S1,O,,2026-10-07T01:09:20.031537+00:00,2026-10-07T01:12:33.484868+00:00,193.453620971,0.000000000,0.000000000,0.000000000,193.453620971,,v3/work_logs/P3_01_2026-10-07_S1.md,Closed P3-01 observation; scientific completion not inferred; later tasks/gates unattempted; recovery; P3-01-CD02; Exclude the entire interval from the last observed check before context compaction through the resumed clock switch; includes unobserved summarization/recovery and a brief restoration read. Zero engaged or research credit.
P3-01,P3-01-1,2026-10-07-S1,O,,2026-10-07T01:12:33.484868+00:00,2026-10-07T01:13:29.970828+00:00,56.485668589,56.485668589,0.000000000,0.000000000,0.000000000,,v3/work_logs/P3_01_2026-10-07_S1.md,Closed P3-01 observation; scientific completion not inferred; later tasks/gates unattempted; O; Recover observed clock after context compaction; record conservative exclusions and administrative reclassification without rewriting raw observations.
P3-01,P3-01-1,2026-10-07-S1,L,R,2026-10-07T01:13:29.970828+00:00,2026-10-07T01:14:59.377256+00:00,89.406436650,89.406436650,0.000000000,0.000000000,0.000000000,,v3/work_logs/P3_01_2026-10-07_S1.md,Closed P3-01 observation; scientific completion not inferred; later tasks/gates unattempted; L; Reconstruct load-bearing primary and inherited comparison definitions; check the problem contract against the exact next-task boundary.
P3-01,P3-01-1,2026-10-07-S1,D,R,2026-10-07T01:14:59.377256+00:00,2026-10-07T01:16:49.036188+00:00,109.658923290,109.658923290,0.000000000,0.000000000,0.000000000,,v3/work_logs/P3_01_2026-10-07_S1.md,"Closed P3-01 observation; scientific completion not inferred; later tasks/gates unattempted; D; Integrate exact recoding qualifications and specify auditable resource, information and response-product requirements from the reviewed counterexamples."
P3-01,P3-01-1,2026-10-07-S1,O,,2026-10-07T01:16:49.036188+00:00,2026-10-07T01:17:58.105202+00:00,69.069013388,69.069013388,0.000000000,0.000000000,0.000000000,,v3/work_logs/P3_01_2026-10-07_S1.md,Closed P3-01 observation; scientific completion not inferred; later tasks/gates unattempted; O; P3-01-CD03; Conservative reclassification: mixed research-boundary review and administrative reasoning about session length after the last check. No precise smaller split was measured; the full observed interval receives zero research credit.
P3-01,P3-01-1,2026-10-07-S1,L,X,2026-10-07T01:17:58.105202+00:00,2026-10-07T01:22:02.685786+00:00,244.580586098,244.580586098,0.000000000,0.000000000,0.000000000,,v3/work_logs/P3_01_2026-10-07_S1.md,Closed P3-01 observation; scientific completion not inferred; later tasks/gates unattempted; L; Reconstruct counterpossible selection and the exact invariances a meaningful comparison may require.
P3-01,P3-01-1,2026-10-07-S1,D,X,2026-10-07T01:22:02.685786+00:00,2026-10-07T01:26:15.626415+00:00,252.940627035,252.940627035,0.000000000,0.000000000,0.000000000,,v3/work_logs/P3_01_2026-10-07_S1.md,"Closed P3-01 observation; scientific completion not inferred; later tasks/gates unattempted; D; Reconstruct the coherent-but-nonanticipatory forecast witness, finite projection boundaries and the genuine-counterpossible target."
P3-01,P3-01-1,2026-10-07-S1,O,,2026-10-07T01:26:15.626415+00:00,2026-10-07T01:31:29.623972+00:00,313.997559739,0.000000000,0.000000000,0.000000000,313.997559739,,v3/work_logs/P3_01_2026-10-07_S1.md,"Closed P3-01 observation; scientific completion not inferred; later tasks/gates unattempted; recovery; P3-01-CD04; Conservatively exclude the complete interval from the last principal clock sample before context compaction through resumed clock observation. Useful source inspection within this span had no later principal clock anchor and receives no credit; recovery, continuity-guidance check and failed O/X clock invocation are also excluded."
P3-01,P3-01-1,2026-10-07-S1,O,,2026-10-07T01:31:29.623972+00:00,2026-10-07T01:32:07.831338+00:00,38.207363195,38.207363195,0.000000000,0.000000000,0.000000000,,v3/work_logs/P3_01_2026-10-07_S1.md,Closed P3-01 observation; scientific completion not inferred; later tasks/gates unattempted; O; Resume after context recovery; close unanchored interval pending conservative recovery disposition.
P3-01,P3-01-1,2026-10-07-S1,L,R,2026-10-07T01:32:07.831338+00:00,2026-10-07T01:33:13.094516+00:00,65.263180641,65.263180641,0.000000000,0.000000000,0.000000000,,v3/work_logs/P3_01_2026-10-07_S1.md,"Closed P3-01 observation; scientific completion not inferred; later tasks/gates unattempted; L; Reconstruct precise source contracts for LI model/expectation interfaces, current evidence coherence and historical price access."
P3-01,P3-01-1,2026-10-07-S1,D,R,2026-10-07T01:33:13.094516+00:00,2026-10-07T01:35:37.361098+00:00,144.266635357,144.266635357,0.000000000,0.000000000,0.000000000,,v3/work_logs/P3_01_2026-10-07_S1.md,"Closed P3-01 observation; scientific completion not inferred; later tasks/gates unattempted; D; Write the reconstructed finite-information, source-import and counterpossible boundary arguments; integrate targeted review corrections."
P3-01,P3-01-1,2026-10-07-S1,L,R,2026-10-07T01:35:37.361098+00:00,2026-10-07T01:40:32.287555+00:00,294.926403325,294.926403325,0.000000000,0.000000000,0.000000000,,v3/work_logs/P3_01_2026-10-07_S1.md,Closed P3-01 observation; scientific completion not inferred; later tasks/gates unattempted; L; Inspect original disclosure/representation definitions and primary correction; distinguish an axiom presentation from its deductive theory in the LI comparator.
P3-01,P3-01-1,2026-10-07-S1,D,X,2026-10-07T01:40:32.287555+00:00,2026-10-07T01:42:37.852384+00:00,125.564827993,125.564827993,0.000000000,0.000000000,0.000000000,,v3/work_logs/P3_01_2026-10-07_S1.md,"Closed P3-01 observation; scientific completion not inferred; later tasks/gates unattempted; D; Derive equal-access, calibration-scope and estimate-to-warrant separators for the cross-component comparison."
P3-01,P3-01-1,2026-10-07-S1,L,R,2026-10-07T01:42:37.852384+00:00,2026-10-07T01:42:57.833134+00:00,19.980749484,19.980749484,0.000000000,0.000000000,0.000000000,,v3/work_logs/P3_01_2026-10-07_S1.md,"Closed P3-01 observation; scientific completion not inferred; later tasks/gates unattempted; L; Consolidate primary source versions, known LI correction and closest ordinary composition/profile/calibration comparators."
P3-01,P3-01-1,2026-10-07-S1,O,,2026-10-07T01:42:57.833134+00:00,2026-10-07T02:03:06.301919+00:00,1208.468785443,0.000000000,0.000000000,0.000000000,1208.468785443,,v3/work_logs/P3_01_2026-10-07_S1.md,Closed P3-01 observation; scientific completion not inferred; later tasks/gates unattempted; unmeasured; P3-01-CD05; Conservatively exclude an overlong interval with no intermediate principal clock sample. The interval mixed source inspection/drafting and administrative reasoning about scope and timing; no reliable finer split or uninterrupted-engagement verification exists. Do not infer research credit from output volume or the final elapsed reading.
P3-01,P3-01-1,2026-10-07-S1,O,,2026-10-07T02:03:06.301919+00:00,2026-10-07T02:03:30.183280+00:00,23.881362573,23.881362573,0.000000000,0.000000000,0.000000000,,v3/work_logs/P3_01_2026-10-07_S1.md,"Closed P3-01 observation; scientific completion not inferred; later tasks/gates unattempted; O; P3-01-CD06; Conservative classification of a failed scientific-text patch followed by accounting inspection; administrative only, with zero research credit."
P3-01,P3-01-1,2026-10-07-S1,O,,2026-10-07T02:03:30.183280+00:00,2026-10-07T02:04:13.678954+00:00,43.495672135,43.495672135,0.000000000,0.000000000,0.000000000,,v3/work_logs/P3_01_2026-10-07_S1.md,Closed P3-01 observation; scientific completion not inferred; later tasks/gates unattempted; O; Inspect an overlong unsampled interval and record conservative disposition before further research.
P3-01,P3-01-1,2026-10-07-S1,D,R,2026-10-07T02:04:13.678954+00:00,2026-10-07T02:05:14.949213+00:00,61.270259625,61.270259625,0.000000000,0.000000000,0.000000000,,v3/work_logs/P3_01_2026-10-07_S1.md,"Closed P3-01 observation; scientific completion not inferred; later tasks/gates unattempted; D; Integrate the reviewed acquisition, calibration and proof-interface clarifications; observation cadence restored."
P3-01,P3-01-1,2026-10-07-S1,L,X,2026-10-07T02:05:14.949213+00:00,2026-10-07T02:08:40.172591+00:00,205.223378841,205.223378841,0.000000000,0.000000000,0.000000000,,v3/work_logs/P3_01_2026-10-07_S1.md,"Closed P3-01 observation; scientific completion not inferred; later tasks/gates unattempted; L; Inspect the probabilistic-numerics comparison: uncertainty over deterministic computations, acquired information and supplied prior/covariance assumptions."
P3-01,P3-01-1,2026-10-07-S1,D,X,2026-10-07T02:08:40.172591+00:00,2026-10-07T02:09:22.513579+00:00,42.340985167,42.340985167,0.000000000,0.000000000,0.000000000,,v3/work_logs/P3_01_2026-10-07_S1.md,Closed P3-01 observation; scientific completion not inferred; later tasks/gates unattempted; D; Reconstruct a covariance-scale separator: identical posterior means can imply different paid-reasoning choices; separate modeled uncertainty from a certificate.
P3-01,P3-01-1,2026-10-07-S1,O,,2026-10-07T02:09:22.513579+00:00,2026-10-07T02:12:23.539757+00:00,181.026180002,0.000000000,0.000000000,0.000000000,181.026180002,,v3/work_logs/P3_01_2026-10-07_S1.md,Closed P3-01 observation; scientific completion not inferred; later tasks/gates unattempted; recovery; P3-01-CD07; Exclude the full unobserved context-compaction and restoration interval from the last principal clock check to resumed observation. No engaged or research credit.
P3-01,P3-01-1,2026-10-07-S1,O,,2026-10-07T02:12:23.539757+00:00,2026-10-07T02:12:49.397956+00:00,25.858299388,25.858299388,0.000000000,0.000000000,0.000000000,,v3/work_logs/P3_01_2026-10-07_S1.md,Closed P3-01 observation; scientific completion not inferred; later tasks/gates unattempted; O; Resume after context interruption; inspect saved state and exclude the unobserved recovery gap.
P3-01,P3-01-1,2026-10-07-S1,L,R,2026-10-07T02:12:49.397956+00:00,2026-10-07T02:14:48.489593+00:00,119.091537010,119.091537010,0.000000000,0.000000000,0.000000000,,v3/work_logs/P3_01_2026-10-07_S1.md,Closed P3-01 observation; scientific completion not inferred; later tasks/gates unattempted; L; Reconstruct the sentence-probability comparator from the author preprint and check the scope of computability and confirmation claims.
P3-01,P3-01-1,2026-10-07-S1,D,R,2026-10-07T02:14:48.489593+00:00,2026-10-07T02:19:22.046462+00:00,273.556868255,273.556868255,0.000000000,0.000000000,0.000000000,,v3/work_logs/P3_01_2026-10-07_S1.md,Closed P3-01 observation; scientific completion not inferred; later tasks/gates unattempted; D; Specify operational evidence records and distinguish acquired-history policy effects from conditional inference quality without selecting future experiments.
P3-01,P3-01-1,2026-10-07-S1,D,X,2026-10-07T02:19:22.046462+00:00,2026-10-07T02:22:28.279737+00:00,186.233272386,186.233272386,0.000000000,0.000000000,0.000000000,,v3/work_logs/P3_01_2026-10-07_S1.md,"Closed P3-01 observation; scientific completion not inferred; later tasks/gates unattempted; D; Distinguish pathwise narrowing, conditional expected improvement, retrospective forecast error and decision value; construct a finite information-update separator."
P3-01,P3-01-1,2026-10-07-S1,D,R,2026-10-07T02:22:28.279737+00:00,2026-10-07T02:32:32.911902+00:00,604.632169948,604.632169948,0.000000000,0.000000000,0.000000000,,v3/work_logs/P3_01_2026-10-07_S1.md,"Closed P3-01 observation; scientific completion not inferred; later tasks/gates unattempted; D; Audit the inherited finite piecewise-affine carrier against joint uncertainty in probabilities, stakes and resource prices; identify missing closure rather than selecting an extension."
P3-01,P3-01-1,2026-10-07-S1,D,X,2026-10-07T02:32:32.911902+00:00,2026-10-07T02:33:28.902363+00:00,55.990459996,55.990459996,0.000000000,0.000000000,0.000000000,,v3/work_logs/P3_01_2026-10-07_S1.md,"Closed P3-01 observation; scientific completion not inferred; later tasks/gates unattempted; D; Examine versioned convergence, evidence withdrawal and objective changes as remaining assumption checks, preserving fixed-theory LI scope."
P3-01,P3-01-1,2026-10-07-S1,O,,2026-10-07T02:33:28.902363+00:00,2026-10-07T02:34:39.289175+00:00,70.386810294,70.386810294,0.000000000,0.000000000,0.000000000,,v3/work_logs/P3_01_2026-10-07_S1.md,Closed P3-01 observation; scientific completion not inferred; later tasks/gates unattempted; O; P3-01-CD08; Conservative reclassification of mixed task-closing/timing/publication administration and further assumption analysis after the last research check. No precise smaller split was measured; the entire interval earns O only and zero research credit.
P3-01,P3-01-1,2026-10-07-S1,O,,2026-10-07T02:34:39.289175+00:00,2026-10-07T02:35:29.552724+00:00,50.263549219,50.263549219,0.000000000,0.000000000,0.000000000,,v3/work_logs/P3_01_2026-10-07_S1.md,Closed P3-01 observation; scientific completion not inferred; later tasks/gates unattempted; O; Record a conservative administration disposition for mixed task-closing and timing planning after the last research check.
P3-01,P3-01-1,2026-10-07-S1,D,R,2026-10-07T02:35:29.552724+00:00,2026-10-07T02:36:57.046005+00:00,87.493281818,87.493281818,0.000000000,0.000000000,0.000000000,,v3/work_logs/P3_01_2026-10-07_S1.md,Closed P3-01 observation; scientific completion not inferred; later tasks/gates unattempted; D; Reconstruct the selected-action coverage boundary and its exact relation to conditional current-use warrants.
P3-01,P3-01-1,2026-10-07-S1,L,R,2026-10-07T02:36:57.046005+00:00,2026-10-07T02:39:12.571363+00:00,135.525356196,135.525356196,0.000000000,0.000000000,0.000000000,,v3/work_logs/P3_01_2026-10-07_S1.md,"Closed P3-01 observation; scientific completion not inferred; later tasks/gates unattempted; L; Resolve the remaining imprecise-probability-tree source lead and inspect its local uncertainty, conditioning and sequential consistency assumptions."
P3-01,P3-01-1,2026-10-07-S1,O,,2026-10-07T02:39:12.571363+00:00,2026-10-07T02:42:27.810859+00:00,195.239495913,0.000000000,0.000000000,0.000000000,195.239495913,,v3/work_logs/P3_01_2026-10-07_S1.md,Closed P3-01 observation; scientific completion not inferred; later tasks/gates unattempted; recovery; P3-01-CD09; Exclude the full unobserved compaction and restoration interval from the last principal observation to resumed observation. No engaged or research credit; the source note was already saved before this interval.
P3-01,P3-01-1,2026-10-07-S1,O,,2026-10-07T02:42:27.810859+00:00,2026-10-07T02:42:46.775371+00:00,18.964513227,18.964513227,0.000000000,0.000000000,0.000000000,,v3/work_logs/P3_01_2026-10-07_S1.md,Closed P3-01 observation; scientific completion not inferred; later tasks/gates unattempted; O; Resume P3-01 after compaction; the unobserved interruption is excluded pending CD09 reconciliation.
P3-01,P3-01-1,2026-10-07-S1,D,R,2026-10-07T02:42:46.775371+00:00,2026-10-07T02:51:41.482533+00:00,534.707161873,534.707161873,0.000000000,0.000000000,0.000000000,,v3/work_logs/P3_01_2026-10-07_S1.md,"Closed P3-01 observation; scientific completion not inferred; later tasks/gates unattempted; D; Resume the finite coupled-tree reconstruction: verify conditional envelopes, action consequence, and the scope of the source concatenation theorem."
P3-01,P3-01-1,2026-10-07-S1,D,X,2026-10-07T02:51:41.482533+00:00,2026-10-07T02:57:42.547577+00:00,361.065045455,361.065045455,0.000000000,0.000000000,0.000000000,,v3/work_logs/P3_01_2026-10-07_S1.md,"Closed P3-01 observation; scientific completion not inferred; later tasks/gates unattempted; D; Assess the contribution boundary and close scientific review findings: which claims were narrowed, which bridges are established, and which obligations must remain open."
P3-01,P3-01-1,2026-10-07-S1,O,,2026-10-07T02:57:42.547577+00:00,2026-10-07T03:03:22.385701+00:00,339.838121940,339.838121940,0.000000000,0.000000000,0.000000000,,v3/work_logs/P3_01_2026-10-07_S1.md,"Closed P3-01 observation; scientific completion not inferred; later tasks/gates unattempted; O; Scientific contract work and the protected Research90 floor are complete; reconcile logs, exposure, hashes, ledger and publication records."
P3-02,P3-02-1,2026-10-07-S1,O,,2026-10-07T03:59:32.477762+00:00,2026-10-07T04:00:09.274703+00:00,36.797009412,36.797009412,0.000000000,0.000000000,0.000000000,900.000000000,v3/work_logs/P3_02_2026-10-07_S1.md,"Closed P3-02 observation; scientific completion not inferred; P3-A/later tasks unattempted; O; Open P3-02 forecast, preservation baseline, work log and current pointer after repository-state inspection."
P3-02,P3-02-1,2026-10-07-S1,L,R,2026-10-07T04:00:09.274703+00:00,2026-10-07T04:01:46.784384+00:00,97.509612857,97.509612857,0.000000000,0.000000000,0.000000000,1500.000000000,v3/work_logs/P3_02_2026-10-07_S1.md,"Closed P3-02 observation; scientific completion not inferred; P3-A/later tasks unattempted; L; Read the inherited P3-01 problem, desiderata and source contracts for P3-02; reconstruct only the selected probability and retention interfaces."
P3-02,P3-02-1,2026-10-07-S1,O,,2026-10-07T04:01:46.784384+00:00,2026-10-07T04:01:48.024409+00:00,1.240028036,0.000000000,1.240028036,0.000000000,0.000000000,,v3/work_logs/P3_02_2026-10-07_S1.md,Closed P3-02 observation; scientific completion not inferred; P3-A/later tasks unattempted; wait; Primary-source retrieval; exclude unattended tool latency.
P3-02,P3-02-1,2026-10-07-S1,L,R,2026-10-07T04:01:48.024409+00:00,2026-10-07T04:04:22.749097+00:00,154.724684308,154.724684308,0.000000000,0.000000000,0.000000000,,v3/work_logs/P3_02_2026-10-07_S1.md,"Closed P3-02 observation; scientific completion not inferred; P3-A/later tasks unattempted; L; Inspect primary definitions of finite expectation, strict propriety and linear-programming duality, preserving source assumptions."
P3-02,P3-02-1,2026-10-07-S1,D,R,2026-10-07T04:04:22.749097+00:00,2026-10-07T04:07:20.170464+00:00,177.421608397,177.421608397,0.000000000,0.000000000,0.000000000,3600.000000000,v3/work_logs/P3_02_2026-10-07_S1.md,"Closed P3-02 observation; scientific completion not inferred; P3-A/later tasks unattempted; D; Derive finite known-loss fibers, global and local exact recovery criteria, normalization and task-specific decision services."
P3-02,P3-02-1,2026-10-07-S1,L,R,2026-10-07T04:07:20.170464+00:00,2026-10-07T04:07:20.207640+00:00,0.036944601,0.036944601,0.000000000,0.000000000,0.000000000,,v3/work_logs/P3_02_2026-10-07_S1.md,"Closed P3-02 observation; scientific completion not inferred; P3-A/later tasks unattempted; L; Reconstruct primary scoring and information-recovery comparison, including finite linear properties and LP certificates."
P3-02,P3-02-1,2026-10-07-S1,O,,2026-10-07T04:07:20.207640+00:00,2026-10-07T04:07:23.911347+00:00,3.703700518,0.000000000,3.703700518,0.000000000,0.000000000,,v3/work_logs/P3_02_2026-10-07_S1.md,Closed P3-02 observation; scientific completion not inferred; P3-A/later tasks unattempted; wait; Fetch selected primary source passages; exclude unattended retrieval latency.
P3-02,P3-02-1,2026-10-07-S1,L,R,2026-10-07T04:07:23.911347+00:00,2026-10-07T04:07:42.561572+00:00,18.650222770,18.650222770,0.000000000,0.000000000,0.000000000,,v3/work_logs/P3_02_2026-10-07_S1.md,Closed P3-02 observation; scientific completion not inferred; P3-A/later tasks unattempted; L; Inspect retrieved primary scoring and linear-property statements and their dimensional restrictions.
P3-02,P3-02-1,2026-10-07-S1,O,,2026-10-07T04:07:42.561572+00:00,2026-10-07T04:07:43.867646+00:00,1.306073275,0.000000000,1.306073275,0.000000000,0.000000000,,v3/work_logs/P3_02_2026-10-07_S1.md,Closed P3-02 observation; scientific completion not inferred; P3-A/later tasks unattempted; wait; Retrieve exact source statements and an official LP-duality reference.
P3-02,P3-02-1,2026-10-07-S1,L,R,2026-10-07T04:07:43.867646+00:00,2026-10-07T04:09:12.228936+00:00,88.361294384,88.361294384,0.000000000,0.000000000,0.000000000,,v3/work_logs/P3_02_2026-10-07_S1.md,Closed P3-02 observation; scientific completion not inferred; P3-A/later tasks unattempted; L; Reconstruct identified properties and score-query completeness with exact domain restrictions.
P3-02,P3-02-1,2026-10-07-S1,O,,2026-10-07T04:09:12.228936+00:00,2026-10-07T04:09:13.594783+00:00,1.365844222,0.000000000,1.365844222,0.000000000,0.000000000,,v3/work_logs/P3_02_2026-10-07_S1.md,Closed P3-02 observation; scientific completion not inferred; P3-A/later tasks unattempted; wait; Read the official duality lecture link and remaining source hypotheses.
P3-02,P3-02-1,2026-10-07-S1,L,R,2026-10-07T04:09:13.594783+00:00,2026-10-07T04:09:23.004253+00:00,9.409473607,9.409473607,0.000000000,0.000000000,0.000000000,,v3/work_logs/P3_02_2026-10-07_S1.md,Closed P3-02 observation; scientific completion not inferred; P3-A/later tasks unattempted; L; Record source import contracts and ordinary elicitation comparison without extending their claims.
P3-02,P3-02-1,2026-10-07-S1,O,,2026-10-07T04:09:23.004253+00:00,2026-10-07T04:09:24.290338+00:00,1.286083034,0.000000000,1.286083034,0.000000000,0.000000000,,v3/work_logs/P3_02_2026-10-07_S1.md,Closed P3-02 observation; scientific completion not inferred; P3-A/later tasks unattempted; wait; Resolve official duality lecture link.
P3-02,P3-02-1,2026-10-07-S1,L,R,2026-10-07T04:09:24.290338+00:00,2026-10-07T04:09:39.212056+00:00,14.921717232,14.921717232,0.000000000,0.000000000,0.000000000,,v3/work_logs/P3_02_2026-10-07_S1.md,Closed P3-02 observation; scientific completion not inferred; P3-A/later tasks unattempted; L; Consolidate the primary-source comparison cards.
P3-02,P3-02-1,2026-10-07-S1,O,,2026-10-07T04:09:39.212056+00:00,2026-10-07T04:09:40.672173+00:00,1.460117351,0.000000000,1.460117351,0.000000000,0.000000000,,v3/work_logs/P3_02_2026-10-07_S1.md,Closed P3-02 observation; scientific completion not inferred; P3-A/later tasks unattempted; wait; Open linked official convex-optimization text and original lecture slides.
P3-02,P3-02-1,2026-10-07-S1,L,R,2026-10-07T04:09:40.672173+00:00,2026-10-07T04:09:46.544186+00:00,5.872015327,5.872015327,0.000000000,0.000000000,0.000000000,,v3/work_logs/P3_02_2026-10-07_S1.md,Closed P3-02 observation; scientific completion not inferred; P3-A/later tasks unattempted; L; Check duality source scope and prepare concise source mappings.
P3-02,P3-02-1,2026-10-07-S1,O,,2026-10-07T04:09:46.544186+00:00,2026-10-07T04:09:48.118197+00:00,1.574005129,0.000000000,1.574005129,0.000000000,0.000000000,,v3/work_logs/P3_02_2026-10-07_S1.md,Closed P3-02 observation; scientific completion not inferred; P3-A/later tasks unattempted; wait; Retrieve the exact weak/strong duality and separating-hyperplane slides.
P3-02,P3-02-1,2026-10-07-S1,L,R,2026-10-07T04:09:48.118197+00:00,2026-10-07T04:09:58.391680+00:00,10.273482738,10.273482738,0.000000000,0.000000000,0.000000000,,v3/work_logs/P3_02_2026-10-07_S1.md,Closed P3-02 observation; scientific completion not inferred; P3-A/later tasks unattempted; L; Read finite-LP duality hypotheses and reconstruct the certificate form for probability fibers.
P3-02,P3-02-1,2026-10-07-S1,O,,2026-10-07T04:09:58.391680+00:00,2026-10-07T04:09:59.648123+00:00,1.256444299,0.000000000,1.256444299,0.000000000,0.000000000,,v3/work_logs/P3_02_2026-10-07_S1.md,Closed P3-02 observation; scientific completion not inferred; P3-A/later tasks unattempted; wait; Read the LP strong-duality slide with its refined feasibility condition.
P3-02,P3-02-1,2026-10-07-S1,L,R,2026-10-07T04:09:59.648123+00:00,2026-10-07T04:10:48.635855+00:00,48.987732827,48.987732827,0.000000000,0.000000000,0.000000000,,v3/work_logs/P3_02_2026-10-07_S1.md,"Closed P3-02 observation; scientific completion not inferred; P3-A/later tasks unattempted; L; Complete source comparison record: explicit finite functional, scoring and LP contracts."
P3-02,P3-02-1,2026-10-07-S1,O,,2026-10-07T04:10:48.635855+00:00,2026-10-07T04:16:46.190560+00:00,357.554705716,0.000000000,0.000000000,0.000000000,357.554705716,,v3/work_logs/P3_02_2026-10-07_S1.md,Closed P3-02 observation; scientific completion not inferred; P3-A/later tasks unattempted; recovery; P3-02-CD01; Conservatively exclude entire unsampled interval spanning a failed draft patch and context compaction; no saved research delta or trustworthy finer boundary is used for credit.
P3-02,P3-02-1,2026-10-07-S1,O,,2026-10-07T04:16:46.190560+00:00,2026-10-07T04:17:06.887486+00:00,20.696927173,20.696927173,0.000000000,0.000000000,0.000000000,,v3/work_logs/P3_02_2026-10-07_S1.md,Closed P3-02 observation; scientific completion not inferred; P3-A/later tasks unattempted; O; Resume after context compaction; conservatively exclude unsampled interval and reconcile durable state.
P3-02,P3-02-1,2026-10-07-S1,D,R,2026-10-07T04:17:06.887486+00:00,2026-10-07T04:20:05.060365+00:00,178.172878558,178.172878558,0.000000000,0.000000000,0.000000000,,v3/work_logs/P3_02_2026-10-07_S1.md,"Closed P3-02 observation; scientific completion not inferred; P3-A/later tasks unattempted; D; Resume finite probability reconstruction: precise fiber domains, partial-identification certificates and decision geometry."
P3-02,P3-02-1,2026-10-07-S1,O,,2026-10-07T04:20:05.060365+00:00,2026-10-07T04:20:06.226824+00:00,1.166455712,0.000000000,1.166455712,0.000000000,0.000000000,,v3/work_logs/P3_02_2026-10-07_S1.md,Closed P3-02 observation; scientific completion not inferred; P3-A/later tasks unattempted; wait; Retrieve primary surrogate-decision comparison passages; network/tool latency excluded.
P3-02,P3-02-1,2026-10-07-S1,L,R,2026-10-07T04:20:06.226824+00:00,2026-10-07T04:20:20.031682+00:00,13.804859761,13.804859761,0.000000000,0.000000000,0.000000000,,v3/work_logs/P3_02_2026-10-07_S1.md,Closed P3-02 observation; scientific completion not inferred; P3-A/later tasks unattempted; L; Read primary convex-calibration and low-rank squared-loss comparisons; distinguish fixed summaries from nonlinear optimized reports.
P3-02,P3-02-1,2026-10-07-S1,O,,2026-10-07T04:20:20.031682+00:00,2026-10-07T04:20:21.395812+00:00,1.364130288,0.000000000,1.364130288,0.000000000,0.000000000,,v3/work_logs/P3_02_2026-10-07_S1.md,"Closed P3-02 observation; scientific completion not inferred; P3-A/later tasks unattempted; wait; Locate precise primary-source trigger, calibration and ordinal-surrogate passages."
P3-02,P3-02-1,2026-10-07-S1,L,R,2026-10-07T04:20:21.395812+00:00,2026-10-07T04:20:49.347165+00:00,27.951353323,27.951353323,0.000000000,0.000000000,0.000000000,,v3/work_logs/P3_02_2026-10-07_S1.md,Closed P3-02 observation; scientific completion not inferred; P3-A/later tasks unattempted; L; Inspect primary-source theorem assumptions and distinguish calibration from exact Bayes action recovery.
P3-02,P3-02-1,2026-10-07-S1,O,,2026-10-07T04:20:49.347165+00:00,2026-10-07T04:20:50.642103+00:00,1.294939428,0.000000000,1.294939428,0.000000000,0.000000000,,v3/work_logs/P3_02_2026-10-07_S1.md,Closed P3-02 observation; scientific completion not inferred; P3-A/later tasks unattempted; wait; Read original definitions of calibration/trigger sets and low-rank construction proof.
P3-02,P3-02-1,2026-10-07-S1,L,R,2026-10-07T04:20:50.642103+00:00,2026-10-07T04:22:40.194506+00:00,109.552400462,109.552400462,0.000000000,0.000000000,0.000000000,,v3/work_logs/P3_02_2026-10-07_S1.md,Closed P3-02 observation; scientific completion not inferred; P3-A/later tasks unattempted; L; Reconcile original outcome-by-action orientation and calibrated learning scope with P3-02 action-by-outcome exact-recovery theorem.
P3-02,P3-02-1,2026-10-07-S1,D,R,2026-10-07T04:22:40.194506+00:00,2026-10-07T04:23:42.507509+00:00,62.313003491,62.313003491,0.000000000,0.000000000,0.000000000,,v3/work_logs/P3_02_2026-10-07_S1.md,Closed P3-02 observation; scientific completion not inferred; P3-A/later tasks unattempted; D; Prove finite score information span and shared affine calibration; construct rational Brier anchors and distinguish report/risk/realized score.
P3-02,P3-02-1,2026-10-07-S1,D,X,2026-10-07T04:23:42.507509+00:00,2026-10-07T04:25:39.991199+00:00,117.483689786,117.483689786,0.000000000,0.000000000,0.000000000,,v3/work_logs/P3_02_2026-10-07_S1.md,"Closed P3-02 observation; scientific completion not inferred; P3-A/later tasks unattempted; D; Challenge the stronger decision-summary characterization and task-specific repair bounds against dominance, ties, adaptive queries and restricted domains."
P3-02,P3-02-1,2026-10-07-S1,E,X,2026-10-07T04:25:39.991199+00:00,2026-10-07T04:32:49.200148+00:00,429.209000678,429.209000678,0.000000000,0.000000000,0.000000000,600.000000000,v3/work_logs/P3_02_2026-10-07_S1.md,Closed P3-02 observation; scientific completion not inferred; P3-A/later tasks unattempted; E; Inspect exact development oracle and native proof tooling; design independent rational vertex/certificate checks for new probability and calibration claims.
P3-02,P3-02-1,2026-10-07-S1,D,X,2026-10-07T04:32:49.200148+00:00,2026-10-07T04:35:06.309020+00:00,137.108818923,137.108818923,0.000000000,0.000000000,0.000000000,,v3/work_logs/P3_02_2026-10-07_S1.md,Closed P3-02 observation; scientific completion not inferred; P3-A/later tasks unattempted; D; Interpret exact noise-regime results and finish nuisance-calibration/retention theorems with explicit native and decision-service boundaries.
P3-02,P3-02-1,2026-10-07-S1,E,X,2026-10-07T04:35:06.309020+00:00,2026-10-07T04:36:06.812742+00:00,60.503723028,60.503723028,0.000000000,0.000000000,0.000000000,,v3/work_logs/P3_02_2026-10-07_S1.md,Closed P3-02 observation; scientific completion not inferred; P3-A/later tasks unattempted; E; P3-02-CD02; Classify the observed post-derivation checkpoint through this switch as implementation/output inspection: principal reviewed the delegated native probability checker and its target/transport/rejection interfaces. Research total unchanged; no additional agent credit.
P3-02,P3-02-1,2026-10-07-S1,D,X,2026-10-07T04:36:06.812742+00:00,2026-10-07T04:42:13.392316+00:00,366.579576540,366.579576540,0.000000000,0.000000000,0.000000000,,v3/work_logs/P3_02_2026-10-07_S1.md,Closed P3-02 observation; scientific completion not inferred; P3-A/later tasks unattempted; D; Continue noise/partial-identification derivation after inspecting delegated native-check implementation.
P3-02,P3-02-1,2026-10-07-S1,O,,2026-10-07T04:42:13.392316+00:00,2026-10-07T04:42:15.753126+00:00,2.360805619,0.000000000,2.360805619,0.000000000,0.000000000,,v3/work_logs/P3_02_2026-10-07_S1.md,Closed P3-02 observation; scientific completion not inferred; P3-A/later tasks unattempted; wait; Reopen exact scoring transformation and lower-expectation source qualifications identified by audit.
P3-02,P3-02-1,2026-10-07-S1,L,R,2026-10-07T04:42:15.753126+00:00,2026-10-07T04:44:31.281677+00:00,135.528554074,135.528554074,0.000000000,0.000000000,0.000000000,,v3/work_logs/P3_02_2026-10-07_S1.md,Closed P3-02 observation; scientific completion not inferred; P3-A/later tasks unattempted; L; Correct source-record hypotheses and check native/ordinary attribution without changing inherited claims.
P3-02,P3-02-1,2026-10-07-S1,D,R,2026-10-07T04:44:31.281677+00:00,2026-10-07T04:45:54.300213+00:00,83.018536680,83.018536680,0.000000000,0.000000000,0.000000000,,v3/work_logs/P3_02_2026-10-07_S1.md,"Closed P3-02 observation; scientific completion not inferred; P3-A/later tasks unattempted; D; Finish native probability-interface proof and preserve semantic distinctions between expected, learned and realized score transcripts."
P3-02,P3-02-1,2026-10-07-S1,O,,2026-10-07T04:45:54.300213+00:00,2026-10-07T04:46:38.381087+00:00,44.080872029,44.080872029,0.000000000,0.000000000,0.000000000,,v3/work_logs/P3_02_2026-10-07_S1.md,Closed P3-02 observation; scientific completion not inferred; P3-A/later tasks unattempted; O; Save a durable mid-session progress/timing checkpoint and synchronize active-state pointers; Research90 remains unfinished.
P3-02,P3-02-1,2026-10-07-S1,O,,2026-10-07T04:46:38.381087+00:00,2026-10-07T04:51:40.005453+00:00,301.624366730,0.000000000,0.000000000,0.000000000,301.624366730,,v3/work_logs/P3_02_2026-10-07_S1.md,Closed P3-02 observation; scientific completion not inferred; P3-A/later tasks unattempted; recovery; P3-02-CD03; Conservatively exclude the entire unsampled interval containing context compaction; no qualifying credit for unsaved reasoning or unobserved recovery.
P3-02,P3-02-1,2026-10-07-S1,O,,2026-10-07T04:51:40.005453+00:00,2026-10-07T04:51:55.528993+00:00,15.523545807,15.523545807,0.000000000,0.000000000,0.000000000,,v3/work_logs/P3_02_2026-10-07_S1.md,Closed P3-02 observation; scientific completion not inferred; P3-A/later tasks unattempted; O; Observe resumed state after context compaction; reconcile the unsampled gap before further research.
P3-02,P3-02-1,2026-10-07-S1,D,X,2026-10-07T04:51:55.528993+00:00,2026-10-07T04:53:28.355388+00:00,92.826388972,92.826388972,0.000000000,0.000000000,0.000000000,,v3/work_logs/P3_02_2026-10-07_S1.md,"Closed P3-02 observation; scientific completion not inferred; P3-A/later tasks unattempted; D; Analyze conditional probability targets, structured scale nuisance, and convex-source decision extensions; integrate completed internal reviews."
P3-02,P3-02-1,2026-10-07-S1,L,R,2026-10-07T04:53:28.355388+00:00,2026-10-07T04:55:38.438021+00:00,130.082634566,130.082634566,0.000000000,0.000000000,0.000000000,,v3/work_logs/P3_02_2026-10-07_S1.md,Closed P3-02 observation; scientific completion not inferred; P3-A/later tasks unattempted; L; Compare deterministic information radius and conditional-loss ratio bounds with primary optimal-recovery and linear-fractional-programming sources.
P3-02,P3-02-1,2026-10-07-S1,D,R,2026-10-07T04:55:38.438021+00:00,2026-10-07T05:00:14.205402+00:00,275.767381278,275.767381278,0.000000000,0.000000000,0.000000000,,v3/work_logs/P3_02_2026-10-07_S1.md,Closed P3-02 observation; scientific completion not inferred; P3-A/later tasks unattempted; D; Reconstruct affine scalar optimal recovery from polytope LP duality and integrate the ratio-target characterization; primary optimal-recovery sources expose the necessary comparison scope.
P3-02,P3-02-1,2026-10-07-S1,L,R,2026-10-07T05:00:14.205402+00:00,2026-10-07T05:01:35.630450+00:00,81.425045747,81.425045747,0.000000000,0.000000000,0.000000000,,v3/work_logs/P3_02_2026-10-07_S1.md,"Closed P3-02 observation; scientific completion not inferred; P3-A/later tasks unattempted; L; Record exact optimal-recovery and linear-fractional source locators, inherited scope, and ordinary-comparison qualifications."
P3-02,P3-02-1,2026-10-07-S1,D,R,2026-10-07T05:01:35.630450+00:00,2026-10-07T05:04:18.292552+00:00,162.662103340,162.662103340,0.000000000,0.000000000,0.000000000,,v3/work_logs/P3_02_2026-10-07_S1.md,Closed P3-02 observation; scientific completion not inferred; P3-A/later tasks unattempted; D; Reconstruct global affine optimal recovery and compare it with pointwise and coherent services; integrate finite observation limits.
P3-02,P3-02-1,2026-10-07-S1,D,X,2026-10-07T05:04:18.292552+00:00,2026-10-07T05:08:18.238555+00:00,239.946002777,239.946002777,0.000000000,0.000000000,0.000000000,,v3/work_logs/P3_02_2026-10-07_S1.md,"Closed P3-02 observation; scientific completion not inferred; P3-A/later tasks unattempted; D; Saved finite-storage and observation semantics; investigate nonlinear display units, state-dependent stakes and sufficient task records."
P3-02,P3-02-1,2026-10-07-S1,E,X,2026-10-07T05:08:18.238555+00:00,2026-10-07T05:18:31.272546+00:00,613.033992970,613.033992970,0.000000000,0.000000000,0.000000000,,v3/work_logs/P3_02_2026-10-07_S1.md,"Closed P3-02 observation; scientific completion not inferred; P3-A/later tasks unattempted; E; Implement a reusable exact rational finite-information audit: decoder certificates or indistinguishable-law witnesses, plus calibrated target-repair certificates; development only."
P3-02,P3-02-1,2026-10-07-S1,E,X,2026-10-07T05:18:31.272546+00:00,2026-10-07T05:18:44.451914+00:00,13.179365149,13.179365149,0.000000000,0.000000000,0.000000000,,v3/work_logs/P3_02_2026-10-07_S1.md,Closed P3-02 observation; scientific completion not inferred; P3-A/later tasks unattempted; E; Close implementation checkpoint; save the first development code snapshot and run the planned independent certificate checks.
P3-02,P3-02-1,2026-10-07-S1,O,,2026-10-07T05:18:44.451914+00:00,2026-10-07T05:22:16.494928+00:00,212.043013219,0.000000000,0.000000000,0.000000000,212.043013219,,v3/work_logs/P3_02_2026-10-07_S1.md,Closed P3-02 observation; scientific completion not inferred; P3-A/later tasks unattempted; recovery; P3-02-CD04; Conservatively exclude unsampled compaction/recovery interval; the saved development execution contributes no additional concurrent principal credit.
P3-02,P3-02-1,2026-10-07-S1,O,,2026-10-07T05:22:16.494928+00:00,2026-10-07T05:22:25.711720+00:00,9.216794675,9.216794675,0.000000000,0.000000000,0.000000000,,v3/work_logs/P3_02_2026-10-07_S1.md,Closed P3-02 observation; scientific completion not inferred; P3-A/later tasks unattempted; O; Resume after compaction; conservatively exclude the unsampled recovery interval before continuing research.
P3-02,P3-02-1,2026-10-07-S1,D,R,2026-10-07T05:22:25.711720+00:00,2026-10-07T05:24:27.245769+00:00,121.534047884,121.534047884,0.000000000,0.000000000,0.000000000,,v3/work_logs/P3_02_2026-10-07_S1.md,"Closed P3-02 observation; scientific completion not inferred; P3-A/later tasks unattempted; D; Reconstruct and integrate exact identification under unknown monotone units and minimum calibrated target repair, using completed scoped reviews."
P3-02,P3-02-1,2026-10-07-S1,E,R,2026-10-07T05:24:27.245769+00:00,2026-10-07T05:26:51.024022+00:00,143.778252829,143.778252829,0.000000000,0.000000000,0.000000000,,v3/work_logs/P3_02_2026-10-07_S1.md,"Closed P3-02 observation; scientific completion not inferred; P3-A/later tasks unattempted; E; Inspect first-run exact certificates, independent verifier and evidence bindings; validate a concrete companion interface example without rerunning the full corpus."
P3-02,P3-02-1,2026-10-07-S1,E,R,2026-10-07T05:26:51.024022+00:00,2026-10-07T05:27:05.295454+00:00,14.271430685,14.271430685,0.000000000,0.000000000,0.000000000,,v3/work_logs/P3_02_2026-10-07_S1.md,"Closed P3-02 observation; scientific completion not inferred; P3-A/later tasks unattempted; E; Validate the standalone certificate workflow and original-input binding, with a fixed partial-target affine-calibration example and expected overwrite refusal."
P3-02,P3-02-1,2026-10-07-S1,O,,2026-10-07T05:27:05.295454+00:00,2026-10-07T05:27:05.991960+00:00,0.696508299,0.000000000,0.696508299,0.000000000,0.000000000,,v3/work_logs/P3_02_2026-10-07_S1.md,Closed P3-02 observation; scientific completion not inferred; P3-A/later tasks unattempted; wait; Exclude the standalone CLI execution wait; CPU and elapsed execution resources are recorded separately.
P3-02,P3-02-1,2026-10-07-S1,E,R,2026-10-07T05:27:05.991960+00:00,2026-10-07T05:27:49.266167+00:00,43.274203381,43.274203381,0.000000000,0.000000000,0.000000000,,v3/work_logs/P3_02_2026-10-07_S1.md,Closed P3-02 observation; scientific completion not inferred; P3-A/later tasks unattempted; E; Inspect recorded standalone CLI results and reconcile the certificate service with its mathematical scope.
P3-02,P3-02-1,2026-10-07-S1,O,,2026-10-07T05:27:49.266167+00:00,2026-10-07T05:27:50.051341+00:00,0.785175615,0.000000000,0.785175615,0.000000000,0.000000000,,v3/work_logs/P3_02_2026-10-07_S1.md,Closed P3-02 observation; scientific completion not inferred; P3-A/later tasks unattempted; wait; Exclude corrected standalone CLI execution wait; preserve both attempts and record child CPU separately.
P3-02,P3-02-1,2026-10-07-S1,E,R,2026-10-07T05:27:50.051341+00:00,2026-10-07T05:28:10.684839+00:00,20.633498202,20.633498202,0.000000000,0.000000000,0.000000000,,v3/work_logs/P3_02_2026-10-07_S1.md,"Closed P3-02 observation; scientific completion not inferred; P3-A/later tasks unattempted; E; Interpret corrected CLI result, preserved original attempt, input bindings and concrete target decodes."
P3-02,P3-02-1,2026-10-07-S1,D,X,2026-10-07T05:28:10.684839+00:00,2026-10-07T05:34:36.086778+00:00,385.401941011,385.401941011,0.000000000,0.000000000,0.000000000,,v3/work_logs/P3_02_2026-10-07_S1.md,Closed P3-02 observation; scientific completion not inferred; P3-A/later tasks unattempted; D; Challenge minimum repair under nonnegative versus bounded admissible payoff menus and synthesize the exact service boundaries.
P3-02,P3-02-1,2026-10-07-S1,D,R,2026-10-07T05:34:36.086778+00:00,2026-10-07T05:39:39.997855+00:00,303.911076319,303.911076319,0.000000000,0.000000000,0.000000000,,v3/work_logs/P3_02_2026-10-07_S1.md,"Closed P3-02 observation; scientific completion not inferred; P3-A/later tasks unattempted; D; Complete positive-cone proof and constructive query counts for calibrated one-action sufficiency, separating admissible payoff constraints and target recovery."
P3-02,P3-02-1,2026-10-07-S1,D,R,2026-10-07T05:39:39.997855+00:00,2026-10-07T05:46:35.653370+00:00,415.655515524,415.655515524,0.000000000,0.000000000,0.000000000,,v3/work_logs/P3_02_2026-10-07_S1.md,"Closed P3-02 observation; scientific completion not inferred; P3-A/later tasks unattempted; D; Final mathematical audit: recheck the sharp noise-radius witnesses, ratio-identification hypotheses, rational query-alphabet limits and calibrated decision/repair exceptions."
P3-02,P3-02-1,2026-10-07-S1,O,,2026-10-07T05:46:35.653370+00:00,2026-10-07T05:47:22.038099+00:00,46.384724867,0.000000000,0.000000000,0.000000000,46.384724867,,v3/work_logs/P3_02_2026-10-07_S1.md,Closed P3-02 observation; scientific completion not inferred; P3-A/later tasks unattempted; recovery; P3-02-CD05; User reported a connection interruption and pressed stop. Conservatively exclude the entire unsampled administrative/interruption interval. The already closed Research90 total is unchanged; no new session or duplicated credit.
P3-02,P3-02-1,2026-10-07-S1,O,,2026-10-07T05:47:22.038099+00:00,2026-10-07T05:52:36.122435+00:00,314.084337171,0.000000000,0.000000000,0.000000000,314.084337171,,v3/work_logs/P3_02_2026-10-07_S1.md,Closed P3-02 observation; scientific completion not inferred; P3-A/later tasks unattempted; recovery; P3-02-CD06; Conservatively exclude unsampled administrative and context-compaction interval; the completed research total is unchanged.
P3-02,P3-02-1,2026-10-07-S1,O,,2026-10-07T05:52:36.122435+00:00,2026-10-07T05:56:14.419055+00:00,218.296623189,218.296623189,0.000000000,0.000000000,0.000000000,,v3/work_logs/P3_02_2026-10-07_S1.md,Closed P3-02 observation; scientific completion not inferred; P3-A/later tasks unattempted; O; Resume administrative close after context compaction; exclude the unsampled interval by explicit disposition.
P3-A,P3-A-1,2026-10-07-S1,O,,2026-10-07T06:14:55.070574+00:00,2026-10-07T06:15:22.455198+00:00,27.384624053,27.384624053,0.000000000,0.000000000,0.000000000,360,v3/work_logs/P3_A_2026-10-07_S1.md,complete
P3-A,P3-A-1,2026-10-07-S1,D,R,2026-10-07T06:15:22.455198+00:00,2026-10-07T06:19:09.890040+00:00,227.434842250,227.434842250,0.000000000,0.000000000,0.000000000,720,v3/work_logs/P3_A_2026-10-07_S1.md,complete
P3-A,P3-A-1,2026-10-07-S1,D,X,2026-10-07T06:19:09.890040+00:00,2026-10-07T06:21:36.289026+00:00,146.398987138,146.398987138,0.000000000,0.000000000,0.000000000,0,v3/work_logs/P3_A_2026-10-07_S1.md,complete
P3-A,P3-A-1,2026-10-07-S1,O,,2026-10-07T06:21:36.289026+00:00,2026-10-07T06:24:32.060645+00:00,175.771618277,175.771618277,0.000000000,0.000000000,0.000000000,0,v3/work_logs/P3_A_2026-10-07_S1.md,complete
P3-A,P3-A-1,2026-10-07-S1,D,R,2026-10-07T06:24:32.060645+00:00,2026-10-07T06:26:06.731614+00:00,94.671017491,94.671017491,0.000000000,0.000000000,0.000000000,0,v3/work_logs/P3_A_2026-10-07_S1.md,complete
P3-A,P3-A-1,2026-10-07-S1,recovery,,2026-10-07T06:26:06.731614+00:00,2026-10-07T06:30:20.537386+00:00,253.805723793,0.000000000,0.000000000,0.000000000,253.805723793,0,v3/work_logs/P3_A_2026-10-07_S1.md,excluded
P3-A,P3-A-1,2026-10-07-S1,D,R,2026-10-07T06:30:20.537386+00:00,2026-10-07T06:31:38.085197+00:00,77.547808959,77.547808959,0.000000000,0.000000000,0.000000000,0,v3/work_logs/P3_A_2026-10-07_S1.md,complete
P3-A,P3-A-1,2026-10-07-S1,O,,2026-10-07T06:31:38.085197+00:00,2026-10-07T06:32:15.287082+00:00,37.201981805,37.201981805,0.000000000,0.000000000,0.000000000,0,v3/work_logs/P3_A_2026-10-07_S1.md,complete
P3-03,P3-03-1,2026-10-07-S1,O,,2026-10-07T15:05:15.248561+00:00,2026-10-07T15:07:23.875506+00:00,128.626940444,128.626940444,0.000000000,0.000000000,0.000000000,900,v3/work_logs/P3_03_2026-10-07_S1.md,complete
P3-03,P3-03-1,2026-10-07-S1,D,R,2026-10-07T15:07:23.875506+00:00,2026-10-07T15:17:07.452766+00:00,583.577265878,583.577265878,0.000000000,0.000000000,0.000000000,3900,v3/work_logs/P3_03_2026-10-07_S1.md,complete
P3-03,P3-03-1,2026-10-07-S1,L,R,2026-10-07T15:17:07.452766+00:00,2026-10-07T15:23:05.973807+00:00,358.521036663,358.521036663,0.000000000,0.000000000,0.000000000,900,v3/work_logs/P3_03_2026-10-07_S1.md,complete
P3-03,P3-03-1,2026-10-07-S1,E,R,2026-10-07T15:23:05.973807+00:00,2026-10-07T15:27:24.473761+00:00,258.499954212,258.499954212,0.000000000,0.000000000,0.000000000,1800,v3/work_logs/P3_03_2026-10-07_S1.md,complete
P3-03,P3-03-1,2026-10-07-S1,recovery,,2026-10-07T15:27:24.473761+00:00,2026-10-07T15:30:53.271042+00:00,208.797280113,0.000000000,0.000000000,0.000000000,208.797280113,0,v3/work_logs/P3_03_2026-10-07_S1.md,excluded
P3-03,P3-03-1,2026-10-07-S1,E,R,2026-10-07T15:30:53.271042+00:00,2026-10-07T15:34:54.367784+00:00,241.096744757,241.096744757,0.000000000,0.000000000,0.000000000,0,v3/work_logs/P3_03_2026-10-07_S1.md,complete
P3-03,P3-03-1,2026-10-07-S1,E,X,2026-10-07T15:34:54.367784+00:00,2026-10-07T15:40:29.728842+00:00,335.361054516,335.361054516,0.000000000,0.000000000,0.000000000,0,v3/work_logs/P3_03_2026-10-07_S1.md,complete
P3-03,P3-03-1,2026-10-07-S1,D,R,2026-10-07T15:40:29.728842+00:00,2026-10-07T15:46:52.852896+00:00,383.124054629,383.124054629,0.000000000,0.000000000,0.000000000,0,v3/work_logs/P3_03_2026-10-07_S1.md,complete
P3-03,P3-03-1,2026-10-07-S1,D,X,2026-10-07T15:46:52.852896+00:00,2026-10-07T15:51:01.274234+00:00,248.421339926,248.421339926,0.000000000,0.000000000,0.000000000,0,v3/work_logs/P3_03_2026-10-07_S1.md,complete
P3-03,P3-03-1,2026-10-07-S1,L,X,2026-10-07T15:51:01.274234+00:00,2026-10-07T15:52:33.492572+00:00,92.218334819,92.218334819,0.000000000,0.000000000,0.000000000,0,v3/work_logs/P3_03_2026-10-07_S1.md,complete
P3-03,P3-03-1,2026-10-07-S1,D,X,2026-10-07T15:52:33.492572+00:00,2026-10-07T16:01:44.750706+00:00,551.258133580,551.258133580,0.000000000,0.000000000,0.000000000,0,v3/work_logs/P3_03_2026-10-07_S1.md,complete
P3-03,P3-03-1,2026-10-07-S1,O,,2026-10-07T16:01:44.750706+00:00,2026-10-07T16:08:28.448668+00:00,403.697963303,403.697963303,0.000000000,0.000000000,0.000000000,0,v3/work_logs/P3_03_2026-10-07_S1.md,complete
P3-03,P3-03-1,2026-10-07-S1,D,R,2026-10-07T16:08:28.448668+00:00,2026-10-07T16:14:25.151220+00:00,356.702551788,356.702551788,0.000000000,0.000000000,0.000000000,0,v3/work_logs/P3_03_2026-10-07_S1.md,complete
P3-03,P3-03-1,2026-10-07-S1,recovery,,2026-10-07T16:14:25.151220+00:00,2026-10-07T16:18:09.142192+00:00,223.990971370,0.000000000,0.000000000,0.000000000,223.990971370,0,v3/work_logs/P3_03_2026-10-07_S1.md,excluded
P3-03,P3-03-1,2026-10-07-S1,O,,2026-10-07T16:18:09.142192+00:00,2026-10-07T16:21:09.090180+00:00,179.947989077,179.947989077,0.000000000,0.000000000,0.000000000,0,v3/work_logs/P3_03_2026-10-07_S1.md,complete
P3-03,P3-03-1,2026-10-07-S1,wait,,2026-10-07T16:21:09.090180+00:00,2026-10-07T16:23:58.247672+00:00,169.157492596,0.000000000,169.157492596,0.000000000,0.000000000,240,v3/work_logs/P3_03_2026-10-07_S1.md,excluded
P3-03,P3-03-1,2026-10-07-S1,O,,2026-10-07T16:23:58.247672+00:00,2026-10-07T16:27:55.436428+00:00,237.188757023,237.188757023,0.000000000,0.000000000,0.000000000,0,v3/work_logs/P3_03_2026-10-07_S1.md,complete
P3-03,P3-03-1,2026-10-07-S1,D,R,2026-10-07T16:27:55.436428+00:00,2026-10-07T16:32:11.939332+00:00,256.502905038,256.502905038,0.000000000,0.000000000,0.000000000,0,v3/work_logs/P3_03_2026-10-07_S1.md,complete
P3-03,P3-03-1,2026-10-07-S1,D,X,2026-10-07T16:32:11.939332+00:00,2026-10-07T16:37:22.246931+00:00,310.307599750,310.307599750,0.000000000,0.000000000,0.000000000,0,v3/work_logs/P3_03_2026-10-07_S1.md,complete
P3-03,P3-03-1,2026-10-07-S1,E,X,2026-10-07T16:37:22.246931+00:00,2026-10-07T16:42:59.948607+00:00,337.701676907,337.701676907,0.000000000,0.000000000,0.000000000,0,v3/work_logs/P3_03_2026-10-07_S1.md,complete
P3-03,P3-03-1,2026-10-07-S1,D,R,2026-10-07T16:42:59.948607+00:00,2026-10-07T16:46:27.991065+00:00,208.042490314,208.042490314,0.000000000,0.000000000,0.000000000,0,v3/work_logs/P3_03_2026-10-07_S1.md,complete
P3-03,P3-03-1,2026-10-07-S1,recovery,,2026-10-07T16:46:27.991065+00:00,2026-10-07T16:49:49.200631+00:00,201.209534361,0.000000000,0.000000000,0.000000000,201.209534361,0,v3/work_logs/P3_03_2026-10-07_S1.md,excluded
P3-03,P3-03-1,2026-10-07-S1,D,R,2026-10-07T16:49:49.200631+00:00,2026-10-07T16:58:40.101867+00:00,530.901230294,530.901230294,0.000000000,0.000000000,0.000000000,0,v3/work_logs/P3_03_2026-10-07_S1.md,complete
P3-03,P3-03-1,2026-10-07-S1,unmeasured,,2026-10-07T16:58:40.101867+00:00,2026-10-07T17:32:42.940593+00:00,2042.838727357,0.000000000,0.000000000,0.000000000,2042.838727357,0,v3/work_logs/P3_03_2026-10-07_S1.md,excluded
P3-03,P3-03-1,2026-10-07-S1,D,R,2026-10-07T17:32:42.940593+00:00,2026-10-07T17:32:56.169683+00:00,13.229089102,13.229089102,0.000000000,0.000000000,0.000000000,0,v3/work_logs/P3_03_2026-10-07_S1.md,complete
P3-03,P3-03-1,2026-10-07-S1,D,R,2026-10-07T17:32:56.169683+00:00,2026-10-07T17:34:43.028115+00:00,106.858432314,106.858432314,0.000000000,0.000000000,0.000000000,0,v3/work_logs/P3_03_2026-10-07_S1.md,complete
P3-03,P3-03-1,2026-10-07-S1,L,R,2026-10-07T17:34:43.028115+00:00,2026-10-07T17:36:44.552844+00:00,121.524728723,121.524728723,0.000000000,0.000000000,0.000000000,0,v3/work_logs/P3_03_2026-10-07_S1.md,complete
P3-03,P3-03-1,2026-10-07-S1,D,R,2026-10-07T17:36:44.552844+00:00,2026-10-07T17:38:33.620991+00:00,109.068147665,109.068147665,0.000000000,0.000000000,0.000000000,0,v3/work_logs/P3_03_2026-10-07_S1.md,complete
P3-03,P3-03-1,2026-10-07-S1,O,,2026-10-07T17:38:33.620991+00:00,2026-10-07T17:47:38.902056+00:00,545.281112297,545.281112297,0.000000000,0.000000000,0.000000000,0,v3/work_logs/P3_03_2026-10-07_S1.md,complete
P3-04,P3-04-1,2026-10-08-S1,O,,2026-10-08T04:25:57.113439+00:00,2026-10-08T04:27:02.296822+00:00,65.183322831,65.183322831,0.000000000,0.000000000,0.000000000,900.000000000,v3/work_logs/P3_04_2026-10-08_S1.md,Closed P3-04 observation; finite semantics task complete; P3-05 unstarted; Open separately measured P3-04 session; all earlier entry and failed transfer inspection is uncredited. No local prior work found; connector main is 688ff3b6c2f10a70d83c58a9ca7610cd32cb5e21.
P3-04,P3-04-1,2026-10-08-S1,D,R,2026-10-08T04:27:02.296822+00:00,2026-10-08T04:29:34.054192+00:00,151.757371318,151.757371318,0.000000000,0.000000000,0.000000000,3900.000000000,v3/work_logs/P3_04_2026-10-08_S1.md,Closed P3-04 observation; finite semantics task complete; P3-05 unstarted; Begin reconstruction of the inherited finite counterfactual contract and semantic separation examples; prospective forecast durably saved.
P3-04,P3-04-1,2026-10-08-S1,recovery,,2026-10-08T04:29:34.054192+00:00,2026-10-08T04:35:43.010915+00:00,368.956724692,0.000000000,0.000000000,0.000000000,368.956724692,0.000000000,v3/work_logs/P3_04_2026-10-08_S1.md,"Closed P3-04 observation; finite semantics task complete; P3-05 unstarted; P3-04-CD01; Check the primary semantics of intervention, ranked revision, impossible-world selection and finite diagnosis; initial candidate and proof obligations saved."
P3-04,P3-04-1,2026-10-08-S1,L,R,2026-10-08T04:35:43.010915+00:00,2026-10-08T04:37:06.040506+00:00,83.029588066,83.029588066,0.000000000,0.000000000,0.000000000,1200.000000000,v3/work_logs/P3_04_2026-10-08_S1.md,Closed P3-04 observation; finite semantics task complete; P3-05 unstarted; Resume observed source work after context compaction; the unsampled interval since the previous observation is excluded by disposition CD01.
P3-04,P3-04-1,2026-10-08-S1,L,R,2026-10-08T04:37:06.040506+00:00,2026-10-08T04:37:06.685690+00:00,0.645184234,0.645184234,0.000000000,0.000000000,0.000000000,1200.000000000,v3/work_logs/P3_04_2026-10-08_S1.md,"Closed P3-04 observation; finite semantics task complete; P3-05 unstarted; Inspected paired-support semantics in Klein et al. section 2; MaxSAT definitions and Tseitin comparison, including displayed-formula caveats; impossible-world selection and ordinary-overlap conditions."
P3-04,P3-04-1,2026-10-08-S1,D,X,2026-10-08T04:37:06.685690+00:00,2026-10-08T04:39:23.973448+00:00,137.287761833,137.287761833,0.000000000,0.000000000,0.000000000,3900.000000000,v3/work_logs/P3_04_2026-10-08_S1.md,Closed P3-04 observation; finite semantics task complete; P3-05 unstarted; Develop a finite compositional counterpossible adapter and preference/tie-aware selection theorem; distinguish proposed adaptation from inherited paired-support and weighted repair semantics.
P3-04,P3-04-1,2026-10-08-S1,D,X,2026-10-08T04:39:23.973448+00:00,2026-10-08T04:39:38.274235+00:00,14.300782982,14.300782982,0.000000000,0.000000000,0.000000000,3900.000000000,v3/work_logs/P3_04_2026-10-08_S1.md,"Closed P3-04 observation; finite semantics task complete; P3-05 unstarted; Derived the paired-support adapter, classical-overlap and weighted-deletion correspondence; developed all-minimizer outer-cover and preference-sensitivity targets without granting unseen repair information."
P3-04,P3-04-1,2026-10-08-S1,O,,2026-10-08T04:39:38.274235+00:00,2026-10-08T04:42:03.629842+00:00,145.355607851,145.355607851,0.000000000,0.000000000,0.000000000,900.000000000,v3/work_logs/P3_04_2026-10-08_S1.md,"Closed P3-04 observation; finite semantics task complete; P3-05 unstarted; Inspect available publication capabilities and prepare exact preservation metadata; this is administration, not Research90."
P3-04,P3-04-1,2026-10-08-S1,D,R,2026-10-08T04:42:03.629842+00:00,2026-10-08T04:43:57.299645+00:00,113.669801667,113.669801667,0.000000000,0.000000000,0.000000000,3900.000000000,v3/work_logs/P3_04_2026-10-08_S1.md,"Closed P3-04 observation; finite semantics task complete; P3-05 unstarted; Write the finite typed request semantics and prove conditional classical overlap, nonvacuous paired-support cases, and exact weighted-repair characterization."
P3-04,P3-04-1,2026-10-08-S1,D,R,2026-10-08T04:43:57.299645+00:00,2026-10-08T04:46:56.175824+00:00,178.876181112,178.876181112,0.000000000,0.000000000,0.000000000,3900.000000000,v3/work_logs/P3_04_2026-10-08_S1.md,"Closed P3-04 observation; finite semantics task complete; P3-05 unstarted; Completed the initial typed adapter definitions and checked deletion/normality proofs; specified all-ties coverage, early query certainty, and the restricted executable contract."
P3-04,P3-04-1,2026-10-08-S1,D,R,2026-10-08T04:46:56.175824+00:00,2026-10-08T04:47:36.968711+00:00,40.792885477,40.792885477,0.000000000,0.000000000,0.000000000,3900.000000000,v3/work_logs/P3_04_2026-10-08_S1.md,"Closed P3-04 observation; finite semantics task complete; P3-05 unstarted; Saved explicit frame, weight-region, all-minimizer-cover, early query certainty and full-definitional-encoding proofs, with ordinary reconstructions and scope boundaries."
P3-04,P3-04-1,2026-10-08-S1,E,R,2026-10-08T04:47:36.968711+00:00,2026-10-08T04:50:15.812832+00:00,158.844121868,158.844121868,0.000000000,0.000000000,0.000000000,1500.000000000,v3/work_logs/P3_04_2026-10-08_S1.md,"Closed P3-04 observation; finite semantics task complete; P3-05 unstarted; Implement the standalone finite ranked Boolean kernel, paired-support adapter, bounded frontier and exact query reports under explicit input caps."
P3-04,P3-04-1,2026-10-08-S1,E,R,2026-10-08T04:50:15.812832+00:00,2026-10-08T04:51:39.305220+00:00,83.492386748,83.492386748,0.000000000,0.000000000,0.000000000,1500.000000000,v3/work_logs/P3_04_2026-10-08_S1.md,"Closed P3-04 observation; finite semantics task complete; P3-05 unstarted; Saved first kernel version with bounded admission, persistent tie-preserving frontier, exact affine query reports, paired-support compilation, full iff CNF gates and finite weight regions; not yet executed."
P3-04,P3-04-1,2026-10-08-S1,E,R,2026-10-08T04:51:39.305220+00:00,2026-10-08T04:51:40.595698+00:00,1.290478110,1.290478110,0.000000000,0.000000000,0.000000000,1500.000000000,v3/work_logs/P3_04_2026-10-08_S1.md,Closed P3-04 observation; finite semantics task complete; P3-05 unstarted; Self-review of first implementation found admission coercion gaps; repair them before the first scientific execution and preserve the unexecuted draft.
P3-04,P3-04-1,2026-10-08-S1,E,X,2026-10-08T04:51:40.595698+00:00,2026-10-08T04:54:42.419014+00:00,181.823371285,181.823371285,0.000000000,0.000000000,0.000000000,1500.000000000,v3/work_logs/P3_04_2026-10-08_S1.md,Closed P3-04 observation; finite semantics task complete; P3-05 unstarted; Prepare adversarial and exhaustive finite development checks against a separately written enumeration/evaluation reference; bind sources before executing.
P3-04,P3-04-1,2026-10-08-S1,E,X,2026-10-08T04:54:42.419014+00:00,2026-10-08T04:54:59.407657+00:00,16.988587700,16.988587700,0.000000000,0.000000000,0.000000000,1500.000000000,v3/work_logs/P3_04_2026-10-08_S1.md,"Closed P3-04 observation; finite semantics task complete; P3-05 unstarted; Saved the first complete checker before execution: independent set-valued support and Boolean reference, exhaustive small frontiers, targeted tie/repair/encoding/weight cases, and admission/capacity checks."
P3-04,P3-04-1,2026-10-08-S1,wait,,2026-10-08T04:54:59.407657+00:00,2026-10-08T04:55:03.480640+00:00,4.072981534,0.000000000,4.072981534,0.000000000,0.000000000,0.000000000,v3/work_logs/P3_04_2026-10-08_S1.md,Closed P3-04 observation; finite semantics task complete; P3-05 unstarted; Exclude unattended finite checker execution from engaged research; exact run interval is recorded separately.
P3-04,P3-04-1,2026-10-08-S1,E,X,2026-10-08T04:55:03.480640+00:00,2026-10-08T04:58:20.262770+00:00,196.782135005,196.782135005,0.000000000,0.000000000,0.000000000,1500.000000000,v3/work_logs/P3_04_2026-10-08_S1.md,Closed P3-04 observation; finite semantics task complete; P3-05 unstarted; Inspect first finite checker output and any failures; no unattended runtime is credited.
P3-04,P3-04-1,2026-10-08-S1,recovery,,2026-10-08T04:58:20.262770+00:00,2026-10-08T05:02:36.079327+00:00,255.816553361,0.000000000,0.000000000,0.000000000,255.816553361,0.000000000,v3/work_logs/P3_04_2026-10-08_S1.md,Closed P3-04 observation; finite semantics task complete; P3-05 unstarted; P3-04-CD02; Compare the candidate with preferential paraconsistent entailment and minimal-abnormality reasoning; identify inherited selection mechanisms rather than calling the weighted support construction novel.
P3-04,P3-04-1,2026-10-08-S1,L,X,2026-10-08T05:02:36.079327+00:00,2026-10-08T05:04:34.216753+00:00,118.137426820,118.137426820,0.000000000,0.000000000,0.000000000,1200.000000000,v3/work_logs/P3_04_2026-10-08_S1.md,Closed P3-04 observation; finite semantics task complete; P3-05 unstarted; Resume primary-source comparison after context recovery; exclude the unsampled interval spanning compaction.
P3-04,P3-04-1,2026-10-08-S1,L,X,2026-10-08T05:04:34.216753+00:00,2026-10-08T05:04:34.891850+00:00,0.675095914,0.675095914,0.000000000,0.000000000,0.000000000,1200.000000000,v3/work_logs/P3_04_2026-10-08_S1.md,"Closed P3-04 observation; finite semantics task complete; P3-05 unstarted; Inspected Arieli author manuscript sections 2, 3 and 5.1–5.3, distinguishing set-minimal abnormality from fixed weighted sums; manuscript footer is 2005, journal publication 2007."
P3-04,P3-04-1,2026-10-08-S1,D,X,2026-10-08T05:04:34.891850+00:00,2026-10-08T05:07:08.688895+00:00,153.797046162,153.797046162,0.000000000,0.000000000,0.000000000,3900.000000000,v3/work_logs/P3_04_2026-10-08_S1.md,"Closed P3-04 observation; finite semantics task complete; P3-05 unstarted; Derive support-to-cost nonidentification, positive-weight versus inclusion-minimal repair correspondence, and sufficient witnesses for compound counterpossibles."
P3-04,P3-04-1,2026-10-08-S1,D,X,2026-10-08T05:07:08.688895+00:00,2026-10-08T05:09:32.808167+00:00,144.119271262,144.119271262,0.000000000,0.000000000,0.000000000,3900.000000000,v3/work_logs/P3_04_2026-10-08_S1.md,"Closed P3-04 observation; finite semantics task complete; P3-05 unstarted; Saved positive-weight/Pareto correspondence, decoder nonidentification, constructive witnesses, gap exclusion and fixed-selection consequence proofs; separated heuristic relevance from semantics."
P3-04,P3-04-1,2026-10-08-S1,E,R,2026-10-08T05:09:32.808167+00:00,2026-10-08T05:09:34.041748+00:00,1.233580291,1.233580291,0.000000000,0.000000000,0.000000000,1500.000000000,v3/work_logs/P3_04_2026-10-08_S1.md,"Closed P3-04 observation; finite semantics task complete; P3-05 unstarted; Implement checked witness seeding and finite ordinary-status classification, preserving the first tested kernel revision."
P3-04,P3-04-1,2026-10-08-S1,E,R,2026-10-08T05:09:34.041748+00:00,2026-10-08T05:11:00.885074+00:00,86.843328387,86.843328387,0.000000000,0.000000000,0.000000000,1500.000000000,v3/work_logs/P3_04_2026-10-08_S1.md,"Closed P3-04 observation; finite semantics task complete; P3-05 unstarted; Implemented witness checks without trusting supplied ranks, ordinary antecedent/frame classification, and exact all-policy affine dominance helper."
P3-04,P3-04-1,2026-10-08-S1,E,R,2026-10-08T05:11:00.885074+00:00,2026-10-08T05:13:03.517629+00:00,122.632553505,122.632553505,0.000000000,0.000000000,0.000000000,1500.000000000,v3/work_logs/P3_04_2026-10-08_S1.md,"Closed P3-04 observation; finite semantics task complete; P3-05 unstarted; Added a supplied-table ordinary graph adapter with explicit call routes, token overrides and conditioning; catalogue-nearest candidates preserve specified past outputs."
P3-04,P3-04-1,2026-10-08-S1,D,R,2026-10-08T05:13:03.517629+00:00,2026-10-08T05:16:06.174713+00:00,182.657086287,182.657086287,0.000000000,0.000000000,0.000000000,3900.000000000,v3/work_logs/P3_04_2026-10-08_S1.md,"Closed P3-04 observation; finite semantics task complete; P3-05 unstarted; Establish uniform-policy pruning and exact scalarization/min-marginal comparison, with source and decoder assumptions kept separate."
P3-04,P3-04-1,2026-10-08-S1,D,R,2026-10-08T05:16:06.174713+00:00,2026-10-08T05:17:01.014171+00:00,54.839456030,54.839456030,0.000000000,0.000000000,0.000000000,3900.000000000,v3/work_logs/P3_04_2026-10-08_S1.md,"Closed P3-04 observation; finite semantics task complete; P3-05 unstarted; Recorded sourcewise-versus-joint minimization, uniform-policy strict pruning, exact tier scalarization, ranking-aware projection and attainment boundaries."
P3-04,P3-04-1,2026-10-08-S1,E,R,2026-10-08T05:17:01.014171+00:00,2026-10-08T05:17:45.740936+00:00,44.726765686,44.726765686,0.000000000,0.000000000,0.000000000,1500.000000000,v3/work_logs/P3_04_2026-10-08_S1.md,Closed P3-04 observation; finite semantics task complete; P3-05 unstarted; Implement sourcewise search aggregation and finite tier scalarization with explicit domain and resource boundaries.
P3-04,P3-04-1,2026-10-08-S1,E,R,2026-10-08T05:17:45.740936+00:00,2026-10-08T05:19:52.782215+00:00,127.041279066,127.041279066,0.000000000,0.000000000,0.000000000,1500.000000000,v3/work_logs/P3_04_2026-10-08_S1.md,"Closed P3-04 observation; finite semantics task complete; P3-05 unstarted; Saved sourcewise optimizer wrapper, exact scalarization helper and prospective extension/regression plan."
P3-04,P3-04-1,2026-10-08-S1,E,R,2026-10-08T05:19:52.782215+00:00,2026-10-08T05:20:28.921809+00:00,36.139593204,36.139593204,0.000000000,0.000000000,0.000000000,1500.000000000,v3/work_logs/P3_04_2026-10-08_S1.md,"Closed P3-04 observation; finite semantics task complete; P3-05 unstarted; Prepared independent extension checks for seeding, semantic status, sourcewise ranks, fixed-contract consequences, policy bounds and exact ordinary compilation; not yet executed."
P3-04,P3-04-1,2026-10-08-S1,wait,,2026-10-08T05:20:28.921809+00:00,2026-10-08T05:20:51.619397+00:00,22.697593859,0.000000000,22.697593859,0.000000000,0.000000000,0.000000000,v3/work_logs/P3_04_2026-10-08_S1.md,Closed P3-04 observation; finite semantics task complete; P3-05 unstarted; Exclude unattended execution of the snapshotted regression and extension checks.
P3-04,P3-04-1,2026-10-08-S1,D,X,2026-10-08T05:20:51.619397+00:00,2026-10-08T05:23:13.807460+00:00,142.188058786,142.188058786,0.000000000,0.000000000,0.000000000,3900.000000000,v3/work_logs/P3_04_2026-10-08_S1.md,Closed P3-04 observation; finite semantics task complete; P3-05 unstarted; Resume observed interpretation after both saved checks completed; no unattended execution receives research credit.
P3-04,P3-04-1,2026-10-08-S1,recovery,,2026-10-08T05:23:13.807460+00:00,2026-10-08T05:26:42.693456+00:00,208.885994316,0.000000000,0.000000000,0.000000000,208.885994316,0.000000000,v3/work_logs/P3_04_2026-10-08_S1.md,Closed P3-04 observation; finite semantics task complete; P3-05 unstarted; P3-04-CD03; Self-audit of ordinary overlap: gap-free support retains classical tautological formulas without restoring material modus ponens or explosion; identify exact source/repair quantifier boundaries.
P3-04,P3-04-1,2026-10-08-S1,O,,2026-10-08T05:26:42.693456+00:00,2026-10-08T05:27:23.988762+00:00,41.295306140,41.295306140,0.000000000,0.000000000,0.000000000,900.000000000,v3/work_logs/P3_04_2026-10-08_S1.md,Closed P3-04 observation; finite semantics task complete; P3-05 unstarted; Resume after context recovery; the unsampled interval since the last check is excluded by CD03. Audit current artifacts before further science.
P3-04,P3-04-1,2026-10-08-S1,D,X,2026-10-08T05:27:23.988762+00:00,2026-10-08T05:29:14.737949+00:00,110.749187211,110.749187211,0.000000000,0.000000000,0.000000000,3900.000000000,v3/work_logs/P3_04_2026-10-08_S1.md,Closed P3-04 observation; finite semantics task complete; P3-05 unstarted; Investigate the arithmetic embedding and inference-discipline limits of the paired hypothetical construction; distinguish original arithmetic evaluation from exceptional hypothetical support.
P3-04,P3-04-1,2026-10-08-S1,D,X,2026-10-08T05:29:14.737949+00:00,2026-10-08T05:30:12.015415+00:00,57.277465793,57.277465793,0.000000000,0.000000000,0.000000000,3900.000000000,v3/work_logs/P3_04_2026-10-08_S1.md,Closed P3-04 observation; finite semantics task complete; P3-05 unstarted; Derived a finite signed-Horn exception policy: least support closure is uniquely minimum abnormality when one ordinary support bit per atom is retained and all optional normality penalties are positive. Rule validity alone does not identify its hypothetical applicability.
P3-04,P3-04-1,2026-10-08-S1,D,X,2026-10-08T05:30:12.015415+00:00,2026-10-08T05:30:41.397771+00:00,29.382357655,29.382357655,0.000000000,0.000000000,0.000000000,3900.000000000,v3/work_logs/P3_04_2026-10-08_S1.md,"Closed P3-04 observation; finite semantics task complete; P3-05 unstarted; Saved CE04-11 with unique minimum closure proof, explicit permission-sensitive 2=3 arithmetic counterpossible, and failures for disjunction, zero weights, nonmonotone rules and omitted reference bits."
P3-04,P3-04-1,2026-10-08-S1,E,X,2026-10-08T05:30:41.397771+00:00,2026-10-08T05:31:22.419047+00:00,41.021274499,41.021274499,0.000000000,0.000000000,0.000000000,1500.000000000,v3/work_logs/P3_04_2026-10-08_S1.md,"Closed P3-04 observation; finite semantics task complete; P3-05 unstarted; Implement and challenge the signed-Horn hypothetical adapter; test classical tautologies versus inference rules, arithmetic permissions, sourcewise prefixes and reverse CNF uniqueness against explicit finite enumerators."
P3-04,P3-04-1,2026-10-08-S1,E,X,2026-10-08T05:31:22.419047+00:00,2026-10-08T05:33:31.219622+00:00,128.800575493,128.800575493,0.000000000,0.000000000,0.000000000,1500.000000000,v3/work_logs/P3_04_2026-10-08_S1.md,"Closed P3-04 observation; finite semantics task complete; P3-05 unstarted; Implemented finite signed-Horn closure and complete Boolean compilation, with reference quotations, primitive-rule identities, permission conflicts and charged structural visits. Syntax compilation succeeded; scientific execution remains prospective."
P3-04,P3-04-1,2026-10-08-S1,E,X,2026-10-08T05:33:31.219622+00:00,2026-10-08T05:34:42.012731+00:00,70.793111537,70.793111537,0.000000000,0.000000000,0.000000000,1500.000000000,v3/work_logs/P3_04_2026-10-08_S1.md,"Closed P3-04 observation; finite semantics task complete; P3-05 unstarted; Audited the saved regression output: an invocation mismatch wrote the valid result to literal --output, not regression.json. Preserved the original evidence and added an explicit disposition; no retry. Planned targeted inference, closure, asynchronous source-domain and reverse-CNF checks."
P3-04,P3-04-1,2026-10-08-S1,E,X,2026-10-08T05:34:42.012731+00:00,2026-10-08T05:36:43.344584+00:00,121.331850980,121.331850980,0.000000000,0.000000000,0.000000000,1500.000000000,v3/work_logs/P3_04_2026-10-08_S1.md,"Closed P3-04 observation; finite semantics task complete; P3-05 unstarted; The sourcewise outer bounds were sound but the partial-domain label was ambiguous. Saved the old report, changed only the domain wording/totality fields, and retained exact pre/post hashes and the original source."
P3-04,P3-04-1,2026-10-08-S1,E,X,2026-10-08T05:36:43.344584+00:00,2026-10-08T05:37:26.553928+00:00,43.209342803,43.209342803,0.000000000,0.000000000,0.000000000,1500.000000000,v3/work_logs/P3_04_2026-10-08_S1.md,"Closed P3-04 observation; finite semantics task complete; P3-05 unstarted; Prepared targeted boundary checker: 11,520 two-atom Horn policies against all assignments, cyclic rule orders, arithmetic permissions, all asynchronous sourcewise prefixes in a declared fixture family, and reverse CNF extension uniqueness. No scientific execution yet."
P3-04,P3-04-1,2026-10-08-S1,wait,,2026-10-08T05:37:26.553928+00:00,2026-10-08T05:37:43.202539+00:00,16.648611912,0.000000000,16.648611912,0.000000000,0.000000000,0.000000000,v3/work_logs/P3_04_2026-10-08_S1.md,Closed P3-04 observation; finite semantics task complete; P3-05 unstarted; Exclude execution of the immutable third boundary-check snapshot; do not count unattended CPU time as engaged research.
P3-04,P3-04-1,2026-10-08-S1,D,R,2026-10-08T05:37:43.202539+00:00,2026-10-08T05:40:10.024617+00:00,146.822077333,146.822077333,0.000000000,0.000000000,0.000000000,3900.000000000,v3/work_logs/P3_04_2026-10-08_S1.md,Closed P3-04 observation; finite semantics task complete; P3-05 unstarted; Resume observed analysis after the targeted check completed. Validate what the passing finite cases establish and inspect the unexpected nonfatal stderr before using the receipt.
P3-04,P3-04-1,2026-10-08-S1,D,R,2026-10-08T05:40:10.024617+00:00,2026-10-08T05:41:14.474832+00:00,64.450213925,64.450213925,0.000000000,0.000000000,0.000000000,3900.000000000,v3/work_logs/P3_04_2026-10-08_S1.md,"Closed P3-04 observation; finite semantics task complete; P3-05 unstarted; Saved the surviving-minimum condition for narrowing repair candidates, a continuous-relaxation counterexample and exact Boolean domain guard, and an explicit tie-averaging duplication limit. These delimit the P3-03 bridge without performing general P3-05 proof reuse."
P3-04,P3-04-1,2026-10-08-S1,L,R,2026-10-08T05:41:14.474832+00:00,2026-10-08T05:43:55.297945+00:00,160.823113292,160.823113292,0.000000000,0.000000000,0.000000000,1200.000000000,v3/work_logs/P3_04_2026-10-08_S1.md,"Closed P3-04 observation; finite semantics task complete; P3-05 unstarted; Inspect the primary counterpossible selection conditions and compare centering, normal-world priority and inference-rule closure with the actual finite adapters, without importing a whole counterfactual logic."
P3-04,P3-04-1,2026-10-08-S1,L,R,2026-10-08T05:43:55.297945+00:00,2026-10-08T05:45:11.704781+00:00,76.406838634,76.406838634,0.000000000,0.000000000,0.000000000,1200.000000000,v3/work_logs/P3_04_2026-10-08_S1.md,"Closed P3-04 observation; finite semantics task complete; P3-05 unstarted; Compared the primary sample semantics with the finite adapters: weak centering supports external counterfactual detachment, which is distinct from failed material modus ponens inside impossible cases. Normal-world priority is only relative to the declared finite hard background/frame. Inspected the source reductio and identity-boundary passages without importing their whole modal logic."
P3-04,P3-04-1,2026-10-08-S1,D,R,2026-10-08T05:45:11.704781+00:00,2026-10-08T05:46:37.217906+00:00,85.513122721,85.513122721,0.000000000,0.000000000,0.000000000,3900.000000000,v3/work_logs/P3_04_2026-10-08_S1.md,"Closed P3-04 observation; finite semantics task complete; P3-05 unstarted; Derive the adapter-specific centering and external-reductio conditions and design a consequence service that keeps positive support, negative support, absent support and incomplete selection distinct."
P3-04,P3-04-1,2026-10-08-S1,D,R,2026-10-08T05:46:37.217906+00:00,2026-10-08T05:46:37.894131+00:00,0.676226771,0.676226771,0.000000000,0.000000000,0.000000000,3900.000000000,v3/work_logs/P3_04_2026-10-08_S1.md,"Closed P3-04 observation; finite semantics task complete; P3-05 unstarted; Specified the bounded consequence service: positive and negative universal support are separate; only certified-optimal witnesses can disprove a universal claim, while exact hard-premise membership can prove it early once a feasible case exists."
P3-04,P3-04-1,2026-10-08-S1,E,R,2026-10-08T05:46:37.894131+00:00,2026-10-08T05:47:10.257219+00:00,32.363088967,32.363088967,0.000000000,0.000000000,0.000000000,1500.000000000,v3/work_logs/P3_04_2026-10-08_S1.md,"Closed P3-04 observation; finite semantics task complete; P3-05 unstarted; Implement the typed consequence service and test centering, early hard-premise consequences, unproved optimality, empty/unknown targets, candidate narrowing, and exact discrete-domain guards."
P3-04,P3-04-1,2026-10-08-S1,E,R,2026-10-08T05:47:10.257219+00:00,2026-10-08T05:49:01.980943+00:00,111.723721734,111.723721734,0.000000000,0.000000000,0.000000000,1500.000000000,v3/work_logs/P3_04_2026-10-08_S1.md,"Closed P3-04 observation; finite semantics task complete; P3-05 unstarted; Implemented the two-channel consequence adapter with exact hard-membership shortcuts, explicit nonempty guards and optimal-witness requirements. Saved the fourth targeted development plan before execution."
P3-04,P3-04-1,2026-10-08-S1,E,R,2026-10-08T05:49:01.980943+00:00,2026-10-08T05:51:06.003595+00:00,124.022652146,124.022652146,0.000000000,0.000000000,0.000000000,1500.000000000,v3/work_logs/P3_04_2026-10-08_S1.md,"Closed P3-04 observation; finite semantics task complete; P3-05 unstarted; Prepared the fourth checker with direct selected-family semantics for positive/negative channels, centering and external detachment, and all finite subset restrictions on four ranked candidates. Pre-execution self-review is underway."
P3-04,P3-04-1,2026-10-08-S1,E,R,2026-10-08T05:51:06.003595+00:00,2026-10-08T05:51:52.139029+00:00,46.135433544,46.135433544,0.000000000,0.000000000,0.000000000,1500.000000000,v3/work_logs/P3_04_2026-10-08_S1.md,Closed P3-04 observation; finite semantics task complete; P3-05 unstarted; Detected and reproduced a nested mutable-pair admission hole in the nominally immutable request. Saved the old behavior and added strict pair checks in v1.3; AST audit confirms unchanged search/evaluation/compilation algorithms. Fourth attempt will exercise the strengthened boundary.
P3-04,P3-04-1,2026-10-08-S1,wait,,2026-10-08T05:51:52.139029+00:00,2026-10-08T05:52:10.033913+00:00,17.894884102,0.000000000,17.894884102,0.000000000,0.000000000,0.000000000,v3/work_logs/P3_04_2026-10-08_S1.md,Closed P3-04 observation; finite semantics task complete; P3-05 unstarted; Exclude execution of the fourth saved development snapshot; no unattended time contributes to Research90.
P3-04,P3-04-1,2026-10-08-S1,D,R,2026-10-08T05:52:10.033913+00:00,2026-10-08T05:55:28.059749+00:00,198.025839076,198.025839076,0.000000000,0.000000000,0.000000000,3900.000000000,v3/work_logs/P3_04_2026-10-08_S1.md,Closed P3-04 observation; finite semantics task complete; P3-05 unstarted; Resume observed examination after the fourth check passed. Inspect the exact suite coverage and audit the principal derivation against the implemented restrictions and primary-source comparison.
P3-04,P3-04-1,2026-10-08-S1,D,R,2026-10-08T05:55:28.059749+00:00,2026-10-08T05:55:28.759651+00:00,0.699924985,0.699924985,0.000000000,0.000000000,0.000000000,3900.000000000,v3/work_logs/P3_04_2026-10-08_S1.md,"Closed P3-04 observation; finite semantics task complete; P3-05 unstarted; Audited selector factorization, normality priorities, all-tie coverage and implementation bounds. Identified two additional interface obligations: certified rank error yields only a near-minimizer family, and bounded Boolean gating differs from an arbitrary product of uncertain values."
P3-04,P3-04-1,2026-10-08-S1,D,X,2026-10-08T05:55:28.759651+00:00,2026-10-08T05:57:00.411504+00:00,91.651828245,91.651828245,0.000000000,0.000000000,0.000000000,3900.000000000,v3/work_logs/P3_04_2026-10-08_S1.md,"Closed P3-04 observation; finite semantics task complete; P3-05 unstarted; Develop robust selection under explicitly bounded rank uncertainty and a narrowly justified bounded-Boolean gating construction, without extending the implemented known-weight kernel or assuming full probability recovery."
P3-04,P3-04-1,2026-10-08-S1,D,X,2026-10-08T05:57:00.411504+00:00,2026-10-08T05:57:30.146585+00:00,29.735080847,29.735080847,0.000000000,0.000000000,0.000000000,3900.000000000,v3/work_logs/P3_04_2026-10-08_S1.md,"Closed P3-04 observation; finite semantics task complete; P3-05 unstarted; Derived CE04-14 possible-minimizer error boxes and CE04-15 exact bounded Boolean gating, with a finite min/max-affine unbounded-gate obstruction. Explicitly kept the implemented fixed-weight selector and arbitrary continuous products outside these new mathematical claims."
P3-04,P3-04-1,2026-10-08-S1,recovery,,2026-10-08T05:57:30.146585+00:00,2026-10-08T06:01:10.947060+00:00,220.800476007,0.000000000,0.000000000,0.000000000,220.800476007,0.000000000,v3/work_logs/P3_04_2026-10-08_S1.md,Closed P3-04 observation; finite semantics task complete; P3-05 unstarted; P3-04-CD04; Check the inherited native language before locating the new bounded Boolean-gating observation; separate exact finite min/max syntax from unverified native proof integration.
P3-04,P3-04-1,2026-10-08-S1,O,,2026-10-08T06:01:10.947060+00:00,2026-10-08T06:01:22.697368+00:00,11.750305343,11.750305343,0.000000000,0.000000000,0.000000000,900.000000000,v3/work_logs/P3_04_2026-10-08_S1.md,Closed P3-04 observation; finite semantics task complete; P3-05 unstarted; Resume after context compaction; exclude the entire interval since last observed check by CD04.
P3-04,P3-04-1,2026-10-08-S1,L,R,2026-10-08T06:01:22.697368+00:00,2026-10-08T06:02:32.454261+00:00,69.756894472,69.756894472,0.000000000,0.000000000,0.000000000,1200.000000000,v3/work_logs/P3_04_2026-10-08_S1.md,Closed P3-04 observation; finite semantics task complete; P3-05 unstarted; Check inherited finite min/max-affine grammar and exact scope of bounded Boolean gating; do not import an unbounded product extension.
P3-04,P3-04-1,2026-10-08-S1,D,R,2026-10-08T06:02:32.454261+00:00,2026-10-08T06:03:37.003629+00:00,64.549368476,64.549368476,0.000000000,0.000000000,0.000000000,3900.000000000,v3/work_logs/P3_04_2026-10-08_S1.md,Closed P3-04 observation; finite semantics task complete; P3-05 unstarted; Qualify bounded gating with the inspected native CPWA grammar and typed units; audit the independent-error-box converse against shared rank uncertainty.
P3-04,P3-04-1,2026-10-08-S1,E,X,2026-10-08T06:03:37.003629+00:00,2026-10-08T06:04:32.159522+00:00,55.155892825,55.155892825,0.000000000,0.000000000,0.000000000,1500.000000000,v3/work_logs/P3_04_2026-10-08_S1.md,"Closed P3-04 observation; finite semantics task complete; P3-05 unstarted; Implement focused rank-error-box, tie-threshold and bounded Boolean gating diagnostics; distinguish finite tests from the Lipschitz proof."
P3-04,P3-04-1,2026-10-08-S1,E,X,2026-10-08T06:04:32.159522+00:00,2026-10-08T06:04:56.752398+00:00,24.592874882,24.592874882,0.000000000,0.000000000,0.000000000,1500.000000000,v3/work_logs/P3_04_2026-10-08_S1.md,"Closed P3-04 observation; finite semantics task complete; P3-05 unstarted; The standalone diagnostic is written: independent rank corners, correlated weights, strict threshold and typed-gate arithmetic; snapshot before execution."
P3-04,P3-04-1,2026-10-08-S1,wait,,2026-10-08T06:04:56.752398+00:00,2026-10-08T06:04:58.221894+00:00,1.469498100,0.000000000,1.469498100,0.000000000,0.000000000,0.000000000,v3/work_logs/P3_04_2026-10-08_S1.md,Closed P3-04 observation; finite semantics task complete; P3-05 unstarted; Unattended standalone rank and gate check; preserve output with immutable source snapshot.
P3-04,P3-04-1,2026-10-08-S1,E,R,2026-10-08T06:04:58.221894+00:00,2026-10-08T06:06:40.617365+00:00,102.395469379,102.395469379,0.000000000,0.000000000,0.000000000,1500.000000000,v3/work_logs/P3_04_2026-10-08_S1.md,"Closed P3-04 observation; finite semantics task complete; P3-05 unstarted; Inspect the completed rank-error and Boolean-gate result, then audit current implementation claims against actual versions."
P3-04,P3-04-1,2026-10-08-S1,E,R,2026-10-08T06:06:40.617365+00:00,2026-10-08T06:06:41.241956+00:00,0.624592175,0.624592175,0.000000000,0.000000000,0.000000000,1500.000000000,v3/work_logs/P3_04_2026-10-08_S1.md,Closed P3-04 observation; finite semantics task complete; P3-05 unstarted; Reviewed finite-kernel cover/report logic and sourcewise helper against the five saved runs; no changed search algorithm or unclaimed global resource bound.
P3-04,P3-04-1,2026-10-08-S1,D,X,2026-10-08T06:06:41.241956+00:00,2026-10-08T06:07:43.623390+00:00,62.381431891,62.381431891,0.000000000,0.000000000,0.000000000,3900.000000000,v3/work_logs/P3_04_2026-10-08_S1.md,Closed P3-04 observation; finite semantics task complete; P3-05 unstarted; Extend the independent rank-box characterization to heterogeneous intervals and test whether all possible winners can be jointly realized; audit the correlation boundary.
P3-04,P3-04-1,2026-10-08-S1,D,X,2026-10-08T06:07:43.623390+00:00,2026-10-08T06:09:54.419790+00:00,130.796400424,130.796400424,0.000000000,0.000000000,0.000000000,3900.000000000,v3/work_logs/P3_04_2026-10-08_S1.md,"Closed P3-04 observation; finite semantics task complete; P3-05 unstarted; Derived heterogeneous scalar interval possible minima, a simultaneous all-winners tie, and correlated/lexicographic/rank-dependent-loss limits; no extension to the exact-weight kernel claimed."
P3-04,P3-04-1,2026-10-08-S1,D,X,2026-10-08T06:09:54.419790+00:00,2026-10-08T06:10:51.551410+00:00,57.131621183,57.131621183,0.000000000,0.000000000,0.000000000,3900.000000000,v3/work_logs/P3_04_2026-10-08_S1.md,"Closed P3-04 observation; finite semantics task complete; P3-05 unstarted; Audited selector and consequence quantifiers, including ordinary vs hypothetical provenance, scalar interval tie realizability and rank-dependent loss coupling."
P3-04,P3-04-1,2026-10-08-S1,L,R,2026-10-08T06:10:51.551410+00:00,2026-10-08T06:11:49.002138+00:00,57.450728155,57.450728155,0.000000000,0.000000000,0.000000000,1200.000000000,v3/work_logs/P3_04_2026-10-08_S1.md,"Closed P3-04 observation; finite semantics task complete; P3-05 unstarted; Check the inherited disjunctive source language for an exact unbounded Boolean-gate lift, rather than overstate a term-language obstruction."
P3-04,P3-04-1,2026-10-08-S1,D,X,2026-10-08T06:11:49.002138+00:00,2026-10-08T06:12:40.413657+00:00,51.411519638,51.411519638,0.000000000,0.000000000,0.000000000,3900.000000000,v3/work_logs/P3_04_2026-10-08_S1.md,Closed P3-04 observation; finite semantics task complete; P3-05 unstarted; Construct the exact unbounded disjunctive graph lift with typed equalities and witnessed live-case requirements; separate source expressivity from finite-term expressivity.
P3-04,P3-04-1,2026-10-08-S1,E,X,2026-10-08T06:12:40.413657+00:00,2026-10-08T06:14:16.531525+00:00,96.117865266,96.117865266,0.000000000,0.000000000,0.000000000,1500.000000000,v3/work_logs/P3_04_2026-10-08_S1.md,"Closed P3-04 observation; finite semantics task complete; P3-05 unstarted; Implement the final targeted interval-tie and disjunctive-gate diagnostics, including the dense-lexicographic scalarization boundary."
P3-04,P3-04-1,2026-10-08-S1,wait,,2026-10-08T06:14:16.531525+00:00,2026-10-08T06:14:17.901867+00:00,1.370342645,0.000000000,1.370342645,0.000000000,0.000000000,0.000000000,v3/work_logs/P3_04_2026-10-08_S1.md,Closed P3-04 observation; finite semantics task complete; P3-05 unstarted; Run the final independent arithmetic diagnostic from its immutable snapshot; exclude the execution interval.
P3-04,P3-04-1,2026-10-08-S1,D,R,2026-10-08T06:14:17.901867+00:00,2026-10-08T06:14:51.421557+00:00,33.519690139,33.519690139,0.000000000,0.000000000,0.000000000,3900.000000000,v3/work_logs/P3_04_2026-10-08_S1.md,Closed P3-04 observation; finite semantics task complete; P3-05 unstarted; Reconcile the passing interval-lift evidence with exact theoretical and implementation limits; finish the task-scope self-review.
P3-04,P3-04-1,2026-10-08-S1,O,,2026-10-08T06:14:51.421557+00:00,2026-10-08T06:15:27.161492+00:00,35.739934543,35.739934543,0.000000000,0.000000000,0.000000000,900.000000000,v3/work_logs/P3_04_2026-10-08_S1.md,Closed P3-04 observation; finite semantics task complete; P3-05 unstarted; Compute the remaining measured research floor from exact observed boundaries and explicit exclusions; accounting itself is administration.
P3-04,P3-04-1,2026-10-08-S1,D,R,2026-10-08T06:15:27.161492+00:00,2026-10-08T06:17:45.210820+00:00,138.049389732,138.049389732,0.000000000,0.000000000,0.000000000,3900.000000000,v3/work_logs/P3_04_2026-10-08_S1.md,"Closed P3-04 observation; finite semantics task complete; P3-05 unstarted; Final load-bearing proof audit: gap-free normality, rational monotony assumptions, Horn leastness, sourcewise quantifiers and term/source gating distinction."
P3-04,P3-04-1,2026-10-08-S1,D,R,2026-10-08T06:17:45.210820+00:00,2026-10-08T06:18:38.530626+00:00,53.319746249,53.319746249,0.000000000,0.000000000,0.000000000,3900.000000000,v3/work_logs/P3_04_2026-10-08_S1.md,"Closed P3-04 observation; finite semantics task complete; P3-05 unstarted; Completed substantive self-review of selection/coverage, gap-free consequence laws, least-Horn closure, scalar/correlated rank uncertainty and native graph-lift limits."
P3-04,P3-04-1,2026-10-08-S1,D,R,2026-10-08T06:18:38.530626+00:00,2026-10-08T06:19:25.250921+00:00,46.720297495,46.720297495,0.000000000,0.000000000,0.000000000,3900.000000000,v3/work_logs/P3_04_2026-10-08_S1.md,"Closed P3-04 observation; finite semantics task complete; P3-05 unstarted; Tightened two scope premises: a normal-subfragment payoff needs a fixed locality/decoder contract, and the bounded gate needs the declared conversion factor accounted for."
P3-04,P3-04-1,2026-10-08-S1,D,R,2026-10-08T06:19:25.250921+00:00,2026-10-08T06:20:02.391824+00:00,37.140899569,37.140899569,0.000000000,0.000000000,0.000000000,3900.000000000,v3/work_logs/P3_04_2026-10-08_S1.md,"Closed P3-04 observation; finite semantics task complete; P3-05 unstarted; Final check distinguishes supported tautologies from admissible hypothetical inference rules, and finite-search termination from total resource guarantees; the ordinary same-code comparator retains every successful shortcut."
P3-04,P3-04-1,2026-10-08-S2,O,,2026-10-08T07:56:38.585671+00:00,2026-10-08T07:57:11.922124+00:00,33.336269204,33.336269204,0.000000000,0.000000000,0.000000000,900.000000000,v3/work_logs/P3_04_2026-10-08_S2.md,New S2 evidence repair; no duplicate S1 credit; Open new measured evidence-repair session. Earlier remote inspection and recovery excluded; no historical original reconstruction claimed.
P3-04,P3-04-1,2026-10-08-S2,D,R,2026-10-08T07:57:11.922124+00:00,2026-10-08T08:00:12.828197+00:00,180.906073857,180.906073857,0.000000000,0.000000000,0.000000000,900.000000000,v3/work_logs/P3_04_2026-10-08_S2.md,"New S2 evidence repair; no duplicate S1 credit; Inspect preserved proofs, define exact replacement coverage and distinguish missing historical records from newly generated evidence."
P3-04,P3-04-1,2026-10-08-S2,E,R,2026-10-08T08:00:12.828197+00:00,2026-10-08T08:00:47.395812+00:00,34.567615459,34.567615459,0.000000000,0.000000000,0.000000000,1500.000000000,v3/work_logs/P3_04_2026-10-08_S2.md,"New S2 evidence repair; no duplicate S1 credit; Implement separately versioned reconstruction of finite selector, paired-support and structural adapters, with exact rational bounds and explicit caps."
P3-04,P3-04-1,2026-10-08-S2,L,R,2026-10-08T08:00:47.395812+00:00,2026-10-08T08:04:13.162702+00:00,205.766889869,205.766889869,0.000000000,0.000000000,0.000000000,600.000000000,v3/work_logs/P3_04_2026-10-08_S2.md,New S2 evidence repair; no duplicate S1 credit; Reconstruct missing primary-source cards; inherited S1/S04 comparison sources distinguished from newly inspected paired-support and MaxSAT predecessors.
P3-04,P3-04-1,2026-10-08-S2,unmeasured,,2026-10-08T08:04:13.162702+00:00,2026-10-08T08:09:11.895117+00:00,298.732417161,0.000000000,0.000000000,0.000000000,298.732417161,0.000000000,v3/work_logs/P3_04_2026-10-08_S2.md,"New S2 evidence repair; no duplicate S1 credit; S2-CD01; Conservatively exclude the entire interval spanning mixed test/source/packaging work, context compaction and re-entry. No output-volume or recovered-summary credit."
P3-04,P3-04-1,2026-10-08-S2,L,R,2026-10-08T08:09:11.895117+00:00,2026-10-08T08:11:16.571652+00:00,124.676533565,124.676533565,0.000000000,0.000000000,0.000000000,600.000000000,v3/work_logs/P3_04_2026-10-08_S2.md,New S2 evidence repair; no duplicate S1 credit; Resume source and closure audit after context recovery; preceding unsampled interval excluded in disposition S2-CD01.
P3-04,P3-04-1,2026-10-08-S2,E,X,2026-10-08T08:11:16.571652+00:00,2026-10-08T08:13:58.345341+00:00,161.773690805,161.773690805,0.000000000,0.000000000,0.000000000,1500.000000000,v3/work_logs/P3_04_2026-10-08_S2.md,New S2 evidence repair; no duplicate S1 credit; Check the narrow Boolean-normality composition into CNF and exact source bindings; prior science outputs retained as separate evidence.
P3-04,P3-04-1,2026-10-08-S2,O,,2026-10-08T08:13:58.345341+00:00,2026-10-08T08:15:37.410524+00:00,99.065181474,99.065181474,0.000000000,0.000000000,0.000000000,900.000000000,v3/work_logs/P3_04_2026-10-08_S2.md,"New S2 evidence repair; no duplicate S1 credit; S2-CD02; Mixed self-review transcription, administrative source retrieval and exact copying of the unchanged formatting guard; no finer observed split. Conservatively assign the whole interval to administration rather than research."
P3-04,P3-04-1,2026-10-08-S2,O,,2026-10-08T08:15:37.410524+00:00,2026-10-08T08:18:54.200862+00:00,196.790337851,196.790337851,0.000000000,0.000000000,0.000000000,900.000000000,v3/work_logs/P3_04_2026-10-08_S2.md,"New S2 evidence repair; no duplicate S1 credit; Close scientific reconstruction; synchronize current scope, exact records and delivery. Guard copying and document formatting since the prior boundary conservatively reclassified as O in S2-CD02."
P3-05,P3-05-R1,2026-10-08-S2,D,R,2026-10-08T17:17:17.275302+00:00,2026-10-08T17:20:12.110543+00:00,174.835265945,174.835265945,0.000000000,0.000000000,0.000000000,0,v3/work_logs/P3_05_2026-10-08_S2.md,IN PROGRESS; Reconstruct selection coverage and directed transport bounds from the preserved P3-04 semantics; fresh research begins after recovery inspection.
P3-05,P3-05-R1,2026-10-08-S2,L,R,2026-10-08T17:20:12.110543+00:00,2026-10-08T17:22:59.073320+00:00,166.962752886,166.962752886,0.000000000,0.000000000,0.000000000,0,v3/work_logs/P3_05_2026-10-08_S2.md,IN PROGRESS; Inspect primary causal-intervention and incremental-proof reuse sources to separate inherited components from the proposed selection-envelope bridge.
P3-05,P3-05-R1,2026-10-08-S2,D,X,2026-10-08T17:22:59.073320+00:00,2026-10-08T17:24:54.489349+00:00,115.416028575,115.416028575,0.000000000,0.000000000,0.000000000,0,v3/work_logs/P3_05_2026-10-08_S2.md,"IN PROGRESS; Derive rank-sublevel reuse and sharp ties/withdrawal counterexamples; qualify lexicographic, semantic-map and portfolio boundaries."
P3-05,P3-05-R1,2026-10-08-S2,E,R,2026-10-08T17:24:54.489349+00:00,2026-10-08T17:27:17.286086+00:00,142.796738481,142.796738481,0.000000000,0.000000000,0.000000000,0,v3/work_logs/P3_05_2026-10-08_S2.md,IN PROGRESS; Implement a new finite rank-band proof generator and separately traversing receiver; old P3-04 source is an unchanged dependency.
P3-05,P3-05-R1,2026-10-08-S2,E,X,2026-10-08T17:27:17.286086+00:00,2026-10-08T17:29:53.734900+00:00,156.448817691,156.448817691,0.000000000,0.000000000,0.000000000,0,v3/work_logs/P3_05_2026-10-08_S2.md,"IN PROGRESS; Construct independent finite point-oracle checks and hostile coverage, tie, withdrawal, identity and cost cases for the new receiver."
P3-05,P3-05-R1,2026-10-08-S2,D,X,2026-10-08T17:29:53.734900+00:00,2026-10-08T17:29:54.539612+00:00,0.804706069,0.804706069,0.000000000,0.000000000,0.000000000,0,v3/work_logs/P3_05_2026-10-08_S2.md,"IN PROGRESS; Analyze what a retained band envelope preserves, add an original-selected-value obstruction, and connect reuse failures to genuine counterpossible frames."
P3-05,P3-05-R1,2026-10-08-S2,E,X,2026-10-08T17:29:54.539612+00:00,2026-10-08T17:32:20.380834+00:00,145.841223010,145.841223010,0.000000000,0.000000000,0.000000000,0,v3/work_logs/P3_05_2026-10-08_S2.md,IN PROGRESS; Execute the predeclared focused envelope and counterpossible-frame supplement; retain exact sources and outputs separately from attempt 1.
P3-05,P3-05-R1,2026-10-08-S2,E,R,2026-10-08T17:32:20.380834+00:00,2026-10-08T17:33:53.324212+00:00,92.943376780,92.943376780,0.000000000,0.000000000,0.000000000,0,v3/work_logs/P3_05_2026-10-08_S2.md,"IN PROGRESS; Extend the receiver with checked Boolean substitutions so a withdrawn premise can be handled by an explicit mapped-domain proof and loss penalty, rather than blanket rejection."
P3-05,P3-05-R1,2026-10-08-S2,O,,2026-10-08T17:33:53.324212+00:00,2026-10-08T17:34:31.200828+00:00,37.876616930,37.876616930,0.000000000,0.000000000,0.000000000,0,v3/work_logs/P3_05_2026-10-08_S2.md,IN PROGRESS; Conservative reclassification: this interval mixed closing prose/self-review with preservation archive construction and repository-status reading. No finer measured boundary is available.
P3-05,P3-05-R1,2026-10-08-S2,O,,2026-10-08T17:34:31.200828+00:00,2026-10-08T17:37:26.302760+00:00,175.101931868,175.101931868,0.000000000,0.000000000,0.000000000,0,v3/work_logs/P3_05_2026-10-08_S2.md,"IN PROGRESS; Package verified reconstruction, reconcile exact accounting and synchronize resume status; no further research credit during delivery."
P3-05,P3-05-R1,2026-10-08-S3,O,,2026-10-08T18:50:54.099011+00:00,2026-10-08T18:51:26.551851+00:00,32.452798735,32.452798735,0.000000000,0.000000000,0.000000000,0,v3/work_logs/P3_05_2026-10-08_S3.md,Closed S3 observation; scientific completion recorded separately; Open separately timed P3-05 continuation after inspecting pushed main and existing evidence. Earlier recovery and transport attempts uncredited.
P3-05,P3-05-R1,2026-10-08-S3,D,R,2026-10-08T18:51:26.551851+00:00,2026-10-08T18:52:16.491924+00:00,49.940073026,49.940073026,0.000000000,0.000000000,0.000000000,0,v3/work_logs/P3_05_2026-10-08_S3.md,Closed S3 observation; scientific completion recorded separately; Derive all-minimizer portfolio coverage and conditional-premise discharge; inspect exact existing receiver limitations without rerunning completed research.
P3-05,P3-05-R1,2026-10-08-S3,wait,,2026-10-08T18:52:16.491924+00:00,2026-10-08T18:53:24.833543+00:00,68.341619442,0.000000000,68.341619442,0.000000000,0.000000000,0,v3/work_logs/P3_05_2026-10-08_S3.md,Closed S3 observation; scientific completion recorded separately; Primary-source retrieval; this blocked tool interval receives no research credit.
P3-05,P3-05-R1,2026-10-08-S3,L,R,2026-10-08T18:53:24.833543+00:00,2026-10-08T18:55:24.810013+00:00,119.976469993,119.976469993,0.000000000,0.000000000,0.000000000,0,v3/work_logs/P3_05_2026-10-08_S3.md,"Closed S3 observation; scientific completion recorded separately; Read primary causal-abstraction definitions, their pointwise versus distributional scope, and soft-intervention ambiguity; reconstruct the relevant transport comparison."
P3-05,P3-05-R1,2026-10-08-S3,D,R,2026-10-08T18:55:24.810013+00:00,2026-10-08T18:58:14.777380+00:00,169.967354378,169.967354378,0.000000000,0.000000000,0.000000000,0,v3/work_logs/P3_05_2026-10-08_S3.md,"Closed S3 observation; scientific completion recorded separately; Specify conditional inequality witnesses and a portfolio tree covering all cases at or below a feasible incumbent, while keeping the receiving action pair fixed."
P3-05,P3-05-R1,2026-10-08-S3,E,R,2026-10-08T18:58:14.777380+00:00,2026-10-08T19:01:27.895826+00:00,193.118456624,193.118456624,0.000000000,0.000000000,0.000000000,0,v3/work_logs/P3_05_2026-10-08_S3.md,Closed S3 observation; scientific completion recorded separately; Implement the finite portfolio receiver and independently checked conditional numerical witnesses; keep old receiver and evidence unchanged.
P3-05,P3-05-R1,2026-10-08-S3,E,R,2026-10-08T19:01:27.895826+00:00,2026-10-08T19:04:56.225136+00:00,208.329311173,208.329311173,0.000000000,0.000000000,0.000000000,0,v3/work_logs/P3_05_2026-10-08_S3.md,Closed S3 observation; scientific completion recorded separately; Initial portfolio receiver written: now construct independent finite semantic checks and premise-composition witnesses before any run.
P3-05,P3-05-R1,2026-10-08-S3,E,X,2026-10-08T19:04:56.225136+00:00,2026-10-08T19:08:52.683318+00:00,236.458181407,236.458181407,0.000000000,0.000000000,0.000000000,0,v3/work_logs/P3_05_2026-10-08_S3.md,"Closed S3 observation; scientific completion recorded separately; Exercise complementary proof domains, conditional equalities, invalid tie pruning, action switching, chains, and all 255 nonempty three-bit source subsets; preserve failures."
P3-05,P3-05-R1,2026-10-08-S3,recovery,,2026-10-08T19:08:52.683318+00:00,2026-10-08T19:12:06.028005+00:00,193.344719298,0.000000000,0.000000000,0.000000000,193.344719298,0,v3/work_logs/P3_05_2026-10-08_S3.md,Closed S3 observation; scientific completion recorded separately; Context compaction and re-entry gap; conservatively exclude the entire unsampled interval. No credit inferred from output or summary.
P3-05,P3-05-R1,2026-10-08-S3,wait,,2026-10-08T19:12:06.028005+00:00,2026-10-08T19:13:37.602832+00:00,91.574796274,0.000000000,91.574796274,0.000000000,0.000000000,0,v3/work_logs/P3_05_2026-10-08_S3.md,Closed S3 observation; scientific completion recorded separately; Conservatively exclude the full observed bracket containing the blocking 20-second regression timeout and its initial inspection; no finer matched execution boundary is available.
P3-05,P3-05-R1,2026-10-08-S3,O,,2026-10-08T19:13:37.602832+00:00,2026-10-08T19:14:07.590025+00:00,29.987192797,29.987192797,0.000000000,0.000000000,0.000000000,0,v3/work_logs/P3_05_2026-10-08_S3.md,Closed S3 observation; scientific completion recorded separately; Preserve the externally interrupted v2 regression as an execution-limit failure and save a complete checkpoint; no partial assertions are claimed.
P3-05,P3-05-R1,2026-10-08-S3,E,X,2026-10-08T19:14:07.590025+00:00,2026-10-08T19:16:40.272206+00:00,152.682180290,152.682180290,0.000000000,0.000000000,0.000000000,0,v3/work_logs/P3_05_2026-10-08_S3.md,"Closed S3 observation; scientific completion recorded separately; Diagnose the extra clause-search cost on the fixed portfolio suite, preserving the timeout and binding any producer repair to separate fresh evidence."
P3-05,P3-05-R1,2026-10-08-S3,E,R,2026-10-08T19:16:40.272206+00:00,2026-10-08T19:17:59.850821+00:00,79.578614119,79.578614119,0.000000000,0.000000000,0.000000000,0,v3/work_logs/P3_05_2026-10-08_S3.md,Closed S3 observation; scientific completion recorded separately; The clause regression exposed repeated equality elimination and irrelevant inequality trials. Apply a producer-only memoization/pruning repair; keep the receiver independent and prior versions frozen.
P3-05,P3-05-R1,2026-10-08-S3,D,X,2026-10-08T19:17:59.850821+00:00,2026-10-08T19:19:17.707639+00:00,77.856819266,77.856819266,0.000000000,0.000000000,0.000000000,0,v3/work_logs/P3_05_2026-10-08_S3.md,Closed S3 observation; scientific completion recorded separately; Derive the exact information required for repeated allowed edits and fixed task outputs; compare current-output equality with an operation-stable congruence before implementing it.
P3-05,P3-05-R1,2026-10-08-S3,L,R,2026-10-08T19:19:17.707639+00:00,2026-10-08T19:24:31.117060+00:00,313.409418459,313.409418459,0.000000000,0.000000000,0.000000000,0,v3/work_logs/P3_05_2026-10-08_S3.md,Closed S3 observation; scientific completion recorded separately; Inspect primary finite-state minimization sources for the repeated-edit congruence; the preceding derivation formulated the task-specific theorem before its comparison.
P3-05,P3-05-R1,2026-10-08-S3,D,R,2026-10-08T19:24:31.117060+00:00,2026-10-08T19:27:11.110414+00:00,159.993354977,159.993354977,0.000000000,0.000000000,0.000000000,0,v3/work_logs/P3_05_2026-10-08_S3.md,Closed S3 observation; scientific completion recorded separately; Reconstruct exact-output congruence and action-compatible closed-cover conditions for repeated edits. The primary comparison exposes a real boundary: pairwise output compatibility is insufficient for arbitrary acceptable-action sets.
P3-05,P3-05-R1,2026-10-08-S3,E,X,2026-10-08T19:27:11.110414+00:00,2026-10-08T19:30:02.917729+00:00,171.807316092,171.807316092,0.000000000,0.000000000,0.000000000,0,v3/work_logs/P3_05_2026-10-08_S3.md,"Closed S3 observation; scientific completion recorded separately; Implement independently checked exact-output quotients and action-compatible overlapping covers, with bounded search and explicit graph/access premises. Preserve the distinction between a hidden case and an observable version."
P3-05,P3-05-R1,2026-10-08-S3,recovery,,2026-10-08T19:30:02.917729+00:00,2026-10-08T19:37:34.139859+00:00,451.222130553,0.000000000,0.000000000,0.000000000,451.222130553,0,v3/work_logs/P3_05_2026-10-08_S3.md,"Closed S3 observation; scientific completion recorded separately; Conservatively exclude the entire unsampled interval spanning context compaction, restoration and initial inspection; no duration inferred from the summary or planning."
P3-05,P3-05-R1,2026-10-08-S3,D,R,2026-10-08T19:37:34.139859+00:00,2026-10-08T19:38:47.451184+00:00,73.311324235,73.311324235,0.000000000,0.000000000,0.000000000,0,v3/work_logs/P3_05_2026-10-08_S3.md,"Closed S3 observation; scientific completion recorded separately; Resume observed P3-05 work: specify finite structural-dependency compilation and independent receiving checks, preserving the original program/replacement identities."
P3-05,P3-05-R1,2026-10-08-S3,E,R,2026-10-08T19:38:47.451184+00:00,2026-10-08T19:41:34.271437+00:00,166.820253034,166.820253034,0.000000000,0.000000000,0.000000000,0,v3/work_logs/P3_05_2026-10-08_S3.md,"Closed S3 observation; scientific completion recorded separately; Implement and test the finite dependency front-end and independently recompiled receiving request; table bodies and edit routing are explicit inputs, not inferred from observational values."
P3-05,P3-05-R1,2026-10-08-S3,D,X,2026-10-08T19:41:34.271437+00:00,2026-10-08T19:42:31.177268+00:00,56.905830737,56.905830737,0.000000000,0.000000000,0.000000000,0,v3/work_logs/P3_05_2026-10-08_S3.md,Closed S3 observation; scientific completion recorded separately; Interpret the passed compiled-dependency and paired-loss checks; separate denotational correctness from model adequacy and prepare a strong ordinary symbolic/resource comparison.
P3-05,P3-05-R1,2026-10-08-S3,L,R,2026-10-08T19:42:31.177268+00:00,2026-10-08T19:44:39.317680+00:00,128.140412005,128.140412005,0.000000000,0.000000000,0.000000000,0,v3/work_logs/P3_05_2026-10-08_S3.md,Closed S3 observation; scientific completion recorded separately; Inspect the original ordered-decision-diagram and algebraic decision-diagram interfaces before implementing the strong ordinary finite comparator; record exact reading and resource scope.
P3-05,P3-05-R1,2026-10-08-S3,E,R,2026-10-08T19:44:39.317680+00:00,2026-10-08T19:49:10.182243+00:00,270.864560937,270.864560937,0.000000000,0.000000000,0.000000000,0,v3/work_logs/P3_05_2026-10-08_S3.md,"Closed S3 observation; scientific completion recorded separately; Implement an exact memoized rational decision-diagram comparator with explicit graph, cache and operation accounts; compare warm reuse fairly rather than requiring ordinary methods to discard their computations."
P3-05,P3-05-R1,2026-10-08-S3,D,R,2026-10-08T19:49:10.182243+00:00,2026-10-08T19:52:10.462922+00:00,180.280681265,180.280681265,0.000000000,0.000000000,0.000000000,0,v3/work_logs/P3_05_2026-10-08_S3.md,Closed S3 observation; scientific completion recorded separately; Interpret the complete fixed-resource results against the warm ordinary ADD comparator; test whether apparent reuse gains survive cached canonical Boolean reasoning and distinguish proof-service differences.
P3-05,P3-05-R1,2026-10-08-S3,D,X,2026-10-08T19:52:10.462922+00:00,2026-10-08T19:54:28.701973+00:00,138.239049740,138.239049740,0.000000000,0.000000000,0.000000000,0,v3/work_logs/P3_05_2026-10-08_S3.md,"Closed S3 observation; scientific completion recorded separately; Explore robust reuse under a coupled set of possible rank weights: characterize the all-winner coverage region, expose vertex-only and common-incumbent failures, and derive independently checkable rational margin certificates."
P3-05,P3-05-R1,2026-10-08-S3,recovery,,2026-10-08T19:54:28.701973+00:00,2026-10-08T19:58:41.998844+00:00,253.294503624,0.000000000,0.000000000,0.000000000,253.294503624,0,v3/work_logs/P3_05_2026-10-08_S3.md,"Closed S3 observation; scientific completion recorded separately; Exclude the full unsampled interval spanning rank-region implementation, context compaction and re-entry; no finer observed boundary exists and no time is inferred from the new code."
P3-05,P3-05-R1,2026-10-08-S3,E,X,2026-10-08T19:58:41.998844+00:00,2026-10-08T20:00:24.283103+00:00,102.286628201,102.286628201,0.000000000,0.000000000,0.000000000,0,v3/work_logs/P3_05_2026-10-08_S3.md,Closed S3 observation; scientific completion recorded separately; Resume observed rank-region implementation review and fresh development tests after conservatively excluded compaction gap.
P3-05,P3-05-R1,2026-10-08-S3,D,R,2026-10-08T20:00:24.283103+00:00,2026-10-08T20:01:36.640597+00:00,72.357492619,72.357492619,0.000000000,0.000000000,0.000000000,0,v3/work_logs/P3_05_2026-10-08_S3.md,Closed S3 observation; scientific completion recorded separately; Review the robust rank-region proof and the combined finite transport claims against their implemented receiver boundaries; reconcile the source of guarantees and exposed counterexamples.
P3-05,P3-05-R1,2026-10-08-S3,E,R,2026-10-08T20:01:36.640597+00:00,2026-10-08T20:02:51.660847+00:00,75.020250756,75.020250756,0.000000000,0.000000000,0.000000000,0,v3/work_logs/P3_05_2026-10-08_S3.md,"Closed S3 observation; scientific completion recorded separately; Implement ordered chain-admission and repeated-edit hostile diagnostics, preserving the distinction between a checked full-sublevel theorem, scalar allowance accumulation, and direct shared-expression correction."
P3-05,P3-05-R1,2026-10-08-S3,L,R,2026-10-08T20:02:51.660847+00:00,2026-10-08T20:06:01.668279+00:00,190.007433162,190.007433162,0.000000000,0.000000000,0.000000000,0,v3/work_logs/P3_05_2026-10-08_S3.md,"Closed S3 observation; scientific completion recorded separately; Compare the new portfolio, repeated-chain and rank-region services against original incremental certificate checking and parametric optimization sources; identify what is inherited versus a project-specific coverage obligation."
P3-05,P3-05-R1,2026-10-08-S3,D,R,2026-10-08T20:06:01.668279+00:00,2026-10-08T20:07:46.874126+00:00,105.205836174,105.205836174,0.000000000,0.000000000,0.000000000,0,v3/work_logs/P3_05_2026-10-08_S3.md,"Closed S3 observation; scientific completion recorded separately; Audit the composed theorem interfaces, including fixed semantics versus signed-support counterpossibles, typed rank/loss changes, compactness and all-tie coverage. Record exact ordinary antecedents and identify the remaining front-end integration test."
P3-05,P3-05-R1,2026-10-08-S3,E,R,2026-10-08T20:07:46.874126+00:00,2026-10-08T20:09:36.432094+00:00,109.557977831,109.557977831,0.000000000,0.000000000,0.000000000,0,v3/work_logs/P3_05_2026-10-08_S3.md,"Closed S3 observation; scientific completion recorded separately; Implement a receiver wrapper that recompiles the actual P3-04 quoted counterpossible request, and test frame withdrawal, preserved ties, a new localized conflict, renamed support coordinates and empty ordinary conditioning."
P3-05,P3-05-R1,2026-10-08-S3,E,R,2026-10-08T20:09:36.432094+00:00,2026-10-08T20:10:53.355954+00:00,76.923858721,76.923858721,0.000000000,0.000000000,0.000000000,0,v3/work_logs/P3_05_2026-10-08_S3.md,Closed S3 observation; scientific completion recorded separately; The paired-support bridge passes. Repair a newly exposed nominal-module incompatibility between the program and hypothetical front ends so both can safely use the same already-verified portfolio cache; preserve the old failing integration before versioning the aliases.
P3-05,P3-05-R1,2026-10-08-S3,D,X,2026-10-08T20:10:53.355954+00:00,2026-10-08T20:12:42.844958+00:00,109.489006301,109.489006301,0.000000000,0.000000000,0.000000000,0,v3/work_logs/P3_05_2026-10-08_S3.md,Closed S3 observation; scientific completion recorded separately; Audit selective portfolio retention and its complementarity under a fixed future-edit family; distinguish case coverage from a completed task guarantee without starting a computation-purchase policy.
P3-05,P3-05-R1,2026-10-08-S3,E,X,2026-10-08T20:12:42.844958+00:00,2026-10-08T20:13:32.806947+00:00,49.961988543,49.961988543,0.000000000,0.000000000,0.000000000,0,v3/work_logs/P3_05_2026-10-08_S3.md,"Closed S3 observation; scientific completion recorded separately; Test the exact fixed-library coverage reduction and a task-completion complementarity witness through the actual receiver, with declared units and identity maps rather than hypothetical free choices."
P3-05,P3-05-R1,2026-10-08-S3,D,R,2026-10-08T20:13:32.806947+00:00,2026-10-08T20:15:51.517906+00:00,138.710958717,138.710958717,0.000000000,0.000000000,0.000000000,0,v3/work_logs/P3_05_2026-10-08_S3.md,"Closed S3 observation; scientific completion recorded separately; Reconstruct the combined claims and the limits of their actual input domains. Review all theorem-to-code links, nominal integration repairs, native-language boundary, and the stronger ordinary negative comparison before the task-level scientific disposition."
P3-05,P3-05-R1,2026-10-08-S3,D,R,2026-10-08T20:15:51.517906+00:00,2026-10-08T20:16:37.645199+00:00,46.127293700,46.127293700,0.000000000,0.000000000,0.000000000,0,v3/work_logs/P3_05_2026-10-08_S3.md,"Closed S3 observation; scientific completion recorded separately; Review recovered CT05-1–5 together with new CT05-6–19; check finite/nonempty quantifiers, pointwise proof choice, chain loss slack, parametric strictness, edit-memory assumptions and old/new source bindings. No unrestricted learning or native-kernel result is inferred."
P3-05,P3-05-R1,2026-10-08-S3,E,X,2026-10-08T20:16:37.645199+00:00,2026-10-08T20:18:50.082806+00:00,132.437605790,132.437605790,0.000000000,0.000000000,0.000000000,0,v3/work_logs/P3_05_2026-10-08_S3.md,"Closed S3 observation; scientific completion recorded separately; Exercise the zero-bit finite source boundary of the rank-region adapter. Preserve the original label rejection, then repair only the empty-assignment identifier if confirmed; the margin verifier and mathematical coverage conditions remain unchanged."
P3-05,P3-05-R1,2026-10-08-S3,recovery,,2026-10-08T20:18:50.082806+00:00,2026-10-08T20:22:02.731136+00:00,192.648330274,0.000000000,0.000000000,0.000000000,192.648330274,0,v3/work_logs/P3_05_2026-10-08_S3.md,Closed S3 observation; scientific completion recorded separately; Conservatively exclude the entire unsampled context compaction and re-entry interval; no research duration inferred from summary or output.
P3-05,P3-05-R1,2026-10-08-S3,E,R,2026-10-08T20:22:02.731136+00:00,2026-10-08T20:23:18.662706+00:00,75.931570333,75.931570333,0.000000000,0.000000000,0.000000000,0,v3/work_logs/P3_05_2026-10-08_S3.md,"Closed S3 observation; scientific completion recorded separately; Resume observed scientific correspondence audit: verify source versions, changed-function scope and recorded development results, preserving historical failures separately from current evidence."
P3-05,P3-05-R1,2026-10-08-S3,D,R,2026-10-08T20:23:18.662706+00:00,2026-10-08T20:24:03.526604+00:00,44.863897545,44.863897545,0.000000000,0.000000000,0.000000000,0,v3/work_logs/P3_05_2026-10-08_S3.md,"Closed S3 observation; scientific completion recorded separately; Evidence/source correspondence audit verified 21 development records and retained failures. Complete the proof-to-implementation scope review, especially whole-sublevel chain admission and strict rank-weight ties."
P3-05,P3-05-R1,2026-10-08-S3,D,R,2026-10-08T20:24:03.526604+00:00,2026-10-08T20:24:52.419325+00:00,48.892717302,48.892717302,0.000000000,0.000000000,0.000000000,0,v3/work_logs/P3_05_2026-10-08_S3.md,"Closed S3 observation; scientific completion recorded separately; Completed theorem-to-code cross-check and exact amendment review. Final scope check: preserve fixed decision identity, whole-sublevel chain applicability and strict coupled-rank coverage; do not infer learning or a native proof compiler from the finite receivers."
P3-05,P3-05-R1,2026-10-08-S3,D,R,2026-10-08T20:24:52.419325+00:00,2026-10-08T20:25:32.913807+00:00,40.494485854,40.494485854,0.000000000,0.000000000,0.000000000,0,v3/work_logs/P3_05_2026-10-08_S3.md,"Closed S3 observation; scientific completion recorded separately; Reconstructed the consumer-level consequence of pair transport and its conditional extension to a fixed action catalogue. Distinguished a compiled uniform regret term from an unbound arbitrary term, and safe reuse from anticipatory learning or paid-policy quality."
P3-05,P3-05-R1,2026-10-08-S3,E,X,2026-10-08T20:25:32.913807+00:00,2026-10-08T20:25:56.878715+00:00,23.964908272,23.964908272,0.000000000,0.000000000,0.000000000,0,v3/work_logs/P3_05_2026-10-08_S3.md,"Closed S3 observation; scientific completion recorded separately; Analyze amortized prefix costs of the already declared resource families, retaining bootstrap expenses and stronger warm ADD comparison. This evaluates the finite reuse benefit, not a new experiment or unseen task population."
P3-05,P3-05-R1,2026-10-08-S3,D,R,2026-10-08T20:25:56.878715+00:00,2026-10-08T20:26:11.450439+00:00,14.571724165,14.571724165,0.000000000,0.000000000,0.000000000,0,v3/work_logs/P3_05_2026-10-08_S3.md,"Closed S3 observation; scientific completion recorded separately; Interpreted the observed prefix analysis and strengthened the comparison limit: old bootstrap and fresh portfolio search are distinct implementations, so the measured reuse saving is against that ablation, not optimal fresh proof generation. Warm ordinary memoization remains the stronger reference."
P3-05,P3-05-R1,2026-10-08-S3,O,,2026-10-08T20:26:11.450439+00:00,2026-10-08T20:28:30.353294+00:00,138.902854605,138.902854605,0.000000000,0.000000000,0.000000000,0,v3/work_logs/P3_05_2026-10-08_S3.md,"Closed S3 observation; scientific completion recorded separately; Scientific task scope is closed after the final proof/interface and resource-comparison audit. Begin administrative accounting, synchronization, preservation and guarded package delivery; no further scientific time is inferred from packaging."
P3-06,P3-06-R1,2026-10-09-S1,D,R,2026-10-09T02:20:27.607542+00:00,2026-10-09T02:23:13.824479+00:00,166.216937591,166.216937591,0.000000000,0.000000000,0.000000000,3000,v3/work_logs/P3_06_2026-10-09_S1.md,"Closed observed P3-06 interval; completion and contribution assessed separately; Reconstruct the preserved scalar potential, endpoint conditions and regret/calibration implications against the declared P3-06 duties."
P3-06,P3-06-R1,2026-10-09-S1,D,X,2026-10-09T02:23:13.824479+00:00,2026-10-09T02:31:32.634548+00:00,498.810070515,498.810070515,0.000000000,0.000000000,0.000000000,0,v3/work_logs/P3_06_2026-10-09_S1.md,Closed observed P3-06 interval; completion and contribution assessed separately; Derive finite-menu retrospective repricing guarantees and effective delay/stake normalization; keep broader paid-acquisition policy outside P3-06.
P3-06,P3-06-R1,2026-10-09-S1,E,R,2026-10-09T02:31:32.634548+00:00,2026-10-09T02:37:43.999331+00:00,371.364781555,371.364781555,0.000000000,0.000000000,0.000000000,1800,v3/work_logs/P3_06_2026-10-09_S1.md,"Closed observed P3-06 interval; completion and contribution assessed separately; Implement a versioned immutable scalar forecaster with optional smooth action features, transactional validation, scope-matched settlement and explicit root bounds."
P3-06,P3-06-R1,2026-10-09-S1,L,R,2026-10-09T02:37:43.999331+00:00,2026-10-09T02:40:57.343959+00:00,193.344628083,193.344628083,0.000000000,0.000000000,0.000000000,1200,v3/work_logs/P3_06_2026-10-09_S1.md,"Closed observed P3-06 interval; completion and contribution assessed separately; Independently verify primary K29*, decision-exposure and BRIA claims; distinguish inherited guarantees from the finite rational adaptation."
P3-06,P3-06-R1,2026-10-09-S1,D,X,2026-10-09T02:40:57.343959+00:00,2026-10-09T02:49:19.264584+00:00,501.920626060,501.920626060,0.000000000,0.000000000,0.000000000,0,v3/work_logs/P3_06_2026-10-09_S1.md,Closed observed P3-06 interval; completion and contribution assessed separately; Reconstruct the lost-branch issue as new evidence: calibrated randomized reports need not have a calibrated mean; derive output-transport bounds and coherence limits.
P3-06,P3-06-R1,2026-10-09-S1,unmeasured,,2026-10-09T02:49:19.264584+00:00,2026-10-09T02:53:37.207820+00:00,257.943235338,0.000000000,0.000000000,0.000000000,257.943235338,0,v3/work_logs/P3_06_2026-10-09_S1.md,Closed observed P3-06 interval; completion and contribution assessed separately; The last open E/X interval contains context compaction. Its internal boundary was not observed. Conservatively exclude the entire 257943235338 ns interval; work artifacts survive but earn no inferred historical time.
P3-06,P3-06-R1,2026-10-09-S1,recovery,,2026-10-09T02:53:37.207820+00:00,2026-10-09T02:53:53.616945+00:00,16.409123802,0.000000000,0.000000000,0.000000000,16.409123802,0,v3/work_logs/P3_06_2026-10-09_S1.md,Closed observed P3-06 interval; completion and contribution assessed separately; Resume boundary: exclude the unclosed interval containing context recovery from Research90; earlier closed observed research is preserved.
P3-06,P3-06-R1,2026-10-09-S1,D,R,2026-10-09T02:53:53.616945+00:00,2026-10-09T02:57:25.516728+00:00,211.899787196,211.899787196,0.000000000,0.000000000,0.000000000,0,v3/work_logs/P3_06_2026-10-09_S1.md,"Closed observed P3-06 interval; completion and contribution assessed separately; Review the stake-normalization and rational-state proofs, integrate qualified claims, and audit finite development bounds."
P3-06,P3-06-R1,2026-10-09-S1,E,R,2026-10-09T02:57:25.516728+00:00,2026-10-09T03:07:10.617052+00:00,585.100320055,585.100320055,0.000000000,0.000000000,0.000000000,0,v3/work_logs/P3_06_2026-10-09_S1.md,"Closed observed P3-06 interval; completion and contribution assessed separately; Implement a replay/rescore audit of the recorded mathematical-query tapes, preserving admission chronology and testing changed-price separation."
P3-06,P3-06-R1,2026-10-09-S1,L,X,2026-10-09T03:07:10.617052+00:00,2026-10-09T03:09:08.245812+00:00,117.628759796,117.628759796,0.000000000,0.000000000,0.000000000,0,v3/work_logs/P3_06_2026-10-09_S1.md,"Closed observed P3-06 interval; completion and contribution assessed separately; Examine whether an ordinary sum of nonnegative forecasting supermartingales gives a stronger simultaneous expert/calibration/action benchmark, and verify the exact source lemma."
P3-06,P3-06-R1,2026-10-09-S1,recovery,,2026-10-09T03:09:08.245812+00:00,2026-10-09T03:09:35.493538+00:00,27.247727042,0.000000000,0.000000000,0.000000000,27.247727042,0,v3/work_logs/P3_06_2026-10-09_S1.md,Closed observed P3-06 interval; completion and contribution assessed separately; Execution transport disconnected; conserve the last research segment pending an observed recovery boundary.
P3-06,P3-06-R1,2026-10-09-S1,E,X,2026-10-09T03:09:35.493538+00:00,2026-10-09T03:21:30.611687+00:00,715.118148301,715.118148301,0.000000000,0.000000000,0.000000000,0,v3/work_logs/P3_06_2026-10-09_S1.md,Closed observed P3-06 interval; completion and contribution assessed separately; Execution recovered in the same monotonic runtime; implement a finite exact-enclosure capital benchmark from the verified source lemma.
P3-06,P3-06-R1,2026-10-09-S1,D,R,2026-10-09T03:21:30.611687+00:00,2026-10-09T03:30:01.238427+00:00,510.626744164,510.626744164,0.000000000,0.000000000,0.000000000,0,v3/work_logs/P3_06_2026-10-09_S1.md,Closed observed P3-06 interval; completion and contribution assessed separately; Integrate the stronger capital benchmark and finite-bound results; derive the continuous-test extension and its resource/selector limits.
P3-06,P3-06-R1,2026-10-09-S1,unmeasured,,2026-10-09T03:30:01.238427+00:00,2026-10-09T03:34:39.842755+00:00,278.604324436,0.000000000,0.000000000,0.000000000,278.604324436,0,v3/work_logs/P3_06_2026-10-09_S1.md,Closed observed P3-06 interval; completion and contribution assessed separately; Preserve D/R only through the last observed check at 03:30:01.238427; exclude the following interval containing context compaction. No historical time inferred from conversation duration.
P3-06,P3-06-R1,2026-10-09-S1,unmeasured,,2026-10-09T03:34:39.842755+00:00,2026-10-09T03:34:58.320184+00:00,18.477429175,0.000000000,0.000000000,0.000000000,18.477429175,0,v3/work_logs/P3_06_2026-10-09_S1.md,Closed observed P3-06 interval; completion and contribution assessed separately; Resume boundary after context compaction; preserve only previously observed research interval via explicit disposition.
P3-06,P3-06-R1,2026-10-09-S1,D,R,2026-10-09T03:34:58.320184+00:00,2026-10-09T03:44:16.847000+00:00,558.526816984,558.526816984,0.000000000,0.000000000,0.000000000,0,v3/work_logs/P3_06_2026-10-09_S1.md,"Closed observed P3-06 interval; completion and contribution assessed separately; Integrate the independently checked replay, calibration, and ordinary-comparison results into the P3-06 derivation and readiness argument."
P3-06,P3-06-R1,2026-10-09-S1,L,X,2026-10-09T03:44:16.847000+00:00,2026-10-09T03:44:48.591015+00:00,31.744017188,31.744017188,0.000000000,0.000000000,0.000000000,0,v3/work_logs/P3_06_2026-10-09_S1.md,"Closed observed P3-06 interval; completion and contribution assessed separately; Recheck BRIA exact outpromise/test-set quantifiers for a stronger constant-regret nonimplication witness, including reward and estimate meanings."
P3-06,P3-06-R1,2026-10-09-S1,D,X,2026-10-09T03:44:48.591015+00:00,2026-10-09T03:47:22.620277+00:00,154.029258831,154.029258831,0.000000000,0.000000000,0.000000000,0,v3/work_logs/P3_06_2026-10-09_S1.md,"Closed observed P3-06 interval; completion and contribution assessed separately; Derive a bounded-capital BRIA nonimplication witness with summable dyadic errors and an always-kept, always-testable promise; distinguish criterion bounds from generated trajectories."
P3-06,P3-06-R1,2026-10-09-S1,E,X,2026-10-09T03:47:22.620277+00:00,2026-10-09T03:51:27.280342+00:00,244.660066493,244.660066493,0.000000000,0.000000000,0.000000000,0,v3/work_logs/P3_06_2026-10-09_S1.md,"Closed observed P3-06 interval; completion and contribution assessed separately; Implement a bounded exact-rational probe of the new BRIA constant-bound witness; verify dyadic sums, reward/test histories and the local capital-exponent identity."
P3-06,P3-06-R1,2026-10-09-S1,D,R,2026-10-09T03:51:27.280342+00:00,2026-10-09T03:54:34.569490+00:00,187.289146115,187.289146115,0.000000000,0.000000000,0.000000000,0,v3/work_logs/P3_06_2026-10-09_S1.md,"Closed observed P3-06 interval; completion and contribution assessed separately; Integrate independently reconstructed unit covariance and the strengthened BRIA boundary; assess remaining finite-domain, numerical and task-readiness limitations."
P3-06,P3-06-R1,2026-10-09-S1,L,R,2026-10-09T03:54:34.569490+00:00,2026-10-09T03:57:16.154207+00:00,161.584716294,161.584716294,0.000000000,0.000000000,0.000000000,0,v3/work_logs/P3_06_2026-10-09_S1.md,Closed observed P3-06 interval; completion and contribution assessed separately; Verify the finite-recall weak-calibration comparison in its primary source and distinguish fixed-accuracy memory claims from the growing-grid and FS bounds.
P3-06,P3-06-R1,2026-10-09-S1,D,R,2026-10-09T03:57:16.154207+00:00,2026-10-09T03:58:43.052086+00:00,86.897881001,86.897881001,0.000000000,0.000000000,0.000000000,0,v3/work_logs/P3_06_2026-10-09_S1.md,"Closed observed P3-06 interval; completion and contribution assessed separately; Finish the scientific readiness judgment: integrate final source and evidence qualifications, preserve reviewed snapshots, and assess the exact remaining floor without crediting publication work."
P3-06,P3-06-R1,2026-10-09-S1,unmeasured,,2026-10-09T03:58:43.052086+00:00,2026-10-09T04:02:25.305060+00:00,222.252971168,0.000000000,0.000000000,0.000000000,222.252971168,0,v3/work_logs/P3_06_2026-10-09_S1.md,Closed observed P3-06 interval; completion and contribution assessed separately; The open D/R interval contains context compaction without a later recorded check. Exclude the whole interval from the last observed boundary; no historical time inferred.
P3-06,P3-06-R1,2026-10-09-S1,unmeasured,,2026-10-09T04:02:25.305060+00:00,2026-10-09T04:02:40.984920+00:00,15.679860819,0.000000000,0.000000000,0.000000000,15.679860819,0,v3/work_logs/P3_06_2026-10-09_S1.md,Closed observed P3-06 interval; completion and contribution assessed separately; Context restoration boundary; conservatively exclude the entire open interval since the last recorded observation.
P3-06,P3-06-R1,2026-10-09-S1,D,R,2026-10-09T04:02:40.984920+00:00,2026-10-09T04:04:22.081047+00:00,101.096128177,101.096128177,0.000000000,0.000000000,0.000000000,0,v3/work_logs/P3_06_2026-10-09_S1.md,Closed observed P3-06 interval; completion and contribution assessed separately; Complete the final scientific readiness assessment by comparing contribution conditions and the final provenance audit against the task acceptance criteria.
P3-06,P3-06-R1,2026-10-09-S1,O,,2026-10-09T04:04:22.081047+00:00,2026-10-09T04:04:46.174032+00:00,24.092985467,24.092985467,0.000000000,0.000000000,0.000000000,900,v3/work_logs/P3_06_2026-10-09_S1.md,"Closed observed P3-06 interval; completion and contribution assessed separately; Scientific task assessment is complete. Begin boundary accounting, project synchronization, packaging and publication; none of this operational work earns Research90 credit."
P3-06,P3-06-R1,2026-10-09-S1,D,R,2026-10-09T04:04:46.174032+00:00,2026-10-09T04:05:00.971502+00:00,14.797468144,14.797468144,0.000000000,0.000000000,0.000000000,0,v3/work_logs/P3_06_2026-10-09_S1.md,Closed observed P3-06 interval; completion and contribution assessed separately; Resolve the final scientific effect of the missing historical whole-draft hash: inspect the surviving CF-7 theorem section against the current theorem and its stated scope.
P3-06,P3-06-R1,2026-10-09-S1,O,,2026-10-09T04:05:00.971502+00:00,2026-10-09T04:10:27.875576+00:00,326.904076144,326.904076144,0.000000000,0.000000000,0.000000000,0,v3/work_logs/P3_06_2026-10-09_S1.md,Closed observed P3-06 interval; completion and contribution assessed separately; Scientific assessment closed after checking the surviving pre-review CF-7 section against the separately reconstructed current coefficient-norm theorem. Boundary accounting and publication only from here.
P3-07,P3-07-1,2026-10-09-S1,D,R,2026-10-09T16:29:27.184545+00:00,2026-10-09T16:35:54.385043+00:00,387.200495349,387.200495349,0.000000000,0.000000000,0.000000000,3000,v3/work_logs/P3_07_2026-10-09_S1.md,Closed observed P3-07 interval; completion and contribution assessed separately; Specify finite paid-computation policies and uncertain profile certificates; reconstruct the assumptions needed for an implementable improvement guarantee.
P3-07,P3-07-1,2026-10-09-S1,D,X,2026-10-09T16:35:54.385043+00:00,2026-10-09T16:38:37.611504+00:00,163.226459929,163.226459929,0.000000000,0.000000000,0.000000000,0,v3/work_logs/P3_07_2026-10-09_S1.md,"Closed observed P3-07 interval; completion and contribution assessed separately; Derive price-uniform paired-feature certificates, cold-start acquisition limits, and decision-value separation under equal forecasting accuracy."
P3-07,P3-07-1,2026-10-09-S1,E,R,2026-10-09T16:38:37.611504+00:00,2026-10-09T16:48:30.204284+00:00,592.592782017,592.592782017,0.000000000,0.000000000,0.000000000,2100,v3/work_logs/P3_07_2026-10-09_S1.md,"Closed observed P3-07 interval; completion and contribution assessed separately; Implement the bounded paired-profile certificate and complete-policy selector, preserving exact resource and version contracts."
P3-07,P3-07-1,2026-10-09-S1,L,R,2026-10-09T16:48:30.204284+00:00,2026-10-09T16:52:12.936044+00:00,222.731760417,222.731760417,0.000000000,0.000000000,0.000000000,900,v3/work_logs/P3_07_2026-10-09_S1.md,"Closed observed P3-07 interval; completion and contribution assessed separately; Verify primary metareasoning, learned profile acquisition, concentration, and fresh-policy audit assumptions against the new certificate and procedure."
P3-07,P3-07-1,2026-10-09-S1,E,R,2026-10-09T16:52:12.936044+00:00,2026-10-09T16:52:14.480485+00:00,1.544441428,1.544441428,0.000000000,0.000000000,0.000000000,0,v3/work_logs/P3_07_2026-10-09_S1.md,Closed observed P3-07 interval; completion and contribution assessed separately; Run the prospectively specified paid-profile development attempt against frozen adapter v1.1; inspect actual failures and scope/cost evidence.
P3-07,P3-07-1,2026-10-09-S1,D,X,2026-10-09T16:52:14.480485+00:00,2026-10-09T16:53:52.996549+00:00,98.516062447,98.516062447,0.000000000,0.000000000,0.000000000,0,v3/work_logs/P3_07_2026-10-09_S1.md,"Closed observed P3-07 interval; completion and contribution assessed separately; While the independent batch computation runs, derive a multi-action paid-decision bridge from the inherited P3-06 potential and classify the profile-versus-analytic controller boundary."
P3-07,P3-07-1,2026-10-09-S1,E,R,2026-10-09T16:53:52.996549+00:00,2026-10-09T16:58:17.458484+00:00,264.461937078,264.461937078,0.000000000,0.000000000,0.000000000,0,v3/work_logs/P3_07_2026-10-09_S1.md,"Closed observed P3-07 interval; completion and contribution assessed separately; Inspect the first complete controller run, exact population costs, and fresh self-audit; identify implementation and accounting defects before any claim is integrated."
P3-07,P3-07-1,2026-10-09-S1,D,X,2026-10-09T16:58:17.458484+00:00,2026-10-09T17:04:00.491069+00:00,343.032585085,343.032585085,0.000000000,0.000000000,0.000000000,0,v3/work_logs/P3_07_2026-10-09_S1.md,"Closed observed P3-07 interval; completion and contribution assessed separately; Develop the four-action defensive-forecasting extension, bounded categorical sampling, and the feedback-acquisition obstruction for all-in paid reasoning."
P3-07,P3-07-1,2026-10-09-S1,unmeasured,,2026-10-09T17:04:00.491069+00:00,2026-10-09T17:10:59.834335+00:00,419.343264585,0.000000000,0.000000000,0.000000000,419.343264585,0,v3/work_logs/P3_07_2026-10-09_S1.md,Closed observed P3-07 interval; completion and contribution assessed separately; The interval contains automatic context compaction without an internal principal clock observation. Conservatively exclude the entire raw interval; the artifacts remain valid and no historical time is inferred.
P3-07,P3-07-1,2026-10-09-S1,recovery,,2026-10-09T17:10:59.834335+00:00,2026-10-09T17:11:15.932774+00:00,16.098437491,0.000000000,0.000000000,0.000000000,16.098437491,0,v3/work_logs/P3_07_2026-10-09_S1.md,Closed observed P3-07 interval; completion and contribution assessed separately; Context compaction recovery; open interval excluded by explicit disposition before resuming observed research.
P3-07,P3-07-1,2026-10-09-S1,E,R,2026-10-09T17:11:15.932774+00:00,2026-10-09T17:19:12.144307+00:00,476.211532876,476.211532876,0.000000000,0.000000000,0.000000000,0,v3/work_logs/P3_07_2026-10-09_S1.md,"Closed observed P3-07 interval; completion and contribution assessed separately; Repair the identified profile identity, procurement, scope and resource-budget defects; test the actual complete controller under small budgets."
P3-07,P3-07-1,2026-10-09-S1,D,X,2026-10-09T17:19:12.144307+00:00,2026-10-09T17:22:10.090744+00:00,177.946437314,177.946437314,0.000000000,0.000000000,0.000000000,0,v3/work_logs/P3_07_2026-10-09_S1.md,"Closed observed P3-07 interval; completion and contribution assessed separately; Derive a bounded audit of the entire profile-acquisition, selection and deployment procedure, including uncertain acquisition value and matched ordinary comparisons."
P3-07,P3-07-1,2026-10-09-S1,E,X,2026-10-09T17:22:10.090744+00:00,2026-10-09T17:27:38.438897+00:00,328.348152237,328.348152237,0.000000000,0.000000000,0.000000000,0,v3/work_logs/P3_07_2026-10-09_S1.md,"Closed observed P3-07 interval; completion and contribution assessed separately; Implement and independently test a whole profile-rebuilding audit, and repair the newly demonstrated multi-action transactional and random-bit budget failures."
P3-07,P3-07-1,2026-10-09-S1,unmeasured,,2026-10-09T17:27:38.438897+00:00,2026-10-09T17:49:14.392931+00:00,1295.954035834,0.000000000,0.000000000,0.000000000,1295.954035834,0,v3/work_logs/P3_07_2026-10-09_S1.md,"Closed observed P3-07 interval; completion and contribution assessed separately; A recovered raw check precedes an unobserved continuation gap. Artifacts and clocks survive, but principal active research during this interval is not established. Exclude the entire gap; do not infer elapsed research from source/output timestamps, conversation duration, or agent activity."
P3-07,P3-07-1,2026-10-09-S1,E,X,2026-10-09T17:49:14.392931+00:00,2026-10-09T17:50:17.078885+00:00,62.685953110,62.685953110,0.000000000,0.000000000,0.000000000,0,v3/work_logs/P3_07_2026-10-09_S1.md,"Closed observed P3-07 interval; completion and contribution assessed separately; Implement and independently test a whole profile-rebuilding audit, and repair the newly demonstrated multi-action transactional and random-bit budget failures."
P3-07,P3-07-1,2026-10-09-S1,recovery,,2026-10-09T17:50:17.078885+00:00,2026-10-09T17:51:09.757972+00:00,52.679087049,0.000000000,0.000000000,0.000000000,52.679087049,0,v3/work_logs/P3_07_2026-10-09_S1.md,Closed observed P3-07 interval; completion and contribution assessed separately; Reconcile an unobserved continuation gap and recovered source versions; exclude uncertain elapsed time without inferring principal research from artifacts.
P3-07,P3-07-1,2026-10-09-S1,D,X,2026-10-09T17:51:09.757972+00:00,2026-10-09T17:52:36.636839+00:00,86.878866376,86.878866376,0.000000000,0.000000000,0.000000000,0,v3/work_logs/P3_07_2026-10-09_S1.md,"Closed observed P3-07 interval; completion and contribution assessed separately; Integrate the complete acquisition policy theorem, exact identification-cost witness, and paid multi-action consequences with their independently checked finite scope."
P3-07,P3-07-1,2026-10-09-S1,L,R,2026-10-09T17:52:36.636839+00:00,2026-10-09T17:55:20.215645+00:00,163.578811638,163.578811638,0.000000000,0.000000000,0.000000000,0,v3/work_logs/P3_07_2026-10-09_S1.md,"Closed observed P3-07 interval; completion and contribution assessed separately; Verify primary metareasoning, performance-profile and held-out policy-improvement premises against the final bounded claims; distinguish inherited results from the new integration."
P3-07,P3-07-1,2026-10-09-S1,D,R,2026-10-09T17:55:20.215645+00:00,2026-10-09T18:01:56.860120+00:00,396.644471742,396.644471742,0.000000000,0.000000000,0.000000000,0,v3/work_logs/P3_07_2026-10-09_S1.md,"Closed observed P3-07 interval; completion and contribution assessed separately; Rewrite the principal theorem with correct sunk-cost and cohort conditioning, fixed-checkpoint confidence accounting, actual v3 decision transitions, and the whole-procedure audit distinction."
P3-07,P3-07-1,2026-10-09-S1,E,R,2026-10-09T18:01:56.860120+00:00,2026-10-09T18:04:21.581352+00:00,144.721234134,144.721234134,0.000000000,0.000000000,0.000000000,0,v3/work_logs/P3_07_2026-10-09_S1.md,"Closed observed P3-07 interval; completion and contribution assessed separately; Implement the source-specific analytic ordinary comparator: pay representative class rollouts and derive exact population features, then test against retained exhaustive evidence."
P3-07,P3-07-1,2026-10-09-S1,unmeasured,,2026-10-09T18:04:21.581352+00:00,2026-10-09T18:07:24.032378+00:00,182.451022831,0.000000000,0.000000000,0.000000000,182.451022831,0,v3/work_logs/P3_07_2026-10-09_S1.md,Closed observed P3-07 interval; completion and contribution assessed separately; Context compaction tail after the last directly observed principal clock check; historical time is not inferred from conversation duration or agent work.
P3-07,P3-07-1,2026-10-09-S1,recovery,,2026-10-09T18:07:24.032378+00:00,2026-10-09T18:07:42.347541+00:00,18.315161550,0.000000000,0.000000000,0.000000000,18.315161550,0,v3/work_logs/P3_07_2026-10-09_S1.md,Closed observed P3-07 interval; completion and contribution assessed separately; Context compaction recovery; disposition will exclude the unobserved tail after the last direct clock check.
P3-07,P3-07-1,2026-10-09-S1,D,R,2026-10-09T18:07:42.347541+00:00,2026-10-09T18:13:03.950800+00:00,321.603260715,321.603260715,0.000000000,0.000000000,0.000000000,0,v3/work_logs/P3_07_2026-10-09_S1.md,"Closed observed P3-07 interval; completion and contribution assessed separately; Review and integrate the exact analytic ordinary comparator, whole-procedure audit, and limitations of the paid multi-action extension."
P3-07,P3-07-1,2026-10-09-S1,L,R,2026-10-09T18:13:03.950800+00:00,2026-10-09T18:14:33.071709+00:00,89.120909625,89.120909625,0.000000000,0.000000000,0.000000000,0,v3/work_logs/P3_07_2026-10-09_S1.md,Closed observed P3-07 interval; completion and contribution assessed separately; Verify ordinary metareasoning and analytic performance-profile antecedents before the final contribution assessment and bounded acquisition follow-up.
P3-07,P3-07-1,2026-10-09-S1,D,X,2026-10-09T18:14:33.071709+00:00,2026-10-09T18:16:07.859752+00:00,94.788045430,94.788045430,0.000000000,0.000000000,0.000000000,0,v3/work_logs/P3_07_2026-10-09_S1.md,"Closed observed P3-07 interval; completion and contribution assessed separately; Analyze bounded adaptive acquisition in the existing two-law benefit witness, distinguishing fixed-size sign identification from prior-dependent expected value and charging the planning table."
P3-07,P3-07-1,2026-10-09-S1,E,X,2026-10-09T18:16:07.859752+00:00,2026-10-09T18:18:17.463166+00:00,129.603412992,129.603412992,0.000000000,0.000000000,0.000000000,0,v3/work_logs/P3_07_2026-10-09_S1.md,"Closed observed P3-07 interval; completion and contribution assessed separately; Implement and exactly enumerate the finite two-law acquisition planner, including its table construction and online-control tariff; preserve all earlier negative identification evidence."
P3-07,P3-07-1,2026-10-09-S1,D,R,2026-10-09T18:18:17.463166+00:00,2026-10-09T18:26:26.734392+00:00,489.271223288,489.271223288,0.000000000,0.000000000,0.000000000,0,v3/work_logs/P3_07_2026-10-09_S1.md,Closed observed P3-07 interval; completion and contribution assessed separately; Derive the global one-observation information envelope and optional-stopping obstruction; integrate exact bounded Bayesian acquisition results with explicit model and tariff scope.
P3-07,P3-07-1,2026-10-09-S1,E,R,2026-10-09T18:26:26.734392+00:00,2026-10-09T18:29:34.245997+00:00,187.511604619,187.511604619,0.000000000,0.000000000,0.000000000,0,v3/work_logs/P3_07_2026-10-09_S1.md,Closed observed P3-07 interval; completion and contribution assessed separately; Repair the newly identified acquisition-planner preflight funding boundary in a fresh source version; preserve v1 and verify only affected charge order and exact new bills.
P3-07,P3-07-1,2026-10-09-S1,D,R,2026-10-09T18:29:34.245997+00:00,2026-10-09T18:32:11.324087+00:00,157.078090876,157.078090876,0.000000000,0.000000000,0.000000000,0,v3/work_logs/P3_07_2026-10-09_S1.md,Closed observed P3-07 interval; completion and contribution assessed separately; Final mathematical synthesis of corrected acquisition accounting and the exact supported/non-supported duties; narrow independent revised-source checks are in progress.
P3-07,P3-07-1,2026-10-09-S1,O,,2026-10-09T18:32:11.324087+00:00,2026-10-09T18:32:45.536738+00:00,34.212653106,34.212653106,0.000000000,0.000000000,0.000000000,1200,v3/work_logs/P3_07_2026-10-09_S1.md,Closed observed P3-07 interval; completion and contribution assessed separately; Conservatively classify the tail after the last scientific check as administration: a rejected O/R lane-switch command and its correction to O/- did not record a valid boundary. No administrative close time is counted toward Research90.
P3-07,P3-07-1,2026-10-09-S1,O,,2026-10-09T18:32:45.536738+00:00,2026-10-09T18:33:07.200952+00:00,21.664214183,21.664214183,0.000000000,0.000000000,0.000000000,0,v3/work_logs/P3_07_2026-10-09_S1.md,Closed observed P3-07 interval; completion and contribution assessed separately; Clock close and publication preparation; correct administrative lane syntax after a rejected switch attempt.
P3-07,P3-07-1,2026-10-09-S1,D,R,2026-10-09T18:33:07.200952+00:00,2026-10-09T18:33:39.163663+00:00,31.962708002,31.962708002,0.000000000,0.000000000,0.000000000,0,v3/work_logs/P3_07_2026-10-09_S1.md,Closed observed P3-07 interval; completion and contribution assessed separately; Integrate the independently checked quantitative expected-observation loss margin and its setup/lookup consequence; final mathematical scope check after conservative administrative time exclusion.
P3-07,P3-07-1,2026-10-09-S1,unmeasured,,2026-10-09T18:33:39.163663+00:00,2026-10-09T18:37:24.637352+00:00,225.473692616,0.000000000,0.000000000,0.000000000,225.473692616,0,v3/work_logs/P3_07_2026-10-09_S1.md,Closed observed P3-07 interval; completion and contribution assessed separately; Unobserved O tail spans context compaction. Entire tail after last directly observed boundary is excluded conservatively; no research time is affected.
P3-07,P3-07-1,2026-10-09-S1,recovery,,2026-10-09T18:37:24.637352+00:00,2026-10-09T18:37:24.955643+00:00,0.318289673,0.000000000,0.000000000,0.000000000,0.318289673,0,v3/work_logs/P3_07_2026-10-09_S1.md,Closed observed P3-07 interval; completion and contribution assessed separately; Context recovery; exclude unobserved O tail after last known boundary.
P3-07,P3-07-1,2026-10-09-S1,O,,2026-10-09T18:37:24.955643+00:00,2026-10-09T18:40:44.271835+00:00,199.316191274,199.316191274,0.000000000,0.000000000,0.000000000,0,v3/work_logs/P3_07_2026-10-09_S1.md,"Closed observed P3-07 interval; completion and contribution assessed separately; Final accounting, source publication cleanup, formatting, status integration, guarded publication and delivery."
P3-B,P3-B-1,2026-10-09-S1,D,R,2026-10-09T19:39:28.411567+00:00,2026-10-09T19:44:53.788389+00:00,325.376820020,325.376820020,0.000000000,0.000000000,0.000000000,1500,v3/work_logs/P3_B_2026-10-09_S1.md,Closed observed P3-B interval; completion and contribution assessed separately; P3-B prospective scope established; inspect typed cross-task contracts and strongest load-bearing claims.
P3-B,P3-B-1,2026-10-09-S1,unmeasured,,2026-10-09T19:44:53.788389+00:00,2026-10-09T19:47:35.357026+00:00,161.568638710,0.000000000,0.000000000,0.000000000,161.568638710,0,v3/work_logs/P3_B_2026-10-09_S1.md,Closed observed P3-B interval; completion and contribution assessed separately; Open L interval contains context compaction with no later direct pre-gap clock boundary. Conservatively exclude the entire interval; do not infer historical active time from conversation duration.
P3-B,P3-B-1,2026-10-09-S1,recovery,,2026-10-09T19:47:35.357026+00:00,2026-10-09T19:47:45.681855+00:00,10.324827465,0.000000000,0.000000000,0.000000000,10.324827465,0,v3/work_logs/P3_B_2026-10-09_S1.md,Closed observed P3-B interval; completion and contribution assessed separately; Context recovery: quarantine the open interval across compaction pending exact clock disposition.
P3-B,P3-B-1,2026-10-09-S1,L,R,2026-10-09T19:47:45.681855+00:00,2026-10-09T19:48:43.482763+00:00,57.800909277,57.800909277,0.000000000,0.000000000,0.000000000,480,v3/work_logs/P3_B_2026-10-09_S1.md,Closed observed P3-B interval; completion and contribution assessed separately; Finish primary-source scope check for finite learning and metareasoning duties; no historical-time inference.
P3-B,P3-B-1,2026-10-09-S1,D,X,2026-10-09T19:48:43.482763+00:00,2026-10-09T19:52:18.756946+00:00,215.274181750,215.274181750,0.000000000,0.000000000,0.000000000,0,v3/work_logs/P3_B_2026-10-09_S1.md,Closed observed P3-B interval; completion and contribution assessed separately; Reconcile independent question-level recurrence advice and derive the accepted restricted P3-B contract; source scope check complete.
P3-B,P3-B-1,2026-10-09-S1,E,R,2026-10-09T19:52:18.756946+00:00,2026-10-09T19:54:32.815033+00:00,134.058086611,134.058086611,0.000000000,0.000000000,0.000000000,720,v3/work_logs/P3_B_2026-10-09_S1.md,Closed observed P3-B interval; completion and contribution assessed separately; Audit reviewed evidence and gate artifact correspondence; verify exact source preservation and accounting inputs without rerunning earlier experiments.
P3-B,P3-B-1,2026-10-09-S1,O,,2026-10-09T19:54:32.815033+00:00,2026-10-09T19:57:54.027846+00:00,201.212813920,201.212813920,0.000000000,0.000000000,0.000000000,900,v3/work_logs/P3_B_2026-10-09_S1.md,"Closed observed P3-B interval; completion and contribution assessed separately; Scientific P3-B assessment complete; finalize review bindings, exact accounting, current status and guarded publication."
R-P3-B-A,R-P3-B-A-1,2026-10-09-S1,unmeasured,,2026-10-09T21:16:28.344560+00:00,2026-10-09T21:21:13.840413+00:00,285.495853151,0.000000000,0.000000000,0.000000000,285.495853151,0,v3/work_logs/R_P3_B_A_2026-10-09_S1.md,Closed observed recurrence interval; scientific completion separately assessed; Conservative recovery disposition: the open first segment crossed context recovery without an intervening direct clock boundary. Preserve observations but credit no research from this interval; do not reconstruct active duration from conversation history.
R-P3-B-A,R-P3-B-A-1,2026-10-09-S1,recovery,,2026-10-09T21:21:13.840413+00:00,2026-10-09T21:21:33.519825+00:00,19.679411496,0.000000000,0.000000000,0.000000000,19.679411496,0,v3/work_logs/R_P3_B_A_2026-10-09_S1.md,Closed observed recurrence interval; scientific completion separately assessed; Context recovery: pause open segment before reconciling directly observed clock boundaries.
R-P3-B-A,R-P3-B-A-1,2026-10-09-S1,D,R,2026-10-09T21:21:33.519825+00:00,2026-10-09T21:23:39.232098+00:00,125.712272675,125.712272675,0.000000000,0.000000000,0.000000000,3000,v3/work_logs/R_P3_B_A_2026-10-09_S1.md,"Closed observed recurrence interval; scientific completion separately assessed; Reconstruct the exact-quota blocked product-weights guarantee, its comparator quantifiers, and finite randomized action implementation."
R-P3-B-A,R-P3-B-A-1,2026-10-09-S1,L,R,2026-10-09T21:23:39.232098+00:00,2026-10-09T21:24:26.984612+00:00,47.752514909,47.752514909,0.000000000,0.000000000,0.000000000,1200,v3/work_logs/R_P3_B_A_2026-10-09_S1.md,"Closed observed recurrence interval; scientific completion separately assessed; Verify primary label-efficient and bought-current-action sources, product-weights hypotheses and attribution; compare the fixed-block construction."
R-P3-B-A,R-P3-B-A-1,2026-10-09-S1,E,R,2026-10-09T21:24:26.984612+00:00,2026-10-09T21:26:13.019490+00:00,106.034880125,106.034880125,0.000000000,0.000000000,0.000000000,1200,v3/work_logs/R_P3_B_A_2026-10-09_S1.md,"Closed observed recurrence interval; scientific completion separately assessed; Mode-label correction between two direct observed boundaries: after the source-display checkpoint, principal work moved to the bounded integer-controller architecture, paid random-bit API, resource ledger and receipt-binding implementation design. Research elapsed time is unchanged; no subagent or unobserved duration is added."
R-P3-B-A,R-P3-B-A-1,2026-10-09-S1,E,R,2026-10-09T21:26:13.019490+00:00,2026-10-09T21:30:18.353222+00:00,245.333731261,245.333731261,0.000000000,0.000000000,0.000000000,0,v3/work_logs/R_P3_B_A_2026-10-09_S1.md,"Closed observed recurrence interval; scientific completion separately assessed; Implement the finite fixed-block learner, paid bit-tape interface, resource reservation and receipt-bound feedback state machine."
R-P3-B-A,R-P3-B-A-1,2026-10-09-S1,D,X,2026-10-09T21:30:18.353222+00:00,2026-10-09T21:33:30.778164+00:00,192.424943406,192.424943406,0.000000000,0.000000000,0.000000000,0,v3/work_logs/R_P3_B_A_2026-10-09_S1.md,Closed observed recurrence interval; scientific completion separately assessed; Derive a fixed-mass rounded product-weights extension to prevent exact integer growth from becoming an avoidable controller-cost obstruction.
R-P3-B-A,R-P3-B-A-1,2026-10-09-S1,E,X,2026-10-09T21:33:30.778164+00:00,2026-10-09T21:37:29.540750+00:00,238.762587020,238.762587020,0.000000000,0.000000000,0.000000000,0,v3/work_logs/R_P3_B_A_2026-10-09_S1.md,Closed observed recurrence interval; scientific completion separately assessed; Implement fixed-mass rounding with an explicit theorem allowance; reconcile the independently reviewed service API and metered failure paths.
R-P3-B-A,R-P3-B-A-1,2026-10-09-S1,D,R,2026-10-09T21:37:29.540750+00:00,2026-10-09T21:44:10.916370+00:00,401.375615444,401.375615444,0.000000000,0.000000000,0.000000000,0,v3/work_logs/R_P3_B_A_2026-10-09_S1.md,"Closed observed recurrence interval; scientific completion separately assessed; Write the full theorem and its valuation interface, reconstruct the independent proof, and delimit the corrected-decision and prospective-forecast comparators."
R-P3-B-A,R-P3-B-A-1,2026-10-09-S1,D,X,2026-10-09T21:44:10.916370+00:00,2026-10-09T21:51:32.571286+00:00,441.654918542,441.654918542,0.000000000,0.000000000,0.000000000,0,v3/work_logs/R_P3_B_A_2026-10-09_S1.md,"Closed observed recurrence interval; scientific completion separately assessed; Explore adaptive within-block allocation chosen before feedback, derive propensity-corrected paid-action regret, and test the bias from ignoring acquisition probabilities."
R-P3-B-A,R-P3-B-A-1,2026-10-09-S1,E,X,2026-10-09T21:51:32.571286+00:00,2026-10-09T21:53:16.213918+00:00,103.642633764,103.642633764,0.000000000,0.000000000,0.000000000,0,v3/work_logs/R_P3_B_A_2026-10-09_S1.md,"Closed observed recurrence interval; scientific completion separately assessed; Implement the propensity-corrected fixed-quota allocator as a separate source-bound extension, retaining stable uniform evidence and its source snapshots."
R-P3-B-A,R-P3-B-A-1,2026-10-09-S1,unmeasured,,2026-10-09T21:53:16.213918+00:00,2026-10-09T21:56:24.833934+00:00,188.620012701,0.000000000,0.000000000,0.000000000,188.620012701,0,v3/work_logs/R_P3_B_A_2026-10-09_S1.md,Closed observed recurrence interval; scientific completion separately assessed; Conservative context-recovery disposition from the last direct checkpoint to the direct recovery pause. Preserve the earlier observed E/X part of this segment; do not infer active work during context recovery.
R-P3-B-A,R-P3-B-A-1,2026-10-09-S1,recovery,,2026-10-09T21:56:24.833934+00:00,2026-10-09T21:56:35.690961+00:00,10.857027985,0.000000000,0.000000000,0.000000000,10.857027985,0,v3/work_logs/R_P3_B_A_2026-10-09_S1.md,Closed observed recurrence interval; scientific completion separately assessed; Context recovery after last directly observed checkpoint; isolate uncertain interval.
R-P3-B-A,R-P3-B-A-1,2026-10-09-S1,E,X,2026-10-09T21:56:35.690961+00:00,2026-10-09T21:58:46.367799+00:00,130.676837080,130.676837080,0.000000000,0.000000000,0.000000000,0,v3/work_logs/R_P3_B_A_2026-10-09_S1.md,Closed observed recurrence interval; scientific completion separately assessed; Finish propensity-corrected adaptive allocation implementation and verify finite resource and information contracts.
R-P3-B-A,R-P3-B-A-1,2026-10-09-S1,L,R,2026-10-09T21:58:46.367799+00:00,2026-10-09T22:01:26.360305+00:00,159.992503970,159.992503970,0.000000000,0.000000000,0.000000000,0,v3/work_logs/R_P3_B_A_2026-10-09_S1.md,Closed observed recurrence interval; scientific completion separately assessed; Verify primary-source interfaces and source attribution for adaptive selective feedback and ordinary best-action queries.
R-P3-B-A,R-P3-B-A-1,2026-10-09-S1,D,X,2026-10-09T22:01:26.360305+00:00,2026-10-09T22:03:57.623647+00:00,151.263346133,151.263346133,0.000000000,0.000000000,0.000000000,0,v3/work_logs/R_P3_B_A_2026-10-09_S1.md,"Closed observed recurrence interval; scientific completion separately assessed; Derive deployable label-free loss envelopes, finite precision choices, and the adaptive all-issued forecast boundary."
R-P3-B-A,R-P3-B-A-1,2026-10-09-S1,E,R,2026-10-09T22:03:57.623647+00:00,2026-10-09T22:07:07.369009+00:00,189.745430900,189.745430900,0.000000000,0.000000000,0.000000000,0,v3/work_logs/R_P3_B_A_2026-10-09_S1.md,Closed observed recurrence interval; scientific completion separately assessed; Audit saved resource vectors for arbitrary category-price sensitivity and verify exact precision parameter choices.
R-P3-B-A,R-P3-B-A-1,2026-10-09-S1,D,X,2026-10-09T22:07:07.369009+00:00,2026-10-09T22:15:21.845000+00:00,494.475919688,494.475919688,0.000000000,0.000000000,0.000000000,0,v3/work_logs/R_P3_B_A_2026-10-09_S1.md,Closed observed recurrence interval; scientific completion separately assessed; Derive fixed-precision error floors and interpret forecast versus randomized-decision value; inspect the strong no-information forecast benchmark.
R-P3-B-A,R-P3-B-A-1,2026-10-09-S1,E,R,2026-10-09T22:15:21.845000+00:00,2026-10-09T22:17:43.382314+00:00,141.537314678,141.537314678,0.000000000,0.000000000,0.000000000,0,v3/work_logs/R_P3_B_A_2026-10-09_S1.md,Closed observed recurrence interval; scientific completion separately assessed; Compute separate exact-rational refinements of existing uniform bounds without changing any run or invoice.
R-P3-B-A,R-P3-B-A-1,2026-10-09-S1,D,R,2026-10-09T22:17:43.382314+00:00,2026-10-09T22:21:34.483423+00:00,231.101200175,231.101200175,0.000000000,0.000000000,0.000000000,0,v3/work_logs/R_P3_B_A_2026-10-09_S1.md,Closed observed recurrence interval; scientific completion separately assessed; Integrate the observed comparisons and prove the exact-table cost obstruction with corrected setup and output scope.
R-P3-B-A,R-P3-B-A-1,2026-10-09-S1,O,,2026-10-09T22:21:34.483423+00:00,2026-10-09T22:25:29.971082+00:00,235.487570178,235.487570178,0.000000000,0.000000000,0.000000000,600,v3/work_logs/R_P3_B_A_2026-10-09_S1.md,Closed observed recurrence interval; scientific completion separately assessed; Check publication transport and evidence packaging; exclude transfer preparation from Research90.
R-P3-B-A,R-P3-B-A-1,2026-10-09-S1,D,R,2026-10-09T22:25:29.971082+00:00,2026-10-09T22:28:07.363741+00:00,157.392658125,157.392658125,0.000000000,0.000000000,0.000000000,0,v3/work_logs/R_P3_B_A_2026-10-09_S1.md,Closed observed recurrence interval; scientific completion separately assessed; Resume scientific contribution and full-contract review after verified archive repair; administrative time excluded.
R-P3-B-A,R-P3-B-A-1,2026-10-09-S1,unmeasured,,2026-10-09T22:28:07.363741+00:00,2026-10-09T22:30:53.185138+00:00,165.821397345,0.000000000,0.000000000,0.000000000,165.821397345,0,v3/work_logs/R_P3_B_A_2026-10-09_S1.md,Closed observed recurrence interval; scientific completion separately assessed; Conservative context-recovery disposition from last directly observed segment start to recovery pause; no reconstruction from conversation or agent duration.
R-P3-B-A,R-P3-B-A-1,2026-10-09-S1,recovery,,2026-10-09T22:30:53.185138+00:00,2026-10-09T22:31:06.394778+00:00,13.209639058,0.000000000,0.000000000,0.000000000,13.209639058,0,v3/work_logs/R_P3_B_A_2026-10-09_S1.md,Closed observed recurrence interval; scientific completion separately assessed; Pause after context recovery; conservatively exclude interval since last direct observation.
R-P3-B-A,R-P3-B-A-1,2026-10-09-S1,D,X,2026-10-09T22:31:06.394778+00:00,2026-10-09T22:31:50.034102+00:00,43.639323625,43.639323625,0.000000000,0.000000000,0.000000000,0,v3/work_logs/R_P3_B_A_2026-10-09_S1.md,Closed observed recurrence interval; scientific completion separately assessed; Derive purchased-label confidence certificates and inspect their finite implementation boundary.
R-P3-B-A,R-P3-B-A-1,2026-10-09-S1,L,R,2026-10-09T22:31:50.034102+00:00,2026-10-09T22:33:03.677830+00:00,73.643728605,73.643728605,0.000000000,0.000000000,0.000000000,0,v3/work_logs/R_P3_B_A_2026-10-09_S1.md,Closed observed recurrence interval; scientific completion separately assessed; Inspect original Hoeffding moment bound for the conditional concentration reconstruction.
R-P3-B-A,R-P3-B-A-1,2026-10-09-S1,D,X,2026-10-09T22:33:03.677830+00:00,2026-10-09T22:38:31.241291+00:00,327.563461787,327.563461787,0.000000000,0.000000000,0.000000000,0,v3/work_logs/R_P3_B_A_2026-10-09_S1.md,"Closed observed recurrence interval; scientific completion separately assessed; Reconstruct the conditional moment proof, exact integer confidence radii, accumulator bounds and deployment interpretation."
R-P3-B-A,R-P3-B-A-1,2026-10-09-S1,E,R,2026-10-09T22:38:31.241291+00:00,2026-10-09T22:40:48.549304+00:00,137.308010037,137.308010037,0.000000000,0.000000000,0.000000000,0,v3/work_logs/R_P3_B_A_2026-10-09_S1.md,Closed observed recurrence interval; scientific completion separately assessed; Inspect purchased-label calculator information access and independently reconstruct representative exact certificates from public evidence.
R-P3-B-A,R-P3-B-A-1,2026-10-09-S1,L,R,2026-10-09T22:40:48.549304+00:00,2026-10-09T22:42:56.261696+00:00,127.712391499,127.712391499,0.000000000,0.000000000,0.000000000,0,v3/work_logs/R_P3_B_A_2026-10-09_S1.md,Closed observed recurrence interval; scientific completion separately assessed; Compare the purchased-label reporting service with primary design-based sampling and confidence-sequence antecedents; separate sampling randomness from truth uncertainty.
R-P3-B-A,R-P3-B-A-1,2026-10-09-S1,D,R,2026-10-09T22:42:56.261696+00:00,2026-10-09T22:49:48.399416+00:00,412.137719501,412.137719501,0.000000000,0.000000000,0.000000000,0,v3/work_logs/R_P3_B_A_2026-10-09_S1.md,Closed observed recurrence interval; scientific completion separately assessed; Reconcile the paid-feedback and observable-performance results with the21 duties and broad contribution criterion.
R-P3-B-A,R-P3-B-A-1,2026-10-09-S1,E,R,2026-10-09T22:49:48.399416+00:00,2026-10-09T22:51:57.474863+00:00,129.075449151,129.075449151,0.000000000,0.000000000,0.000000000,0,v3/work_logs/R_P3_B_A_2026-10-09_S1.md,"Closed observed recurrence interval; scientific completion separately assessed; Independently reconstruct centered widths and two-sided usefulness diagnostics from public records, with no policy rerun."
R-P3-B-A,R-P3-B-A-1,2026-10-09-S1,unmeasured,,2026-10-09T22:51:57.474863+00:00,2026-10-09T22:55:06.391495+00:00,188.916630219,0.000000000,0.000000000,0.000000000,188.916630219,0,v3/work_logs/R_P3_B_A_2026-10-09_S1.md,Closed observed recurrence interval; scientific completion separately assessed; Conservative context-recovery disposition from the last directly observed research check to the recovery pause. Retain the earlier observed E/R part; no active duration is inferred during recovery.
R-P3-B-A,R-P3-B-A-1,2026-10-09-S1,recovery,,2026-10-09T22:55:06.391495+00:00,2026-10-09T22:55:31.702547+00:00,25.311052766,0.000000000,0.000000000,0.000000000,25.311052766,0,v3/work_logs/R_P3_B_A_2026-10-09_S1.md,Closed observed recurrence interval; scientific completion separately assessed; Context recovery; preserve last directly observed research point and exclude the unobserved interval.
R-P3-B-A,R-P3-B-A-1,2026-10-09-S1,D,R,2026-10-09T22:55:31.702547+00:00,2026-10-09T22:57:41.580300+00:00,129.877755479,129.877755479,0.000000000,0.000000000,0.000000000,0,v3/work_logs/R_P3_B_A_2026-10-09_S1.md,"Closed observed recurrence interval; scientific completion separately assessed; Scientific synthesis: recurrence checkpoint, selection-objective boundary and evidence-qualified interpretation."
R-P3-B-A,R-P3-B-A-1,2026-10-09-S1,E,R,2026-10-09T22:57:41.580300+00:00,2026-10-09T23:00:19.302422+00:00,157.722118729,157.722118729,0.000000000,0.000000000,0.000000000,0,v3/work_logs/R_P3_B_A_2026-10-09_S1.md,"Closed observed recurrence interval; scientific completion separately assessed; Final scientific evidence audit: bind reviewed source revisions, exact diagnostic claims and retained archive payloads; resolve concrete preservation and scope risks without rerunning policies."
R-P3-B-A,R-P3-B-A-1,2026-10-09-S1,D,R,2026-10-09T23:00:19.302422+00:00,2026-10-09T23:05:30.528708+00:00,311.226287723,311.226287723,0.000000000,0.000000000,0.000000000,0,v3/work_logs/R_P3_B_A_2026-10-09_S1.md,Closed observed recurrence interval; scientific completion separately assessed; Resolve the remaining hard-information composition question: block-entry frozen hard answers versus selection-dependent current-block overrides; derive the exact direct-reporting condition without implementing P3-08.
R-P3-B-A,R-P3-B-A-1,2026-10-09-S1,O,,2026-10-09T23:05:30.528708+00:00,2026-10-09T23:11:20.091138+00:00,349.562431774,349.562431774,0.000000000,0.000000000,0.000000000,0,v3/work_logs/R_P3_B_A_2026-10-09_S1.md,"Closed observed recurrence interval; scientific completion separately assessed; Research90 and scientific evidence satisfied. Finalize status, exact accounting, formatting, manifests and guarded publication; no further research credit for this work."
