evidence,source_file,source_sha256,row_type,layout_index,evaluation_seed,alignment,hypothesis,control,role,stratum,n,mae,mse,rmse,max_absolute_error,decision_agreement,adjusted_effect_rmse,expected_effect_rms,observed_effect_rms,unchanged_target_output_effect_rms,logit_mse,logit_rmse,decision_disagreement,base_prediction_mae,base_prediction_mse,base_prediction_decision_agreement,no_swap_mae,no_swap_mse,no_swap_decision_agreement,whole_layer_swap_mae,whole_layer_swap_mse,whole_layer_swap_decision_agreement,known_subset,uniform_probability_error_bound,uniform_bound_satisfied,searched_subset_matches_known_subset,searched_minus_oracle_mae
constructed calibration development; no ordinary-trained replicate claim,v2/work_logs/F15_ND01_v1_run1/evaluation_attempt_1/calibration_0_evaluation.json,93f185c0316f98473723bde71c227962540cc63bebf4cfb8552098dd6434ae5c,searched_alignment,0,1511691,identity/aligned,identity,aligned,0,mixed_near,8192,0.0014723632948533457,3.387697891973046e-06,0.001840569991055229,0.0056875159782980855,0.98095703125,0.0017742407294445487,0.16419469416375898,0.16420049194375994,,,,0.01904296875,0.0011950060059592333,2.261975464479823e-06,1.0,0.14835291929522915,0.026958088486520516,0.4801025390625,0.14795685778897671,0.02673149060313677,0.484130859375,,,,,
constructed calibration development; no ordinary-trained replicate claim,v2/work_logs/F15_ND01_v1_run1/evaluation_attempt_1/calibration_0_evaluation.json,93f185c0316f98473723bde71c227962540cc63bebf4cfb8552098dd6434ae5c,searched_alignment,0,1511691,identity/aligned,identity,aligned,0,mixed_far,8192,0.0011987505375267798,2.2754482841603286e-06,0.0015084589103321073,0.005099512641181969,1.0,0.0015831690919973216,0.16785140072066315,0.16785636979282967,,,,0.0,0.001191778254332927,2.2764771449594666e-06,0.9976806640625,0.14817140926151418,0.02816886329338427,0.7816162109375,0.1495748460993964,0.028893836668890126,0.7781982421875,,,,,
constructed calibration development; no ordinary-trained replicate claim,v2/work_logs/F15_ND01_v1_run1/evaluation_attempt_1/calibration_0_evaluation.json,93f185c0316f98473723bde71c227962540cc63bebf4cfb8552098dd6434ae5c,searched_alignment,0,1511691,identity/aligned,identity,aligned,0,preserve_other,8192,0.0013554632871119986,2.8773973400954516e-06,0.00169628928549804,0.005663755781531443,0.9969482421875,0.0017156492182695824,0.16919842919899114,0.1692325727003254,,,,0.0030517578125,0.0012380824152878277,2.4452582631190573e-06,0.9967041015625,0.1482426521715144,0.028627362186536283,0.5518798828125,0.0012276972727098398,2.3949359315658398e-06,0.9964599609375,,,,,
constructed calibration development; no ordinary-trained replicate claim,v2/work_logs/F15_ND01_v1_run1/evaluation_attempt_1/calibration_0_evaluation.json,93f185c0316f98473723bde71c227962540cc63bebf4cfb8552098dd6434ae5c,searched_alignment,0,1511691,identity/aligned,identity,aligned,0,equal_target,8192,0.001346482699035147,2.8401745552064097e-06,0.0016852817435688342,0.005711987306420141,0.99658203125,0.0017390504480961609,1.755738131270255e-17,0.0017390504480961609,0.0017390504480961609,,,0.00341796875,0.0012380080591213609,2.4338058738064727e-06,0.99560546875,0.001238008059121361,2.4338058738064727e-06,0.99560546875,0.1486942457934178,0.028833888665027587,0.554931640625,,,,,
constructed calibration development; no ordinary-trained replicate claim,v2/work_logs/F15_ND01_v1_run1/evaluation_attempt_1/calibration_0_evaluation.json,93f185c0316f98473723bde71c227962540cc63bebf4cfb8552098dd6434ae5c,searched_alignment,0,1511691,identity/aligned,identity,aligned,0,scale_separating,8192,0.0013545195974103861,2.87194368843348e-06,0.001694680999018246,0.005449519254275947,0.99658203125,0.0016519783390004635,0.1879420198170682,0.18797127942323705,,,,0.00341796875,0.0012263529899097108,2.4199948561513738e-06,0.9976806640625,0.16615782521761116,0.0353113632888994,0.5224609375,0.14201444071199273,0.028535649833974185,0.610595703125,,,,,
constructed calibration development; no ordinary-trained replicate claim,v2/work_logs/F15_ND01_v1_run1/evaluation_attempt_1/calibration_0_evaluation.json,93f185c0316f98473723bde71c227962540cc63bebf4cfb8552098dd6434ae5c,searched_alignment,0,1511691,identity/aligned,identity,aligned,1,mixed_near,8192,0.009114362739345029,0.0001634282356059596,0.012783905334676082,0.044780145885574885,0.8851318359375,0.012841860465288442,0.16428503116099086,0.15918452787756454,,,,0.1148681640625,0.0011832213793775835,2.2321931551767714e-06,1.0,0.1483645530918352,0.026984130107233842,0.485107421875,0.14783515282228643,0.026693314513337205,0.4720458984375,,,,,
constructed calibration development; no ordinary-trained replicate claim,v2/work_logs/F15_ND01_v1_run1/evaluation_attempt_1/calibration_0_evaluation.json,93f185c0316f98473723bde71c227962540cc63bebf4cfb8552098dd6434ae5c,searched_alignment,0,1511691,identity/aligned,identity,aligned,1,mixed_far,8192,0.007820770378559227,0.00012003547790795263,0.010956070367971932,0.03992025705210395,1.0,0.011026994378798421,0.17011435957077586,0.16634436226583982,,,,0.0,0.0011756244990384895,2.2302563263400547e-06,0.997314453125,0.1498420200993067,0.028941139882700168,0.7752685546875,0.15079909569609262,0.02935780195559811,0.776123046875,,,,,
constructed calibration development; no ordinary-trained replicate claim,v2/work_logs/F15_ND01_v1_run1/evaluation_attempt_1/calibration_0_evaluation.json,93f185c0316f98473723bde71c227962540cc63bebf4cfb8552098dd6434ae5c,searched_alignment,0,1511691,identity/aligned,identity,aligned,1,preserve_other,8192,0.011302548369550473,0.00020767666537180405,0.01441099113079333,0.04477232396693437,0.9678955078125,0.014463732409361194,0.16921279006821896,0.16303920148971468,,,,0.0321044921875,0.001255665864178512,2.4992464502012316e-06,0.9971923828125,0.14818871152517432,0.02862031389919257,0.551513671875,0.0012465094817121311,2.476724378714732e-06,0.99755859375,,,,,
constructed calibration development; no ordinary-trained replicate claim,v2/work_logs/F15_ND01_v1_run1/evaluation_attempt_1/calibration_0_evaluation.json,93f185c0316f98473723bde71c227962540cc63bebf4cfb8552098dd6434ae5c,searched_alignment,0,1511691,identity/aligned,identity,aligned,1,equal_target,8192,0.010771373367986802,0.00018386657931131594,0.013559741122577375,0.04157394389209301,0.970947265625,0.013612179856404786,1.7057501625839953e-17,0.013612179856404788,0.013612179856404788,,,0.029052734375,0.0012190057032952031,2.3894976383525223e-06,0.99609375,0.0012190057032952033,2.389497638352523e-06,0.99609375,0.14892653152571472,0.028791908008643462,0.5528564453125,,,,,
constructed calibration development; no ordinary-trained replicate claim,v2/work_logs/F15_ND01_v1_run1/evaluation_attempt_1/calibration_0_evaluation.json,93f185c0316f98473723bde71c227962540cc63bebf4cfb8552098dd6434ae5c,searched_alignment,0,1511691,identity/aligned,identity,aligned,1,scale_separating,8192,0.013113939546944939,0.0002630740157227022,0.016219556582185043,0.045821600921076955,0.9705810546875,0.016278214999263026,0.1877348188735786,0.18076242322954356,,,,0.0294189453125,0.0012135403512849416,2.348030611970286e-06,0.9976806640625,0.1657683026362114,0.03523611352819178,0.5284423828125,0.14373929697320892,0.029437128309656516,0.6053466796875,,,,,
constructed calibration development; no ordinary-trained replicate claim,v2/work_logs/F15_ND01_v1_run1/evaluation_attempt_1/calibration_0_evaluation.json,93f185c0316f98473723bde71c227962540cc63bebf4cfb8552098dd6434ae5c,searched_alignment,0,1511691,identity/permuted_concept,identity,permuted_concept,0,mixed_near,8192,0.01411145492923737,0.0003355763772503682,0.01831874387752523,0.06719881262216237,0.8270263671875,0.018318713386424643,0.16419469416375898,0.17820664013761975,,,,0.1729736328125,0.0011950060059592333,2.261975464479823e-06,1.0,0.14835291929522915,0.026958088486520516,0.4801025390625,0.14795685778897671,0.02673149060313677,0.484130859375,,,,,
constructed calibration development; no ordinary-trained replicate claim,v2/work_logs/F15_ND01_v1_run1/evaluation_attempt_1/calibration_0_evaluation.json,93f185c0316f98473723bde71c227962540cc63bebf4cfb8552098dd6434ae5c,searched_alignment,0,1511691,identity/permuted_concept,identity,permuted_concept,0,mixed_far,8192,0.011836295920535245,0.00024151491349754545,0.015540750094430624,0.05820506959760574,1.0,0.01554080288994805,0.16785140072066315,0.17872698594471248,,,,0.0,0.001191778254332927,2.2764771449594666e-06,0.9976806640625,0.14817140926151418,0.02816886329338427,0.7816162109375,0.1495748460993964,0.028893836668890126,0.7781982421875,,,,,
constructed calibration development; no ordinary-trained replicate claim,v2/work_logs/F15_ND01_v1_run1/evaluation_attempt_1/calibration_0_evaluation.json,93f185c0316f98473723bde71c227962540cc63bebf4cfb8552098dd6434ae5c,searched_alignment,0,1511691,identity/permuted_concept,identity,permuted_concept,0,preserve_other,8192,0.012924550439901178,0.0002838290970037571,0.01684722816975413,0.06262907343947521,0.9696044921875,0.016831162969953746,0.16919842919899114,0.1807539228702858,,,,0.0303955078125,0.0012380824152878277,2.4452582631190573e-06,0.9967041015625,0.1482426521715144,0.028627362186536283,0.5518798828125,0.0012276972727098398,2.3949359315658398e-06,0.9964599609375,,,,,
constructed calibration development; no ordinary-trained replicate claim,v2/work_logs/F15_ND01_v1_run1/evaluation_attempt_1/calibration_0_evaluation.json,93f185c0316f98473723bde71c227962540cc63bebf4cfb8552098dd6434ae5c,searched_alignment,0,1511691,identity/permuted_concept,identity,permuted_concept,0,equal_target,8192,0.009095458471106654,0.00015797858911640358,0.012568953381901119,0.04864001927550504,0.974365234375,0.012564550340784767,1.755738131270255e-17,0.012564550340784767,0.012564550340784767,,,0.025634765625,0.0012380080591213609,2.4338058738064727e-06,0.99560546875,0.001238008059121361,2.4338058738064727e-06,0.99560546875,0.1486942457934178,0.028833888665027587,0.554931640625,,,,,
constructed calibration development; no ordinary-trained replicate claim,v2/work_logs/F15_ND01_v1_run1/evaluation_attempt_1/calibration_0_evaluation.json,93f185c0316f98473723bde71c227962540cc63bebf4cfb8552098dd6434ae5c,searched_alignment,0,1511691,identity/permuted_concept,identity,permuted_concept,0,scale_separating,8192,0.01449321204607934,0.0003553729116728199,0.018851337132225393,0.06486221932820879,0.967041015625,0.01881146035811625,0.1879420198170682,0.20192467627665817,,,,0.032958984375,0.0012263529899097108,2.4199948561513738e-06,0.9976806640625,0.16615782521761116,0.0353113632888994,0.5224609375,0.14201444071199273,0.028535649833974185,0.610595703125,,,,,
constructed calibration development; no ordinary-trained replicate claim,v2/work_logs/F15_ND01_v1_run1/evaluation_attempt_1/calibration_0_evaluation.json,93f185c0316f98473723bde71c227962540cc63bebf4cfb8552098dd6434ae5c,searched_alignment,0,1511691,identity/permuted_concept,identity,permuted_concept,1,mixed_near,8192,0.08783142212251054,0.011187224540534953,0.10576967684802177,0.29411428342285073,0.5980224609375,0.10580851609682251,0.16428503116099086,0.2508000607489979,,,,0.4019775390625,0.0011832213793775835,2.2321931551767714e-06,1.0,0.1483645530918352,0.026984130107233842,0.485107421875,0.14783515282228643,0.026693314513337205,0.4720458984375,,,,,
constructed calibration development; no ordinary-trained replicate claim,v2/work_logs/F15_ND01_v1_run1/evaluation_attempt_1/calibration_0_evaluation.json,93f185c0316f98473723bde71c227962540cc63bebf4cfb8552098dd6434ae5c,searched_alignment,0,1511691,identity/permuted_concept,identity,permuted_concept,1,mixed_far,8192,0.0896519912046358,0.01048341671712771,0.10238855754979513,0.21918422661246223,0.9970703125,0.10241413376328318,0.17011435957077586,0.25855914161348376,,,,0.0029296875,0.0011756244990384895,2.2302563263400547e-06,0.997314453125,0.1498420200993067,0.028941139882700168,0.7752685546875,0.15079909569609262,0.02935780195559811,0.776123046875,,,,,
constructed calibration development; no ordinary-trained replicate claim,v2/work_logs/F15_ND01_v1_run1/evaluation_attempt_1/calibration_0_evaluation.json,93f185c0316f98473723bde71c227962540cc63bebf4cfb8552098dd6434ae5c,searched_alignment,0,1511691,identity/permuted_concept,identity,permuted_concept,1,preserve_other,8192,0.08425839615690292,0.010146578064766848,0.10073022418701771,0.2558998302566971,0.853759765625,0.10073683989620123,0.16921279006821896,0.25870067878151914,,,,0.146240234375,0.001255665864178512,2.4992464502012316e-06,0.9971923828125,0.14818871152517432,0.02862031389919257,0.551513671875,0.0012465094817121311,2.476724378714732e-06,0.99755859375,,,,,
constructed calibration development; no ordinary-trained replicate claim,v2/work_logs/F15_ND01_v1_run1/evaluation_attempt_1/calibration_0_evaluation.json,93f185c0316f98473723bde71c227962540cc63bebf4cfb8552098dd6434ae5c,searched_alignment,0,1511691,identity/permuted_concept,identity,permuted_concept,1,equal_target,8192,0.07858556057652405,0.008416394333094688,0.09174090872176212,0.23863542777527683,0.8548583984375,0.09176577223027675,1.7057501625839953e-17,0.09176577223027675,0.09176577223027675,,,0.1451416015625,0.0012190057032952031,2.3894976383525223e-06,0.99609375,0.0012190057032952033,2.389497638352523e-06,0.99609375,0.14892653152571472,0.028791908008643462,0.5528564453125,,,,,
constructed calibration development; no ordinary-trained replicate claim,v2/work_logs/F15_ND01_v1_run1/evaluation_attempt_1/calibration_0_evaluation.json,93f185c0316f98473723bde71c227962540cc63bebf4cfb8552098dd6434ae5c,searched_alignment,0,1511691,identity/permuted_concept,identity,permuted_concept,1,scale_separating,8192,0.10355103060353593,0.013842358487823425,0.11765355280578409,0.28139056946036733,0.8775634765625,0.11765521189631446,0.1877348188735786,0.2827948682477456,,,,0.1224365234375,0.0012135403512849416,2.348030611970286e-06,0.9976806640625,0.1657683026362114,0.03523611352819178,0.5284423828125,0.14373929697320892,0.029437128309656516,0.6053466796875,,,,,
constructed calibration development; no ordinary-trained replicate claim,v2/work_logs/F15_ND01_v1_run1/evaluation_attempt_1/calibration_0_evaluation.json,93f185c0316f98473723bde71c227962540cc63bebf4cfb8552098dd6434ae5c,searched_alignment,0,1511691,identity/random,identity,random,0,mixed_near,8192,0.05692236574804818,0.004505981786547354,0.06712661012256879,0.17112219212306312,0.6060791015625,0.06713093316808288,0.16419469416375898,0.22669179296643366,,,,0.3939208984375,0.0011950060059592333,2.261975464479823e-06,1.0,0.14835291929522915,0.026958088486520516,0.4801025390625,0.14795685778897671,0.02673149060313677,0.484130859375,,,,,
constructed calibration development; no ordinary-trained replicate claim,v2/work_logs/F15_ND01_v1_run1/evaluation_attempt_1/calibration_0_evaluation.json,93f185c0316f98473723bde71c227962540cc63bebf4cfb8552098dd6434ae5c,searched_alignment,0,1511691,identity/random,identity,random,0,mixed_far,8192,0.044322014574634326,0.00276887715724865,0.052620121220391065,0.17182681475243994,0.999755859375,0.052617023428725256,0.16785140072066315,0.21472160889988348,,,,0.000244140625,0.001191778254332927,2.2764771449594666e-06,0.9976806640625,0.14817140926151418,0.02816886329338427,0.7816162109375,0.1495748460993964,0.028893836668890126,0.7781982421875,,,,,
constructed calibration development; no ordinary-trained replicate claim,v2/work_logs/F15_ND01_v1_run1/evaluation_attempt_1/calibration_0_evaluation.json,93f185c0316f98473723bde71c227962540cc63bebf4cfb8552098dd6434ae5c,searched_alignment,0,1511691,identity/random,identity,random,0,preserve_other,8192,0.049004901444798896,0.0034392666538282787,0.05864526113701156,0.16339656531172175,0.8975830078125,0.05864352086752811,0.16919842919899114,0.22195352424956152,,,,0.1024169921875,0.0012380824152878277,2.4452582631190573e-06,0.9967041015625,0.1482426521715144,0.028627362186536283,0.5518798828125,0.0012276972727098398,2.3949359315658398e-06,0.9964599609375,,,,,
constructed calibration development; no ordinary-trained replicate claim,v2/work_logs/F15_ND01_v1_run1/evaluation_attempt_1/calibration_0_evaluation.json,93f185c0316f98473723bde71c227962540cc63bebf4cfb8552098dd6434ae5c,searched_alignment,0,1511691,identity/random,identity,random,0,equal_target,8192,0.02272267214307365,0.0008156353895839336,0.02855933104230443,0.09788293648335444,0.9373779296875,0.028595699115270826,1.755738131270255e-17,0.028595699115270826,0.028595699115270826,,,0.0626220703125,0.0012380080591213609,2.4338058738064727e-06,0.99560546875,0.001238008059121361,2.4338058738064727e-06,0.99560546875,0.1486942457934178,0.028833888665027587,0.554931640625,,,,,
constructed calibration development; no ordinary-trained replicate claim,v2/work_logs/F15_ND01_v1_run1/evaluation_attempt_1/calibration_0_evaluation.json,93f185c0316f98473723bde71c227962540cc63bebf4cfb8552098dd6434ae5c,searched_alignment,0,1511691,identity/random,identity,random,0,scale_separating,8192,0.05469790105288436,0.004269205570284136,0.06533915801633915,0.17260605848919697,0.8997802734375,0.06530444425043325,0.1879420198170682,0.24820696106485357,,,,0.1002197265625,0.0012263529899097108,2.4199948561513738e-06,0.9976806640625,0.16615782521761116,0.0353113632888994,0.5224609375,0.14201444071199273,0.028535649833974185,0.610595703125,,,,,
constructed calibration development; no ordinary-trained replicate claim,v2/work_logs/F15_ND01_v1_run1/evaluation_attempt_1/calibration_0_evaluation.json,93f185c0316f98473723bde71c227962540cc63bebf4cfb8552098dd6434ae5c,searched_alignment,0,1511691,identity/random,identity,random,1,mixed_near,8192,0.06657599030611953,0.006969468573492525,0.08348334309005914,0.292632941004199,0.631591796875,0.08346263388098589,0.16428503116099086,0.2156643078667128,,,,0.368408203125,0.0011832213793775835,2.2321931551767714e-06,1.0,0.1483645530918352,0.026984130107233842,0.485107421875,0.14783515282228643,0.026693314513337205,0.4720458984375,,,,,
constructed calibration development; no ordinary-trained replicate claim,v2/work_logs/F15_ND01_v1_run1/evaluation_attempt_1/calibration_0_evaluation.json,93f185c0316f98473723bde71c227962540cc63bebf4cfb8552098dd6434ae5c,searched_alignment,0,1511691,identity/random,identity,random,1,mixed_far,8192,0.07596571831959237,0.007645477075001163,0.0874384187585821,0.21618233386354302,0.9996337890625,0.08743519657725238,0.17011435957077586,0.240849696518204,,,,0.0003662109375,0.0011756244990384895,2.2302563263400547e-06,0.997314453125,0.1498420200993067,0.028941139882700168,0.7752685546875,0.15079909569609262,0.02935780195559811,0.776123046875,,,,,
constructed calibration development; no ordinary-trained replicate claim,v2/work_logs/F15_ND01_v1_run1/evaluation_attempt_1/calibration_0_evaluation.json,93f185c0316f98473723bde71c227962540cc63bebf4cfb8552098dd6434ae5c,searched_alignment,0,1511691,identity/random,identity,random,1,preserve_other,8192,0.08330558054344675,0.00936950900943875,0.09679622414866579,0.286685776591906,0.835693359375,0.09673038183332631,0.16921279006821896,0.25405418482070874,,,,0.164306640625,0.001255665864178512,2.4992464502012316e-06,0.9971923828125,0.14818871152517432,0.02862031389919257,0.551513671875,0.0012465094817121311,2.476724378714732e-06,0.99755859375,,,,,
constructed calibration development; no ordinary-trained replicate claim,v2/work_logs/F15_ND01_v1_run1/evaluation_attempt_1/calibration_0_evaluation.json,93f185c0316f98473723bde71c227962540cc63bebf4cfb8552098dd6434ae5c,searched_alignment,0,1511691,identity/random,identity,random,1,equal_target,8192,0.05871230260170857,0.0051030135908661164,0.0714353805258019,0.22939934872529938,0.8843994140625,0.07138980638427728,1.7057501625839953e-17,0.07138980638427728,0.07138980638427728,,,0.1156005859375,0.0012190057032952031,2.3894976383525223e-06,0.99609375,0.0012190057032952033,2.389497638352523e-06,0.99609375,0.14892653152571472,0.028791908008643462,0.5528564453125,,,,,
constructed calibration development; no ordinary-trained replicate claim,v2/work_logs/F15_ND01_v1_run1/evaluation_attempt_1/calibration_0_evaluation.json,93f185c0316f98473723bde71c227962540cc63bebf4cfb8552098dd6434ae5c,searched_alignment,0,1511691,identity/random,identity,random,1,scale_separating,8192,0.09245293484635445,0.011130347889546411,0.10550046393047953,0.30113353627245465,0.88134765625,0.10546047522599662,0.1877348188735786,0.2728811822062708,,,,0.11865234375,0.0012135403512849416,2.348030611970286e-06,0.9976806640625,0.1657683026362114,0.03523611352819178,0.5284423828125,0.14373929697320892,0.029437128309656516,0.6053466796875,,,,,
constructed calibration development; no ordinary-trained replicate claim,v2/work_logs/F15_ND01_v1_run1/evaluation_attempt_1/calibration_0_evaluation.json,93f185c0316f98473723bde71c227962540cc63bebf4cfb8552098dd6434ae5c,searched_alignment,0,1511691,identity/shuffled_donor,identity,shuffled_donor,0,mixed_near,8192,0.10672577946988861,0.01691439309629843,0.13005534628110615,0.36358728855124367,0.5240478515625,0.1300848705288121,0.16419469416375898,0.1393998869678816,,,,0.4759521484375,0.0011950060059592333,2.261975464479823e-06,1.0,0.14835291929522915,0.026958088486520516,0.4801025390625,0.14749169939484408,0.02757715249538241,0.4935302734375,,,,,
constructed calibration development; no ordinary-trained replicate claim,v2/work_logs/F15_ND01_v1_run1/evaluation_attempt_1/calibration_0_evaluation.json,93f185c0316f98473723bde71c227962540cc63bebf4cfb8552098dd6434ae5c,searched_alignment,0,1511691,identity/shuffled_donor,identity,shuffled_donor,0,mixed_far,8192,0.1381540222379541,0.029737904735034806,0.1724468171206265,0.4811516537304709,0.746826171875,0.17247290332408818,0.16785140072066315,0.15290716767409981,,,,0.253173828125,0.001191778254332927,2.2764771449594666e-06,0.9976806640625,0.14817140926151418,0.02816886329338427,0.7816162109375,0.2347902721061175,0.07660050732541884,0.4888916015625,,,,,
constructed calibration development; no ordinary-trained replicate claim,v2/work_logs/F15_ND01_v1_run1/evaluation_attempt_1/calibration_0_evaluation.json,93f185c0316f98473723bde71c227962540cc63bebf4cfb8552098dd6434ae5c,searched_alignment,0,1511691,identity/shuffled_donor,identity,shuffled_donor,0,preserve_other,8192,0.1235879413652894,0.023592354691507667,0.15359802958211302,0.49768012372881065,0.6151123046875,0.15359189872479942,0.16919842919899114,0.1514044651032388,,,,0.3848876953125,0.0012380824152878277,2.4452582631190573e-06,0.9967041015625,0.1482426521715144,0.028627362186536283,0.5518798828125,0.16228032858766234,0.040424988575458856,0.4901123046875,,,,,
constructed calibration development; no ordinary-trained replicate claim,v2/work_logs/F15_ND01_v1_run1/evaluation_attempt_1/calibration_0_evaluation.json,93f185c0316f98473723bde71c227962540cc63bebf4cfb8552098dd6434ae5c,searched_alignment,0,1511691,identity/shuffled_donor,identity,shuffled_donor,0,equal_target,8192,0.08700749604779123,0.011603278489380694,0.10771851507229709,0.36406088989594604,0.767578125,0.10772333435935556,1.755738131270255e-17,0.10772333435935556,0.10772333435935556,,,0.232421875,0.0012380080591213609,2.4338058738064727e-06,0.99560546875,0.001238008059121361,2.4338058738064727e-06,0.99560546875,0.16158377852629524,0.04027095288259498,0.5113525390625,,,,,
constructed calibration development; no ordinary-trained replicate claim,v2/work_logs/F15_ND01_v1_run1/evaluation_attempt_1/calibration_0_evaluation.json,93f185c0316f98473723bde71c227962540cc63bebf4cfb8552098dd6434ae5c,searched_alignment,0,1511691,identity/shuffled_donor,identity,shuffled_donor,0,scale_separating,8192,0.1281435252043185,0.02473202861030034,0.15726420002753436,0.4749045834769602,0.624755859375,0.1572712046642885,0.1879420198170682,0.15376061619927048,,,,0.375244140625,0.0012263529899097108,2.4199948561513738e-06,0.9976806640625,0.16615782521761116,0.0353113632888994,0.5224609375,0.1754091728182725,0.04645104520463317,0.498779296875,,,,,
constructed calibration development; no ordinary-trained replicate claim,v2/work_logs/F15_ND01_v1_run1/evaluation_attempt_1/calibration_0_evaluation.json,93f185c0316f98473723bde71c227962540cc63bebf4cfb8552098dd6434ae5c,searched_alignment,0,1511691,identity/shuffled_donor,identity,shuffled_donor,1,mixed_near,8192,0.10968845079655884,0.017821738569161055,0.1334980845149512,0.3695291901452638,0.536865234375,0.13352648574812773,0.16428503116099086,0.1316067596278981,,,,0.463134765625,0.0011832213793775835,2.2321931551767714e-06,1.0,0.1483645530918352,0.026984130107233842,0.485107421875,0.14747166383789903,0.027604836379895397,0.5072021484375,,,,,
constructed calibration development; no ordinary-trained replicate claim,v2/work_logs/F15_ND01_v1_run1/evaluation_attempt_1/calibration_0_evaluation.json,93f185c0316f98473723bde71c227962540cc63bebf4cfb8552098dd6434ae5c,searched_alignment,0,1511691,identity/shuffled_donor,identity,shuffled_donor,1,mixed_far,8192,0.13445928824169873,0.02829525104304073,0.16821192301094692,0.4646729788247479,0.7603759765625,0.16821502955268178,0.17011435957077586,0.14671462347051786,,,,0.2396240234375,0.0011756244990384895,2.2302563263400547e-06,0.997314453125,0.1498420200993067,0.028941139882700168,0.7752685546875,0.23112281742092053,0.07542357362313136,0.50439453125,,,,,
constructed calibration development; no ordinary-trained replicate claim,v2/work_logs/F15_ND01_v1_run1/evaluation_attempt_1/calibration_0_evaluation.json,93f185c0316f98473723bde71c227962540cc63bebf4cfb8552098dd6434ae5c,searched_alignment,0,1511691,identity/shuffled_donor,identity,shuffled_donor,1,preserve_other,8192,0.12227488359412714,0.023034276975917263,0.15177047465141982,0.4372323049120502,0.6119384765625,0.15182160902222533,0.16921279006821896,0.14205622912838378,,,,0.3880615234375,0.001255665864178512,2.4992464502012316e-06,0.9971923828125,0.14818871152517432,0.02862031389919257,0.551513671875,0.15794030747599241,0.03833203566329347,0.503173828125,,,,,
constructed calibration development; no ordinary-trained replicate claim,v2/work_logs/F15_ND01_v1_run1/evaluation_attempt_1/calibration_0_evaluation.json,93f185c0316f98473723bde71c227962540cc63bebf4cfb8552098dd6434ae5c,searched_alignment,0,1511691,identity/shuffled_donor,identity,shuffled_donor,1,equal_target,8192,0.08563877111847684,0.011212588675670722,0.10588951164147808,0.34444100510951914,0.7738037109375,0.1058773734488584,1.7057501625839953e-17,0.1058773734488584,0.1058773734488584,,,0.2261962890625,0.0012190057032952031,2.3894976383525223e-06,0.99609375,0.0012190057032952033,2.389497638352523e-06,0.99609375,0.1612247240284505,0.04003126468293125,0.513671875,,,,,
constructed calibration development; no ordinary-trained replicate claim,v2/work_logs/F15_ND01_v1_run1/evaluation_attempt_1/calibration_0_evaluation.json,93f185c0316f98473723bde71c227962540cc63bebf4cfb8552098dd6434ae5c,searched_alignment,0,1511691,identity/shuffled_donor,identity,shuffled_donor,1,scale_separating,8192,0.12772233786243667,0.024694743196099652,0.15714561144397146,0.4911796960233129,0.6365966796875,0.15717196476298556,0.1877348188735786,0.14394120248240666,,,,0.3634033203125,0.0012135403512849416,2.348030611970286e-06,0.9976806640625,0.1657683026362114,0.03523611352819178,0.5284423828125,0.17483262973850405,0.046001548260572234,0.500244140625,,,,,
constructed calibration development; no ordinary-trained replicate claim,v2/work_logs/F15_ND01_v1_run1/evaluation_attempt_1/calibration_0_evaluation.json,93f185c0316f98473723bde71c227962540cc63bebf4cfb8552098dd6434ae5c,searched_alignment,0,1511691,identity/untrained,identity,untrained,0,mixed_near,8192,0.07571573002362175,0.0090078723728575,0.09490981178391147,0.33888408904393535,0.5423583984375,0.1430648312303067,0.16419469416375898,0.09675797592005346,,,,0.4576416015625,0.12840494729899232,0.0253185358157064,0.686767578125,0.10125336918399777,0.014396350508952173,0.5150146484375,0.10465314631271963,0.015318246328891751,0.515625,,,,,
constructed calibration development; no ordinary-trained replicate claim,v2/work_logs/F15_ND01_v1_run1/evaluation_attempt_1/calibration_0_evaluation.json,93f185c0316f98473723bde71c227962540cc63bebf4cfb8552098dd6434ae5c,searched_alignment,0,1511691,identity/untrained,identity,untrained,0,mixed_far,8192,0.12238281736383713,0.02146278145481504,0.14650181382773061,0.4602845868583085,0.8453369140625,0.11849454127440263,0.16785140072066315,0.11669465386152449,,,,0.1546630859375,0.12666667875313564,0.024044671420189845,0.6795654296875,0.18695143065573824,0.04859842196205369,0.6219482421875,0.18116162303908534,0.04533938670878622,0.6534423828125,,,,,
constructed calibration development; no ordinary-trained replicate claim,v2/work_logs/F15_ND01_v1_run1/evaluation_attempt_1/calibration_0_evaluation.json,93f185c0316f98473723bde71c227962540cc63bebf4cfb8552098dd6434ae5c,searched_alignment,0,1511691,identity/untrained,identity,untrained,0,preserve_other,8192,0.09955570656644411,0.015136473037746935,0.12303037445178705,0.41251647864687546,0.68212890625,0.11254458576794886,0.16919842919899114,0.12735317324494233,,,,0.31787109375,0.11337966839025593,0.02012154194669657,0.680908203125,0.14929915776635533,0.033839055587370895,0.5146484375,0.11632029446206937,0.020829529718773557,0.671875,,,,,
constructed calibration development; no ordinary-trained replicate claim,v2/work_logs/F15_ND01_v1_run1/evaluation_attempt_1/calibration_0_evaluation.json,93f185c0316f98473723bde71c227962540cc63bebf4cfb8552098dd6434ae5c,searched_alignment,0,1511691,identity/untrained,identity,untrained,0,equal_target,8192,0.10359321800826862,0.016037207796872545,0.12663809773078774,0.38521475186571946,0.690673828125,0.08538792634866527,1.755738131270255e-17,0.08538792634866527,0.08538792634866527,,,0.309326171875,0.11905221143276232,0.021374472742844323,0.6593017578125,0.11905221143276232,0.021374472742844323,0.6593017578125,0.14652393269789876,0.03214056834541615,0.51708984375,,,,,
constructed calibration development; no ordinary-trained replicate claim,v2/work_logs/F15_ND01_v1_run1/evaluation_attempt_1/calibration_0_evaluation.json,93f185c0316f98473723bde71c227962540cc63bebf4cfb8552098dd6434ae5c,searched_alignment,0,1511691,identity/untrained,identity,untrained,0,scale_separating,8192,0.0880150296649791,0.012011211476448885,0.1095956727085923,0.4019539294038333,0.7515869140625,0.1226672814222079,0.1879420198170682,0.1315563218050012,,,,0.2484130859375,0.11701259120633786,0.020877290742705057,0.720947265625,0.14448228646558736,0.031149409751256296,0.5054931640625,0.13001637392936755,0.025956085208783286,0.5819091796875,,,,,
constructed calibration development; no ordinary-trained replicate claim,v2/work_logs/F15_ND01_v1_run1/evaluation_attempt_1/calibration_0_evaluation.json,93f185c0316f98473723bde71c227962540cc63bebf4cfb8552098dd6434ae5c,searched_alignment,0,1511691,identity/untrained,identity,untrained,1,mixed_near,8192,0.0772954853410382,0.009247737253142554,0.09616515612810367,0.297989154328544,0.5537109375,0.12955525734908285,0.16428503116099086,0.10577543197069991,,,,0.4462890625,0.12888218270441953,0.025544918368065564,0.6795654296875,0.1051026833617314,0.015412352996445059,0.5159912109375,0.1013287015574365,0.014321290081367094,0.50830078125,,,,,
constructed calibration development; no ordinary-trained replicate claim,v2/work_logs/F15_ND01_v1_run1/evaluation_attempt_1/calibration_0_evaluation.json,93f185c0316f98473723bde71c227962540cc63bebf4cfb8552098dd6434ae5c,searched_alignment,0,1511691,identity/untrained,identity,untrained,1,mixed_far,8192,0.10251577198589717,0.015865518550744976,0.12595840008012557,0.4084458638095429,0.8968505859375,0.10453442249417882,0.17011435957077586,0.13575674301344995,,,,0.1031494140625,0.1294661672753724,0.025161637992776237,0.685791015625,0.1819554490976972,0.04551005465332165,0.6463623046875,0.18714167978851937,0.048794690154176056,0.62109375,,,,,
constructed calibration development; no ordinary-trained replicate claim,v2/work_logs/F15_ND01_v1_run1/evaluation_attempt_1/calibration_0_evaluation.json,93f185c0316f98473723bde71c227962540cc63bebf4cfb8552098dd6434ae5c,searched_alignment,0,1511691,identity/untrained,identity,untrained,1,preserve_other,8192,0.09258950158160731,0.013196360727733657,0.11487541393933541,0.3894582175235928,0.71142578125,0.09637619666240796,0.16921279006821896,0.1296297027046729,,,,0.28857421875,0.11740721978297083,0.02097515214112801,0.6663818359375,0.14214988413295032,0.030716773092540686,0.523681640625,0.11530445419857194,0.02053760379846547,0.651123046875,,,,,
constructed calibration development; no ordinary-trained replicate claim,v2/work_logs/F15_ND01_v1_run1/evaluation_attempt_1/calibration_0_evaluation.json,93f185c0316f98473723bde71c227962540cc63bebf4cfb8552098dd6434ae5c,searched_alignment,0,1511691,identity/untrained,identity,untrained,1,equal_target,8192,0.09064243782998567,0.012743709965287533,0.11288804172846446,0.39773576638990465,0.7406005859375,0.08055385090490759,1.7057501625839953e-17,0.08055385090490759,0.08055385090490759,,,0.2593994140625,0.11278655138448902,0.01984002034209218,0.6748046875,0.11278655138448902,0.01984002034209218,0.6748046875,0.1487312569806533,0.03351978417511127,0.501953125,,,,,
constructed calibration development; no ordinary-trained replicate claim,v2/work_logs/F15_ND01_v1_run1/evaluation_attempt_1/calibration_0_evaluation.json,93f185c0316f98473723bde71c227962540cc63bebf4cfb8552098dd6434ae5c,searched_alignment,0,1511691,identity/untrained,identity,untrained,1,scale_separating,8192,0.08157952149457749,0.010362879754691235,0.1017982306068786,0.40458262269270673,0.7869873046875,0.11337859534935267,0.1877348188735786,0.13528783974439934,,,,0.2130126953125,0.11844006013885071,0.02154070703103792,0.710205078125,0.13931932200821806,0.02920848454008582,0.533203125,0.13732984836097425,0.028397849278422205,0.5450439453125,,,,,
constructed calibration development; no ordinary-trained replicate claim,v2/work_logs/F15_ND01_v1_run1/evaluation_attempt_1/calibration_0_evaluation.json,93f185c0316f98473723bde71c227962540cc63bebf4cfb8552098dd6434ae5c,searched_alignment,0,1511691,inv_eta/aligned,inv_eta,aligned,0,mixed_near,8192,0.0012931239823633087,2.637945767924969e-06,0.0016241754116858712,0.005665864340557936,0.993896484375,0.0014740271301156172,0.13075240101333332,0.13077059223510654,,,,0.006103515625,0.0011950060059592333,2.261975464479823e-06,1.0,0.10974876502459954,0.01709916903229245,0.72802734375,0.1932294980745328,0.049012170238353386,0.2640380859375,,,,,
constructed calibration development; no ordinary-trained replicate claim,v2/work_logs/F15_ND01_v1_run1/evaluation_attempt_1/calibration_0_evaluation.json,93f185c0316f98473723bde71c227962540cc63bebf4cfb8552098dd6434ae5c,searched_alignment,0,1511691,inv_eta/aligned,inv_eta,aligned,0,mixed_far,8192,0.0010703050396617697,1.8437823564849086e-06,0.0013578594759712467,0.00496174542046196,1.0,0.0013619895324405598,0.14676473336683674,0.14676973592564543,,,,0.0,0.001191778254332927,2.2764771449594666e-06,0.9976806640625,0.12439814795824025,0.02153737930626532,0.784423828125,0.17547692174037027,0.042182328179603754,0.772216796875,,,,,
constructed calibration development; no ordinary-trained replicate claim,v2/work_logs/F15_ND01_v1_run1/evaluation_attempt_1/calibration_0_evaluation.json,93f185c0316f98473723bde71c227962540cc63bebf4cfb8552098dd6434ae5c,searched_alignment,0,1511691,inv_eta/aligned,inv_eta,aligned,0,preserve_other,8192,0.0012469877949070323,2.4909805752426155e-06,0.0015782840603777938,0.005717891808859066,0.996826171875,0.001475450766306997,0.1353960325333435,0.1354364147483985,,,,0.003173828125,0.0012380824152878277,2.4452582631190573e-06,0.9967041015625,0.10918881881519149,0.018336755106397894,0.676513671875,0.07862642726095065,0.007427857041126993,0.77197265625,,,,,
constructed calibration development; no ordinary-trained replicate claim,v2/work_logs/F15_ND01_v1_run1/evaluation_attempt_1/calibration_0_evaluation.json,93f185c0316f98473723bde71c227962540cc63bebf4cfb8552098dd6434ae5c,searched_alignment,0,1511691,inv_eta/aligned,inv_eta,aligned,0,equal_target,8192,0.001158503418448659,2.1629696444578305e-06,0.0014707037922225639,0.0049705225818905685,0.9979248046875,0.0014903824020195077,0.07937288170106539,0.0794011626759195,,,,0.0020751953125,0.0012380080591213609,2.4338058738064727e-06,0.99560546875,0.07335191863237298,0.006315022831908632,0.8359375,0.19299088819593768,0.05015532056736724,0.492431640625,,,,,
constructed calibration development; no ordinary-trained replicate claim,v2/work_logs/F15_ND01_v1_run1/evaluation_attempt_1/calibration_0_evaluation.json,93f185c0316f98473723bde71c227962540cc63bebf4cfb8552098dd6434ae5c,searched_alignment,0,1511691,inv_eta/aligned,inv_eta,aligned,0,scale_separating,8192,0.0012291663046533137,2.4124185782791044e-06,0.0015531962459004026,0.0053340435518016704,0.9964599609375,0.0014048215377556784,0.14450195737323018,0.14457053180209625,,,,0.0035400390625,0.0012263529899097108,2.4199948561513738e-06,0.9976806640625,0.11882840551649748,0.020878729056392237,0.6976318359375,0.19763337737470826,0.056398172231307026,0.4713134765625,,,,,
constructed calibration development; no ordinary-trained replicate claim,v2/work_logs/F15_ND01_v1_run1/evaluation_attempt_1/calibration_0_evaluation.json,93f185c0316f98473723bde71c227962540cc63bebf4cfb8552098dd6434ae5c,searched_alignment,0,1511691,inv_eta/aligned,inv_eta,aligned,1,mixed_near,8192,0.03779032981622217,0.0019542088817055036,0.04420643484500309,0.1101699496747276,0.9503173828125,0.04416774515917046,0.22329845448946659,0.2636952323735524,,,,0.0496826171875,0.0011832213793775835,2.2321931551767714e-06,1.0,0.19453173137813576,0.0498444965111105,0.2618408203125,0.10963679085619152,0.017196958518049983,0.722900390625,,,,,
constructed calibration development; no ordinary-trained replicate claim,v2/work_logs/F15_ND01_v1_run1/evaluation_attempt_1/calibration_0_evaluation.json,93f185c0316f98473723bde71c227962540cc63bebf4cfb8552098dd6434ae5c,searched_alignment,0,1511691,inv_eta/aligned,inv_eta,aligned,1,mixed_far,8192,0.02893578510618392,0.0012202573245304888,0.03493218178886754,0.12107613601089806,0.962646484375,0.03491358658279741,0.20608520969731628,0.23444988952345738,,,,0.037353515625,0.0011756244990384895,2.2302563263400547e-06,0.997314453125,0.1761390559203701,0.04246756547936186,0.768310546875,0.1259143612588307,0.022149310367816682,0.7801513671875,,,,,
constructed calibration development; no ordinary-trained replicate claim,v2/work_logs/F15_ND01_v1_run1/evaluation_attempt_1/calibration_0_evaluation.json,93f185c0316f98473723bde71c227962540cc63bebf4cfb8552098dd6434ae5c,searched_alignment,0,1511691,inv_eta/aligned,inv_eta,aligned,1,preserve_other,8192,0.03787831774070456,0.0017412180786668817,0.04172790527532962,0.10074490493529376,0.943603515625,0.04167860663644977,0.22590621137209074,0.2628232115004375,,,,0.056396484375,0.001255665864178512,2.4992464502012316e-06,0.9971923828125,0.19512319470110856,0.05100696273134923,0.471435546875,0.07545542280310846,0.006724167653144869,0.820068359375,,,,,
constructed calibration development; no ordinary-trained replicate claim,v2/work_logs/F15_ND01_v1_run1/evaluation_attempt_1/calibration_0_evaluation.json,93f185c0316f98473723bde71c227962540cc63bebf4cfb8552098dd6434ae5c,searched_alignment,0,1511691,inv_eta/aligned,inv_eta,aligned,1,equal_target,8192,0.033218951293529086,0.001427923998937022,0.037787881641301646,0.10151599764651675,0.903564453125,0.03775134006973619,0.08603287385255241,0.12205493705983264,,,,0.096435546875,0.0012190057032952031,2.3894976383525223e-06,0.99609375,0.07831628971620037,0.007395360357421951,0.7733154296875,0.10855257734944027,0.018091801486801257,0.6787109375,,,,,
constructed calibration development; no ordinary-trained replicate claim,v2/work_logs/F15_ND01_v1_run1/evaluation_attempt_1/calibration_0_evaluation.json,93f185c0316f98473723bde71c227962540cc63bebf4cfb8552098dd6434ae5c,searched_alignment,0,1511691,inv_eta/aligned,inv_eta,aligned,1,scale_separating,8192,0.047471896994047705,0.002587853989867373,0.05087095428500799,0.12797639390107834,0.916015625,0.05084586829756327,0.2598867618449678,0.30519911598023614,,,,0.083984375,0.0012135403512849416,2.348030611970286e-06,0.9976806640625,0.2224534575669185,0.06752312474223626,0.4154052734375,0.11293952978300606,0.019072692978542277,0.7354736328125,,,,,
constructed calibration development; no ordinary-trained replicate claim,v2/work_logs/F15_ND01_v1_run1/evaluation_attempt_1/calibration_0_evaluation.json,93f185c0316f98473723bde71c227962540cc63bebf4cfb8552098dd6434ae5c,searched_alignment,0,1511691,inv_eta/permuted_concept,inv_eta,permuted_concept,0,mixed_near,8192,0.032666484121862335,0.001600196352229789,0.040002454327575813,0.11135341205159388,0.854736328125,0.040015504627822995,0.13075240101333332,0.16553494421307838,,,,0.145263671875,0.0011950060059592333,2.261975464479823e-06,1.0,0.10974876502459954,0.01709916903229245,0.72802734375,0.1932294980745328,0.049012170238353386,0.2640380859375,,,,,
constructed calibration development; no ordinary-trained replicate claim,v2/work_logs/F15_ND01_v1_run1/evaluation_attempt_1/calibration_0_evaluation.json,93f185c0316f98473723bde71c227962540cc63bebf4cfb8552098dd6434ae5c,searched_alignment,0,1511691,inv_eta/permuted_concept,inv_eta,permuted_concept,0,mixed_far,8192,0.034299621599794425,0.0016476732833277511,0.04059154201712163,0.10386194183469927,0.9947509765625,0.04058041136236206,0.14676473336683674,0.18268251783156514,,,,0.0052490234375,0.001191778254332927,2.2764771449594666e-06,0.9976806640625,0.12439814795824025,0.02153737930626532,0.784423828125,0.17547692174037027,0.042182328179603754,0.772216796875,,,,,
constructed calibration development; no ordinary-trained replicate claim,v2/work_logs/F15_ND01_v1_run1/evaluation_attempt_1/calibration_0_evaluation.json,93f185c0316f98473723bde71c227962540cc63bebf4cfb8552098dd6434ae5c,searched_alignment,0,1511691,inv_eta/permuted_concept,inv_eta,permuted_concept,0,preserve_other,8192,0.033410973300873295,0.0016817827046210433,0.04100954406746121,0.11377594243598221,0.9141845703125,0.04103695285858397,0.1353960325333435,0.1722705369741156,,,,0.0858154296875,0.0012380824152878277,2.4452582631190573e-06,0.9967041015625,0.10918881881519149,0.018336755106397894,0.676513671875,0.07862642726095065,0.007427857041126993,0.77197265625,,,,,
constructed calibration development; no ordinary-trained replicate claim,v2/work_logs/F15_ND01_v1_run1/evaluation_attempt_1/calibration_0_evaluation.json,93f185c0316f98473723bde71c227962540cc63bebf4cfb8552098dd6434ae5c,searched_alignment,0,1511691,inv_eta/permuted_concept,inv_eta,permuted_concept,0,equal_target,8192,0.026841773578266635,0.0010487475506099435,0.032384372011974284,0.08988739600373358,0.9661865234375,0.03244502509762316,0.07937288170106539,0.10671275569898406,,,,0.0338134765625,0.0012380080591213609,2.4338058738064727e-06,0.99560546875,0.07335191863237298,0.006315022831908632,0.8359375,0.19299088819593768,0.05015532056736724,0.492431640625,,,,,
constructed calibration development; no ordinary-trained replicate claim,v2/work_logs/F15_ND01_v1_run1/evaluation_attempt_1/calibration_0_evaluation.json,93f185c0316f98473723bde71c227962540cc63bebf4cfb8552098dd6434ae5c,searched_alignment,0,1511691,inv_eta/permuted_concept,inv_eta,permuted_concept,0,scale_separating,8192,0.03755953168758009,0.0019852078104700076,0.04455567091257866,0.11767666249947273,0.9140625,0.044539413932671,0.14450195737323018,0.18429266634821875,,,,0.0859375,0.0012263529899097108,2.4199948561513738e-06,0.9976806640625,0.11882840551649748,0.020878729056392237,0.6976318359375,0.19763337737470826,0.056398172231307026,0.4713134765625,,,,,
constructed calibration development; no ordinary-trained replicate claim,v2/work_logs/F15_ND01_v1_run1/evaluation_attempt_1/calibration_0_evaluation.json,93f185c0316f98473723bde71c227962540cc63bebf4cfb8552098dd6434ae5c,searched_alignment,0,1511691,inv_eta/permuted_concept,inv_eta,permuted_concept,1,mixed_near,8192,0.09219451214208264,0.010605401837005049,0.10298253170807682,0.2250735531483,0.8175048828125,0.10297599296323878,0.22329845448946659,0.3213316962383575,,,,0.1824951171875,0.0011832213793775835,2.2321931551767714e-06,1.0,0.19453173137813576,0.0498444965111105,0.2618408203125,0.10963679085619152,0.017196958518049983,0.722900390625,,,,,
constructed calibration development; no ordinary-trained replicate claim,v2/work_logs/F15_ND01_v1_run1/evaluation_attempt_1/calibration_0_evaluation.json,93f185c0316f98473723bde71c227962540cc63bebf4cfb8552098dd6434ae5c,searched_alignment,0,1511691,inv_eta/permuted_concept,inv_eta,permuted_concept,1,mixed_far,8192,0.07277081587061285,0.006494020571083902,0.08058548610689087,0.24168888919351134,0.9422607421875,0.0805987309591377,0.20608520969731628,0.28042298186665415,,,,0.0577392578125,0.0011756244990384895,2.2302563263400547e-06,0.997314453125,0.1761390559203701,0.04246756547936186,0.768310546875,0.1259143612588307,0.022149310367816682,0.7801513671875,,,,,
constructed calibration development; no ordinary-trained replicate claim,v2/work_logs/F15_ND01_v1_run1/evaluation_attempt_1/calibration_0_evaluation.json,93f185c0316f98473723bde71c227962540cc63bebf4cfb8552098dd6434ae5c,searched_alignment,0,1511691,inv_eta/permuted_concept,inv_eta,permuted_concept,1,preserve_other,8192,0.07677797324958231,0.007407193704583882,0.08606505507221779,0.21018869622963998,0.8997802734375,0.08603376725099712,0.22590621137209074,0.3058383342399886,,,,0.1002197265625,0.001255665864178512,2.4992464502012316e-06,0.9971923828125,0.19512319470110856,0.05100696273134923,0.471435546875,0.07545542280310846,0.006724167653144869,0.820068359375,,,,,
constructed calibration development; no ordinary-trained replicate claim,v2/work_logs/F15_ND01_v1_run1/evaluation_attempt_1/calibration_0_evaluation.json,93f185c0316f98473723bde71c227962540cc63bebf4cfb8552098dd6434ae5c,searched_alignment,0,1511691,inv_eta/permuted_concept,inv_eta,permuted_concept,1,equal_target,8192,0.02132802930903457,0.0006792156311463546,0.026061765695101217,0.08625036740222114,0.941162109375,0.026049985043179954,0.08603287385255241,0.0964070816749163,,,,0.058837890625,0.0012190057032952031,2.3894976383525223e-06,0.99609375,0.07831628971620037,0.007395360357421951,0.7733154296875,0.10855257734944027,0.018091801486801257,0.6787109375,,,,,
constructed calibration development; no ordinary-trained replicate claim,v2/work_logs/F15_ND01_v1_run1/evaluation_attempt_1/calibration_0_evaluation.json,93f185c0316f98473723bde71c227962540cc63bebf4cfb8552098dd6434ae5c,searched_alignment,0,1511691,inv_eta/permuted_concept,inv_eta,permuted_concept,1,scale_separating,8192,0.0855245198552093,0.009254946135374333,0.09620263060527157,0.24955163303420963,0.8905029296875,0.09618911057675314,0.2598867618449678,0.35008402033646746,,,,0.1094970703125,0.0012135403512849416,2.348030611970286e-06,0.9976806640625,0.2224534575669185,0.06752312474223626,0.4154052734375,0.11293952978300606,0.019072692978542277,0.7354736328125,,,,,
constructed calibration development; no ordinary-trained replicate claim,v2/work_logs/F15_ND01_v1_run1/evaluation_attempt_1/calibration_0_evaluation.json,93f185c0316f98473723bde71c227962540cc63bebf4cfb8552098dd6434ae5c,searched_alignment,0,1511691,inv_eta/random,inv_eta,random,0,mixed_near,8192,0.04648758355670147,0.003307305498072801,0.05750917751170504,0.1617973030336597,0.8656005859375,0.057527783110476925,0.13075240101333332,0.17458960464064033,,,,0.1343994140625,0.0011950060059592333,2.261975464479823e-06,1.0,0.10974876502459954,0.01709916903229245,0.72802734375,0.1932294980745328,0.049012170238353386,0.2640380859375,,,,,
constructed calibration development; no ordinary-trained replicate claim,v2/work_logs/F15_ND01_v1_run1/evaluation_attempt_1/calibration_0_evaluation.json,93f185c0316f98473723bde71c227962540cc63bebf4cfb8552098dd6434ae5c,searched_alignment,0,1511691,inv_eta/random,inv_eta,random,0,mixed_far,8192,0.045006121745268864,0.0027851590035596575,0.05277460566939044,0.1549344768123314,0.9810791015625,0.052763852411405125,0.14676473336683674,0.18883949299171518,,,,0.0189208984375,0.001191778254332927,2.2764771449594666e-06,0.9976806640625,0.12439814795824025,0.02153737930626532,0.784423828125,0.17547692174037027,0.042182328179603754,0.772216796875,,,,,
constructed calibration development; no ordinary-trained replicate claim,v2/work_logs/F15_ND01_v1_run1/evaluation_attempt_1/calibration_0_evaluation.json,93f185c0316f98473723bde71c227962540cc63bebf4cfb8552098dd6434ae5c,searched_alignment,0,1511691,inv_eta/random,inv_eta,random,0,preserve_other,8192,0.04533586981264917,0.0031367145088303057,0.056006379179789026,0.17375391619765668,0.9034423828125,0.05602941052486924,0.1353960325333435,0.17978389658152513,,,,0.0965576171875,0.0012380824152878277,2.4452582631190573e-06,0.9967041015625,0.10918881881519149,0.018336755106397894,0.676513671875,0.07862642726095065,0.007427857041126993,0.77197265625,,,,,
constructed calibration development; no ordinary-trained replicate claim,v2/work_logs/F15_ND01_v1_run1/evaluation_attempt_1/calibration_0_evaluation.json,93f185c0316f98473723bde71c227962540cc63bebf4cfb8552098dd6434ae5c,searched_alignment,0,1511691,inv_eta/random,inv_eta,random,0,equal_target,8192,0.05804254765292288,0.004253953229849391,0.06522233689350138,0.1697983694250182,0.924072265625,0.06527335178503166,0.07937288170106539,0.14154560087652365,,,,0.075927734375,0.0012380080591213609,2.4338058738064727e-06,0.99560546875,0.07335191863237298,0.006315022831908632,0.8359375,0.19299088819593768,0.05015532056736724,0.492431640625,,,,,
constructed calibration development; no ordinary-trained replicate claim,v2/work_logs/F15_ND01_v1_run1/evaluation_attempt_1/calibration_0_evaluation.json,93f185c0316f98473723bde71c227962540cc63bebf4cfb8552098dd6434ae5c,searched_alignment,0,1511691,inv_eta/random,inv_eta,random,0,scale_separating,8192,0.051093369220231825,0.0036891942300199877,0.06073873747469557,0.16769204244299335,0.921142578125,0.06074193428736899,0.14450195737323018,0.19062771721872318,,,,0.078857421875,0.0012263529899097108,2.4199948561513738e-06,0.9976806640625,0.11882840551649748,0.020878729056392237,0.6976318359375,0.19763337737470826,0.056398172231307026,0.4713134765625,,,,,
constructed calibration development; no ordinary-trained replicate claim,v2/work_logs/F15_ND01_v1_run1/evaluation_attempt_1/calibration_0_evaluation.json,93f185c0316f98473723bde71c227962540cc63bebf4cfb8552098dd6434ae5c,searched_alignment,0,1511691,inv_eta/random,inv_eta,random,1,mixed_near,8192,0.10035836328756806,0.012657673559309631,0.11250632675236372,0.24552404864136101,0.857177734375,0.11247442819202311,0.22329845448946659,0.3345100331335492,,,,0.142822265625,0.0011832213793775835,2.2321931551767714e-06,1.0,0.19453173137813576,0.0498444965111105,0.2618408203125,0.10963679085619152,0.017196958518049983,0.722900390625,,,,,
constructed calibration development; no ordinary-trained replicate claim,v2/work_logs/F15_ND01_v1_run1/evaluation_attempt_1/calibration_0_evaluation.json,93f185c0316f98473723bde71c227962540cc63bebf4cfb8552098dd6434ae5c,searched_alignment,0,1511691,inv_eta/random,inv_eta,random,1,mixed_far,8192,0.07580873691484341,0.007496681220726827,0.08658337727720505,0.2638884180913017,0.913330078125,0.08657376946609735,0.20608520969731628,0.2881709585123993,,,,0.086669921875,0.0011756244990384895,2.2302563263400547e-06,0.997314453125,0.1761390559203701,0.04246756547936186,0.768310546875,0.1259143612588307,0.022149310367816682,0.7801513671875,,,,,
constructed calibration development; no ordinary-trained replicate claim,v2/work_logs/F15_ND01_v1_run1/evaluation_attempt_1/calibration_0_evaluation.json,93f185c0316f98473723bde71c227962540cc63bebf4cfb8552098dd6434ae5c,searched_alignment,0,1511691,inv_eta/random,inv_eta,random,1,preserve_other,8192,0.0865325149474511,0.009544276506332806,0.09769481309840766,0.21658343487740608,0.91064453125,0.0976383011724948,0.22590621137209074,0.3207074262999449,,,,0.08935546875,0.001255665864178512,2.4992464502012316e-06,0.9971923828125,0.19512319470110856,0.05100696273134923,0.471435546875,0.07545542280310846,0.006724167653144869,0.820068359375,,,,,
constructed calibration development; no ordinary-trained replicate claim,v2/work_logs/F15_ND01_v1_run1/evaluation_attempt_1/calibration_0_evaluation.json,93f185c0316f98473723bde71c227962540cc63bebf4cfb8552098dd6434ae5c,searched_alignment,0,1511691,inv_eta/random,inv_eta,random,1,equal_target,8192,0.04666495706170846,0.0028078985456049758,0.05298960790197429,0.1566527435452988,0.873291015625,0.05293484498645831,0.08603287385255241,0.13701380810130662,,,,0.126708984375,0.0012190057032952031,2.3894976383525223e-06,0.99609375,0.07831628971620037,0.007395360357421951,0.7733154296875,0.10855257734944027,0.018091801486801257,0.6787109375,,,,,
constructed calibration development; no ordinary-trained replicate claim,v2/work_logs/F15_ND01_v1_run1/evaluation_attempt_1/calibration_0_evaluation.json,93f185c0316f98473723bde71c227962540cc63bebf4cfb8552098dd6434ae5c,searched_alignment,0,1511691,inv_eta/random,inv_eta,random,1,scale_separating,8192,0.10014105425247224,0.012899759440918625,0.11357710790876226,0.2629671273535269,0.8892822265625,0.11354504556766844,0.2598867618449678,0.3699356296439571,,,,0.1107177734375,0.0012135403512849416,2.348030611970286e-06,0.9976806640625,0.2224534575669185,0.06752312474223626,0.4154052734375,0.11293952978300606,0.019072692978542277,0.7354736328125,,,,,
constructed calibration development; no ordinary-trained replicate claim,v2/work_logs/F15_ND01_v1_run1/evaluation_attempt_1/calibration_0_evaluation.json,93f185c0316f98473723bde71c227962540cc63bebf4cfb8552098dd6434ae5c,searched_alignment,0,1511691,inv_eta/shuffled_donor,inv_eta,shuffled_donor,0,mixed_near,8192,0.09140658384836511,0.012843622348823124,0.11332970638285059,0.3236264661425509,0.73388671875,0.1133509291933939,0.13075240101333332,0.12237159266066751,,,,0.26611328125,0.0011950060059592333,2.261975464479823e-06,1.0,0.10974876502459954,0.01709916903229245,0.72802734375,0.155640646141996,0.03425524922364019,0.493896484375,,,,,
constructed calibration development; no ordinary-trained replicate claim,v2/work_logs/F15_ND01_v1_run1/evaluation_attempt_1/calibration_0_evaluation.json,93f185c0316f98473723bde71c227962540cc63bebf4cfb8552098dd6434ae5c,searched_alignment,0,1511691,inv_eta/shuffled_donor,inv_eta,shuffled_donor,0,mixed_far,8192,0.11036739086756002,0.019359834792501973,0.13913962337343727,0.33645804711309296,0.7998046875,0.1391634665381144,0.14676473336683674,0.13106423647271698,,,,0.2001953125,0.001191778254332927,2.2764771449594666e-06,0.9976806640625,0.12439814795824025,0.02153737930626532,0.784423828125,0.23586581394718797,0.07916689172319168,0.48974609375,,,,,
constructed calibration development; no ordinary-trained replicate claim,v2/work_logs/F15_ND01_v1_run1/evaluation_attempt_1/calibration_0_evaluation.json,93f185c0316f98473723bde71c227962540cc63bebf4cfb8552098dd6434ae5c,searched_alignment,0,1511691,inv_eta/shuffled_donor,inv_eta,shuffled_donor,0,preserve_other,8192,0.1025790939959749,0.016421001997937126,0.1281444575388929,0.3381271254497096,0.696533203125,0.1281437831440016,0.1353960325333435,0.12905997164724012,,,,0.303466796875,0.0012380824152878277,2.4452582631190573e-06,0.9967041015625,0.10918881881519149,0.018336755106397894,0.676513671875,0.15945390835199774,0.038901681255898185,0.50244140625,,,,,
constructed calibration development; no ordinary-trained replicate claim,v2/work_logs/F15_ND01_v1_run1/evaluation_attempt_1/calibration_0_evaluation.json,93f185c0316f98473723bde71c227962540cc63bebf4cfb8552098dd6434ae5c,searched_alignment,0,1511691,inv_eta/shuffled_donor,inv_eta,shuffled_donor,0,equal_target,8192,0.08890658963952483,0.01219192940800191,0.11041707027449112,0.3208649881811133,0.809814453125,0.11042522080653316,0.07937288170106539,0.11393419262945406,,,,0.190185546875,0.0012380080591213609,2.4338058738064727e-06,0.99560546875,0.07335191863237298,0.006315022831908632,0.8359375,0.18781006732742023,0.053216156649232293,0.5030517578125,,,,,
constructed calibration development; no ordinary-trained replicate claim,v2/work_logs/F15_ND01_v1_run1/evaluation_attempt_1/calibration_0_evaluation.json,93f185c0316f98473723bde71c227962540cc63bebf4cfb8552098dd6434ae5c,searched_alignment,0,1511691,inv_eta/shuffled_donor,inv_eta,shuffled_donor,0,scale_separating,8192,0.1039348318077884,0.01653450721600067,0.12858657478913058,0.33751493056481013,0.7391357421875,0.12861013877978367,0.14450195737323018,0.13105599641337867,,,,0.2608642578125,0.0012263529899097108,2.4199948561513738e-06,0.9976806640625,0.11882840551649748,0.020878729056392237,0.6976318359375,0.1858825025001476,0.05241531146894172,0.4947509765625,,,,,
constructed calibration development; no ordinary-trained replicate claim,v2/work_logs/F15_ND01_v1_run1/evaluation_attempt_1/calibration_0_evaluation.json,93f185c0316f98473723bde71c227962540cc63bebf4cfb8552098dd6434ae5c,searched_alignment,0,1511691,inv_eta/shuffled_donor,inv_eta,shuffled_donor,1,mixed_near,8192,0.14801112707698977,0.03256578374333581,0.1804599228176046,0.5444546731483113,0.36767578125,0.18051082095562673,0.22329845448946659,0.14192208522778055,,,,0.63232421875,0.0011832213793775835,2.2321931551767714e-06,1.0,0.19453173137813576,0.0498444965111105,0.2618408203125,0.1564055387472871,0.034549300787642,0.49658203125,,,,,
constructed calibration development; no ordinary-trained replicate claim,v2/work_logs/F15_ND01_v1_run1/evaluation_attempt_1/calibration_0_evaluation.json,93f185c0316f98473723bde71c227962540cc63bebf4cfb8552098dd6434ae5c,searched_alignment,0,1511691,inv_eta/shuffled_donor,inv_eta,shuffled_donor,1,mixed_far,8192,0.15989761710676295,0.03923570227991771,0.19808004008460245,0.5663188367127592,0.732666015625,0.19809244789125302,0.20608520969731628,0.1580617460411809,,,,0.267333984375,0.0011756244990384895,2.2302563263400547e-06,0.997314453125,0.1761390559203701,0.04246756547936186,0.768310546875,0.23257805836528903,0.07772462618960038,0.5047607421875,,,,,
constructed calibration development; no ordinary-trained replicate claim,v2/work_logs/F15_ND01_v1_run1/evaluation_attempt_1/calibration_0_evaluation.json,93f185c0316f98473723bde71c227962540cc63bebf4cfb8552098dd6434ae5c,searched_alignment,0,1511691,inv_eta/shuffled_donor,inv_eta,shuffled_donor,1,preserve_other,8192,0.156771028278968,0.036781514411815465,0.1917850734854396,0.5617587976363008,0.5771484375,0.1918534040764161,0.22590621137209074,0.1545325450793064,,,,0.4228515625,0.001255665864178512,2.4992464502012316e-06,0.9971923828125,0.19512319470110856,0.05100696273134923,0.471435546875,0.18228557337330076,0.05029034646156219,0.504638671875,,,,,
constructed calibration development; no ordinary-trained replicate claim,v2/work_logs/F15_ND01_v1_run1/evaluation_attempt_1/calibration_0_evaluation.json,93f185c0316f98473723bde71c227962540cc63bebf4cfb8552098dd6434ae5c,searched_alignment,0,1511691,inv_eta/shuffled_donor,inv_eta,shuffled_donor,1,equal_target,8192,0.11351429669828565,0.019305192038942612,0.13894312519496102,0.41367687050956026,0.67041015625,0.13895170719630484,0.08603287385255241,0.11012406921774553,,,,0.32958984375,0.0012190057032952031,2.3894976383525223e-06,0.99609375,0.07831628971620037,0.007395360357421951,0.7733154296875,0.15872098958290343,0.0384883914477568,0.5008544921875,,,,,
constructed calibration development; no ordinary-trained replicate claim,v2/work_logs/F15_ND01_v1_run1/evaluation_attempt_1/calibration_0_evaluation.json,93f185c0316f98473723bde71c227962540cc63bebf4cfb8552098dd6434ae5c,searched_alignment,0,1511691,inv_eta/shuffled_donor,inv_eta,shuffled_donor,1,scale_separating,8192,0.1762325435475575,0.04519743005562124,0.21259687216801013,0.5873416559600395,0.5401611328125,0.21263309537801448,0.2598867618449678,0.1571284546343225,,,,0.4598388671875,0.0012135403512849416,2.348030611970286e-06,0.9976806640625,0.2224534575669185,0.06752312474223626,0.4154052734375,0.1926808482376681,0.05633711002754896,0.500244140625,,,,,
constructed calibration development; no ordinary-trained replicate claim,v2/work_logs/F15_ND01_v1_run1/evaluation_attempt_1/calibration_0_evaluation.json,93f185c0316f98473723bde71c227962540cc63bebf4cfb8552098dd6434ae5c,searched_alignment,0,1511691,inv_eta/untrained,inv_eta,untrained,0,mixed_near,8192,0.06868826650036225,0.007223621197412801,0.08499188900955668,0.2891805825067505,0.72705078125,0.13275908858495405,0.13075240101333332,0.06771878048602295,,,,0.27294921875,0.12840494729899232,0.0253185358157064,0.686767578125,0.09094800142263429,0.012853897100463967,0.673828125,0.14820323060658658,0.030385060852702567,0.3336181640625,,,,,
constructed calibration development; no ordinary-trained replicate claim,v2/work_logs/F15_ND01_v1_run1/evaluation_attempt_1/calibration_0_evaluation.json,93f185c0316f98473723bde71c227962540cc63bebf4cfb8552098dd6434ae5c,searched_alignment,0,1511691,inv_eta/untrained,inv_eta,untrained,0,mixed_far,8192,0.1582794536762228,0.03177490285269083,0.1782551622048877,0.43700718881790235,0.684814453125,0.13755859433648143,0.14676473336683674,0.06907172957234672,,,,0.315185546875,0.12666667875313564,0.024044671420189845,0.6795654296875,0.18314050715813576,0.044690538163371304,0.627197265625,0.18824183076098197,0.05330400781892515,0.6474609375,,,,,
constructed calibration development; no ordinary-trained replicate claim,v2/work_logs/F15_ND01_v1_run1/evaluation_attempt_1/calibration_0_evaluation.json,93f185c0316f98473723bde71c227962540cc63bebf4cfb8552098dd6434ae5c,searched_alignment,0,1511691,inv_eta/untrained,inv_eta,untrained,0,preserve_other,8192,0.10425359934463431,0.016624745071961093,0.12893698100995343,0.4014297655130577,0.6654052734375,0.13174806215820348,0.1353960325333435,0.065874567568782,,,,0.3345947265625,0.11337966839025593,0.02012154194669657,0.680908203125,0.12239545414697711,0.023268810967566965,0.6336669921875,0.13619305939279747,0.02853900434241114,0.5589599609375,,,,,
constructed calibration development; no ordinary-trained replicate claim,v2/work_logs/F15_ND01_v1_run1/evaluation_attempt_1/calibration_0_evaluation.json,93f185c0316f98473723bde71c227962540cc63bebf4cfb8552098dd6434ae5c,searched_alignment,0,1511691,inv_eta/untrained,inv_eta,untrained,0,equal_target,8192,0.10894361703975505,0.01757302082982294,0.1325632710437659,0.39379994456223266,0.771484375,0.07639789900865242,0.07937288170106539,0.0707054139060498,,,,0.228515625,0.11905221143276232,0.021374472742844323,0.6593017578125,0.13890658438512604,0.02777492670597118,0.7015380859375,0.1933024934435388,0.052877852679551994,0.428955078125,,,,,
constructed calibration development; no ordinary-trained replicate claim,v2/work_logs/F15_ND01_v1_run1/evaluation_attempt_1/calibration_0_evaluation.json,93f185c0316f98473723bde71c227962540cc63bebf4cfb8552098dd6434ae5c,searched_alignment,0,1511691,inv_eta/untrained,inv_eta,untrained,0,scale_separating,8192,0.10195198050475404,0.01554577718123181,0.12468270602305602,0.3782067135725369,0.7181396484375,0.13717649622857764,0.14450195737323018,0.06536388303786685,,,,0.2818603515625,0.11701259120633786,0.020877290742705057,0.720947265625,0.1265027198109436,0.024277590617878667,0.657470703125,0.17662473091306374,0.04591100394163848,0.4248046875,,,,,
constructed calibration development; no ordinary-trained replicate claim,v2/work_logs/F15_ND01_v1_run1/evaluation_attempt_1/calibration_0_evaluation.json,93f185c0316f98473723bde71c227962540cc63bebf4cfb8552098dd6434ae5c,searched_alignment,0,1511691,inv_eta/untrained,inv_eta,untrained,1,mixed_near,8192,0.08913143918754195,0.011893012816993547,0.10905509074313563,0.35075616580437174,0.607421875,0.18969727179821652,0.22329845448946659,0.14335522882947607,,,,0.392578125,0.12888218270441953,0.025544918368065564,0.6795654296875,0.1502203704561301,0.030963864153779906,0.326171875,0.09056118281377593,0.01273790072404234,0.6739501953125,,,,,
constructed calibration development; no ordinary-trained replicate claim,v2/work_logs/F15_ND01_v1_run1/evaluation_attempt_1/calibration_0_evaluation.json,93f185c0316f98473723bde71c227962540cc63bebf4cfb8552098dd6434ae5c,searched_alignment,0,1511691,inv_eta/untrained,inv_eta,untrained,1,mixed_far,8192,0.13032695045764747,0.023934099328740674,0.15470649413887147,0.4210580072689282,0.8177490234375,0.1627026555359989,0.20608520969731628,0.14688238076340024,,,,0.1822509765625,0.1294661672753724,0.025161637992776237,0.685791015625,0.18862019043630945,0.05364022325567825,0.6396484375,0.18312991819582183,0.044841392202179337,0.6270751953125,,,,,
constructed calibration development; no ordinary-trained replicate claim,v2/work_logs/F15_ND01_v1_run1/evaluation_attempt_1/calibration_0_evaluation.json,93f185c0316f98473723bde71c227962540cc63bebf4cfb8552098dd6434ae5c,searched_alignment,0,1511691,inv_eta/untrained,inv_eta,untrained,1,preserve_other,8192,0.11255097243264449,0.01846375779726379,0.13588141078625798,0.40933738519920154,0.7474365234375,0.1617771301139245,0.22590621137209074,0.1579135650755349,,,,0.2525634765625,0.11740721978297083,0.02097515214112801,0.6663818359375,0.18758337343623538,0.05047550235958928,0.425537109375,0.13216435116999747,0.025396835201895562,0.6962890625,,,,,
constructed calibration development; no ordinary-trained replicate claim,v2/work_logs/F15_ND01_v1_run1/evaluation_attempt_1/calibration_0_evaluation.json,93f185c0316f98473723bde71c227962540cc63bebf4cfb8552098dd6434ae5c,searched_alignment,0,1511691,inv_eta/untrained,inv_eta,untrained,1,equal_target,8192,0.10101730852720478,0.015401145881602182,0.12410135326257397,0.3949245941147376,0.655029296875,0.11809951391518252,0.08603287385255241,0.12909195503424806,,,,0.344970703125,0.11278655138448902,0.01984002034209218,0.6748046875,0.13160172958867516,0.02702707201162877,0.5709228515625,0.12143726256550694,0.02317905254803047,0.6143798828125,,,,,
constructed calibration development; no ordinary-trained replicate claim,v2/work_logs/F15_ND01_v1_run1/evaluation_attempt_1/calibration_0_evaluation.json,93f185c0316f98473723bde71c227962540cc63bebf4cfb8552098dd6434ae5c,searched_alignment,0,1511691,inv_eta/untrained,inv_eta,untrained,1,scale_separating,8192,0.10720391609226124,0.016919515568739822,0.13007503822309577,0.3960630292197319,0.7396240234375,0.18162599590736941,0.2598867618449678,0.15898829929017916,,,,0.2603759765625,0.11844006013885071,0.02154070703103792,0.710205078125,0.1934149995948989,0.05313757532570129,0.39306640625,0.13286220729793813,0.026240515818780598,0.6707763671875,,,,,
constructed calibration development; no ordinary-trained replicate claim,v2/work_logs/F15_ND01_v1_run1/evaluation_attempt_1/calibration_0_evaluation.json,93f185c0316f98473723bde71c227962540cc63bebf4cfb8552098dd6434ae5c,searched_alignment,0,1511691,inv_one_minus_eta/aligned,inv_one_minus_eta,aligned,0,mixed_near,8192,0.02738508813568817,0.0010445571630263426,0.032319609574163216,0.08302855412147153,0.9512939453125,0.032307149262653025,0.22334533976557427,0.25323644284663155,,,,0.0487060546875,0.0011950060059592333,2.261975464479823e-06,1.0,0.19478587125844027,0.04987598702465905,0.2581787109375,0.11046098048405172,0.017362540948165785,0.71923828125,,,,,
constructed calibration development; no ordinary-trained replicate claim,v2/work_logs/F15_ND01_v1_run1/evaluation_attempt_1/calibration_0_evaluation.json,93f185c0316f98473723bde71c227962540cc63bebf4cfb8552098dd6434ae5c,searched_alignment,0,1511691,inv_one_minus_eta/aligned,inv_one_minus_eta,aligned,0,mixed_far,8192,0.020839797002066274,0.0006539183104342856,0.025571826497813675,0.10833307397356418,0.9779052734375,0.02556152046570798,0.20247061433235877,0.22334984133529043,,,,0.0220947265625,0.001191778254332927,2.2764771449594666e-06,0.9976806640625,0.17318398911866315,0.04098582320224389,0.7763671875,0.12489042514575599,0.02190126368766963,0.78125,,,,,
constructed calibration development; no ordinary-trained replicate claim,v2/work_logs/F15_ND01_v1_run1/evaluation_attempt_1/calibration_0_evaluation.json,93f185c0316f98473723bde71c227962540cc63bebf4cfb8552098dd6434ae5c,searched_alignment,0,1511691,inv_one_minus_eta/aligned,inv_one_minus_eta,aligned,0,preserve_other,8192,0.02591215186925787,0.0008763830626779087,0.029603767710849046,0.08645980129448505,0.9595947265625,0.02957801066850365,0.22407983421189429,0.2502984307278161,,,,0.0404052734375,0.0012380824152878277,2.4452582631190573e-06,0.9967041015625,0.19320244816989263,0.050204111302912156,0.472900390625,0.07458152149641639,0.006571621408217421,0.826416015625,,,,,
constructed calibration development; no ordinary-trained replicate claim,v2/work_logs/F15_ND01_v1_run1/evaluation_attempt_1/calibration_0_evaluation.json,93f185c0316f98473723bde71c227962540cc63bebf4cfb8552098dd6434ae5c,searched_alignment,0,1511691,inv_one_minus_eta/aligned,inv_one_minus_eta,aligned,0,equal_target,8192,0.020603160801261927,0.0006041432947461152,0.02457932657226628,0.0822244774682882,0.9456787109375,0.024512938007923778,0.08519091825792285,0.10779963292103979,,,,0.0543212890625,0.0012380080591213609,2.4338058738064727e-06,0.99560546875,0.07773721456168353,0.0072475178882718365,0.7803955078125,0.1095891070053016,0.018426122603449273,0.6717529296875,,,,,
constructed calibration development; no ordinary-trained replicate claim,v2/work_logs/F15_ND01_v1_run1/evaluation_attempt_1/calibration_0_evaluation.json,93f185c0316f98473723bde71c227962540cc63bebf4cfb8552098dd6434ae5c,searched_alignment,0,1511691,inv_one_minus_eta/aligned,inv_one_minus_eta,aligned,0,scale_separating,8192,0.03211742046624487,0.0012936465231315317,0.03596729796817564,0.10040161389610941,0.9482421875,0.03592164854889107,0.26001797544392635,0.2924672617365779,,,,0.0517578125,0.0012263529899097108,2.4199948561513738e-06,0.9976806640625,0.2232552576881373,0.06758722415917835,0.39892578125,0.11327290451153355,0.01897761824342359,0.73291015625,,,,,
constructed calibration development; no ordinary-trained replicate claim,v2/work_logs/F15_ND01_v1_run1/evaluation_attempt_1/calibration_0_evaluation.json,93f185c0316f98473723bde71c227962540cc63bebf4cfb8552098dd6434ae5c,searched_alignment,0,1511691,inv_one_minus_eta/aligned,inv_one_minus_eta,aligned,1,mixed_near,8192,0.0012972835557590692,2.6462014892800045e-06,0.0016267149379285864,0.005121692316954363,0.994384765625,0.0014830973409843443,0.13171329047361688,0.13170684028613516,,,,0.005615234375,0.0011832213793775835,2.2321931551767714e-06,1.0,0.11067723941830844,0.017355360716950846,0.7247314453125,0.19394644742273404,0.049330087781075206,0.261962890625,,,,,
constructed calibration development; no ordinary-trained replicate claim,v2/work_logs/F15_ND01_v1_run1/evaluation_attempt_1/calibration_0_evaluation.json,93f185c0316f98473723bde71c227962540cc63bebf4cfb8552098dd6434ae5c,searched_alignment,0,1511691,inv_one_minus_eta/aligned,inv_one_minus_eta,aligned,1,mixed_far,8192,0.0010803953094785648,1.884245043465473e-06,0.0013726780552866258,0.005531795217744884,0.9996337890625,0.001373293022255195,0.1476829055759309,0.14771663243308322,,,,0.0003662109375,0.0011756244990384895,2.2302563263400547e-06,0.997314453125,0.12476694973656144,0.0218192870678612,0.779052734375,0.1766506774814367,0.04279450602469116,0.7703857421875,,,,,
constructed calibration development; no ordinary-trained replicate claim,v2/work_logs/F15_ND01_v1_run1/evaluation_attempt_1/calibration_0_evaluation.json,93f185c0316f98473723bde71c227962540cc63bebf4cfb8552098dd6434ae5c,searched_alignment,0,1511691,inv_one_minus_eta/aligned,inv_one_minus_eta,aligned,1,preserve_other,8192,0.0012490671412922739,2.4742061638605537e-06,0.0015729609543343897,0.005551282857953921,0.9954833984375,0.0014608119154272585,0.13371062797658942,0.13373036752035097,,,,0.0045166015625,0.001255665864178512,2.4992464502012316e-06,0.9971923828125,0.10703538450209946,0.017879440589529755,0.6783447265625,0.07902281831800634,0.007517539679116295,0.7730712890625,,,,,
constructed calibration development; no ordinary-trained replicate claim,v2/work_logs/F15_ND01_v1_run1/evaluation_attempt_1/calibration_0_evaluation.json,93f185c0316f98473723bde71c227962540cc63bebf4cfb8552098dd6434ae5c,searched_alignment,0,1511691,inv_one_minus_eta/aligned,inv_one_minus_eta,aligned,1,equal_target,8192,0.0011446310767092116,2.123240315795654e-06,0.0014571342820054898,0.0052906029460343396,0.9981689453125,0.0014899721379788141,0.07990898419468263,0.07991546853426505,,,,0.0018310546875,0.0012190057032952031,2.3894976383525223e-06,0.99609375,0.0738280651625269,0.006395021287822952,0.839111328125,0.19468935120318498,0.05044421137190485,0.4942626953125,,,,,
constructed calibration development; no ordinary-trained replicate claim,v2/work_logs/F15_ND01_v1_run1/evaluation_attempt_1/calibration_0_evaluation.json,93f185c0316f98473723bde71c227962540cc63bebf4cfb8552098dd6434ae5c,searched_alignment,0,1511691,inv_one_minus_eta/aligned,inv_one_minus_eta,aligned,1,scale_separating,8192,0.0012441602780113884,2.467089741552643e-06,0.0015706972151094693,0.005809158141051596,0.9976806640625,0.001444994716820689,0.14475003876068074,0.14480588248554244,,,,0.0023193359375,0.0012135403512849416,2.348030611970286e-06,0.9976806640625,0.11892967966587448,0.020954983656220786,0.6956787109375,0.20142407782649763,0.05854726318361213,0.4718017578125,,,,,
constructed calibration development; no ordinary-trained replicate claim,v2/work_logs/F15_ND01_v1_run1/evaluation_attempt_1/calibration_0_evaluation.json,93f185c0316f98473723bde71c227962540cc63bebf4cfb8552098dd6434ae5c,searched_alignment,0,1511691,inv_one_minus_eta/permuted_concept,inv_one_minus_eta,permuted_concept,0,mixed_near,8192,0.026645904386698872,0.0010167451224276755,0.03188644104361093,0.10166672203142979,0.900390625,0.031896762897465174,0.22334533976557427,0.19952306056335317,,,,0.099609375,0.0011950060059592333,2.261975464479823e-06,1.0,0.19478587125844027,0.04987598702465905,0.2581787109375,0.11046098048405172,0.017362540948165785,0.71923828125,,,,,
constructed calibration development; no ordinary-trained replicate claim,v2/work_logs/F15_ND01_v1_run1/evaluation_attempt_1/calibration_0_evaluation.json,93f185c0316f98473723bde71c227962540cc63bebf4cfb8552098dd6434ae5c,searched_alignment,0,1511691,inv_one_minus_eta/permuted_concept,inv_one_minus_eta,permuted_concept,0,mixed_far,8192,0.02183405877199348,0.0007445857097445926,0.027287097862260704,0.11788368507354974,0.9947509765625,0.027286213224999013,0.20247061433235877,0.19188536044360976,,,,0.0052490234375,0.001191778254332927,2.2764771449594666e-06,0.9976806640625,0.17318398911866315,0.04098582320224389,0.7763671875,0.12489042514575599,0.02190126368766963,0.78125,,,,,
constructed calibration development; no ordinary-trained replicate claim,v2/work_logs/F15_ND01_v1_run1/evaluation_attempt_1/calibration_0_evaluation.json,93f185c0316f98473723bde71c227962540cc63bebf4cfb8552098dd6434ae5c,searched_alignment,0,1511691,inv_one_minus_eta/permuted_concept,inv_one_minus_eta,permuted_concept,0,preserve_other,8192,0.01766329875543862,0.0004439131477262585,0.02106924649165837,0.07434564112681874,0.9638671875,0.021127130036493687,0.22407983421189429,0.21013443163122536,,,,0.0361328125,0.0012380824152878277,2.4452582631190573e-06,0.9967041015625,0.19320244816989263,0.050204111302912156,0.472900390625,0.07458152149641639,0.006571621408217421,0.826416015625,,,,,
constructed calibration development; no ordinary-trained replicate claim,v2/work_logs/F15_ND01_v1_run1/evaluation_attempt_1/calibration_0_evaluation.json,93f185c0316f98473723bde71c227962540cc63bebf4cfb8552098dd6434ae5c,searched_alignment,0,1511691,inv_one_minus_eta/permuted_concept,inv_one_minus_eta,permuted_concept,0,equal_target,8192,0.0276818326244674,0.0010469882020119642,0.03235719706667999,0.1115174648566375,0.9222412109375,0.03241054941454484,0.08519091825792285,0.05882120301739958,,,,0.0777587890625,0.0012380080591213609,2.4338058738064727e-06,0.99560546875,0.07773721456168353,0.0072475178882718365,0.7803955078125,0.1095891070053016,0.018426122603449273,0.6717529296875,,,,,
constructed calibration development; no ordinary-trained replicate claim,v2/work_logs/F15_ND01_v1_run1/evaluation_attempt_1/calibration_0_evaluation.json,93f185c0316f98473723bde71c227962540cc63bebf4cfb8552098dd6434ae5c,searched_alignment,0,1511691,inv_one_minus_eta/permuted_concept,inv_one_minus_eta,permuted_concept,0,scale_separating,8192,0.030807505036636894,0.0013020953547389202,0.03608455839744918,0.1262206101445772,0.91455078125,0.03611574165279585,0.26001797544392635,0.2373236786497093,,,,0.08544921875,0.0012263529899097108,2.4199948561513738e-06,0.9976806640625,0.2232552576881373,0.06758722415917835,0.39892578125,0.11327290451153355,0.01897761824342359,0.73291015625,,,,,
constructed calibration development; no ordinary-trained replicate claim,v2/work_logs/F15_ND01_v1_run1/evaluation_attempt_1/calibration_0_evaluation.json,93f185c0316f98473723bde71c227962540cc63bebf4cfb8552098dd6434ae5c,searched_alignment,0,1511691,inv_one_minus_eta/permuted_concept,inv_one_minus_eta,permuted_concept,1,mixed_near,8192,0.07057257945103615,0.007264535608294772,0.08523224512058082,0.2529295470692791,0.5430908203125,0.08516684813524533,0.13171329047361688,0.17567105779189482,,,,0.4569091796875,0.0011832213793775835,2.2321931551767714e-06,1.0,0.11067723941830844,0.017355360716950846,0.7247314453125,0.19394644742273404,0.049330087781075206,0.261962890625,,,,,
constructed calibration development; no ordinary-trained replicate claim,v2/work_logs/F15_ND01_v1_run1/evaluation_attempt_1/calibration_0_evaluation.json,93f185c0316f98473723bde71c227962540cc63bebf4cfb8552098dd6434ae5c,searched_alignment,0,1511691,inv_one_minus_eta/permuted_concept,inv_one_minus_eta,permuted_concept,1,mixed_far,8192,0.05518553516159792,0.004694656163436914,0.06851756098575688,0.24473567954447534,0.9942626953125,0.0684782147543812,0.1476829055759309,0.17942827565189096,,,,0.0057373046875,0.0011756244990384895,2.2302563263400547e-06,0.997314453125,0.12476694973656144,0.0218192870678612,0.779052734375,0.1766506774814367,0.04279450602469116,0.7703857421875,,,,,
constructed calibration development; no ordinary-trained replicate claim,v2/work_logs/F15_ND01_v1_run1/evaluation_attempt_1/calibration_0_evaluation.json,93f185c0316f98473723bde71c227962540cc63bebf4cfb8552098dd6434ae5c,searched_alignment,0,1511691,inv_one_minus_eta/permuted_concept,inv_one_minus_eta,permuted_concept,1,preserve_other,8192,0.08023359414499057,0.0077667558434828905,0.0881291997211077,0.2584644100271219,0.775146484375,0.08805370963820663,0.13371062797658942,0.17776578926397946,,,,0.224853515625,0.001255665864178512,2.4992464502012316e-06,0.9971923828125,0.10703538450209946,0.017879440589529755,0.6783447265625,0.07902281831800634,0.007517539679116295,0.7730712890625,,,,,
constructed calibration development; no ordinary-trained replicate claim,v2/work_logs/F15_ND01_v1_run1/evaluation_attempt_1/calibration_0_evaluation.json,93f185c0316f98473723bde71c227962540cc63bebf4cfb8552098dd6434ae5c,searched_alignment,0,1511691,inv_one_minus_eta/permuted_concept,inv_one_minus_eta,permuted_concept,1,equal_target,8192,0.06728495948198486,0.005429038082393874,0.07368200650358182,0.2216581968549144,0.8568115234375,0.07363643389947178,0.07990898419468263,0.016112885719052245,,,,0.1431884765625,0.0012190057032952031,2.3894976383525223e-06,0.99609375,0.0738280651625269,0.006395021287822952,0.839111328125,0.19468935120318498,0.05044421137190485,0.4942626953125,,,,,
constructed calibration development; no ordinary-trained replicate claim,v2/work_logs/F15_ND01_v1_run1/evaluation_attempt_1/calibration_0_evaluation.json,93f185c0316f98473723bde71c227962540cc63bebf4cfb8552098dd6434ae5c,searched_alignment,0,1511691,inv_one_minus_eta/permuted_concept,inv_one_minus_eta,permuted_concept,1,scale_separating,8192,0.09875287060169269,0.011144857390883913,0.10556920664134932,0.25551018064954645,0.750732421875,0.10552336979769146,0.14475003876068074,0.19806432449215083,,,,0.249267578125,0.0012135403512849416,2.348030611970286e-06,0.9976806640625,0.11892967966587448,0.020954983656220786,0.6956787109375,0.20142407782649763,0.05854726318361213,0.4718017578125,,,,,
constructed calibration development; no ordinary-trained replicate claim,v2/work_logs/F15_ND01_v1_run1/evaluation_attempt_1/calibration_0_evaluation.json,93f185c0316f98473723bde71c227962540cc63bebf4cfb8552098dd6434ae5c,searched_alignment,0,1511691,inv_one_minus_eta/random,inv_one_minus_eta,random,0,mixed_near,8192,0.05839872109089996,0.005157227920580369,0.07181384212378815,0.2275135087579157,0.7562255859375,0.07183762998343428,0.22334533976557427,0.2565063683969841,,,,0.2437744140625,0.0011950060059592333,2.261975464479823e-06,1.0,0.19478587125844027,0.04987598702465905,0.2581787109375,0.11046098048405172,0.017362540948165785,0.71923828125,,,,,
constructed calibration development; no ordinary-trained replicate claim,v2/work_logs/F15_ND01_v1_run1/evaluation_attempt_1/calibration_0_evaluation.json,93f185c0316f98473723bde71c227962540cc63bebf4cfb8552098dd6434ae5c,searched_alignment,0,1511691,inv_one_minus_eta/random,inv_one_minus_eta,random,0,mixed_far,8192,0.05984088162521832,0.005268891502115706,0.07258713041659455,0.23924241054676898,0.99365234375,0.0725873324411752,0.20247061433235877,0.24081117725767687,,,,0.00634765625,0.001191778254332927,2.2764771449594666e-06,0.9976806640625,0.17318398911866315,0.04098582320224389,0.7763671875,0.12489042514575599,0.02190126368766963,0.78125,,,,,
constructed calibration development; no ordinary-trained replicate claim,v2/work_logs/F15_ND01_v1_run1/evaluation_attempt_1/calibration_0_evaluation.json,93f185c0316f98473723bde71c227962540cc63bebf4cfb8552098dd6434ae5c,searched_alignment,0,1511691,inv_one_minus_eta/random,inv_one_minus_eta,random,0,preserve_other,8192,0.05462795183650775,0.004814600976636376,0.06938732576368956,0.21875007167389265,0.8828125,0.06942906244778707,0.22407983421189429,0.2549808700014746,,,,0.1171875,0.0012380824152878277,2.4452582631190573e-06,0.9967041015625,0.19320244816989263,0.050204111302912156,0.472900390625,0.07458152149641639,0.006571621408217421,0.826416015625,,,,,
constructed calibration development; no ordinary-trained replicate claim,v2/work_logs/F15_ND01_v1_run1/evaluation_attempt_1/calibration_0_evaluation.json,93f185c0316f98473723bde71c227962540cc63bebf4cfb8552098dd6434ae5c,searched_alignment,0,1511691,inv_one_minus_eta/random,inv_one_minus_eta,random,0,equal_target,8192,0.07083829157252394,0.006391830517122804,0.0799489244275544,0.24653090683488021,0.7977294921875,0.080025433705766,0.08519091825792285,0.02577543578951943,,,,0.2022705078125,0.0012380080591213609,2.4338058738064727e-06,0.99560546875,0.07773721456168353,0.0072475178882718365,0.7803955078125,0.1095891070053016,0.018426122603449273,0.6717529296875,,,,,
constructed calibration development; no ordinary-trained replicate claim,v2/work_logs/F15_ND01_v1_run1/evaluation_attempt_1/calibration_0_evaluation.json,93f185c0316f98473723bde71c227962540cc63bebf4cfb8552098dd6434ae5c,searched_alignment,0,1511691,inv_one_minus_eta/random,inv_one_minus_eta,random,0,scale_separating,8192,0.0656614914115384,0.0067655705831862496,0.08225308859359781,0.2340322088661992,0.8607177734375,0.08226608923794142,0.26001797544392635,0.2849239147063744,,,,0.1392822265625,0.0012263529899097108,2.4199948561513738e-06,0.9976806640625,0.2232552576881373,0.06758722415917835,0.39892578125,0.11327290451153355,0.01897761824342359,0.73291015625,,,,,
constructed calibration development; no ordinary-trained replicate claim,v2/work_logs/F15_ND01_v1_run1/evaluation_attempt_1/calibration_0_evaluation.json,93f185c0316f98473723bde71c227962540cc63bebf4cfb8552098dd6434ae5c,searched_alignment,0,1511691,inv_one_minus_eta/random,inv_one_minus_eta,random,1,mixed_near,8192,0.030228940328784516,0.0012957054825816284,0.035995909247880216,0.09149284916350675,0.9549560546875,0.03606741375275084,0.13171329047361688,0.1422170801384027,,,,0.0450439453125,0.0011832213793775835,2.2321931551767714e-06,1.0,0.11067723941830844,0.017355360716950846,0.7247314453125,0.19394644742273404,0.049330087781075206,0.261962890625,,,,,
constructed calibration development; no ordinary-trained replicate claim,v2/work_logs/F15_ND01_v1_run1/evaluation_attempt_1/calibration_0_evaluation.json,93f185c0316f98473723bde71c227962540cc63bebf4cfb8552098dd6434ae5c,searched_alignment,0,1511691,inv_one_minus_eta/random,inv_one_minus_eta,random,1,mixed_far,8192,0.023966708368602947,0.0008557659509851448,0.029253477587889355,0.09893862033200979,0.97021484375,0.029299175085996602,0.1476829055759309,0.15502028856692918,,,,0.02978515625,0.0011756244990384895,2.2302563263400547e-06,0.997314453125,0.12476694973656144,0.0218192870678612,0.779052734375,0.1766506774814367,0.04279450602469116,0.7703857421875,,,,,
constructed calibration development; no ordinary-trained replicate claim,v2/work_logs/F15_ND01_v1_run1/evaluation_attempt_1/calibration_0_evaluation.json,93f185c0316f98473723bde71c227962540cc63bebf4cfb8552098dd6434ae5c,searched_alignment,0,1511691,inv_one_minus_eta/random,inv_one_minus_eta,random,1,preserve_other,8192,0.03474220117465587,0.0015581582441520228,0.039473513197485,0.10718935849546252,0.917236328125,0.03953318634781676,0.13371062797658942,0.14311483057124347,,,,0.082763671875,0.001255665864178512,2.4992464502012316e-06,0.9971923828125,0.10703538450209946,0.017879440589529755,0.6783447265625,0.07902281831800634,0.007517539679116295,0.7730712890625,,,,,
constructed calibration development; no ordinary-trained replicate claim,v2/work_logs/F15_ND01_v1_run1/evaluation_attempt_1/calibration_0_evaluation.json,93f185c0316f98473723bde71c227962540cc63bebf4cfb8552098dd6434ae5c,searched_alignment,0,1511691,inv_one_minus_eta/random,inv_one_minus_eta,random,1,equal_target,8192,0.03853522335187835,0.0017318017069358183,0.04161492168604692,0.09930155458909373,0.94580078125,0.04163377926664146,0.07990898419468263,0.12030362697331151,,,,0.05419921875,0.0012190057032952031,2.3894976383525223e-06,0.99609375,0.0738280651625269,0.006395021287822952,0.839111328125,0.19468935120318498,0.05044421137190485,0.4942626953125,,,,,
constructed calibration development; no ordinary-trained replicate claim,v2/work_logs/F15_ND01_v1_run1/evaluation_attempt_1/calibration_0_evaluation.json,93f185c0316f98473723bde71c227962540cc63bebf4cfb8552098dd6434ae5c,searched_alignment,0,1511691,inv_one_minus_eta/random,inv_one_minus_eta,random,1,scale_separating,8192,0.039994475591101294,0.0018784274573755775,0.04334082898809825,0.11269512579089308,0.9200439453125,0.043379601707741605,0.14475003876068074,0.1545181283411208,,,,0.0799560546875,0.0012135403512849416,2.348030611970286e-06,0.9976806640625,0.11892967966587448,0.020954983656220786,0.6956787109375,0.20142407782649763,0.05854726318361213,0.4718017578125,,,,,
constructed calibration development; no ordinary-trained replicate claim,v2/work_logs/F15_ND01_v1_run1/evaluation_attempt_1/calibration_0_evaluation.json,93f185c0316f98473723bde71c227962540cc63bebf4cfb8552098dd6434ae5c,searched_alignment,0,1511691,inv_one_minus_eta/shuffled_donor,inv_one_minus_eta,shuffled_donor,0,mixed_near,8192,0.14337436180112564,0.030431460513990906,0.17444615362337718,0.5312197561441263,0.40283203125,0.1744803652368475,0.22334533976557427,0.1563238447186083,,,,0.59716796875,0.0011950060059592333,2.261975464479823e-06,1.0,0.19478587125844027,0.04987598702465905,0.2581787109375,0.1543169485827664,0.03396449443586058,0.5020751953125,,,,,
constructed calibration development; no ordinary-trained replicate claim,v2/work_logs/F15_ND01_v1_run1/evaluation_attempt_1/calibration_0_evaluation.json,93f185c0316f98473723bde71c227962540cc63bebf4cfb8552098dd6434ae5c,searched_alignment,0,1511691,inv_one_minus_eta/shuffled_donor,inv_one_minus_eta,shuffled_donor,0,mixed_far,8192,0.16329641814746448,0.04084939281750663,0.2021123272279715,0.6090331125890749,0.7064208984375,0.2021413591561277,0.20247061433235877,0.1709873541504383,,,,0.2935791015625,0.001191778254332927,2.2764771449594666e-06,0.9976806640625,0.17318398911866315,0.04098582320224389,0.7763671875,0.2350289919449374,0.07824495371635871,0.488525390625,,,,,
constructed calibration development; no ordinary-trained replicate claim,v2/work_logs/F15_ND01_v1_run1/evaluation_attempt_1/calibration_0_evaluation.json,93f185c0316f98473723bde71c227962540cc63bebf4cfb8552098dd6434ae5c,searched_alignment,0,1511691,inv_one_minus_eta/shuffled_donor,inv_one_minus_eta,shuffled_donor,0,preserve_other,8192,0.15474125859057936,0.03649788415426651,0.19104419424380975,0.5966034786188256,0.586669921875,0.19104729726351063,0.22407983421189429,0.170898345736781,,,,0.413330078125,0.0012380824152878277,2.4452582631190573e-06,0.9967041015625,0.19320244816989263,0.050204111302912156,0.472900390625,0.18704914392685307,0.05287527650399426,0.4873046875,,,,,
constructed calibration development; no ordinary-trained replicate claim,v2/work_logs/F15_ND01_v1_run1/evaluation_attempt_1/calibration_0_evaluation.json,93f185c0316f98473723bde71c227962540cc63bebf4cfb8552098dd6434ae5c,searched_alignment,0,1511691,inv_one_minus_eta/shuffled_donor,inv_one_minus_eta,shuffled_donor,0,equal_target,8192,0.11149106627357368,0.018933640499737697,0.13759956576871055,0.458825880117485,0.6749267578125,0.13762275724993467,0.08519091825792285,0.11893469526702112,,,,0.3250732421875,0.0012380080591213609,2.4338058738064727e-06,0.99560546875,0.07773721456168353,0.0072475178882718365,0.7803955078125,0.15903039037076738,0.03865537442569743,0.509765625,,,,,
constructed calibration development; no ordinary-trained replicate claim,v2/work_logs/F15_ND01_v1_run1/evaluation_attempt_1/calibration_0_evaluation.json,93f185c0316f98473723bde71c227962540cc63bebf4cfb8552098dd6434ae5c,searched_alignment,0,1511691,inv_one_minus_eta/shuffled_donor,inv_one_minus_eta,shuffled_donor,0,scale_separating,8192,0.17177563183391312,0.043626143539523696,0.20886872321992994,0.5778714913612909,0.550537109375,0.2088858791012205,0.26001797544392635,0.1743131649168182,,,,0.449462890625,0.0012263529899097108,2.4199948561513738e-06,0.9976806640625,0.2232552576881373,0.06758722415917835,0.39892578125,0.19533864103484289,0.05755007821995024,0.49072265625,,,,,
constructed calibration development; no ordinary-trained replicate claim,v2/work_logs/F15_ND01_v1_run1/evaluation_attempt_1/calibration_0_evaluation.json,93f185c0316f98473723bde71c227962540cc63bebf4cfb8552098dd6434ae5c,searched_alignment,0,1511691,inv_one_minus_eta/shuffled_donor,inv_one_minus_eta,shuffled_donor,1,mixed_near,8192,0.09349225963790755,0.013399263223746868,0.11575518659544749,0.3213234047676549,0.7353515625,0.11574983458312278,0.13171329047361688,0.12151902790376677,,,,0.2646484375,0.0011832213793775835,2.2321931551767714e-06,1.0,0.11067723941830844,0.017355360716950846,0.7247314453125,0.15419381633413662,0.03393907075679815,0.5068359375,,,,,
constructed calibration development; no ordinary-trained replicate claim,v2/work_logs/F15_ND01_v1_run1/evaluation_attempt_1/calibration_0_evaluation.json,93f185c0316f98473723bde71c227962540cc63bebf4cfb8552098dd6434ae5c,searched_alignment,0,1511691,inv_one_minus_eta/shuffled_donor,inv_one_minus_eta,shuffled_donor,1,mixed_far,8192,0.11088748503334732,0.01958656912476494,0.13995202436822748,0.3366994213316632,0.794677734375,0.13994590356030584,0.1476829055759309,0.13251735191971417,,,,0.205322265625,0.0011756244990384895,2.2302563263400547e-06,0.997314453125,0.12476694973656144,0.0218192870678612,0.779052734375,0.23188513680306755,0.07742376966324638,0.5042724609375,,,,,
constructed calibration development; no ordinary-trained replicate claim,v2/work_logs/F15_ND01_v1_run1/evaluation_attempt_1/calibration_0_evaluation.json,93f185c0316f98473723bde71c227962540cc63bebf4cfb8552098dd6434ae5c,searched_alignment,0,1511691,inv_one_minus_eta/shuffled_donor,inv_one_minus_eta,shuffled_donor,1,preserve_other,8192,0.10276481838149785,0.016449074928971952,0.12825394703077153,0.3415347647958951,0.6983642578125,0.128292210392728,0.13371062797658942,0.1280961331932115,,,,0.3016357421875,0.001255665864178512,2.4992464502012316e-06,0.9971923828125,0.10703538450209946,0.017879440589529755,0.6783447265625,0.15696343144010338,0.037738035409992626,0.5079345703125,,,,,
constructed calibration development; no ordinary-trained replicate claim,v2/work_logs/F15_ND01_v1_run1/evaluation_attempt_1/calibration_0_evaluation.json,93f185c0316f98473723bde71c227962540cc63bebf4cfb8552098dd6434ae5c,searched_alignment,0,1511691,inv_one_minus_eta/shuffled_donor,inv_one_minus_eta,shuffled_donor,1,equal_target,8192,0.08840551119884388,0.0121901237142014,0.11040889327495951,0.32900845545970053,0.8076171875,0.11040076016882071,0.07990898419468263,0.1139130662498083,,,,0.1923828125,0.0012190057032952031,2.3894976383525223e-06,0.99609375,0.0738280651625269,0.006395021287822952,0.839111328125,0.1871918771470773,0.05308270208431107,0.51806640625,,,,,
constructed calibration development; no ordinary-trained replicate claim,v2/work_logs/F15_ND01_v1_run1/evaluation_attempt_1/calibration_0_evaluation.json,93f185c0316f98473723bde71c227962540cc63bebf4cfb8552098dd6434ae5c,searched_alignment,0,1511691,inv_one_minus_eta/shuffled_donor,inv_one_minus_eta,shuffled_donor,1,scale_separating,8192,0.10258904128537014,0.016390008458314773,0.12802346838886522,0.34121186092305494,0.7442626953125,0.12803766035531552,0.14475003876068074,0.12977690533908565,,,,0.2557373046875,0.0012135403512849416,2.348030611970286e-06,0.9976806640625,0.11892967966587448,0.020954983656220786,0.6956787109375,0.18715644063329925,0.05298700944849478,0.496337890625,,,,,
constructed calibration development; no ordinary-trained replicate claim,v2/work_logs/F15_ND01_v1_run1/evaluation_attempt_1/calibration_0_evaluation.json,93f185c0316f98473723bde71c227962540cc63bebf4cfb8552098dd6434ae5c,searched_alignment,0,1511691,inv_one_minus_eta/untrained,inv_one_minus_eta,untrained,0,mixed_near,8192,0.07725331166408932,0.009125228990788698,0.09552606445776303,0.3109758887214117,0.689208984375,0.1574073155703885,0.22334533976557427,0.1480415287405492,,,,0.310791015625,0.12840494729899232,0.0253185358157064,0.686767578125,0.14462203679147373,0.028855395212082975,0.3314208984375,0.09138921378305803,0.0133202146806368,0.673828125,,,,,
constructed calibration development; no ordinary-trained replicate claim,v2/work_logs/F15_ND01_v1_run1/evaluation_attempt_1/calibration_0_evaluation.json,93f185c0316f98473723bde71c227962540cc63bebf4cfb8552098dd6434ae5c,searched_alignment,0,1511691,inv_one_minus_eta/untrained,inv_one_minus_eta,untrained,0,mixed_far,8192,0.11048170256459691,0.0179526760453624,0.13398759661014298,0.38843659729545965,0.836669921875,0.1273357876560147,0.20247061433235877,0.16001404398076746,,,,0.163330078125,0.12666667875313564,0.024044671420189845,0.6795654296875,0.1963553406167218,0.0572876812506012,0.6171875,0.17822189266798846,0.04215000106114436,0.657470703125,,,,,
constructed calibration development; no ordinary-trained replicate claim,v2/work_logs/F15_ND01_v1_run1/evaluation_attempt_1/calibration_0_evaluation.json,93f185c0316f98473723bde71c227962540cc63bebf4cfb8552098dd6434ae5c,searched_alignment,0,1511691,inv_one_minus_eta/untrained,inv_one_minus_eta,untrained,0,preserve_other,8192,0.09114287796953466,0.012740662314916388,0.11287454236858012,0.40791924488457465,0.8004150390625,0.1162195209069472,0.22407983421189429,0.18864224129690824,,,,0.1995849609375,0.11337966839025593,0.02012154194669657,0.680908203125,0.19655561495031992,0.05507557015474428,0.4085693359375,0.13258232834902486,0.025689702505871024,0.7008056640625,,,,,
constructed calibration development; no ordinary-trained replicate claim,v2/work_logs/F15_ND01_v1_run1/evaluation_attempt_1/calibration_0_evaluation.json,93f185c0316f98473723bde71c227962540cc63bebf4cfb8552098dd6434ae5c,searched_alignment,0,1511691,inv_one_minus_eta/untrained,inv_one_minus_eta,untrained,0,equal_target,8192,0.09428140967075538,0.013718481755736119,0.11712592264625334,0.39398903591487394,0.696533203125,0.09678916618018964,0.08519091825792285,0.12376579878476816,,,,0.303466796875,0.11905221143276232,0.021374472742844323,0.6593017578125,0.13173662682740492,0.026725391871620305,0.57568359375,0.12032414219667481,0.02252500603222405,0.6290283203125,,,,,
constructed calibration development; no ordinary-trained replicate claim,v2/work_logs/F15_ND01_v1_run1/evaluation_attempt_1/calibration_0_evaluation.json,93f185c0316f98473723bde71c227962540cc63bebf4cfb8552098dd6434ae5c,searched_alignment,0,1511691,inv_one_minus_eta/untrained,inv_one_minus_eta,untrained,0,scale_separating,8192,0.08197912089098225,0.010372512247901493,0.10184553131041879,0.3620693109541187,0.79248046875,0.1375306147791842,0.26001797544392635,0.192008863725388,,,,0.20751953125,0.11701259120633786,0.020877290742705057,0.720947265625,0.19709423531275072,0.05489360591402428,0.3699951171875,0.12592225224333756,0.023637285725969792,0.6968994140625,,,,,
constructed calibration development; no ordinary-trained replicate claim,v2/work_logs/F15_ND01_v1_run1/evaluation_attempt_1/calibration_0_evaluation.json,93f185c0316f98473723bde71c227962540cc63bebf4cfb8552098dd6434ae5c,searched_alignment,0,1511691,inv_one_minus_eta/untrained,inv_one_minus_eta,untrained,1,mixed_near,8192,0.0790710178270716,0.009865089701061865,0.09932315792936643,0.31897952588720013,0.6871337890625,0.12627727720355614,0.13171329047361688,0.0791438921537266,,,,0.3128662109375,0.12888218270441953,0.025544918368065564,0.6795654296875,0.09152948967221122,0.013217544899261035,0.6826171875,0.14518631247133915,0.029043389964997144,0.3294677734375,,,,,
constructed calibration development; no ordinary-trained replicate claim,v2/work_logs/F15_ND01_v1_run1/evaluation_attempt_1/calibration_0_evaluation.json,93f185c0316f98473723bde71c227962540cc63bebf4cfb8552098dd6434ae5c,searched_alignment,0,1511691,inv_one_minus_eta/untrained,inv_one_minus_eta,untrained,1,mixed_far,8192,0.10790399842107973,0.017408357153587014,0.1319407334888927,0.41293344889294076,0.8603515625,0.09961364974976697,0.1476829055759309,0.11394249631243732,,,,0.1396484375,0.1294661672753724,0.025161637992776237,0.685791015625,0.17892197755784134,0.04216201071271596,0.651123046875,0.19656112673418852,0.05752568967978678,0.6156005859375,,,,,
constructed calibration development; no ordinary-trained replicate claim,v2/work_logs/F15_ND01_v1_run1/evaluation_attempt_1/calibration_0_evaluation.json,93f185c0316f98473723bde71c227962540cc63bebf4cfb8552098dd6434ae5c,searched_alignment,0,1511691,inv_one_minus_eta/untrained,inv_one_minus_eta,untrained,1,preserve_other,8192,0.10097984161742646,0.015646567930787093,0.12508624197243715,0.39487023605517746,0.6580810546875,0.09737446182778577,0.13371062797658942,0.08499805509204629,,,,0.3419189453125,0.11740721978297083,0.02097515214112801,0.6663818359375,0.12092742868737405,0.022542105178082167,0.6263427734375,0.13539944681448363,0.027790349594768494,0.5496826171875,,,,,
constructed calibration development; no ordinary-trained replicate claim,v2/work_logs/F15_ND01_v1_run1/evaluation_attempt_1/calibration_0_evaluation.json,93f185c0316f98473723bde71c227962540cc63bebf4cfb8552098dd6434ae5c,searched_alignment,0,1511691,inv_one_minus_eta/untrained,inv_one_minus_eta,untrained,1,equal_target,8192,0.09589773409216235,0.01394292933077908,0.1180801817866956,0.37945032443407106,0.798828125,0.08675734665099173,0.07990898419468263,0.08462126723452534,,,,0.201171875,0.11278655138448902,0.01984002034209218,0.6748046875,0.1325907212310948,0.025283055273648873,0.711181640625,0.19607002816738722,0.054648486524768225,0.417724609375,,,,,
constructed calibration development; no ordinary-trained replicate claim,v2/work_logs/F15_ND01_v1_run1/evaluation_attempt_1/calibration_0_evaluation.json,93f185c0316f98473723bde71c227962540cc63bebf4cfb8552098dd6434ae5c,searched_alignment,0,1511691,inv_one_minus_eta/untrained,inv_one_minus_eta,untrained,1,scale_separating,8192,0.08653198991982397,0.011843686245955387,0.10882870138872092,0.3786356337114232,0.7532958984375,0.10601659783864321,0.14475003876068074,0.10347547441382512,,,,0.2467041015625,0.11844006013885071,0.02154070703103792,0.710205078125,0.1231397895091447,0.022942984282827476,0.672119140625,0.18128745901427423,0.04807343261943265,0.4141845703125,,,,,
constructed calibration development; no ordinary-trained replicate claim,v2/work_logs/F15_ND01_v1_run1/evaluation_attempt_1/calibration_0_evaluation.json,93f185c0316f98473723bde71c227962540cc63bebf4cfb8552098dd6434ae5c,searched_alignment,0,1511691,inv_total_cost/aligned,inv_total_cost,aligned,0,mixed_near,8192,0.06569398079799683,0.007032170626085582,0.0838580385299202,0.2775260798834384,0.5035400390625,0.08386998988910256,0.14750084418954393,0.16485653161395333,,,,0.4964599609375,0.0011950060059592333,2.261975464479823e-06,1.0,0.12641269021495524,0.02175400329634254,0.6287841796875,0.12667051862270137,0.021897618725597742,0.62109375,,,,,
constructed calibration development; no ordinary-trained replicate claim,v2/work_logs/F15_ND01_v1_run1/evaluation_attempt_1/calibration_0_evaluation.json,93f185c0316f98473723bde71c227962540cc63bebf4cfb8552098dd6434ae5c,searched_alignment,0,1511691,inv_total_cost/aligned,inv_total_cost,aligned,0,mixed_far,8192,0.11485023693480731,0.01795771203241346,0.13400638802838266,0.3355687636970061,0.923583984375,0.1339908914007694,0.11744343266920904,0.171070187861995,,,,0.076416015625,0.001191778254332927,2.2764771449594666e-06,0.9976806640625,0.0891085059986062,0.013792591293792289,0.8001708984375,0.08853874902993741,0.013692495963710536,0.8028564453125,,,,,
constructed calibration development; no ordinary-trained replicate claim,v2/work_logs/F15_ND01_v1_run1/evaluation_attempt_1/calibration_0_evaluation.json,93f185c0316f98473723bde71c227962540cc63bebf4cfb8552098dd6434ae5c,searched_alignment,0,1511691,inv_total_cost/aligned,inv_total_cost,aligned,0,preserve_other,8192,0.0725515500590234,0.007503958176598579,0.08662538990733941,0.27582620226338717,0.7813720703125,0.08662485296741915,0.08777998047037726,0.1679625313135826,,,,0.2186279296875,0.0012380824152878277,2.4452582631190573e-06,0.9967041015625,0.07387535813182522,0.007705571252820394,0.7774658203125,0.07439206544612291,0.007288961307310664,0.7755126953125,,,,,
constructed calibration development; no ordinary-trained replicate claim,v2/work_logs/F15_ND01_v1_run1/evaluation_attempt_1/calibration_0_evaluation.json,93f185c0316f98473723bde71c227962540cc63bebf4cfb8552098dd6434ae5c,searched_alignment,0,1511691,inv_total_cost/aligned,inv_total_cost,aligned,0,equal_target,8192,0.08905368389907609,0.010682299230127123,0.10335520901303002,0.31856978480476406,0.7454833984375,0.10338950777918886,0.08597183697441549,0.028798824329137173,,,,0.2545166015625,0.0012380080591213609,2.4338058738064727e-06,0.99560546875,0.07481617901375995,0.007389854180966372,0.7791748046875,0.07386506584812123,0.007636423519818134,0.7760009765625,,,,,
constructed calibration development; no ordinary-trained replicate claim,v2/work_logs/F15_ND01_v1_run1/evaluation_attempt_1/calibration_0_evaluation.json,93f185c0316f98473723bde71c227962540cc63bebf4cfb8552098dd6434ae5c,searched_alignment,0,1511691,inv_total_cost/aligned,inv_total_cost,aligned,0,scale_separating,8192,0.11511751627602536,0.01615476600491263,0.1271014004836793,0.32282183712965,0.62353515625,0.1270978223631439,0.13914210387788065,0.18529228031457484,,,,0.37646484375,0.0012263529899097108,2.4199948561513738e-06,0.9976806640625,0.11118894111595064,0.01935174557217202,0.694091796875,0.11143904883841595,0.019312986944922964,0.686279296875,,,,,
constructed calibration development; no ordinary-trained replicate claim,v2/work_logs/F15_ND01_v1_run1/evaluation_attempt_1/calibration_0_evaluation.json,93f185c0316f98473723bde71c227962540cc63bebf4cfb8552098dd6434ae5c,searched_alignment,0,1511691,inv_total_cost/aligned,inv_total_cost,aligned,1,mixed_near,8192,0.06005546165413127,0.00590307286368986,0.07683145751376749,0.2747728139051225,0.5611572265625,0.07686213999234569,0.14777661324516975,0.1559477546347419,,,,0.4388427734375,0.0011832213793775835,2.2321931551767714e-06,1.0,0.12667822514903332,0.02182889325625388,0.6258544921875,0.12670977322160476,0.021808382411370064,0.62158203125,,,,,
constructed calibration development; no ordinary-trained replicate claim,v2/work_logs/F15_ND01_v1_run1/evaluation_attempt_1/calibration_0_evaluation.json,93f185c0316f98473723bde71c227962540cc63bebf4cfb8552098dd6434ae5c,searched_alignment,0,1511691,inv_total_cost/aligned,inv_total_cost,aligned,1,mixed_far,8192,0.10734105883191591,0.015749216552293038,0.1254958826109169,0.3177838157639181,0.917724609375,0.12551143477596718,0.11808013007781644,0.16452236964767186,,,,0.082275390625,0.0011756244990384895,2.2302563263400547e-06,0.997314453125,0.08949579492205761,0.013942335715042237,0.8009033203125,0.08989589571680437,0.014226226422869134,0.795654296875,,,,,
constructed calibration development; no ordinary-trained replicate claim,v2/work_logs/F15_ND01_v1_run1/evaluation_attempt_1/calibration_0_evaluation.json,93f185c0316f98473723bde71c227962540cc63bebf4cfb8552098dd6434ae5c,searched_alignment,0,1511691,inv_total_cost/aligned,inv_total_cost,aligned,1,preserve_other,8192,0.06578022428794475,0.006127247066359449,0.07827673387641726,0.28179571727090996,0.800048828125,0.07822990198965485,0.0872156275505435,0.15983005987635565,,,,0.199951171875,0.001255665864178512,2.4992464502012316e-06,0.9971923828125,0.07330185332406323,0.007602092896614095,0.775634765625,0.07486632961053985,0.007368657087933439,0.775634765625,,,,,
constructed calibration development; no ordinary-trained replicate claim,v2/work_logs/F15_ND01_v1_run1/evaluation_attempt_1/calibration_0_evaluation.json,93f185c0316f98473723bde71c227962540cc63bebf4cfb8552098dd6434ae5c,searched_alignment,0,1511691,inv_total_cost/aligned,inv_total_cost,aligned,1,equal_target,8192,0.08160573630267014,0.008992542468616135,0.09482901701808437,0.27822975794807997,0.7589111328125,0.09483395404669756,0.08544604417332607,0.01883283963507151,,,,0.2410888671875,0.0012190057032952031,2.3894976383525223e-06,0.99609375,0.0747178944231501,0.007302655350187746,0.765869140625,0.07420215954760266,0.007714338116819801,0.7869873046875,,,,,
constructed calibration development; no ordinary-trained replicate claim,v2/work_logs/F15_ND01_v1_run1/evaluation_attempt_1/calibration_0_evaluation.json,93f185c0316f98473723bde71c227962540cc63bebf4cfb8552098dd6434ae5c,searched_alignment,0,1511691,inv_total_cost/aligned,inv_total_cost,aligned,1,scale_separating,8192,0.10652069297720929,0.013800152581064696,0.11747405067105116,0.3298466158913618,0.64306640625,0.11745624213383322,0.14204694976626944,0.1768895238337425,,,,0.35693359375,0.0012135403512849416,2.348030611970286e-06,0.9976806640625,0.11295658606706967,0.020174192460039708,0.6895751953125,0.11214096319086887,0.019712834694199675,0.6978759765625,,,,,
constructed calibration development; no ordinary-trained replicate claim,v2/work_logs/F15_ND01_v1_run1/evaluation_attempt_1/calibration_0_evaluation.json,93f185c0316f98473723bde71c227962540cc63bebf4cfb8552098dd6434ae5c,searched_alignment,0,1511691,inv_total_cost/permuted_concept,inv_total_cost,permuted_concept,0,mixed_near,8192,0.07764887109252189,0.009494378016313608,0.09743909901222203,0.32182751831744827,0.440673828125,0.09742767724816,0.14750084418954393,0.19539349653576202,,,,0.559326171875,0.0011950060059592333,2.261975464479823e-06,1.0,0.12641269021495524,0.02175400329634254,0.6287841796875,0.12667051862270137,0.021897618725597742,0.62109375,,,,,
constructed calibration development; no ordinary-trained replicate claim,v2/work_logs/F15_ND01_v1_run1/evaluation_attempt_1/calibration_0_evaluation.json,93f185c0316f98473723bde71c227962540cc63bebf4cfb8552098dd6434ae5c,searched_alignment,0,1511691,inv_total_cost/permuted_concept,inv_total_cost,permuted_concept,0,mixed_far,8192,0.12323826135483028,0.020652066713864006,0.14370826946931067,0.3616647341524799,0.923583984375,0.14368190452437,0.11744343266920904,0.19319988921210482,,,,0.076416015625,0.001191778254332927,2.2764771449594666e-06,0.9976806640625,0.0891085059986062,0.013792591293792289,0.8001708984375,0.08853874902993741,0.013692495963710536,0.8028564453125,,,,,
constructed calibration development; no ordinary-trained replicate claim,v2/work_logs/F15_ND01_v1_run1/evaluation_attempt_1/calibration_0_evaluation.json,93f185c0316f98473723bde71c227962540cc63bebf4cfb8552098dd6434ae5c,searched_alignment,0,1511691,inv_total_cost/permuted_concept,inv_total_cost,permuted_concept,0,preserve_other,8192,0.10667005733445258,0.015357142150586724,0.12392393695564519,0.36174314248690204,0.708740234375,0.12390857565110644,0.08777998047037726,0.20535591290071142,,,,0.291259765625,0.0012380824152878277,2.4452582631190573e-06,0.9967041015625,0.07387535813182522,0.007705571252820394,0.7774658203125,0.07439206544612291,0.007288961307310664,0.7755126953125,,,,,
constructed calibration development; no ordinary-trained replicate claim,v2/work_logs/F15_ND01_v1_run1/evaluation_attempt_1/calibration_0_evaluation.json,93f185c0316f98473723bde71c227962540cc63bebf4cfb8552098dd6434ae5c,searched_alignment,0,1511691,inv_total_cost/permuted_concept,inv_total_cost,permuted_concept,0,equal_target,8192,0.06928424814641708,0.007028305167239986,0.08383498772732054,0.2542001085830734,0.7884521484375,0.0838194945104324,0.08597183697441549,0.034620753438090915,,,,0.2115478515625,0.0012380080591213609,2.4338058738064727e-06,0.99560546875,0.07481617901375995,0.007389854180966372,0.7791748046875,0.07386506584812123,0.007636423519818134,0.7760009765625,,,,,
constructed calibration development; no ordinary-trained replicate claim,v2/work_logs/F15_ND01_v1_run1/evaluation_attempt_1/calibration_0_evaluation.json,93f185c0316f98473723bde71c227962540cc63bebf4cfb8552098dd6434ae5c,searched_alignment,0,1511691,inv_total_cost/permuted_concept,inv_total_cost,permuted_concept,0,scale_separating,8192,0.13092554482304802,0.021724236448906857,0.1473914395373994,0.3670577932189694,0.60205078125,0.14736256426942815,0.13914210387788065,0.2300394184031051,,,,0.39794921875,0.0012263529899097108,2.4199948561513738e-06,0.9976806640625,0.11118894111595064,0.01935174557217202,0.694091796875,0.11143904883841595,0.019312986944922964,0.686279296875,,,,,
constructed calibration development; no ordinary-trained replicate claim,v2/work_logs/F15_ND01_v1_run1/evaluation_attempt_1/calibration_0_evaluation.json,93f185c0316f98473723bde71c227962540cc63bebf4cfb8552098dd6434ae5c,searched_alignment,0,1511691,inv_total_cost/permuted_concept,inv_total_cost,permuted_concept,1,mixed_near,8192,0.12598616733461346,0.022071864323397458,0.14856602681433417,0.37654296607513255,0.606201171875,0.14855969635944274,0.14777661324516975,0.06762173292032289,,,,0.393798828125,0.0011832213793775835,2.2321931551767714e-06,1.0,0.12667822514903332,0.02182889325625388,0.6258544921875,0.12670977322160476,0.021808382411370064,0.62158203125,,,,,
constructed calibration development; no ordinary-trained replicate claim,v2/work_logs/F15_ND01_v1_run1/evaluation_attempt_1/calibration_0_evaluation.json,93f185c0316f98473723bde71c227962540cc63bebf4cfb8552098dd6434ae5c,searched_alignment,0,1511691,inv_total_cost/permuted_concept,inv_total_cost,permuted_concept,1,mixed_far,8192,0.09174748377088193,0.013445568400221975,0.11595502749006606,0.4313815306508981,0.8323974609375,0.1159186518195659,0.11808013007781644,0.07097297136865997,,,,0.1676025390625,0.0011756244990384895,2.2302563263400547e-06,0.997314453125,0.08949579492205761,0.013942335715042237,0.8009033203125,0.08989589571680437,0.014226226422869134,0.795654296875,,,,,
constructed calibration development; no ordinary-trained replicate claim,v2/work_logs/F15_ND01_v1_run1/evaluation_attempt_1/calibration_0_evaluation.json,93f185c0316f98473723bde71c227962540cc63bebf4cfb8552098dd6434ae5c,searched_alignment,0,1511691,inv_total_cost/permuted_concept,inv_total_cost,permuted_concept,1,preserve_other,8192,0.06582492499806752,0.006975219441018534,0.08351777919113111,0.2822193365340291,0.81298828125,0.08344899150600406,0.0872156275505435,0.09617899759691433,,,,0.18701171875,0.001255665864178512,2.4992464502012316e-06,0.9971923828125,0.07330185332406323,0.007602092896614095,0.775634765625,0.07486632961053985,0.007368657087933439,0.775634765625,,,,,
constructed calibration development; no ordinary-trained replicate claim,v2/work_logs/F15_ND01_v1_run1/evaluation_attempt_1/calibration_0_evaluation.json,93f185c0316f98473723bde71c227962540cc63bebf4cfb8552098dd6434ae5c,searched_alignment,0,1511691,inv_total_cost/permuted_concept,inv_total_cost,permuted_concept,1,equal_target,8192,0.08316428710194365,0.010863323322357918,0.10422726765274967,0.3024097794356594,0.75439453125,0.10416574199181336,0.08544604417332607,0.07484590856160002,,,,0.24560546875,0.0012190057032952031,2.3894976383525223e-06,0.99609375,0.0747178944231501,0.007302655350187746,0.765869140625,0.07420215954760266,0.007714338116819801,0.7869873046875,,,,,
constructed calibration development; no ordinary-trained replicate claim,v2/work_logs/F15_ND01_v1_run1/evaluation_attempt_1/calibration_0_evaluation.json,93f185c0316f98473723bde71c227962540cc63bebf4cfb8552098dd6434ae5c,searched_alignment,0,1511691,inv_total_cost/permuted_concept,inv_total_cost,permuted_concept,1,scale_separating,8192,0.10431794772919271,0.015821115710779092,0.12578201664299668,0.42733131713594097,0.685546875,0.12573825971839206,0.14204694976626944,0.09516661840658275,,,,0.314453125,0.0012135403512849416,2.348030611970286e-06,0.9976806640625,0.11295658606706967,0.020174192460039708,0.6895751953125,0.11214096319086887,0.019712834694199675,0.6978759765625,,,,,
constructed calibration development; no ordinary-trained replicate claim,v2/work_logs/F15_ND01_v1_run1/evaluation_attempt_1/calibration_0_evaluation.json,93f185c0316f98473723bde71c227962540cc63bebf4cfb8552098dd6434ae5c,searched_alignment,0,1511691,inv_total_cost/random,inv_total_cost,random,0,mixed_near,8192,0.09357863562989956,0.012731337763640486,0.1128332298732979,0.30046211627262776,0.67529296875,0.11282007055940081,0.14750084418954393,0.0793074389568277,,,,0.32470703125,0.0011950060059592333,2.261975464479823e-06,1.0,0.12641269021495524,0.02175400329634254,0.6287841796875,0.12667051862270137,0.021897618725597742,0.62109375,,,,,
constructed calibration development; no ordinary-trained replicate claim,v2/work_logs/F15_ND01_v1_run1/evaluation_attempt_1/calibration_0_evaluation.json,93f185c0316f98473723bde71c227962540cc63bebf4cfb8552098dd6434ae5c,searched_alignment,0,1511691,inv_total_cost/random,inv_total_cost,random,0,mixed_far,8192,0.07042406127781295,0.008168559092688609,0.090380081282817,0.3397631412994297,0.841552734375,0.09036393843259224,0.11744343266920904,0.07408428040105972,,,,0.158447265625,0.001191778254332927,2.2764771449594666e-06,0.9976806640625,0.0891085059986062,0.013792591293792289,0.8001708984375,0.08853874902993741,0.013692495963710536,0.8028564453125,,,,,
constructed calibration development; no ordinary-trained replicate claim,v2/work_logs/F15_ND01_v1_run1/evaluation_attempt_1/calibration_0_evaluation.json,93f185c0316f98473723bde71c227962540cc63bebf4cfb8552098dd6434ae5c,searched_alignment,0,1511691,inv_total_cost/random,inv_total_cost,random,0,preserve_other,8192,0.06593268077756251,0.006750534566442036,0.08216163682913112,0.25636137669603076,0.8157958984375,0.08211558255909092,0.08777998047037726,0.08910300526622374,,,,0.1842041015625,0.0012380824152878277,2.4452582631190573e-06,0.9967041015625,0.07387535813182522,0.007705571252820394,0.7774658203125,0.07439206544612291,0.007288961307310664,0.7755126953125,,,,,
constructed calibration development; no ordinary-trained replicate claim,v2/work_logs/F15_ND01_v1_run1/evaluation_attempt_1/calibration_0_evaluation.json,93f185c0316f98473723bde71c227962540cc63bebf4cfb8552098dd6434ae5c,searched_alignment,0,1511691,inv_total_cost/random,inv_total_cost,random,0,equal_target,8192,0.06031972328822496,0.005999778930634608,0.07745823991438618,0.27474331377642175,0.817138671875,0.07737817014901484,0.08597183697441549,0.08879851889355304,,,,0.182861328125,0.0012380080591213609,2.4338058738064727e-06,0.99560546875,0.07481617901375995,0.007389854180966372,0.7791748046875,0.07386506584812123,0.007636423519818134,0.7760009765625,,,,,
constructed calibration development; no ordinary-trained replicate claim,v2/work_logs/F15_ND01_v1_run1/evaluation_attempt_1/calibration_0_evaluation.json,93f185c0316f98473723bde71c227962540cc63bebf4cfb8552098dd6434ae5c,searched_alignment,0,1511691,inv_total_cost/random,inv_total_cost,random,0,scale_separating,8192,0.07956661558699593,0.009130449286956924,0.09555338448719085,0.33305699377846437,0.74169921875,0.09554089492725779,0.13914210387788065,0.10720757763184792,,,,0.25830078125,0.0012263529899097108,2.4199948561513738e-06,0.9976806640625,0.11118894111595064,0.01935174557217202,0.694091796875,0.11143904883841595,0.019312986944922964,0.686279296875,,,,,
constructed calibration development; no ordinary-trained replicate claim,v2/work_logs/F15_ND01_v1_run1/evaluation_attempt_1/calibration_0_evaluation.json,93f185c0316f98473723bde71c227962540cc63bebf4cfb8552098dd6434ae5c,searched_alignment,0,1511691,inv_total_cost/random,inv_total_cost,random,1,mixed_near,8192,0.09775390770044594,0.013722147113436773,0.11714156868267034,0.31280898584925215,0.6688232421875,0.11714096517003739,0.14777661324516975,0.06317521321609178,,,,0.3311767578125,0.0011832213793775835,2.2321931551767714e-06,1.0,0.12667822514903332,0.02182889325625388,0.6258544921875,0.12670977322160476,0.021808382411370064,0.62158203125,,,,,
constructed calibration development; no ordinary-trained replicate claim,v2/work_logs/F15_ND01_v1_run1/evaluation_attempt_1/calibration_0_evaluation.json,93f185c0316f98473723bde71c227962540cc63bebf4cfb8552098dd6434ae5c,searched_alignment,0,1511691,inv_total_cost/random,inv_total_cost,random,1,mixed_far,8192,0.07041981768834321,0.008505752244188244,0.09222663522100459,0.3670240449381089,0.844970703125,0.09219871153865292,0.11808013007781644,0.059284280586857425,,,,0.155029296875,0.0011756244990384895,2.2302563263400547e-06,0.997314453125,0.08949579492205761,0.013942335715042237,0.8009033203125,0.08989589571680437,0.014226226422869134,0.795654296875,,,,,
constructed calibration development; no ordinary-trained replicate claim,v2/work_logs/F15_ND01_v1_run1/evaluation_attempt_1/calibration_0_evaluation.json,93f185c0316f98473723bde71c227962540cc63bebf4cfb8552098dd6434ae5c,searched_alignment,0,1511691,inv_total_cost/random,inv_total_cost,random,1,preserve_other,8192,0.05845108836478098,0.005514491646792033,0.07425962326050431,0.2279540043928296,0.83740234375,0.07421849641844548,0.0872156275505435,0.0714924205026253,,,,0.16259765625,0.001255665864178512,2.4992464502012316e-06,0.9971923828125,0.07330185332406323,0.007602092896614095,0.775634765625,0.07486632961053985,0.007368657087933439,0.775634765625,,,,,
constructed calibration development; no ordinary-trained replicate claim,v2/work_logs/F15_ND01_v1_run1/evaluation_attempt_1/calibration_0_evaluation.json,93f185c0316f98473723bde71c227962540cc63bebf4cfb8552098dd6434ae5c,searched_alignment,0,1511691,inv_total_cost/random,inv_total_cost,random,1,equal_target,8192,0.05437443270598142,0.00493912165933127,0.07027888487541098,0.22003669138390186,0.819091796875,0.07022500017185325,0.08544604417332607,0.07129409553488988,,,,0.180908203125,0.0012190057032952031,2.3894976383525223e-06,0.99609375,0.0747178944231501,0.007302655350187746,0.765869140625,0.07420215954760266,0.007714338116819801,0.7869873046875,,,,,
constructed calibration development; no ordinary-trained replicate claim,v2/work_logs/F15_ND01_v1_run1/evaluation_attempt_1/calibration_0_evaluation.json,93f185c0316f98473723bde71c227962540cc63bebf4cfb8552098dd6434ae5c,searched_alignment,0,1511691,inv_total_cost/random,inv_total_cost,random,1,scale_separating,8192,0.0824552855073809,0.010077060943097804,0.1003845652632804,0.361045115357317,0.7366943359375,0.10036233757208111,0.14204694976626944,0.08509100892317795,,,,0.2633056640625,0.0012135403512849416,2.348030611970286e-06,0.9976806640625,0.11295658606706967,0.020174192460039708,0.6895751953125,0.11214096319086887,0.019712834694199675,0.6978759765625,,,,,
constructed calibration development; no ordinary-trained replicate claim,v2/work_logs/F15_ND01_v1_run1/evaluation_attempt_1/calibration_0_evaluation.json,93f185c0316f98473723bde71c227962540cc63bebf4cfb8552098dd6434ae5c,searched_alignment,0,1511691,inv_total_cost/shuffled_donor,inv_total_cost,shuffled_donor,0,mixed_near,8192,0.14061251188147358,0.027101766727832433,0.16462614229772995,0.4139444339877776,0.640869140625,0.16462157743203565,0.14750084418954393,0.058529408204602534,,,,0.359130859375,0.0011950060059592333,2.261975464479823e-06,1.0,0.12641269021495524,0.02175400329634254,0.6287841796875,0.15259541282703615,0.032377978733339946,0.5037841796875,,,,,
constructed calibration development; no ordinary-trained replicate claim,v2/work_logs/F15_ND01_v1_run1/evaluation_attempt_1/calibration_0_evaluation.json,93f185c0316f98473723bde71c227962540cc63bebf4cfb8552098dd6434ae5c,searched_alignment,0,1511691,inv_total_cost/shuffled_donor,inv_total_cost,shuffled_donor,0,mixed_far,8192,0.10461925638689498,0.017717925942588135,0.13310869972540537,0.5001440248810753,0.7459716796875,0.133090429365623,0.11744343266920904,0.05726786017240121,,,,0.2540283203125,0.001191778254332927,2.2764771449594666e-06,0.9976806640625,0.0891085059986062,0.013792591293792289,0.8001708984375,0.1804237183717276,0.04957185680804064,0.4886474609375,,,,,
constructed calibration development; no ordinary-trained replicate claim,v2/work_logs/F15_ND01_v1_run1/evaluation_attempt_1/calibration_0_evaluation.json,93f185c0316f98473723bde71c227962540cc63bebf4cfb8552098dd6434ae5c,searched_alignment,0,1511691,inv_total_cost/shuffled_donor,inv_total_cost,shuffled_donor,0,preserve_other,8192,0.0921659889594646,0.012410500441016537,0.11140242565140374,0.3895536645994122,0.749755859375,0.11137850223099616,0.08777998047037726,0.06134562521177667,,,,0.250244140625,0.0012380824152878277,2.4452582631190573e-06,0.9967041015625,0.07387535813182522,0.007705571252820394,0.7774658203125,0.15027332116875047,0.03467968278557099,0.4935302734375,,,,,
constructed calibration development; no ordinary-trained replicate claim,v2/work_logs/F15_ND01_v1_run1/evaluation_attempt_1/calibration_0_evaluation.json,93f185c0316f98473723bde71c227962540cc63bebf4cfb8552098dd6434ae5c,searched_alignment,0,1511691,inv_total_cost/shuffled_donor,inv_total_cost,shuffled_donor,0,equal_target,8192,0.07644227851342653,0.00881428529871452,0.09388442521906666,0.32423563861857335,0.7921142578125,0.09382143458891751,0.08597183697441549,0.06526336538261686,,,,0.2078857421875,0.0012380080591213609,2.4338058738064727e-06,0.99560546875,0.07481617901375995,0.007389854180966372,0.7791748046875,0.14704988456050377,0.033254534285315086,0.513427734375,,,,,
constructed calibration development; no ordinary-trained replicate claim,v2/work_logs/F15_ND01_v1_run1/evaluation_attempt_1/calibration_0_evaluation.json,93f185c0316f98473723bde71c227962540cc63bebf4cfb8552098dd6434ae5c,searched_alignment,0,1511691,inv_total_cost/shuffled_donor,inv_total_cost,shuffled_donor,0,scale_separating,8192,0.1207826946504438,0.021872971993191728,0.14789513850425148,0.48299902578364684,0.6922607421875,0.14789978932804554,0.13914210387788065,0.06105846972183854,,,,0.3077392578125,0.0012263529899097108,2.4199948561513738e-06,0.9976806640625,0.11118894111595064,0.01935174557217202,0.694091796875,0.1579080202153617,0.037409739674920506,0.50146484375,,,,,
constructed calibration development; no ordinary-trained replicate claim,v2/work_logs/F15_ND01_v1_run1/evaluation_attempt_1/calibration_0_evaluation.json,93f185c0316f98473723bde71c227962540cc63bebf4cfb8552098dd6434ae5c,searched_alignment,0,1511691,inv_total_cost/shuffled_donor,inv_total_cost,shuffled_donor,1,mixed_near,8192,0.1255049056501037,0.022763491705647794,0.15087574922978111,0.43458132154343543,0.6209716796875,0.1508780791985362,0.14777661324516975,0.09580564712793734,,,,0.3790283203125,0.0011832213793775835,2.2321931551767714e-06,1.0,0.12667822514903332,0.02182889325625388,0.6258544921875,0.15438767820120808,0.032706082525322686,0.492919921875,,,,,
constructed calibration development; no ordinary-trained replicate claim,v2/work_logs/F15_ND01_v1_run1/evaluation_attempt_1/calibration_0_evaluation.json,93f185c0316f98473723bde71c227962540cc63bebf4cfb8552098dd6434ae5c,searched_alignment,0,1511691,inv_total_cost/shuffled_donor,inv_total_cost,shuffled_donor,1,mixed_far,8192,0.10568324620315704,0.018210687915321044,0.13494698186814347,0.542498182848979,0.727783203125,0.13490986353574327,0.11808013007781644,0.09772927886855254,,,,0.272216796875,0.0011756244990384895,2.2302563263400547e-06,0.997314453125,0.08949579492205761,0.013942335715042237,0.8009033203125,0.17844482234349185,0.04874561452991466,0.50146484375,,,,,
constructed calibration development; no ordinary-trained replicate claim,v2/work_logs/F15_ND01_v1_run1/evaluation_attempt_1/calibration_0_evaluation.json,93f185c0316f98473723bde71c227962540cc63bebf4cfb8552098dd6434ae5c,searched_alignment,0,1511691,inv_total_cost/shuffled_donor,inv_total_cost,shuffled_donor,1,preserve_other,8192,0.0959539753065716,0.014275660794317725,0.11948079675963717,0.4608578415447232,0.716552734375,0.11942762455046285,0.0872156275505435,0.11147036208586102,,,,0.283447265625,0.001255665864178512,2.4992464502012316e-06,0.9971923828125,0.07330185332406323,0.007602092896614095,0.775634765625,0.14710626961216305,0.033110842922274994,0.50634765625,,,,,
constructed calibration development; no ordinary-trained replicate claim,v2/work_logs/F15_ND01_v1_run1/evaluation_attempt_1/calibration_0_evaluation.json,93f185c0316f98473723bde71c227962540cc63bebf4cfb8552098dd6434ae5c,searched_alignment,0,1511691,inv_total_cost/shuffled_donor,inv_total_cost,shuffled_donor,1,equal_target,8192,0.09459539112283166,0.013698857066210166,0.117042116634185,0.4198528167424726,0.70361328125,0.11695717897739699,0.08544604417332607,0.11168813026149392,,,,0.29638671875,0.0012190057032952031,2.3894976383525223e-06,0.99609375,0.0747178944231501,0.007302655350187746,0.765869140625,0.14790568785562996,0.033462925866579715,0.505615234375,,,,,
constructed calibration development; no ordinary-trained replicate claim,v2/work_logs/F15_ND01_v1_run1/evaluation_attempt_1/calibration_0_evaluation.json,93f185c0316f98473723bde71c227962540cc63bebf4cfb8552098dd6434ae5c,searched_alignment,0,1511691,inv_total_cost/shuffled_donor,inv_total_cost,shuffled_donor,1,scale_separating,8192,0.11424340310549574,0.019651207494907452,0.14018276461429718,0.551143431282035,0.6700439453125,0.14014654018626244,0.14204694976626944,0.11487072088407384,,,,0.3299560546875,0.0012135403512849416,2.348030611970286e-06,0.9976806640625,0.11295658606706967,0.020174192460039708,0.6895751953125,0.1577213469486909,0.037253646266373286,0.4970703125,,,,,
constructed calibration development; no ordinary-trained replicate claim,v2/work_logs/F15_ND01_v1_run1/evaluation_attempt_1/calibration_0_evaluation.json,93f185c0316f98473723bde71c227962540cc63bebf4cfb8552098dd6434ae5c,searched_alignment,0,1511691,inv_total_cost/untrained,inv_total_cost,untrained,0,mixed_near,8192,0.07637955108450864,0.00902013197537691,0.09497437536186754,0.29694837481213565,0.6163330078125,0.1388551079118805,0.14750084418954393,0.08631642356614344,,,,0.3836669921875,0.12840494729899232,0.0253185358157064,0.686767578125,0.10095588439179574,0.015602722629818,0.5897216796875,0.10947614266956913,0.017650482142363044,0.564208984375,,,,,
constructed calibration development; no ordinary-trained replicate claim,v2/work_logs/F15_ND01_v1_run1/evaluation_attempt_1/calibration_0_evaluation.json,93f185c0316f98473723bde71c227962540cc63bebf4cfb8552098dd6434ae5c,searched_alignment,0,1511691,inv_total_cost/untrained,inv_total_cost,untrained,0,mixed_far,8192,0.11366946652939974,0.019077041054784284,0.13811966208612111,0.4117354147208315,0.621826171875,0.1211018166528353,0.11744343266920904,0.08273240359718605,,,,0.378173828125,0.12666667875313564,0.024044671420189845,0.6795654296875,0.12341327046827147,0.02467031616714733,0.6351318359375,0.12436205088932009,0.0236531162342598,0.6575927734375,,,,,
constructed calibration development; no ordinary-trained replicate claim,v2/work_logs/F15_ND01_v1_run1/evaluation_attempt_1/calibration_0_evaluation.json,93f185c0316f98473723bde71c227962540cc63bebf4cfb8552098dd6434ae5c,searched_alignment,0,1511691,inv_total_cost/untrained,inv_total_cost,untrained,0,preserve_other,8192,0.09603249352507784,0.014192654922514758,0.11913292963120968,0.3819012458279781,0.6220703125,0.10605545176318615,0.08777998047037726,0.08311370493613648,,,,0.3779296875,0.11337966839025593,0.02012154194669657,0.680908203125,0.11339712336050432,0.020677387516804955,0.622314453125,0.11736391822313672,0.021466102426969356,0.604248046875,,,,,
constructed calibration development; no ordinary-trained replicate claim,v2/work_logs/F15_ND01_v1_run1/evaluation_attempt_1/calibration_0_evaluation.json,93f185c0316f98473723bde71c227962540cc63bebf4cfb8552098dd6434ae5c,searched_alignment,0,1511691,inv_total_cost/untrained,inv_total_cost,untrained,0,equal_target,8192,0.09415685781970715,0.013658276413664731,0.11686862886876329,0.37569685636488154,0.61669921875,0.09486263826651158,0.08597183697441549,0.08124812218543317,,,,0.38330078125,0.11905221143276232,0.021374472742844323,0.6593017578125,0.11020874721074204,0.019366920991749723,0.625244140625,0.11217267139838667,0.01968848617587781,0.6190185546875,,,,,
constructed calibration development; no ordinary-trained replicate claim,v2/work_logs/F15_ND01_v1_run1/evaluation_attempt_1/calibration_0_evaluation.json,93f185c0316f98473723bde71c227962540cc63bebf4cfb8552098dd6434ae5c,searched_alignment,0,1511691,inv_total_cost/untrained,inv_total_cost,untrained,0,scale_separating,8192,0.08476396209683519,0.011169355436130037,0.10568517131617867,0.39896116334313825,0.6009521484375,0.12579302525050975,0.13914210387788065,0.08342292273716671,,,,0.3990478515625,0.11701259120633786,0.020877290742705057,0.720947265625,0.10705435932338918,0.01843464919336146,0.5848388671875,0.11224260445894939,0.019251195984687306,0.5877685546875,,,,,
constructed calibration development; no ordinary-trained replicate claim,v2/work_logs/F15_ND01_v1_run1/evaluation_attempt_1/calibration_0_evaluation.json,93f185c0316f98473723bde71c227962540cc63bebf4cfb8552098dd6434ae5c,searched_alignment,0,1511691,inv_total_cost/untrained,inv_total_cost,untrained,1,mixed_near,8192,0.08421905279036981,0.010754007298426673,0.1037015298750538,0.34135897624614436,0.5789794921875,0.15811124809413582,0.14777661324516975,0.08567210583568032,,,,0.4210205078125,0.12888218270441953,0.025544918368065564,0.6795654296875,0.10887040278984601,0.017621522249474365,0.571044921875,0.10143361267745793,0.0158190297942978,0.5863037109375,,,,,
constructed calibration development; no ordinary-trained replicate claim,v2/work_logs/F15_ND01_v1_run1/evaluation_attempt_1/calibration_0_evaluation.json,93f185c0316f98473723bde71c227962540cc63bebf4cfb8552098dd6434ae5c,searched_alignment,0,1511691,inv_total_cost/untrained,inv_total_cost,untrained,1,mixed_far,8192,0.10759237632572699,0.017222660143295154,0.1312351330372136,0.42754532425783565,0.6602783203125,0.12890428974774001,0.11808013007781644,0.08567163650607923,,,,0.3397216796875,0.1294661672753724,0.025161637992776237,0.685791015625,0.12449940278845552,0.023826494294870548,0.6500244140625,0.12313372055470098,0.024499362094294843,0.63134765625,,,,,
constructed calibration development; no ordinary-trained replicate claim,v2/work_logs/F15_ND01_v1_run1/evaluation_attempt_1/calibration_0_evaluation.json,93f185c0316f98473723bde71c227962540cc63bebf4cfb8552098dd6434ae5c,searched_alignment,0,1511691,inv_total_cost/untrained,inv_total_cost,untrained,1,preserve_other,8192,0.09702516739654532,0.014284032645206902,0.11951582591944425,0.4025913598673835,0.612060546875,0.10840311808501413,0.0872156275505435,0.08479489083366001,,,,0.387939453125,0.11740721978297083,0.02097515214112801,0.6663818359375,0.11321238343382008,0.019777797379601208,0.624267578125,0.11413154771599604,0.020603521517316124,0.59716796875,,,,,
constructed calibration development; no ordinary-trained replicate claim,v2/work_logs/F15_ND01_v1_run1/evaluation_attempt_1/calibration_0_evaluation.json,93f185c0316f98473723bde71c227962540cc63bebf4cfb8552098dd6434ae5c,searched_alignment,0,1511691,inv_total_cost/untrained,inv_total_cost,untrained,1,equal_target,8192,0.094868737276976,0.01375134169092064,0.11726611484534072,0.41736120709300273,0.615478515625,0.1079340097351765,0.08544604417332607,0.08576787127768387,,,,0.384521484375,0.11278655138448902,0.01984002034209218,0.6748046875,0.11249520982972294,0.020059103411771,0.61962890625,0.11340254422545458,0.020667669976326495,0.60791015625,,,,,
constructed calibration development; no ordinary-trained replicate claim,v2/work_logs/F15_ND01_v1_run1/evaluation_attempt_1/calibration_0_evaluation.json,93f185c0316f98473723bde71c227962540cc63bebf4cfb8552098dd6434ae5c,searched_alignment,0,1511691,inv_total_cost/untrained,inv_total_cost,untrained,1,scale_separating,8192,0.09070071837525633,0.012368545658692047,0.11121396341598498,0.4316065814568096,0.584228515625,0.14067431050957416,0.14204694976626944,0.08353357337458142,,,,0.415771484375,0.11844006013885071,0.02154070703103792,0.710205078125,0.1128601837835666,0.019378419735237407,0.585205078125,0.10728185863061532,0.01839493122122892,0.5911865234375,,,,,
known-by-construction subset oracle; complete endpoint not assessed,v2/work_logs/F15_ND01_v1_run1/evaluation_attempt_1/calibration_0_evaluation.json,93f185c0316f98473723bde71c227962540cc63bebf4cfb8552098dd6434ae5c,known_subset_oracle,0,1511691,identity/known_subset_oracle,identity,known_subset_oracle,0,mixed_near,8192,0.0014723632948533457,3.387697891973046e-06,0.001840569991055229,0.0056875159782980855,0.98095703125,,,,,,,0.01904296875,,,,,,,,,,"[7,17,18,20,23,25,29,30]",0.008483614279678201,True,True,0.0
known-by-construction subset oracle; complete endpoint not assessed,v2/work_logs/F15_ND01_v1_run1/evaluation_attempt_1/calibration_0_evaluation.json,93f185c0316f98473723bde71c227962540cc63bebf4cfb8552098dd6434ae5c,known_subset_oracle,0,1511691,identity/known_subset_oracle,identity,known_subset_oracle,0,mixed_far,8192,0.0011987505375267798,2.2754482841603286e-06,0.0015084589103321073,0.005099512641181969,1.0,,,,,,,0.0,,,,,,,,,,"[7,17,18,20,23,25,29,30]",0.008483614279678201,True,True,0.0
known-by-construction subset oracle; complete endpoint not assessed,v2/work_logs/F15_ND01_v1_run1/evaluation_attempt_1/calibration_0_evaluation.json,93f185c0316f98473723bde71c227962540cc63bebf4cfb8552098dd6434ae5c,known_subset_oracle,0,1511691,identity/known_subset_oracle,identity,known_subset_oracle,0,preserve_other,8192,0.0013554632871119986,2.8773973400954516e-06,0.00169628928549804,0.005663755781531443,0.9969482421875,,,,,,,0.0030517578125,,,,,,,,,,"[7,17,18,20,23,25,29,30]",0.008483614279678201,True,True,0.0
known-by-construction subset oracle; complete endpoint not assessed,v2/work_logs/F15_ND01_v1_run1/evaluation_attempt_1/calibration_0_evaluation.json,93f185c0316f98473723bde71c227962540cc63bebf4cfb8552098dd6434ae5c,known_subset_oracle,0,1511691,identity/known_subset_oracle,identity,known_subset_oracle,0,equal_target,8192,0.001346482699035147,2.8401745552064097e-06,0.0016852817435688342,0.005711987306420141,0.99658203125,,,,0.0017390504480961609,,,0.00341796875,,,,,,,,,,"[7,17,18,20,23,25,29,30]",0.008483614279678201,True,True,0.0
known-by-construction subset oracle; complete endpoint not assessed,v2/work_logs/F15_ND01_v1_run1/evaluation_attempt_1/calibration_0_evaluation.json,93f185c0316f98473723bde71c227962540cc63bebf4cfb8552098dd6434ae5c,known_subset_oracle,0,1511691,identity/known_subset_oracle,identity,known_subset_oracle,0,scale_separating,8192,0.0013545195974103861,2.87194368843348e-06,0.001694680999018246,0.005449519254275947,0.99658203125,,,,,,,0.00341796875,,,,,,,,,,"[7,17,18,20,23,25,29,30]",0.008483614279678201,True,True,0.0
known-by-construction subset oracle; complete endpoint not assessed,v2/work_logs/F15_ND01_v1_run1/evaluation_attempt_1/calibration_0_evaluation.json,93f185c0316f98473723bde71c227962540cc63bebf4cfb8552098dd6434ae5c,known_subset_oracle,0,1511691,identity/known_subset_oracle,identity,known_subset_oracle,1,mixed_near,8192,0.0014771491408742546,3.3912549971064358e-06,0.0018415360428475018,0.005855420977354808,0.9814453125,,,,,,,0.0185546875,,,,,,,,,,"[0,1,4,6,14,21,22,26]",0.008483614279678201,True,False,0.007637213598470774
known-by-construction subset oracle; complete endpoint not assessed,v2/work_logs/F15_ND01_v1_run1/evaluation_attempt_1/calibration_0_evaluation.json,93f185c0316f98473723bde71c227962540cc63bebf4cfb8552098dd6434ae5c,known_subset_oracle,0,1511691,identity/known_subset_oracle,identity,known_subset_oracle,1,mixed_far,8192,0.0012113251751838111,2.326450767073187e-06,0.0015252707192735286,0.005035373566203982,1.0,,,,,,,0.0,,,,,,,,,,"[0,1,4,6,14,21,22,26]",0.008483614279678201,True,False,0.006609445203375416
known-by-construction subset oracle; complete endpoint not assessed,v2/work_logs/F15_ND01_v1_run1/evaluation_attempt_1/calibration_0_evaluation.json,93f185c0316f98473723bde71c227962540cc63bebf4cfb8552098dd6434ae5c,known_subset_oracle,0,1511691,identity/known_subset_oracle,identity,known_subset_oracle,1,preserve_other,8192,0.0013516462133479623,2.8565686265184157e-06,0.001690138641212139,0.005289740149534705,0.9969482421875,,,,,,,0.0030517578125,,,,,,,,,,"[0,1,4,6,14,21,22,26]",0.008483614279678201,True,False,0.00995090215620251
known-by-construction subset oracle; complete endpoint not assessed,v2/work_logs/F15_ND01_v1_run1/evaluation_attempt_1/calibration_0_evaluation.json,93f185c0316f98473723bde71c227962540cc63bebf4cfb8552098dd6434ae5c,known_subset_oracle,0,1511691,identity/known_subset_oracle,identity,known_subset_oracle,1,equal_target,8192,0.0013310458667771963,2.79932593530487e-06,0.0016731186255925998,0.005295109910460671,0.9952392578125,,,,0.0017487069611583396,,,0.0047607421875,,,,,,,,,,"[0,1,4,6,14,21,22,26]",0.008483614279678201,True,False,0.009440327501209605
known-by-construction subset oracle; complete endpoint not assessed,v2/work_logs/F15_ND01_v1_run1/evaluation_attempt_1/calibration_0_evaluation.json,93f185c0316f98473723bde71c227962540cc63bebf4cfb8552098dd6434ae5c,known_subset_oracle,0,1511691,identity/known_subset_oracle,identity,known_subset_oracle,1,scale_separating,8192,0.0013667803618706532,2.914166871319524e-06,0.0017070931056388002,0.005478031243499215,0.996337890625,,,,,,,0.003662109375,,,,,,,,,,"[0,1,4,6,14,21,22,26]",0.008483614279678201,True,False,0.011747159185074286
constructed calibration development; no ordinary-trained replicate claim,v2/work_logs/F15_ND01_v1_run1/evaluation_attempt_1/calibration_1_evaluation.json,5571209c90c780284068abb28a5a376d7771e0d75e5df755645fa2b98113f8eb,searched_alignment,1,1511692,identity/aligned,identity,aligned,0,mixed_near,8192,0.0014649663666376188,3.3504457471267476e-06,0.0018304222865575986,0.005967171327381671,0.982666015625,0.0017716559020591863,0.16425316504412316,0.16423904603576112,,,,0.017333984375,0.001167703236103708,2.191119958842839e-06,1.0,0.1486354793175806,0.026976711934519785,0.4849853515625,0.1496973840768455,0.027316832288822344,0.47705078125,,,,,
constructed calibration development; no ordinary-trained replicate claim,v2/work_logs/F15_ND01_v1_run1/evaluation_attempt_1/calibration_1_evaluation.json,5571209c90c780284068abb28a5a376d7771e0d75e5df755645fa2b98113f8eb,searched_alignment,1,1511692,identity/aligned,identity,aligned,0,mixed_far,8192,0.0012234988012061073,2.3591108071606783e-06,0.0015359397146895702,0.0052639958215418,1.0,0.0015837736932755382,0.16896015246133966,0.16898287922674846,,,,0.0,0.0012016428630762846,2.2858887896748908e-06,0.998046875,0.14871454872638407,0.02855329427362551,0.7828369140625,0.14917534695847973,0.02860294734158029,0.773193359375,,,,,
constructed calibration development; no ordinary-trained replicate claim,v2/work_logs/F15_ND01_v1_run1/evaluation_attempt_1/calibration_1_evaluation.json,5571209c90c780284068abb28a5a376d7771e0d75e5df755645fa2b98113f8eb,searched_alignment,1,1511692,identity/aligned,identity,aligned,0,preserve_other,8192,0.0013584742127911841,2.8815913067198637e-06,0.0016975250533408524,0.005535352805181359,0.996337890625,0.0016745281406050049,0.16823083924353163,0.16825210516303005,,,,0.003662109375,0.0012229586012354819,2.386482985977255e-06,0.9964599609375,0.14726711361124767,0.02829705959463274,0.5579833984375,0.0012417130648317816,2.438372304423044e-06,0.9964599609375,,,,,
constructed calibration development; no ordinary-trained replicate claim,v2/work_logs/F15_ND01_v1_run1/evaluation_attempt_1/calibration_1_evaluation.json,5571209c90c780284068abb28a5a376d7771e0d75e5df755645fa2b98113f8eb,searched_alignment,1,1511692,identity/aligned,identity,aligned,0,equal_target,8192,0.00133190234546641,2.7802772746284042e-06,0.001667416347115622,0.005727822471106037,0.9969482421875,0.0017227249847764766,1.8463297694032434e-17,0.0017227249847764766,0.0017227249847764766,,,0.0030517578125,0.0012381471467076649,2.422124350668456e-06,0.9969482421875,0.0012381471467076645,2.4221243506684544e-06,0.9969482421875,0.1479704188111714,0.028610328371462393,0.55615234375,,,,,
constructed calibration development; no ordinary-trained replicate claim,v2/work_logs/F15_ND01_v1_run1/evaluation_attempt_1/calibration_1_evaluation.json,5571209c90c780284068abb28a5a376d7771e0d75e5df755645fa2b98113f8eb,searched_alignment,1,1511692,identity/aligned,identity,aligned,0,scale_separating,8192,0.0013577947209472072,2.8841660861523807e-06,0.0016982832761799137,0.005586419941798981,0.9971923828125,0.0016773677642869058,0.1849780359341067,0.18498835154984553,,,,0.0028076171875,0.0012399378147517732,2.459301104670856e-06,0.998291015625,0.16356773098776042,0.03420184980119116,0.541259765625,0.14383209527419738,0.029452373048780147,0.5975341796875,,,,,
constructed calibration development; no ordinary-trained replicate claim,v2/work_logs/F15_ND01_v1_run1/evaluation_attempt_1/calibration_1_evaluation.json,5571209c90c780284068abb28a5a376d7771e0d75e5df755645fa2b98113f8eb,searched_alignment,1,1511692,identity/aligned,identity,aligned,1,mixed_near,8192,0.009178788005871436,0.00016419594206468473,0.012813896443497768,0.04443429871228033,0.8824462890625,0.012849395634661923,0.1627640777064885,0.1577038927100003,,,,0.1175537109375,0.0011909620614806173,2.2464062391076643e-06,1.0,0.14724332894648803,0.02648486739601161,0.4849853515625,0.14925552648433654,0.027180117039268953,0.4774169921875,,,,,
constructed calibration development; no ordinary-trained replicate claim,v2/work_logs/F15_ND01_v1_run1/evaluation_attempt_1/calibration_1_evaluation.json,5571209c90c780284068abb28a5a376d7771e0d75e5df755645fa2b98113f8eb,searched_alignment,1,1511692,identity/aligned,identity,aligned,1,mixed_far,8192,0.007792521553654792,0.00011822347755186183,0.01087306201361244,0.04002005192601332,1.0,0.010933044079661685,0.16830867489067225,0.16468629625729536,,,,0.0,0.0011976653412218883,2.272807692768128e-06,0.996337890625,0.14825903199452828,0.02832935368156668,0.7857666015625,0.14911165285327227,0.028494293394255542,0.782470703125,,,,,
constructed calibration development; no ordinary-trained replicate claim,v2/work_logs/F15_ND01_v1_run1/evaluation_attempt_1/calibration_1_evaluation.json,5571209c90c780284068abb28a5a376d7771e0d75e5df755645fa2b98113f8eb,searched_alignment,1,1511692,identity/aligned,identity,aligned,1,preserve_other,8192,0.011114566906113468,0.0002015730878897022,0.014197643744287367,0.043632654235893575,0.9705810546875,0.014244726763703013,0.1688886712284676,0.1629027264374413,,,,0.0294189453125,0.0012243535946316378,2.3775538531468087e-06,0.9962158203125,0.14768537681580274,0.028528948334353946,0.5601806640625,0.0012422515331084946,2.439039838678157e-06,0.996826171875,,,,,
constructed calibration development; no ordinary-trained replicate claim,v2/work_logs/F15_ND01_v1_run1/evaluation_attempt_1/calibration_1_evaluation.json,5571209c90c780284068abb28a5a376d7771e0d75e5df755645fa2b98113f8eb,searched_alignment,1,1511692,identity/aligned,identity,aligned,1,equal_target,8192,0.010589155208478938,0.00017980993894683558,0.013409322836997981,0.04418743330195496,0.9764404296875,0.013473948340351928,1.7085044840333033e-17,0.013473948340351928,0.013473948340351928,,,0.0235595703125,0.0012484669577906436,2.4819540933473597e-06,0.9954833984375,0.0012484669577906434,2.481954093347359e-06,0.9954833984375,0.1459612205372363,0.02777734101844353,0.5550537109375,,,,,
constructed calibration development; no ordinary-trained replicate claim,v2/work_logs/F15_ND01_v1_run1/evaluation_attempt_1/calibration_1_evaluation.json,5571209c90c780284068abb28a5a376d7771e0d75e5df755645fa2b98113f8eb,searched_alignment,1,1511692,identity/aligned,identity,aligned,1,scale_separating,8192,0.013258458892020637,0.0002662372988005044,0.01631677967003613,0.04438840952333867,0.9652099609375,0.016364789207665806,0.1868605026748611,0.18004713187797397,,,,0.0347900390625,0.001235524793750955,2.4219613944749434e-06,0.9974365234375,0.16491351671782745,0.03490514684599683,0.53662109375,0.14220190660368456,0.028857503687304345,0.60791015625,,,,,
constructed calibration development; no ordinary-trained replicate claim,v2/work_logs/F15_ND01_v1_run1/evaluation_attempt_1/calibration_1_evaluation.json,5571209c90c780284068abb28a5a376d7771e0d75e5df755645fa2b98113f8eb,searched_alignment,1,1511692,identity/permuted_concept,identity,permuted_concept,0,mixed_near,8192,0.0014649663666376188,3.3504457471267476e-06,0.0018304222865575986,0.005967171327381671,0.982666015625,0.0017716559020591863,0.16425316504412316,0.16423904603576112,,,,0.017333984375,0.001167703236103708,2.191119958842839e-06,1.0,0.1486354793175806,0.026976711934519785,0.4849853515625,0.1496973840768455,0.027316832288822344,0.47705078125,,,,,
constructed calibration development; no ordinary-trained replicate claim,v2/work_logs/F15_ND01_v1_run1/evaluation_attempt_1/calibration_1_evaluation.json,5571209c90c780284068abb28a5a376d7771e0d75e5df755645fa2b98113f8eb,searched_alignment,1,1511692,identity/permuted_concept,identity,permuted_concept,0,mixed_far,8192,0.0012234988012061073,2.3591108071606783e-06,0.0015359397146895702,0.0052639958215418,1.0,0.0015837736932755382,0.16896015246133966,0.16898287922674846,,,,0.0,0.0012016428630762846,2.2858887896748908e-06,0.998046875,0.14871454872638407,0.02855329427362551,0.7828369140625,0.14917534695847973,0.02860294734158029,0.773193359375,,,,,
constructed calibration development; no ordinary-trained replicate claim,v2/work_logs/F15_ND01_v1_run1/evaluation_attempt_1/calibration_1_evaluation.json,5571209c90c780284068abb28a5a376d7771e0d75e5df755645fa2b98113f8eb,searched_alignment,1,1511692,identity/permuted_concept,identity,permuted_concept,0,preserve_other,8192,0.0013584742127911841,2.8815913067198637e-06,0.0016975250533408524,0.005535352805181359,0.996337890625,0.0016745281406050049,0.16823083924353163,0.16825210516303005,,,,0.003662109375,0.0012229586012354819,2.386482985977255e-06,0.9964599609375,0.14726711361124767,0.02829705959463274,0.5579833984375,0.0012417130648317816,2.438372304423044e-06,0.9964599609375,,,,,
constructed calibration development; no ordinary-trained replicate claim,v2/work_logs/F15_ND01_v1_run1/evaluation_attempt_1/calibration_1_evaluation.json,5571209c90c780284068abb28a5a376d7771e0d75e5df755645fa2b98113f8eb,searched_alignment,1,1511692,identity/permuted_concept,identity,permuted_concept,0,equal_target,8192,0.00133190234546641,2.7802772746284042e-06,0.001667416347115622,0.005727822471106037,0.9969482421875,0.0017227249847764766,1.8463297694032434e-17,0.0017227249847764766,0.0017227249847764766,,,0.0030517578125,0.0012381471467076649,2.422124350668456e-06,0.9969482421875,0.0012381471467076645,2.4221243506684544e-06,0.9969482421875,0.1479704188111714,0.028610328371462393,0.55615234375,,,,,
constructed calibration development; no ordinary-trained replicate claim,v2/work_logs/F15_ND01_v1_run1/evaluation_attempt_1/calibration_1_evaluation.json,5571209c90c780284068abb28a5a376d7771e0d75e5df755645fa2b98113f8eb,searched_alignment,1,1511692,identity/permuted_concept,identity,permuted_concept,0,scale_separating,8192,0.0013577947209472072,2.8841660861523807e-06,0.0016982832761799137,0.005586419941798981,0.9971923828125,0.0016773677642869058,0.1849780359341067,0.18498835154984553,,,,0.0028076171875,0.0012399378147517732,2.459301104670856e-06,0.998291015625,0.16356773098776042,0.03420184980119116,0.541259765625,0.14383209527419738,0.029452373048780147,0.5975341796875,,,,,
constructed calibration development; no ordinary-trained replicate claim,v2/work_logs/F15_ND01_v1_run1/evaluation_attempt_1/calibration_1_evaluation.json,5571209c90c780284068abb28a5a376d7771e0d75e5df755645fa2b98113f8eb,searched_alignment,1,1511692,identity/permuted_concept,identity,permuted_concept,1,mixed_near,8192,0.0014794220130575817,3.407968667635367e-06,0.001846068435252433,0.005634890027490402,0.983154296875,0.0017941470794208849,0.1627640777064885,0.1627707634090122,,,,0.016845703125,0.0011909620614806173,2.2464062391076643e-06,1.0,0.14724332894648803,0.02648486739601161,0.4849853515625,0.14925552648433654,0.027180117039268953,0.4774169921875,,,,,
constructed calibration development; no ordinary-trained replicate claim,v2/work_logs/F15_ND01_v1_run1/evaluation_attempt_1/calibration_1_evaluation.json,5571209c90c780284068abb28a5a376d7771e0d75e5df755645fa2b98113f8eb,searched_alignment,1,1511692,identity/permuted_concept,identity,permuted_concept,1,mixed_far,8192,0.0012219122761871612,2.3277203804710426e-06,0.0015256868553117453,0.005017233815463706,1.0,0.0015831470487610384,0.16830867489067225,0.16834475180750805,,,,0.0,0.0011976653412218883,2.272807692768128e-06,0.996337890625,0.14825903199452828,0.02832935368156668,0.7857666015625,0.14911165285327227,0.028494293394255542,0.782470703125,,,,,
constructed calibration development; no ordinary-trained replicate claim,v2/work_logs/F15_ND01_v1_run1/evaluation_attempt_1/calibration_1_evaluation.json,5571209c90c780284068abb28a5a376d7771e0d75e5df755645fa2b98113f8eb,searched_alignment,1,1511692,identity/permuted_concept,identity,permuted_concept,1,preserve_other,8192,0.001356354458707171,2.882514571285195e-06,0.001697796975873498,0.005431922507156295,0.9969482421875,0.001702092799958726,0.1688886712284676,0.16890098253542035,,,,0.0030517578125,0.0012243535946316378,2.3775538531468087e-06,0.9962158203125,0.14768537681580274,0.028528948334353946,0.5601806640625,0.0012422515331084946,2.439039838678157e-06,0.996826171875,,,,,
constructed calibration development; no ordinary-trained replicate claim,v2/work_logs/F15_ND01_v1_run1/evaluation_attempt_1/calibration_1_evaluation.json,5571209c90c780284068abb28a5a376d7771e0d75e5df755645fa2b98113f8eb,searched_alignment,1,1511692,identity/permuted_concept,identity,permuted_concept,1,equal_target,8192,0.0013486837156374638,2.8548972610017873e-06,0.0016896441225896616,0.005395499970808126,0.9967041015625,0.0017363363161591173,1.7085044840333033e-17,0.0017363363161591171,0.0017363363161591171,,,0.0032958984375,0.0012484669577906436,2.4819540933473597e-06,0.9954833984375,0.0012484669577906434,2.481954093347359e-06,0.9954833984375,0.1459612205372363,0.02777734101844353,0.5550537109375,,,,,
constructed calibration development; no ordinary-trained replicate claim,v2/work_logs/F15_ND01_v1_run1/evaluation_attempt_1/calibration_1_evaluation.json,5571209c90c780284068abb28a5a376d7771e0d75e5df755645fa2b98113f8eb,searched_alignment,1,1511692,identity/permuted_concept,identity,permuted_concept,1,scale_separating,8192,0.001360246864879074,2.912315579298957e-06,0.0017065507842718764,0.00577041691559671,0.9957275390625,0.0016902597826881755,0.1868605026748611,0.18684692506335857,,,,0.0042724609375,0.001235524793750955,2.4219613944749434e-06,0.9974365234375,0.16491351671782745,0.03490514684599683,0.53662109375,0.14220190660368456,0.028857503687304345,0.60791015625,,,,,
constructed calibration development; no ordinary-trained replicate claim,v2/work_logs/F15_ND01_v1_run1/evaluation_attempt_1/calibration_1_evaluation.json,5571209c90c780284068abb28a5a376d7771e0d75e5df755645fa2b98113f8eb,searched_alignment,1,1511692,identity/random,identity,random,0,mixed_near,8192,0.08076462560503567,0.009125662608652493,0.09552833406195511,0.272034111953124,0.57568359375,0.09556460929616742,0.16425316504412316,0.1323462223442361,,,,0.42431640625,0.001167703236103708,2.191119958842839e-06,1.0,0.1486354793175806,0.026976711934519785,0.4849853515625,0.1496973840768455,0.027316832288822344,0.47705078125,,,,,
constructed calibration development; no ordinary-trained replicate claim,v2/work_logs/F15_ND01_v1_run1/evaluation_attempt_1/calibration_1_evaluation.json,5571209c90c780284068abb28a5a376d7771e0d75e5df755645fa2b98113f8eb,searched_alignment,1,1511692,identity/random,identity,random,0,mixed_far,8192,0.06173315378892496,0.00552594754674489,0.07433671735249607,0.2888525689618797,0.9930419921875,0.07436605628870843,0.16896015246133966,0.1740743175367998,,,,0.0069580078125,0.0012016428630762846,2.2858887896748908e-06,0.998046875,0.14871454872638407,0.02855329427362551,0.7828369140625,0.14917534695847973,0.02860294734158029,0.773193359375,,,,,
constructed calibration development; no ordinary-trained replicate claim,v2/work_logs/F15_ND01_v1_run1/evaluation_attempt_1/calibration_1_evaluation.json,5571209c90c780284068abb28a5a376d7771e0d75e5df755645fa2b98113f8eb,searched_alignment,1,1511692,identity/random,identity,random,0,preserve_other,8192,0.05346091921633842,0.004098548793039132,0.06401990934888249,0.20472062684919434,0.8642578125,0.06405623968411624,0.16823083924353163,0.15203849374666867,,,,0.1357421875,0.0012229586012354819,2.386482985977255e-06,0.9964599609375,0.14726711361124767,0.02829705959463274,0.5579833984375,0.0012417130648317816,2.438372304423044e-06,0.9964599609375,,,,,
constructed calibration development; no ordinary-trained replicate claim,v2/work_logs/F15_ND01_v1_run1/evaluation_attempt_1/calibration_1_evaluation.json,5571209c90c780284068abb28a5a376d7771e0d75e5df755645fa2b98113f8eb,searched_alignment,1,1511692,identity/random,identity,random,0,equal_target,8192,0.08413516314638683,0.009032243445577633,0.09503811575140593,0.25430044075876695,0.848388671875,0.09506186358019059,1.8463297694032434e-17,0.0950618635801906,0.0950618635801906,,,0.151611328125,0.0012381471467076649,2.422124350668456e-06,0.9969482421875,0.0012381471467076645,2.4221243506684544e-06,0.9969482421875,0.1479704188111714,0.028610328371462393,0.55615234375,,,,,
constructed calibration development; no ordinary-trained replicate claim,v2/work_logs/F15_ND01_v1_run1/evaluation_attempt_1/calibration_1_evaluation.json,5571209c90c780284068abb28a5a376d7771e0d75e5df755645fa2b98113f8eb,searched_alignment,1,1511692,identity/random,identity,random,0,scale_separating,8192,0.09188759637829756,0.0110552224057965,0.1051438177250403,0.2756809851421295,0.8131103515625,0.10521244887086043,0.1849780359341067,0.16850545215705637,,,,0.1868896484375,0.0012399378147517732,2.459301104670856e-06,0.998291015625,0.16356773098776042,0.03420184980119116,0.541259765625,0.14383209527419738,0.029452373048780147,0.5975341796875,,,,,
constructed calibration development; no ordinary-trained replicate claim,v2/work_logs/F15_ND01_v1_run1/evaluation_attempt_1/calibration_1_evaluation.json,5571209c90c780284068abb28a5a376d7771e0d75e5df755645fa2b98113f8eb,searched_alignment,1,1511692,identity/random,identity,random,1,mixed_near,8192,0.024060210186410032,0.0008581648334393148,0.02929445055704774,0.09822569338635656,0.72998046875,0.029279180720859964,0.1627640777064885,0.1857420647644521,,,,0.27001953125,0.0011909620614806173,2.2464062391076643e-06,1.0,0.14724332894648803,0.02648486739601161,0.4849853515625,0.14925552648433654,0.027180117039268953,0.4774169921875,,,,,
constructed calibration development; no ordinary-trained replicate claim,v2/work_logs/F15_ND01_v1_run1/evaluation_attempt_1/calibration_1_evaluation.json,5571209c90c780284068abb28a5a376d7771e0d75e5df755645fa2b98113f8eb,searched_alignment,1,1511692,identity/random,identity,random,1,mixed_far,8192,0.018426319840658584,0.0005493549787222698,0.02343832286496348,0.08188621920702382,1.0,0.02345570827584484,0.16830867489067225,0.18418062427282092,,,,0.0,0.0011976653412218883,2.272807692768128e-06,0.996337890625,0.14825903199452828,0.02832935368156668,0.7857666015625,0.14911165285327227,0.028494293394255542,0.782470703125,,,,,
constructed calibration development; no ordinary-trained replicate claim,v2/work_logs/F15_ND01_v1_run1/evaluation_attempt_1/calibration_1_evaluation.json,5571209c90c780284068abb28a5a376d7771e0d75e5df755645fa2b98113f8eb,searched_alignment,1,1511692,identity/random,identity,random,1,preserve_other,8192,0.022930770512091306,0.0007722632469802,0.027789624808194153,0.09531185090104133,0.945068359375,0.027805356429031695,0.1688886712284676,0.1886891706806872,,,,0.054931640625,0.0012243535946316378,2.3775538531468087e-06,0.9962158203125,0.14768537681580274,0.028528948334353946,0.5601806640625,0.0012422515331084946,2.439039838678157e-06,0.996826171875,,,,,
constructed calibration development; no ordinary-trained replicate claim,v2/work_logs/F15_ND01_v1_run1/evaluation_attempt_1/calibration_1_evaluation.json,5571209c90c780284068abb28a5a376d7771e0d75e5df755645fa2b98113f8eb,searched_alignment,1,1511692,identity/random,identity,random,1,equal_target,8192,0.017521382619336286,0.0004670022660249617,0.02161023521447561,0.07064617469700163,0.9505615234375,0.02158371823272935,1.7085044840333033e-17,0.02158371823272935,0.02158371823272935,,,0.0494384765625,0.0012484669577906436,2.4819540933473597e-06,0.9954833984375,0.0012484669577906434,2.481954093347359e-06,0.9954833984375,0.1459612205372363,0.02777734101844353,0.5550537109375,,,,,
constructed calibration development; no ordinary-trained replicate claim,v2/work_logs/F15_ND01_v1_run1/evaluation_attempt_1/calibration_1_evaluation.json,5571209c90c780284068abb28a5a376d7771e0d75e5df755645fa2b98113f8eb,searched_alignment,1,1511692,identity/random,identity,random,1,scale_separating,8192,0.027274475096419178,0.0010724300267124709,0.032747977444606724,0.09028674130839753,0.92919921875,0.032717306270461884,0.1868605026748611,0.21146843963210815,,,,0.07080078125,0.001235524793750955,2.4219613944749434e-06,0.9974365234375,0.16491351671782745,0.03490514684599683,0.53662109375,0.14220190660368456,0.028857503687304345,0.60791015625,,,,,
constructed calibration development; no ordinary-trained replicate claim,v2/work_logs/F15_ND01_v1_run1/evaluation_attempt_1/calibration_1_evaluation.json,5571209c90c780284068abb28a5a376d7771e0d75e5df755645fa2b98113f8eb,searched_alignment,1,1511692,identity/shuffled_donor,identity,shuffled_donor,0,mixed_near,8192,0.1071276731121123,0.017031518930412326,0.13050486171178577,0.3806175924800345,0.5294189453125,0.13052057492657482,0.16425316504412316,0.13753904703559794,,,,0.4705810546875,0.001167703236103708,2.191119958842839e-06,1.0,0.1486354793175806,0.026976711934519785,0.4849853515625,0.14726531461968057,0.027450362966412498,0.498291015625,,,,,
constructed calibration development; no ordinary-trained replicate claim,v2/work_logs/F15_ND01_v1_run1/evaluation_attempt_1/calibration_1_evaluation.json,5571209c90c780284068abb28a5a376d7771e0d75e5df755645fa2b98113f8eb,searched_alignment,1,1511692,identity/shuffled_donor,identity,shuffled_donor,0,mixed_far,8192,0.1352390387407115,0.028850353339228623,0.16985391764462962,0.48514968662891433,0.76123046875,0.16985813259613228,0.16896015246133966,0.1524907634335286,,,,0.23876953125,0.0012016428630762846,2.2858887896748908e-06,0.998046875,0.14871454872638407,0.02855329427362551,0.7828369140625,0.23045737743473285,0.07466886603640913,0.50390625,,,,,
constructed calibration development; no ordinary-trained replicate claim,v2/work_logs/F15_ND01_v1_run1/evaluation_attempt_1/calibration_1_evaluation.json,5571209c90c780284068abb28a5a376d7771e0d75e5df755645fa2b98113f8eb,searched_alignment,1,1511692,identity/shuffled_donor,identity,shuffled_donor,0,preserve_other,8192,0.12244965288126805,0.023098267847265465,0.15198114306474164,0.45531127955545175,0.6165771484375,0.15198705076436217,0.16823083924353163,0.1452542947891415,,,,0.3834228515625,0.0012229586012354819,2.386482985977255e-06,0.9964599609375,0.14726711361124767,0.02829705959463274,0.5579833984375,0.16194303872563434,0.04018085432726045,0.50390625,,,,,
constructed calibration development; no ordinary-trained replicate claim,v2/work_logs/F15_ND01_v1_run1/evaluation_attempt_1/calibration_1_evaluation.json,5571209c90c780284068abb28a5a376d7771e0d75e5df755645fa2b98113f8eb,searched_alignment,1,1511692,identity/shuffled_donor,identity,shuffled_donor,0,equal_target,8192,0.08669243988136613,0.011497112681222395,0.10722458990932254,0.35649387475191946,0.76806640625,0.10723084743668475,1.8463297694032434e-17,0.10723084743668475,0.10723084743668475,,,0.23193359375,0.0012381471467076649,2.422124350668456e-06,0.9969482421875,0.0012381471467076645,2.4221243506684544e-06,0.9969482421875,0.16078855229293626,0.03946882238224467,0.505126953125,,,,,
constructed calibration development; no ordinary-trained replicate claim,v2/work_logs/F15_ND01_v1_run1/evaluation_attempt_1/calibration_1_evaluation.json,5571209c90c780284068abb28a5a376d7771e0d75e5df755645fa2b98113f8eb,searched_alignment,1,1511692,identity/shuffled_donor,identity,shuffled_donor,0,scale_separating,8192,0.12490308289567893,0.023808317414871216,0.154299440747111,0.48130878660797516,0.64208984375,0.15430996912896697,0.1849780359341067,0.1495496715283469,,,,0.35791015625,0.0012399378147517732,2.459301104670856e-06,0.998291015625,0.16356773098776042,0.03420184980119116,0.541259765625,0.1766383177348465,0.047253775521136444,0.4891357421875,,,,,
constructed calibration development; no ordinary-trained replicate claim,v2/work_logs/F15_ND01_v1_run1/evaluation_attempt_1/calibration_1_evaluation.json,5571209c90c780284068abb28a5a376d7771e0d75e5df755645fa2b98113f8eb,searched_alignment,1,1511692,identity/shuffled_donor,identity,shuffled_donor,1,mixed_near,8192,0.10832142254458649,0.017330614058419902,0.13164579012797903,0.3589782618749451,0.525634765625,0.1316848684336958,0.1627640777064885,0.131947968390832,,,,0.474365234375,0.0011909620614806173,2.2464062391076643e-06,1.0,0.14724332894648803,0.02648486739601161,0.4849853515625,0.14806238873955047,0.02775509767881225,0.491943359375,,,,,
constructed calibration development; no ordinary-trained replicate claim,v2/work_logs/F15_ND01_v1_run1/evaluation_attempt_1/calibration_1_evaluation.json,5571209c90c780284068abb28a5a376d7771e0d75e5df755645fa2b98113f8eb,searched_alignment,1,1511692,identity/shuffled_donor,identity,shuffled_donor,1,mixed_far,8192,0.13365893562606945,0.028081075603571766,0.16757408989331188,0.46911288217915825,0.767822265625,0.1675651148327173,0.16830867489067225,0.14765172087612502,,,,0.232177734375,0.0011976653412218883,2.272807692768128e-06,0.996337890625,0.14825903199452828,0.02832935368156668,0.7857666015625,0.23574665125261396,0.07753861113285196,0.491943359375,,,,,
constructed calibration development; no ordinary-trained replicate claim,v2/work_logs/F15_ND01_v1_run1/evaluation_attempt_1/calibration_1_evaluation.json,5571209c90c780284068abb28a5a376d7771e0d75e5df755645fa2b98113f8eb,searched_alignment,1,1511692,identity/shuffled_donor,identity,shuffled_donor,1,preserve_other,8192,0.12418065689697669,0.023495099924546098,0.15328111405044686,0.4351306550936786,0.6156005859375,0.15327331073442063,0.1688886712284676,0.14097690998843704,,,,0.3843994140625,0.0012243535946316378,2.3775538531468087e-06,0.9962158203125,0.14768537681580274,0.028528948334353946,0.5601806640625,0.16219207523184453,0.04013067203888742,0.50244140625,,,,,
constructed calibration development; no ordinary-trained replicate claim,v2/work_logs/F15_ND01_v1_run1/evaluation_attempt_1/calibration_1_evaluation.json,5571209c90c780284068abb28a5a376d7771e0d75e5df755645fa2b98113f8eb,searched_alignment,1,1511692,identity/shuffled_donor,identity,shuffled_donor,1,equal_target,8192,0.0847999536909925,0.01101992450826917,0.10497582820949387,0.32136767403311783,0.767578125,0.10497070509016124,1.7085044840333033e-17,0.10497070509016124,0.10497070509016124,,,0.232421875,0.0012484669577906436,2.4819540933473597e-06,0.9954833984375,0.0012484669577906434,2.481954093347359e-06,0.9954833984375,0.16109734189575936,0.039961764466809255,0.510498046875,,,,,
constructed calibration development; no ordinary-trained replicate claim,v2/work_logs/F15_ND01_v1_run1/evaluation_attempt_1/calibration_1_evaluation.json,5571209c90c780284068abb28a5a376d7771e0d75e5df755645fa2b98113f8eb,searched_alignment,1,1511692,identity/shuffled_donor,identity,shuffled_donor,1,scale_separating,8192,0.1282436765649349,0.02462399120553185,0.15692033394538724,0.49771126083512685,0.638427734375,0.15693212385006686,0.1868605026748611,0.14453260597389678,,,,0.361572265625,0.001235524793750955,2.4219613944749434e-06,0.9974365234375,0.16491351671782745,0.03490514684599683,0.53662109375,0.17141659100648798,0.04465710666368296,0.5145263671875,,,,,
constructed calibration development; no ordinary-trained replicate claim,v2/work_logs/F15_ND01_v1_run1/evaluation_attempt_1/calibration_1_evaluation.json,5571209c90c780284068abb28a5a376d7771e0d75e5df755645fa2b98113f8eb,searched_alignment,1,1511692,identity/untrained,identity,untrained,0,mixed_near,8192,0.09342080127313815,0.011657410508157679,0.1079694887834414,0.2959899276873649,0.520751953125,0.12283283184416746,0.16425316504412316,0.05130065528661729,,,,0.479248046875,0.14027477661358168,0.029158395338238864,0.5389404296875,0.09455077138652285,0.011779655632595525,0.505615234375,0.0913846270406604,0.010985228937130886,0.505615234375,,,,,
constructed calibration development; no ordinary-trained replicate claim,v2/work_logs/F15_ND01_v1_run1/evaluation_attempt_1/calibration_1_evaluation.json,5571209c90c780284068abb28a5a376d7771e0d75e5df755645fa2b98113f8eb,searched_alignment,1,1511692,identity/untrained,identity,untrained,0,mixed_far,8192,0.16468270377720706,0.03939431123025127,0.19848000209152375,0.4810173182038414,0.63330078125,0.12133149829612254,0.16896015246133966,0.06317734756494878,,,,0.36669921875,0.15482564105683055,0.03713445380374185,0.46044921875,0.20524430910088073,0.054387718656508786,0.5025634765625,0.20002121290190517,0.05234795987262897,0.502685546875,,,,,
constructed calibration development; no ordinary-trained replicate claim,v2/work_logs/F15_ND01_v1_run1/evaluation_attempt_1/calibration_1_evaluation.json,5571209c90c780284068abb28a5a376d7771e0d75e5df755645fa2b98113f8eb,searched_alignment,1,1511692,identity/untrained,identity,untrained,0,preserve_other,8192,0.1317729531683302,0.02534689180805997,0.15920707210441365,0.46366341716767806,0.530029296875,0.1228415582449927,0.16823083924353163,0.054747981869837876,,,,0.469970703125,0.1473085686085519,0.03152484689197635,0.408935546875,0.14562503333021515,0.031040184767158842,0.468505859375,0.13586595745070196,0.02752397520103916,0.468505859375,,,,,
constructed calibration development; no ordinary-trained replicate claim,v2/work_logs/F15_ND01_v1_run1/evaluation_attempt_1/calibration_1_evaluation.json,5571209c90c780284068abb28a5a376d7771e0d75e5df755645fa2b98113f8eb,searched_alignment,1,1511692,identity/untrained,identity,untrained,0,equal_target,8192,0.11368231190336622,0.02050260516237553,0.1431873079653903,0.4722249392598215,0.585693359375,0.033440093665424886,1.8463297694032434e-17,0.033440093665424886,0.033440093665424886,,,0.414306640625,0.11859429549699954,0.022616121572560488,0.5880126953125,0.11859429549699954,0.022616121572560488,0.5880126953125,0.12508533356504006,0.024472049224748577,0.5880126953125,,,,,
constructed calibration development; no ordinary-trained replicate claim,v2/work_logs/F15_ND01_v1_run1/evaluation_attempt_1/calibration_1_evaluation.json,5571209c90c780284068abb28a5a376d7771e0d75e5df755645fa2b98113f8eb,searched_alignment,1,1511692,identity/untrained,identity,untrained,0,scale_separating,8192,0.12081963852365528,0.022003383630420842,0.14833537551919584,0.46974622063249355,0.5667724609375,0.1407398672287045,0.1849780359341067,0.06001062125880428,,,,0.4332275390625,0.14657445198874264,0.032694957958694953,0.5059814453125,0.14070704918066299,0.02949662508555731,0.4913330078125,0.13749468357614372,0.028218859553901413,0.4913330078125,,,,,
constructed calibration development; no ordinary-trained replicate claim,v2/work_logs/F15_ND01_v1_run1/evaluation_attempt_1/calibration_1_evaluation.json,5571209c90c780284068abb28a5a376d7771e0d75e5df755645fa2b98113f8eb,searched_alignment,1,1511692,identity/untrained,identity,untrained,1,mixed_near,8192,0.10310902240428252,0.016457437861665224,0.1282865459105717,0.3975553265243109,0.5347900390625,0.1554359378437102,0.1627640777064885,0.08721130275743498,,,,0.4652099609375,0.1542763030260117,0.03514380180308521,0.456787109375,0.09068423427899942,0.010767045490849527,0.5054931640625,0.09596086716609226,0.011985841199181599,0.5054931640625,,,,,
constructed calibration development; no ordinary-trained replicate claim,v2/work_logs/F15_ND01_v1_run1/evaluation_attempt_1/calibration_1_evaluation.json,5571209c90c780284068abb28a5a376d7771e0d75e5df755645fa2b98113f8eb,searched_alignment,1,1511692,identity/untrained,identity,untrained,1,mixed_far,8192,0.13085622245155737,0.027674058930918035,0.16635521912737825,0.5851092218083631,0.8033447265625,0.12912501320123002,0.16830867489067225,0.13265726937651628,,,,0.1966552734375,0.1423360492870886,0.031228427057412765,0.5284423828125,0.2008533566887139,0.05283896673946217,0.495849609375,0.20622173482835024,0.05483207068671372,0.495849609375,,,,,
constructed calibration development; no ordinary-trained replicate claim,v2/work_logs/F15_ND01_v1_run1/evaluation_attempt_1/calibration_1_evaluation.json,5571209c90c780284068abb28a5a376d7771e0d75e5df755645fa2b98113f8eb,searched_alignment,1,1511692,identity/untrained,identity,untrained,1,preserve_other,8192,0.11587854965601524,0.021419923803995482,0.14635547070060442,0.5522273455054285,0.634765625,0.10877764413252403,0.1688886712284676,0.09353030536080871,,,,0.365234375,0.11895774844683588,0.02275391325837203,0.5921630859375,0.13356855235164283,0.02765962984458268,0.5401611328125,0.1287301927610317,0.026153869464065428,0.540283203125,,,,,
constructed calibration development; no ordinary-trained replicate claim,v2/work_logs/F15_ND01_v1_run1/evaluation_attempt_1/calibration_1_evaluation.json,5571209c90c780284068abb28a5a376d7771e0d75e5df755645fa2b98113f8eb,searched_alignment,1,1511692,identity/untrained,identity,untrained,1,equal_target,8192,0.12331444274063205,0.02370566852388182,0.15396645259238073,0.5765155767942147,0.6568603515625,0.09984093608617357,1.7085044840333033e-17,0.09984093608617359,0.09984093608617359,,,0.3431396484375,0.14683528695618303,0.03152811643911905,0.414306640625,0.14683528695618303,0.03152811643911905,0.414306640625,0.15516959692057003,0.03474113515494342,0.414306640625,,,,,
constructed calibration development; no ordinary-trained replicate claim,v2/work_logs/F15_ND01_v1_run1/evaluation_attempt_1/calibration_1_evaluation.json,5571209c90c780284068abb28a5a376d7771e0d75e5df755645fa2b98113f8eb,searched_alignment,1,1511692,identity/untrained,identity,untrained,1,scale_separating,8192,0.11206059890008019,0.02027149940033353,0.1423780158603621,0.6017822447288982,0.728515625,0.15605801165534386,0.1868605026748611,0.1241807845632712,,,,0.271484375,0.14921838506227875,0.034383538728869116,0.4925537109375,0.1380484024880096,0.028501123606054345,0.502197265625,0.13751128885079636,0.02897473753207357,0.502197265625,,,,,
constructed calibration development; no ordinary-trained replicate claim,v2/work_logs/F15_ND01_v1_run1/evaluation_attempt_1/calibration_1_evaluation.json,5571209c90c780284068abb28a5a376d7771e0d75e5df755645fa2b98113f8eb,searched_alignment,1,1511692,inv_eta/aligned,inv_eta,aligned,0,mixed_near,8192,0.0012869286687132069,2.620280225014124e-06,0.0016187279651053552,0.005343779264535553,0.9942626953125,0.0014662404906646952,0.13069042954064436,0.13069273890719804,,,,0.0057373046875,0.001167703236103708,2.191119958842839e-06,1.0,0.11014750816511809,0.017085460494724314,0.7353515625,0.19665751321900626,0.05039196843108765,0.2520751953125,,,,,
constructed calibration development; no ordinary-trained replicate claim,v2/work_logs/F15_ND01_v1_run1/evaluation_attempt_1/calibration_1_evaluation.json,5571209c90c780284068abb28a5a376d7771e0d75e5df755645fa2b98113f8eb,searched_alignment,1,1511692,inv_eta/aligned,inv_eta,aligned,0,mixed_far,8192,0.0010918227394078632,1.913379540725599e-06,0.001383249630661653,0.005314680255819604,0.99951171875,0.001367391889646984,0.14783263275629036,0.14787455787111664,,,,0.00048828125,0.0012016428630762846,2.2858887896748908e-06,0.998046875,0.1249387859298382,0.02186443300764013,0.7857666015625,0.17338343420046232,0.041341815923417374,0.76806640625,,,,,
constructed calibration development; no ordinary-trained replicate claim,v2/work_logs/F15_ND01_v1_run1/evaluation_attempt_1/calibration_1_evaluation.json,5571209c90c780284068abb28a5a376d7771e0d75e5df755645fa2b98113f8eb,searched_alignment,1,1511692,inv_eta/aligned,inv_eta,aligned,0,preserve_other,8192,0.0012364712484366368,2.418237095797344e-06,0.0015550681965101542,0.005270960341962283,0.9959716796875,0.0014400615152167077,0.13446587260159182,0.13450590439389873,,,,0.0040283203125,0.0012229586012354819,2.386482985977255e-06,0.9964599609375,0.1078601765331379,0.018082390069293106,0.6766357421875,0.07729747251991176,0.007165186530968332,0.7908935546875,,,,,
constructed calibration development; no ordinary-trained replicate claim,v2/work_logs/F15_ND01_v1_run1/evaluation_attempt_1/calibration_1_evaluation.json,5571209c90c780284068abb28a5a376d7771e0d75e5df755645fa2b98113f8eb,searched_alignment,1,1511692,inv_eta/aligned,inv_eta,aligned,0,equal_target,8192,0.0011420482854849808,2.1048445678510993e-06,0.0014508082464099448,0.0051089162139563715,0.997802734375,0.0014707594812589841,0.08043524316199815,0.08044443718543687,,,,0.002197265625,0.0012381471467076649,2.422124350668456e-06,0.9969482421875,0.0742773598171456,0.006478975783299223,0.8349609375,0.19322909828946203,0.05017436637942499,0.4906005859375,,,,,
constructed calibration development; no ordinary-trained replicate claim,v2/work_logs/F15_ND01_v1_run1/evaluation_attempt_1/calibration_1_evaluation.json,5571209c90c780284068abb28a5a376d7771e0d75e5df755645fa2b98113f8eb,searched_alignment,1,1511692,inv_eta/aligned,inv_eta,aligned,0,scale_separating,8192,0.0012373799612079989,2.43488409784015e-06,0.0015604115155433036,0.005670612715362733,0.9974365234375,0.001445287533494233,0.14453362670808653,0.14457738195190709,,,,0.0025634765625,0.0012399378147517732,2.459301104670856e-06,0.998291015625,0.11912084857149723,0.020891683582049767,0.69921875,0.20215903686065503,0.05850236069645721,0.4630126953125,,,,,
constructed calibration development; no ordinary-trained replicate claim,v2/work_logs/F15_ND01_v1_run1/evaluation_attempt_1/calibration_1_evaluation.json,5571209c90c780284068abb28a5a376d7771e0d75e5df755645fa2b98113f8eb,searched_alignment,1,1511692,inv_eta/aligned,inv_eta,aligned,1,mixed_near,8192,0.027009761568048032,0.0010383866683785874,0.03222400763993497,0.09051118804201169,0.9520263671875,0.03219778718728443,0.2201888178327902,0.24952021632926752,,,,0.0479736328125,0.0011909620614806173,2.2464062391076643e-06,1.0,0.1914815722452115,0.04846665691600795,0.2718505859375,0.11145170169046134,0.01751746283101043,0.7220458984375,,,,,
constructed calibration development; no ordinary-trained replicate claim,v2/work_logs/F15_ND01_v1_run1/evaluation_attempt_1/calibration_1_evaluation.json,5571209c90c780284068abb28a5a376d7771e0d75e5df755645fa2b98113f8eb,searched_alignment,1,1511692,inv_eta/aligned,inv_eta,aligned,1,mixed_far,8192,0.020912587975261875,0.0006368406582859487,0.025235702056529925,0.0904606097086107,0.9814453125,0.025223585577936154,0.20216515877579266,0.22337855517772906,,,,0.0185546875,0.0011976653412218883,2.272807692768128e-06,0.996337890625,0.17270611982814513,0.04086819861855748,0.77978515625,0.12527841991269478,0.02180593895876097,0.7867431640625,,,,,
constructed calibration development; no ordinary-trained replicate claim,v2/work_logs/F15_ND01_v1_run1/evaluation_attempt_1/calibration_1_evaluation.json,5571209c90c780284068abb28a5a376d7771e0d75e5df755645fa2b98113f8eb,searched_alignment,1,1511692,inv_eta/aligned,inv_eta,aligned,1,preserve_other,8192,0.025885209281173736,0.0008776587721629068,0.02962530627964725,0.07651199137796427,0.9603271484375,0.029617998587967168,0.22353873979965205,0.25001548646271743,,,,0.0396728515625,0.0012243535946316378,2.3775538531468087e-06,0.9962158203125,0.19275538115581864,0.049969065213049814,0.4808349609375,0.07406968868988029,0.006491235412330315,0.824951171875,,,,,
constructed calibration development; no ordinary-trained replicate claim,v2/work_logs/F15_ND01_v1_run1/evaluation_attempt_1/calibration_1_evaluation.json,5571209c90c780284068abb28a5a376d7771e0d75e5df755645fa2b98113f8eb,searched_alignment,1,1511692,inv_eta/aligned,inv_eta,aligned,1,equal_target,8192,0.019787549169905497,0.0005689432956035745,0.02385253226815917,0.07820915090193115,0.9447021484375,0.023773357400797737,0.08489035864687156,0.10594699630717498,,,,0.0552978515625,0.0012484669577906436,2.4819540933473597e-06,0.9954833984375,0.07735245084048971,0.007198509320498529,0.778564453125,0.10692784728173008,0.017694541956653168,0.67724609375,,,,,
constructed calibration development; no ordinary-trained replicate claim,v2/work_logs/F15_ND01_v1_run1/evaluation_attempt_1/calibration_1_evaluation.json,5571209c90c780284068abb28a5a376d7771e0d75e5df755645fa2b98113f8eb,searched_alignment,1,1511692,inv_eta/aligned,inv_eta,aligned,1,scale_separating,8192,0.0319626734954719,0.0012827751340445345,0.03581585031860244,0.10110140130004008,0.9495849609375,0.03578420917531555,0.25811801973822923,0.2904996995559871,,,,0.0504150390625,0.001235524793750955,2.4219613944749434e-06,0.9974365234375,0.22149422212629372,0.06659935544090702,0.413818359375,0.11350522238255231,0.01896585550488259,0.733642578125,,,,,
constructed calibration development; no ordinary-trained replicate claim,v2/work_logs/F15_ND01_v1_run1/evaluation_attempt_1/calibration_1_evaluation.json,5571209c90c780284068abb28a5a376d7771e0d75e5df755645fa2b98113f8eb,searched_alignment,1,1511692,inv_eta/permuted_concept,inv_eta,permuted_concept,0,mixed_near,8192,0.04061465597387068,0.0025654209354117412,0.05064998455490131,0.15850450342797157,0.87841796875,0.05067213560503778,0.13069042954064436,0.15623172233370786,,,,0.12158203125,0.001167703236103708,2.191119958842839e-06,1.0,0.11014750816511809,0.017085460494724314,0.7353515625,0.19665751321900626,0.05039196843108765,0.2520751953125,,,,,
constructed calibration development; no ordinary-trained replicate claim,v2/work_logs/F15_ND01_v1_run1/evaluation_attempt_1/calibration_1_evaluation.json,5571209c90c780284068abb28a5a376d7771e0d75e5df755645fa2b98113f8eb,searched_alignment,1,1511692,inv_eta/permuted_concept,inv_eta,permuted_concept,0,mixed_far,8192,0.04954165468040865,0.0032215650373763403,0.056758832241126496,0.13610660409181208,0.9892578125,0.05677881968733769,0.14783263275629036,0.19284350209272366,,,,0.0107421875,0.0012016428630762846,2.2858887896748908e-06,0.998046875,0.1249387859298382,0.02186443300764013,0.7857666015625,0.17338343420046232,0.041341815923417374,0.76806640625,,,,,
constructed calibration development; no ordinary-trained replicate claim,v2/work_logs/F15_ND01_v1_run1/evaluation_attempt_1/calibration_1_evaluation.json,5571209c90c780284068abb28a5a376d7771e0d75e5df755645fa2b98113f8eb,searched_alignment,1,1511692,inv_eta/permuted_concept,inv_eta,permuted_concept,0,preserve_other,8192,0.03451964874804041,0.001760003721089925,0.04195239827578305,0.12124118578375348,0.91845703125,0.041945644774471,0.13446587260159182,0.17089324896563382,,,,0.08154296875,0.0012229586012354819,2.386482985977255e-06,0.9964599609375,0.1078601765331379,0.018082390069293106,0.6766357421875,0.07729747251991176,0.007165186530968332,0.7908935546875,,,,,
constructed calibration development; no ordinary-trained replicate claim,v2/work_logs/F15_ND01_v1_run1/evaluation_attempt_1/calibration_1_evaluation.json,5571209c90c780284068abb28a5a376d7771e0d75e5df755645fa2b98113f8eb,searched_alignment,1,1511692,inv_eta/permuted_concept,inv_eta,permuted_concept,0,equal_target,8192,0.04865954639521183,0.003132283137650958,0.05596680388990386,0.14381300040000317,0.94384765625,0.05597083706364019,0.08043524316199815,0.12754846831929048,,,,0.05615234375,0.0012381471467076649,2.422124350668456e-06,0.9969482421875,0.0742773598171456,0.006478975783299223,0.8349609375,0.19322909828946203,0.05017436637942499,0.4906005859375,,,,,
constructed calibration development; no ordinary-trained replicate claim,v2/work_logs/F15_ND01_v1_run1/evaluation_attempt_1/calibration_1_evaluation.json,5571209c90c780284068abb28a5a376d7771e0d75e5df755645fa2b98113f8eb,searched_alignment,1,1511692,inv_eta/permuted_concept,inv_eta,permuted_concept,0,scale_separating,8192,0.05150881594967865,0.003527043029011693,0.05938891335099248,0.15029409262954407,0.9176025390625,0.05940265367992254,0.14453362670808653,0.18930012684251268,,,,0.0823974609375,0.0012399378147517732,2.459301104670856e-06,0.998291015625,0.11912084857149723,0.020891683582049767,0.69921875,0.20215903686065503,0.05850236069645721,0.4630126953125,,,,,
constructed calibration development; no ordinary-trained replicate claim,v2/work_logs/F15_ND01_v1_run1/evaluation_attempt_1/calibration_1_evaluation.json,5571209c90c780284068abb28a5a376d7771e0d75e5df755645fa2b98113f8eb,searched_alignment,1,1511692,inv_eta/permuted_concept,inv_eta,permuted_concept,1,mixed_near,8192,0.03839457875077944,0.002317539471139873,0.04814082956430927,0.18533376234673127,0.8082275390625,0.04818929527715817,0.2201888178327902,0.22606344442880644,,,,0.1917724609375,0.0011909620614806173,2.2464062391076643e-06,1.0,0.1914815722452115,0.04846665691600795,0.2718505859375,0.11145170169046134,0.01751746283101043,0.7220458984375,,,,,
constructed calibration development; no ordinary-trained replicate claim,v2/work_logs/F15_ND01_v1_run1/evaluation_attempt_1/calibration_1_evaluation.json,5571209c90c780284068abb28a5a376d7771e0d75e5df755645fa2b98113f8eb,searched_alignment,1,1511692,inv_eta/permuted_concept,inv_eta,permuted_concept,1,mixed_far,8192,0.04068268798389942,0.002482561396507193,0.04982530879490054,0.18443603131297542,0.994384765625,0.049853351921528,0.20216515877579266,0.21826356498338015,,,,0.005615234375,0.0011976653412218883,2.272807692768128e-06,0.996337890625,0.17270611982814513,0.04086819861855748,0.77978515625,0.12527841991269478,0.02180593895876097,0.7867431640625,,,,,
constructed calibration development; no ordinary-trained replicate claim,v2/work_logs/F15_ND01_v1_run1/evaluation_attempt_1/calibration_1_evaluation.json,5571209c90c780284068abb28a5a376d7771e0d75e5df755645fa2b98113f8eb,searched_alignment,1,1511692,inv_eta/permuted_concept,inv_eta,permuted_concept,1,preserve_other,8192,0.03447967196384062,0.001967370067482663,0.04435504556961545,0.1638616500036157,0.922607421875,0.044431599734926615,0.22353873979965205,0.23206112795265793,,,,0.077392578125,0.0012243535946316378,2.3775538531468087e-06,0.9962158203125,0.19275538115581864,0.049969065213049814,0.4808349609375,0.07406968868988029,0.006491235412330315,0.824951171875,,,,,
constructed calibration development; no ordinary-trained replicate claim,v2/work_logs/F15_ND01_v1_run1/evaluation_attempt_1/calibration_1_evaluation.json,5571209c90c780284068abb28a5a376d7771e0d75e5df755645fa2b98113f8eb,searched_alignment,1,1511692,inv_eta/permuted_concept,inv_eta,permuted_concept,1,equal_target,8192,0.052626191871663716,0.003728906224716247,0.06106477073334712,0.19196868558978947,0.8475341796875,0.06110968797436104,0.08489035864687156,0.03959217812240594,,,,0.1524658203125,0.0012484669577906436,2.4819540933473597e-06,0.9954833984375,0.07735245084048971,0.007198509320498529,0.778564453125,0.10692784728173008,0.017694541956653168,0.67724609375,,,,,
constructed calibration development; no ordinary-trained replicate claim,v2/work_logs/F15_ND01_v1_run1/evaluation_attempt_1/calibration_1_evaluation.json,5571209c90c780284068abb28a5a376d7771e0d75e5df755645fa2b98113f8eb,searched_alignment,1,1511692,inv_eta/permuted_concept,inv_eta,permuted_concept,1,scale_separating,8192,0.0468827184564524,0.003455148139474992,0.05878050815938045,0.18291674877747316,0.883056640625,0.05882253585813904,0.25811801973822923,0.25922552123697695,,,,0.116943359375,0.001235524793750955,2.4219613944749434e-06,0.9974365234375,0.22149422212629372,0.06659935544090702,0.413818359375,0.11350522238255231,0.01896585550488259,0.733642578125,,,,,
constructed calibration development; no ordinary-trained replicate claim,v2/work_logs/F15_ND01_v1_run1/evaluation_attempt_1/calibration_1_evaluation.json,5571209c90c780284068abb28a5a376d7771e0d75e5df755645fa2b98113f8eb,searched_alignment,1,1511692,inv_eta/random,inv_eta,random,0,mixed_near,8192,0.03286336738160471,0.0016311629106406716,0.0403876578999163,0.11562406515566298,0.8656005859375,0.04037613698979813,0.13069042954064436,0.1323462223442361,,,,0.1343994140625,0.001167703236103708,2.191119958842839e-06,1.0,0.11014750816511809,0.017085460494724314,0.7353515625,0.19665751321900626,0.05039196843108765,0.2520751953125,,,,,
constructed calibration development; no ordinary-trained replicate claim,v2/work_logs/F15_ND01_v1_run1/evaluation_attempt_1/calibration_1_evaluation.json,5571209c90c780284068abb28a5a376d7771e0d75e5df755645fa2b98113f8eb,searched_alignment,1,1511692,inv_eta/random,inv_eta,random,0,mixed_far,8192,0.035261587030454206,0.0017601187780512421,0.04195376953327606,0.11348044266526547,0.9925537109375,0.04195589366375294,0.14783263275629036,0.1740743175367998,,,,0.0074462890625,0.0012016428630762846,2.2858887896748908e-06,0.998046875,0.1249387859298382,0.02186443300764013,0.7857666015625,0.17338343420046232,0.041341815923417374,0.76806640625,,,,,
constructed calibration development; no ordinary-trained replicate claim,v2/work_logs/F15_ND01_v1_run1/evaluation_attempt_1/calibration_1_evaluation.json,5571209c90c780284068abb28a5a376d7771e0d75e5df755645fa2b98113f8eb,searched_alignment,1,1511692,inv_eta/random,inv_eta,random,0,preserve_other,8192,0.027383596267053344,0.0011697399717214433,0.03420146154364523,0.1122792673204257,0.921142578125,0.03418359501888909,0.13446587260159182,0.15203849374666867,,,,0.078857421875,0.0012229586012354819,2.386482985977255e-06,0.9964599609375,0.1078601765331379,0.018082390069293106,0.6766357421875,0.07729747251991176,0.007165186530968332,0.7908935546875,,,,,
constructed calibration development; no ordinary-trained replicate claim,v2/work_logs/F15_ND01_v1_run1/evaluation_attempt_1/calibration_1_evaluation.json,5571209c90c780284068abb28a5a376d7771e0d75e5df755645fa2b98113f8eb,searched_alignment,1,1511692,inv_eta/random,inv_eta,random,0,equal_target,8192,0.03089783008086088,0.00144626493129208,0.03802979005059166,0.10226429499237671,0.9461669921875,0.03800071152800207,0.08043524316199815,0.0950618635801906,,,,0.0538330078125,0.0012381471467076649,2.422124350668456e-06,0.9969482421875,0.0742773598171456,0.006478975783299223,0.8349609375,0.19322909828946203,0.05017436637942499,0.4906005859375,,,,,
constructed calibration development; no ordinary-trained replicate claim,v2/work_logs/F15_ND01_v1_run1/evaluation_attempt_1/calibration_1_evaluation.json,5571209c90c780284068abb28a5a376d7771e0d75e5df755645fa2b98113f8eb,searched_alignment,1,1511692,inv_eta/random,inv_eta,random,0,scale_separating,8192,0.036841344438397275,0.0019439188380909473,0.04408989496575091,0.11840126756217012,0.9188232421875,0.04406378921736173,0.14453362670808653,0.16850545215705637,,,,0.0811767578125,0.0012399378147517732,2.459301104670856e-06,0.998291015625,0.11912084857149723,0.020891683582049767,0.69921875,0.20215903686065503,0.05850236069645721,0.4630126953125,,,,,
constructed calibration development; no ordinary-trained replicate claim,v2/work_logs/F15_ND01_v1_run1/evaluation_attempt_1/calibration_1_evaluation.json,5571209c90c780284068abb28a5a376d7771e0d75e5df755645fa2b98113f8eb,searched_alignment,1,1511692,inv_eta/random,inv_eta,random,1,mixed_near,8192,0.025362606259839243,0.0010266248577169494,0.03204098715266041,0.11463427478041799,0.9173583984375,0.0321164516008905,0.2201888178327902,0.2073275745109663,,,,0.0826416015625,0.0011909620614806173,2.2464062391076643e-06,1.0,0.1914815722452115,0.04846665691600795,0.2718505859375,0.11145170169046134,0.01751746283101043,0.7220458984375,,,,,
constructed calibration development; no ordinary-trained replicate claim,v2/work_logs/F15_ND01_v1_run1/evaluation_attempt_1/calibration_1_evaluation.json,5571209c90c780284068abb28a5a376d7771e0d75e5df755645fa2b98113f8eb,searched_alignment,1,1511692,inv_eta/random,inv_eta,random,1,mixed_far,8192,0.021696054216939292,0.0007949441096864061,0.02819475322974837,0.12298952283945491,0.9940185546875,0.02824506489447536,0.20216515877579266,0.19695892069074145,,,,0.0059814453125,0.0011976653412218883,2.272807692768128e-06,0.996337890625,0.17270611982814513,0.04086819861855748,0.77978515625,0.12527841991269478,0.02180593895876097,0.7867431640625,,,,,
constructed calibration development; no ordinary-trained replicate claim,v2/work_logs/F15_ND01_v1_run1/evaluation_attempt_1/calibration_1_evaluation.json,5571209c90c780284068abb28a5a376d7771e0d75e5df755645fa2b98113f8eb,searched_alignment,1,1511692,inv_eta/random,inv_eta,random,1,preserve_other,8192,0.02676480821606036,0.0010516155293317834,0.03242862206958204,0.13238995861298308,0.9376220703125,0.03249471427953392,0.22353873979965205,0.2098749475394062,,,,0.0623779296875,0.0012243535946316378,2.3775538531468087e-06,0.9962158203125,0.19275538115581864,0.049969065213049814,0.4808349609375,0.07406968868988029,0.006491235412330315,0.824951171875,,,,,
constructed calibration development; no ordinary-trained replicate claim,v2/work_logs/F15_ND01_v1_run1/evaluation_attempt_1/calibration_1_evaluation.json,5571209c90c780284068abb28a5a376d7771e0d75e5df755645fa2b98113f8eb,searched_alignment,1,1511692,inv_eta/random,inv_eta,random,1,equal_target,8192,0.035648414202085865,0.0016228552550693349,0.040284677671160965,0.13264195831046516,0.8951416015625,0.04034276923613656,0.08489035864687156,0.04721335547049112,,,,0.1048583984375,0.0012484669577906436,2.4819540933473597e-06,0.9954833984375,0.07735245084048971,0.007198509320498529,0.778564453125,0.10692784728173008,0.017694541956653168,0.67724609375,,,,,
constructed calibration development; no ordinary-trained replicate claim,v2/work_logs/F15_ND01_v1_run1/evaluation_attempt_1/calibration_1_evaluation.json,5571209c90c780284068abb28a5a376d7771e0d75e5df755645fa2b98113f8eb,searched_alignment,1,1511692,inv_eta/random,inv_eta,random,1,scale_separating,8192,0.03400322840870752,0.0015945211823614306,0.03993145605110626,0.13831237848360173,0.917236328125,0.04001096564644785,0.25811801973822923,0.23821282421661336,,,,0.082763671875,0.001235524793750955,2.4219613944749434e-06,0.9974365234375,0.22149422212629372,0.06659935544090702,0.413818359375,0.11350522238255231,0.01896585550488259,0.733642578125,,,,,
constructed calibration development; no ordinary-trained replicate claim,v2/work_logs/F15_ND01_v1_run1/evaluation_attempt_1/calibration_1_evaluation.json,5571209c90c780284068abb28a5a376d7771e0d75e5df755645fa2b98113f8eb,searched_alignment,1,1511692,inv_eta/shuffled_donor,inv_eta,shuffled_donor,0,mixed_near,8192,0.09148340093828672,0.012837725355405356,0.11330368641577976,0.32293497318792264,0.734375,0.11330721982167127,0.13069042954064436,0.1218368700041848,,,,0.265625,0.001167703236103708,2.191119958842839e-06,1.0,0.11014750816511809,0.017085460494724314,0.7353515625,0.15574882213293806,0.034326010888952485,0.4981689453125,,,,,
constructed calibration development; no ordinary-trained replicate claim,v2/work_logs/F15_ND01_v1_run1/evaluation_attempt_1/calibration_1_evaluation.json,5571209c90c780284068abb28a5a376d7771e0d75e5df755645fa2b98113f8eb,searched_alignment,1,1511692,inv_eta/shuffled_donor,inv_eta,shuffled_donor,0,mixed_far,8192,0.11034588546859403,0.019519830583048046,0.1397133872721152,0.32854775491494237,0.8065185546875,0.13970337635136407,0.14783263275629036,0.13311027761383376,,,,0.1934814453125,0.0012016428630762846,2.2858887896748908e-06,0.998046875,0.1249387859298382,0.02186443300764013,0.7857666015625,0.23181604272207196,0.0769264821734165,0.503662109375,,,,,
constructed calibration development; no ordinary-trained replicate claim,v2/work_logs/F15_ND01_v1_run1/evaluation_attempt_1/calibration_1_evaluation.json,5571209c90c780284068abb28a5a376d7771e0d75e5df755645fa2b98113f8eb,searched_alignment,1,1511692,inv_eta/shuffled_donor,inv_eta,shuffled_donor,0,preserve_other,8192,0.10160569306567876,0.016209974191780326,0.12731839691018862,0.3262426407217842,0.6961669921875,0.12732803767271922,0.13446587260159182,0.12594737248138327,,,,0.3038330078125,0.0012229586012354819,2.386482985977255e-06,0.9964599609375,0.1078601765331379,0.018082390069293106,0.6766357421875,0.16034924839699077,0.03916766625690102,0.50537109375,,,,,
constructed calibration development; no ordinary-trained replicate claim,v2/work_logs/F15_ND01_v1_run1/evaluation_attempt_1/calibration_1_evaluation.json,5571209c90c780284068abb28a5a376d7771e0d75e5df755645fa2b98113f8eb,searched_alignment,1,1511692,inv_eta/shuffled_donor,inv_eta,shuffled_donor,0,equal_target,8192,0.08773287464864138,0.011860748653765088,0.10890706429688153,0.3227914775172166,0.808837890625,0.10891665394922552,0.08043524316199815,0.11295142493966388,,,,0.191162109375,0.0012381471467076649,2.422124350668456e-06,0.9969482421875,0.0742773598171456,0.006478975783299223,0.8349609375,0.1881723078365936,0.05277296225937661,0.5045166015625,,,,,
constructed calibration development; no ordinary-trained replicate claim,v2/work_logs/F15_ND01_v1_run1/evaluation_attempt_1/calibration_1_evaluation.json,5571209c90c780284068abb28a5a376d7771e0d75e5df755645fa2b98113f8eb,searched_alignment,1,1511692,inv_eta/shuffled_donor,inv_eta,shuffled_donor,0,scale_separating,8192,0.10249700582303181,0.016199237503521806,0.1272762252092739,0.3278767481626732,0.7501220703125,0.12726886139707397,0.14453362670808653,0.12965031660334564,,,,0.2498779296875,0.0012399378147517732,2.459301104670856e-06,0.998291015625,0.11912084857149723,0.020891683582049767,0.69921875,0.1900189487563075,0.05492577525133604,0.4930419921875,,,,,
constructed calibration development; no ordinary-trained replicate claim,v2/work_logs/F15_ND01_v1_run1/evaluation_attempt_1/calibration_1_evaluation.json,5571209c90c780284068abb28a5a376d7771e0d75e5df755645fa2b98113f8eb,searched_alignment,1,1511692,inv_eta/shuffled_donor,inv_eta,shuffled_donor,1,mixed_near,8192,0.14544796558159825,0.03141103453533922,0.17723158447449264,0.5544348283504852,0.3751220703125,0.17727664758887882,0.2201888178327902,0.14459797950742723,,,,0.6248779296875,0.0011909620614806173,2.2464062391076643e-06,1.0,0.1914815722452115,0.04846665691600795,0.2718505859375,0.15590849934175316,0.03425741124886737,0.4951171875,,,,,
constructed calibration development; no ordinary-trained replicate claim,v2/work_logs/F15_ND01_v1_run1/evaluation_attempt_1/calibration_1_evaluation.json,5571209c90c780284068abb28a5a376d7771e0d75e5df755645fa2b98113f8eb,searched_alignment,1,1511692,inv_eta/shuffled_donor,inv_eta,shuffled_donor,1,mixed_far,8192,0.15821637789637677,0.038600781661209824,0.1964708163092163,0.5778437223623005,0.7313232421875,0.1964708353714748,0.20216515877579266,0.16153265898522692,,,,0.2686767578125,0.0011976653412218883,2.272807692768128e-06,0.996337890625,0.17270611982814513,0.04086819861855748,0.77978515625,0.23562217392286508,0.0788659756113799,0.4930419921875,,,,,
constructed calibration development; no ordinary-trained replicate claim,v2/work_logs/F15_ND01_v1_run1/evaluation_attempt_1/calibration_1_evaluation.json,5571209c90c780284068abb28a5a376d7771e0d75e5df755645fa2b98113f8eb,searched_alignment,1,1511692,inv_eta/shuffled_donor,inv_eta,shuffled_donor,1,preserve_other,8192,0.15799982026666745,0.037027185808455876,0.1924244937851101,0.5512475228537403,0.578369140625,0.19242543975103993,0.22353873979965205,0.1556063869009482,,,,0.421630859375,0.0012243535946316378,2.3775538531468087e-06,0.9962158203125,0.19275538115581864,0.049969065213049814,0.4808349609375,0.18609543002085016,0.051945873239628376,0.495849609375,,,,,
constructed calibration development; no ordinary-trained replicate claim,v2/work_logs/F15_ND01_v1_run1/evaluation_attempt_1/calibration_1_evaluation.json,5571209c90c780284068abb28a5a376d7771e0d75e5df755645fa2b98113f8eb,searched_alignment,1,1511692,inv_eta/shuffled_donor,inv_eta,shuffled_donor,1,equal_target,8192,0.11210943113688795,0.01891351008336213,0.1375263977691633,0.4232021829503629,0.66748046875,0.13754517988068177,0.08489035864687156,0.11087435669743577,,,,0.33251953125,0.0012484669577906436,2.4819540933473597e-06,0.9954833984375,0.07735245084048971,0.007198509320498529,0.778564453125,0.158253625744934,0.03823460425043779,0.5050048828125,,,,,
constructed calibration development; no ordinary-trained replicate claim,v2/work_logs/F15_ND01_v1_run1/evaluation_attempt_1/calibration_1_evaluation.json,5571209c90c780284068abb28a5a376d7771e0d75e5df755645fa2b98113f8eb,searched_alignment,1,1511692,inv_eta/shuffled_donor,inv_eta,shuffled_donor,1,scale_separating,8192,0.17618025296323678,0.04492297867721498,0.2119504156099133,0.6002320357888491,0.5361328125,0.2119788317278551,0.25811801973822923,0.16061729244418607,,,,0.4638671875,0.001235524793750955,2.4219613944749434e-06,0.9974365234375,0.22149422212629372,0.06659935544090702,0.413818359375,0.19014590047368535,0.05496591788961265,0.5079345703125,,,,,
constructed calibration development; no ordinary-trained replicate claim,v2/work_logs/F15_ND01_v1_run1/evaluation_attempt_1/calibration_1_evaluation.json,5571209c90c780284068abb28a5a376d7771e0d75e5df755645fa2b98113f8eb,searched_alignment,1,1511692,inv_eta/untrained,inv_eta,untrained,0,mixed_near,8192,0.0913364180675647,0.011168983496493859,0.10568341164295303,0.30296920067027505,0.6484375,0.1311322859471447,0.13069042954064436,0.07031155398852357,,,,0.3515625,0.14027477661358168,0.029158395338238864,0.5389404296875,0.10212620432801327,0.016233022531644867,0.5118408203125,0.10721806521590721,0.018364931298792832,0.5118408203125,,,,,
constructed calibration development; no ordinary-trained replicate claim,v2/work_logs/F15_ND01_v1_run1/evaluation_attempt_1/calibration_1_evaluation.json,5571209c90c780284068abb28a5a376d7771e0d75e5df755645fa2b98113f8eb,searched_alignment,1,1511692,inv_eta/untrained,inv_eta,untrained,0,mixed_far,8192,0.15364425231247203,0.03455329352544963,0.18588516219819598,0.47804150540820606,0.65771484375,0.11853558333813902,0.14783263275629036,0.08478986267243553,,,,0.34228515625,0.15482564105683055,0.03713445380374185,0.46044921875,0.20502763957879075,0.0559652746722271,0.5018310546875,0.20496785915730403,0.05592903665785081,0.501953125,,,,,
constructed calibration development; no ordinary-trained replicate claim,v2/work_logs/F15_ND01_v1_run1/evaluation_attempt_1/calibration_1_evaluation.json,5571209c90c780284068abb28a5a376d7771e0d75e5df755645fa2b98113f8eb,searched_alignment,1,1511692,inv_eta/untrained,inv_eta,untrained,0,preserve_other,8192,0.13002837109222304,0.0249837984757978,0.15806264098703968,0.4796431134666471,0.5145263671875,0.11353761034022067,0.13446587260159182,0.06029179616395209,,,,0.4854736328125,0.1473085686085519,0.03152484689197635,0.408935546875,0.14888744170759197,0.03242154202995233,0.4248046875,0.14723548287814214,0.030722188634708172,0.4248046875,,,,,
constructed calibration development; no ordinary-trained replicate claim,v2/work_logs/F15_ND01_v1_run1/evaluation_attempt_1/calibration_1_evaluation.json,5571209c90c780284068abb28a5a376d7771e0d75e5df755645fa2b98113f8eb,searched_alignment,1,1511692,inv_eta/untrained,inv_eta,untrained,0,equal_target,8192,0.1058459120123216,0.017742288617166493,0.1332001824967462,0.45167394415609474,0.760986328125,0.03975651127544961,0.08043524316199815,0.09772161946847946,,,,0.239013671875,0.11859429549699954,0.022616121572560488,0.5880126953125,0.14825282581158655,0.033352149340131865,0.58935546875,0.15663173274047404,0.03613263122053472,0.58935546875,,,,,
constructed calibration development; no ordinary-trained replicate claim,v2/work_logs/F15_ND01_v1_run1/evaluation_attempt_1/calibration_1_evaluation.json,5571209c90c780284068abb28a5a376d7771e0d75e5df755645fa2b98113f8eb,searched_alignment,1,1511692,inv_eta/untrained,inv_eta,untrained,0,scale_separating,8192,0.11340952049357202,0.01946446602350746,0.13951511037700345,0.4501700430365144,0.6490478515625,0.13271975232999345,0.14453362670808653,0.09435582186205596,,,,0.3509521484375,0.14657445198874264,0.032694957958694953,0.5059814453125,0.1548721290456535,0.03474175147483216,0.4725341796875,0.16147975163326433,0.037476839059289516,0.4725341796875,,,,,
constructed calibration development; no ordinary-trained replicate claim,v2/work_logs/F15_ND01_v1_run1/evaluation_attempt_1/calibration_1_evaluation.json,5571209c90c780284068abb28a5a376d7771e0d75e5df755645fa2b98113f8eb,searched_alignment,1,1511692,inv_eta/untrained,inv_eta,untrained,1,mixed_near,8192,0.095589874479024,0.01291583559206418,0.11364785784195046,0.3454398567082899,0.6724853515625,0.13460581910731861,0.2201888178327902,0.09431482102869267,,,,0.3275146484375,0.1542763030260117,0.03514380180308521,0.456787109375,0.10487265539399178,0.017573181689855014,0.5230712890625,0.10106516484068631,0.015890306824021712,0.5230712890625,,,,,
constructed calibration development; no ordinary-trained replicate claim,v2/work_logs/F15_ND01_v1_run1/evaluation_attempt_1/calibration_1_evaluation.json,5571209c90c780284068abb28a5a376d7771e0d75e5df755645fa2b98113f8eb,searched_alignment,1,1511692,inv_eta/untrained,inv_eta,untrained,1,mixed_far,8192,0.1375423103996979,0.02821730540595965,0.16798007443134333,0.442524346566068,0.769287109375,0.104502031653848,0.20216515877579266,0.11069648321344243,,,,0.230712890625,0.1423360492870886,0.031228427057412765,0.5284423828125,0.20599381528312144,0.05672252978303649,0.4937744140625,0.2058370158776385,0.056668707191782665,0.4937744140625,,,,,
constructed calibration development; no ordinary-trained replicate claim,v2/work_logs/F15_ND01_v1_run1/evaluation_attempt_1/calibration_1_evaluation.json,5571209c90c780284068abb28a5a376d7771e0d75e5df755645fa2b98113f8eb,searched_alignment,1,1511692,inv_eta/untrained,inv_eta,untrained,1,preserve_other,8192,0.11317366997584904,0.018821884650058247,0.13719287390407073,0.41404826906594,0.7437744140625,0.11310524128966493,0.22353873979965205,0.11451997151359053,,,,0.2562255859375,0.11895774844683588,0.02275391325837203,0.5921630859375,0.17161590562427836,0.04276540516320541,0.4786376953125,0.1650006617970771,0.040347617143661224,0.478759765625,,,,,
constructed calibration development; no ordinary-trained replicate claim,v2/work_logs/F15_ND01_v1_run1/evaluation_attempt_1/calibration_1_evaluation.json,5571209c90c780284068abb28a5a376d7771e0d75e5df755645fa2b98113f8eb,searched_alignment,1,1511692,inv_eta/untrained,inv_eta,untrained,1,equal_target,8192,0.12987234715949927,0.0254576086343451,0.1595544065024376,0.466076336212331,0.5030517578125,0.06552753040008685,0.08489035864687156,0.04002959035075919,,,,0.4969482421875,0.14683528695618303,0.03152811643911905,0.414306640625,0.138271027085123,0.027749407401340076,0.4591064453125,0.14043681208601258,0.029277544389986077,0.4591064453125,,,,,
constructed calibration development; no ordinary-trained replicate claim,v2/work_logs/F15_ND01_v1_run1/evaluation_attempt_1/calibration_1_evaluation.json,5571209c90c780284068abb28a5a376d7771e0d75e5df755645fa2b98113f8eb,searched_alignment,1,1511692,inv_eta/untrained,inv_eta,untrained,1,scale_separating,8192,0.1119669641740439,0.01847841695861421,0.1359353410950008,0.4301428702297485,0.7239990234375,0.1434748028416834,0.25811801973822923,0.12465392413249358,,,,0.2760009765625,0.14921838506227875,0.034383538728869116,0.4925537109375,0.1691172208001637,0.040794101839006294,0.47216796875,0.16085715303778744,0.03738962882990049,0.47216796875,,,,,
constructed calibration development; no ordinary-trained replicate claim,v2/work_logs/F15_ND01_v1_run1/evaluation_attempt_1/calibration_1_evaluation.json,5571209c90c780284068abb28a5a376d7771e0d75e5df755645fa2b98113f8eb,searched_alignment,1,1511692,inv_one_minus_eta/aligned,inv_one_minus_eta,aligned,0,mixed_near,8192,0.03810013187165716,0.002255322676127453,0.04749023769289277,0.19102970877873365,0.81689453125,0.04754869662031638,0.22368507506770083,0.2333376084649523,,,,0.18310546875,0.001167703236103708,2.191119958842839e-06,1.0,0.19542402951994672,0.05002446738809185,0.25634765625,0.11046691092132377,0.01722305166350811,0.7349853515625,,,,,
constructed calibration development; no ordinary-trained replicate claim,v2/work_logs/F15_ND01_v1_run1/evaluation_attempt_1/calibration_1_evaluation.json,5571209c90c780284068abb28a5a376d7771e0d75e5df755645fa2b98113f8eb,searched_alignment,1,1511692,inv_one_minus_eta/aligned,inv_one_minus_eta,aligned,0,mixed_far,8192,0.03590269685080676,0.001981549823093923,0.044514602358034415,0.18099888029898892,0.99365234375,0.04456960278314244,0.2034424074107287,0.21674163628714002,,,,0.00634765625,0.0012016428630762846,2.2858887896748908e-06,0.998046875,0.17357487827608498,0.04138993980936623,0.7764892578125,0.12609343578964077,0.02199712783701271,0.775634765625,,,,,
constructed calibration development; no ordinary-trained replicate claim,v2/work_logs/F15_ND01_v1_run1/evaluation_attempt_1/calibration_1_evaluation.json,5571209c90c780284068abb28a5a376d7771e0d75e5df755645fa2b98113f8eb,searched_alignment,1,1511692,inv_one_minus_eta/aligned,inv_one_minus_eta,aligned,0,preserve_other,8192,0.03672742037171292,0.0022186755490101705,0.04710281890726043,0.1913000262634063,0.90869140625,0.04712422933029865,0.22311326506778748,0.22737381307837345,,,,0.09130859375,0.0012229586012354819,2.386482985977255e-06,0.9964599609375,0.1923475946346477,0.04976914389810499,0.478759765625,0.0740420068841288,0.006511977092148023,0.816650390625,,,,,
constructed calibration development; no ordinary-trained replicate claim,v2/work_logs/F15_ND01_v1_run1/evaluation_attempt_1/calibration_1_evaluation.json,5571209c90c780284068abb28a5a376d7771e0d75e5df755645fa2b98113f8eb,searched_alignment,1,1511692,inv_one_minus_eta/aligned,inv_one_minus_eta,aligned,0,equal_target,8192,0.05131548448820954,0.003465692655024121,0.058870133811841474,0.1998921587330842,0.8470458984375,0.058907114563365434,0.08589305233387051,0.03822154308967549,,,,0.1529541015625,0.0012381471467076649,2.422124350668456e-06,0.9969482421875,0.07838603788624751,0.0073745207666299235,0.7762451171875,0.10834058282127719,0.018282497791324497,0.677978515625,,,,,
constructed calibration development; no ordinary-trained replicate claim,v2/work_logs/F15_ND01_v1_run1/evaluation_attempt_1/calibration_1_evaluation.json,5571209c90c780284068abb28a5a376d7771e0d75e5df755645fa2b98113f8eb,searched_alignment,1,1511692,inv_one_minus_eta/aligned,inv_one_minus_eta,aligned,0,scale_separating,8192,0.04371742044933763,0.003029097637630724,0.05503723864467334,0.18565613226044675,0.8909912109375,0.05511734033835173,0.25574007221424044,0.25480047491066543,,,,0.1090087890625,0.0012399378147517732,2.459301104670856e-06,0.998291015625,0.21835851398013464,0.0653711968976263,0.42822265625,0.11245542461943364,0.01886074083596339,0.7242431640625,,,,,
constructed calibration development; no ordinary-trained replicate claim,v2/work_logs/F15_ND01_v1_run1/evaluation_attempt_1/calibration_1_evaluation.json,5571209c90c780284068abb28a5a376d7771e0d75e5df755645fa2b98113f8eb,searched_alignment,1,1511692,inv_one_minus_eta/aligned,inv_one_minus_eta,aligned,1,mixed_near,8192,0.0012893596275092732,2.6222151639754932e-06,0.0016193255274883718,0.005378358624158697,0.994873046875,0.0014951590184439337,0.13180330396150705,0.13182816040421144,,,,0.005126953125,0.0011909620614806173,2.2464062391076643e-06,1.0,0.11095547778752254,0.01737365192940466,0.7158203125,0.1944466281744517,0.049646072412468434,0.26708984375,,,,,
constructed calibration development; no ordinary-trained replicate claim,v2/work_logs/F15_ND01_v1_run1/evaluation_attempt_1/calibration_1_evaluation.json,5571209c90c780284068abb28a5a376d7771e0d75e5df755645fa2b98113f8eb,searched_alignment,1,1511692,inv_one_minus_eta/aligned,inv_one_minus_eta,aligned,1,mixed_far,8192,0.0010772719454694322,1.8600947955917104e-06,0.00136385292300589,0.0047408438471955305,0.99951171875,0.0013645439526989555,0.14768032450767454,0.1477336294480661,,,,0.00048828125,0.0011976653412218883,2.272807692768128e-06,0.996337890625,0.12497307292185497,0.02181606988699822,0.78857421875,0.17389402645553076,0.041199641316302875,0.7777099609375,,,,,
constructed calibration development; no ordinary-trained replicate claim,v2/work_logs/F15_ND01_v1_run1/evaluation_attempt_1/calibration_1_evaluation.json,5571209c90c780284068abb28a5a376d7771e0d75e5df755645fa2b98113f8eb,searched_alignment,1,1511692,inv_one_minus_eta/aligned,inv_one_minus_eta,aligned,1,preserve_other,8192,0.0012475084837089254,2.452170844216587e-06,0.0015659408814564448,0.005599053960408273,0.9959716796875,0.0014534644807609705,0.1350248060964949,0.13505226711828613,,,,0.0040283203125,0.0012243535946316378,2.3775538531468087e-06,0.9962158203125,0.10853678706112231,0.01824385173896442,0.680908203125,0.07725257514098091,0.007181057382733886,0.7823486328125,,,,,
constructed calibration development; no ordinary-trained replicate claim,v2/work_logs/F15_ND01_v1_run1/evaluation_attempt_1/calibration_1_evaluation.json,5571209c90c780284068abb28a5a376d7771e0d75e5df755645fa2b98113f8eb,searched_alignment,1,1511692,inv_one_minus_eta/aligned,inv_one_minus_eta,aligned,1,equal_target,8192,0.0011634663610481238,2.163767569304436e-06,0.0014709750403403981,0.0056573098386845655,0.9984130859375,0.0014773312419885211,0.07936066435567864,0.07937886594435062,,,,0.0015869140625,0.0012484669577906436,2.4819540933473597e-06,0.9954833984375,0.07332492881957552,0.006309689341524251,0.83544921875,0.19063506984203943,0.048829842245587604,0.491943359375,,,,,
constructed calibration development; no ordinary-trained replicate claim,v2/work_logs/F15_ND01_v1_run1/evaluation_attempt_1/calibration_1_evaluation.json,5571209c90c780284068abb28a5a376d7771e0d75e5df755645fa2b98113f8eb,searched_alignment,1,1511692,inv_one_minus_eta/aligned,inv_one_minus_eta,aligned,1,scale_separating,8192,0.001251158482415962,2.496836359506511e-06,0.0015801380824176446,0.005923905853705946,0.9974365234375,0.001440231481280428,0.14485766476033404,0.14488219133351668,,,,0.0025634765625,0.001235524793750955,2.4219613944749434e-06,0.9974365234375,0.11857523137366727,0.020985589810250043,0.6961669921875,0.19899250964676216,0.05724509305916313,0.4742431640625,,,,,
constructed calibration development; no ordinary-trained replicate claim,v2/work_logs/F15_ND01_v1_run1/evaluation_attempt_1/calibration_1_evaluation.json,5571209c90c780284068abb28a5a376d7771e0d75e5df755645fa2b98113f8eb,searched_alignment,1,1511692,inv_one_minus_eta/permuted_concept,inv_one_minus_eta,permuted_concept,0,mixed_near,8192,0.03810013187165716,0.002255322676127453,0.04749023769289277,0.19102970877873365,0.81689453125,0.04754869662031638,0.22368507506770083,0.2333376084649523,,,,0.18310546875,0.001167703236103708,2.191119958842839e-06,1.0,0.19542402951994672,0.05002446738809185,0.25634765625,0.11046691092132377,0.01722305166350811,0.7349853515625,,,,,
constructed calibration development; no ordinary-trained replicate claim,v2/work_logs/F15_ND01_v1_run1/evaluation_attempt_1/calibration_1_evaluation.json,5571209c90c780284068abb28a5a376d7771e0d75e5df755645fa2b98113f8eb,searched_alignment,1,1511692,inv_one_minus_eta/permuted_concept,inv_one_minus_eta,permuted_concept,0,mixed_far,8192,0.03590269685080676,0.001981549823093923,0.044514602358034415,0.18099888029898892,0.99365234375,0.04456960278314244,0.2034424074107287,0.21674163628714002,,,,0.00634765625,0.0012016428630762846,2.2858887896748908e-06,0.998046875,0.17357487827608498,0.04138993980936623,0.7764892578125,0.12609343578964077,0.02199712783701271,0.775634765625,,,,,
constructed calibration development; no ordinary-trained replicate claim,v2/work_logs/F15_ND01_v1_run1/evaluation_attempt_1/calibration_1_evaluation.json,5571209c90c780284068abb28a5a376d7771e0d75e5df755645fa2b98113f8eb,searched_alignment,1,1511692,inv_one_minus_eta/permuted_concept,inv_one_minus_eta,permuted_concept,0,preserve_other,8192,0.03672742037171292,0.0022186755490101705,0.04710281890726043,0.1913000262634063,0.90869140625,0.04712422933029865,0.22311326506778748,0.22737381307837345,,,,0.09130859375,0.0012229586012354819,2.386482985977255e-06,0.9964599609375,0.1923475946346477,0.04976914389810499,0.478759765625,0.0740420068841288,0.006511977092148023,0.816650390625,,,,,
constructed calibration development; no ordinary-trained replicate claim,v2/work_logs/F15_ND01_v1_run1/evaluation_attempt_1/calibration_1_evaluation.json,5571209c90c780284068abb28a5a376d7771e0d75e5df755645fa2b98113f8eb,searched_alignment,1,1511692,inv_one_minus_eta/permuted_concept,inv_one_minus_eta,permuted_concept,0,equal_target,8192,0.05131548448820954,0.003465692655024121,0.058870133811841474,0.1998921587330842,0.8470458984375,0.058907114563365434,0.08589305233387051,0.03822154308967549,,,,0.1529541015625,0.0012381471467076649,2.422124350668456e-06,0.9969482421875,0.07838603788624751,0.0073745207666299235,0.7762451171875,0.10834058282127719,0.018282497791324497,0.677978515625,,,,,
constructed calibration development; no ordinary-trained replicate claim,v2/work_logs/F15_ND01_v1_run1/evaluation_attempt_1/calibration_1_evaluation.json,5571209c90c780284068abb28a5a376d7771e0d75e5df755645fa2b98113f8eb,searched_alignment,1,1511692,inv_one_minus_eta/permuted_concept,inv_one_minus_eta,permuted_concept,0,scale_separating,8192,0.04371742044933763,0.003029097637630724,0.05503723864467334,0.18565613226044675,0.8909912109375,0.05511734033835173,0.25574007221424044,0.25480047491066543,,,,0.1090087890625,0.0012399378147517732,2.459301104670856e-06,0.998291015625,0.21835851398013464,0.0653711968976263,0.42822265625,0.11245542461943364,0.01886074083596339,0.7242431640625,,,,,
constructed calibration development; no ordinary-trained replicate claim,v2/work_logs/F15_ND01_v1_run1/evaluation_attempt_1/calibration_1_evaluation.json,5571209c90c780284068abb28a5a376d7771e0d75e5df755645fa2b98113f8eb,searched_alignment,1,1511692,inv_one_minus_eta/permuted_concept,inv_one_minus_eta,permuted_concept,1,mixed_near,8192,0.05065460462417183,0.0033160861895840422,0.05758546856268552,0.1402924998976942,0.885498046875,0.0576263748302863,0.13180330396150705,0.12485239845404214,,,,0.114501953125,0.0011909620614806173,2.2464062391076643e-06,1.0,0.11095547778752254,0.01737365192940466,0.7158203125,0.1944466281744517,0.049646072412468434,0.26708984375,,,,,
constructed calibration development; no ordinary-trained replicate claim,v2/work_logs/F15_ND01_v1_run1/evaluation_attempt_1/calibration_1_evaluation.json,5571209c90c780284068abb28a5a376d7771e0d75e5df755645fa2b98113f8eb,searched_alignment,1,1511692,inv_one_minus_eta/permuted_concept,inv_one_minus_eta,permuted_concept,1,mixed_far,8192,0.03924871840138215,0.0019719208938104825,0.04440631592251808,0.15127298718648613,0.9716796875,0.04441531115632485,0.14768032450767454,0.16150112735600758,,,,0.0283203125,0.0011976653412218883,2.272807692768128e-06,0.996337890625,0.12497307292185497,0.02181606988699822,0.78857421875,0.17389402645553076,0.041199641316302875,0.7777099609375,,,,,
constructed calibration development; no ordinary-trained replicate claim,v2/work_logs/F15_ND01_v1_run1/evaluation_attempt_1/calibration_1_evaluation.json,5571209c90c780284068abb28a5a376d7771e0d75e5df755645fa2b98113f8eb,searched_alignment,1,1511692,inv_one_minus_eta/permuted_concept,inv_one_minus_eta,permuted_concept,1,preserve_other,8192,0.015616063500972562,0.00044929932482280354,0.021196681929556888,0.0768066619673492,0.9649658203125,0.02124551424488673,0.1350248060964949,0.13442509592691923,,,,0.0350341796875,0.0012243535946316378,2.3775538531468087e-06,0.9962158203125,0.10853678706112231,0.01824385173896442,0.680908203125,0.07725257514098091,0.007181057382733886,0.7823486328125,,,,,
constructed calibration development; no ordinary-trained replicate claim,v2/work_logs/F15_ND01_v1_run1/evaluation_attempt_1/calibration_1_evaluation.json,5571209c90c780284068abb28a5a376d7771e0d75e5df755645fa2b98113f8eb,searched_alignment,1,1511692,inv_one_minus_eta/permuted_concept,inv_one_minus_eta,permuted_concept,1,equal_target,8192,0.04267699337932248,0.0023555232672160097,0.04853373329155722,0.12654538887273492,0.946044921875,0.048542713062536776,0.07936066435567864,0.11726712799643726,,,,0.053955078125,0.0012484669577906436,2.4819540933473597e-06,0.9954833984375,0.07332492881957552,0.006309689341524251,0.83544921875,0.19063506984203943,0.048829842245587604,0.491943359375,,,,,
constructed calibration development; no ordinary-trained replicate claim,v2/work_logs/F15_ND01_v1_run1/evaluation_attempt_1/calibration_1_evaluation.json,5571209c90c780284068abb28a5a376d7771e0d75e5df755645fa2b98113f8eb,searched_alignment,1,1511692,inv_one_minus_eta/permuted_concept,inv_one_minus_eta,permuted_concept,1,scale_separating,8192,0.044955005908397884,0.00279881442800807,0.05290382243286462,0.14527164704592566,0.927001953125,0.05292529326754891,0.14485766476033404,0.15525774600687633,,,,0.072998046875,0.001235524793750955,2.4219613944749434e-06,0.9974365234375,0.11857523137366727,0.020985589810250043,0.6961669921875,0.19899250964676216,0.05724509305916313,0.4742431640625,,,,,
constructed calibration development; no ordinary-trained replicate claim,v2/work_logs/F15_ND01_v1_run1/evaluation_attempt_1/calibration_1_evaluation.json,5571209c90c780284068abb28a5a376d7771e0d75e5df755645fa2b98113f8eb,searched_alignment,1,1511692,inv_one_minus_eta/random,inv_one_minus_eta,random,0,mixed_near,8192,0.0726512539194489,0.006804749172048449,0.08249090357153599,0.1814997114600646,0.8758544921875,0.08248462977120943,0.22368507506770083,0.30297127596949824,,,,0.1241455078125,0.001167703236103708,2.191119958842839e-06,1.0,0.19542402951994672,0.05002446738809185,0.25634765625,0.11046691092132377,0.01722305166350811,0.7349853515625,,,,,
constructed calibration development; no ordinary-trained replicate claim,v2/work_logs/F15_ND01_v1_run1/evaluation_attempt_1/calibration_1_evaluation.json,5571209c90c780284068abb28a5a376d7771e0d75e5df755645fa2b98113f8eb,searched_alignment,1,1511692,inv_one_minus_eta/random,inv_one_minus_eta,random,0,mixed_far,8192,0.054695607281525505,0.004038889517004699,0.06355225815818584,0.22384795056746193,0.94287109375,0.0635485848395191,0.2034424074107287,0.2611848247700338,,,,0.05712890625,0.0012016428630762846,2.2858887896748908e-06,0.998046875,0.17357487827608498,0.04138993980936623,0.7764892578125,0.12609343578964077,0.02199712783701271,0.775634765625,,,,,
constructed calibration development; no ordinary-trained replicate claim,v2/work_logs/F15_ND01_v1_run1/evaluation_attempt_1/calibration_1_evaluation.json,5571209c90c780284068abb28a5a376d7771e0d75e5df755645fa2b98113f8eb,searched_alignment,1,1511692,inv_one_minus_eta/random,inv_one_minus_eta,random,0,preserve_other,8192,0.06257089558675019,0.005073400820863239,0.07122780932236537,0.18941147782223694,0.92578125,0.07120345407974583,0.22311326506778748,0.2900182572518145,,,,0.07421875,0.0012229586012354819,2.386482985977255e-06,0.9964599609375,0.1923475946346477,0.04976914389810499,0.478759765625,0.0740420068841288,0.006511977092148023,0.816650390625,,,,,
constructed calibration development; no ordinary-trained replicate claim,v2/work_logs/F15_ND01_v1_run1/evaluation_attempt_1/calibration_1_evaluation.json,5571209c90c780284068abb28a5a376d7771e0d75e5df755645fa2b98113f8eb,searched_alignment,1,1511692,inv_one_minus_eta/random,inv_one_minus_eta,random,0,equal_target,8192,0.03261662437826936,0.0016611707742238769,0.04075746280405439,0.14248728392628063,0.9140625,0.04070655247486115,0.08589305233387051,0.12019589403365456,,,,0.0859375,0.0012381471467076649,2.422124350668456e-06,0.9969482421875,0.07838603788624751,0.0073745207666299235,0.7762451171875,0.10834058282127719,0.018282497791324497,0.677978515625,,,,,
constructed calibration development; no ordinary-trained replicate claim,v2/work_logs/F15_ND01_v1_run1/evaluation_attempt_1/calibration_1_evaluation.json,5571209c90c780284068abb28a5a376d7771e0d75e5df755645fa2b98113f8eb,searched_alignment,1,1511692,inv_one_minus_eta/random,inv_one_minus_eta,random,0,scale_separating,8192,0.07150823522097852,0.006634400754067455,0.08145183088223036,0.22624536626729874,0.9000244140625,0.08140761991839865,0.25574007221424044,0.3330641277396046,,,,0.0999755859375,0.0012399378147517732,2.459301104670856e-06,0.998291015625,0.21835851398013464,0.0653711968976263,0.42822265625,0.11245542461943364,0.01886074083596339,0.7242431640625,,,,,
constructed calibration development; no ordinary-trained replicate claim,v2/work_logs/F15_ND01_v1_run1/evaluation_attempt_1/calibration_1_evaluation.json,5571209c90c780284068abb28a5a376d7771e0d75e5df755645fa2b98113f8eb,searched_alignment,1,1511692,inv_one_minus_eta/random,inv_one_minus_eta,random,1,mixed_near,8192,0.045779885292256045,0.003195055957702664,0.056524826029831034,0.13921960131247413,0.8289794921875,0.05655809627007826,0.13180330396150705,0.18147187816566857,,,,0.1710205078125,0.0011909620614806173,2.2464062391076643e-06,1.0,0.11095547778752254,0.01737365192940466,0.7158203125,0.1944466281744517,0.049646072412468434,0.26708984375,,,,,
constructed calibration development; no ordinary-trained replicate claim,v2/work_logs/F15_ND01_v1_run1/evaluation_attempt_1/calibration_1_evaluation.json,5571209c90c780284068abb28a5a376d7771e0d75e5df755645fa2b98113f8eb,searched_alignment,1,1511692,inv_one_minus_eta/random,inv_one_minus_eta,random,1,mixed_far,8192,0.039458886450949554,0.002248194327573427,0.04741512762371759,0.14311212907161308,0.987548828125,0.04745101155185125,0.14768032450767454,0.18875245439050278,,,,0.012451171875,0.0011976653412218883,2.272807692768128e-06,0.996337890625,0.12497307292185497,0.02181606988699822,0.78857421875,0.17389402645553076,0.041199641316302875,0.7777099609375,,,,,
constructed calibration development; no ordinary-trained replicate claim,v2/work_logs/F15_ND01_v1_run1/evaluation_attempt_1/calibration_1_evaluation.json,5571209c90c780284068abb28a5a376d7771e0d75e5df755645fa2b98113f8eb,searched_alignment,1,1511692,inv_one_minus_eta/random,inv_one_minus_eta,random,1,preserve_other,8192,0.04168404439148015,0.0027003275350615443,0.05196467583908846,0.14836041007387668,0.914306640625,0.05202232465858435,0.1350248060964949,0.17871617003998996,,,,0.085693359375,0.0012243535946316378,2.3775538531468087e-06,0.9962158203125,0.10853678706112231,0.01824385173896442,0.680908203125,0.07725257514098091,0.007181057382733886,0.7823486328125,,,,,
constructed calibration development; no ordinary-trained replicate claim,v2/work_logs/F15_ND01_v1_run1/evaluation_attempt_1/calibration_1_evaluation.json,5571209c90c780284068abb28a5a376d7771e0d75e5df755645fa2b98113f8eb,searched_alignment,1,1511692,inv_one_minus_eta/random,inv_one_minus_eta,random,1,equal_target,8192,0.04548171706574333,0.002775395328551513,0.0526820209231908,0.15087420982675404,0.9332275390625,0.05271105298917182,0.07936066435567864,0.12897180461568566,,,,0.0667724609375,0.0012484669577906436,2.4819540933473597e-06,0.9954833984375,0.07332492881957552,0.006309689341524251,0.83544921875,0.19063506984203943,0.048829842245587604,0.491943359375,,,,,
constructed calibration development; no ordinary-trained replicate claim,v2/work_logs/F15_ND01_v1_run1/evaluation_attempt_1/calibration_1_evaluation.json,5571209c90c780284068abb28a5a376d7771e0d75e5df755645fa2b98113f8eb,searched_alignment,1,1511692,inv_one_minus_eta/random,inv_one_minus_eta,random,1,scale_separating,8192,0.044060822682128076,0.0028242811397529845,0.05314396616505946,0.15055156317843188,0.92626953125,0.053190053186066635,0.14485766476033404,0.19013326791658539,,,,0.07373046875,0.001235524793750955,2.4219613944749434e-06,0.9974365234375,0.11857523137366727,0.020985589810250043,0.6961669921875,0.19899250964676216,0.05724509305916313,0.4742431640625,,,,,
constructed calibration development; no ordinary-trained replicate claim,v2/work_logs/F15_ND01_v1_run1/evaluation_attempt_1/calibration_1_evaluation.json,5571209c90c780284068abb28a5a376d7771e0d75e5df755645fa2b98113f8eb,searched_alignment,1,1511692,inv_one_minus_eta/shuffled_donor,inv_one_minus_eta,shuffled_donor,0,mixed_near,8192,0.1440785113636368,0.03078481199988005,0.17545601158090893,0.5205031531273534,0.3909912109375,0.17548408892217338,0.22368507506770083,0.15170132751865545,,,,0.6090087890625,0.001167703236103708,2.191119958842839e-06,1.0,0.19542402951994672,0.05002446738809185,0.25634765625,0.1547064801874053,0.03368253982902176,0.4976806640625,,,,,
constructed calibration development; no ordinary-trained replicate claim,v2/work_logs/F15_ND01_v1_run1/evaluation_attempt_1/calibration_1_evaluation.json,5571209c90c780284068abb28a5a376d7771e0d75e5df755645fa2b98113f8eb,searched_alignment,1,1511692,inv_one_minus_eta/shuffled_donor,inv_one_minus_eta,shuffled_donor,0,mixed_far,8192,0.1596265522741163,0.039514391903007116,0.19878227260751175,0.5901161632869982,0.7266845703125,0.19879473024215621,0.2034424074107287,0.16778260556742763,,,,0.2733154296875,0.0012016428630762846,2.2858887896748908e-06,0.998046875,0.17357487827608498,0.04138993980936623,0.7764892578125,0.23116337000487897,0.07671284563692807,0.50244140625,,,,,
constructed calibration development; no ordinary-trained replicate claim,v2/work_logs/F15_ND01_v1_run1/evaluation_attempt_1/calibration_1_evaluation.json,5571209c90c780284068abb28a5a376d7771e0d75e5df755645fa2b98113f8eb,searched_alignment,1,1511692,inv_one_minus_eta/shuffled_donor,inv_one_minus_eta,shuffled_donor,0,preserve_other,8192,0.15501919146048648,0.036408001502945854,0.19080880876664436,0.5839647602608949,0.5870361328125,0.19081958960091233,0.22311326506778748,0.16223363533498997,,,,0.4129638671875,0.0012229586012354819,2.386482985977255e-06,0.9964599609375,0.1923475946346477,0.04976914389810499,0.478759765625,0.1858129114968825,0.05217135039699271,0.4947509765625,,,,,
constructed calibration development; no ordinary-trained replicate claim,v2/work_logs/F15_ND01_v1_run1/evaluation_attempt_1/calibration_1_evaluation.json,5571209c90c780284068abb28a5a376d7771e0d75e5df755645fa2b98113f8eb,searched_alignment,1,1511692,inv_one_minus_eta/shuffled_donor,inv_one_minus_eta,shuffled_donor,0,equal_target,8192,0.11266962384242447,0.01924955974747131,0.13874278268606013,0.4229696519499709,0.66845703125,0.13875003938760003,0.08589305233387051,0.11565593824954655,,,,0.33154296875,0.0012381471467076649,2.422124350668456e-06,0.9969482421875,0.07838603788624751,0.0073745207666299235,0.7762451171875,0.15763357819353951,0.037890459689758675,0.4990234375,,,,,
constructed calibration development; no ordinary-trained replicate claim,v2/work_logs/F15_ND01_v1_run1/evaluation_attempt_1/calibration_1_evaluation.json,5571209c90c780284068abb28a5a376d7771e0d75e5df755645fa2b98113f8eb,searched_alignment,1,1511692,inv_one_minus_eta/shuffled_donor,inv_one_minus_eta,shuffled_donor,0,scale_separating,8192,0.16826382590362254,0.042242572495633846,0.2055299795544043,0.5814288356294283,0.5548095703125,0.20556251537218748,0.25574007221424044,0.16720869257585153,,,,0.4451904296875,0.0012399378147517732,2.459301104670856e-06,0.998291015625,0.21835851398013464,0.0653711968976263,0.42822265625,0.19284469846821833,0.05636094273108888,0.4937744140625,,,,,
constructed calibration development; no ordinary-trained replicate claim,v2/work_logs/F15_ND01_v1_run1/evaluation_attempt_1/calibration_1_evaluation.json,5571209c90c780284068abb28a5a376d7771e0d75e5df755645fa2b98113f8eb,searched_alignment,1,1511692,inv_one_minus_eta/shuffled_donor,inv_one_minus_eta,shuffled_donor,1,mixed_near,8192,0.09590015130641615,0.013900286524887551,0.11789947635544253,0.34261824243139727,0.7210693359375,0.11793415128087481,0.13180330396150705,0.12203764325744026,,,,0.2789306640625,0.0011909620614806173,2.2464062391076643e-06,1.0,0.11095547778752254,0.01737365192940466,0.7158203125,0.15523575076862198,0.03406157107292664,0.4998779296875,,,,,
constructed calibration development; no ordinary-trained replicate claim,v2/work_logs/F15_ND01_v1_run1/evaluation_attempt_1/calibration_1_evaluation.json,5571209c90c780284068abb28a5a376d7771e0d75e5df755645fa2b98113f8eb,searched_alignment,1,1511692,inv_one_minus_eta/shuffled_donor,inv_one_minus_eta,shuffled_donor,1,mixed_far,8192,0.11013774700944164,0.019413538589031915,0.13933247499786944,0.3439964455062974,0.8082275390625,0.13930613908222797,0.14768032450767454,0.13381054613129462,,,,0.1917724609375,0.0011976653412218883,2.272807692768128e-06,0.996337890625,0.12497307292185497,0.02181606988699822,0.78857421875,0.23734853136855735,0.0801771940258158,0.4918212890625,,,,,
constructed calibration development; no ordinary-trained replicate claim,v2/work_logs/F15_ND01_v1_run1/evaluation_attempt_1/calibration_1_evaluation.json,5571209c90c780284068abb28a5a376d7771e0d75e5df755645fa2b98113f8eb,searched_alignment,1,1511692,inv_one_minus_eta/shuffled_donor,inv_one_minus_eta,shuffled_donor,1,preserve_other,8192,0.1038538912426974,0.01678477607485279,0.12955607309135603,0.34359154762063265,0.6968994140625,0.12954610653737988,0.1350248060964949,0.12783710604544887,,,,0.3031005859375,0.0012243535946316378,2.3775538531468087e-06,0.9962158203125,0.10853678706112231,0.01824385173896442,0.680908203125,0.16009157722658168,0.039138244435602904,0.5106201171875,,,,,
constructed calibration development; no ordinary-trained replicate claim,v2/work_logs/F15_ND01_v1_run1/evaluation_attempt_1/calibration_1_evaluation.json,5571209c90c780284068abb28a5a376d7771e0d75e5df755645fa2b98113f8eb,searched_alignment,1,1511692,inv_one_minus_eta/shuffled_donor,inv_one_minus_eta,shuffled_donor,1,equal_target,8192,0.08876277318574617,0.012192411805419004,0.11041925468603292,0.347770469304272,0.8070068359375,0.11040779292570348,0.07936066435567864,0.1145215606192756,,,,0.1929931640625,0.0012484669577906436,2.4819540933473597e-06,0.9954833984375,0.07332492881957552,0.006309689341524251,0.83544921875,0.18803188615420185,0.053233048686942015,0.5059814453125,,,,,
constructed calibration development; no ordinary-trained replicate claim,v2/work_logs/F15_ND01_v1_run1/evaluation_attempt_1/calibration_1_evaluation.json,5571209c90c780284068abb28a5a376d7771e0d75e5df755645fa2b98113f8eb,searched_alignment,1,1511692,inv_one_minus_eta/shuffled_donor,inv_one_minus_eta,shuffled_donor,1,scale_separating,8192,0.10442473449501595,0.016717228366780267,0.12929512120254294,0.3445241896182331,0.7379150390625,0.12929016131197812,0.14485766476033404,0.13213950111001552,,,,0.2620849609375,0.001235524793750955,2.4219613944749434e-06,0.9974365234375,0.11857523137366727,0.020985589810250043,0.6961669921875,0.183479946968428,0.05142557477360386,0.5068359375,,,,,
constructed calibration development; no ordinary-trained replicate claim,v2/work_logs/F15_ND01_v1_run1/evaluation_attempt_1/calibration_1_evaluation.json,5571209c90c780284068abb28a5a376d7771e0d75e5df755645fa2b98113f8eb,searched_alignment,1,1511692,inv_one_minus_eta/untrained,inv_one_minus_eta,untrained,0,mixed_near,8192,0.0967767297342671,0.013178390204248453,0.11479716984424508,0.344282292021272,0.5897216796875,0.15171079899371434,0.22368507506770083,0.08559989835610911,,,,0.4102783203125,0.14027477661358168,0.029158395338238864,0.5389404296875,0.11299808263487997,0.02028977000764648,0.4869384765625,0.10616239216184685,0.01701293868946155,0.4869384765625,,,,,
constructed calibration development; no ordinary-trained replicate claim,v2/work_logs/F15_ND01_v1_run1/evaluation_attempt_1/calibration_1_evaluation.json,5571209c90c780284068abb28a5a376d7771e0d75e5df755645fa2b98113f8eb,searched_alignment,1,1511692,inv_one_minus_eta/untrained,inv_one_minus_eta,untrained,0,mixed_far,8192,0.1372010388237107,0.028371892774260492,0.16843958197009543,0.4496332632843726,0.7532958984375,0.11660344579104812,0.2034424074107287,0.10997256199860762,,,,0.2467041015625,0.15482564105683055,0.03713445380374185,0.46044921875,0.20653535020653954,0.05695464215877398,0.5032958984375,0.19905987007677087,0.05353885739121235,0.50341796875,,,,,
constructed calibration development; no ordinary-trained replicate claim,v2/work_logs/F15_ND01_v1_run1/evaluation_attempt_1/calibration_1_evaluation.json,5571209c90c780284068abb28a5a376d7771e0d75e5df755645fa2b98113f8eb,searched_alignment,1,1511692,inv_one_minus_eta/untrained,inv_one_minus_eta,untrained,0,preserve_other,8192,0.12179768639030705,0.022338805163952032,0.14946171805499905,0.46911813775881905,0.713623046875,0.12136500770000042,0.22311326506778748,0.1067430168746173,,,,0.286376953125,0.1473085686085519,0.03152484689197635,0.408935546875,0.16302385012424703,0.03991358328310443,0.5323486328125,0.15017379498089406,0.0355971118278275,0.5323486328125,,,,,
constructed calibration development; no ordinary-trained replicate claim,v2/work_logs/F15_ND01_v1_run1/evaluation_attempt_1/calibration_1_evaluation.json,5571209c90c780284068abb28a5a376d7771e0d75e5df755645fa2b98113f8eb,searched_alignment,1,1511692,inv_one_minus_eta/untrained,inv_one_minus_eta,untrained,0,equal_target,8192,0.11441551837271322,0.01965273093238567,0.1401881982635688,0.4433556240364483,0.5950927734375,0.08466677187487685,0.08589305233387051,0.041832143637575106,,,,0.4049072265625,0.11859429549699954,0.022616121572560488,0.5880126953125,0.12595380362717548,0.023886150485488433,0.5435791015625,0.12713653114183532,0.02515005045495909,0.5435791015625,,,,,
constructed calibration development; no ordinary-trained replicate claim,v2/work_logs/F15_ND01_v1_run1/evaluation_attempt_1/calibration_1_evaluation.json,5571209c90c780284068abb28a5a376d7771e0d75e5df755645fa2b98113f8eb,searched_alignment,1,1511692,inv_one_minus_eta/untrained,inv_one_minus_eta,untrained,0,scale_separating,8192,0.11312684710477025,0.0188314959937985,0.1372278980156677,0.4402330923991237,0.7413330078125,0.16005611586191307,0.25574007221424044,0.11325321067130058,,,,0.2586669921875,0.14657445198874264,0.032694957958694953,0.5059814453125,0.16208439562425914,0.040886843611229885,0.5208740234375,0.1526399031175379,0.03654413390439208,0.5208740234375,,,,,
constructed calibration development; no ordinary-trained replicate claim,v2/work_logs/F15_ND01_v1_run1/evaluation_attempt_1/calibration_1_evaluation.json,5571209c90c780284068abb28a5a376d7771e0d75e5df755645fa2b98113f8eb,searched_alignment,1,1511692,inv_one_minus_eta/untrained,inv_one_minus_eta,untrained,1,mixed_near,8192,0.08654480468124526,0.010808584459904845,0.10396434225206662,0.32318288590312516,0.746826171875,0.17093225293847472,0.13180330396150705,0.10232200919462837,,,,0.253173828125,0.1542763030260117,0.03514380180308521,0.456787109375,0.1064818115997477,0.017086031928533422,0.483642578125,0.11488353480146393,0.02073063974450741,0.483642578125,,,,,
constructed calibration development; no ordinary-trained replicate claim,v2/work_logs/F15_ND01_v1_run1/evaluation_attempt_1/calibration_1_evaluation.json,5571209c90c780284068abb28a5a376d7771e0d75e5df755645fa2b98113f8eb,searched_alignment,1,1511692,inv_one_minus_eta/untrained,inv_one_minus_eta,untrained,1,mixed_far,8192,0.16839645439955492,0.04032304163405025,0.2008059800754207,0.5385581887245894,0.6571044921875,0.15998213967912178,0.14768032450767454,0.1016288545319192,,,,0.3428955078125,0.1423360492870886,0.031228427057412765,0.5284423828125,0.19938802558675275,0.053399201967646005,0.4952392578125,0.20697920862571142,0.05678126782909575,0.4952392578125,,,,,
constructed calibration development; no ordinary-trained replicate claim,v2/work_logs/F15_ND01_v1_run1/evaluation_attempt_1/calibration_1_evaluation.json,5571209c90c780284068abb28a5a376d7771e0d75e5df755645fa2b98113f8eb,searched_alignment,1,1511692,inv_one_minus_eta/untrained,inv_one_minus_eta,untrained,1,preserve_other,8192,0.12534529776688996,0.025410431328771764,0.15940649713475222,0.5808216174806338,0.6790771484375,0.15874402589783457,0.1350248060964949,0.0881971189642155,,,,0.3209228515625,0.11895774844683588,0.02275391325837203,0.5921630859375,0.1234323695561757,0.024005234866646873,0.583251953125,0.12302622126922678,0.02301439083725282,0.5836181640625,,,,,
constructed calibration development; no ordinary-trained replicate claim,v2/work_logs/F15_ND01_v1_run1/evaluation_attempt_1/calibration_1_evaluation.json,5571209c90c780284068abb28a5a376d7771e0d75e5df755645fa2b98113f8eb,searched_alignment,1,1511692,inv_one_minus_eta/untrained,inv_one_minus_eta,untrained,1,equal_target,8192,0.12446645148692458,0.02250035281114312,0.15000117603253355,0.5361468379163853,0.780029296875,0.058859066973924574,0.07936066435567864,0.12357369570097805,,,,0.219970703125,0.14683528695618303,0.03152811643911905,0.414306640625,0.17671994450597614,0.046828623589124825,0.4168701171875,0.18711193085336833,0.05086917454289193,0.4168701171875,,,,,
constructed calibration development; no ordinary-trained replicate claim,v2/work_logs/F15_ND01_v1_run1/evaluation_attempt_1/calibration_1_evaluation.json,5571209c90c780284068abb28a5a376d7771e0d75e5df755645fa2b98113f8eb,searched_alignment,1,1511692,inv_one_minus_eta/untrained,inv_one_minus_eta,untrained,1,scale_separating,8192,0.11759488280731306,0.0213110418245607,0.14598301895960605,0.5286129933243248,0.7606201171875,0.18382748145745229,0.14485766476033404,0.1298894602887922,,,,0.2393798828125,0.14921838506227875,0.034383538728869116,0.4925537109375,0.14630887011377397,0.03379316393612061,0.5274658203125,0.1535393583808311,0.03732120911081245,0.5274658203125,,,,,
constructed calibration development; no ordinary-trained replicate claim,v2/work_logs/F15_ND01_v1_run1/evaluation_attempt_1/calibration_1_evaluation.json,5571209c90c780284068abb28a5a376d7771e0d75e5df755645fa2b98113f8eb,searched_alignment,1,1511692,inv_total_cost/aligned,inv_total_cost,aligned,0,mixed_near,8192,0.11332713732998473,0.017652356227049283,0.13286217003740863,0.36089913368873194,0.6253662109375,0.13285071141306934,0.1498563486511562,0.04923759980235181,,,,0.3746337890625,0.001167703236103708,2.191119958842839e-06,1.0,0.1294965573325167,0.022454227736072273,0.6124267578125,0.12852082529678593,0.022107893876417248,0.619384765625,,,,,
constructed calibration development; no ordinary-trained replicate claim,v2/work_logs/F15_ND01_v1_run1/evaluation_attempt_1/calibration_1_evaluation.json,5571209c90c780284068abb28a5a376d7771e0d75e5df755645fa2b98113f8eb,searched_alignment,1,1511692,inv_total_cost/aligned,inv_total_cost,aligned,0,mixed_far,8192,0.0761052436900552,0.010151047450305987,0.10075240667252564,0.40533258958527646,0.837890625,0.10072705258697871,0.11565325586621962,0.0482937376152133,,,,0.162109375,0.0012016428630762846,2.2858887896748908e-06,0.998046875,0.08695811235949899,0.013377291126614121,0.803466796875,0.08682974937682157,0.01326450538276815,0.7960205078125,,,,,
constructed calibration development; no ordinary-trained replicate claim,v2/work_logs/F15_ND01_v1_run1/evaluation_attempt_1/calibration_1_evaluation.json,5571209c90c780284068abb28a5a376d7771e0d75e5df755645fa2b98113f8eb,searched_alignment,1,1511692,inv_total_cost/aligned,inv_total_cost,aligned,0,preserve_other,8192,0.0580144244267493,0.005451061489835778,0.0738313042674703,0.226111580878387,0.8291015625,0.07381255842359111,0.08717290921341252,0.06327744854831936,,,,0.1708984375,0.0012229586012354819,2.386482985977255e-06,0.9964599609375,0.07326527400052753,0.007597998106912456,0.7783203125,0.07397739422627726,0.0072153468761243286,0.77978515625,,,,,
constructed calibration development; no ordinary-trained replicate claim,v2/work_logs/F15_ND01_v1_run1/evaluation_attempt_1/calibration_1_evaluation.json,5571209c90c780284068abb28a5a376d7771e0d75e5df755645fa2b98113f8eb,searched_alignment,1,1511692,inv_total_cost/aligned,inv_total_cost,aligned,0,equal_target,8192,0.06373831600554197,0.006460138312678892,0.0803749856154195,0.23593599750208227,0.799072265625,0.08034519219473259,0.0856064888950898,0.057143347801563,,,,0.200927734375,0.0012381471467076649,2.422124350668456e-06,0.9969482421875,0.07452369963590674,0.007328552169395332,0.7740478515625,0.0734359472569566,0.007563679860757639,0.7822265625,,,,,
constructed calibration development; no ordinary-trained replicate claim,v2/work_logs/F15_ND01_v1_run1/evaluation_attempt_1/calibration_1_evaluation.json,5571209c90c780284068abb28a5a376d7771e0d75e5df755645fa2b98113f8eb,searched_alignment,1,1511692,inv_total_cost/aligned,inv_total_cost,aligned,0,scale_separating,8192,0.08871946796304728,0.012089175597395287,0.10995078716132635,0.4003533231045137,0.727294921875,0.10995176477000729,0.1393876324761664,0.06893754641125374,,,,0.272705078125,0.0012399378147517732,2.459301104670856e-06,0.998291015625,0.11105024704240934,0.019416369552850525,0.6988525390625,0.11134787994057783,0.019424596357824515,0.6943359375,,,,,
constructed calibration development; no ordinary-trained replicate claim,v2/work_logs/F15_ND01_v1_run1/evaluation_attempt_1/calibration_1_evaluation.json,5571209c90c780284068abb28a5a376d7771e0d75e5df755645fa2b98113f8eb,searched_alignment,1,1511692,inv_total_cost/aligned,inv_total_cost,aligned,1,mixed_near,8192,0.0921672739558379,0.01251171403908962,0.11185577338291314,0.2991548782141824,0.677978515625,0.11186077400127468,0.14708303417474178,0.08862271617235504,,,,0.322021484375,0.0011909620614806173,2.2464062391076643e-06,1.0,0.12614498422774328,0.021623673829772403,0.6171875,0.1271151149632239,0.02199084360968874,0.6337890625,,,,,
constructed calibration development; no ordinary-trained replicate claim,v2/work_logs/F15_ND01_v1_run1/evaluation_attempt_1/calibration_1_evaluation.json,5571209c90c780284068abb28a5a376d7771e0d75e5df755645fa2b98113f8eb,searched_alignment,1,1511692,inv_total_cost/aligned,inv_total_cost,aligned,1,mixed_far,8192,0.07008971041685438,0.007827430844184913,0.08847276894155011,0.3576512376663838,0.839599609375,0.08845374215693005,0.11548872219911847,0.08064920593345043,,,,0.160400390625,0.0011976653412218883,2.272807692768128e-06,0.996337890625,0.08724004383447695,0.013336810166249881,0.8046875,0.08765908004838706,0.013523291136263589,0.8031005859375,,,,,
constructed calibration development; no ordinary-trained replicate claim,v2/work_logs/F15_ND01_v1_run1/evaluation_attempt_1/calibration_1_evaluation.json,5571209c90c780284068abb28a5a376d7771e0d75e5df755645fa2b98113f8eb,searched_alignment,1,1511692,inv_total_cost/aligned,inv_total_cost,aligned,1,preserve_other,8192,0.06913367631728981,0.007382816343693931,0.08592331664742657,0.26709018060495937,0.805908203125,0.08586124796563169,0.08719770140318552,0.09867325324534551,,,,0.194091796875,0.0012243535946316378,2.3775538531468087e-06,0.9962158203125,0.0732121969551762,0.007607824839604328,0.781005859375,0.07444648661721412,0.007329271114694436,0.7794189453125,,,,,
constructed calibration development; no ordinary-trained replicate claim,v2/work_logs/F15_ND01_v1_run1/evaluation_attempt_1/calibration_1_evaluation.json,5571209c90c780284068abb28a5a376d7771e0d75e5df755645fa2b98113f8eb,searched_alignment,1,1511692,inv_total_cost/aligned,inv_total_cost,aligned,1,equal_target,8192,0.06368408500220799,0.006690450661581416,0.08179517505074133,0.26280844285099336,0.805908203125,0.0817243115919456,0.08458469428280274,0.09872531891546957,,,,0.194091796875,0.0012484669577906436,2.4819540933473597e-06,0.9954833984375,0.07363154820192613,0.007155413918204852,0.7760009765625,0.07232435290434629,0.00729166114455118,0.7786865234375,,,,,
constructed calibration development; no ordinary-trained replicate claim,v2/work_logs/F15_ND01_v1_run1/evaluation_attempt_1/calibration_1_evaluation.json,5571209c90c780284068abb28a5a376d7771e0d75e5df755645fa2b98113f8eb,searched_alignment,1,1511692,inv_total_cost/aligned,inv_total_cost,aligned,1,scale_separating,8192,0.0813933351629968,0.009467748952914998,0.09730235841394082,0.3295760682522087,0.7445068359375,0.09724409490241015,0.1399219296476679,0.11879598944523584,,,,0.2554931640625,0.001235524793750955,2.4219613944749434e-06,0.9974365234375,0.11200554948707789,0.019573996332214814,0.6976318359375,0.11138377194263592,0.019214607652371235,0.6893310546875,,,,,
constructed calibration development; no ordinary-trained replicate claim,v2/work_logs/F15_ND01_v1_run1/evaluation_attempt_1/calibration_1_evaluation.json,5571209c90c780284068abb28a5a376d7771e0d75e5df755645fa2b98113f8eb,searched_alignment,1,1511692,inv_total_cost/permuted_concept,inv_total_cost,permuted_concept,0,mixed_near,8192,0.1031095581421457,0.01517730526662578,0.12319620638082075,0.32413604213909974,0.664306640625,0.12317367526267045,0.1498563486511562,0.0744815778766554,,,,0.335693359375,0.001167703236103708,2.191119958842839e-06,1.0,0.1294965573325167,0.022454227736072273,0.6124267578125,0.12852082529678593,0.022107893876417248,0.619384765625,,,,,
constructed calibration development; no ordinary-trained replicate claim,v2/work_logs/F15_ND01_v1_run1/evaluation_attempt_1/calibration_1_evaluation.json,5571209c90c780284068abb28a5a376d7771e0d75e5df755645fa2b98113f8eb,searched_alignment,1,1511692,inv_total_cost/permuted_concept,inv_total_cost,permuted_concept,0,mixed_far,8192,0.07449556536402613,0.009045154577704235,0.09510601756831286,0.3522847802310221,0.8140869140625,0.09506931611146752,0.11565325586621962,0.07051174633197017,,,,0.1859130859375,0.0012016428630762846,2.2858887896748908e-06,0.998046875,0.08695811235949899,0.013377291126614121,0.803466796875,0.08682974937682157,0.01326450538276815,0.7960205078125,,,,,
constructed calibration development; no ordinary-trained replicate claim,v2/work_logs/F15_ND01_v1_run1/evaluation_attempt_1/calibration_1_evaluation.json,5571209c90c780284068abb28a5a376d7771e0d75e5df755645fa2b98113f8eb,searched_alignment,1,1511692,inv_total_cost/permuted_concept,inv_total_cost,permuted_concept,0,preserve_other,8192,0.06950368150385466,0.007703650318169038,0.08777044102754092,0.27206417449789994,0.8037109375,0.08774464240032653,0.08717290921341252,0.08310521774749362,,,,0.1962890625,0.0012229586012354819,2.386482985977255e-06,0.9964599609375,0.07326527400052753,0.007597998106912456,0.7783203125,0.07397739422627726,0.0072153468761243286,0.77978515625,,,,,
constructed calibration development; no ordinary-trained replicate claim,v2/work_logs/F15_ND01_v1_run1/evaluation_attempt_1/calibration_1_evaluation.json,5571209c90c780284068abb28a5a376d7771e0d75e5df755645fa2b98113f8eb,searched_alignment,1,1511692,inv_total_cost/permuted_concept,inv_total_cost,permuted_concept,0,equal_target,8192,0.06258937723331837,0.006406479945017717,0.08004048941015864,0.24754224653287515,0.809326171875,0.08000673817907542,0.0856064888950898,0.09242907608844639,,,,0.190673828125,0.0012381471467076649,2.422124350668456e-06,0.9969482421875,0.07452369963590674,0.007328552169395332,0.7740478515625,0.0734359472569566,0.007563679860757639,0.7822265625,,,,,
constructed calibration development; no ordinary-trained replicate claim,v2/work_logs/F15_ND01_v1_run1/evaluation_attempt_1/calibration_1_evaluation.json,5571209c90c780284068abb28a5a376d7771e0d75e5df755645fa2b98113f8eb,searched_alignment,1,1511692,inv_total_cost/permuted_concept,inv_total_cost,permuted_concept,0,scale_separating,8192,0.08593769852440619,0.010621105277821322,0.10305874673127614,0.3445927783189415,0.736572265625,0.10302841105591636,0.1393876324761664,0.10096188889273669,,,,0.263427734375,0.0012399378147517732,2.459301104670856e-06,0.998291015625,0.11105024704240934,0.019416369552850525,0.6988525390625,0.11134787994057783,0.019424596357824515,0.6943359375,,,,,
constructed calibration development; no ordinary-trained replicate claim,v2/work_logs/F15_ND01_v1_run1/evaluation_attempt_1/calibration_1_evaluation.json,5571209c90c780284068abb28a5a376d7771e0d75e5df755645fa2b98113f8eb,searched_alignment,1,1511692,inv_total_cost/permuted_concept,inv_total_cost,permuted_concept,1,mixed_near,8192,0.1125712921307982,0.01730718791676734,0.1315567859016301,0.35294513870910205,0.62451171875,0.13158130733538229,0.14708303417474178,0.027645802891640467,,,,0.37548828125,0.0011909620614806173,2.2464062391076643e-06,1.0,0.12614498422774328,0.021623673829772403,0.6171875,0.1271151149632239,0.02199084360968874,0.6337890625,,,,,
constructed calibration development; no ordinary-trained replicate claim,v2/work_logs/F15_ND01_v1_run1/evaluation_attempt_1/calibration_1_evaluation.json,5571209c90c780284068abb28a5a376d7771e0d75e5df755645fa2b98113f8eb,searched_alignment,1,1511692,inv_total_cost/permuted_concept,inv_total_cost,permuted_concept,1,mixed_far,8192,0.07627416458822603,0.010135720055012946,0.1006763132768227,0.4054743553011221,0.828125,0.1006696950263278,0.11548872219911847,0.026427578037496378,,,,0.171875,0.0011976653412218883,2.272807692768128e-06,0.996337890625,0.08724004383447695,0.013336810166249881,0.8046875,0.08765908004838706,0.013523291136263589,0.8031005859375,,,,,
constructed calibration development; no ordinary-trained replicate claim,v2/work_logs/F15_ND01_v1_run1/evaluation_attempt_1/calibration_1_evaluation.json,5571209c90c780284068abb28a5a376d7771e0d75e5df755645fa2b98113f8eb,searched_alignment,1,1511692,inv_total_cost/permuted_concept,inv_total_cost,permuted_concept,1,preserve_other,8192,0.05840735629817347,0.005409354505949533,0.07354831409318321,0.22998596046146746,0.8160400390625,0.07349999780105507,0.08719770140318552,0.031974624679368534,,,,0.1839599609375,0.0012243535946316378,2.3775538531468087e-06,0.9962158203125,0.0732121969551762,0.007607824839604328,0.781005859375,0.07444648661721412,0.007329271114694436,0.7794189453125,,,,,
constructed calibration development; no ordinary-trained replicate claim,v2/work_logs/F15_ND01_v1_run1/evaluation_attempt_1/calibration_1_evaluation.json,5571209c90c780284068abb28a5a376d7771e0d75e5df755645fa2b98113f8eb,searched_alignment,1,1511692,inv_total_cost/permuted_concept,inv_total_cost,permuted_concept,1,equal_target,8192,0.05840687352246956,0.0050294004390015,0.07091826590520597,0.21342891184364193,0.813720703125,0.07088146212214125,0.08458469428280274,0.03160012595319863,,,,0.186279296875,0.0012484669577906436,2.4819540933473597e-06,0.9954833984375,0.07363154820192613,0.007155413918204852,0.7760009765625,0.07232435290434629,0.00729166114455118,0.7786865234375,,,,,
constructed calibration development; no ordinary-trained replicate claim,v2/work_logs/F15_ND01_v1_run1/evaluation_attempt_1/calibration_1_evaluation.json,5571209c90c780284068abb28a5a376d7771e0d75e5df755645fa2b98113f8eb,searched_alignment,1,1511692,inv_total_cost/permuted_concept,inv_total_cost,permuted_concept,1,scale_separating,8192,0.09190532297527619,0.01343974441504222,0.11592991164941953,0.38360906401952904,0.7259521484375,0.11592631265944356,0.1399219296476679,0.03810475012340649,,,,0.2740478515625,0.001235524793750955,2.4219613944749434e-06,0.9974365234375,0.11200554948707789,0.019573996332214814,0.6976318359375,0.11138377194263592,0.019214607652371235,0.6893310546875,,,,,
constructed calibration development; no ordinary-trained replicate claim,v2/work_logs/F15_ND01_v1_run1/evaluation_attempt_1/calibration_1_evaluation.json,5571209c90c780284068abb28a5a376d7771e0d75e5df755645fa2b98113f8eb,searched_alignment,1,1511692,inv_total_cost/random,inv_total_cost,random,0,mixed_near,8192,0.09451448160441053,0.012940686687142974,0.11375713906011778,0.31052290880970657,0.66845703125,0.11373506775651944,0.1498563486511562,0.07982103946785496,,,,0.33154296875,0.001167703236103708,2.191119958842839e-06,1.0,0.1294965573325167,0.022454227736072273,0.6124267578125,0.12852082529678593,0.022107893876417248,0.619384765625,,,,,
constructed calibration development; no ordinary-trained replicate claim,v2/work_logs/F15_ND01_v1_run1/evaluation_attempt_1/calibration_1_evaluation.json,5571209c90c780284068abb28a5a376d7771e0d75e5df755645fa2b98113f8eb,searched_alignment,1,1511692,inv_total_cost/random,inv_total_cost,random,0,mixed_far,8192,0.0679434569649717,0.007628460041419349,0.08734105587534048,0.3177799171693953,0.847900390625,0.08730191271948855,0.11565325586621962,0.07410238756033112,,,,0.152099609375,0.0012016428630762846,2.2858887896748908e-06,0.998046875,0.08695811235949899,0.013377291126614121,0.803466796875,0.08682974937682157,0.01326450538276815,0.7960205078125,,,,,
constructed calibration development; no ordinary-trained replicate claim,v2/work_logs/F15_ND01_v1_run1/evaluation_attempt_1/calibration_1_evaluation.json,5571209c90c780284068abb28a5a376d7771e0d75e5df755645fa2b98113f8eb,searched_alignment,1,1511692,inv_total_cost/random,inv_total_cost,random,0,preserve_other,8192,0.06376213240210436,0.006427233012996331,0.08017002565171306,0.26223750282253494,0.81640625,0.08013770539425656,0.08717290921341252,0.0887680320937482,,,,0.18359375,0.0012229586012354819,2.386482985977255e-06,0.9964599609375,0.07326527400052753,0.007597998106912456,0.7783203125,0.07397739422627726,0.0072153468761243286,0.77978515625,,,,,
constructed calibration development; no ordinary-trained replicate claim,v2/work_logs/F15_ND01_v1_run1/evaluation_attempt_1/calibration_1_evaluation.json,5571209c90c780284068abb28a5a376d7771e0d75e5df755645fa2b98113f8eb,searched_alignment,1,1511692,inv_total_cost/random,inv_total_cost,random,0,equal_target,8192,0.06006913327739321,0.006085997434898627,0.07801280301911108,0.2662091506431275,0.8115234375,0.07796345514184402,0.0856064888950898,0.08940108111422487,,,,0.1884765625,0.0012381471467076649,2.422124350668456e-06,0.9969482421875,0.07452369963590674,0.007328552169395332,0.7740478515625,0.0734359472569566,0.007563679860757639,0.7822265625,,,,,
constructed calibration development; no ordinary-trained replicate claim,v2/work_logs/F15_ND01_v1_run1/evaluation_attempt_1/calibration_1_evaluation.json,5571209c90c780284068abb28a5a376d7771e0d75e5df755645fa2b98113f8eb,searched_alignment,1,1511692,inv_total_cost/random,inv_total_cost,random,0,scale_separating,8192,0.07956755469416438,0.009093604837756699,0.0953603944924553,0.33007037661554944,0.7493896484375,0.09532602145322135,0.1393876324761664,0.1072319462722177,,,,0.2506103515625,0.0012399378147517732,2.459301104670856e-06,0.998291015625,0.11105024704240934,0.019416369552850525,0.6988525390625,0.11134787994057783,0.019424596357824515,0.6943359375,,,,,
constructed calibration development; no ordinary-trained replicate claim,v2/work_logs/F15_ND01_v1_run1/evaluation_attempt_1/calibration_1_evaluation.json,5571209c90c780284068abb28a5a376d7771e0d75e5df755645fa2b98113f8eb,searched_alignment,1,1511692,inv_total_cost/random,inv_total_cost,random,1,mixed_near,8192,0.09835356399387779,0.013690879060779326,0.11700802989871817,0.3082495634296454,0.6566162109375,0.11702429515212595,0.14708303417474178,0.06244649346668512,,,,0.3433837890625,0.0011909620614806173,2.2464062391076643e-06,1.0,0.12614498422774328,0.021623673829772403,0.6171875,0.1271151149632239,0.02199084360968874,0.6337890625,,,,,
constructed calibration development; no ordinary-trained replicate claim,v2/work_logs/F15_ND01_v1_run1/evaluation_attempt_1/calibration_1_evaluation.json,5571209c90c780284068abb28a5a376d7771e0d75e5df755645fa2b98113f8eb,searched_alignment,1,1511692,inv_total_cost/random,inv_total_cost,random,1,mixed_far,8192,0.06946789001019459,0.008066694966689327,0.08981478144876447,0.3596820576042128,0.841552734375,0.0898022962024488,0.11548872219911847,0.05754498589813269,,,,0.158447265625,0.0011976653412218883,2.272807692768128e-06,0.996337890625,0.08724004383447695,0.013336810166249881,0.8046875,0.08765908004838706,0.013523291136263589,0.8031005859375,,,,,
constructed calibration development; no ordinary-trained replicate claim,v2/work_logs/F15_ND01_v1_run1/evaluation_attempt_1/calibration_1_evaluation.json,5571209c90c780284068abb28a5a376d7771e0d75e5df755645fa2b98113f8eb,searched_alignment,1,1511692,inv_total_cost/random,inv_total_cost,random,1,preserve_other,8192,0.05800010116891914,0.005427348033016828,0.0736705370756643,0.21936474612540502,0.8284912109375,0.0736115930922193,0.08719770140318552,0.0704692482959676,,,,0.1715087890625,0.0012243535946316378,2.3775538531468087e-06,0.9962158203125,0.0732121969551762,0.007607824839604328,0.781005859375,0.07444648661721412,0.007329271114694436,0.7794189453125,,,,,
constructed calibration development; no ordinary-trained replicate claim,v2/work_logs/F15_ND01_v1_run1/evaluation_attempt_1/calibration_1_evaluation.json,5571209c90c780284068abb28a5a376d7771e0d75e5df755645fa2b98113f8eb,searched_alignment,1,1511692,inv_total_cost/random,inv_total_cost,random,1,equal_target,8192,0.05402688273207766,0.004909360882348399,0.07006683154209557,0.2297284974397601,0.8299560546875,0.07000591103653078,0.08458469428280274,0.07022990448156433,,,,0.1700439453125,0.0012484669577906436,2.4819540933473597e-06,0.9954833984375,0.07363154820192613,0.007155413918204852,0.7760009765625,0.07232435290434629,0.00729166114455118,0.7786865234375,,,,,
constructed calibration development; no ordinary-trained replicate claim,v2/work_logs/F15_ND01_v1_run1/evaluation_attempt_1/calibration_1_evaluation.json,5571209c90c780284068abb28a5a376d7771e0d75e5df755645fa2b98113f8eb,searched_alignment,1,1511692,inv_total_cost/random,inv_total_cost,random,1,scale_separating,8192,0.08041054381121657,0.009605313019613222,0.09800669885070724,0.3322816115271871,0.745361328125,0.09797425058922135,0.1399219296476679,0.08442264950210311,,,,0.254638671875,0.001235524793750955,2.4219613944749434e-06,0.9974365234375,0.11200554948707789,0.019573996332214814,0.6976318359375,0.11138377194263592,0.019214607652371235,0.6893310546875,,,,,
constructed calibration development; no ordinary-trained replicate claim,v2/work_logs/F15_ND01_v1_run1/evaluation_attempt_1/calibration_1_evaluation.json,5571209c90c780284068abb28a5a376d7771e0d75e5df755645fa2b98113f8eb,searched_alignment,1,1511692,inv_total_cost/shuffled_donor,inv_total_cost,shuffled_donor,0,mixed_near,8192,0.1244450901474027,0.021142056774277038,0.1454030837853071,0.37710555157684567,0.613525390625,0.14539865157970314,0.1498563486511562,0.046583418549616305,,,,0.386474609375,0.001167703236103708,2.191119958842839e-06,1.0,0.1294965573325167,0.022454227736072273,0.6124267578125,0.15468639298989495,0.03308371840839451,0.492431640625,,,,,
constructed calibration development; no ordinary-trained replicate claim,v2/work_logs/F15_ND01_v1_run1/evaluation_attempt_1/calibration_1_evaluation.json,5571209c90c780284068abb28a5a376d7771e0d75e5df755645fa2b98113f8eb,searched_alignment,1,1511692,inv_total_cost/shuffled_donor,inv_total_cost,shuffled_donor,0,mixed_far,8192,0.08784992767677594,0.01338793534504654,0.11570624592063533,0.47749706241212836,0.78662109375,0.11569471152463061,0.11565325586621962,0.04825438195384491,,,,0.21337890625,0.0012016428630762846,2.2858887896748908e-06,0.998046875,0.08695811235949899,0.013377291126614121,0.803466796875,0.1774878490132836,0.04828523706187826,0.5054931640625,,,,,
constructed calibration development; no ordinary-trained replicate claim,v2/work_logs/F15_ND01_v1_run1/evaluation_attempt_1/calibration_1_evaluation.json,5571209c90c780284068abb28a5a376d7771e0d75e5df755645fa2b98113f8eb,searched_alignment,1,1511692,inv_total_cost/shuffled_donor,inv_total_cost,shuffled_donor,0,preserve_other,8192,0.07086364863074046,0.007731115197394367,0.08792676041680579,0.3350233029526743,0.781982421875,0.08789884787033801,0.08717290921341252,0.05575795587173345,,,,0.218017578125,0.0012229586012354819,2.386482985977255e-06,0.9964599609375,0.07326527400052753,0.007597998106912456,0.7783203125,0.1489063825741272,0.03408855206964995,0.5089111328125,,,,,
constructed calibration development; no ordinary-trained replicate claim,v2/work_logs/F15_ND01_v1_run1/evaluation_attempt_1/calibration_1_evaluation.json,5571209c90c780284068abb28a5a376d7771e0d75e5df755645fa2b98113f8eb,searched_alignment,1,1511692,inv_total_cost/shuffled_donor,inv_total_cost,shuffled_donor,0,equal_target,8192,0.07343790706627998,0.0081385187547451,0.09021373927925336,0.3350552060945081,0.7628173828125,0.09017177776766845,0.0856064888950898,0.05328172036939565,,,,0.2371826171875,0.0012381471467076649,2.422124350668456e-06,0.9969482421875,0.07452369963590674,0.007328552169395332,0.7740478515625,0.1462828531080006,0.032855888328787795,0.504638671875,,,,,
constructed calibration development; no ordinary-trained replicate claim,v2/work_logs/F15_ND01_v1_run1/evaluation_attempt_1/calibration_1_evaluation.json,5571209c90c780284068abb28a5a376d7771e0d75e5df755645fa2b98113f8eb,searched_alignment,1,1511692,inv_total_cost/shuffled_donor,inv_total_cost,shuffled_donor,0,scale_separating,8192,0.10364051060708016,0.01675944739357691,0.12945828437599854,0.4915592905315131,0.6947021484375,0.12946352980134063,0.1393876324761664,0.05727983938340698,,,,0.3052978515625,0.0012399378147517732,2.459301104670856e-06,0.998291015625,0.11105024704240934,0.019416369552850525,0.6988525390625,0.15736251749501906,0.037563003685726126,0.505859375,,,,,
constructed calibration development; no ordinary-trained replicate claim,v2/work_logs/F15_ND01_v1_run1/evaluation_attempt_1/calibration_1_evaluation.json,5571209c90c780284068abb28a5a376d7771e0d75e5df755645fa2b98113f8eb,searched_alignment,1,1511692,inv_total_cost/shuffled_donor,inv_total_cost,shuffled_donor,1,mixed_near,8192,0.12404624062425276,0.021447461162217036,0.14644951745300167,0.3973257355061675,0.623779296875,0.14645533485432718,0.14708303417474178,0.059700833247029295,,,,0.376220703125,0.0011909620614806173,2.2464062391076643e-06,1.0,0.12614498422774328,0.021623673829772403,0.6171875,0.15388930204204546,0.03280555749917986,0.4979248046875,,,,,
constructed calibration development; no ordinary-trained replicate claim,v2/work_logs/F15_ND01_v1_run1/evaluation_attempt_1/calibration_1_evaluation.json,5571209c90c780284068abb28a5a376d7771e0d75e5df755645fa2b98113f8eb,searched_alignment,1,1511692,inv_total_cost/shuffled_donor,inv_total_cost,shuffled_donor,1,mixed_far,8192,0.09230647227188006,0.01419780137458114,0.1191545272936834,0.47530232409808804,0.7633056640625,0.11914711399983711,0.11548872219911847,0.059869768949726544,,,,0.2366943359375,0.0011976653412218883,2.272807692768128e-06,0.996337890625,0.08724004383447695,0.013336810166249881,0.8046875,0.18079132632062975,0.05008155059610801,0.4888916015625,,,,,
constructed calibration development; no ordinary-trained replicate claim,v2/work_logs/F15_ND01_v1_run1/evaluation_attempt_1/calibration_1_evaluation.json,5571209c90c780284068abb28a5a376d7771e0d75e5df755645fa2b98113f8eb,searched_alignment,1,1511692,inv_total_cost/shuffled_donor,inv_total_cost,shuffled_donor,1,preserve_other,8192,0.07774254702021302,0.009373486926171005,0.0968167698602417,0.36972437561744326,0.7596435546875,0.09675586162404243,0.08719770140318552,0.06939399764074768,,,,0.2403564453125,0.0012243535946316378,2.3775538531468087e-06,0.9962158203125,0.0732121969551762,0.007607824839604328,0.781005859375,0.14915987111924606,0.03416042984859309,0.5133056640625,,,,,
constructed calibration development; no ordinary-trained replicate claim,v2/work_logs/F15_ND01_v1_run1/evaluation_attempt_1/calibration_1_evaluation.json,5571209c90c780284068abb28a5a376d7771e0d75e5df755645fa2b98113f8eb,searched_alignment,1,1511692,inv_total_cost/shuffled_donor,inv_total_cost,shuffled_donor,1,equal_target,8192,0.07575677983833817,0.00889712487042595,0.09432457193343603,0.30215646742358915,0.7730712890625,0.09426634674356331,0.08458469428280274,0.07019374269093194,,,,0.2269287109375,0.0012484669577906436,2.4819540933473597e-06,0.9954833984375,0.07363154820192613,0.007155413918204852,0.7760009765625,0.14713274111739608,0.03323281039230164,0.505859375,,,,,
constructed calibration development; no ordinary-trained replicate claim,v2/work_logs/F15_ND01_v1_run1/evaluation_attempt_1/calibration_1_evaluation.json,5571209c90c780284068abb28a5a376d7771e0d75e5df755645fa2b98113f8eb,searched_alignment,1,1511692,inv_total_cost/shuffled_donor,inv_total_cost,shuffled_donor,1,scale_separating,8192,0.10624492437647598,0.017189673490917837,0.13110939512833486,0.4425246951569154,0.6922607421875,0.13108201250046667,0.1399219296476679,0.06979973138022552,,,,0.3077392578125,0.001235524793750955,2.4219613944749434e-06,0.9974365234375,0.11200554948707789,0.019573996332214814,0.6976318359375,0.15628032662633462,0.036989088377966495,0.50048828125,,,,,
constructed calibration development; no ordinary-trained replicate claim,v2/work_logs/F15_ND01_v1_run1/evaluation_attempt_1/calibration_1_evaluation.json,5571209c90c780284068abb28a5a376d7771e0d75e5df755645fa2b98113f8eb,searched_alignment,1,1511692,inv_total_cost/untrained,inv_total_cost,untrained,0,mixed_near,8192,0.10217621719548015,0.015111931976687407,0.12293059821170402,0.3716623564724717,0.474609375,0.09864869880424389,0.1498563486511562,0.061288277462701796,,,,0.525390625,0.14027477661358168,0.029158395338238864,0.5389404296875,0.10371304046128751,0.015226791485165952,0.510009765625,0.0984478391013005,0.014634861528792788,0.510009765625,,,,,
constructed calibration development; no ordinary-trained replicate claim,v2/work_logs/F15_ND01_v1_run1/evaluation_attempt_1/calibration_1_evaluation.json,5571209c90c780284068abb28a5a376d7771e0d75e5df755645fa2b98113f8eb,searched_alignment,1,1511692,inv_total_cost/untrained,inv_total_cost,untrained,0,mixed_far,8192,0.13361441800773283,0.027249407012733998,0.16507394407578077,0.4568872965735684,0.4715576171875,0.0751095531439356,0.11565325586621962,0.05877895549897946,,,,0.5284423828125,0.15482564105683055,0.03713445380374185,0.46044921875,0.13663252150841962,0.028181591108419134,0.499267578125,0.13384137598678547,0.027398719755536094,0.4993896484375,,,,,
constructed calibration development; no ordinary-trained replicate claim,v2/work_logs/F15_ND01_v1_run1/evaluation_attempt_1/calibration_1_evaluation.json,5571209c90c780284068abb28a5a376d7771e0d75e5df755645fa2b98113f8eb,searched_alignment,1,1511692,inv_total_cost/untrained,inv_total_cost,untrained,0,preserve_other,8192,0.13017167448406075,0.02478432673062724,0.157430386935392,0.440879402118443,0.4365234375,0.06112495375700227,0.08717290921341252,0.042401650552407695,,,,0.5634765625,0.1473085686085519,0.03152484689197635,0.408935546875,0.13162040475454495,0.0255917880631705,0.4425048828125,0.1300779858626604,0.025309580484848666,0.4425048828125,,,,,
constructed calibration development; no ordinary-trained replicate claim,v2/work_logs/F15_ND01_v1_run1/evaluation_attempt_1/calibration_1_evaluation.json,5571209c90c780284068abb28a5a376d7771e0d75e5df755645fa2b98113f8eb,searched_alignment,1,1511692,inv_total_cost/untrained,inv_total_cost,untrained,0,equal_target,8192,0.11009276405407513,0.018646935269608474,0.13655378160127413,0.4149311390298004,0.548095703125,0.06278835935561741,0.0856064888950898,0.041508690887133826,,,,0.451904296875,0.11859429549699954,0.022616121572560488,0.5880126953125,0.11055365627504052,0.01871716958930485,0.5592041015625,0.11007759388884403,0.018631423127801132,0.5592041015625,,,,,
constructed calibration development; no ordinary-trained replicate claim,v2/work_logs/F15_ND01_v1_run1/evaluation_attempt_1/calibration_1_evaluation.json,5571209c90c780284068abb28a5a376d7771e0d75e5df755645fa2b98113f8eb,searched_alignment,1,1511692,inv_total_cost/untrained,inv_total_cost,untrained,0,scale_separating,8192,0.11467690560444341,0.019539963096301488,0.13978541803886946,0.4369935774569792,0.4652099609375,0.09482766665596241,0.1393876324761664,0.058452576336776786,,,,0.5347900390625,0.14657445198874264,0.032694957958694953,0.5059814453125,0.11629133246958531,0.01965508967230021,0.498291015625,0.11271175498135708,0.019437380834402003,0.498291015625,,,,,
constructed calibration development; no ordinary-trained replicate claim,v2/work_logs/F15_ND01_v1_run1/evaluation_attempt_1/calibration_1_evaluation.json,5571209c90c780284068abb28a5a376d7771e0d75e5df755645fa2b98113f8eb,searched_alignment,1,1511692,inv_total_cost/untrained,inv_total_cost,untrained,1,mixed_near,8192,0.1017545390213887,0.01498790552245652,0.12242510168448512,0.36466972339003423,0.5181884765625,0.12804987647121407,0.14708303417474178,0.03963514761284078,,,,0.4818115234375,0.1542763030260117,0.03514380180308521,0.456787109375,0.09850818145087206,0.014613532224621913,0.510498046875,0.10473538114139841,0.015496137280929339,0.510498046875,,,,,
constructed calibration development; no ordinary-trained replicate claim,v2/work_logs/F15_ND01_v1_run1/evaluation_attempt_1/calibration_1_evaluation.json,5571209c90c780284068abb28a5a376d7771e0d75e5df755645fa2b98113f8eb,searched_alignment,1,1511692,inv_total_cost/untrained,inv_total_cost,untrained,1,mixed_far,8192,0.13568140432193015,0.026707004699781108,0.16342277901131502,0.44726704915762067,0.5093994140625,0.09775400527942657,0.11548872219911847,0.03840043528715732,,,,0.4906005859375,0.1423360492870886,0.031228427057412765,0.5284423828125,0.13525445951159215,0.027575155997438136,0.4915771484375,0.13848288592489097,0.028647622410709846,0.4915771484375,,,,,
constructed calibration development; no ordinary-trained replicate claim,v2/work_logs/F15_ND01_v1_run1/evaluation_attempt_1/calibration_1_evaluation.json,5571209c90c780284068abb28a5a376d7771e0d75e5df755645fa2b98113f8eb,searched_alignment,1,1511692,inv_total_cost/untrained,inv_total_cost,untrained,1,preserve_other,8192,0.11077789594782755,0.018666557936645876,0.1366256123010831,0.45315754269748193,0.570068359375,0.07905568824013709,0.08719770140318552,0.03619345583468792,,,,0.429931640625,0.11895774844683588,0.02275391325837203,0.5921630859375,0.11103421325806534,0.019132826216401767,0.56298828125,0.11304791348947356,0.019447831160197437,0.5631103515625,,,,,
constructed calibration development; no ordinary-trained replicate claim,v2/work_logs/F15_ND01_v1_run1/evaluation_attempt_1/calibration_1_evaluation.json,5571209c90c780284068abb28a5a376d7771e0d75e5df755645fa2b98113f8eb,searched_alignment,1,1511692,inv_total_cost/untrained,inv_total_cost,untrained,1,equal_target,8192,0.1318266905748776,0.025346660950224708,0.1592063470789551,0.44229467076103746,0.45654296875,0.06813585758807357,0.08458469428280274,0.03871527399004974,,,,0.54345703125,0.14683528695618303,0.03152811643911905,0.414306640625,0.1271363193975818,0.024269340960220705,0.44091796875,0.1288425171347018,0.024302553245283874,0.44091796875,,,,,
constructed calibration development; no ordinary-trained replicate claim,v2/work_logs/F15_ND01_v1_run1/evaluation_attempt_1/calibration_1_evaluation.json,5571209c90c780284068abb28a5a376d7771e0d75e5df755645fa2b98113f8eb,searched_alignment,1,1511692,inv_total_cost/untrained,inv_total_cost,untrained,1,scale_separating,8192,0.11580391456192499,0.019559191087947424,0.1398541779424105,0.4684412118467271,0.5113525390625,0.11345742186525169,0.1399219296476679,0.04355935426507712,,,,0.4886474609375,0.14921838506227875,0.034383538728869116,0.4925537109375,0.1136125954761663,0.019561161640899445,0.4949951171875,0.11718160248028398,0.019875156892152017,0.4949951171875,,,,,
known-by-construction subset oracle; complete endpoint not assessed,v2/work_logs/F15_ND01_v1_run1/evaluation_attempt_1/calibration_1_evaluation.json,5571209c90c780284068abb28a5a376d7771e0d75e5df755645fa2b98113f8eb,known_subset_oracle,1,1511692,identity/known_subset_oracle,identity,known_subset_oracle,0,mixed_near,8192,0.0014649663666376188,3.3504457471267476e-06,0.0018304222865575986,0.005967171327381671,0.982666015625,,,,,,,0.017333984375,,,,,,,,,,"[3,7,10,14,17,19,22,23]",0.008483614279678201,True,True,0.0
known-by-construction subset oracle; complete endpoint not assessed,v2/work_logs/F15_ND01_v1_run1/evaluation_attempt_1/calibration_1_evaluation.json,5571209c90c780284068abb28a5a376d7771e0d75e5df755645fa2b98113f8eb,known_subset_oracle,1,1511692,identity/known_subset_oracle,identity,known_subset_oracle,0,mixed_far,8192,0.0012234988012061073,2.3591108071606783e-06,0.0015359397146895702,0.0052639958215418,1.0,,,,,,,0.0,,,,,,,,,,"[3,7,10,14,17,19,22,23]",0.008483614279678201,True,True,0.0
known-by-construction subset oracle; complete endpoint not assessed,v2/work_logs/F15_ND01_v1_run1/evaluation_attempt_1/calibration_1_evaluation.json,5571209c90c780284068abb28a5a376d7771e0d75e5df755645fa2b98113f8eb,known_subset_oracle,1,1511692,identity/known_subset_oracle,identity,known_subset_oracle,0,preserve_other,8192,0.0013584742127911841,2.8815913067198637e-06,0.0016975250533408524,0.005535352805181359,0.996337890625,,,,,,,0.003662109375,,,,,,,,,,"[3,7,10,14,17,19,22,23]",0.008483614279678201,True,True,0.0
known-by-construction subset oracle; complete endpoint not assessed,v2/work_logs/F15_ND01_v1_run1/evaluation_attempt_1/calibration_1_evaluation.json,5571209c90c780284068abb28a5a376d7771e0d75e5df755645fa2b98113f8eb,known_subset_oracle,1,1511692,identity/known_subset_oracle,identity,known_subset_oracle,0,equal_target,8192,0.00133190234546641,2.7802772746284042e-06,0.001667416347115622,0.005727822471106037,0.9969482421875,,,,0.0017227249847764766,,,0.0030517578125,,,,,,,,,,"[3,7,10,14,17,19,22,23]",0.008483614279678201,True,True,0.0
known-by-construction subset oracle; complete endpoint not assessed,v2/work_logs/F15_ND01_v1_run1/evaluation_attempt_1/calibration_1_evaluation.json,5571209c90c780284068abb28a5a376d7771e0d75e5df755645fa2b98113f8eb,known_subset_oracle,1,1511692,identity/known_subset_oracle,identity,known_subset_oracle,0,scale_separating,8192,0.0013577947209472072,2.8841660861523807e-06,0.0016982832761799137,0.005586419941798981,0.9971923828125,,,,,,,0.0028076171875,,,,,,,,,,"[3,7,10,14,17,19,22,23]",0.008483614279678201,True,True,0.0
known-by-construction subset oracle; complete endpoint not assessed,v2/work_logs/F15_ND01_v1_run1/evaluation_attempt_1/calibration_1_evaluation.json,5571209c90c780284068abb28a5a376d7771e0d75e5df755645fa2b98113f8eb,known_subset_oracle,1,1511692,identity/known_subset_oracle,identity,known_subset_oracle,1,mixed_near,8192,0.0014794220130575813,3.407968667635367e-06,0.001846068435252433,0.005634890027490513,0.983154296875,,,,,,,0.016845703125,,,,,,,,,,"[1,2,8,12,13,16,26,28]",0.008483614279678201,True,False,0.007699365992813854
known-by-construction subset oracle; complete endpoint not assessed,v2/work_logs/F15_ND01_v1_run1/evaluation_attempt_1/calibration_1_evaluation.json,5571209c90c780284068abb28a5a376d7771e0d75e5df755645fa2b98113f8eb,known_subset_oracle,1,1511692,identity/known_subset_oracle,identity,known_subset_oracle,1,mixed_far,8192,0.0012219122761871607,2.327720380471043e-06,0.0015256868553117455,0.005017233815463706,1.0,,,,,,,0.0,,,,,,,,,,"[1,2,8,12,13,16,26,28]",0.008483614279678201,True,False,0.006570609277467632
known-by-construction subset oracle; complete endpoint not assessed,v2/work_logs/F15_ND01_v1_run1/evaluation_attempt_1/calibration_1_evaluation.json,5571209c90c780284068abb28a5a376d7771e0d75e5df755645fa2b98113f8eb,known_subset_oracle,1,1511692,identity/known_subset_oracle,identity,known_subset_oracle,1,preserve_other,8192,0.00135635445870717,2.8825145712851917e-06,0.001697796975873497,0.005431922507156406,0.9969482421875,,,,,,,0.0030517578125,,,,,,,,,,"[1,2,8,12,13,16,26,28]",0.008483614279678201,True,False,0.009758212447406298
known-by-construction subset oracle; complete endpoint not assessed,v2/work_logs/F15_ND01_v1_run1/evaluation_attempt_1/calibration_1_evaluation.json,5571209c90c780284068abb28a5a376d7771e0d75e5df755645fa2b98113f8eb,known_subset_oracle,1,1511692,identity/known_subset_oracle,identity,known_subset_oracle,1,equal_target,8192,0.0013486837156374632,2.854897261001787e-06,0.0016896441225896614,0.005395499970808126,0.9967041015625,,,,0.0017363363161591173,,,0.0032958984375,,,,,,,,,,"[1,2,8,12,13,16,26,28]",0.008483614279678201,True,False,0.009240471492841476
known-by-construction subset oracle; complete endpoint not assessed,v2/work_logs/F15_ND01_v1_run1/evaluation_attempt_1/calibration_1_evaluation.json,5571209c90c780284068abb28a5a376d7771e0d75e5df755645fa2b98113f8eb,known_subset_oracle,1,1511692,identity/known_subset_oracle,identity,known_subset_oracle,1,scale_separating,8192,0.0013602468648790755,2.9123155792989644e-06,0.0017065507842718788,0.005770416915596599,0.9957275390625,,,,,,,0.0042724609375,,,,,,,,,,"[1,2,8,12,13,16,26,28]",0.008483614279678201,True,False,0.011898212027141562
constructed calibration development; no ordinary-trained replicate claim,v2/work_logs/F15_ND01_v1_run1/evaluation_attempt_1/calibration_2_evaluation.json,5998c9d8baae6b205c9866d26527f21220fca421df0bf3ca5619c2fcc14abf33,searched_alignment,2,1511693,identity/aligned,identity,aligned,0,mixed_near,8192,0.0022356349540676853,1.1308573411980944e-05,0.003362822239129054,0.01890762391584322,0.9691162109375,0.003304366961253984,0.16453701813894062,0.16442453767461024,,,,0.0308837890625,0.001185965545056926,2.2360240109920144e-06,1.0,0.14872668019708735,0.02706899256994033,0.48583984375,0.1474567567184743,0.026576038823632287,0.471923828125,,,,,
constructed calibration development; no ordinary-trained replicate claim,v2/work_logs/F15_ND01_v1_run1/evaluation_attempt_1/calibration_2_evaluation.json,5998c9d8baae6b205c9866d26527f21220fca421df0bf3ca5619c2fcc14abf33,searched_alignment,2,1511693,identity/aligned,identity,aligned,0,mixed_far,8192,0.0020321707703548886,9.727215461494864e-06,0.0031188484191276215,0.017079530257293474,1.0,0.0031653461855372916,0.16879038937503313,0.16858096762054312,,,,0.0,0.0011733039590508926,2.207210464624381e-06,0.9962158203125,0.14887809708717242,0.028480716072114068,0.7869873046875,0.1488394481347718,0.028491100495027316,0.7806396484375,,,,,
constructed calibration development; no ordinary-trained replicate claim,v2/work_logs/F15_ND01_v1_run1/evaluation_attempt_1/calibration_2_evaluation.json,5998c9d8baae6b205c9866d26527f21220fca421df0bf3ca5619c2fcc14abf33,searched_alignment,2,1511693,identity/aligned,identity,aligned,0,preserve_other,8192,0.0022574333139831187,1.1375525281195184e-05,0.003372762262774414,0.018210714546011864,0.99462890625,0.0033898916104640655,0.17095175117480668,0.170705874702302,,,,0.00537109375,0.0012350096807816047,2.4308449716296587e-06,0.9970703125,0.14981562096938378,0.02922568135968487,0.5511474609375,0.0012493114752851464,2.471457184620036e-06,0.9967041015625,,,,,
constructed calibration development; no ordinary-trained replicate claim,v2/work_logs/F15_ND01_v1_run1/evaluation_attempt_1/calibration_2_evaluation.json,5998c9d8baae6b205c9866d26527f21220fca421df0bf3ca5619c2fcc14abf33,searched_alignment,2,1511693,identity/aligned,identity,aligned,0,equal_target,8192,0.002242726906361847,1.138226553226418e-05,0.003373761333032344,0.019551460641110963,0.99365234375,0.0033993762540488106,1.7129021862477814e-17,0.0033993762540488106,0.0033993762540488106,,,0.00634765625,0.0012283115902867704,2.411705995701686e-06,0.9954833984375,0.0012283115902867704,2.411705995701685e-06,0.9954833984375,0.14851938254498653,0.028865212252224666,0.550048828125,,,,,
constructed calibration development; no ordinary-trained replicate claim,v2/work_logs/F15_ND01_v1_run1/evaluation_attempt_1/calibration_2_evaluation.json,5998c9d8baae6b205c9866d26527f21220fca421df0bf3ca5619c2fcc14abf33,searched_alignment,2,1511693,identity/aligned,identity,aligned,0,scale_separating,8192,0.0027548393286694556,1.696809758472828e-05,0.004119235072768764,0.02029141775077603,0.9923095703125,0.0041036641769511715,0.18755708465191526,0.18750586843697906,,,,0.0076904296875,0.0012296166953399339,2.401454905310351e-06,0.9962158203125,0.16555457875494364,0.035174610188709245,0.5330810546875,0.14324175069055878,0.029107421910228637,0.6070556640625,,,,,
constructed calibration development; no ordinary-trained replicate claim,v2/work_logs/F15_ND01_v1_run1/evaluation_attempt_1/calibration_2_evaluation.json,5998c9d8baae6b205c9866d26527f21220fca421df0bf3ca5619c2fcc14abf33,searched_alignment,2,1511693,identity/aligned,identity,aligned,1,mixed_near,8192,0.01454858065771773,0.0003640120758597478,0.01907910049923077,0.07682741650773489,0.8353271484375,0.01913328928822,0.16611895528639967,0.1722947859865607,,,,0.1646728515625,0.0011885203215039,2.2586802582338533e-06,1.0,0.1500121020959288,0.027585765488958816,0.4658203125,0.148718720475069,0.027002950054018784,0.492919921875,,,,,
constructed calibration development; no ordinary-trained replicate claim,v2/work_logs/F15_ND01_v1_run1/evaluation_attempt_1/calibration_2_evaluation.json,5998c9d8baae6b205c9866d26527f21220fca421df0bf3ca5619c2fcc14abf33,searched_alignment,2,1511693,identity/aligned,identity,aligned,1,mixed_far,8192,0.013545462175200107,0.00028310520338654043,0.016825730396822017,0.06275692074723194,1.0,0.016886373391507704,0.16860589344443933,0.17494185085033678,,,,0.0,0.001190838827135443,2.2562047601831463e-06,0.9964599609375,0.14853583769701725,0.028429718182648504,0.7838134765625,0.1500658022745307,0.029069729517882736,0.780517578125,,,,,
constructed calibration development; no ordinary-trained replicate claim,v2/work_logs/F15_ND01_v1_run1/evaluation_attempt_1/calibration_2_evaluation.json,5998c9d8baae6b205c9866d26527f21220fca421df0bf3ca5619c2fcc14abf33,searched_alignment,2,1511693,identity/aligned,identity,aligned,1,preserve_other,8192,0.015390447364670146,0.0003861554362844914,0.019650838055525557,0.07265887478495464,0.9595947265625,0.01969660696543357,0.16953243858329606,0.1734689391058575,,,,0.0404052734375,0.0012412391089182684,2.4526357664533256e-06,0.9979248046875,0.14821974221741105,0.028750805753938628,0.548095703125,0.0012353303672805764,2.4195048850894875e-06,0.9964599609375,,,,,
constructed calibration development; no ordinary-trained replicate claim,v2/work_logs/F15_ND01_v1_run1/evaluation_attempt_1/calibration_2_evaluation.json,5998c9d8baae6b205c9866d26527f21220fca421df0bf3ca5619c2fcc14abf33,searched_alignment,2,1511693,identity/aligned,identity,aligned,1,equal_target,8192,0.016844641818267607,0.0004713877775676073,0.021711466499700273,0.07546497611042924,0.9554443359375,0.021739536221936206,1.749836473794593e-17,0.021739536221936206,0.021739536221936206,,,0.0445556640625,0.001242148635081658,2.4387945333547635e-06,0.99755859375,0.001242148635081658,2.4387945333547635e-06,0.99755859375,0.14802465135913984,0.02866958035684291,0.550537109375,,,,,
constructed calibration development; no ordinary-trained replicate claim,v2/work_logs/F15_ND01_v1_run1/evaluation_attempt_1/calibration_2_evaluation.json,5998c9d8baae6b205c9866d26527f21220fca421df0bf3ca5619c2fcc14abf33,searched_alignment,2,1511693,identity/aligned,identity,aligned,1,scale_separating,8192,0.0170051026581581,0.0004461105508994003,0.02112132928817219,0.07106485010200486,0.959228515625,0.021190371887713434,0.18705082811357557,0.19096159133834098,,,,0.040771484375,0.0012337778314731353,2.441962207513235e-06,0.9974365234375,0.1655208827340692,0.03498044695104788,0.531982421875,0.14068865897326183,0.028355785990928622,0.6171875,,,,,
constructed calibration development; no ordinary-trained replicate claim,v2/work_logs/F15_ND01_v1_run1/evaluation_attempt_1/calibration_2_evaluation.json,5998c9d8baae6b205c9866d26527f21220fca421df0bf3ca5619c2fcc14abf33,searched_alignment,2,1511693,identity/permuted_concept,identity,permuted_concept,0,mixed_near,8192,0.011918211208829074,0.0002636412693919778,0.0162370338852876,0.05229099995257902,0.8536376953125,0.016254888016949142,0.16453701813894062,0.17560132610062568,,,,0.1463623046875,0.001185965545056926,2.2360240109920144e-06,1.0,0.14872668019708735,0.02706899256994033,0.48583984375,0.1474567567184743,0.026576038823632287,0.471923828125,,,,,
constructed calibration development; no ordinary-trained replicate claim,v2/work_logs/F15_ND01_v1_run1/evaluation_attempt_1/calibration_2_evaluation.json,5998c9d8baae6b205c9866d26527f21220fca421df0bf3ca5619c2fcc14abf33,searched_alignment,2,1511693,identity/permuted_concept,identity,permuted_concept,0,mixed_far,8192,0.010645492403533704,0.00020217043167512324,0.014218664904804643,0.04628907110247965,1.0,0.014246707757615943,0.16879038937503313,0.17864778349661026,,,,0.0,0.0011733039590508926,2.207210464624381e-06,0.9962158203125,0.14887809708717242,0.028480716072114068,0.7869873046875,0.1488394481347718,0.028491100495027316,0.7806396484375,,,,,
constructed calibration development; no ordinary-trained replicate claim,v2/work_logs/F15_ND01_v1_run1/evaluation_attempt_1/calibration_2_evaluation.json,5998c9d8baae6b205c9866d26527f21220fca421df0bf3ca5619c2fcc14abf33,searched_alignment,2,1511693,identity/permuted_concept,identity,permuted_concept,0,preserve_other,8192,0.010999919121094201,0.00022357172753201477,0.01495231512281676,0.04487554510751951,0.972900390625,0.014997578616621177,0.17095175117480668,0.18044507968150073,,,,0.027099609375,0.0012350096807816047,2.4308449716296587e-06,0.9970703125,0.14981562096938378,0.02922568135968487,0.5511474609375,0.0012493114752851464,2.471457184620036e-06,0.9967041015625,,,,,
constructed calibration development; no ordinary-trained replicate claim,v2/work_logs/F15_ND01_v1_run1/evaluation_attempt_1/calibration_2_evaluation.json,5998c9d8baae6b205c9866d26527f21220fca421df0bf3ca5619c2fcc14abf33,searched_alignment,2,1511693,identity/permuted_concept,identity,permuted_concept,0,equal_target,8192,0.008085132738429797,0.00015190763214960752,0.012325081425678595,0.05088367980645159,0.9749755859375,0.012351711310848225,1.7129021862477814e-17,0.012351711310848225,0.012351711310848225,,,0.0250244140625,0.0012283115902867704,2.411705995701686e-06,0.9954833984375,0.0012283115902867704,2.411705995701685e-06,0.9954833984375,0.14851938254498653,0.028865212252224666,0.550048828125,,,,,
constructed calibration development; no ordinary-trained replicate claim,v2/work_logs/F15_ND01_v1_run1/evaluation_attempt_1/calibration_2_evaluation.json,5998c9d8baae6b205c9866d26527f21220fca421df0bf3ca5619c2fcc14abf33,searched_alignment,2,1511693,identity/permuted_concept,identity,permuted_concept,0,scale_separating,8192,0.011823594941441092,0.00025455734373603495,0.01595485329722699,0.05255719976630874,0.973876953125,0.0160156930899229,0.18755708465191526,0.19816203606776514,,,,0.026123046875,0.0012296166953399339,2.401454905310351e-06,0.9962158203125,0.16555457875494364,0.035174610188709245,0.5330810546875,0.14324175069055878,0.029107421910228637,0.6070556640625,,,,,
constructed calibration development; no ordinary-trained replicate claim,v2/work_logs/F15_ND01_v1_run1/evaluation_attempt_1/calibration_2_evaluation.json,5998c9d8baae6b205c9866d26527f21220fca421df0bf3ca5619c2fcc14abf33,searched_alignment,2,1511693,identity/permuted_concept,identity,permuted_concept,1,mixed_near,8192,0.10428423723651147,0.015094242046116382,0.12285862625846174,0.309764157710786,0.5880126953125,0.12283213661569142,0.16611895528639967,0.2803473086296913,,,,0.4119873046875,0.0011885203215039,2.2586802582338533e-06,1.0,0.1500121020959288,0.027585765488958816,0.4658203125,0.148718720475069,0.027002950054018784,0.492919921875,,,,,
constructed calibration development; no ordinary-trained replicate claim,v2/work_logs/F15_ND01_v1_run1/evaluation_attempt_1/calibration_2_evaluation.json,5998c9d8baae6b205c9866d26527f21220fca421df0bf3ca5619c2fcc14abf33,searched_alignment,2,1511693,identity/permuted_concept,identity,permuted_concept,1,mixed_far,8192,0.10019635832580084,0.01271694384285543,0.11276942778455262,0.2782065128679975,0.9920654296875,0.11276887130372043,0.16860589344443933,0.2735143137149225,,,,0.0079345703125,0.001190838827135443,2.2562047601831463e-06,0.9964599609375,0.14853583769701725,0.028429718182648504,0.7838134765625,0.1500658022745307,0.029069729517882736,0.780517578125,,,,,
constructed calibration development; no ordinary-trained replicate claim,v2/work_logs/F15_ND01_v1_run1/evaluation_attempt_1/calibration_2_evaluation.json,5998c9d8baae6b205c9866d26527f21220fca421df0bf3ca5619c2fcc14abf33,searched_alignment,2,1511693,identity/permuted_concept,identity,permuted_concept,1,preserve_other,8192,0.11202780777116594,0.016276227022926155,0.12757831721309917,0.3192230093182702,0.8270263671875,0.1276058279750614,0.16953243858329606,0.29153944952423844,,,,0.1729736328125,0.0012412391089182684,2.4526357664533256e-06,0.9979248046875,0.14821974221741105,0.028750805753938628,0.548095703125,0.0012353303672805764,2.4195048850894875e-06,0.9964599609375,,,,,
constructed calibration development; no ordinary-trained replicate claim,v2/work_logs/F15_ND01_v1_run1/evaluation_attempt_1/calibration_2_evaluation.json,5998c9d8baae6b205c9866d26527f21220fca421df0bf3ca5619c2fcc14abf33,searched_alignment,2,1511693,identity/permuted_concept,identity,permuted_concept,1,equal_target,8192,0.05207482065780983,0.004033433557732363,0.06350931866846285,0.19420952959336535,0.8985595703125,0.06350194660075957,1.749836473794593e-17,0.06350194660075957,0.06350194660075957,,,0.1014404296875,0.001242148635081658,2.4387945333547635e-06,0.99755859375,0.001242148635081658,2.4387945333547635e-06,0.99755859375,0.14802465135913984,0.02866958035684291,0.550537109375,,,,,
constructed calibration development; no ordinary-trained replicate claim,v2/work_logs/F15_ND01_v1_run1/evaluation_attempt_1/calibration_2_evaluation.json,5998c9d8baae6b205c9866d26527f21220fca421df0bf3ca5619c2fcc14abf33,searched_alignment,2,1511693,identity/permuted_concept,identity,permuted_concept,1,scale_separating,8192,0.12099519688553667,0.01931286933332665,0.1389707499199981,0.30868604365831,0.8507080078125,0.13894582071514905,0.18705082811357557,0.3173474198164907,,,,0.1492919921875,0.0012337778314731353,2.441962207513235e-06,0.9974365234375,0.1655208827340692,0.03498044695104788,0.531982421875,0.14068865897326183,0.028355785990928622,0.6171875,,,,,
constructed calibration development; no ordinary-trained replicate claim,v2/work_logs/F15_ND01_v1_run1/evaluation_attempt_1/calibration_2_evaluation.json,5998c9d8baae6b205c9866d26527f21220fca421df0bf3ca5619c2fcc14abf33,searched_alignment,2,1511693,identity/random,identity,random,0,mixed_near,8192,0.054272871892594804,0.004154252157743121,0.06445348832874076,0.16206154886277735,0.6151123046875,0.0644578108750807,0.16453701813894062,0.22399769231315855,,,,0.3848876953125,0.001185965545056926,2.2360240109920144e-06,1.0,0.14872668019708735,0.02706899256994033,0.48583984375,0.1474567567184743,0.026576038823632287,0.471923828125,,,,,
constructed calibration development; no ordinary-trained replicate claim,v2/work_logs/F15_ND01_v1_run1/evaluation_attempt_1/calibration_2_evaluation.json,5998c9d8baae6b205c9866d26527f21220fca421df0bf3ca5619c2fcc14abf33,searched_alignment,2,1511693,identity/random,identity,random,0,mixed_far,8192,0.0437622974244338,0.0026942551101926237,0.05190621456234912,0.14629556159217894,1.0,0.05190278279589367,0.16879038937503313,0.2152987701040763,,,,0.0,0.0011733039590508926,2.207210464624381e-06,0.9962158203125,0.14887809708717242,0.028480716072114068,0.7869873046875,0.1488394481347718,0.028491100495027316,0.7806396484375,,,,,
constructed calibration development; no ordinary-trained replicate claim,v2/work_logs/F15_ND01_v1_run1/evaluation_attempt_1/calibration_2_evaluation.json,5998c9d8baae6b205c9866d26527f21220fca421df0bf3ca5619c2fcc14abf33,searched_alignment,2,1511693,identity/random,identity,random,0,preserve_other,8192,0.04742283224125739,0.0032325064756870197,0.056855135877834466,0.15555044537845403,0.9007568359375,0.056877031777903285,0.17095175117480668,0.22213594060122996,,,,0.0992431640625,0.0012350096807816047,2.4308449716296587e-06,0.9970703125,0.14981562096938378,0.02922568135968487,0.5511474609375,0.0012493114752851464,2.471457184620036e-06,0.9967041015625,,,,,
constructed calibration development; no ordinary-trained replicate claim,v2/work_logs/F15_ND01_v1_run1/evaluation_attempt_1/calibration_2_evaluation.json,5998c9d8baae6b205c9866d26527f21220fca421df0bf3ca5619c2fcc14abf33,searched_alignment,2,1511693,identity/random,identity,random,0,equal_target,8192,0.02223680908490202,0.0008043194612872145,0.02836052646350583,0.10322381868972891,0.939697265625,0.028395815625787163,1.7129021862477814e-17,0.028395815625787163,0.028395815625787163,,,0.060302734375,0.0012283115902867704,2.411705995701686e-06,0.9954833984375,0.0012283115902867704,2.411705995701685e-06,0.9954833984375,0.14851938254498653,0.028865212252224666,0.550048828125,,,,,
constructed calibration development; no ordinary-trained replicate claim,v2/work_logs/F15_ND01_v1_run1/evaluation_attempt_1/calibration_2_evaluation.json,5998c9d8baae6b205c9866d26527f21220fca421df0bf3ca5619c2fcc14abf33,searched_alignment,2,1511693,identity/random,identity,random,0,scale_separating,8192,0.05209207966792904,0.003919348606030985,0.06260470114960207,0.1700492981208377,0.9041748046875,0.06262223225655977,0.18755708465191526,0.24501403444331762,,,,0.0958251953125,0.0012296166953399339,2.401454905310351e-06,0.9962158203125,0.16555457875494364,0.035174610188709245,0.5330810546875,0.14324175069055878,0.029107421910228637,0.6070556640625,,,,,
constructed calibration development; no ordinary-trained replicate claim,v2/work_logs/F15_ND01_v1_run1/evaluation_attempt_1/calibration_2_evaluation.json,5998c9d8baae6b205c9866d26527f21220fca421df0bf3ca5619c2fcc14abf33,searched_alignment,2,1511693,identity/random,identity,random,1,mixed_near,8192,0.043462261312479655,0.0029725241649578207,0.05452085990662492,0.18825221768764755,0.678466796875,0.054490584933677394,0.16611895528639967,0.20397176280884213,,,,0.321533203125,0.0011885203215039,2.2586802582338533e-06,1.0,0.1500121020959288,0.027585765488958816,0.4658203125,0.148718720475069,0.027002950054018784,0.492919921875,,,,,
constructed calibration development; no ordinary-trained replicate claim,v2/work_logs/F15_ND01_v1_run1/evaluation_attempt_1/calibration_2_evaluation.json,5998c9d8baae6b205c9866d26527f21220fca421df0bf3ca5619c2fcc14abf33,searched_alignment,2,1511693,identity/random,identity,random,1,mixed_far,8192,0.05139153654045406,0.0035327052081032323,0.05943656457184611,0.15268566784310625,1.0,0.05943667211106289,0.16860589344443933,0.21732467097172792,,,,0.0,0.001190838827135443,2.2562047601831463e-06,0.9964599609375,0.14853583769701725,0.028429718182648504,0.7838134765625,0.1500658022745307,0.029069729517882736,0.780517578125,,,,,
constructed calibration development; no ordinary-trained replicate claim,v2/work_logs/F15_ND01_v1_run1/evaluation_attempt_1/calibration_2_evaluation.json,5998c9d8baae6b205c9866d26527f21220fca421df0bf3ca5619c2fcc14abf33,searched_alignment,2,1511693,identity/random,identity,random,1,preserve_other,8192,0.055103300198870095,0.004229695428261536,0.06503610864943825,0.20500693137846726,0.8890380859375,0.06505095077142856,0.16953243858329606,0.22667085368803813,,,,0.1109619140625,0.0012412391089182684,2.4526357664533256e-06,0.9979248046875,0.14821974221741105,0.028750805753938628,0.548095703125,0.0012353303672805764,2.4195048850894875e-06,0.9964599609375,,,,,
constructed calibration development; no ordinary-trained replicate claim,v2/work_logs/F15_ND01_v1_run1/evaluation_attempt_1/calibration_2_evaluation.json,5998c9d8baae6b205c9866d26527f21220fca421df0bf3ca5619c2fcc14abf33,searched_alignment,2,1511693,identity/random,identity,random,1,equal_target,8192,0.03576139716533264,0.0019228991607509469,0.04385087411615585,0.15389694975828627,0.920166015625,0.04383571072336564,1.749836473794593e-17,0.04383571072336564,0.04383571072336564,,,0.079833984375,0.001242148635081658,2.4387945333547635e-06,0.99755859375,0.001242148635081658,2.4387945333547635e-06,0.99755859375,0.14802465135913984,0.02866958035684291,0.550537109375,,,,,
constructed calibration development; no ordinary-trained replicate claim,v2/work_logs/F15_ND01_v1_run1/evaluation_attempt_1/calibration_2_evaluation.json,5998c9d8baae6b205c9866d26527f21220fca421df0bf3ca5619c2fcc14abf33,searched_alignment,2,1511693,identity/random,identity,random,1,scale_separating,8192,0.06131305940551932,0.0050714199476277165,0.07121390276924666,0.19824267165701592,0.8961181640625,0.07118683472258532,0.18705082811357557,0.24592435384617176,,,,0.1038818359375,0.0012337778314731353,2.441962207513235e-06,0.9974365234375,0.1655208827340692,0.03498044695104788,0.531982421875,0.14068865897326183,0.028355785990928622,0.6171875,,,,,
constructed calibration development; no ordinary-trained replicate claim,v2/work_logs/F15_ND01_v1_run1/evaluation_attempt_1/calibration_2_evaluation.json,5998c9d8baae6b205c9866d26527f21220fca421df0bf3ca5619c2fcc14abf33,searched_alignment,2,1511693,identity/shuffled_donor,identity,shuffled_donor,0,mixed_near,8192,0.10853798247734331,0.017454357268301843,0.13211493961055973,0.3620365871471117,0.530517578125,0.13214210868455312,0.16453701813894062,0.13170462751138512,,,,0.469482421875,0.001185965545056926,2.2360240109920144e-06,1.0,0.14872668019708735,0.02706899256994033,0.48583984375,0.14665454106618792,0.027209042177018247,0.492431640625,,,,,
constructed calibration development; no ordinary-trained replicate claim,v2/work_logs/F15_ND01_v1_run1/evaluation_attempt_1/calibration_2_evaluation.json,5998c9d8baae6b205c9866d26527f21220fca421df0bf3ca5619c2fcc14abf33,searched_alignment,2,1511693,identity/shuffled_donor,identity,shuffled_donor,0,mixed_far,8192,0.13139431821860864,0.027256065014698246,0.16509410956996087,0.4372021693907953,0.7735595703125,0.16510617952864864,0.16879038937503313,0.14684170858466597,,,,0.2264404296875,0.0011733039590508926,2.207210464624381e-06,0.9962158203125,0.14887809708717242,0.028480716072114068,0.7869873046875,0.23267215823594226,0.0756961051176145,0.49658203125,,,,,
constructed calibration development; no ordinary-trained replicate claim,v2/work_logs/F15_ND01_v1_run1/evaluation_attempt_1/calibration_2_evaluation.json,5998c9d8baae6b205c9866d26527f21220fca421df0bf3ca5619c2fcc14abf33,searched_alignment,2,1511693,identity/shuffled_donor,identity,shuffled_donor,0,preserve_other,8192,0.12284830962284622,0.023312588638238613,0.1526846051121023,0.4474039837235453,0.6224365234375,0.15270344241647651,0.17095175117480668,0.14367493780627005,,,,0.3775634765625,0.0012350096807816047,2.4308449716296587e-06,0.9970703125,0.14981562096938378,0.02922568135968487,0.5511474609375,0.16089254109878948,0.03962186187134483,0.5064697265625,,,,,
constructed calibration development; no ordinary-trained replicate claim,v2/work_logs/F15_ND01_v1_run1/evaluation_attempt_1/calibration_2_evaluation.json,5998c9d8baae6b205c9866d26527f21220fca421df0bf3ca5619c2fcc14abf33,searched_alignment,2,1511693,identity/shuffled_donor,identity,shuffled_donor,0,equal_target,8192,0.08573300415630676,0.011224751721931582,0.1059469287989585,0.32064048252899646,0.7740478515625,0.10596956167416625,1.7129021862477814e-17,0.10596956167416625,0.10596956167416625,,,0.2259521484375,0.0012283115902867704,2.411705995701686e-06,0.9954833984375,0.0012283115902867704,2.411705995701685e-06,0.9954833984375,0.16285148789268503,0.040722420619367705,0.503662109375,,,,,
constructed calibration development; no ordinary-trained replicate claim,v2/work_logs/F15_ND01_v1_run1/evaluation_attempt_1/calibration_2_evaluation.json,5998c9d8baae6b205c9866d26527f21220fca421df0bf3ca5619c2fcc14abf33,searched_alignment,2,1511693,identity/shuffled_donor,identity,shuffled_donor,0,scale_separating,8192,0.12823448684815875,0.024664648682450142,0.15704982866100217,0.48877418264254535,0.6282958984375,0.15704807789903216,0.18755708465191526,0.14323989284207592,,,,0.3717041015625,0.0012296166953399339,2.401454905310351e-06,0.9962158203125,0.16555457875494364,0.035174610188709245,0.5330810546875,0.1729217215459921,0.0454384525922132,0.504638671875,,,,,
constructed calibration development; no ordinary-trained replicate claim,v2/work_logs/F15_ND01_v1_run1/evaluation_attempt_1/calibration_2_evaluation.json,5998c9d8baae6b205c9866d26527f21220fca421df0bf3ca5619c2fcc14abf33,searched_alignment,2,1511693,identity/shuffled_donor,identity,shuffled_donor,1,mixed_near,8192,0.10950623891048997,0.017678605170797453,0.13296091595200996,0.35878323486294045,0.5159912109375,0.1329936085843957,0.16611895528639967,0.1324943992107989,,,,0.4840087890625,0.0011885203215039,2.2586802582338533e-06,1.0,0.1500121020959288,0.027585765488958816,0.4658203125,0.14671896187808697,0.027230133967872504,0.491455078125,,,,,
constructed calibration development; no ordinary-trained replicate claim,v2/work_logs/F15_ND01_v1_run1/evaluation_attempt_1/calibration_2_evaluation.json,5998c9d8baae6b205c9866d26527f21220fca421df0bf3ca5619c2fcc14abf33,searched_alignment,2,1511693,identity/shuffled_donor,identity,shuffled_donor,1,mixed_far,8192,0.132585779462115,0.027630144249427314,0.16622317602978026,0.4729433815748863,0.77001953125,0.16624128253533044,0.16860589344443933,0.14544665497341397,,,,0.22998046875,0.001190838827135443,2.2562047601831463e-06,0.9964599609375,0.14853583769701725,0.028429718182648504,0.7838134765625,0.23135017028937419,0.07535033619421777,0.5057373046875,,,,,
constructed calibration development; no ordinary-trained replicate claim,v2/work_logs/F15_ND01_v1_run1/evaluation_attempt_1/calibration_2_evaluation.json,5998c9d8baae6b205c9866d26527f21220fca421df0bf3ca5619c2fcc14abf33,searched_alignment,2,1511693,identity/shuffled_donor,identity,shuffled_donor,1,preserve_other,8192,0.12254770262465423,0.02300948599550994,0.15168878005808453,0.4574371580956782,0.61962890625,0.15166400462749716,0.16953243858329606,0.14086324695389915,,,,0.38037109375,0.0012412391089182684,2.4526357664533256e-06,0.9979248046875,0.14821974221741105,0.028750805753938628,0.548095703125,0.16164293722109419,0.039829895018667696,0.5009765625,,,,,
constructed calibration development; no ordinary-trained replicate claim,v2/work_logs/F15_ND01_v1_run1/evaluation_attempt_1/calibration_2_evaluation.json,5998c9d8baae6b205c9866d26527f21220fca421df0bf3ca5619c2fcc14abf33,searched_alignment,2,1511693,identity/shuffled_donor,identity,shuffled_donor,1,equal_target,8192,0.08609370477051739,0.011280555242200703,0.1062099583005318,0.3400332990202045,0.77734375,0.10619875617541366,1.749836473794593e-17,0.10619875617541366,0.10619875617541366,,,0.22265625,0.001242148635081658,2.4387945333547635e-06,0.99755859375,0.001242148635081658,2.4387945333547635e-06,0.99755859375,0.16093008606434583,0.0396032746849794,0.514892578125,,,,,
constructed calibration development; no ordinary-trained replicate claim,v2/work_logs/F15_ND01_v1_run1/evaluation_attempt_1/calibration_2_evaluation.json,5998c9d8baae6b205c9866d26527f21220fca421df0bf3ca5619c2fcc14abf33,searched_alignment,2,1511693,identity/shuffled_donor,identity,shuffled_donor,1,scale_separating,8192,0.1271972241629699,0.024482843568628225,0.15646994461757896,0.49296904070598474,0.6376953125,0.1564608003481041,0.18705082811357557,0.14409618998765794,,,,0.3623046875,0.0012337778314731353,2.441962207513235e-06,0.9974365234375,0.1655208827340692,0.03498044695104788,0.531982421875,0.17229475954536505,0.045347999725443996,0.5029296875,,,,,
constructed calibration development; no ordinary-trained replicate claim,v2/work_logs/F15_ND01_v1_run1/evaluation_attempt_1/calibration_2_evaluation.json,5998c9d8baae6b205c9866d26527f21220fca421df0bf3ca5619c2fcc14abf33,searched_alignment,2,1511693,identity/untrained,identity,untrained,0,mixed_near,8192,0.11322821305663872,0.016933298666054565,0.13012800876849906,0.31424807353999196,0.5050048828125,0.21712157105609425,0.16453701813894062,0.08870681195746713,,,,0.4949951171875,0.21936830935214674,0.06845072128239041,0.3978271484375,0.11642455762285539,0.018486456864369873,0.4925537109375,0.10899997540262103,0.01707559597510357,0.49267578125,,,,,
constructed calibration development; no ordinary-trained replicate claim,v2/work_logs/F15_ND01_v1_run1/evaluation_attempt_1/calibration_2_evaluation.json,5998c9d8baae6b205c9866d26527f21220fca421df0bf3ca5619c2fcc14abf33,searched_alignment,2,1511693,identity/untrained,identity,untrained,0,mixed_far,8192,0.20835901290402287,0.0597670583554539,0.2444730217333886,0.5512717074234038,0.51806640625,0.17128559825583028,0.16879038937503313,0.10827023956312354,,,,0.48193359375,0.2114442228627078,0.0676225320850058,0.3609619140625,0.27697666001218424,0.0930062124294581,0.3267822265625,0.2298769358056883,0.07105367628456957,0.4649658203125,,,,,
constructed calibration development; no ordinary-trained replicate claim,v2/work_logs/F15_ND01_v1_run1/evaluation_attempt_1/calibration_2_evaluation.json,5998c9d8baae6b205c9866d26527f21220fca421df0bf3ca5619c2fcc14abf33,searched_alignment,2,1511693,identity/untrained,identity,untrained,0,preserve_other,8192,0.15015436394792997,0.03446482153410612,0.18564703481097164,0.5488119472330057,0.5032958984375,0.1578264988311162,0.17095175117480668,0.03784742214384967,,,,0.4967041015625,0.16691405558358077,0.042012212071543306,0.5096435546875,0.15589651115461675,0.03726427223811472,0.48046875,0.1714770788385035,0.043988762978442265,0.47607421875,,,,,
constructed calibration development; no ordinary-trained replicate claim,v2/work_logs/F15_ND01_v1_run1/evaluation_attempt_1/calibration_2_evaluation.json,5998c9d8baae6b205c9866d26527f21220fca421df0bf3ca5619c2fcc14abf33,searched_alignment,2,1511693,identity/untrained,identity,untrained,0,equal_target,8192,0.17290231005652287,0.04385548453684478,0.20941701109710448,0.5926078925291387,0.40283203125,0.10583461822960949,1.7129021862477814e-17,0.10583461822960949,0.10583461822960949,,,0.59716796875,0.21423528119924412,0.0652051477494872,0.309326171875,0.21423528119924412,0.06520514774948719,0.309326171875,0.16686903416866958,0.04106360616924719,0.4378662109375,,,,,
constructed calibration development; no ordinary-trained replicate claim,v2/work_logs/F15_ND01_v1_run1/evaluation_attempt_1/calibration_2_evaluation.json,5998c9d8baae6b205c9866d26527f21220fca421df0bf3ca5619c2fcc14abf33,searched_alignment,2,1511693,identity/untrained,identity,untrained,0,scale_separating,8192,0.13752324580105496,0.028426553717959678,0.16860176072022404,0.5533538590093858,0.543701171875,0.21485793404399695,0.18755708465191526,0.10274614026953686,,,,0.456298828125,0.2118305868926054,0.06602790928219923,0.3841552734375,0.1662438887667707,0.04269692035628518,0.4366455078125,0.15502378764476804,0.03561562074934546,0.517578125,,,,,
constructed calibration development; no ordinary-trained replicate claim,v2/work_logs/F15_ND01_v1_run1/evaluation_attempt_1/calibration_2_evaluation.json,5998c9d8baae6b205c9866d26527f21220fca421df0bf3ca5619c2fcc14abf33,searched_alignment,2,1511693,identity/untrained,identity,untrained,1,mixed_near,8192,0.12233471877395258,0.020599005759972054,0.14352353730302236,0.3544297410264165,0.4989013671875,0.21144252454606619,0.16611895528639967,0.07653684001802104,,,,0.5010986328125,0.21114595630335364,0.06331679846554661,0.415771484375,0.10964802204797869,0.017284169906659128,0.48876953125,0.11675204482476662,0.018585694959695476,0.4810791015625,,,,,
constructed calibration development; no ordinary-trained replicate claim,v2/work_logs/F15_ND01_v1_run1/evaluation_attempt_1/calibration_2_evaluation.json,5998c9d8baae6b205c9866d26527f21220fca421df0bf3ca5619c2fcc14abf33,searched_alignment,2,1511693,identity/untrained,identity,untrained,1,mixed_far,8192,0.192836900068884,0.053572135621387726,0.23145655234058016,0.6017182685539457,0.5716552734375,0.1726088867446622,0.16860589344443933,0.08441935683173551,,,,0.4283447265625,0.2111558479793486,0.06958391218383263,0.3753662109375,0.23293395543633819,0.07245575691953945,0.4593505859375,0.27873360253675883,0.0939949891678242,0.333251953125,,,,,
constructed calibration development; no ordinary-trained replicate claim,v2/work_logs/F15_ND01_v1_run1/evaluation_attempt_1/calibration_2_evaluation.json,5998c9d8baae6b205c9866d26527f21220fca421df0bf3ca5619c2fcc14abf33,searched_alignment,2,1511693,identity/untrained,identity,untrained,1,preserve_other,8192,0.16896324953097036,0.042377559250234766,0.20585810465035076,0.5845948836214222,0.468505859375,0.17458699024090613,0.16953243858329606,0.040907506299866725,,,,0.531494140625,0.21505108384788219,0.06583288642716713,0.309814453125,0.16853317843405635,0.042186107352036525,0.4788818359375,0.1993291755287491,0.057800930676154695,0.3287353515625,,,,,
constructed calibration development; no ordinary-trained replicate claim,v2/work_logs/F15_ND01_v1_run1/evaluation_attempt_1/calibration_2_evaluation.json,5998c9d8baae6b205c9866d26527f21220fca421df0bf3ca5619c2fcc14abf33,searched_alignment,2,1511693,identity/untrained,identity,untrained,1,equal_target,8192,0.14964884727611208,0.03437123031933149,0.1853947958259117,0.5725220174579375,0.5540771484375,0.09092433738056299,1.749836473794593e-17,0.09092433738056299,0.09092433738056299,,,0.4459228515625,0.16753910412226902,0.042206078249077565,0.4967041015625,0.16753910412226902,0.042206078249077565,0.4967041015625,0.1536936233688659,0.03644716260783282,0.5272216796875,,,,,
constructed calibration development; no ordinary-trained replicate claim,v2/work_logs/F15_ND01_v1_run1/evaluation_attempt_1/calibration_2_evaluation.json,5998c9d8baae6b205c9866d26527f21220fca421df0bf3ca5619c2fcc14abf33,searched_alignment,2,1511693,identity/untrained,identity,untrained,1,scale_separating,8192,0.13948082753101315,0.02905959329490359,0.17046874580081708,0.5118986751381723,0.57177734375,0.21886611696735297,0.18705082811357557,0.08831322247983157,,,,0.42822265625,0.21677974907631245,0.06819826949029714,0.3565673828125,0.15402908390340536,0.03484342958228335,0.510986328125,0.1767081508202822,0.047739994326598506,0.4078369140625,,,,,
constructed calibration development; no ordinary-trained replicate claim,v2/work_logs/F15_ND01_v1_run1/evaluation_attempt_1/calibration_2_evaluation.json,5998c9d8baae6b205c9866d26527f21220fca421df0bf3ca5619c2fcc14abf33,searched_alignment,2,1511693,inv_eta/aligned,inv_eta,aligned,0,mixed_near,8192,0.0013067038047842052,2.6893849768330033e-06,0.0016399344428461168,0.005650086278233601,0.99462890625,0.0015028164322349186,0.13081506831095982,0.1308259815847976,,,,0.00537109375,0.001185965545056926,2.2360240109920144e-06,1.0,0.1098705595929931,0.017115632331674575,0.7364501953125,0.19342353631134296,0.04913965341103452,0.2623291015625,,,,,
constructed calibration development; no ordinary-trained replicate claim,v2/work_logs/F15_ND01_v1_run1/evaluation_attempt_1/calibration_2_evaluation.json,5998c9d8baae6b205c9866d26527f21220fca421df0bf3ca5619c2fcc14abf33,searched_alignment,2,1511693,inv_eta/aligned,inv_eta,aligned,0,mixed_far,8192,0.001089017204343704,1.907089545976991e-06,0.001380974129365569,0.005388699670087094,0.999755859375,0.001365599192525738,0.14802575506760468,0.14803832040608011,,,,0.000244140625,0.0011733039590508926,2.207210464624381e-06,0.9962158203125,0.1252361138644118,0.021908236621960488,0.790771484375,0.17408827213240863,0.041462231724894924,0.77587890625,,,,,
constructed calibration development; no ordinary-trained replicate claim,v2/work_logs/F15_ND01_v1_run1/evaluation_attempt_1/calibration_2_evaluation.json,5998c9d8baae6b205c9866d26527f21220fca421df0bf3ca5619c2fcc14abf33,searched_alignment,2,1511693,inv_eta/aligned,inv_eta,aligned,0,preserve_other,8192,0.001243552275171493,2.462147908880523e-06,0.0015691232930781836,0.00567447311172542,0.99560546875,0.0014369346621630119,0.13566311605658735,0.13569776508098622,,,,0.00439453125,0.0012350096807816047,2.4308449716296587e-06,0.9970703125,0.10936389983223771,0.018414220128947622,0.6761474609375,0.07779782985175171,0.007278345493373788,0.7779541015625,,,,,
constructed calibration development; no ordinary-trained replicate claim,v2/work_logs/F15_ND01_v1_run1/evaluation_attempt_1/calibration_2_evaluation.json,5998c9d8baae6b205c9866d26527f21220fca421df0bf3ca5619c2fcc14abf33,searched_alignment,2,1511693,inv_eta/aligned,inv_eta,aligned,0,equal_target,8192,0.0011650326998442191,2.1716025989518863e-06,0.0014736358433995443,0.005568169380423871,0.998046875,0.0014839376626043317,0.0800948616117972,0.08012008879835912,,,,0.001953125,0.0012283115902867704,2.411705995701686e-06,0.9954833984375,0.07397404454146528,0.006430596959124631,0.836669921875,0.19410296246043718,0.05054772957982663,0.4857177734375,,,,,
constructed calibration development; no ordinary-trained replicate claim,v2/work_logs/F15_ND01_v1_run1/evaluation_attempt_1/calibration_2_evaluation.json,5998c9d8baae6b205c9866d26527f21220fca421df0bf3ca5619c2fcc14abf33,searched_alignment,2,1511693,inv_eta/aligned,inv_eta,aligned,0,scale_separating,8192,0.0012402854855610313,2.446104091563774e-06,0.001564002586814924,0.005377343208904595,0.9957275390625,0.0014264167545781652,0.14396585581903576,0.14404496141691536,,,,0.0042724609375,0.0012296166953399339,2.401454905310351e-06,0.9962158203125,0.11820099552635639,0.020736493988491166,0.7034912109375,0.2005225647515571,0.05782229202708086,0.4637451171875,,,,,
constructed calibration development; no ordinary-trained replicate claim,v2/work_logs/F15_ND01_v1_run1/evaluation_attempt_1/calibration_2_evaluation.json,5998c9d8baae6b205c9866d26527f21220fca421df0bf3ca5619c2fcc14abf33,searched_alignment,2,1511693,inv_eta/aligned,inv_eta,aligned,1,mixed_near,8192,0.03821770554254415,0.0020042983048713637,0.044769390266915225,0.11005631867141025,0.950927734375,0.044725965580833735,0.2253633464910031,0.2662716281778737,,,,0.049072265625,0.0011885203215039,2.2586802582338533e-06,1.0,0.19577723824227322,0.05076719422358889,0.26220703125,0.11081586454279749,0.017356599628384827,0.72802734375,,,,,
constructed calibration development; no ordinary-trained replicate claim,v2/work_logs/F15_ND01_v1_run1/evaluation_attempt_1/calibration_2_evaluation.json,5998c9d8baae6b205c9866d26527f21220fca421df0bf3ca5619c2fcc14abf33,searched_alignment,2,1511693,inv_eta/aligned,inv_eta,aligned,1,mixed_far,8192,0.02816891475183265,0.0011621691573229344,0.03409060218480944,0.12094165293754755,0.966796875,0.03408663700660728,0.2020018261299901,0.2294543023113111,,,,0.033203125,0.001190838827135443,2.2562047601831463e-06,0.9964599609375,0.172237918246654,0.040802782550312805,0.7786865234375,0.12660273998267724,0.022309088837630553,0.783935546875,,,,,
constructed calibration development; no ordinary-trained replicate claim,v2/work_logs/F15_ND01_v1_run1/evaluation_attempt_1/calibration_2_evaluation.json,5998c9d8baae6b205c9866d26527f21220fca421df0bf3ca5619c2fcc14abf33,searched_alignment,2,1511693,inv_eta/aligned,inv_eta,aligned,1,preserve_other,8192,0.03781762863781964,0.0017403877180732427,0.04171795438505156,0.10722488081296977,0.9462890625,0.041742510326052196,0.22540323119591585,0.2623466081669605,,,,0.0537109375,0.0012412391089182684,2.4526357664533256e-06,0.9979248046875,0.19452627284700957,0.050812876438223076,0.47265625,0.07495198114895664,0.006632935480383049,0.8223876953125,,,,,
constructed calibration development; no ordinary-trained replicate claim,v2/work_logs/F15_ND01_v1_run1/evaluation_attempt_1/calibration_2_evaluation.json,5998c9d8baae6b205c9866d26527f21220fca421df0bf3ca5619c2fcc14abf33,searched_alignment,2,1511693,inv_eta/aligned,inv_eta,aligned,1,equal_target,8192,0.03297387207546383,0.0014079553476752816,0.037522731079643996,0.10410424957481162,0.9122314453125,0.037488727342202606,0.0859129328662669,0.12165951544891732,,,,0.0877685546875,0.001242148635081658,2.4387945333547635e-06,0.99755859375,0.07824272988793607,0.0073782101871737605,0.7750244140625,0.10992129033238214,0.018510379459680773,0.6695556640625,,,,,
constructed calibration development; no ordinary-trained replicate claim,v2/work_logs/F15_ND01_v1_run1/evaluation_attempt_1/calibration_2_evaluation.json,5998c9d8baae6b205c9866d26527f21220fca421df0bf3ca5619c2fcc14abf33,searched_alignment,2,1511693,inv_eta/aligned,inv_eta,aligned,1,scale_separating,8192,0.047130873836814115,0.002551715722936748,0.05051451002372238,0.12026881735704342,0.9227294921875,0.05046709471784524,0.2591080604270148,0.3042024351401186,,,,0.0772705078125,0.0012337778314731353,2.441962207513235e-06,0.9974365234375,0.22290447886516238,0.06711609424185716,0.4100341796875,0.11311928320667337,0.019007356116197287,0.7340087890625,,,,,
constructed calibration development; no ordinary-trained replicate claim,v2/work_logs/F15_ND01_v1_run1/evaluation_attempt_1/calibration_2_evaluation.json,5998c9d8baae6b205c9866d26527f21220fca421df0bf3ca5619c2fcc14abf33,searched_alignment,2,1511693,inv_eta/permuted_concept,inv_eta,permuted_concept,0,mixed_near,8192,0.02311555332984182,0.000789915619873237,0.028105437549933946,0.08525352654764867,0.9476318359375,0.028134118623287165,0.13081506831095982,0.13693726235404638,,,,0.0523681640625,0.001185965545056926,2.2360240109920144e-06,1.0,0.1098705595929931,0.017115632331674575,0.7364501953125,0.19342353631134296,0.04913965341103452,0.2623291015625,,,,,
constructed calibration development; no ordinary-trained replicate claim,v2/work_logs/F15_ND01_v1_run1/evaluation_attempt_1/calibration_2_evaluation.json,5998c9d8baae6b205c9866d26527f21220fca421df0bf3ca5619c2fcc14abf33,searched_alignment,2,1511693,inv_eta/permuted_concept,inv_eta,permuted_concept,0,mixed_far,8192,0.0214201125999433,0.0006472838073758898,0.02544177288193356,0.08583423324516432,0.9879150390625,0.02544526193344115,0.14802575506760468,0.16056992295367614,,,,0.0120849609375,0.0011733039590508926,2.207210464624381e-06,0.9962158203125,0.1252361138644118,0.021908236621960488,0.790771484375,0.17408827213240863,0.041462231724894924,0.77587890625,,,,,
constructed calibration development; no ordinary-trained replicate claim,v2/work_logs/F15_ND01_v1_run1/evaluation_attempt_1/calibration_2_evaluation.json,5998c9d8baae6b205c9866d26527f21220fca421df0bf3ca5619c2fcc14abf33,searched_alignment,2,1511693,inv_eta/permuted_concept,inv_eta,permuted_concept,0,preserve_other,8192,0.0187322893472416,0.0005187905826436364,0.02277697483520664,0.08337584611378857,0.9495849609375,0.022835413143037546,0.13566311605658735,0.14504827088324784,,,,0.0504150390625,0.0012350096807816047,2.4308449716296587e-06,0.9970703125,0.10936389983223771,0.018414220128947622,0.6761474609375,0.07779782985175171,0.007278345493373788,0.7779541015625,,,,,
constructed calibration development; no ordinary-trained replicate claim,v2/work_logs/F15_ND01_v1_run1/evaluation_attempt_1/calibration_2_evaluation.json,5998c9d8baae6b205c9866d26527f21220fca421df0bf3ca5619c2fcc14abf33,searched_alignment,2,1511693,inv_eta/permuted_concept,inv_eta,permuted_concept,0,equal_target,8192,0.028047467571250678,0.0010264528965075468,0.03203830358348499,0.09503293858886103,0.9654541015625,0.03208354738995606,0.0800948616117972,0.10881868283890779,,,,0.0345458984375,0.0012283115902867704,2.411705995701686e-06,0.9954833984375,0.07397404454146528,0.006430596959124631,0.836669921875,0.19410296246043718,0.05054772957982663,0.4857177734375,,,,,
constructed calibration development; no ordinary-trained replicate claim,v2/work_logs/F15_ND01_v1_run1/evaluation_attempt_1/calibration_2_evaluation.json,5998c9d8baae6b205c9866d26527f21220fca421df0bf3ca5619c2fcc14abf33,searched_alignment,2,1511693,inv_eta/permuted_concept,inv_eta,permuted_concept,0,scale_separating,8192,0.026439568207317153,0.0009930631974405363,0.031512905252301576,0.08760313572985862,0.9593505859375,0.03157403107343014,0.14396585581903576,0.15609076234299366,,,,0.0406494140625,0.0012296166953399339,2.401454905310351e-06,0.9962158203125,0.11820099552635639,0.020736493988491166,0.7034912109375,0.2005225647515571,0.05782229202708086,0.4637451171875,,,,,
constructed calibration development; no ordinary-trained replicate claim,v2/work_logs/F15_ND01_v1_run1/evaluation_attempt_1/calibration_2_evaluation.json,5998c9d8baae6b205c9866d26527f21220fca421df0bf3ca5619c2fcc14abf33,searched_alignment,2,1511693,inv_eta/permuted_concept,inv_eta,permuted_concept,1,mixed_near,8192,0.054558568118194734,0.004663632301970633,0.06829079221952718,0.24522230964207947,0.7550048828125,0.06834927857645681,0.2253633464910031,0.2339713599171895,,,,0.2449951171875,0.0011885203215039,2.2586802582338533e-06,1.0,0.19577723824227322,0.05076719422358889,0.26220703125,0.11081586454279749,0.017356599628384827,0.72802734375,,,,,
constructed calibration development; no ordinary-trained replicate claim,v2/work_logs/F15_ND01_v1_run1/evaluation_attempt_1/calibration_2_evaluation.json,5998c9d8baae6b205c9866d26527f21220fca421df0bf3ca5619c2fcc14abf33,searched_alignment,2,1511693,inv_eta/permuted_concept,inv_eta,permuted_concept,1,mixed_far,8192,0.04913725359760065,0.0037932892458414696,0.061589684573323394,0.22483296348169207,0.9945068359375,0.06162905226392258,0.2020018261299901,0.21833131549116444,,,,0.0054931640625,0.001190838827135443,2.2562047601831463e-06,0.9964599609375,0.172237918246654,0.040802782550312805,0.7786865234375,0.12660273998267724,0.022309088837630553,0.783935546875,,,,,
constructed calibration development; no ordinary-trained replicate claim,v2/work_logs/F15_ND01_v1_run1/evaluation_attempt_1/calibration_2_evaluation.json,5998c9d8baae6b205c9866d26527f21220fca421df0bf3ca5619c2fcc14abf33,searched_alignment,2,1511693,inv_eta/permuted_concept,inv_eta,permuted_concept,1,preserve_other,8192,0.05337833104906409,0.0046532045474819966,0.06821440132026371,0.25505333801159075,0.867431640625,0.06826155456351818,0.22540323119591585,0.22705110078405827,,,,0.132568359375,0.0012412391089182684,2.4526357664533256e-06,0.9979248046875,0.19452627284700957,0.050812876438223076,0.47265625,0.07495198114895664,0.006632935480383049,0.8223876953125,,,,,
constructed calibration development; no ordinary-trained replicate claim,v2/work_logs/F15_ND01_v1_run1/evaluation_attempt_1/calibration_2_evaluation.json,5998c9d8baae6b205c9866d26527f21220fca421df0bf3ca5619c2fcc14abf33,searched_alignment,2,1511693,inv_eta/permuted_concept,inv_eta,permuted_concept,1,equal_target,8192,0.07705884155610032,0.007537494919466786,0.08681874751150691,0.2500051819215054,0.7708740234375,0.08684554128478007,0.0859129328662669,0.029736881875114477,,,,0.2291259765625,0.001242148635081658,2.4387945333547635e-06,0.99755859375,0.07824272988793607,0.0073782101871737605,0.7750244140625,0.10992129033238214,0.018510379459680773,0.6695556640625,,,,,
constructed calibration development; no ordinary-trained replicate claim,v2/work_logs/F15_ND01_v1_run1/evaluation_attempt_1/calibration_2_evaluation.json,5998c9d8baae6b205c9866d26527f21220fca421df0bf3ca5619c2fcc14abf33,searched_alignment,2,1511693,inv_eta/permuted_concept,inv_eta,permuted_concept,1,scale_separating,8192,0.06254522084092914,0.0061534311488918,0.07844380886272542,0.23295158182207398,0.8477783203125,0.07850443915509779,0.2591080604270148,0.25315056078444037,,,,0.1522216796875,0.0012337778314731353,2.441962207513235e-06,0.9974365234375,0.22290447886516238,0.06711609424185716,0.4100341796875,0.11311928320667337,0.019007356116197287,0.7340087890625,,,,,
constructed calibration development; no ordinary-trained replicate claim,v2/work_logs/F15_ND01_v1_run1/evaluation_attempt_1/calibration_2_evaluation.json,5998c9d8baae6b205c9866d26527f21220fca421df0bf3ca5619c2fcc14abf33,searched_alignment,2,1511693,inv_eta/random,inv_eta,random,0,mixed_near,8192,0.04547075253919169,0.003208155173628695,0.05664057886028969,0.12515812131292475,0.775146484375,0.05665200137476334,0.13081506831095982,0.18238815063887226,,,,0.224853515625,0.001185965545056926,2.2360240109920144e-06,1.0,0.1098705595929931,0.017115632331674575,0.7364501953125,0.19342353631134296,0.04913965341103452,0.2623291015625,,,,,
constructed calibration development; no ordinary-trained replicate claim,v2/work_logs/F15_ND01_v1_run1/evaluation_attempt_1/calibration_2_evaluation.json,5998c9d8baae6b205c9866d26527f21220fca421df0bf3ca5619c2fcc14abf33,searched_alignment,2,1511693,inv_eta/random,inv_eta,random,0,mixed_far,8192,0.039151372303056806,0.0023584436312012276,0.04856380989174169,0.11966191942117838,0.994140625,0.04856192644635607,0.14802575506760468,0.1916315202978234,,,,0.005859375,0.0011733039590508926,2.207210464624381e-06,0.9962158203125,0.1252361138644118,0.021908236621960488,0.790771484375,0.17408827213240863,0.041462231724894924,0.77587890625,,,,,
constructed calibration development; no ordinary-trained replicate claim,v2/work_logs/F15_ND01_v1_run1/evaluation_attempt_1/calibration_2_evaluation.json,5998c9d8baae6b205c9866d26527f21220fca421df0bf3ca5619c2fcc14abf33,searched_alignment,2,1511693,inv_eta/random,inv_eta,random,0,preserve_other,8192,0.04110389827490033,0.0027323216014722208,0.052271613725541524,0.12402162067975109,0.900634765625,0.0523045870561512,0.13566311605658735,0.18311128358189852,,,,0.099365234375,0.0012350096807816047,2.4308449716296587e-06,0.9970703125,0.10936389983223771,0.018414220128947622,0.6761474609375,0.07779782985175171,0.007278345493373788,0.7779541015625,,,,,
constructed calibration development; no ordinary-trained replicate claim,v2/work_logs/F15_ND01_v1_run1/evaluation_attempt_1/calibration_2_evaluation.json,5998c9d8baae6b205c9866d26527f21220fca421df0bf3ca5619c2fcc14abf33,searched_alignment,2,1511693,inv_eta/random,inv_eta,random,0,equal_target,8192,0.02611275938889656,0.0012281545147919926,0.03504503552276688,0.10951763312371976,0.9617919921875,0.035092586449451936,0.0800948616117972,0.10949820376670964,,,,0.0382080078125,0.0012283115902867704,2.411705995701686e-06,0.9954833984375,0.07397404454146528,0.006430596959124631,0.836669921875,0.19410296246043718,0.05054772957982663,0.4857177734375,,,,,
constructed calibration development; no ordinary-trained replicate claim,v2/work_logs/F15_ND01_v1_run1/evaluation_attempt_1/calibration_2_evaluation.json,5998c9d8baae6b205c9866d26527f21220fca421df0bf3ca5619c2fcc14abf33,searched_alignment,2,1511693,inv_eta/random,inv_eta,random,0,scale_separating,8192,0.04251189150609717,0.002949690795852913,0.05431105592651383,0.12541916983034346,0.9005126953125,0.05434820612896243,0.14396585581903576,0.19359225481161532,,,,0.0994873046875,0.0012296166953399339,2.401454905310351e-06,0.9962158203125,0.11820099552635639,0.020736493988491166,0.7034912109375,0.2005225647515571,0.05782229202708086,0.4637451171875,,,,,
constructed calibration development; no ordinary-trained replicate claim,v2/work_logs/F15_ND01_v1_run1/evaluation_attempt_1/calibration_2_evaluation.json,5998c9d8baae6b205c9866d26527f21220fca421df0bf3ca5619c2fcc14abf33,searched_alignment,2,1511693,inv_eta/random,inv_eta,random,1,mixed_near,8192,0.060581959251012264,0.005603619173970386,0.07485732545296009,0.23180381248195997,0.684326171875,0.0749134217412064,0.2253633464910031,0.20397176280884213,,,,0.315673828125,0.0011885203215039,2.2586802582338533e-06,1.0,0.19577723824227322,0.05076719422358889,0.26220703125,0.11081586454279749,0.017356599628384827,0.72802734375,,,,,
constructed calibration development; no ordinary-trained replicate claim,v2/work_logs/F15_ND01_v1_run1/evaluation_attempt_1/calibration_2_evaluation.json,5998c9d8baae6b205c9866d26527f21220fca421df0bf3ca5619c2fcc14abf33,searched_alignment,2,1511693,inv_eta/random,inv_eta,random,1,mixed_far,8192,0.06258771753348533,0.005767406392723025,0.0759434420652832,0.2614675598067209,0.99462890625,0.07596805423496514,0.2020018261299901,0.21732467097172792,,,,0.00537109375,0.001190838827135443,2.2562047601831463e-06,0.9964599609375,0.172237918246654,0.040802782550312805,0.7786865234375,0.12660273998267724,0.022309088837630553,0.783935546875,,,,,
constructed calibration development; no ordinary-trained replicate claim,v2/work_logs/F15_ND01_v1_run1/evaluation_attempt_1/calibration_2_evaluation.json,5998c9d8baae6b205c9866d26527f21220fca421df0bf3ca5619c2fcc14abf33,searched_alignment,2,1511693,inv_eta/random,inv_eta,random,1,preserve_other,8192,0.04048169456484581,0.00271264167773366,0.052083026772007594,0.19386483733879384,0.9019775390625,0.052133201158330464,0.22540323119591585,0.22667085368803813,,,,0.0980224609375,0.0012412391089182684,2.4526357664533256e-06,0.9979248046875,0.19452627284700957,0.050812876438223076,0.47265625,0.07495198114895664,0.006632935480383049,0.8223876953125,,,,,
constructed calibration development; no ordinary-trained replicate claim,v2/work_logs/F15_ND01_v1_run1/evaluation_attempt_1/calibration_2_evaluation.json,5998c9d8baae6b205c9866d26527f21220fca421df0bf3ca5619c2fcc14abf33,searched_alignment,2,1511693,inv_eta/random,inv_eta,random,1,equal_target,8192,0.08422557906311777,0.009553459698281926,0.09774180118189928,0.26844199429483284,0.7742919921875,0.09776190829355189,0.0859129328662669,0.04383571072336564,,,,0.2257080078125,0.001242148635081658,2.4387945333547635e-06,0.99755859375,0.07824272988793607,0.0073782101871737605,0.7750244140625,0.10992129033238214,0.018510379459680773,0.6695556640625,,,,,
constructed calibration development; no ordinary-trained replicate claim,v2/work_logs/F15_ND01_v1_run1/evaluation_attempt_1/calibration_2_evaluation.json,5998c9d8baae6b205c9866d26527f21220fca421df0bf3ca5619c2fcc14abf33,searched_alignment,2,1511693,inv_eta/random,inv_eta,random,1,scale_separating,8192,0.07216920879348282,0.008505333272041726,0.09222436376599041,0.2754559715065762,0.8232421875,0.09227570726740895,0.2591080604270148,0.24592435384617176,,,,0.1767578125,0.0012337778314731353,2.441962207513235e-06,0.9974365234375,0.22290447886516238,0.06711609424185716,0.4100341796875,0.11311928320667337,0.019007356116197287,0.7340087890625,,,,,
constructed calibration development; no ordinary-trained replicate claim,v2/work_logs/F15_ND01_v1_run1/evaluation_attempt_1/calibration_2_evaluation.json,5998c9d8baae6b205c9866d26527f21220fca421df0bf3ca5619c2fcc14abf33,searched_alignment,2,1511693,inv_eta/shuffled_donor,inv_eta,shuffled_donor,0,mixed_near,8192,0.09575602432900573,0.013869805907787481,0.11777014013657061,0.3290596481216781,0.7431640625,0.11779742010733305,0.13081506831095982,0.12328424577428349,,,,0.2568359375,0.001185965545056926,2.2360240109920144e-06,1.0,0.1098705595929931,0.017115632331674575,0.7364501953125,0.15443873094090813,0.03391671578265751,0.5013427734375,,,,,
constructed calibration development; no ordinary-trained replicate claim,v2/work_logs/F15_ND01_v1_run1/evaluation_attempt_1/calibration_2_evaluation.json,5998c9d8baae6b205c9866d26527f21220fca421df0bf3ca5619c2fcc14abf33,searched_alignment,2,1511693,inv_eta/shuffled_donor,inv_eta,shuffled_donor,0,mixed_far,8192,0.10832399202449193,0.01869371692114622,0.1367249681702147,0.3671802643738475,0.810546875,0.1367364959555214,0.14802575506760468,0.1316638353527697,,,,0.189453125,0.0011733039590508926,2.207210464624381e-06,0.9962158203125,0.1252361138644118,0.021908236621960488,0.790771484375,0.2353655039011151,0.07871554184372621,0.4976806640625,,,,,
constructed calibration development; no ordinary-trained replicate claim,v2/work_logs/F15_ND01_v1_run1/evaluation_attempt_1/calibration_2_evaluation.json,5998c9d8baae6b205c9866d26527f21220fca421df0bf3ca5619c2fcc14abf33,searched_alignment,2,1511693,inv_eta/shuffled_donor,inv_eta,shuffled_donor,0,preserve_other,8192,0.10295943861122547,0.016676373884292363,0.1291370352931039,0.3454915750569568,0.7052001953125,0.1291598897379345,0.13566311605658735,0.12850330298997978,,,,0.2947998046875,0.0012350096807816047,2.4308449716296587e-06,0.9970703125,0.10936389983223771,0.018414220128947622,0.6761474609375,0.15878229568199653,0.0382808891442737,0.5125732421875,,,,,
constructed calibration development; no ordinary-trained replicate claim,v2/work_logs/F15_ND01_v1_run1/evaluation_attempt_1/calibration_2_evaluation.json,5998c9d8baae6b205c9866d26527f21220fca421df0bf3ca5619c2fcc14abf33,searched_alignment,2,1511693,inv_eta/shuffled_donor,inv_eta,shuffled_donor,0,equal_target,8192,0.08946737465877778,0.012435424605670726,0.11151423499119172,0.34364854444659904,0.813720703125,0.1115267299877448,0.0800948616117972,0.12026530492150429,,,,0.186279296875,0.0012283115902867704,2.411705995701686e-06,0.9954833984375,0.07397404454146528,0.006430596959124631,0.836669921875,0.18970157247928038,0.05435586319613387,0.5047607421875,,,,,
constructed calibration development; no ordinary-trained replicate claim,v2/work_logs/F15_ND01_v1_run1/evaluation_attempt_1/calibration_2_evaluation.json,5998c9d8baae6b205c9866d26527f21220fca421df0bf3ca5619c2fcc14abf33,searched_alignment,2,1511693,inv_eta/shuffled_donor,inv_eta,shuffled_donor,0,scale_separating,8192,0.1062338092785818,0.017291114339552285,0.1314956818285387,0.3569102152732974,0.740234375,0.13148198290559895,0.14396585581903576,0.13092646083575063,,,,0.259765625,0.0012296166953399339,2.401454905310351e-06,0.9962158203125,0.11820099552635639,0.020736493988491166,0.7034912109375,0.18434385703443662,0.052051578990393574,0.5029296875,,,,,
constructed calibration development; no ordinary-trained replicate claim,v2/work_logs/F15_ND01_v1_run1/evaluation_attempt_1/calibration_2_evaluation.json,5998c9d8baae6b205c9866d26527f21220fca421df0bf3ca5619c2fcc14abf33,searched_alignment,2,1511693,inv_eta/shuffled_donor,inv_eta,shuffled_donor,1,mixed_near,8192,0.14428980002655292,0.03119004196367044,0.17660702693740823,0.5464362550181496,0.389404296875,0.17665264298999175,0.2253633464910031,0.15090991545301716,,,,0.610595703125,0.0011885203215039,2.2586802582338533e-06,1.0,0.19577723824227322,0.05076719422358889,0.26220703125,0.15413348930302131,0.03395235467351856,0.504150390625,,,,,
constructed calibration development; no ordinary-trained replicate claim,v2/work_logs/F15_ND01_v1_run1/evaluation_attempt_1/calibration_2_evaluation.json,5998c9d8baae6b205c9866d26527f21220fca421df0bf3ca5619c2fcc14abf33,searched_alignment,2,1511693,inv_eta/shuffled_donor,inv_eta,shuffled_donor,1,mixed_far,8192,0.15909627968298853,0.03926274504513701,0.1981482905430602,0.58156636288173,0.728271484375,0.1981733271026499,0.2020018261299901,0.16555321390499808,,,,0.271728515625,0.001190838827135443,2.2562047601831463e-06,0.9964599609375,0.172237918246654,0.040802782550312805,0.7786865234375,0.23207743867878544,0.07726068803299962,0.5054931640625,,,,,
constructed calibration development; no ordinary-trained replicate claim,v2/work_logs/F15_ND01_v1_run1/evaluation_attempt_1/calibration_2_evaluation.json,5998c9d8baae6b205c9866d26527f21220fca421df0bf3ca5619c2fcc14abf33,searched_alignment,2,1511693,inv_eta/shuffled_donor,inv_eta,shuffled_donor,1,preserve_other,8192,0.15543129955645718,0.03632129869225144,0.19058147520745933,0.5766395055998564,0.59423828125,0.1905559268152501,0.22540323119591585,0.16362545264592931,,,,0.40576171875,0.0012412391089182684,2.4526357664533256e-06,0.9979248046875,0.19452627284700957,0.050812876438223076,0.47265625,0.1861306137860274,0.05190133097534238,0.491943359375,,,,,
constructed calibration development; no ordinary-trained replicate claim,v2/work_logs/F15_ND01_v1_run1/evaluation_attempt_1/calibration_2_evaluation.json,5998c9d8baae6b205c9866d26527f21220fca421df0bf3ca5619c2fcc14abf33,searched_alignment,2,1511693,inv_eta/shuffled_donor,inv_eta,shuffled_donor,1,equal_target,8192,0.11335875168604034,0.01949342099546885,0.13961884183543727,0.4593855514169312,0.6658935546875,0.13959827271976494,0.0859129328662669,0.11616586339350325,,,,0.3341064453125,0.001242148635081658,2.4387945333547635e-06,0.99755859375,0.07824272988793607,0.0073782101871737605,0.7750244140625,0.15847395988902319,0.03843923207861816,0.5101318359375,,,,,
constructed calibration development; no ordinary-trained replicate claim,v2/work_logs/F15_ND01_v1_run1/evaluation_attempt_1/calibration_2_evaluation.json,5998c9d8baae6b205c9866d26527f21220fca421df0bf3ca5619c2fcc14abf33,searched_alignment,2,1511693,inv_eta/shuffled_donor,inv_eta,shuffled_donor,1,scale_separating,8192,0.17135993021147916,0.0434342031979849,0.20840874069478205,0.6169700696428088,0.550048828125,0.208408346614296,0.2591080604270148,0.16843261856945638,,,,0.449951171875,0.0012337778314731353,2.441962207513235e-06,0.9974365234375,0.22290447886516238,0.06711609424185716,0.4100341796875,0.19213089969595168,0.056317273029527215,0.5081787109375,,,,,
constructed calibration development; no ordinary-trained replicate claim,v2/work_logs/F15_ND01_v1_run1/evaluation_attempt_1/calibration_2_evaluation.json,5998c9d8baae6b205c9866d26527f21220fca421df0bf3ca5619c2fcc14abf33,searched_alignment,2,1511693,inv_eta/untrained,inv_eta,untrained,0,mixed_near,8192,0.11230850481633137,0.01679355540465731,0.12958995101726564,0.34991135695243925,0.553955078125,0.19247219104928387,0.13081506831095982,0.11840164829103832,,,,0.446044921875,0.21936830935214674,0.06845072128239041,0.3978271484375,0.1520319277877639,0.034577078263439795,0.41845703125,0.11070619505920197,0.016979201028626063,0.5567626953125,,,,,
constructed calibration development; no ordinary-trained replicate claim,v2/work_logs/F15_ND01_v1_run1/evaluation_attempt_1/calibration_2_evaluation.json,5998c9d8baae6b205c9866d26527f21220fca421df0bf3ca5619c2fcc14abf33,searched_alignment,2,1511693,inv_eta/untrained,inv_eta,untrained,0,mixed_far,8192,0.22039171677384412,0.063814043884576,0.2526144174123401,0.5535236753758195,0.480224609375,0.1614017471428807,0.14802575506760468,0.11916804490871154,,,,0.519775390625,0.2114442228627078,0.0676225320850058,0.3609619140625,0.27840459918311256,0.09966120634653859,0.326904296875,0.22627979680421328,0.06755391758897504,0.468505859375,,,,,
constructed calibration development; no ordinary-trained replicate claim,v2/work_logs/F15_ND01_v1_run1/evaluation_attempt_1/calibration_2_evaluation.json,5998c9d8baae6b205c9866d26527f21220fca421df0bf3ca5619c2fcc14abf33,searched_alignment,2,1511693,inv_eta/untrained,inv_eta,untrained,0,preserve_other,8192,0.14987808961884064,0.03422798611682279,0.1850080704099764,0.5446613887539351,0.5211181640625,0.15242864374531848,0.13566311605658735,0.07649395632480627,,,,0.4788818359375,0.16691405558358077,0.042012212071543306,0.5096435546875,0.15986389690413833,0.0384152071424243,0.49560546875,0.15332490241289798,0.03632100076383531,0.51513671875,,,,,
constructed calibration development; no ordinary-trained replicate claim,v2/work_logs/F15_ND01_v1_run1/evaluation_attempt_1/calibration_2_evaluation.json,5998c9d8baae6b205c9866d26527f21220fca421df0bf3ca5619c2fcc14abf33,searched_alignment,2,1511693,inv_eta/untrained,inv_eta,untrained,0,equal_target,8192,0.1778866821889355,0.04593283217322075,0.2143194628894463,0.5933789777963528,0.515380859375,0.07754744142234346,0.0800948616117972,0.13610184311547815,,,,0.484619140625,0.21423528119924412,0.0652051477494872,0.309326171875,0.2513882894170453,0.08915761393018139,0.3133544921875,0.1842775307496236,0.04996729323404965,0.491943359375,,,,,
constructed calibration development; no ordinary-trained replicate claim,v2/work_logs/F15_ND01_v1_run1/evaluation_attempt_1/calibration_2_evaluation.json,5998c9d8baae6b205c9866d26527f21220fca421df0bf3ca5619c2fcc14abf33,searched_alignment,2,1511693,inv_eta/untrained,inv_eta,untrained,0,scale_separating,8192,0.13907247305404105,0.029108962591498297,0.17061348889082098,0.5287335525248922,0.597900390625,0.1917817990861818,0.14396585581903576,0.14155101259145822,,,,0.402099609375,0.2118305868926054,0.06602790928219923,0.3841552734375,0.19821790492744676,0.06082544078683427,0.4134521484375,0.14309233169666963,0.0314692473754868,0.58349609375,,,,,
constructed calibration development; no ordinary-trained replicate claim,v2/work_logs/F15_ND01_v1_run1/evaluation_attempt_1/calibration_2_evaluation.json,5998c9d8baae6b205c9866d26527f21220fca421df0bf3ca5619c2fcc14abf33,searched_alignment,2,1511693,inv_eta/untrained,inv_eta,untrained,1,mixed_near,8192,0.11381095915655515,0.017968900596285028,0.1340481279104077,0.3914637936653764,0.6014404296875,0.2344716550020082,0.2253633464910031,0.048623937605737626,,,,0.3985595703125,0.21114595630335364,0.06331679846554661,0.415771484375,0.11017046087234864,0.016765777593135727,0.57470703125,0.1511051072971257,0.03453666856357693,0.4217529296875,,,,,
constructed calibration development; no ordinary-trained replicate claim,v2/work_logs/F15_ND01_v1_run1/evaluation_attempt_1/calibration_2_evaluation.json,5998c9d8baae6b205c9866d26527f21220fca421df0bf3ca5619c2fcc14abf33,searched_alignment,2,1511693,inv_eta/untrained,inv_eta,untrained,1,mixed_far,8192,0.20580702751456692,0.05780770773423717,0.24043233504301614,0.609293610636046,0.5064697265625,0.18950254011815829,0.2020018261299901,0.049539249418248874,,,,0.4935302734375,0.2111558479793486,0.06958391218383263,0.3753662109375,0.22788217240230024,0.06808877274575502,0.4615478515625,0.27808734524248846,0.09945250421381926,0.333251953125,,,,,
constructed calibration development; no ordinary-trained replicate claim,v2/work_logs/F15_ND01_v1_run1/evaluation_attempt_1/calibration_2_evaluation.json,5998c9d8baae6b205c9866d26527f21220fca421df0bf3ca5619c2fcc14abf33,searched_alignment,2,1511693,inv_eta/untrained,inv_eta,untrained,1,preserve_other,8192,0.1592349997238281,0.03923981223864955,0.19809041430278637,0.5907192196685909,0.6259765625,0.2008465666674134,0.22540323119591585,0.04989947838627274,,,,0.3740234375,0.21505108384788219,0.06583288642716713,0.309814453125,0.16579920558245623,0.042126707345008035,0.5804443359375,0.22376783771200465,0.0730149842348325,0.3956298828125,,,,,
constructed calibration development; no ordinary-trained replicate claim,v2/work_logs/F15_ND01_v1_run1/evaluation_attempt_1/calibration_2_evaluation.json,5998c9d8baae6b205c9866d26527f21220fca421df0bf3ca5619c2fcc14abf33,searched_alignment,2,1511693,inv_eta/untrained,inv_eta,untrained,1,equal_target,8192,0.15172153549780887,0.034840252267382056,0.18665543728319853,0.5603398122138702,0.4910888671875,0.07544683839799621,0.0859129328662669,0.05088432214987613,,,,0.5089111328125,0.16753910412226902,0.042206078249077565,0.4967041015625,0.158697595163174,0.038806349013013365,0.464111328125,0.16651520362351618,0.04175744834374982,0.475341796875,,,,,
constructed calibration development; no ordinary-trained replicate claim,v2/work_logs/F15_ND01_v1_run1/evaluation_attempt_1/calibration_2_evaluation.json,5998c9d8baae6b205c9866d26527f21220fca421df0bf3ca5619c2fcc14abf33,searched_alignment,2,1511693,inv_eta/untrained,inv_eta,untrained,1,scale_separating,8192,0.13633468404134835,0.028743382157152844,0.16953873350108772,0.5628514390678474,0.658203125,0.24166008997632116,0.2591080604270148,0.05136481134364586,,,,0.341796875,0.21677974907631245,0.06819826949029714,0.3565673828125,0.1462103647220533,0.033137157196325547,0.5924072265625,0.2142385867429622,0.06968675099970163,0.3974609375,,,,,
constructed calibration development; no ordinary-trained replicate claim,v2/work_logs/F15_ND01_v1_run1/evaluation_attempt_1/calibration_2_evaluation.json,5998c9d8baae6b205c9866d26527f21220fca421df0bf3ca5619c2fcc14abf33,searched_alignment,2,1511693,inv_one_minus_eta/aligned,inv_one_minus_eta,aligned,0,mixed_near,8192,0.03665106879207395,0.001855940194193406,0.0430806243477669,0.11461766479111435,0.95068359375,0.04304846650388139,0.22389671133976938,0.26357159720490925,,,,0.04931640625,0.001185965545056926,2.2360240109920144e-06,1.0,0.19540752896222352,0.05011931013895707,0.2513427734375,0.1099559688379628,0.01720758064740799,0.7242431640625,,,,,
constructed calibration development; no ordinary-trained replicate claim,v2/work_logs/F15_ND01_v1_run1/evaluation_attempt_1/calibration_2_evaluation.json,5998c9d8baae6b205c9866d26527f21220fca421df0bf3ca5619c2fcc14abf33,searched_alignment,2,1511693,inv_one_minus_eta/aligned,inv_one_minus_eta,aligned,0,mixed_far,8192,0.028317791636905225,0.0011957481540507092,0.03457959158305241,0.13095201959860903,0.9617919921875,0.034542813558476916,0.20327057992082062,0.23127288051203437,,,,0.0382080078125,0.0011733039590508926,2.207210464624381e-06,0.9962158203125,0.17368852817668565,0.04130360461805654,0.77978515625,0.1239948656945962,0.021596335736522053,0.784912109375,,,,,
constructed calibration development; no ordinary-trained replicate claim,v2/work_logs/F15_ND01_v1_run1/evaluation_attempt_1/calibration_2_evaluation.json,5998c9d8baae6b205c9866d26527f21220fca421df0bf3ca5619c2fcc14abf33,searched_alignment,2,1511693,inv_one_minus_eta/aligned,inv_one_minus_eta,aligned,0,preserve_other,8192,0.035961372358906285,0.0016021705249915097,0.040027122367108904,0.10814049344043619,0.9486083984375,0.03998208969640874,0.22662067726231133,0.2624020569086158,,,,0.0513916015625,0.0012350096807816047,2.4308449716296587e-06,0.9970703125,0.19600430613480052,0.0513487004241465,0.4742431640625,0.07439628979999863,0.0065574063730412975,0.8272705078125,,,,,
constructed calibration development; no ordinary-trained replicate claim,v2/work_logs/F15_ND01_v1_run1/evaluation_attempt_1/calibration_2_evaluation.json,5998c9d8baae6b205c9866d26527f21220fca421df0bf3ca5619c2fcc14abf33,searched_alignment,2,1511693,inv_one_minus_eta/aligned,inv_one_minus_eta,aligned,0,equal_target,8192,0.031968514704134594,0.0013521483697469224,0.03677157012893143,0.11804892897143471,0.9139404296875,0.036666334490702425,0.08595445563496833,0.12129431455548108,,,,0.0860595703125,0.0012283115902867704,2.411705995701686e-06,0.9954833984375,0.07838806559725078,0.007376743402915607,0.7705078125,0.10891303380906531,0.01827061248543808,0.6656494140625,,,,,
constructed calibration development; no ordinary-trained replicate claim,v2/work_logs/F15_ND01_v1_run1/evaluation_attempt_1/calibration_2_evaluation.json,5998c9d8baae6b205c9866d26527f21220fca421df0bf3ca5619c2fcc14abf33,searched_alignment,2,1511693,inv_one_minus_eta/aligned,inv_one_minus_eta,aligned,0,scale_separating,8192,0.04564746397975954,0.002457966722756658,0.049577885420383334,0.13275840184373638,0.9254150390625,0.04952304234990819,0.26068293617898897,0.30528004001639325,,,,0.0745849609375,0.0012296166953399339,2.401454905310351e-06,0.9962158203125,0.22388448430292707,0.06793782620551031,0.4022216796875,0.11316716293441151,0.01899784382744663,0.7357177734375,,,,,
constructed calibration development; no ordinary-trained replicate claim,v2/work_logs/F15_ND01_v1_run1/evaluation_attempt_1/calibration_2_evaluation.json,5998c9d8baae6b205c9866d26527f21220fca421df0bf3ca5619c2fcc14abf33,searched_alignment,2,1511693,inv_one_minus_eta/aligned,inv_one_minus_eta,aligned,1,mixed_near,8192,0.001278393374574476,2.630238608440748e-06,0.001621801038487998,0.005654120957686026,0.993896484375,0.001483109978340961,0.13278299617799413,0.1328112624748563,,,,0.006103515625,0.0011885203215039,2.2586802582338533e-06,1.0,0.11185128918950454,0.017633265497129423,0.718017578125,0.19479858607416317,0.04999217140943267,0.267333984375,,,,,
constructed calibration development; no ordinary-trained replicate claim,v2/work_logs/F15_ND01_v1_run1/evaluation_attempt_1/calibration_2_evaluation.json,5998c9d8baae6b205c9866d26527f21220fca421df0bf3ca5619c2fcc14abf33,searched_alignment,2,1511693,inv_one_minus_eta/aligned,inv_one_minus_eta,aligned,1,mixed_far,8192,0.0011023996295429464,1.9189822237779677e-06,0.0013852733390121849,0.0054674577569198135,0.9998779296875,0.0013666925396177679,0.14823634965870552,0.1482753431201034,,,,0.0001220703125,0.001190838827135443,2.2562047601831463e-06,0.9964599609375,0.12571024498664207,0.021979345326976315,0.7874755859375,0.17423172589296615,0.04172285053268726,0.77490234375,,,,,
constructed calibration development; no ordinary-trained replicate claim,v2/work_logs/F15_ND01_v1_run1/evaluation_attempt_1/calibration_2_evaluation.json,5998c9d8baae6b205c9866d26527f21220fca421df0bf3ca5619c2fcc14abf33,searched_alignment,2,1511693,inv_one_minus_eta/aligned,inv_one_minus_eta,aligned,1,preserve_other,8192,0.0012385895307905626,2.457229267197614e-06,0.001567555187927243,0.005233393458547009,0.9969482421875,0.0014711202158472676,0.13465981349452913,0.13474565083546175,,,,0.0030517578125,0.0012412391089182684,2.4526357664533256e-06,0.9979248046875,0.10826055041108004,0.0181448637444426,0.6688232421875,0.07846875864847744,0.0073868490856971655,0.7763671875,,,,,
constructed calibration development; no ordinary-trained replicate claim,v2/work_logs/F15_ND01_v1_run1/evaluation_attempt_1/calibration_2_evaluation.json,5998c9d8baae6b205c9866d26527f21220fca421df0bf3ca5619c2fcc14abf33,searched_alignment,2,1511693,inv_one_minus_eta/aligned,inv_one_minus_eta,aligned,1,equal_target,8192,0.0011624974621298578,2.1585751781924716e-06,0.0014692090314834276,0.005310695589592518,0.99853515625,0.0014812613545594686,0.08023788723715607,0.08024783842167325,,,,0.00146484375,0.001242148635081658,2.4387945333547635e-06,0.99755859375,0.07393927406748545,0.006446287388391712,0.83349609375,0.19228447998954082,0.049889623170806974,0.494873046875,,,,,
constructed calibration development; no ordinary-trained replicate claim,v2/work_logs/F15_ND01_v1_run1/evaluation_attempt_1/calibration_2_evaluation.json,5998c9d8baae6b205c9866d26527f21220fca421df0bf3ca5619c2fcc14abf33,searched_alignment,2,1511693,inv_one_minus_eta/aligned,inv_one_minus_eta,aligned,1,scale_separating,8192,0.0012320782436018997,2.419477635801511e-06,0.0015554670153370372,0.005247038074907062,0.997314453125,0.0014416483364666488,0.14383591200073356,0.14387172062901576,,,,0.002685546875,0.0012337778314731353,2.441962207513235e-06,0.9974365234375,0.11823173812479554,0.02069432315058803,0.6961669921875,0.19707914002572857,0.056438521319240625,0.4796142578125,,,,,
constructed calibration development; no ordinary-trained replicate claim,v2/work_logs/F15_ND01_v1_run1/evaluation_attempt_1/calibration_2_evaluation.json,5998c9d8baae6b205c9866d26527f21220fca421df0bf3ca5619c2fcc14abf33,searched_alignment,2,1511693,inv_one_minus_eta/permuted_concept,inv_one_minus_eta,permuted_concept,0,mixed_near,8192,0.04489965848421293,0.002847240109842171,0.0533595362596244,0.1731681155505162,0.7724609375,0.053385215925064775,0.22389671133976938,0.19863273170488255,,,,0.2275390625,0.001185965545056926,2.2360240109920144e-06,1.0,0.19540752896222352,0.05011931013895707,0.2513427734375,0.1099559688379628,0.01720758064740799,0.7242431640625,,,,,
constructed calibration development; no ordinary-trained replicate claim,v2/work_logs/F15_ND01_v1_run1/evaluation_attempt_1/calibration_2_evaluation.json,5998c9d8baae6b205c9866d26527f21220fca421df0bf3ca5619c2fcc14abf33,searched_alignment,2,1511693,inv_one_minus_eta/permuted_concept,inv_one_minus_eta,permuted_concept,0,mixed_far,8192,0.04367864059723137,0.0026846423294611447,0.051813534230557415,0.18977993666737936,0.9927978515625,0.05182349374745156,0.20327057992082062,0.20746682738636177,,,,0.0072021484375,0.0011733039590508926,2.207210464624381e-06,0.9962158203125,0.17368852817668565,0.04130360461805654,0.77978515625,0.1239948656945962,0.021596335736522053,0.784912109375,,,,,
constructed calibration development; no ordinary-trained replicate claim,v2/work_logs/F15_ND01_v1_run1/evaluation_attempt_1/calibration_2_evaluation.json,5998c9d8baae6b205c9866d26527f21220fca421df0bf3ca5619c2fcc14abf33,searched_alignment,2,1511693,inv_one_minus_eta/permuted_concept,inv_one_minus_eta,permuted_concept,0,preserve_other,8192,0.017980766304630517,0.0005111670245075451,0.02260900317368161,0.08979600292836204,0.970458984375,0.022665663313481344,0.22662067726231133,0.22836357787347747,,,,0.029541015625,0.0012350096807816047,2.4308449716296587e-06,0.9970703125,0.19600430613480052,0.0513487004241465,0.4742431640625,0.07439628979999863,0.0065574063730412975,0.8272705078125,,,,,
constructed calibration development; no ordinary-trained replicate claim,v2/work_logs/F15_ND01_v1_run1/evaluation_attempt_1/calibration_2_evaluation.json,5998c9d8baae6b205c9866d26527f21220fca421df0bf3ca5619c2fcc14abf33,searched_alignment,2,1511693,inv_one_minus_eta/permuted_concept,inv_one_minus_eta,permuted_concept,0,equal_target,8192,0.050899801611778095,0.0035939564280071624,0.05994961574528366,0.1734391004353097,0.8604736328125,0.06000294716507542,0.08595445563496833,0.05793371309024622,,,,0.1395263671875,0.0012283115902867704,2.411705995701686e-06,0.9954833984375,0.07838806559725078,0.007376743402915607,0.7705078125,0.10891303380906531,0.01827061248543808,0.6656494140625,,,,,
constructed calibration development; no ordinary-trained replicate claim,v2/work_logs/F15_ND01_v1_run1/evaluation_attempt_1/calibration_2_evaluation.json,5998c9d8baae6b205c9866d26527f21220fca421df0bf3ca5619c2fcc14abf33,searched_alignment,2,1511693,inv_one_minus_eta/permuted_concept,inv_one_minus_eta,permuted_concept,0,scale_separating,8192,0.04776949865008574,0.0036451481347908854,0.06037506219285315,0.20435097283709674,0.871337890625,0.06041361073322104,0.26068293617898897,0.2477843565608709,,,,0.128662109375,0.0012296166953399339,2.401454905310351e-06,0.9962158203125,0.22388448430292707,0.06793782620551031,0.4022216796875,0.11316716293441151,0.01899784382744663,0.7357177734375,,,,,
constructed calibration development; no ordinary-trained replicate claim,v2/work_logs/F15_ND01_v1_run1/evaluation_attempt_1/calibration_2_evaluation.json,5998c9d8baae6b205c9866d26527f21220fca421df0bf3ca5619c2fcc14abf33,searched_alignment,2,1511693,inv_one_minus_eta/permuted_concept,inv_one_minus_eta,permuted_concept,1,mixed_near,8192,0.02902067506222062,0.0012065611834940967,0.034735589580343916,0.10147051723734068,0.9481201171875,0.03479730886174459,0.13278299617799413,0.13957281450791884,,,,0.0518798828125,0.0011885203215039,2.2586802582338533e-06,1.0,0.11185128918950454,0.017633265497129423,0.718017578125,0.19479858607416317,0.04999217140943267,0.267333984375,,,,,
constructed calibration development; no ordinary-trained replicate claim,v2/work_logs/F15_ND01_v1_run1/evaluation_attempt_1/calibration_2_evaluation.json,5998c9d8baae6b205c9866d26527f21220fca421df0bf3ca5619c2fcc14abf33,searched_alignment,2,1511693,inv_one_minus_eta/permuted_concept,inv_one_minus_eta,permuted_concept,1,mixed_far,8192,0.02487737995257533,0.0008732567885144566,0.029550918573107952,0.11755396365185661,0.97998046875,0.0295685757533838,0.14823634965870552,0.1602682963956131,,,,0.02001953125,0.001190838827135443,2.2562047601831463e-06,0.9964599609375,0.12571024498664207,0.021979345326976315,0.7874755859375,0.17423172589296615,0.04172285053268726,0.77490234375,,,,,
constructed calibration development; no ordinary-trained replicate claim,v2/work_logs/F15_ND01_v1_run1/evaluation_attempt_1/calibration_2_evaluation.json,5998c9d8baae6b205c9866d26527f21220fca421df0bf3ca5619c2fcc14abf33,searched_alignment,2,1511693,inv_one_minus_eta/permuted_concept,inv_one_minus_eta,permuted_concept,1,preserve_other,8192,0.024150546908034573,0.0008523524750879874,0.029195076213087496,0.10984137362423624,0.94140625,0.029242548742779772,0.13465981349452913,0.14377351177716194,,,,0.05859375,0.0012412391089182684,2.4526357664533256e-06,0.9979248046875,0.10826055041108004,0.0181448637444426,0.6688232421875,0.07846875864847744,0.0073868490856971655,0.7763671875,,,,,
constructed calibration development; no ordinary-trained replicate claim,v2/work_logs/F15_ND01_v1_run1/evaluation_attempt_1/calibration_2_evaluation.json,5998c9d8baae6b205c9866d26527f21220fca421df0bf3ca5619c2fcc14abf33,searched_alignment,2,1511693,inv_one_minus_eta/permuted_concept,inv_one_minus_eta,permuted_concept,1,equal_target,8192,0.0349431757315332,0.0015356021680973417,0.03918676011227953,0.09880187447980521,0.952880859375,0.03918944792210081,0.08023788723715607,0.11691808930830595,,,,0.047119140625,0.001242148635081658,2.4387945333547635e-06,0.99755859375,0.07393927406748545,0.006446287388391712,0.83349609375,0.19228447998954082,0.049889623170806974,0.494873046875,,,,,
constructed calibration development; no ordinary-trained replicate claim,v2/work_logs/F15_ND01_v1_run1/evaluation_attempt_1/calibration_2_evaluation.json,5998c9d8baae6b205c9866d26527f21220fca421df0bf3ca5619c2fcc14abf33,searched_alignment,2,1511693,inv_one_minus_eta/permuted_concept,inv_one_minus_eta,permuted_concept,1,scale_separating,8192,0.03368662195300991,0.0015184620535522429,0.03896744864052871,0.10926810445123047,0.943115234375,0.039022370059983,0.14383591200073356,0.15574153725125525,,,,0.056884765625,0.0012337778314731353,2.441962207513235e-06,0.9974365234375,0.11823173812479554,0.02069432315058803,0.6961669921875,0.19707914002572857,0.056438521319240625,0.4796142578125,,,,,
constructed calibration development; no ordinary-trained replicate claim,v2/work_logs/F15_ND01_v1_run1/evaluation_attempt_1/calibration_2_evaluation.json,5998c9d8baae6b205c9866d26527f21220fca421df0bf3ca5619c2fcc14abf33,searched_alignment,2,1511693,inv_one_minus_eta/random,inv_one_minus_eta,random,0,mixed_near,8192,0.06074345092979762,0.005737364943141171,0.07574539552435627,0.26568123636835866,0.722900390625,0.07579519516367059,0.22389671133976938,0.22399769231315855,,,,0.277099609375,0.001185965545056926,2.2360240109920144e-06,1.0,0.19540752896222352,0.05011931013895707,0.2513427734375,0.1099559688379628,0.01720758064740799,0.7242431640625,,,,,
constructed calibration development; no ordinary-trained replicate claim,v2/work_logs/F15_ND01_v1_run1/evaluation_attempt_1/calibration_2_evaluation.json,5998c9d8baae6b205c9866d26527f21220fca421df0bf3ca5619c2fcc14abf33,searched_alignment,2,1511693,inv_one_minus_eta/random,inv_one_minus_eta,random,0,mixed_far,8192,0.054102894423698415,0.004674145110368234,0.06836771979792974,0.2699524521074443,0.9927978515625,0.06840784627630292,0.20327057992082062,0.2152987701040763,,,,0.0072021484375,0.0011733039590508926,2.207210464624381e-06,0.9962158203125,0.17368852817668565,0.04130360461805654,0.77978515625,0.1239948656945962,0.021596335736522053,0.784912109375,,,,,
constructed calibration development; no ordinary-trained replicate claim,v2/work_logs/F15_ND01_v1_run1/evaluation_attempt_1/calibration_2_evaluation.json,5998c9d8baae6b205c9866d26527f21220fca421df0bf3ca5619c2fcc14abf33,searched_alignment,2,1511693,inv_one_minus_eta/random,inv_one_minus_eta,random,0,preserve_other,8192,0.06135928183282301,0.0059846361236307365,0.07736042996022409,0.25936308264175834,0.8516845703125,0.07743731310190435,0.22662067726231133,0.22213594060122996,,,,0.1483154296875,0.0012350096807816047,2.4308449716296587e-06,0.9970703125,0.19600430613480052,0.0513487004241465,0.4742431640625,0.07439628979999863,0.0065574063730412975,0.8272705078125,,,,,
constructed calibration development; no ordinary-trained replicate claim,v2/work_logs/F15_ND01_v1_run1/evaluation_attempt_1/calibration_2_evaluation.json,5998c9d8baae6b205c9866d26527f21220fca421df0bf3ca5619c2fcc14abf33,searched_alignment,2,1511693,inv_one_minus_eta/random,inv_one_minus_eta,random,0,equal_target,8192,0.08866865151134457,0.00976105190094059,0.09879803591641177,0.2854623142195249,0.7384033203125,0.0988781650886125,0.08595445563496833,0.028395815625787163,,,,0.2615966796875,0.0012283115902867704,2.411705995701686e-06,0.9954833984375,0.07838806559725078,0.007376743402915607,0.7705078125,0.10891303380906531,0.01827061248543808,0.6656494140625,,,,,
constructed calibration development; no ordinary-trained replicate claim,v2/work_logs/F15_ND01_v1_run1/evaluation_attempt_1/calibration_2_evaluation.json,5998c9d8baae6b205c9866d26527f21220fca421df0bf3ca5619c2fcc14abf33,searched_alignment,2,1511693,inv_one_minus_eta/random,inv_one_minus_eta,random,0,scale_separating,8192,0.07330137781043297,0.00821793070390381,0.09065280306699738,0.2754962245973255,0.8177490234375,0.0907460371897274,0.26068293617898897,0.24501403444331762,,,,0.1822509765625,0.0012296166953399339,2.401454905310351e-06,0.9962158203125,0.22388448430292707,0.06793782620551031,0.4022216796875,0.11316716293441151,0.01899784382744663,0.7357177734375,,,,,
constructed calibration development; no ordinary-trained replicate claim,v2/work_logs/F15_ND01_v1_run1/evaluation_attempt_1/calibration_2_evaluation.json,5998c9d8baae6b205c9866d26527f21220fca421df0bf3ca5619c2fcc14abf33,searched_alignment,2,1511693,inv_one_minus_eta/random,inv_one_minus_eta,random,1,mixed_near,8192,0.03306081201595722,0.0017006806934053808,0.04123931005006486,0.12437494621772349,0.8759765625,0.04126125587067905,0.13278299617799413,0.1662394969674946,,,,0.1240234375,0.0011885203215039,2.2586802582338533e-06,1.0,0.11185128918950454,0.017633265497129423,0.718017578125,0.19479858607416317,0.04999217140943267,0.267333984375,,,,,
constructed calibration development; no ordinary-trained replicate claim,v2/work_logs/F15_ND01_v1_run1/evaluation_attempt_1/calibration_2_evaluation.json,5998c9d8baae6b205c9866d26527f21220fca421df0bf3ca5619c2fcc14abf33,searched_alignment,2,1511693,inv_one_minus_eta/random,inv_one_minus_eta,random,1,mixed_far,8192,0.035270640098009426,0.0016778934202630223,0.04096209736162227,0.10018207993697076,0.990966796875,0.04096920916879295,0.14823634965870552,0.1829803423304285,,,,0.009033203125,0.001190838827135443,2.2562047601831463e-06,0.9964599609375,0.12571024498664207,0.021979345326976315,0.7874755859375,0.17423172589296615,0.04172285053268726,0.77490234375,,,,,
constructed calibration development; no ordinary-trained replicate claim,v2/work_logs/F15_ND01_v1_run1/evaluation_attempt_1/calibration_2_evaluation.json,5998c9d8baae6b205c9866d26527f21220fca421df0bf3ca5619c2fcc14abf33,searched_alignment,2,1511693,inv_one_minus_eta/random,inv_one_minus_eta,random,1,preserve_other,8192,0.03224658225515305,0.001583073393824375,0.03978785485326364,0.11027709049778045,0.9317626953125,0.03982361405706895,0.13465981349452913,0.1688636609147809,,,,0.0682373046875,0.0012412391089182684,2.4526357664533256e-06,0.9979248046875,0.10826055041108004,0.0181448637444426,0.6688232421875,0.07846875864847744,0.0073868490856971655,0.7763671875,,,,,
constructed calibration development; no ordinary-trained replicate claim,v2/work_logs/F15_ND01_v1_run1/evaluation_attempt_1/calibration_2_evaluation.json,5998c9d8baae6b205c9866d26527f21220fca421df0bf3ca5619c2fcc14abf33,searched_alignment,2,1511693,inv_one_minus_eta/random,inv_one_minus_eta,random,1,equal_target,8192,0.03760775043007759,0.001891618054946055,0.04349273565718826,0.12085930713282339,0.952880859375,0.04349960892388419,0.08023788723715607,0.12058461519822754,,,,0.047119140625,0.001242148635081658,2.4387945333547635e-06,0.99755859375,0.07393927406748545,0.006446287388391712,0.83349609375,0.19228447998954082,0.049889623170806974,0.494873046875,,,,,
constructed calibration development; no ordinary-trained replicate claim,v2/work_logs/F15_ND01_v1_run1/evaluation_attempt_1/calibration_2_evaluation.json,5998c9d8baae6b205c9866d26527f21220fca421df0bf3ca5619c2fcc14abf33,searched_alignment,2,1511693,inv_one_minus_eta/random,inv_one_minus_eta,random,1,scale_separating,8192,0.037932016747560277,0.001998830384440254,0.044708280938101995,0.12302988936836345,0.9345703125,0.044726933113531424,0.14383591200073356,0.18097415190643906,,,,0.0654296875,0.0012337778314731353,2.441962207513235e-06,0.9974365234375,0.11823173812479554,0.02069432315058803,0.6961669921875,0.19707914002572857,0.056438521319240625,0.4796142578125,,,,,
constructed calibration development; no ordinary-trained replicate claim,v2/work_logs/F15_ND01_v1_run1/evaluation_attempt_1/calibration_2_evaluation.json,5998c9d8baae6b205c9866d26527f21220fca421df0bf3ca5619c2fcc14abf33,searched_alignment,2,1511693,inv_one_minus_eta/shuffled_donor,inv_one_minus_eta,shuffled_donor,0,mixed_near,8192,0.14766639801073456,0.03235971078527017,0.17988805070173552,0.5508973788741904,0.3572998046875,0.17992052869555142,0.22389671133976938,0.14201743053066251,,,,0.6427001953125,0.001185965545056926,2.2360240109920144e-06,1.0,0.19540752896222352,0.05011931013895707,0.2513427734375,0.1545702509366702,0.03385733466589694,0.4918212890625,,,,,
constructed calibration development; no ordinary-trained replicate claim,v2/work_logs/F15_ND01_v1_run1/evaluation_attempt_1/calibration_2_evaluation.json,5998c9d8baae6b205c9866d26527f21220fca421df0bf3ca5619c2fcc14abf33,searched_alignment,2,1511693,inv_one_minus_eta/shuffled_donor,inv_one_minus_eta,shuffled_donor,0,mixed_far,8192,0.15506785103726717,0.03748350436545011,0.19360657108024537,0.5908265638898142,0.7437744140625,0.19362773375074283,0.20327057992082062,0.1581728129607342,,,,0.2562255859375,0.0011733039590508926,2.207210464624381e-06,0.9962158203125,0.17368852817668565,0.04130360461805654,0.77978515625,0.23154094711124068,0.07690111516385241,0.4979248046875,,,,,
constructed calibration development; no ordinary-trained replicate claim,v2/work_logs/F15_ND01_v1_run1/evaluation_attempt_1/calibration_2_evaluation.json,5998c9d8baae6b205c9866d26527f21220fca421df0bf3ca5619c2fcc14abf33,searched_alignment,2,1511693,inv_one_minus_eta/shuffled_donor,inv_one_minus_eta,shuffled_donor,0,preserve_other,8192,0.15807542827769322,0.0373242952876187,0.19319496703490674,0.5804447852450136,0.5782470703125,0.1932251480952183,0.22662067726231133,0.15581881086172708,,,,0.4217529296875,0.0012350096807816047,2.4308449716296587e-06,0.9970703125,0.19600430613480052,0.0513487004241465,0.4742431640625,0.1858290976999618,0.05204626729092355,0.4967041015625,,,,,
constructed calibration development; no ordinary-trained replicate claim,v2/work_logs/F15_ND01_v1_run1/evaluation_attempt_1/calibration_2_evaluation.json,5998c9d8baae6b205c9866d26527f21220fca421df0bf3ca5619c2fcc14abf33,searched_alignment,2,1511693,inv_one_minus_eta/shuffled_donor,inv_one_minus_eta,shuffled_donor,0,equal_target,8192,0.11357158275651213,0.01937746118608432,0.13920294963140803,0.4381717019080025,0.6700439453125,0.13925526510634953,0.08595445563496833,0.11087772826070347,,,,0.3299560546875,0.0012283115902867704,2.411705995701686e-06,0.9954833984375,0.07838806559725078,0.007376743402915607,0.7705078125,0.15943103951070497,0.03878298992815308,0.5057373046875,,,,,
constructed calibration development; no ordinary-trained replicate claim,v2/work_logs/F15_ND01_v1_run1/evaluation_attempt_1/calibration_2_evaluation.json,5998c9d8baae6b205c9866d26527f21220fca421df0bf3ca5619c2fcc14abf33,searched_alignment,2,1511693,inv_one_minus_eta/shuffled_donor,inv_one_minus_eta,shuffled_donor,0,scale_separating,8192,0.17810270470068407,0.04564791939484797,0.21365373714224606,0.5982490281047147,0.52880859375,0.21367666649354644,0.26068293617898897,0.1562489098211144,,,,0.47119140625,0.0012296166953399339,2.401454905310351e-06,0.9962158203125,0.22388448430292707,0.06793782620551031,0.4022216796875,0.1926957405695491,0.05634913362585546,0.49658203125,,,,,
constructed calibration development; no ordinary-trained replicate claim,v2/work_logs/F15_ND01_v1_run1/evaluation_attempt_1/calibration_2_evaluation.json,5998c9d8baae6b205c9866d26527f21220fca421df0bf3ca5619c2fcc14abf33,searched_alignment,2,1511693,inv_one_minus_eta/shuffled_donor,inv_one_minus_eta,shuffled_donor,1,mixed_near,8192,0.09587218119143065,0.013852236689294866,0.1176955253579968,0.31570850129314626,0.733642578125,0.11770411755866854,0.13278299617799413,0.1227290165250801,,,,0.266357421875,0.0011885203215039,2.2586802582338533e-06,1.0,0.11185128918950454,0.017633265497129423,0.718017578125,0.1553603435000127,0.03395452363406497,0.493408203125,,,,,
constructed calibration development; no ordinary-trained replicate claim,v2/work_logs/F15_ND01_v1_run1/evaluation_attempt_1/calibration_2_evaluation.json,5998c9d8baae6b205c9866d26527f21220fca421df0bf3ca5619c2fcc14abf33,searched_alignment,2,1511693,inv_one_minus_eta/shuffled_donor,inv_one_minus_eta,shuffled_donor,1,mixed_far,8192,0.10838016708375964,0.01863638402354579,0.1365151421035256,0.35323929012462707,0.8070068359375,0.136514996756395,0.14823634965870552,0.1301850282042338,,,,0.1929931640625,0.001190838827135443,2.2562047601831463e-06,0.9964599609375,0.12571024498664207,0.021979345326976315,0.7874755859375,0.23172585401920226,0.07721599289879619,0.5067138671875,,,,,
constructed calibration development; no ordinary-trained replicate claim,v2/work_logs/F15_ND01_v1_run1/evaluation_attempt_1/calibration_2_evaluation.json,5998c9d8baae6b205c9866d26527f21220fca421df0bf3ca5619c2fcc14abf33,searched_alignment,2,1511693,inv_one_minus_eta/shuffled_donor,inv_one_minus_eta,shuffled_donor,1,preserve_other,8192,0.10234726581006502,0.01638091747188515,0.12798795830813597,0.33974271859198546,0.7044677734375,0.12797727430024686,0.13465981349452913,0.12659981862158504,,,,0.2955322265625,0.0012412391089182684,2.4526357664533256e-06,0.9979248046875,0.10826055041108004,0.0181448637444426,0.6688232421875,0.15944607363219837,0.03884100123314349,0.5025634765625,,,,,
constructed calibration development; no ordinary-trained replicate claim,v2/work_logs/F15_ND01_v1_run1/evaluation_attempt_1/calibration_2_evaluation.json,5998c9d8baae6b205c9866d26527f21220fca421df0bf3ca5619c2fcc14abf33,searched_alignment,2,1511693,inv_one_minus_eta/shuffled_donor,inv_one_minus_eta,shuffled_donor,1,equal_target,8192,0.08865491791149199,0.012235513262940416,0.1106142543388528,0.3317624802397843,0.8115234375,0.11062468728139523,0.08023788723715607,0.11940477418576848,,,,0.1884765625,0.001242148635081658,2.4387945333547635e-06,0.99755859375,0.07393927406748545,0.006446287388391712,0.83349609375,0.1875030563505479,0.05258389696874323,0.51123046875,,,,,
constructed calibration development; no ordinary-trained replicate claim,v2/work_logs/F15_ND01_v1_run1/evaluation_attempt_1/calibration_2_evaluation.json,5998c9d8baae6b205c9866d26527f21220fca421df0bf3ca5619c2fcc14abf33,searched_alignment,2,1511693,inv_one_minus_eta/shuffled_donor,inv_one_minus_eta,shuffled_donor,1,scale_separating,8192,0.10354316331682767,0.01649320390189591,0.1284258692861213,0.36522083637410335,0.74365234375,0.1284156799332218,0.14383591200073356,0.12910727624171395,,,,0.25634765625,0.0012337778314731353,2.441962207513235e-06,0.9974365234375,0.11823173812479554,0.02069432315058803,0.6961669921875,0.18339044263158413,0.051583572739595906,0.5054931640625,,,,,
constructed calibration development; no ordinary-trained replicate claim,v2/work_logs/F15_ND01_v1_run1/evaluation_attempt_1/calibration_2_evaluation.json,5998c9d8baae6b205c9866d26527f21220fca421df0bf3ca5619c2fcc14abf33,searched_alignment,2,1511693,inv_one_minus_eta/untrained,inv_one_minus_eta,untrained,0,mixed_near,8192,0.11315806806446588,0.017629227973343563,0.13277510298750878,0.32711977894353417,0.5499267578125,0.2559698175301754,0.22389671133976938,0.060722223318278,,,,0.4500732421875,0.21936830935214674,0.06845072128239041,0.3978271484375,0.11064888563967529,0.015707426612589868,0.58056640625,0.1426209339043668,0.03064163431323476,0.4393310546875,,,,,
constructed calibration development; no ordinary-trained replicate claim,v2/work_logs/F15_ND01_v1_run1/evaluation_attempt_1/calibration_2_evaluation.json,5998c9d8baae6b205c9866d26527f21220fca421df0bf3ca5619c2fcc14abf33,searched_alignment,2,1511693,inv_one_minus_eta/untrained,inv_one_minus_eta,untrained,0,mixed_far,8192,0.22306299370886878,0.0672171192279762,0.25926264526147264,0.5908608246268348,0.4830322265625,0.20321374206286905,0.20327057992082062,0.07500787414158623,,,,0.5169677734375,0.2114442228627078,0.0676225320850058,0.3609619140625,0.2706615592726884,0.08939891968801242,0.333740234375,0.2376780571279678,0.07864634097628621,0.461181640625,,,,,
constructed calibration development; no ordinary-trained replicate claim,v2/work_logs/F15_ND01_v1_run1/evaluation_attempt_1/calibration_2_evaluation.json,5998c9d8baae6b205c9866d26527f21220fca421df0bf3ca5619c2fcc14abf33,searched_alignment,2,1511693,inv_one_minus_eta/untrained,inv_one_minus_eta,untrained,0,preserve_other,8192,0.16790822249243925,0.04166671811823849,0.20412427126199004,0.5849205725217088,0.5069580078125,0.20803001111947192,0.22662067726231133,0.03063306053471535,,,,0.4930419921875,0.16691405558358077,0.042012212071543306,0.5096435546875,0.17813222299776577,0.047036454812121285,0.4619140625,0.20889215268516403,0.0620676347825402,0.424072265625,,,,,
constructed calibration development; no ordinary-trained replicate claim,v2/work_logs/F15_ND01_v1_run1/evaluation_attempt_1/calibration_2_evaluation.json,5998c9d8baae6b205c9866d26527f21220fca421df0bf3ca5619c2fcc14abf33,searched_alignment,2,1511693,inv_one_minus_eta/untrained,inv_one_minus_eta,untrained,0,equal_target,8192,0.16910355984150027,0.042265662067396875,0.20558614269302508,0.5693517930278622,0.4432373046875,0.13220147629395318,0.08595445563496833,0.06841789965625603,,,,0.5567626953125,0.21423528119924412,0.0652051477494872,0.309326171875,0.18765343678489843,0.05136556423262749,0.3917236328125,0.17175802484179428,0.04420308836265291,0.40087890625,,,,,
constructed calibration development; no ordinary-trained replicate claim,v2/work_logs/F15_ND01_v1_run1/evaluation_attempt_1/calibration_2_evaluation.json,5998c9d8baae6b205c9866d26527f21220fca421df0bf3ca5619c2fcc14abf33,searched_alignment,2,1511693,inv_one_minus_eta/untrained,inv_one_minus_eta,untrained,0,scale_separating,8192,0.153928077793278,0.0344884356551841,0.1857106234311438,0.5291245821841568,0.534423828125,0.2723743916072379,0.26068293617898897,0.06749083027174513,,,,0.465576171875,0.2118305868926054,0.06602790928219923,0.3841552734375,0.16853835744357504,0.04133545319096696,0.4981689453125,0.20160729645571193,0.057379248943594224,0.40087890625,,,,,
constructed calibration development; no ordinary-trained replicate claim,v2/work_logs/F15_ND01_v1_run1/evaluation_attempt_1/calibration_2_evaluation.json,5998c9d8baae6b205c9866d26527f21220fca421df0bf3ca5619c2fcc14abf33,searched_alignment,2,1511693,inv_one_minus_eta/untrained,inv_one_minus_eta,untrained,1,mixed_near,8192,0.13005848399200254,0.02498361382811998,0.15806205688943814,0.45624260187442306,0.509521484375,0.16043720535583983,0.13278299617799413,0.048560147966364695,,,,0.490478515625,0.21114595630335364,0.06331679846554661,0.415771484375,0.14574266331220492,0.031384875095547854,0.4208984375,0.11120316259492918,0.01597408546637768,0.5745849609375,,,,,
constructed calibration development; no ordinary-trained replicate claim,v2/work_logs/F15_ND01_v1_run1/evaluation_attempt_1/calibration_2_evaluation.json,5998c9d8baae6b205c9866d26527f21220fca421df0bf3ca5619c2fcc14abf33,searched_alignment,2,1511693,inv_one_minus_eta/untrained,inv_one_minus_eta,untrained,1,mixed_far,8192,0.21902865389531395,0.06751477276709264,0.2598360497834984,0.6366121786953577,0.5089111328125,0.14828089464969502,0.14823634965870552,0.04270084657842862,,,,0.4910888671875,0.2111558479793486,0.06958391218383263,0.3753662109375,0.24131642269967932,0.08040426148994739,0.4549560546875,0.274104782321397,0.09117142449778337,0.3388671875,,,,,
constructed calibration development; no ordinary-trained replicate claim,v2/work_logs/F15_ND01_v1_run1/evaluation_attempt_1/calibration_2_evaluation.json,5998c9d8baae6b205c9866d26527f21220fca421df0bf3ca5619c2fcc14abf33,searched_alignment,2,1511693,inv_one_minus_eta/untrained,inv_one_minus_eta,untrained,1,preserve_other,8192,0.187216112950226,0.05115491114015802,0.22617451478926184,0.6071759583796508,0.3878173828125,0.1423132344349073,0.13465981349452913,0.01703704343219998,,,,0.6121826171875,0.21505108384788219,0.06583288642716713,0.309814453125,0.19120533840409296,0.05318656173278945,0.382080078125,0.18761414661446568,0.051765780283919885,0.34228515625,,,,,
constructed calibration development; no ordinary-trained replicate claim,v2/work_logs/F15_ND01_v1_run1/evaluation_attempt_1/calibration_2_evaluation.json,5998c9d8baae6b205c9866d26527f21220fca421df0bf3ca5619c2fcc14abf33,searched_alignment,2,1511693,inv_one_minus_eta/untrained,inv_one_minus_eta,untrained,1,equal_target,8192,0.17669896447750022,0.045807796757296106,0.21402756074229343,0.6071564770081248,0.55029296875,0.059823053813952344,0.08023788723715607,0.0441510222298175,,,,0.44970703125,0.16753910412226902,0.042206078249077565,0.4967041015625,0.1995771360227695,0.05703861088531551,0.5020751953125,0.16973928325878868,0.04326907226880157,0.5543212890625,,,,,
constructed calibration development; no ordinary-trained replicate claim,v2/work_logs/F15_ND01_v1_run1/evaluation_attempt_1/calibration_2_evaluation.json,5998c9d8baae6b205c9866d26527f21220fca421df0bf3ca5619c2fcc14abf33,searched_alignment,2,1511693,inv_one_minus_eta/untrained,inv_one_minus_eta,untrained,1,scale_separating,8192,0.1698870451627424,0.04208240934596201,0.20513997500721795,0.5846020927580646,0.4676513671875,0.15392160997333745,0.14383591200073356,0.04837616189073362,,,,0.5323486328125,0.21677974907631245,0.06819826949029714,0.3565673828125,0.19433085099321928,0.05386737527577994,0.3917236328125,0.16890363927521845,0.04166968552592299,0.465576171875,,,,,
constructed calibration development; no ordinary-trained replicate claim,v2/work_logs/F15_ND01_v1_run1/evaluation_attempt_1/calibration_2_evaluation.json,5998c9d8baae6b205c9866d26527f21220fca421df0bf3ca5619c2fcc14abf33,searched_alignment,2,1511693,inv_total_cost/aligned,inv_total_cost,aligned,0,mixed_near,8192,0.10811541459942514,0.01646316352136813,0.12830885987089172,0.3376245941295244,0.6383056640625,0.12830744800376612,0.14833032854871853,0.05795714579309571,,,,0.3616943359375,0.001185965545056926,2.2360240109920144e-06,1.0,0.12733739068283234,0.02199677405086052,0.627197265625,0.12668117745011898,0.02172712892810329,0.6162109375,,,,,
constructed calibration development; no ordinary-trained replicate claim,v2/work_logs/F15_ND01_v1_run1/evaluation_attempt_1/calibration_2_evaluation.json,5998c9d8baae6b205c9866d26527f21220fca421df0bf3ca5619c2fcc14abf33,searched_alignment,2,1511693,inv_total_cost/aligned,inv_total_cost,aligned,0,mixed_far,8192,0.0752270317001831,0.009577756607778974,0.09786601354800846,0.38149802634527674,0.844482421875,0.09785430648232013,0.11582651119590219,0.054913435526597186,,,,0.155517578125,0.0011733039590508926,2.207210464624381e-06,0.9962158203125,0.08765933153165782,0.013410698963290503,0.805908203125,0.0884518389940139,0.013799402404967371,0.8046875,,,,,
constructed calibration development; no ordinary-trained replicate claim,v2/work_logs/F15_ND01_v1_run1/evaluation_attempt_1/calibration_2_evaluation.json,5998c9d8baae6b205c9866d26527f21220fca421df0bf3ca5619c2fcc14abf33,searched_alignment,2,1511693,inv_total_cost/aligned,inv_total_cost,aligned,0,preserve_other,8192,0.05791100017353479,0.005441917974127763,0.07376935660643763,0.25473825049444704,0.83251953125,0.07371379291179121,0.08807189426549035,0.07242503156936114,,,,0.16748046875,0.0012350096807816047,2.4308449716296587e-06,0.9970703125,0.07425438166628587,0.00775772127465877,0.78125,0.07554834225203554,0.007527258235812094,0.7705078125,,,,,
constructed calibration development; no ordinary-trained replicate claim,v2/work_logs/F15_ND01_v1_run1/evaluation_attempt_1/calibration_2_evaluation.json,5998c9d8baae6b205c9866d26527f21220fca421df0bf3ca5619c2fcc14abf33,searched_alignment,2,1511693,inv_total_cost/aligned,inv_total_cost,aligned,0,equal_target,8192,0.06425603059562074,0.0066416967221827865,0.08149660558687574,0.2755552064372643,0.8016357421875,0.08145611348268236,0.08625257469231293,0.06518120049087306,,,,0.1983642578125,0.0012283115902867704,2.411705995701686e-06,0.9954833984375,0.07501189234096953,0.0074339955167222905,0.7716064453125,0.07346571729609364,0.00758113642067491,0.779296875,,,,,
constructed calibration development; no ordinary-trained replicate claim,v2/work_logs/F15_ND01_v1_run1/evaluation_attempt_1/calibration_2_evaluation.json,5998c9d8baae6b205c9866d26527f21220fca421df0bf3ca5619c2fcc14abf33,searched_alignment,2,1511693,inv_total_cost/aligned,inv_total_cost,aligned,0,scale_separating,8192,0.08654070088495926,0.01123699485055837,0.10600469258744337,0.35014789066043367,0.7281494140625,0.10595942683908599,0.13995659466411844,0.07981007821611333,,,,0.2718505859375,0.0012296166953399339,2.401454905310351e-06,0.9962158203125,0.11223823406118362,0.01958532469085683,0.6968994140625,0.11315412827824851,0.019778429281408577,0.6856689453125,,,,,
constructed calibration development; no ordinary-trained replicate claim,v2/work_logs/F15_ND01_v1_run1/evaluation_attempt_1/calibration_2_evaluation.json,5998c9d8baae6b205c9866d26527f21220fca421df0bf3ca5619c2fcc14abf33,searched_alignment,2,1511693,inv_total_cost/aligned,inv_total_cost,aligned,1,mixed_near,8192,0.10286583369888597,0.014809842968208085,0.12169569823214,0.34070849011443494,0.6541748046875,0.12170596320655346,0.14920142284417276,0.053577948805995895,,,,0.3458251953125,0.0011885203215039,2.2586802582338533e-06,1.0,0.1278514333384836,0.022250577785190948,0.6259765625,0.12809222283542437,0.022344931391772252,0.62353515625,,,,,
constructed calibration development; no ordinary-trained replicate claim,v2/work_logs/F15_ND01_v1_run1/evaluation_attempt_1/calibration_2_evaluation.json,5998c9d8baae6b205c9866d26527f21220fca421df0bf3ca5619c2fcc14abf33,searched_alignment,2,1511693,inv_total_cost/aligned,inv_total_cost,aligned,1,mixed_far,8192,0.07030567375516505,0.008583184084607145,0.09264547525166647,0.3681880095597983,0.847900390625,0.09263721040875131,0.11554411691640608,0.0492486086206581,,,,0.152099609375,0.001190838827135443,2.2562047601831463e-06,0.9964599609375,0.08741598162136355,0.013349432101818388,0.808349609375,0.08832600102179863,0.013630252822318292,0.7982177734375,,,,,
constructed calibration development; no ordinary-trained replicate claim,v2/work_logs/F15_ND01_v1_run1/evaluation_attempt_1/calibration_2_evaluation.json,5998c9d8baae6b205c9866d26527f21220fca421df0bf3ca5619c2fcc14abf33,searched_alignment,2,1511693,inv_total_cost/aligned,inv_total_cost,aligned,1,preserve_other,8192,0.056531007959577884,0.0051817003404969215,0.071984028370861,0.2144897660619552,0.8284912109375,0.07192489564090337,0.08741843970281776,0.060361879058335344,,,,0.1715087890625,0.0012412391089182684,2.4526357664533256e-06,0.9979248046875,0.07348804582794331,0.007648328823417101,0.77587890625,0.07474202189132313,0.007379714382760157,0.7730712890625,,,,,
constructed calibration development; no ordinary-trained replicate claim,v2/work_logs/F15_ND01_v1_run1/evaluation_attempt_1/calibration_2_evaluation.json,5998c9d8baae6b205c9866d26527f21220fca421df0bf3ca5619c2fcc14abf33,searched_alignment,2,1511693,inv_total_cost/aligned,inv_total_cost,aligned,1,equal_target,8192,0.05420670140532118,0.004776829932906445,0.06911461446688713,0.22748501750937444,0.8280029296875,0.06906765118884274,0.0850701368582216,0.060499389197094966,,,,0.1719970703125,0.001242148635081658,2.4387945333547635e-06,0.99755859375,0.07408772806888779,0.007239333219326972,0.7774658203125,0.07392160519675574,0.007699518360415736,0.7733154296875,,,,,
constructed calibration development; no ordinary-trained replicate claim,v2/work_logs/F15_ND01_v1_run1/evaluation_attempt_1/calibration_2_evaluation.json,5998c9d8baae6b205c9866d26527f21220fca421df0bf3ca5619c2fcc14abf33,searched_alignment,2,1511693,inv_total_cost/aligned,inv_total_cost,aligned,1,scale_separating,8192,0.08272764356465531,0.010408040786507327,0.10201980585409544,0.37761422534255884,0.7396240234375,0.10200824036069836,0.13997814789611315,0.07224130508641395,,,,0.2603759765625,0.0012337778314731353,2.441962207513235e-06,0.9974365234375,0.11168655150931131,0.0195871340358603,0.6983642578125,0.11099515484462248,0.019137224381848415,0.6903076171875,,,,,
constructed calibration development; no ordinary-trained replicate claim,v2/work_logs/F15_ND01_v1_run1/evaluation_attempt_1/calibration_2_evaluation.json,5998c9d8baae6b205c9866d26527f21220fca421df0bf3ca5619c2fcc14abf33,searched_alignment,2,1511693,inv_total_cost/permuted_concept,inv_total_cost,permuted_concept,0,mixed_near,8192,0.1018109082171835,0.014577799334261878,0.12073855777779474,0.32125056735957325,0.65283203125,0.12074136759833758,0.14833032854871853,0.053585405479953996,,,,0.34716796875,0.001185965545056926,2.2360240109920144e-06,1.0,0.12733739068283234,0.02199677405086052,0.627197265625,0.12668117745011898,0.02172712892810329,0.6162109375,,,,,
constructed calibration development; no ordinary-trained replicate claim,v2/work_logs/F15_ND01_v1_run1/evaluation_attempt_1/calibration_2_evaluation.json,5998c9d8baae6b205c9866d26527f21220fca421df0bf3ca5619c2fcc14abf33,searched_alignment,2,1511693,inv_total_cost/permuted_concept,inv_total_cost,permuted_concept,0,mixed_far,8192,0.07046701247548945,0.008593939533831358,0.09270350335252361,0.37970347513078495,0.8447265625,0.09270647126748452,0.11582651119590219,0.04937222422996673,,,,0.1552734375,0.0011733039590508926,2.207210464624381e-06,0.9962158203125,0.08765933153165782,0.013410698963290503,0.805908203125,0.0884518389940139,0.013799402404967371,0.8046875,,,,,
constructed calibration development; no ordinary-trained replicate claim,v2/work_logs/F15_ND01_v1_run1/evaluation_attempt_1/calibration_2_evaluation.json,5998c9d8baae6b205c9866d26527f21220fca421df0bf3ca5619c2fcc14abf33,searched_alignment,2,1511693,inv_total_cost/permuted_concept,inv_total_cost,permuted_concept,0,preserve_other,8192,0.05708241392139134,0.005251992192920506,0.07247062986424574,0.20894808743937188,0.8382568359375,0.07242193821718582,0.08807189426549035,0.05988944173151429,,,,0.1617431640625,0.0012350096807816047,2.4308449716296587e-06,0.9970703125,0.07425438166628587,0.00775772127465877,0.78125,0.07554834225203554,0.007527258235812094,0.7705078125,,,,,
constructed calibration development; no ordinary-trained replicate claim,v2/work_logs/F15_ND01_v1_run1/evaluation_attempt_1/calibration_2_evaluation.json,5998c9d8baae6b205c9866d26527f21220fca421df0bf3ca5619c2fcc14abf33,searched_alignment,2,1511693,inv_total_cost/permuted_concept,inv_total_cost,permuted_concept,0,equal_target,8192,0.0539273179850327,0.004782129747495558,0.06915294460466277,0.21087712446815432,0.8277587890625,0.06912007601171757,0.08625257469231293,0.06047365212128537,,,,0.1722412109375,0.0012283115902867704,2.411705995701686e-06,0.9954833984375,0.07501189234096953,0.0074339955167222905,0.7716064453125,0.07346571729609364,0.00758113642067491,0.779296875,,,,,
constructed calibration development; no ordinary-trained replicate claim,v2/work_logs/F15_ND01_v1_run1/evaluation_attempt_1/calibration_2_evaluation.json,5998c9d8baae6b205c9866d26527f21220fca421df0bf3ca5619c2fcc14abf33,searched_alignment,2,1511693,inv_total_cost/permuted_concept,inv_total_cost,permuted_concept,0,scale_separating,8192,0.08164301533728982,0.01019045633142204,0.10094779012649083,0.348433627923253,0.7406005859375,0.1009107225577358,0.13995659466411844,0.07208866501380014,,,,0.2593994140625,0.0012296166953399339,2.401454905310351e-06,0.9962158203125,0.11223823406118362,0.01958532469085683,0.6968994140625,0.11315412827824851,0.019778429281408577,0.6856689453125,,,,,
constructed calibration development; no ordinary-trained replicate claim,v2/work_logs/F15_ND01_v1_run1/evaluation_attempt_1/calibration_2_evaluation.json,5998c9d8baae6b205c9866d26527f21220fca421df0bf3ca5619c2fcc14abf33,searched_alignment,2,1511693,inv_total_cost/permuted_concept,inv_total_cost,permuted_concept,1,mixed_near,8192,0.10370847897757932,0.015317073245737419,0.12376216403140912,0.32961086101367165,0.6739501953125,0.12375831439547377,0.14920142284417276,0.07493042239993238,,,,0.3260498046875,0.0011885203215039,2.2586802582338533e-06,1.0,0.1278514333384836,0.022250577785190948,0.6259765625,0.12809222283542437,0.022344931391772252,0.62353515625,,,,,
constructed calibration development; no ordinary-trained replicate claim,v2/work_logs/F15_ND01_v1_run1/evaluation_attempt_1/calibration_2_evaluation.json,5998c9d8baae6b205c9866d26527f21220fca421df0bf3ca5619c2fcc14abf33,searched_alignment,2,1511693,inv_total_cost/permuted_concept,inv_total_cost,permuted_concept,1,mixed_far,8192,0.07470901149104585,0.009108693258553166,0.09543947432039411,0.3768089533726374,0.815673828125,0.09541828174494361,0.11554411691640608,0.07023773485238208,,,,0.184326171875,0.001190838827135443,2.2562047601831463e-06,0.9964599609375,0.08741598162136355,0.013349432101818388,0.808349609375,0.08832600102179863,0.013630252822318292,0.7982177734375,,,,,
constructed calibration development; no ordinary-trained replicate claim,v2/work_logs/F15_ND01_v1_run1/evaluation_attempt_1/calibration_2_evaluation.json,5998c9d8baae6b205c9866d26527f21220fca421df0bf3ca5619c2fcc14abf33,searched_alignment,2,1511693,inv_total_cost/permuted_concept,inv_total_cost,permuted_concept,1,preserve_other,8192,0.06852492964836865,0.007542953331790244,0.08685017750005031,0.2694937278088,0.7965087890625,0.08678824884847818,0.08741843970281776,0.08429780014412203,,,,0.2034912109375,0.0012412391089182684,2.4526357664533256e-06,0.9979248046875,0.07348804582794331,0.007648328823417101,0.77587890625,0.07474202189132313,0.007379714382760157,0.7730712890625,,,,,
constructed calibration development; no ordinary-trained replicate claim,v2/work_logs/F15_ND01_v1_run1/evaluation_attempt_1/calibration_2_evaluation.json,5998c9d8baae6b205c9866d26527f21220fca421df0bf3ca5619c2fcc14abf33,searched_alignment,2,1511693,inv_total_cost/permuted_concept,inv_total_cost,permuted_concept,1,equal_target,8192,0.06306256941262628,0.006508628195487521,0.08067606953420277,0.2666801560733271,0.80615234375,0.08062981724936713,0.0850701368582216,0.09237564958174617,,,,0.19384765625,0.001242148635081658,2.4387945333547635e-06,0.99755859375,0.07408772806888779,0.007239333219326972,0.7774658203125,0.07392160519675574,0.007699518360415736,0.7733154296875,,,,,
constructed calibration development; no ordinary-trained replicate claim,v2/work_logs/F15_ND01_v1_run1/evaluation_attempt_1/calibration_2_evaluation.json,5998c9d8baae6b205c9866d26527f21220fca421df0bf3ca5619c2fcc14abf33,searched_alignment,2,1511693,inv_total_cost/permuted_concept,inv_total_cost,permuted_concept,1,scale_separating,8192,0.08659422041656298,0.01080153254647779,0.10393042166025206,0.3899675711188748,0.7261962890625,0.10389765036769266,0.13997814789611315,0.10119246528948199,,,,0.2738037109375,0.0012337778314731353,2.441962207513235e-06,0.9974365234375,0.11168655150931131,0.0195871340358603,0.6983642578125,0.11099515484462248,0.019137224381848415,0.6903076171875,,,,,
constructed calibration development; no ordinary-trained replicate claim,v2/work_logs/F15_ND01_v1_run1/evaluation_attempt_1/calibration_2_evaluation.json,5998c9d8baae6b205c9866d26527f21220fca421df0bf3ca5619c2fcc14abf33,searched_alignment,2,1511693,inv_total_cost/random,inv_total_cost,random,0,mixed_near,8192,0.09513274989172552,0.013178932624596044,0.11479953233613821,0.31076143574310844,0.675048828125,0.11479467998663978,0.14833032854871853,0.07637236042252075,,,,0.324951171875,0.001185965545056926,2.2360240109920144e-06,1.0,0.12733739068283234,0.02199677405086052,0.627197265625,0.12668117745011898,0.02172712892810329,0.6162109375,,,,,
constructed calibration development; no ordinary-trained replicate claim,v2/work_logs/F15_ND01_v1_run1/evaluation_attempt_1/calibration_2_evaluation.json,5998c9d8baae6b205c9866d26527f21220fca421df0bf3ca5619c2fcc14abf33,searched_alignment,2,1511693,inv_total_cost/random,inv_total_cost,random,0,mixed_far,8192,0.07086844475310672,0.008306902187216025,0.09114220859303347,0.3689436015400591,0.842529296875,0.09113586040073064,0.11582651119590219,0.06998875594749127,,,,0.157470703125,0.0011733039590508926,2.207210464624381e-06,0.9962158203125,0.08765933153165782,0.013410698963290503,0.805908203125,0.0884518389940139,0.013799402404967371,0.8046875,,,,,
constructed calibration development; no ordinary-trained replicate claim,v2/work_logs/F15_ND01_v1_run1/evaluation_attempt_1/calibration_2_evaluation.json,5998c9d8baae6b205c9866d26527f21220fca421df0bf3ca5619c2fcc14abf33,searched_alignment,2,1511693,inv_total_cost/random,inv_total_cost,random,0,preserve_other,8192,0.06481645273772524,0.00653442709913072,0.08083580332458334,0.2459244281847594,0.8255615234375,0.08077487435226562,0.08807189426549035,0.08424425358862157,,,,0.1744384765625,0.0012350096807816047,2.4308449716296587e-06,0.9970703125,0.07425438166628587,0.00775772127465877,0.78125,0.07554834225203554,0.007527258235812094,0.7705078125,,,,,
constructed calibration development; no ordinary-trained replicate claim,v2/work_logs/F15_ND01_v1_run1/evaluation_attempt_1/calibration_2_evaluation.json,5998c9d8baae6b205c9866d26527f21220fca421df0bf3ca5619c2fcc14abf33,searched_alignment,2,1511693,inv_total_cost/random,inv_total_cost,random,0,equal_target,8192,0.05945450458387677,0.005806523046482053,0.0762005449224745,0.23775705786665513,0.8175048828125,0.07614809441262936,0.08625257469231293,0.08590188674060188,,,,0.1824951171875,0.0012283115902867704,2.411705995701686e-06,0.9954833984375,0.07501189234096953,0.0074339955167222905,0.7716064453125,0.07346571729609364,0.00758113642067491,0.779296875,,,,,
constructed calibration development; no ordinary-trained replicate claim,v2/work_logs/F15_ND01_v1_run1/evaluation_attempt_1/calibration_2_evaluation.json,5998c9d8baae6b205c9866d26527f21220fca421df0bf3ca5619c2fcc14abf33,searched_alignment,2,1511693,inv_total_cost/random,inv_total_cost,random,0,scale_separating,8192,0.08048632330539582,0.009428253824037244,0.09709919579500771,0.3406041735200424,0.7437744140625,0.0970381735504316,0.13995659466411844,0.10235602833422958,,,,0.2562255859375,0.0012296166953399339,2.401454905310351e-06,0.9962158203125,0.11223823406118362,0.01958532469085683,0.6968994140625,0.11315412827824851,0.019778429281408577,0.6856689453125,,,,,
constructed calibration development; no ordinary-trained replicate claim,v2/work_logs/F15_ND01_v1_run1/evaluation_attempt_1/calibration_2_evaluation.json,5998c9d8baae6b205c9866d26527f21220fca421df0bf3ca5619c2fcc14abf33,searched_alignment,2,1511693,inv_total_cost/random,inv_total_cost,random,1,mixed_near,8192,0.09513943322265897,0.013121424490899793,0.11454878650993991,0.3046222220297068,0.6787109375,0.1145424884918125,0.14920142284417276,0.08029880691023761,,,,0.3212890625,0.0011885203215039,2.2586802582338533e-06,1.0,0.1278514333384836,0.022250577785190948,0.6259765625,0.12809222283542437,0.022344931391772252,0.62353515625,,,,,
constructed calibration development; no ordinary-trained replicate claim,v2/work_logs/F15_ND01_v1_run1/evaluation_attempt_1/calibration_2_evaluation.json,5998c9d8baae6b205c9866d26527f21220fca421df0bf3ca5619c2fcc14abf33,searched_alignment,2,1511693,inv_total_cost/random,inv_total_cost,random,1,mixed_far,8192,0.06962395739115404,0.008013586528872485,0.08951863788548442,0.3495211059870907,0.8414306640625,0.08950091680470405,0.11554411691640608,0.07324159341081478,,,,0.1585693359375,0.001190838827135443,2.2562047601831463e-06,0.9964599609375,0.08741598162136355,0.013349432101818388,0.808349609375,0.08832600102179863,0.013630252822318292,0.7982177734375,,,,,
constructed calibration development; no ordinary-trained replicate claim,v2/work_logs/F15_ND01_v1_run1/evaluation_attempt_1/calibration_2_evaluation.json,5998c9d8baae6b205c9866d26527f21220fca421df0bf3ca5619c2fcc14abf33,searched_alignment,2,1511693,inv_total_cost/random,inv_total_cost,random,1,preserve_other,8192,0.06483282893873142,0.00658668472524819,0.08115839282075632,0.24487218606179462,0.813232421875,0.08109541245081053,0.08741843970281776,0.08934677155357293,,,,0.186767578125,0.0012412391089182684,2.4526357664533256e-06,0.9979248046875,0.07348804582794331,0.007648328823417101,0.77587890625,0.07474202189132313,0.007379714382760157,0.7730712890625,,,,,
constructed calibration development; no ordinary-trained replicate claim,v2/work_logs/F15_ND01_v1_run1/evaluation_attempt_1/calibration_2_evaluation.json,5998c9d8baae6b205c9866d26527f21220fca421df0bf3ca5619c2fcc14abf33,searched_alignment,2,1511693,inv_total_cost/random,inv_total_cost,random,1,equal_target,8192,0.06104664778358976,0.006114806165736426,0.07819722607443583,0.26220567385231264,0.810302734375,0.07814287252919455,0.0850701368582216,0.08960979941527675,,,,0.189697265625,0.001242148635081658,2.4387945333547635e-06,0.99755859375,0.07408772806888779,0.007239333219326972,0.7774658203125,0.07392160519675574,0.007699518360415736,0.7733154296875,,,,,
constructed calibration development; no ordinary-trained replicate claim,v2/work_logs/F15_ND01_v1_run1/evaluation_attempt_1/calibration_2_evaluation.json,5998c9d8baae6b205c9866d26527f21220fca421df0bf3ca5619c2fcc14abf33,searched_alignment,2,1511693,inv_total_cost/random,inv_total_cost,random,1,scale_separating,8192,0.08134836937624836,0.009541134751738269,0.09767873234096698,0.36165924697062124,0.7398681640625,0.09764167467743086,0.13997814789611315,0.10763080890679741,,,,0.2601318359375,0.0012337778314731353,2.441962207513235e-06,0.9974365234375,0.11168655150931131,0.0195871340358603,0.6983642578125,0.11099515484462248,0.019137224381848415,0.6903076171875,,,,,
constructed calibration development; no ordinary-trained replicate claim,v2/work_logs/F15_ND01_v1_run1/evaluation_attempt_1/calibration_2_evaluation.json,5998c9d8baae6b205c9866d26527f21220fca421df0bf3ca5619c2fcc14abf33,searched_alignment,2,1511693,inv_total_cost/shuffled_donor,inv_total_cost,shuffled_donor,0,mixed_near,8192,0.12259339917928687,0.02081338046160234,0.14426843196487005,0.4161684073412707,0.6248779296875,0.1442652690378647,0.14833032854871853,0.05367799885481653,,,,0.3751220703125,0.001185965545056926,2.2360240109920144e-06,1.0,0.12733739068283234,0.02199677405086052,0.627197265625,0.15275980317382215,0.03226743919026032,0.49951171875,,,,,
constructed calibration development; no ordinary-trained replicate claim,v2/work_logs/F15_ND01_v1_run1/evaluation_attempt_1/calibration_2_evaluation.json,5998c9d8baae6b205c9866d26527f21220fca421df0bf3ca5619c2fcc14abf33,searched_alignment,2,1511693,inv_total_cost/shuffled_donor,inv_total_cost,shuffled_donor,0,mixed_far,8192,0.08949640114954363,0.013558377498414518,0.11644044614486204,0.46648475046352433,0.7825927734375,0.11643324832255646,0.11582651119590219,0.055187159772427594,,,,0.2174072265625,0.0011733039590508926,2.207210464624381e-06,0.9962158203125,0.08765933153165782,0.013410698963290503,0.805908203125,0.17936721526695265,0.04915521989972006,0.4962158203125,,,,,
constructed calibration development; no ordinary-trained replicate claim,v2/work_logs/F15_ND01_v1_run1/evaluation_attempt_1/calibration_2_evaluation.json,5998c9d8baae6b205c9866d26527f21220fca421df0bf3ca5619c2fcc14abf33,searched_alignment,2,1511693,inv_total_cost/shuffled_donor,inv_total_cost,shuffled_donor,0,preserve_other,8192,0.07195196913339319,0.008027698583301296,0.08959742509303097,0.3241113083892512,0.779052734375,0.08954509161056329,0.08807189426549035,0.06386045879708654,,,,0.220947265625,0.0012350096807816047,2.4308449716296587e-06,0.9970703125,0.07425438166628587,0.00775772127465877,0.78125,0.14901951369012306,0.034004822311926405,0.508544921875,,,,,
constructed calibration development; no ordinary-trained replicate claim,v2/work_logs/F15_ND01_v1_run1/evaluation_attempt_1/calibration_2_evaluation.json,5998c9d8baae6b205c9866d26527f21220fca421df0bf3ca5619c2fcc14abf33,searched_alignment,2,1511693,inv_total_cost/shuffled_donor,inv_total_cost,shuffled_donor,0,equal_target,8192,0.07456651836181036,0.008583837409826486,0.09264900112697647,0.30940885263490875,0.756591796875,0.09262180990940477,0.08625257469231293,0.060736864271576485,,,,0.243408203125,0.0012283115902867704,2.411705995701686e-06,0.9954833984375,0.07501189234096953,0.0074339955167222905,0.7716064453125,0.14861331458387023,0.03385418801207663,0.500244140625,,,,,
constructed calibration development; no ordinary-trained replicate claim,v2/work_logs/F15_ND01_v1_run1/evaluation_attempt_1/calibration_2_evaluation.json,5998c9d8baae6b205c9866d26527f21220fca421df0bf3ca5619c2fcc14abf33,searched_alignment,2,1511693,inv_total_cost/shuffled_donor,inv_total_cost,shuffled_donor,0,scale_separating,8192,0.10467694899174469,0.01689399543318034,0.12997690346050078,0.43821828408598235,0.6917724609375,0.12995069836671647,0.13995659466411844,0.06594877567253603,,,,0.3082275390625,0.0012296166953399339,2.401454905310351e-06,0.9962158203125,0.11223823406118362,0.01958532469085683,0.6968994140625,0.15566866016027953,0.03685416777529375,0.5029296875,,,,,
constructed calibration development; no ordinary-trained replicate claim,v2/work_logs/F15_ND01_v1_run1/evaluation_attempt_1/calibration_2_evaluation.json,5998c9d8baae6b205c9866d26527f21220fca421df0bf3ca5619c2fcc14abf33,searched_alignment,2,1511693,inv_total_cost/shuffled_donor,inv_total_cost,shuffled_donor,1,mixed_near,8192,0.11857892076215668,0.01941916426980994,0.13935266150960282,0.38137490854563116,0.6302490234375,0.13937439200486698,0.14920142284417276,0.04785565301952514,,,,0.3697509765625,0.0011885203215039,2.2586802582338533e-06,1.0,0.1278514333384836,0.022250577785190948,0.6259765625,0.15224054933406997,0.031813808481187755,0.497314453125,,,,,
constructed calibration development; no ordinary-trained replicate claim,v2/work_logs/F15_ND01_v1_run1/evaluation_attempt_1/calibration_2_evaluation.json,5998c9d8baae6b205c9866d26527f21220fca421df0bf3ca5619c2fcc14abf33,searched_alignment,2,1511693,inv_total_cost/shuffled_donor,inv_total_cost,shuffled_donor,1,mixed_far,8192,0.08652322894455072,0.012856205424965256,0.11338520814006232,0.4626764793465291,0.7808837890625,0.11339696065821381,0.11554411691640608,0.04943528721722927,,,,0.2191162109375,0.001190838827135443,2.2562047601831463e-06,0.9964599609375,0.08741598162136355,0.013349432101818388,0.808349609375,0.17667185091331777,0.0483619950915294,0.51025390625,,,,,
constructed calibration development; no ordinary-trained replicate claim,v2/work_logs/F15_ND01_v1_run1/evaluation_attempt_1/calibration_2_evaluation.json,5998c9d8baae6b205c9866d26527f21220fca421df0bf3ca5619c2fcc14abf33,searched_alignment,2,1511693,inv_total_cost/shuffled_donor,inv_total_cost,shuffled_donor,1,preserve_other,8192,0.07141544987492787,0.007865538961701087,0.08868787381429936,0.32493734646343875,0.7708740234375,0.08862129751780869,0.08741843970281776,0.05514063500007502,,,,0.2291259765625,0.0012412391089182684,2.4526357664533256e-06,0.9979248046875,0.07348804582794331,0.007648328823417101,0.77587890625,0.14773342571067377,0.033794391946895846,0.509765625,,,,,
constructed calibration development; no ordinary-trained replicate claim,v2/work_logs/F15_ND01_v1_run1/evaluation_attempt_1/calibration_2_evaluation.json,5998c9d8baae6b205c9866d26527f21220fca421df0bf3ca5619c2fcc14abf33,searched_alignment,2,1511693,inv_total_cost/shuffled_donor,inv_total_cost,shuffled_donor,1,equal_target,8192,0.07009201477957804,0.007433550283778762,0.08621803920165874,0.29904607286838564,0.769775390625,0.08615052818980486,0.0850701368582216,0.05442746793222782,,,,0.230224609375,0.001242148635081658,2.4387945333547635e-06,0.99755859375,0.07408772806888779,0.007239333219326972,0.7774658203125,0.14769177301991193,0.033423100205168,0.5067138671875,,,,,
constructed calibration development; no ordinary-trained replicate claim,v2/work_logs/F15_ND01_v1_run1/evaluation_attempt_1/calibration_2_evaluation.json,5998c9d8baae6b205c9866d26527f21220fca421df0bf3ca5619c2fcc14abf33,searched_alignment,2,1511693,inv_total_cost/shuffled_donor,inv_total_cost,shuffled_donor,1,scale_separating,8192,0.10108696704079878,0.015993896734814682,0.12646697883168825,0.49219173936250143,0.6978759765625,0.12644847997422162,0.13997814789611315,0.05893300752826498,,,,0.3021240234375,0.0012337778314731353,2.441962207513235e-06,0.9974365234375,0.11168655150931131,0.0195871340358603,0.6983642578125,0.15668559025004336,0.03701350902729398,0.5052490234375,,,,,
constructed calibration development; no ordinary-trained replicate claim,v2/work_logs/F15_ND01_v1_run1/evaluation_attempt_1/calibration_2_evaluation.json,5998c9d8baae6b205c9866d26527f21220fca421df0bf3ca5619c2fcc14abf33,searched_alignment,2,1511693,inv_total_cost/untrained,inv_total_cost,untrained,0,mixed_near,8192,0.125340703353655,0.02269624081138627,0.15065271591108562,0.4329054978718245,0.484375,0.22587695145902378,0.14833032854871853,0.0801252047619567,,,,0.515625,0.21936830935214674,0.06845072128239041,0.3978271484375,0.13555860873567627,0.025126875903521858,0.4825439453125,0.13513134372440677,0.028408727356987327,0.4140625,,,,,
constructed calibration development; no ordinary-trained replicate claim,v2/work_logs/F15_ND01_v1_run1/evaluation_attempt_1/calibration_2_evaluation.json,5998c9d8baae6b205c9866d26527f21220fca421df0bf3ca5619c2fcc14abf33,searched_alignment,2,1511693,inv_total_cost/untrained,inv_total_cost,untrained,0,mixed_far,8192,0.18313048237288745,0.049539313460720893,0.2225742875103072,0.5949700600523817,0.4205322265625,0.174159640605552,0.11582651119590219,0.06729703088785041,,,,0.5794677734375,0.2114442228627078,0.0676225320850058,0.3609619140625,0.19698107012919602,0.0545486923863678,0.33642578125,0.17325198247262474,0.047411836020171474,0.43896484375,,,,,
constructed calibration development; no ordinary-trained replicate claim,v2/work_logs/F15_ND01_v1_run1/evaluation_attempt_1/calibration_2_evaluation.json,5998c9d8baae6b205c9866d26527f21220fca421df0bf3ca5619c2fcc14abf33,searched_alignment,2,1511693,inv_total_cost/untrained,inv_total_cost,untrained,0,preserve_other,8192,0.1475419986018659,0.0334364723280377,0.1828564254491422,0.5899762904402082,0.5040283203125,0.11611718429397576,0.08807189426549035,0.03307208406977916,,,,0.4959716796875,0.16691405558358077,0.042012212071543306,0.5096435546875,0.15029743727452616,0.03397812576919326,0.4803466796875,0.14878814362339202,0.034104253558594165,0.4984130859375,,,,,
constructed calibration development; no ordinary-trained replicate claim,v2/work_logs/F15_ND01_v1_run1/evaluation_attempt_1/calibration_2_evaluation.json,5998c9d8baae6b205c9866d26527f21220fca421df0bf3ca5619c2fcc14abf33,searched_alignment,2,1511693,inv_total_cost/untrained,inv_total_cost,untrained,0,equal_target,8192,0.16855090425212238,0.042035081471753694,0.20502458748099872,0.5825175986942199,0.4107666015625,0.14610826059373838,0.08625257469231293,0.06180240818740907,,,,0.5892333984375,0.21423528119924412,0.0652051477494872,0.309326171875,0.18083537261078167,0.04630534512269795,0.374267578125,0.16508171511471764,0.04221273588405812,0.3560791015625,,,,,
constructed calibration development; no ordinary-trained replicate claim,v2/work_logs/F15_ND01_v1_run1/evaluation_attempt_1/calibration_2_evaluation.json,5998c9d8baae6b205c9866d26527f21220fca421df0bf3ca5619c2fcc14abf33,searched_alignment,2,1511693,inv_total_cost/untrained,inv_total_cost,untrained,0,scale_separating,8192,0.13733911627668038,0.028587679868625416,0.16907891609726333,0.5386175274079579,0.4757080078125,0.21156347263302205,0.13995659466411844,0.07652683573910901,,,,0.5242919921875,0.2118305868926054,0.06602790928219923,0.3841552734375,0.14805875894302875,0.03153447406098685,0.4429931640625,0.14379741330915777,0.03330491502120263,0.425048828125,,,,,
constructed calibration development; no ordinary-trained replicate claim,v2/work_logs/F15_ND01_v1_run1/evaluation_attempt_1/calibration_2_evaluation.json,5998c9d8baae6b205c9866d26527f21220fca421df0bf3ca5619c2fcc14abf33,searched_alignment,2,1511693,inv_total_cost/untrained,inv_total_cost,untrained,1,mixed_near,8192,0.13072068008904467,0.024916494971501172,0.157849596044783,0.45045968573667766,0.466552734375,0.1918459644452676,0.14920142284417276,0.05357130723627307,,,,0.533447265625,0.21114595630335364,0.06331679846554661,0.415771484375,0.1366002797555848,0.029018435360670183,0.40478515625,0.13619557658191622,0.025217763056085828,0.4813232421875,,,,,
constructed calibration development; no ordinary-trained replicate claim,v2/work_logs/F15_ND01_v1_run1/evaluation_attempt_1/calibration_2_evaluation.json,5998c9d8baae6b205c9866d26527f21220fca421df0bf3ca5619c2fcc14abf33,searched_alignment,2,1511693,inv_total_cost/untrained,inv_total_cost,untrained,1,mixed_far,8192,0.1791761416635027,0.048435122478839646,0.22007980933933863,0.615534976049321,0.4344482421875,0.14928864407290188,0.11554411691640608,0.04886846012008793,,,,0.5655517578125,0.2111558479793486,0.06958391218383263,0.3753662109375,0.17414558173437084,0.048101516082970794,0.43359375,0.19717483859728413,0.05473865413481195,0.3419189453125,,,,,
constructed calibration development; no ordinary-trained replicate claim,v2/work_logs/F15_ND01_v1_run1/evaluation_attempt_1/calibration_2_evaluation.json,5998c9d8baae6b205c9866d26527f21220fca421df0bf3ca5619c2fcc14abf33,searched_alignment,2,1511693,inv_total_cost/untrained,inv_total_cost,untrained,1,preserve_other,8192,0.1702369996579517,0.04339050307266838,0.20830387195793645,0.5712321512270688,0.40478515625,0.1379994152368492,0.08741843970281776,0.059976308315238196,,,,0.59521484375,0.21505108384788219,0.06583288642716713,0.309814453125,0.1793160433940382,0.04849282286338662,0.3790283203125,0.1742529485653336,0.04421930904060263,0.3621826171875,,,,,
constructed calibration development; no ordinary-trained replicate claim,v2/work_logs/F15_ND01_v1_run1/evaluation_attempt_1/calibration_2_evaluation.json,5998c9d8baae6b205c9866d26527f21220fca421df0bf3ca5619c2fcc14abf33,searched_alignment,2,1511693,inv_total_cost/untrained,inv_total_cost,untrained,1,equal_target,8192,0.14973138187156887,0.03424236190547731,0.18504691811937132,0.5859842625988855,0.4990234375,0.11137766245274335,0.0850701368582216,0.04430262865321174,,,,0.5009765625,0.16753910412226902,0.042206078249077565,0.4967041015625,0.14808151679711373,0.03374500767129763,0.470458984375,0.15140187424007065,0.03435810498723474,0.489013671875,,,,,
constructed calibration development; no ordinary-trained replicate claim,v2/work_logs/F15_ND01_v1_run1/evaluation_attempt_1/calibration_2_evaluation.json,5998c9d8baae6b205c9866d26527f21220fca421df0bf3ca5619c2fcc14abf33,searched_alignment,2,1511693,inv_total_cost/untrained,inv_total_cost,untrained,1,scale_separating,8192,0.14168029452971767,0.0303410366111587,0.17418678655730088,0.5367891571287737,0.4649658203125,0.19503869662472523,0.13997814789611315,0.06765503473520196,,,,0.5350341796875,0.21677974907631245,0.06819826949029714,0.3565673828125,0.1473607173290482,0.034847302617988046,0.4053955078125,0.15132719074059167,0.03287801146002948,0.4326171875,,,,,
known-by-construction subset oracle; complete endpoint not assessed,v2/work_logs/F15_ND01_v1_run1/evaluation_attempt_1/calibration_2_evaluation.json,5998c9d8baae6b205c9866d26527f21220fca421df0bf3ca5619c2fcc14abf33,known_subset_oracle,2,1511693,identity/known_subset_oracle,identity,known_subset_oracle,0,mixed_near,8192,0.0015029209693431854,3.491815154330681e-06,0.0018686399209935233,0.005960787481822827,0.9786376953125,,,,,,,0.0213623046875,,,,,,,,,,"[7,9,11,14,19,26,28,31]",0.008483614279678201,True,False,0.0007327139847244999
known-by-construction subset oracle; complete endpoint not assessed,v2/work_logs/F15_ND01_v1_run1/evaluation_attempt_1/calibration_2_evaluation.json,5998c9d8baae6b205c9866d26527f21220fca421df0bf3ca5619c2fcc14abf33,known_subset_oracle,2,1511693,identity/known_subset_oracle,identity,known_subset_oracle,0,mixed_far,8192,0.001214271422223768,2.3274613427567328e-06,0.0015256019607868669,0.00522788443217026,1.0,,,,,,,0.0,,,,,,,,,,"[7,9,11,14,19,26,28,31]",0.008483614279678201,True,False,0.0008178993481311207
known-by-construction subset oracle; complete endpoint not assessed,v2/work_logs/F15_ND01_v1_run1/evaluation_attempt_1/calibration_2_evaluation.json,5998c9d8baae6b205c9866d26527f21220fca421df0bf3ca5619c2fcc14abf33,known_subset_oracle,2,1511693,identity/known_subset_oracle,identity,known_subset_oracle,0,preserve_other,8192,0.0013547967362033115,2.882053947941811e-06,0.001697661317207237,0.005429847779471975,0.9967041015625,,,,,,,0.0032958984375,,,,,,,,,,"[7,9,11,14,19,26,28,31]",0.008483614279678201,True,False,0.0009026365777798071
known-by-construction subset oracle; complete endpoint not assessed,v2/work_logs/F15_ND01_v1_run1/evaluation_attempt_1/calibration_2_evaluation.json,5998c9d8baae6b205c9866d26527f21220fca421df0bf3ca5619c2fcc14abf33,known_subset_oracle,2,1511693,identity/known_subset_oracle,identity,known_subset_oracle,0,equal_target,8192,0.0013654797287219469,2.9164758588729626e-06,0.001707769263944331,0.0056174344377522,0.9947509765625,,,,0.0017461292118805232,,,0.0052490234375,,,,,,,,,,"[7,9,11,14,19,26,28,31]",0.008483614279678201,True,False,0.0008772471776399002
known-by-construction subset oracle; complete endpoint not assessed,v2/work_logs/F15_ND01_v1_run1/evaluation_attempt_1/calibration_2_evaluation.json,5998c9d8baae6b205c9866d26527f21220fca421df0bf3ca5619c2fcc14abf33,known_subset_oracle,2,1511693,identity/known_subset_oracle,identity,known_subset_oracle,0,scale_separating,8192,0.001357679107083507,2.8915071771429972e-06,0.0017004432296148545,0.005464698248064059,0.9964599609375,,,,,,,0.0035400390625,,,,,,,,,,"[7,9,11,14,19,26,28,31]",0.008483614279678201,True,False,0.0013971602215859485
known-by-construction subset oracle; complete endpoint not assessed,v2/work_logs/F15_ND01_v1_run1/evaluation_attempt_1/calibration_2_evaluation.json,5998c9d8baae6b205c9866d26527f21220fca421df0bf3ca5619c2fcc14abf33,known_subset_oracle,2,1511693,identity/known_subset_oracle,identity,known_subset_oracle,1,mixed_near,8192,0.001468220976781266,3.3683092523089727e-06,0.0018352954128175042,0.005712235522912723,0.982421875,,,,,,,0.017578125,,,,,,,,,,"[3,5,12,13,21,24,25,30]",0.008483614279678201,True,False,0.013080359680936463
known-by-construction subset oracle; complete endpoint not assessed,v2/work_logs/F15_ND01_v1_run1/evaluation_attempt_1/calibration_2_evaluation.json,5998c9d8baae6b205c9866d26527f21220fca421df0bf3ca5619c2fcc14abf33,known_subset_oracle,2,1511693,identity/known_subset_oracle,identity,known_subset_oracle,1,mixed_far,8192,0.0012349871137365056,2.3681930593236656e-06,0.001538893452882189,0.005178481226201237,1.0,,,,,,,0.0,,,,,,,,,,"[3,5,12,13,21,24,25,30]",0.008483614279678201,True,False,0.012310475061463601
known-by-construction subset oracle; complete endpoint not assessed,v2/work_logs/F15_ND01_v1_run1/evaluation_attempt_1/calibration_2_evaluation.json,5998c9d8baae6b205c9866d26527f21220fca421df0bf3ca5619c2fcc14abf33,known_subset_oracle,2,1511693,identity/known_subset_oracle,identity,known_subset_oracle,1,preserve_other,8192,0.0013481094704455524,2.8597563437561025e-06,0.0016910814125157022,0.005526509148937431,0.9957275390625,,,,,,,0.0042724609375,,,,,,,,,,"[3,5,12,13,21,24,25,30]",0.008483614279678201,True,False,0.014042337894224594
known-by-construction subset oracle; complete endpoint not assessed,v2/work_logs/F15_ND01_v1_run1/evaluation_attempt_1/calibration_2_evaluation.json,5998c9d8baae6b205c9866d26527f21220fca421df0bf3ca5619c2fcc14abf33,known_subset_oracle,2,1511693,identity/known_subset_oracle,identity,known_subset_oracle,1,equal_target,8192,0.0013665574394006847,2.926187552000941e-06,0.0017106102864185462,0.005309111255158261,0.996826171875,,,,0.0017579183066911478,,,0.003173828125,,,,,,,,,,"[3,5,12,13,21,24,25,30]",0.008483614279678201,True,False,0.015478084378866922
known-by-construction subset oracle; complete endpoint not assessed,v2/work_logs/F15_ND01_v1_run1/evaluation_attempt_1/calibration_2_evaluation.json,5998c9d8baae6b205c9866d26527f21220fca421df0bf3ca5619c2fcc14abf33,known_subset_oracle,2,1511693,identity/known_subset_oracle,identity,known_subset_oracle,1,scale_separating,8192,0.0013463183751265977,2.8459463168861117e-06,0.001686993277071996,0.005657131690636752,0.9964599609375,,,,,,,0.0035400390625,,,,,,,,,,"[3,5,12,13,21,24,25,30]",0.008483614279678201,True,False,0.0156587842830315
constructed calibration development; no ordinary-trained replicate claim,v2/work_logs/F15_ND01_v1_run1/evaluation_attempt_1/calibration_3_evaluation.json,7efc323b5d63855cf4e7e975c0720073b7298abe7d171a0b751e9b9746924721,searched_alignment,3,1511694,identity/aligned,identity,aligned,0,mixed_near,8192,0.006384046281653705,8.80888242530917e-05,0.009385564674173404,0.04087619798898945,0.9248046875,0.00937138290285166,0.16352351993041736,0.16356051868564717,,,,0.0751953125,0.0011830989901115635,2.2244494052544e-06,1.0,0.14785080151532026,0.02673889778815245,0.4859619140625,0.1475973948343806,0.0267008497808695,0.4735107421875,,,,,
constructed calibration development; no ordinary-trained replicate claim,v2/work_logs/F15_ND01_v1_run1/evaluation_attempt_1/calibration_3_evaluation.json,7efc323b5d63855cf4e7e975c0720073b7298abe7d171a0b751e9b9746924721,searched_alignment,3,1511694,identity/aligned,identity,aligned,0,mixed_far,8192,0.0061926548697104206,7.883939909454819e-05,0.008879155314248545,0.036398389185145597,1.0,0.008859383350914117,0.16919687491641455,0.1684637586506477,,,,0.0,0.0011779690020074954,2.2431207617047293e-06,0.997314453125,0.1492296145334744,0.028626390644870395,0.781982421875,0.150397395838046,0.02911257728480643,0.77490234375,,,,,
constructed calibration development; no ordinary-trained replicate claim,v2/work_logs/F15_ND01_v1_run1/evaluation_attempt_1/calibration_3_evaluation.json,7efc323b5d63855cf4e7e975c0720073b7298abe7d171a0b751e9b9746924721,searched_alignment,3,1511694,identity/aligned,identity,aligned,0,preserve_other,8192,0.007958499818024982,0.0001099495928005208,0.010485685137391872,0.03841775137777115,0.9830322265625,0.010466509499235652,0.1684910594063539,0.16758119800799248,,,,0.0169677734375,0.0012381582438097446,2.4289435145901984e-06,0.9962158203125,0.14747699142718396,0.02838576302154122,0.5494384765625,0.001239073513201531,2.437879284147219e-06,0.9974365234375,,,,,
constructed calibration development; no ordinary-trained replicate claim,v2/work_logs/F15_ND01_v1_run1/evaluation_attempt_1/calibration_3_evaluation.json,7efc323b5d63855cf4e7e975c0720073b7298abe7d171a0b751e9b9746924721,searched_alignment,3,1511694,identity/aligned,identity,aligned,0,equal_target,8192,0.007926268122882814,0.00011006424950580889,0.010491151009579877,0.042597419939854664,0.9786376953125,0.010522734685359195,1.7722643441081672e-17,0.010522734685359194,0.010522734685359194,,,0.0213623046875,0.0012318339612018836,2.3990588554093024e-06,0.996826171875,0.0012318339612018836,2.399058855409302e-06,0.996826171875,0.14747929909645496,0.028285217179461926,0.557373046875,,,,,
constructed calibration development; no ordinary-trained replicate claim,v2/work_logs/F15_ND01_v1_run1/evaluation_attempt_1/calibration_3_evaluation.json,7efc323b5d63855cf4e7e975c0720073b7298abe7d171a0b751e9b9746924721,searched_alignment,3,1511694,identity/aligned,identity,aligned,0,scale_separating,8192,0.009104290043910106,0.00014078352676034773,0.01186522341805445,0.04061562232255411,0.977783203125,0.011863104416578313,0.1871694577887209,0.1869509747233549,,,,0.022216796875,0.0012080742637828054,2.3171484640016202e-06,0.9970703125,0.16538116504565942,0.03502688626260478,0.535400390625,0.14237320201652842,0.028865718856340233,0.60791015625,,,,,
constructed calibration development; no ordinary-trained replicate claim,v2/work_logs/F15_ND01_v1_run1/evaluation_attempt_1/calibration_3_evaluation.json,7efc323b5d63855cf4e7e975c0720073b7298abe7d171a0b751e9b9746924721,searched_alignment,3,1511694,identity/aligned,identity,aligned,1,mixed_near,8192,0.014198381911501318,0.00033440271650664696,0.018286681396761057,0.06944311396727809,0.83251953125,0.01829710283940592,0.16382771072424215,0.17490184241536338,,,,0.16748046875,0.0011960603224483969,2.2812672328830914e-06,1.0,0.14799362379243353,0.02682865688249994,0.47607421875,0.14814913262571616,0.026848342865343038,0.4796142578125,,,,,
constructed calibration development; no ordinary-trained replicate claim,v2/work_logs/F15_ND01_v1_run1/evaluation_attempt_1/calibration_3_evaluation.json,7efc323b5d63855cf4e7e975c0720073b7298abe7d171a0b751e9b9746924721,searched_alignment,3,1511694,identity/aligned,identity,aligned,1,mixed_far,8192,0.012769134132711923,0.0002645491160495368,0.01626496590987933,0.06374041148704573,1.0,0.016317550669575902,0.16817010938620308,0.17759374628532462,,,,0.0,0.0012002070568088526,2.296907152677194e-06,0.9969482421875,0.14883342136401967,0.028282638555697646,0.7830810546875,0.14941968543025844,0.028611018169492505,0.776123046875,,,,,
constructed calibration development; no ordinary-trained replicate claim,v2/work_logs/F15_ND01_v1_run1/evaluation_attempt_1/calibration_3_evaluation.json,7efc323b5d63855cf4e7e975c0720073b7298abe7d171a0b751e9b9746924721,searched_alignment,3,1511694,identity/aligned,identity,aligned,1,preserve_other,8192,0.014005638279191551,0.0003215368790863412,0.017931449441870036,0.06751801079463982,0.96240234375,0.017952118369609308,0.17048100643908604,0.1792779720574229,,,,0.03759765625,0.0012319690885234384,2.4082169818297143e-06,0.9971923828125,0.14932812434736514,0.029067453850438157,0.552978515625,0.001240714661905895,2.4244814424389075e-06,0.9971923828125,,,,,
constructed calibration development; no ordinary-trained replicate claim,v2/work_logs/F15_ND01_v1_run1/evaluation_attempt_1/calibration_3_evaluation.json,7efc323b5d63855cf4e7e975c0720073b7298abe7d171a0b751e9b9746924721,searched_alignment,3,1511694,identity/aligned,identity,aligned,1,equal_target,8192,0.012010565033362924,0.000260415200219812,0.016137385172939635,0.06561601502754089,0.9681396484375,0.016169756629442436,1.6505531519662532e-17,0.016169756629442436,0.016169756629442436,,,0.0318603515625,0.0012436473146298316,2.445142481420977e-06,0.9971923828125,0.0012436473146298318,2.445142481420977e-06,0.9971923828125,0.148530506737016,0.028775794543756943,0.5455322265625,,,,,
constructed calibration development; no ordinary-trained replicate claim,v2/work_logs/F15_ND01_v1_run1/evaluation_attempt_1/calibration_3_evaluation.json,7efc323b5d63855cf4e7e975c0720073b7298abe7d171a0b751e9b9746924721,searched_alignment,3,1511694,identity/aligned,identity,aligned,1,scale_separating,8192,0.015338655961856231,0.0003766784717877604,0.019408206300113372,0.06864263518442648,0.9637451171875,0.019423994850460178,0.1865862467473834,0.1967514103104315,,,,0.0362548828125,0.0012195840233707558,2.370881820122024e-06,0.997314453125,0.16466920624417902,0.03481058713109776,0.5343017578125,0.14264909653577285,0.028964463590748224,0.605224609375,,,,,
constructed calibration development; no ordinary-trained replicate claim,v2/work_logs/F15_ND01_v1_run1/evaluation_attempt_1/calibration_3_evaluation.json,7efc323b5d63855cf4e7e975c0720073b7298abe7d171a0b751e9b9746924721,searched_alignment,3,1511694,identity/permuted_concept,identity,permuted_concept,0,mixed_near,8192,0.04693033311385475,0.0034311593677379777,0.05857609894605459,0.18222783336619353,0.66259765625,0.05861364871289081,0.16352351993041736,0.20152021320206062,,,,0.33740234375,0.0011830989901115635,2.2244494052544e-06,1.0,0.14785080151532026,0.02673889778815245,0.4859619140625,0.1475973948343806,0.0267008497808695,0.4735107421875,,,,,
constructed calibration development; no ordinary-trained replicate claim,v2/work_logs/F15_ND01_v1_run1/evaluation_attempt_1/calibration_3_evaluation.json,7efc323b5d63855cf4e7e975c0720073b7298abe7d171a0b751e9b9746924721,searched_alignment,3,1511694,identity/permuted_concept,identity,permuted_concept,0,mixed_far,8192,0.041801261971520745,0.0025096119022479965,0.05009602681099567,0.14447475089814643,1.0,0.05012010264630454,0.16919687491641455,0.20274653673663234,,,,0.0,0.0011779690020074954,2.2431207617047293e-06,0.997314453125,0.1492296145334744,0.028626390644870395,0.781982421875,0.150397395838046,0.02911257728480643,0.77490234375,,,,,
constructed calibration development; no ordinary-trained replicate claim,v2/work_logs/F15_ND01_v1_run1/evaluation_attempt_1/calibration_3_evaluation.json,7efc323b5d63855cf4e7e975c0720073b7298abe7d171a0b751e9b9746924721,searched_alignment,3,1511694,identity/permuted_concept,identity,permuted_concept,0,preserve_other,8192,0.044129140899349384,0.0031212809142895544,0.05586842502066399,0.17583496009174232,0.896240234375,0.05588982193650817,0.1684910594063539,0.19870257480686287,,,,0.103759765625,0.0012381582438097446,2.4289435145901984e-06,0.9962158203125,0.14747699142718396,0.02838576302154122,0.5494384765625,0.001239073513201531,2.437879284147219e-06,0.9974365234375,,,,,
constructed calibration development; no ordinary-trained replicate claim,v2/work_logs/F15_ND01_v1_run1/evaluation_attempt_1/calibration_3_evaluation.json,7efc323b5d63855cf4e7e975c0720073b7298abe7d171a0b751e9b9746924721,searched_alignment,3,1511694,identity/permuted_concept,identity,permuted_concept,0,equal_target,8192,0.0494505021135268,0.0035149306106638752,0.059286850233958924,0.20350857958249113,0.8812255859375,0.05932275969690131,1.7722643441081672e-17,0.05932275969690132,0.05932275969690132,,,0.1187744140625,0.0012318339612018836,2.3990588554093024e-06,0.996826171875,0.0012318339612018836,2.399058855409302e-06,0.996826171875,0.14747929909645496,0.028285217179461926,0.557373046875,,,,,
constructed calibration development; no ordinary-trained replicate claim,v2/work_logs/F15_ND01_v1_run1/evaluation_attempt_1/calibration_3_evaluation.json,7efc323b5d63855cf4e7e975c0720073b7298abe7d171a0b751e9b9746924721,searched_alignment,3,1511694,identity/permuted_concept,identity,permuted_concept,0,scale_separating,8192,0.04844211311467215,0.0035146880646995567,0.05928480466948977,0.18825967597031545,0.9140625,0.059320318494777646,0.1871694577887209,0.21789325283759786,,,,0.0859375,0.0012080742637828054,2.3171484640016202e-06,0.9970703125,0.16538116504565942,0.03502688626260478,0.535400390625,0.14237320201652842,0.028865718856340233,0.60791015625,,,,,
constructed calibration development; no ordinary-trained replicate claim,v2/work_logs/F15_ND01_v1_run1/evaluation_attempt_1/calibration_3_evaluation.json,7efc323b5d63855cf4e7e975c0720073b7298abe7d171a0b751e9b9746924721,searched_alignment,3,1511694,identity/permuted_concept,identity,permuted_concept,1,mixed_near,8192,0.011654439233619421,0.0002588956315689095,0.016090234043322972,0.04095782383879798,0.859130859375,0.016106617146054675,0.16382771072424215,0.17498836882822327,,,,0.140869140625,0.0011960603224483969,2.2812672328830914e-06,1.0,0.14799362379243353,0.02682865688249994,0.47607421875,0.14814913262571616,0.026848342865343038,0.4796142578125,,,,,
constructed calibration development; no ordinary-trained replicate claim,v2/work_logs/F15_ND01_v1_run1/evaluation_attempt_1/calibration_3_evaluation.json,7efc323b5d63855cf4e7e975c0720073b7298abe7d171a0b751e9b9746924721,searched_alignment,3,1511694,identity/permuted_concept,identity,permuted_concept,1,mixed_far,8192,0.010240150713118606,0.00019380400622787548,0.01392135073288061,0.035323389982163,1.0,0.01397201090015965,0.16817010938620308,0.17812591856938237,,,,0.0,0.0012002070568088526,2.296907152677194e-06,0.9969482421875,0.14883342136401967,0.028282638555697646,0.7830810546875,0.14941968543025844,0.028611018169492505,0.776123046875,,,,,
constructed calibration development; no ordinary-trained replicate claim,v2/work_logs/F15_ND01_v1_run1/evaluation_attempt_1/calibration_3_evaluation.json,7efc323b5d63855cf4e7e975c0720073b7298abe7d171a0b751e9b9746924721,searched_alignment,3,1511694,identity/permuted_concept,identity,permuted_concept,1,preserve_other,8192,0.010500765486109901,0.0002145589868269229,0.014647832154517709,0.03955116158436117,0.974609375,0.014673708920568192,0.17048100643908604,0.18008037956788253,,,,0.025390625,0.0012319690885234384,2.4082169818297143e-06,0.9971923828125,0.14932812434736514,0.029067453850438157,0.552978515625,0.001240714661905895,2.4244814424389075e-06,0.9971923828125,,,,,
constructed calibration development; no ordinary-trained replicate claim,v2/work_logs/F15_ND01_v1_run1/evaluation_attempt_1/calibration_3_evaluation.json,7efc323b5d63855cf4e7e975c0720073b7298abe7d171a0b751e9b9746924721,searched_alignment,3,1511694,identity/permuted_concept,identity,permuted_concept,1,equal_target,8192,0.00782639956653609,0.00014878785346144228,0.012197862659558118,0.0403710418885464,0.97607421875,0.01221163506104084,1.6505531519662532e-17,0.01221163506104084,0.01221163506104084,,,0.02392578125,0.0012436473146298316,2.445142481420977e-06,0.9971923828125,0.0012436473146298318,2.445142481420977e-06,0.9971923828125,0.148530506737016,0.028775794543756943,0.5455322265625,,,,,
constructed calibration development; no ordinary-trained replicate claim,v2/work_logs/F15_ND01_v1_run1/evaluation_attempt_1/calibration_3_evaluation.json,7efc323b5d63855cf4e7e975c0720073b7298abe7d171a0b751e9b9746924721,searched_alignment,3,1511694,identity/permuted_concept,identity,permuted_concept,1,scale_separating,8192,0.011078217654733168,0.00023599293377116879,0.01536206150785658,0.03916355829979001,0.974609375,0.015382226011689476,0.1865862467473834,0.19716286923534715,,,,0.025390625,0.0012195840233707558,2.370881820122024e-06,0.997314453125,0.16466920624417902,0.03481058713109776,0.5343017578125,0.14264909653577285,0.028964463590748224,0.605224609375,,,,,
constructed calibration development; no ordinary-trained replicate claim,v2/work_logs/F15_ND01_v1_run1/evaluation_attempt_1/calibration_3_evaluation.json,7efc323b5d63855cf4e7e975c0720073b7298abe7d171a0b751e9b9746924721,searched_alignment,3,1511694,identity/random,identity,random,0,mixed_near,8192,0.05314196374536238,0.0040081768934129855,0.06331016421881233,0.1833618509821331,0.6180419921875,0.06330779220708196,0.16352351993041736,0.22091850063183138,,,,0.3819580078125,0.0011830989901115635,2.2244494052544e-06,1.0,0.14785080151532026,0.02673889778815245,0.4859619140625,0.1475973948343806,0.0267008497808695,0.4735107421875,,,,,
constructed calibration development; no ordinary-trained replicate claim,v2/work_logs/F15_ND01_v1_run1/evaluation_attempt_1/calibration_3_evaluation.json,7efc323b5d63855cf4e7e975c0720073b7298abe7d171a0b751e9b9746924721,searched_alignment,3,1511694,identity/random,identity,random,0,mixed_far,8192,0.04785664231855073,0.0031775511239912693,0.0563697713672077,0.16044901159428338,1.0,0.056332230479143715,0.16919687491641455,0.21919226606407335,,,,0.0,0.0011779690020074954,2.2431207617047293e-06,0.997314453125,0.1492296145334744,0.028626390644870395,0.781982421875,0.150397395838046,0.02911257728480643,0.77490234375,,,,,
constructed calibration development; no ordinary-trained replicate claim,v2/work_logs/F15_ND01_v1_run1/evaluation_attempt_1/calibration_3_evaluation.json,7efc323b5d63855cf4e7e975c0720073b7298abe7d171a0b751e9b9746924721,searched_alignment,3,1511694,identity/random,identity,random,0,preserve_other,8192,0.05253072656307803,0.0038968979586122606,0.0624251388353463,0.18878595281216554,0.89794921875,0.06242608879014064,0.1684910594063539,0.2248702392711593,,,,0.10205078125,0.0012381582438097446,2.4289435145901984e-06,0.9962158203125,0.14747699142718396,0.02838576302154122,0.5494384765625,0.001239073513201531,2.437879284147219e-06,0.9974365234375,,,,,
constructed calibration development; no ordinary-trained replicate claim,v2/work_logs/F15_ND01_v1_run1/evaluation_attempt_1/calibration_3_evaluation.json,7efc323b5d63855cf4e7e975c0720073b7298abe7d171a0b751e9b9746924721,searched_alignment,3,1511694,identity/random,identity,random,0,equal_target,8192,0.025501040678258334,0.0010265221552016451,0.032039384438556945,0.11813472879120623,0.9359130859375,0.03203171637499507,1.7722643441081672e-17,0.03203171637499507,0.03203171637499507,,,0.0640869140625,0.0012318339612018836,2.3990588554093024e-06,0.996826171875,0.0012318339612018836,2.399058855409302e-06,0.996826171875,0.14747929909645496,0.028285217179461926,0.557373046875,,,,,
constructed calibration development; no ordinary-trained replicate claim,v2/work_logs/F15_ND01_v1_run1/evaluation_attempt_1/calibration_3_evaluation.json,7efc323b5d63855cf4e7e975c0720073b7298abe7d171a0b751e9b9746924721,searched_alignment,3,1511694,identity/random,identity,random,0,scale_separating,8192,0.05688873291571792,0.004694211561949776,0.06851431647436743,0.18633461488089698,0.9031982421875,0.06850435996446473,0.1871694577887209,0.24946446422119237,,,,0.0968017578125,0.0012080742637828054,2.3171484640016202e-06,0.9970703125,0.16538116504565942,0.03502688626260478,0.535400390625,0.14237320201652842,0.028865718856340233,0.60791015625,,,,,
constructed calibration development; no ordinary-trained replicate claim,v2/work_logs/F15_ND01_v1_run1/evaluation_attempt_1/calibration_3_evaluation.json,7efc323b5d63855cf4e7e975c0720073b7298abe7d171a0b751e9b9746924721,searched_alignment,3,1511694,identity/random,identity,random,1,mixed_near,8192,0.10671033727937371,0.01595271864129988,0.12630407214852526,0.2725760130290581,0.5767822265625,0.12630450198423696,0.16382771072424215,0.2788977677239012,,,,0.4232177734375,0.0011960603224483969,2.2812672328830914e-06,1.0,0.14799362379243353,0.02682865688249994,0.47607421875,0.14814913262571616,0.026848342865343038,0.4796142578125,,,,,
constructed calibration development; no ordinary-trained replicate claim,v2/work_logs/F15_ND01_v1_run1/evaluation_attempt_1/calibration_3_evaluation.json,7efc323b5d63855cf4e7e975c0720073b7298abe7d171a0b751e9b9746924721,searched_alignment,3,1511694,identity/random,identity,random,1,mixed_far,8192,0.08753751245923412,0.010395120297875649,0.10195646275678481,0.27326129472917576,0.9853515625,0.10198474858005221,0.16817010938620308,0.260408603193266,,,,0.0146484375,0.0012002070568088526,2.296907152677194e-06,0.9969482421875,0.14883342136401967,0.028282638555697646,0.7830810546875,0.14941968543025844,0.028611018169492505,0.776123046875,,,,,
constructed calibration development; no ordinary-trained replicate claim,v2/work_logs/F15_ND01_v1_run1/evaluation_attempt_1/calibration_3_evaluation.json,7efc323b5d63855cf4e7e975c0720073b7298abe7d171a0b751e9b9746924721,searched_alignment,3,1511694,identity/random,identity,random,1,preserve_other,8192,0.09003754131064039,0.012054491788079547,0.10979294962828691,0.27275434422595973,0.84814453125,0.10981817115303229,0.17048100643908604,0.26572130794597637,,,,0.15185546875,0.0012319690885234384,2.4082169818297143e-06,0.9971923828125,0.14932812434736514,0.029067453850438157,0.552978515625,0.001240714661905895,2.4244814424389075e-06,0.9971923828125,,,,,
constructed calibration development; no ordinary-trained replicate claim,v2/work_logs/F15_ND01_v1_run1/evaluation_attempt_1/calibration_3_evaluation.json,7efc323b5d63855cf4e7e975c0720073b7298abe7d171a0b751e9b9746924721,searched_alignment,3,1511694,identity/random,identity,random,1,equal_target,8192,0.06721646808557602,0.006740803363408064,0.0821023956009084,0.24847135185211788,0.8524169921875,0.08211576227759496,1.6505531519662532e-17,0.08211576227759497,0.08211576227759497,,,0.1475830078125,0.0012436473146298316,2.445142481420977e-06,0.9971923828125,0.0012436473146298318,2.445142481420977e-06,0.9971923828125,0.148530506737016,0.028775794543756943,0.5455322265625,,,,,
constructed calibration development; no ordinary-trained replicate claim,v2/work_logs/F15_ND01_v1_run1/evaluation_attempt_1/calibration_3_evaluation.json,7efc323b5d63855cf4e7e975c0720073b7298abe7d171a0b751e9b9746924721,searched_alignment,3,1511694,identity/random,identity,random,1,scale_separating,8192,0.097875207202896,0.013949419774479332,0.11810766179414159,0.29117505032420077,0.8677978515625,0.11811770554744176,0.1865862467473834,0.28968799309527227,,,,0.1322021484375,0.0012195840233707558,2.370881820122024e-06,0.997314453125,0.16466920624417902,0.03481058713109776,0.5343017578125,0.14264909653577285,0.028964463590748224,0.605224609375,,,,,
constructed calibration development; no ordinary-trained replicate claim,v2/work_logs/F15_ND01_v1_run1/evaluation_attempt_1/calibration_3_evaluation.json,7efc323b5d63855cf4e7e975c0720073b7298abe7d171a0b751e9b9746924721,searched_alignment,3,1511694,identity/shuffled_donor,identity,shuffled_donor,0,mixed_near,8192,0.10684894554215599,0.01699188704473504,0.13035293262805805,0.38430500147308005,0.531982421875,0.1303678926424901,0.16352351993041736,0.13736534254281205,,,,0.468017578125,0.0011830989901115635,2.2244494052544e-06,1.0,0.14785080151532026,0.02673889778815245,0.4859619140625,0.14679178198235476,0.02729588145546749,0.5029296875,,,,,
constructed calibration development; no ordinary-trained replicate claim,v2/work_logs/F15_ND01_v1_run1/evaluation_attempt_1/calibration_3_evaluation.json,7efc323b5d63855cf4e7e975c0720073b7298abe7d171a0b751e9b9746924721,searched_alignment,3,1511694,identity/shuffled_donor,identity,shuffled_donor,0,mixed_far,8192,0.13587226559194937,0.029061791958693666,0.17047519455537707,0.5012950059509417,0.7620849609375,0.1704804142346183,0.16919687491641455,0.15104663612937794,,,,0.2379150390625,0.0011779690020074954,2.2431207617047293e-06,0.997314453125,0.1492296145334744,0.028626390644870395,0.781982421875,0.23149762574748842,0.07544243463904707,0.499755859375,,,,,
constructed calibration development; no ordinary-trained replicate claim,v2/work_logs/F15_ND01_v1_run1/evaluation_attempt_1/calibration_3_evaluation.json,7efc323b5d63855cf4e7e975c0720073b7298abe7d171a0b751e9b9746924721,searched_alignment,3,1511694,identity/shuffled_donor,identity,shuffled_donor,0,preserve_other,8192,0.12246910274730155,0.02291216134057908,0.15136763637111825,0.45633626605775385,0.621826171875,0.151375335934286,0.1684910594063539,0.1459319811802971,,,,0.378173828125,0.0012381582438097446,2.4289435145901984e-06,0.9962158203125,0.14747699142718396,0.02838576302154122,0.5494384765625,0.16111307677083087,0.039654873216222596,0.4998779296875,,,,,
constructed calibration development; no ordinary-trained replicate claim,v2/work_logs/F15_ND01_v1_run1/evaluation_attempt_1/calibration_3_evaluation.json,7efc323b5d63855cf4e7e975c0720073b7298abe7d171a0b751e9b9746924721,searched_alignment,3,1511694,identity/shuffled_donor,identity,shuffled_donor,0,equal_target,8192,0.08507202578318254,0.011109403358117501,0.10540115444395047,0.33123491443038433,0.763916015625,0.10538751321888608,1.7722643441081672e-17,0.10538751321888608,0.10538751321888608,,,0.236083984375,0.0012318339612018836,2.3990588554093024e-06,0.996826171875,0.0012318339612018836,2.399058855409302e-06,0.996826171875,0.1630773910843825,0.04048120591712495,0.49853515625,,,,,
constructed calibration development; no ordinary-trained replicate claim,v2/work_logs/F15_ND01_v1_run1/evaluation_attempt_1/calibration_3_evaluation.json,7efc323b5d63855cf4e7e975c0720073b7298abe7d171a0b751e9b9746924721,searched_alignment,3,1511694,identity/shuffled_donor,identity,shuffled_donor,0,scale_separating,8192,0.1259903238143632,0.023934384073288635,0.15470741440955127,0.483309543404869,0.6446533203125,0.1547236312917262,0.1871694577887209,0.14929265952299886,,,,0.3553466796875,0.0012080742637828054,2.3171484640016202e-06,0.9970703125,0.16538116504565942,0.03502688626260478,0.535400390625,0.17249809727890064,0.04528666959313768,0.507568359375,,,,,
constructed calibration development; no ordinary-trained replicate claim,v2/work_logs/F15_ND01_v1_run1/evaluation_attempt_1/calibration_3_evaluation.json,7efc323b5d63855cf4e7e975c0720073b7298abe7d171a0b751e9b9746924721,searched_alignment,3,1511694,identity/shuffled_donor,identity,shuffled_donor,1,mixed_near,8192,0.10673712462199414,0.016923237276764234,0.13008934344043802,0.3679811344531813,0.5235595703125,0.13011060974380578,0.16382771072424215,0.13728139139614284,,,,0.4764404296875,0.0011960603224483969,2.2812672328830914e-06,1.0,0.14799362379243353,0.02682865688249994,0.47607421875,0.14807515333056942,0.02764914080583695,0.4962158203125,,,,,
constructed calibration development; no ordinary-trained replicate claim,v2/work_logs/F15_ND01_v1_run1/evaluation_attempt_1/calibration_3_evaluation.json,7efc323b5d63855cf4e7e975c0720073b7298abe7d171a0b751e9b9746924721,searched_alignment,3,1511694,identity/shuffled_donor,identity,shuffled_donor,1,mixed_far,8192,0.13728782745393925,0.029471576145055647,0.17167287539112183,0.4992782510287686,0.756103515625,0.17167122158099954,0.16817010938620308,0.1517369530043936,,,,0.243896484375,0.0012002070568088526,2.296907152677194e-06,0.9969482421875,0.14883342136401967,0.028282638555697646,0.7830810546875,0.23480189936954313,0.07679963545912799,0.489501953125,,,,,
constructed calibration development; no ordinary-trained replicate claim,v2/work_logs/F15_ND01_v1_run1/evaluation_attempt_1/calibration_3_evaluation.json,7efc323b5d63855cf4e7e975c0720073b7298abe7d171a0b751e9b9746924721,searched_alignment,3,1511694,identity/shuffled_donor,identity,shuffled_donor,1,preserve_other,8192,0.12439518375862352,0.023727821094828266,0.1540383753966143,0.482651073727389,0.6153564453125,0.15405342149955165,0.17048100643908604,0.14771724558735627,,,,0.3846435546875,0.0012319690885234384,2.4082169818297143e-06,0.9971923828125,0.14932812434736514,0.029067453850438157,0.552978515625,0.16199921185073934,0.04045552632184528,0.507080078125,,,,,
constructed calibration development; no ordinary-trained replicate claim,v2/work_logs/F15_ND01_v1_run1/evaluation_attempt_1/calibration_3_evaluation.json,7efc323b5d63855cf4e7e975c0720073b7298abe7d171a0b751e9b9746924721,searched_alignment,3,1511694,identity/shuffled_donor,identity,shuffled_donor,1,equal_target,8192,0.08636479528764825,0.011360135959216274,0.10658393856119351,0.35499726211260557,0.7646484375,0.10660148272401758,1.6505531519662532e-17,0.1066014827240176,0.1066014827240176,,,0.2353515625,0.0012436473146298316,2.445142481420977e-06,0.9971923828125,0.0012436473146298318,2.445142481420977e-06,0.9971923828125,0.16239002601320374,0.04033918329585327,0.50390625,,,,,
constructed calibration development; no ordinary-trained replicate claim,v2/work_logs/F15_ND01_v1_run1/evaluation_attempt_1/calibration_3_evaluation.json,7efc323b5d63855cf4e7e975c0720073b7298abe7d171a0b751e9b9746924721,searched_alignment,3,1511694,identity/shuffled_donor,identity,shuffled_donor,1,scale_separating,8192,0.12615394004428174,0.02425700334748728,0.1557465997943046,0.44814596109078797,0.642578125,0.15576435424723833,0.1865862467473834,0.15103427205706016,,,,0.357421875,0.0012195840233707558,2.370881820122024e-06,0.997314453125,0.16466920624417902,0.03481058713109776,0.5343017578125,0.17531299452837845,0.04628667054762438,0.4949951171875,,,,,
constructed calibration development; no ordinary-trained replicate claim,v2/work_logs/F15_ND01_v1_run1/evaluation_attempt_1/calibration_3_evaluation.json,7efc323b5d63855cf4e7e975c0720073b7298abe7d171a0b751e9b9746924721,searched_alignment,3,1511694,identity/untrained,identity,untrained,0,mixed_near,8192,0.18511393968478157,0.041703538987855115,0.20421444363182326,0.40205537380867534,0.511962890625,0.1468154191269982,0.16352351993041736,0.041698515994236594,,,,0.488037109375,0.2123424337400466,0.07030663658252921,0.5538330078125,0.18996039672100565,0.0437936430964322,0.511474609375,0.1905382553506324,0.04356118148001421,0.50732421875,,,,,
constructed calibration development; no ordinary-trained replicate claim,v2/work_logs/F15_ND01_v1_run1/evaluation_attempt_1/calibration_3_evaluation.json,7efc323b5d63855cf4e7e975c0720073b7298abe7d171a0b751e9b9746924721,searched_alignment,3,1511694,identity/untrained,identity,untrained,0,mixed_far,8192,0.20539732294882723,0.06625159367341787,0.25739384933097736,0.62313740532288,0.545166015625,0.15678109362717946,0.16919687491641455,0.039321321680467425,,,,0.454833984375,0.22430652335081577,0.07301819333537593,0.4951171875,0.2097362727249885,0.06955290349298597,0.553466796875,0.2712398556239047,0.11040053098447963,0.47607421875,,,,,
constructed calibration development; no ordinary-trained replicate claim,v2/work_logs/F15_ND01_v1_run1/evaluation_attempt_1/calibration_3_evaluation.json,7efc323b5d63855cf4e7e975c0720073b7298abe7d171a0b751e9b9746924721,searched_alignment,3,1511694,identity/untrained,identity,untrained,0,preserve_other,8192,0.20600859500399907,0.057155079320336616,0.239071285018374,0.5934572833600467,0.4842529296875,0.16161596636947206,0.1684910594063539,0.041166126357749265,,,,0.5157470703125,0.244501585979225,0.08350093652583138,0.4208984375,0.21278404985850952,0.06151441741916813,0.48388671875,0.21797069691636536,0.06983291209229175,0.4747314453125,,,,,
constructed calibration development; no ordinary-trained replicate claim,v2/work_logs/F15_ND01_v1_run1/evaluation_attempt_1/calibration_3_evaluation.json,7efc323b5d63855cf4e7e975c0720073b7298abe7d171a0b751e9b9746924721,searched_alignment,3,1511694,identity/untrained,identity,untrained,0,equal_target,8192,0.1835343941256744,0.049530657177203424,0.22255484083075663,0.6165088566462638,0.5909423828125,0.04259570637436989,1.7722643441081672e-17,0.0425957063743699,0.0425957063743699,,,0.4090576171875,0.18313009166006267,0.05064654999890337,0.6009521484375,0.18313009166006267,0.05064654999890337,0.6009521484375,0.19682578286274602,0.05848192185592899,0.576416015625,,,,,
constructed calibration development; no ordinary-trained replicate claim,v2/work_logs/F15_ND01_v1_run1/evaluation_attempt_1/calibration_3_evaluation.json,7efc323b5d63855cf4e7e975c0720073b7298abe7d171a0b751e9b9746924721,searched_alignment,3,1511694,identity/untrained,identity,untrained,0,scale_separating,8192,0.18902993224534365,0.04810143115340222,0.21932038471925547,0.6161193714449255,0.517578125,0.1786205067572072,0.1871694577887209,0.042365955232826644,,,,0.482421875,0.2233977073119626,0.07462116762553869,0.5096435546875,0.1932597130731672,0.051146974191190644,0.5196533203125,0.21938948245415768,0.07172966437500825,0.479248046875,,,,,
constructed calibration development; no ordinary-trained replicate claim,v2/work_logs/F15_ND01_v1_run1/evaluation_attempt_1/calibration_3_evaluation.json,7efc323b5d63855cf4e7e975c0720073b7298abe7d171a0b751e9b9746924721,searched_alignment,3,1511694,identity/untrained,identity,untrained,1,mixed_near,8192,0.18697382120513567,0.04229124713723802,0.2056483579736002,0.4027226355578985,0.50390625,0.19616049749182676,0.16382771072424215,0.09253653354642813,,,,0.49609375,0.228399292082217,0.07717789562965757,0.4853515625,0.19196655061764956,0.04419048864890975,0.497314453125,0.1899558798085294,0.0437594257144027,0.5045166015625,,,,,
constructed calibration development; no ordinary-trained replicate claim,v2/work_logs/F15_ND01_v1_run1/evaluation_attempt_1/calibration_3_evaluation.json,7efc323b5d63855cf4e7e975c0720073b7298abe7d171a0b751e9b9746924721,searched_alignment,3,1511694,identity/untrained,identity,untrained,1,mixed_far,8192,0.20528247629009133,0.06697820978585335,0.25880148721723634,0.6056666689323167,0.552734375,0.1556718790537271,0.16817010938620308,0.13229435235478623,,,,0.447265625,0.2167126214126755,0.07085510065347883,0.5418701171875,0.2694607888508692,0.1093926444219188,0.4840087890625,0.21176698998015714,0.07067682172567721,0.5489501953125,,,,,
constructed calibration development; no ordinary-trained replicate claim,v2/work_logs/F15_ND01_v1_run1/evaluation_attempt_1/calibration_3_evaluation.json,7efc323b5d63855cf4e7e975c0720073b7298abe7d171a0b751e9b9746924721,searched_alignment,3,1511694,identity/untrained,identity,untrained,1,preserve_other,8192,0.19435801473154146,0.05354872486064688,0.23140597412479844,0.595441316139824,0.5386962890625,0.13666268900896494,0.17048100643908604,0.06415675261927764,,,,0.4613037109375,0.17970545905034657,0.04948757063994503,0.612060546875,0.2057097154946727,0.06292938068382516,0.5291748046875,0.19741558556383978,0.05635298147101303,0.550537109375,,,,,
constructed calibration development; no ordinary-trained replicate claim,v2/work_logs/F15_ND01_v1_run1/evaluation_attempt_1/calibration_3_evaluation.json,7efc323b5d63855cf4e7e975c0720073b7298abe7d171a0b751e9b9746924721,searched_alignment,3,1511694,identity/untrained,identity,untrained,1,equal_target,8192,0.20391914089972923,0.05665428472747097,0.23802160558964175,0.5910703964966539,0.4622802734375,0.12738142036788322,1.6505531519662532e-17,0.12738142036788322,0.12738142036788322,,,0.5377197265625,0.24415748621156144,0.08368400499590013,0.4283447265625,0.24415748621156144,0.08368400499590013,0.4283447265625,0.20687036747266874,0.0592040201479528,0.4561767578125,,,,,
constructed calibration development; no ordinary-trained replicate claim,v2/work_logs/F15_ND01_v1_run1/evaluation_attempt_1/calibration_3_evaluation.json,7efc323b5d63855cf4e7e975c0720073b7298abe7d171a0b751e9b9746924721,searched_alignment,3,1511694,identity/untrained,identity,untrained,1,scale_separating,8192,0.19002545536895382,0.04870190018711328,0.2206850701500065,0.5503631493290463,0.539794921875,0.200723748755097,0.1865862467473834,0.12442217138383543,,,,0.460205078125,0.21805297413363622,0.07197390838775428,0.522705078125,0.212187286213525,0.067470921476765,0.4989013671875,0.1915751746572462,0.050360799430769036,0.5382080078125,,,,,
constructed calibration development; no ordinary-trained replicate claim,v2/work_logs/F15_ND01_v1_run1/evaluation_attempt_1/calibration_3_evaluation.json,7efc323b5d63855cf4e7e975c0720073b7298abe7d171a0b751e9b9746924721,searched_alignment,3,1511694,inv_eta/aligned,inv_eta,aligned,0,mixed_near,8192,0.001283561342356688,2.603690896212575e-06,0.0016135956421026226,0.005647028977051494,0.9947509765625,0.001476368856869244,0.13169272326833273,0.1317324059911678,,,,0.0052490234375,0.0011830989901115635,2.2244494052544e-06,1.0,0.11046471273771985,0.01734844324361861,0.723876953125,0.19397550061119456,0.04951417094027244,0.25732421875,,,,,
constructed calibration development; no ordinary-trained replicate claim,v2/work_logs/F15_ND01_v1_run1/evaluation_attempt_1/calibration_3_evaluation.json,7efc323b5d63855cf4e7e975c0720073b7298abe7d171a0b751e9b9746924721,searched_alignment,3,1511694,inv_eta/aligned,inv_eta,aligned,0,mixed_far,8192,0.001084583758089943,1.9307581265848116e-06,0.0013895172278834155,0.004938631769844937,0.999267578125,0.0013706230465600482,0.1471710451655148,0.1472017862572291,,,,0.000732421875,0.0011779690020074954,2.2431207617047293e-06,0.997314453125,0.12429146436006391,0.021666671575188146,0.78515625,0.17605255318800545,0.04235499970182366,0.767578125,,,,,
constructed calibration development; no ordinary-trained replicate claim,v2/work_logs/F15_ND01_v1_run1/evaluation_attempt_1/calibration_3_evaluation.json,7efc323b5d63855cf4e7e975c0720073b7298abe7d171a0b751e9b9746924721,searched_alignment,3,1511694,inv_eta/aligned,inv_eta,aligned,0,preserve_other,8192,0.0012535624647613262,2.4994235323963025e-06,0.0015809565245117599,0.005646925308065598,0.9962158203125,0.0014641118449880194,0.1345599052617771,0.13460589814094287,,,,0.0037841796875,0.0012381582438097446,2.4289435145901984e-06,0.9962158203125,0.10818928922438356,0.018108179065171134,0.67724609375,0.07806583139184706,0.007316680278235406,0.772705078125,,,,,
constructed calibration development; no ordinary-trained replicate claim,v2/work_logs/F15_ND01_v1_run1/evaluation_attempt_1/calibration_3_evaluation.json,7efc323b5d63855cf4e7e975c0720073b7298abe7d171a0b751e9b9746924721,searched_alignment,3,1511694,inv_eta/aligned,inv_eta,aligned,0,equal_target,8192,0.0011634223837395303,2.1490253453585076e-06,0.001465955437712384,0.0051201670481687556,0.99755859375,0.0014836742501186258,0.07957728693737948,0.07958296743886627,,,,0.00244140625,0.0012318339612018836,2.3990588554093024e-06,0.996826171875,0.07352946045427639,0.006342362914404118,0.8377685546875,0.1924390695273825,0.04951926319457174,0.4906005859375,,,,,
constructed calibration development; no ordinary-trained replicate claim,v2/work_logs/F15_ND01_v1_run1/evaluation_attempt_1/calibration_3_evaluation.json,7efc323b5d63855cf4e7e975c0720073b7298abe7d171a0b751e9b9746924721,searched_alignment,3,1511694,inv_eta/aligned,inv_eta,aligned,0,scale_separating,8192,0.0012285705627917748,2.4041463550474687e-06,0.0015505309913211888,0.005810483485518048,0.997314453125,0.001444038961089881,0.14419922025242474,0.14422430421457452,,,,0.002685546875,0.0012080742637828054,2.3171484640016202e-06,0.9970703125,0.11797175642675214,0.020797331053670723,0.6954345703125,0.19888740033166316,0.057157754624855714,0.4791259765625,,,,,
constructed calibration development; no ordinary-trained replicate claim,v2/work_logs/F15_ND01_v1_run1/evaluation_attempt_1/calibration_3_evaluation.json,7efc323b5d63855cf4e7e975c0720073b7298abe7d171a0b751e9b9746924721,searched_alignment,3,1511694,inv_eta/aligned,inv_eta,aligned,1,mixed_near,8192,0.04748857186045652,0.0033395810288380096,0.05778910821978489,0.12998715112730042,0.8438720703125,0.05779043141689749,0.22352668399577544,0.2688544528786065,,,,0.1561279296875,0.0011960603224483969,2.2812672328830914e-06,1.0,0.19448171853196278,0.04994432998316415,0.2611083984375,0.10911496782216953,0.016909455241046062,0.733154296875,,,,,
constructed calibration development; no ordinary-trained replicate claim,v2/work_logs/F15_ND01_v1_run1/evaluation_attempt_1/calibration_3_evaluation.json,7efc323b5d63855cf4e7e975c0720073b7298abe7d171a0b751e9b9746924721,searched_alignment,3,1511694,inv_eta/aligned,inv_eta,aligned,1,mixed_far,8192,0.04055953344898969,0.0024034778110224473,0.04902527726614555,0.13300803386398924,0.986083984375,0.049054930346616094,0.2019767556996252,0.23947128642454496,,,,0.013916015625,0.0012002070568088526,2.296907152677194e-06,0.9969482421875,0.17313459206484277,0.040790331096253005,0.7757568359375,0.12507029304753037,0.021768363570269553,0.780029296875,,,,,
constructed calibration development; no ordinary-trained replicate claim,v2/work_logs/F15_ND01_v1_run1/evaluation_attempt_1/calibration_3_evaluation.json,7efc323b5d63855cf4e7e975c0720073b7298abe7d171a0b751e9b9746924721,searched_alignment,3,1511694,inv_eta/aligned,inv_eta,aligned,1,preserve_other,8192,0.04026913964923699,0.0025105364412377285,0.05010525362911287,0.12857289460869115,0.93359375,0.05012464151309976,0.22779824662979753,0.26418159438112465,,,,0.06640625,0.0012319690885234384,2.4082169818297143e-06,0.9971923828125,0.19701713352189337,0.05189304270326637,0.46875,0.0746468570603075,0.006616766371522236,0.8250732421875,,,,,
constructed calibration development; no ordinary-trained replicate claim,v2/work_logs/F15_ND01_v1_run1/evaluation_attempt_1/calibration_3_evaluation.json,7efc323b5d63855cf4e7e975c0720073b7298abe7d171a0b751e9b9746924721,searched_alignment,3,1511694,inv_eta/aligned,inv_eta,aligned,1,equal_target,8192,0.025452364452996184,0.001157172592706332,0.034017239639722856,0.09984640011681334,0.9154052734375,0.03401160916324917,0.08577565852444273,0.06970687330002372,,,,0.0845947265625,0.0012436473146298316,2.445142481420977e-06,0.9971923828125,0.07812729900862042,0.007358872972848253,0.7716064453125,0.10871606547421324,0.018209777892480832,0.6719970703125,,,,,
constructed calibration development; no ordinary-trained replicate claim,v2/work_logs/F15_ND01_v1_run1/evaluation_attempt_1/calibration_3_evaluation.json,7efc323b5d63855cf4e7e975c0720073b7298abe7d171a0b751e9b9746924721,searched_alignment,3,1511694,inv_eta/aligned,inv_eta,aligned,1,scale_separating,8192,0.0435732451024666,0.002878064234719765,0.0536475930002434,0.13792303111859378,0.9228515625,0.053653978545618985,0.2585674685802326,0.29730994477578987,,,,0.0771484375,0.0012195840233707558,2.370881820122024e-06,0.997314453125,0.22186352139385979,0.06684722652862315,0.416259765625,0.11240868911198082,0.018790721359647967,0.7301025390625,,,,,
constructed calibration development; no ordinary-trained replicate claim,v2/work_logs/F15_ND01_v1_run1/evaluation_attempt_1/calibration_3_evaluation.json,7efc323b5d63855cf4e7e975c0720073b7298abe7d171a0b751e9b9746924721,searched_alignment,3,1511694,inv_eta/permuted_concept,inv_eta,permuted_concept,0,mixed_near,8192,0.04327448252587343,0.0027754634731631945,0.052682667673184455,0.14255340366890312,0.8895263671875,0.052727107577717716,0.13169272326833273,0.16840082544902335,,,,0.1104736328125,0.0011830989901115635,2.2244494052544e-06,1.0,0.11046471273771985,0.01734844324361861,0.723876953125,0.19397550061119456,0.04951417094027244,0.25732421875,,,,,
constructed calibration development; no ordinary-trained replicate claim,v2/work_logs/F15_ND01_v1_run1/evaluation_attempt_1/calibration_3_evaluation.json,7efc323b5d63855cf4e7e975c0720073b7298abe7d171a0b751e9b9746924721,searched_alignment,3,1511694,inv_eta/permuted_concept,inv_eta,permuted_concept,0,mixed_far,8192,0.03695510879408257,0.0019138775580040419,0.04374788632613057,0.158845126869603,0.9725341796875,0.0438017749307337,0.1471710451655148,0.17656747763826183,,,,0.0274658203125,0.0011779690020074954,2.2431207617047293e-06,0.997314453125,0.12429146436006391,0.021666671575188146,0.78515625,0.17605255318800545,0.04235499970182366,0.767578125,,,,,
constructed calibration development; no ordinary-trained replicate claim,v2/work_logs/F15_ND01_v1_run1/evaluation_attempt_1/calibration_3_evaluation.json,7efc323b5d63855cf4e7e975c0720073b7298abe7d171a0b751e9b9746924721,searched_alignment,3,1511694,inv_eta/permuted_concept,inv_eta,permuted_concept,0,preserve_other,8192,0.04463839293542926,0.002948092589364812,0.05429634047857012,0.16935456117583286,0.9080810546875,0.05432421676262345,0.1345599052617771,0.16822608984543452,,,,0.0919189453125,0.0012381582438097446,2.4289435145901984e-06,0.9962158203125,0.10818928922438356,0.018108179065171134,0.67724609375,0.07806583139184706,0.007316680278235406,0.772705078125,,,,,
constructed calibration development; no ordinary-trained replicate claim,v2/work_logs/F15_ND01_v1_run1/evaluation_attempt_1/calibration_3_evaluation.json,7efc323b5d63855cf4e7e975c0720073b7298abe7d171a0b751e9b9746924721,searched_alignment,3,1511694,inv_eta/permuted_concept,inv_eta,permuted_concept,0,equal_target,8192,0.0580998617497054,0.004002766796216908,0.06326742286688235,0.16075153559656324,0.916259765625,0.06329836592964855,0.07957728693737948,0.1415398266551359,,,,0.083740234375,0.0012318339612018836,2.3990588554093024e-06,0.996826171875,0.07352946045427639,0.006342362914404118,0.8377685546875,0.1924390695273825,0.04951926319457174,0.4906005859375,,,,,
constructed calibration development; no ordinary-trained replicate claim,v2/work_logs/F15_ND01_v1_run1/evaluation_attempt_1/calibration_3_evaluation.json,7efc323b5d63855cf4e7e975c0720073b7298abe7d171a0b751e9b9746924721,searched_alignment,3,1511694,inv_eta/permuted_concept,inv_eta,permuted_concept,0,scale_separating,8192,0.04795407438053512,0.00323774064315213,0.05690114799502845,0.1536265696129156,0.928955078125,0.0569474766811291,0.14419922025242474,0.17715990010137364,,,,0.071044921875,0.0012080742637828054,2.3171484640016202e-06,0.9970703125,0.11797175642675214,0.020797331053670723,0.6954345703125,0.19888740033166316,0.057157754624855714,0.4791259765625,,,,,
constructed calibration development; no ordinary-trained replicate claim,v2/work_logs/F15_ND01_v1_run1/evaluation_attempt_1/calibration_3_evaluation.json,7efc323b5d63855cf4e7e975c0720073b7298abe7d171a0b751e9b9746924721,searched_alignment,3,1511694,inv_eta/permuted_concept,inv_eta,permuted_concept,1,mixed_near,8192,0.028503165801626144,0.00128709622313904,0.03587612330142486,0.13097038636744623,0.8968505859375,0.035938995098709375,0.22352668399577544,0.20541253533180948,,,,0.1031494140625,0.0011960603224483969,2.2812672328830914e-06,1.0,0.19448171853196278,0.04994432998316415,0.2611083984375,0.10911496782216953,0.016909455241046062,0.733154296875,,,,,
constructed calibration development; no ordinary-trained replicate claim,v2/work_logs/F15_ND01_v1_run1/evaluation_attempt_1/calibration_3_evaluation.json,7efc323b5d63855cf4e7e975c0720073b7298abe7d171a0b751e9b9746924721,searched_alignment,3,1511694,inv_eta/permuted_concept,inv_eta,permuted_concept,1,mixed_far,8192,0.027415734860927965,0.001201254909267095,0.034659124473464344,0.14655812470172913,0.99267578125,0.03469579309679169,0.2019767556996252,0.1989540112489152,,,,0.00732421875,0.0012002070568088526,2.296907152677194e-06,0.9969482421875,0.17313459206484277,0.040790331096253005,0.7757568359375,0.12507029304753037,0.021768363570269553,0.780029296875,,,,,
constructed calibration development; no ordinary-trained replicate claim,v2/work_logs/F15_ND01_v1_run1/evaluation_attempt_1/calibration_3_evaluation.json,7efc323b5d63855cf4e7e975c0720073b7298abe7d171a0b751e9b9746924721,searched_alignment,3,1511694,inv_eta/permuted_concept,inv_eta,permuted_concept,1,preserve_other,8192,0.022506706686168124,0.0007943435643015116,0.028184101268295066,0.11878014069412146,0.95166015625,0.02823002104247795,0.22779824662979753,0.21841937385048135,,,,0.04833984375,0.0012319690885234384,2.4082169818297143e-06,0.9971923828125,0.19701713352189337,0.05189304270326637,0.46875,0.0746468570603075,0.006616766371522236,0.8250732421875,,,,,
constructed calibration development; no ordinary-trained replicate claim,v2/work_logs/F15_ND01_v1_run1/evaluation_attempt_1/calibration_3_evaluation.json,7efc323b5d63855cf4e7e975c0720073b7298abe7d171a0b751e9b9746924721,searched_alignment,3,1511694,inv_eta/permuted_concept,inv_eta,permuted_concept,1,equal_target,8192,0.03853146310451773,0.0020276102040247407,0.04502899292705468,0.16124292634980175,0.8834228515625,0.04503508834503634,0.08577565852444273,0.048424834340371245,,,,0.1165771484375,0.0012436473146298316,2.445142481420977e-06,0.9971923828125,0.07812729900862042,0.007358872972848253,0.7716064453125,0.10871606547421324,0.018209777892480832,0.6719970703125,,,,,
constructed calibration development; no ordinary-trained replicate claim,v2/work_logs/F15_ND01_v1_run1/evaluation_attempt_1/calibration_3_evaluation.json,7efc323b5d63855cf4e7e975c0720073b7298abe7d171a0b751e9b9746924721,searched_alignment,3,1511694,inv_eta/permuted_concept,inv_eta,permuted_concept,1,scale_separating,8192,0.03615273053805679,0.0019737806669973485,0.04442725140043382,0.15608321633318578,0.898681640625,0.044457131056197884,0.2585674685802326,0.24019853259907065,,,,0.101318359375,0.0012195840233707558,2.370881820122024e-06,0.997314453125,0.22186352139385979,0.06684722652862315,0.416259765625,0.11240868911198082,0.018790721359647967,0.7301025390625,,,,,
constructed calibration development; no ordinary-trained replicate claim,v2/work_logs/F15_ND01_v1_run1/evaluation_attempt_1/calibration_3_evaluation.json,7efc323b5d63855cf4e7e975c0720073b7298abe7d171a0b751e9b9746924721,searched_alignment,3,1511694,inv_eta/random,inv_eta,random,0,mixed_near,8192,0.044406823039339044,0.003056325310328654,0.055284042094700836,0.14143333332159236,0.815673828125,0.055315414529802785,0.13169272326833273,0.18088398542471154,,,,0.184326171875,0.0011830989901115635,2.2244494052544e-06,1.0,0.11046471273771985,0.01734844324361861,0.723876953125,0.19397550061119456,0.04951417094027244,0.25732421875,,,,,
constructed calibration development; no ordinary-trained replicate claim,v2/work_logs/F15_ND01_v1_run1/evaluation_attempt_1/calibration_3_evaluation.json,7efc323b5d63855cf4e7e975c0720073b7298abe7d171a0b751e9b9746924721,searched_alignment,3,1511694,inv_eta/random,inv_eta,random,0,mixed_far,8192,0.03907124001275661,0.002192919426910543,0.046828617606230305,0.13050402365263658,0.989013671875,0.04683856992050413,0.1471710451655148,0.18796278722320048,,,,0.010986328125,0.0011779690020074954,2.2431207617047293e-06,0.997314453125,0.12429146436006391,0.021666671575188146,0.78515625,0.17605255318800545,0.04235499970182366,0.767578125,,,,,
constructed calibration development; no ordinary-trained replicate claim,v2/work_logs/F15_ND01_v1_run1/evaluation_attempt_1/calibration_3_evaluation.json,7efc323b5d63855cf4e7e975c0720073b7298abe7d171a0b751e9b9746924721,searched_alignment,3,1511694,inv_eta/random,inv_eta,random,0,preserve_other,8192,0.041441986890762374,0.0026790248386588623,0.051759297122921426,0.1419746782692386,0.91064453125,0.05176934153220651,0.1345599052617771,0.17888864275890753,,,,0.08935546875,0.0012381582438097446,2.4289435145901984e-06,0.9962158203125,0.10818928922438356,0.018108179065171134,0.67724609375,0.07806583139184706,0.007316680278235406,0.772705078125,,,,,
constructed calibration development; no ordinary-trained replicate claim,v2/work_logs/F15_ND01_v1_run1/evaluation_attempt_1/calibration_3_evaluation.json,7efc323b5d63855cf4e7e975c0720073b7298abe7d171a0b751e9b9746924721,searched_alignment,3,1511694,inv_eta/random,inv_eta,random,0,equal_target,8192,0.041689421629681755,0.002449299967802374,0.04949040278480641,0.14995217257698623,0.9393310546875,0.04951306455068525,0.07957728693737948,0.1256246041226991,,,,0.0606689453125,0.0012318339612018836,2.3990588554093024e-06,0.996826171875,0.07352946045427639,0.006342362914404118,0.8377685546875,0.1924390695273825,0.04951926319457174,0.4906005859375,,,,,
constructed calibration development; no ordinary-trained replicate claim,v2/work_logs/F15_ND01_v1_run1/evaluation_attempt_1/calibration_3_evaluation.json,7efc323b5d63855cf4e7e975c0720073b7298abe7d171a0b751e9b9746924721,searched_alignment,3,1511694,inv_eta/random,inv_eta,random,0,scale_separating,8192,0.043179809906396596,0.002744024105566182,0.052383433503028244,0.1476777014057712,0.9249267578125,0.052409111842433694,0.14419922025242474,0.18987595075898506,,,,0.0750732421875,0.0012080742637828054,2.3171484640016202e-06,0.9970703125,0.11797175642675214,0.020797331053670723,0.6954345703125,0.19888740033166316,0.057157754624855714,0.4791259765625,,,,,
constructed calibration development; no ordinary-trained replicate claim,v2/work_logs/F15_ND01_v1_run1/evaluation_attempt_1/calibration_3_evaluation.json,7efc323b5d63855cf4e7e975c0720073b7298abe7d171a0b751e9b9746924721,searched_alignment,3,1511694,inv_eta/random,inv_eta,random,1,mixed_near,8192,0.10106019779995185,0.014969420071438526,0.1223495814109657,0.32407023513990657,0.729736328125,0.1223628593887564,0.22352668399577544,0.30537243789862206,,,,0.270263671875,0.0011960603224483969,2.2812672328830914e-06,1.0,0.19448171853196278,0.04994432998316415,0.2611083984375,0.10911496782216953,0.016909455241046062,0.733154296875,,,,,
constructed calibration development; no ordinary-trained replicate claim,v2/work_logs/F15_ND01_v1_run1/evaluation_attempt_1/calibration_3_evaluation.json,7efc323b5d63855cf4e7e975c0720073b7298abe7d171a0b751e9b9746924721,searched_alignment,3,1511694,inv_eta/random,inv_eta,random,1,mixed_far,8192,0.08767591300158806,0.011085408864519225,0.10528726829260614,0.29870451970589035,0.9720458984375,0.10532668483708763,0.2019767556996252,0.27368374324555833,,,,0.0279541015625,0.0012002070568088526,2.296907152677194e-06,0.9969482421875,0.17313459206484277,0.040790331096253005,0.7757568359375,0.12507029304753037,0.021768363570269553,0.780029296875,,,,,
constructed calibration development; no ordinary-trained replicate claim,v2/work_logs/F15_ND01_v1_run1/evaluation_attempt_1/calibration_3_evaluation.json,7efc323b5d63855cf4e7e975c0720073b7298abe7d171a0b751e9b9746924721,searched_alignment,3,1511694,inv_eta/random,inv_eta,random,1,preserve_other,8192,0.08552659006409606,0.011778485150406953,0.10852872960837122,0.3169550321424264,0.85009765625,0.10855912465279158,0.22779824662979753,0.28969222188497645,,,,0.14990234375,0.0012319690885234384,2.4082169818297143e-06,0.9971923828125,0.19701713352189337,0.05189304270326637,0.46875,0.0746468570603075,0.006616766371522236,0.8250732421875,,,,,
constructed calibration development; no ordinary-trained replicate claim,v2/work_logs/F15_ND01_v1_run1/evaluation_attempt_1/calibration_3_evaluation.json,7efc323b5d63855cf4e7e975c0720073b7298abe7d171a0b751e9b9746924721,searched_alignment,3,1511694,inv_eta/random,inv_eta,random,1,equal_target,8192,0.09442659811355165,0.011965445743755625,0.10938667991924622,0.3357589693641815,0.730224609375,0.10939824431786879,0.08577565852444273,0.04704438534819104,,,,0.269775390625,0.0012436473146298316,2.445142481420977e-06,0.9971923828125,0.07812729900862042,0.007358872972848253,0.7716064453125,0.10871606547421324,0.018209777892480832,0.6719970703125,,,,,
constructed calibration development; no ordinary-trained replicate claim,v2/work_logs/F15_ND01_v1_run1/evaluation_attempt_1/calibration_3_evaluation.json,7efc323b5d63855cf4e7e975c0720073b7298abe7d171a0b751e9b9746924721,searched_alignment,3,1511694,inv_eta/random,inv_eta,random,1,scale_separating,8192,0.0961177266246239,0.014430518641375973,0.12012709370236163,0.33438745212719473,0.8375244140625,0.12014591089559726,0.2585674685802326,0.3192431849931787,,,,0.1624755859375,0.0012195840233707558,2.370881820122024e-06,0.997314453125,0.22186352139385979,0.06684722652862315,0.416259765625,0.11240868911198082,0.018790721359647967,0.7301025390625,,,,,
constructed calibration development; no ordinary-trained replicate claim,v2/work_logs/F15_ND01_v1_run1/evaluation_attempt_1/calibration_3_evaluation.json,7efc323b5d63855cf4e7e975c0720073b7298abe7d171a0b751e9b9746924721,searched_alignment,3,1511694,inv_eta/shuffled_donor,inv_eta,shuffled_donor,0,mixed_near,8192,0.09339193400650588,0.013277676487865587,0.11522880060065534,0.32640278401527584,0.734130859375,0.11524052209509962,0.13169272326833273,0.12332818930040539,,,,0.265869140625,0.0011830989901115635,2.2244494052544e-06,1.0,0.11046471273771985,0.01734844324361861,0.723876953125,0.15470866246863474,0.034052136610092626,0.4971923828125,,,,,
constructed calibration development; no ordinary-trained replicate claim,v2/work_logs/F15_ND01_v1_run1/evaluation_attempt_1/calibration_3_evaluation.json,7efc323b5d63855cf4e7e975c0720073b7298abe7d171a0b751e9b9746924721,searched_alignment,3,1511694,inv_eta/shuffled_donor,inv_eta,shuffled_donor,0,mixed_far,8192,0.1096755235835296,0.01915526195673023,0.1384025359476127,0.33374619155997487,0.8040771484375,0.13840502809765048,0.1471710451655148,0.13067715028198,,,,0.1959228515625,0.0011779690020074954,2.2431207617047293e-06,0.997314453125,0.12429146436006391,0.021666671575188146,0.78515625,0.23207852046234578,0.07726272373134088,0.498046875,,,,,
constructed calibration development; no ordinary-trained replicate claim,v2/work_logs/F15_ND01_v1_run1/evaluation_attempt_1/calibration_3_evaluation.json,7efc323b5d63855cf4e7e975c0720073b7298abe7d171a0b751e9b9746924721,searched_alignment,3,1511694,inv_eta/shuffled_donor,inv_eta,shuffled_donor,0,preserve_other,8192,0.10402531708645538,0.016720202388602813,0.1293066215961225,0.32697157679652245,0.6888427734375,0.1293246150468039,0.1345599052617771,0.12591010258465882,,,,0.3111572265625,0.0012381582438097446,2.4289435145901984e-06,0.9962158203125,0.10818928922438356,0.018108179065171134,0.67724609375,0.15930038122940077,0.038775879710034586,0.498291015625,,,,,
constructed calibration development; no ordinary-trained replicate claim,v2/work_logs/F15_ND01_v1_run1/evaluation_attempt_1/calibration_3_evaluation.json,7efc323b5d63855cf4e7e975c0720073b7298abe7d171a0b751e9b9746924721,searched_alignment,3,1511694,inv_eta/shuffled_donor,inv_eta,shuffled_donor,0,equal_target,8192,0.08796450745607376,0.011947766228874019,0.10930583803655694,0.32328333064299597,0.8067626953125,0.109297350569519,0.07957728693737948,0.11447299616707546,,,,0.1932373046875,0.0012318339612018836,2.3990588554093024e-06,0.996826171875,0.07352946045427639,0.006342362914404118,0.8377685546875,0.1897893873901111,0.05385275568831257,0.4993896484375,,,,,
constructed calibration development; no ordinary-trained replicate claim,v2/work_logs/F15_ND01_v1_run1/evaluation_attempt_1/calibration_3_evaluation.json,7efc323b5d63855cf4e7e975c0720073b7298abe7d171a0b751e9b9746924721,searched_alignment,3,1511694,inv_eta/shuffled_donor,inv_eta,shuffled_donor,0,scale_separating,8192,0.10283058232846642,0.016357430364909477,0.12789617025114347,0.3395096142823206,0.74169921875,0.12790186379050267,0.14419922025242474,0.12857278839221883,,,,0.25830078125,0.0012080742637828054,2.3171484640016202e-06,0.9970703125,0.11797175642675214,0.020797331053670723,0.6954345703125,0.18421210815266784,0.05157019988249817,0.5028076171875,,,,,
constructed calibration development; no ordinary-trained replicate claim,v2/work_logs/F15_ND01_v1_run1/evaluation_attempt_1/calibration_3_evaluation.json,7efc323b5d63855cf4e7e975c0720073b7298abe7d171a0b751e9b9746924721,searched_alignment,3,1511694,inv_eta/shuffled_donor,inv_eta,shuffled_donor,1,mixed_near,8192,0.17463850809675524,0.04129289152868931,0.2032065243260888,0.609281032612453,0.3260498046875,0.203241137049006,0.22352668399577544,0.06661385153148333,,,,0.6739501953125,0.0011960603224483969,2.2812672328830914e-06,1.0,0.19448171853196278,0.04994432998316415,0.2611083984375,0.15451200623483302,0.033790687446747764,0.509033203125,,,,,
constructed calibration development; no ordinary-trained replicate claim,v2/work_logs/F15_ND01_v1_run1/evaluation_attempt_1/calibration_3_evaluation.json,7efc323b5d63855cf4e7e975c0720073b7298abe7d171a0b751e9b9746924721,searched_alignment,3,1511694,inv_eta/shuffled_donor,inv_eta,shuffled_donor,1,mixed_far,8192,0.17543235843066218,0.041169693035709644,0.20290316171935233,0.6488321090431511,0.72021484375,0.2028918189507228,0.2019767556996252,0.06780599996326586,,,,0.27978515625,0.0012002070568088526,2.296907152677194e-06,0.9969482421875,0.17313459206484277,0.040790331096253005,0.7757568359375,0.23437146698601963,0.07816833011820018,0.490234375,,,,,
constructed calibration development; no ordinary-trained replicate claim,v2/work_logs/F15_ND01_v1_run1/evaluation_attempt_1/calibration_3_evaluation.json,7efc323b5d63855cf4e7e975c0720073b7298abe7d171a0b751e9b9746924721,searched_alignment,3,1511694,inv_eta/shuffled_donor,inv_eta,shuffled_donor,1,preserve_other,8192,0.17760641539084826,0.04308165192631925,0.2075612004357251,0.5745955118710491,0.5224609375,0.20754280068116843,0.22779824662979753,0.07242371740911033,,,,0.4775390625,0.0012319690885234384,2.4082169818297143e-06,0.9971923828125,0.19701713352189337,0.05189304270326637,0.46875,0.18806464306382256,0.053405449218496145,0.498291015625,,,,,
constructed calibration development; no ordinary-trained replicate claim,v2/work_logs/F15_ND01_v1_run1/evaluation_attempt_1/calibration_3_evaluation.json,7efc323b5d63855cf4e7e975c0720073b7298abe7d171a0b751e9b9746924721,searched_alignment,3,1511694,inv_eta/shuffled_donor,inv_eta,shuffled_donor,1,equal_target,8192,0.06029803267488654,0.005665231695443076,0.07526773342836275,0.26043579873659584,0.8243408203125,0.07522380655371338,0.08577565852444273,0.07681103390866542,,,,0.1756591796875,0.0012436473146298316,2.445142481420977e-06,0.9971923828125,0.07812729900862042,0.007358872972848253,0.7716064453125,0.1588335425717171,0.038698101825925826,0.506103515625,,,,,
constructed calibration development; no ordinary-trained replicate claim,v2/work_logs/F15_ND01_v1_run1/evaluation_attempt_1/calibration_3_evaluation.json,7efc323b5d63855cf4e7e975c0720073b7298abe7d171a0b751e9b9746924721,searched_alignment,3,1511694,inv_eta/shuffled_donor,inv_eta,shuffled_donor,1,scale_separating,8192,0.19884476460531958,0.05430848224589091,0.23304180364451976,0.6014183413078786,0.4598388671875,0.23304711928386418,0.2585674685802326,0.07799136782997806,,,,0.5401611328125,0.0012195840233707558,2.370881820122024e-06,0.997314453125,0.22186352139385979,0.06684722652862315,0.416259765625,0.19291923690440022,0.05637574618550602,0.496826171875,,,,,
constructed calibration development; no ordinary-trained replicate claim,v2/work_logs/F15_ND01_v1_run1/evaluation_attempt_1/calibration_3_evaluation.json,7efc323b5d63855cf4e7e975c0720073b7298abe7d171a0b751e9b9746924721,searched_alignment,3,1511694,inv_eta/untrained,inv_eta,untrained,0,mixed_near,8192,0.18108189469434094,0.04104502904518222,0.20259572810200668,0.4469107069940542,0.593994140625,0.1720264827234029,0.13169272326833273,0.13431428832215006,,,,0.406005859375,0.2123424337400466,0.07030663658252921,0.5538330078125,0.19310770753679146,0.052392451674347876,0.5186767578125,0.18995402276438988,0.04519015108722654,0.5162353515625,,,,,
constructed calibration development; no ordinary-trained replicate claim,v2/work_logs/F15_ND01_v1_run1/evaluation_attempt_1/calibration_3_evaluation.json,7efc323b5d63855cf4e7e975c0720073b7298abe7d171a0b751e9b9746924721,searched_alignment,3,1511694,inv_eta/untrained,inv_eta,untrained,0,mixed_far,8192,0.1950997971288135,0.059395849530615455,0.2437126371992545,0.5794765028643265,0.5963134765625,0.17370762699540382,0.1471710451655148,0.13216858381055296,,,,0.4036865234375,0.22430652335081577,0.07301819333537593,0.4951171875,0.2235338275440212,0.07599597864722914,0.552490234375,0.2701939372970419,0.11003980319049023,0.47509765625,,,,,
constructed calibration development; no ordinary-trained replicate claim,v2/work_logs/F15_ND01_v1_run1/evaluation_attempt_1/calibration_3_evaluation.json,7efc323b5d63855cf4e7e975c0720073b7298abe7d171a0b751e9b9746924721,searched_alignment,3,1511694,inv_eta/untrained,inv_eta,untrained,0,preserve_other,8192,0.20304510943503484,0.05688464401178338,0.238505018839821,0.6054952084025911,0.481201171875,0.18110669236834456,0.1345599052617771,0.14239291787169192,,,,0.518798828125,0.244501585979225,0.08350093652583138,0.4208984375,0.23053404179618936,0.07401791521338008,0.4410400390625,0.21406680835588449,0.06523078244189487,0.449462890625,,,,,
constructed calibration development; no ordinary-trained replicate claim,v2/work_logs/F15_ND01_v1_run1/evaluation_attempt_1/calibration_3_evaluation.json,7efc323b5d63855cf4e7e975c0720073b7298abe7d171a0b751e9b9746924721,searched_alignment,3,1511694,inv_eta/untrained,inv_eta,untrained,0,equal_target,8192,0.1722780115349731,0.04387009131207175,0.20945188304732845,0.5752361922511788,0.6761474609375,0.09415606335244288,0.07957728693737948,0.15472492892883133,,,,0.3238525390625,0.18313009166006267,0.05064654999890337,0.6009521484375,0.19948473315606235,0.06090327725095576,0.589111328125,0.2048576866608911,0.0648595619847198,0.5728759765625,,,,,
constructed calibration development; no ordinary-trained replicate claim,v2/work_logs/F15_ND01_v1_run1/evaluation_attempt_1/calibration_3_evaluation.json,7efc323b5d63855cf4e7e975c0720073b7298abe7d171a0b751e9b9746924721,searched_alignment,3,1511694,inv_eta/untrained,inv_eta,untrained,0,scale_separating,8192,0.18062698963070442,0.044684604467377334,0.21138733279782243,0.5557401918724437,0.606689453125,0.1987514642442831,0.14419922025242474,0.15992981316833665,,,,0.393310546875,0.2233977073119626,0.07462116762553869,0.5096435546875,0.21056191369522226,0.06486766731384222,0.50439453125,0.21932529202163284,0.06989968912444323,0.4798583984375,,,,,
constructed calibration development; no ordinary-trained replicate claim,v2/work_logs/F15_ND01_v1_run1/evaluation_attempt_1/calibration_3_evaluation.json,7efc323b5d63855cf4e7e975c0720073b7298abe7d171a0b751e9b9746924721,searched_alignment,3,1511694,inv_eta/untrained,inv_eta,untrained,1,mixed_near,8192,0.18364245059568107,0.042228066812660225,0.20549468804000803,0.4491432116774907,0.61474609375,0.15694586200147184,0.22352668399577544,0.11015926847817072,,,,0.38525390625,0.228399292082217,0.07717789562965757,0.4853515625,0.18969648733562725,0.04508752198412929,0.5289306640625,0.19200366137026015,0.05178487224347471,0.52880859375,,,,,
constructed calibration development; no ordinary-trained replicate claim,v2/work_logs/F15_ND01_v1_run1/evaluation_attempt_1/calibration_3_evaluation.json,7efc323b5d63855cf4e7e975c0720073b7298abe7d171a0b751e9b9746924721,searched_alignment,3,1511694,inv_eta/untrained,inv_eta,untrained,1,mixed_far,8192,0.19350669934964854,0.059415850994425375,0.24375366867890497,0.5606762509242972,0.617919921875,0.11349565833780617,0.2019767556996252,0.15509384837826143,,,,0.382080078125,0.2167126214126755,0.07085510065347883,0.5418701171875,0.2692345336450559,0.10919058704528897,0.4808349609375,0.22600959720055558,0.07726163931703486,0.5455322265625,,,,,
constructed calibration development; no ordinary-trained replicate claim,v2/work_logs/F15_ND01_v1_run1/evaluation_attempt_1/calibration_3_evaluation.json,7efc323b5d63855cf4e7e975c0720073b7298abe7d171a0b751e9b9746924721,searched_alignment,3,1511694,inv_eta/untrained,inv_eta,untrained,1,preserve_other,8192,0.17096147523410085,0.04323252868110923,0.20792433402829316,0.559353432795854,0.6556396484375,0.08649131558050453,0.22779824662979753,0.1570805462302175,,,,0.3443603515625,0.17970545905034657,0.04948757063994503,0.612060546875,0.2318677311361222,0.07914002022947274,0.4732666015625,0.22899145941654178,0.07574163353662251,0.490478515625,,,,,
constructed calibration development; no ordinary-trained replicate claim,v2/work_logs/F15_ND01_v1_run1/evaluation_attempt_1/calibration_3_evaluation.json,7efc323b5d63855cf4e7e975c0720073b7298abe7d171a0b751e9b9746924721,searched_alignment,3,1511694,inv_eta/untrained,inv_eta,untrained,1,equal_target,8192,0.21124892432627837,0.06188647255417547,0.2487699189093719,0.5857104727008106,0.518798828125,0.10109467819508865,0.08577565852444273,0.07306504934349628,,,,0.481201171875,0.24415748621156144,0.08368400499590013,0.4283447265625,0.21878283380089142,0.06718474193907925,0.4874267578125,0.20263324152428874,0.06062592189221021,0.4891357421875,,,,,
constructed calibration development; no ordinary-trained replicate claim,v2/work_logs/F15_ND01_v1_run1/evaluation_attempt_1/calibration_3_evaluation.json,7efc323b5d63855cf4e7e975c0720073b7298abe7d171a0b751e9b9746924721,searched_alignment,3,1511694,inv_eta/untrained,inv_eta,untrained,1,scale_separating,8192,0.17457827077446408,0.042819600168116034,0.2069289737279824,0.5672322502951206,0.650146484375,0.14727468157028614,0.2585674685802326,0.1591968388953105,,,,0.349853515625,0.21805297413363622,0.07197390838775428,0.522705078125,0.22145896688698724,0.07155281987511387,0.47802734375,0.2141797037041961,0.06654338858005182,0.503173828125,,,,,
constructed calibration development; no ordinary-trained replicate claim,v2/work_logs/F15_ND01_v1_run1/evaluation_attempt_1/calibration_3_evaluation.json,7efc323b5d63855cf4e7e975c0720073b7298abe7d171a0b751e9b9746924721,searched_alignment,3,1511694,inv_one_minus_eta/aligned,inv_one_minus_eta,aligned,0,mixed_near,8192,0.052937409333642445,0.0036055456600359538,0.060046196049674566,0.13728896271864577,0.886962890625,0.0600296928850832,0.2217015926741635,0.27962682069394024,,,,0.113037109375,0.0011830989901115635,2.2244494052544e-06,1.0,0.19318473077946496,0.04914383076982698,0.2637939453125,0.1088035724702209,0.016855360501813133,0.7298583984375,,,,,
constructed calibration development; no ordinary-trained replicate claim,v2/work_logs/F15_ND01_v1_run1/evaluation_attempt_1/calibration_3_evaluation.json,7efc323b5d63855cf4e7e975c0720073b7298abe7d171a0b751e9b9746924721,searched_alignment,3,1511694,inv_one_minus_eta/aligned,inv_one_minus_eta,aligned,0,mixed_far,8192,0.04056657552824225,0.0021363421108146503,0.04622058103069076,0.15695342135677237,0.968505859375,0.04618937981772683,0.2044665837916562,0.24729541114240505,,,,0.031494140625,0.0011779690020074954,2.2431207617047293e-06,0.997314453125,0.1750526433622493,0.041796030240399754,0.777099609375,0.1263927467073599,0.02231171392942444,0.77783203125,,,,,
constructed calibration development; no ordinary-trained replicate claim,v2/work_logs/F15_ND01_v1_run1/evaluation_attempt_1/calibration_3_evaluation.json,7efc323b5d63855cf4e7e975c0720073b7298abe7d171a0b751e9b9746924721,searched_alignment,3,1511694,inv_one_minus_eta/aligned,inv_one_minus_eta,aligned,0,preserve_other,8192,0.04548289956716909,0.0026803770558684256,0.05177235802885963,0.13852912271654616,0.9390869140625,0.051750443812599904,0.2236402628514486,0.2726983091055839,,,,0.0609130859375,0.0012381582438097446,2.4289435145901984e-06,0.9962158203125,0.1931455329497087,0.05000520733624886,0.4697265625,0.07463701590143766,0.006587500512464296,0.82763671875,,,,,
constructed calibration development; no ordinary-trained replicate claim,v2/work_logs/F15_ND01_v1_run1/evaluation_attempt_1/calibration_3_evaluation.json,7efc323b5d63855cf4e7e975c0720073b7298abe7d171a0b751e9b9746924721,searched_alignment,3,1511694,inv_one_minus_eta/aligned,inv_one_minus_eta,aligned,0,equal_target,8192,0.018994105996448053,0.000641944732606505,0.025336628280150163,0.09985745147754027,0.9464111328125,0.02527217616147156,0.08590244863180106,0.10605132314313294,,,,0.0535888671875,0.0012318339612018836,2.3990588554093024e-06,0.996826171875,0.07831012790226047,0.007374410943066413,0.787353515625,0.10785051832769178,0.018003403223525914,0.669677734375,,,,,
constructed calibration development; no ordinary-trained replicate claim,v2/work_logs/F15_ND01_v1_run1/evaluation_attempt_1/calibration_3_evaluation.json,7efc323b5d63855cf4e7e975c0720073b7298abe7d171a0b751e9b9746924721,searched_alignment,3,1511694,inv_one_minus_eta/aligned,inv_one_minus_eta,aligned,0,scale_separating,8192,0.05241272881600833,0.0035525034530317187,0.059602881247735995,0.14843718196667732,0.925048828125,0.05956850895791328,0.25884884588194007,0.31598212654091307,,,,0.074951171875,0.0012080742637828054,2.3171484640016202e-06,0.9970703125,0.22269333185147455,0.06698733497526836,0.4150390625,0.11319927352990768,0.01898754919454626,0.728271484375,,,,,
constructed calibration development; no ordinary-trained replicate claim,v2/work_logs/F15_ND01_v1_run1/evaluation_attempt_1/calibration_3_evaluation.json,7efc323b5d63855cf4e7e975c0720073b7298abe7d171a0b751e9b9746924721,searched_alignment,3,1511694,inv_one_minus_eta/aligned,inv_one_minus_eta,aligned,1,mixed_near,8192,0.0012837789707869818,2.607831688455269e-06,0.0016148782271289898,0.005346912551888017,0.993896484375,0.001486882418761833,0.13005603598173068,0.13008528785443238,,,,0.006103515625,0.0011960603224483969,2.2812672328830914e-06,1.0,0.10926366375916441,0.016912427020113672,0.7244873046875,0.19548664822206713,0.05009841482169687,0.257568359375,,,,,
constructed calibration development; no ordinary-trained replicate claim,v2/work_logs/F15_ND01_v1_run1/evaluation_attempt_1/calibration_3_evaluation.json,7efc323b5d63855cf4e7e975c0720073b7298abe7d171a0b751e9b9746924721,searched_alignment,3,1511694,inv_one_minus_eta/aligned,inv_one_minus_eta,aligned,1,mixed_far,8192,0.001093502782704695,1.914419084079884e-06,0.0013836253409358634,0.005375326069788855,0.9996337890625,0.0013915977624800887,0.14813544308944018,0.14817710288207148,,,,0.0003662109375,0.0012002070568088526,2.296907152677194e-06,0.9969482421875,0.1255517528375077,0.021951528909475847,0.7867431640625,0.17404973176385868,0.041391465255799106,0.77099609375,,,,,
constructed calibration development; no ordinary-trained replicate claim,v2/work_logs/F15_ND01_v1_run1/evaluation_attempt_1/calibration_3_evaluation.json,7efc323b5d63855cf4e7e975c0720073b7298abe7d171a0b751e9b9746924721,searched_alignment,3,1511694,inv_one_minus_eta/aligned,inv_one_minus_eta,aligned,1,preserve_other,8192,0.0012343427644854505,2.4279561078694077e-06,0.0015581900101943305,0.005200812642624286,0.996826171875,0.001462717843354294,0.1329873581280787,0.13299420778039162,,,,0.003173828125,0.0012319690885234384,2.4082169818297143e-06,0.9971923828125,0.10713906102815796,0.017691925444097693,0.6795654296875,0.07843284420550312,0.0074270292334592935,0.777099609375,,,,,
constructed calibration development; no ordinary-trained replicate claim,v2/work_logs/F15_ND01_v1_run1/evaluation_attempt_1/calibration_3_evaluation.json,7efc323b5d63855cf4e7e975c0720073b7298abe7d171a0b751e9b9746924721,searched_alignment,3,1511694,inv_one_minus_eta/aligned,inv_one_minus_eta,aligned,1,equal_target,8192,0.0011477713342291198,2.1119116120438647e-06,0.0014532417596683164,0.0052408445630214295,0.9969482421875,0.001506095288510631,0.08005928337739687,0.08006190629599516,,,,0.0030517578125,0.0012436473146298316,2.445142481420977e-06,0.9971923828125,0.07377254968555196,0.006414055207498685,0.8404541015625,0.19390859310584418,0.05042187835424619,0.4871826171875,,,,,
constructed calibration development; no ordinary-trained replicate claim,v2/work_logs/F15_ND01_v1_run1/evaluation_attempt_1/calibration_3_evaluation.json,7efc323b5d63855cf4e7e975c0720073b7298abe7d171a0b751e9b9746924721,searched_alignment,3,1511694,inv_one_minus_eta/aligned,inv_one_minus_eta,aligned,1,scale_separating,8192,0.0012189199523452371,2.3784975960864003e-06,0.0015422378532789294,0.0052228090081072875,0.9969482421875,0.0014329221358576406,0.14404166581487052,0.14407288121969392,,,,0.0030517578125,0.0012195840233707558,2.370881820122024e-06,0.997314453125,0.11802883782636871,0.02075060220892326,0.7061767578125,0.20007975245718942,0.05785764805840335,0.46630859375,,,,,
constructed calibration development; no ordinary-trained replicate claim,v2/work_logs/F15_ND01_v1_run1/evaluation_attempt_1/calibration_3_evaluation.json,7efc323b5d63855cf4e7e975c0720073b7298abe7d171a0b751e9b9746924721,searched_alignment,3,1511694,inv_one_minus_eta/permuted_concept,inv_one_minus_eta,permuted_concept,0,mixed_near,8192,0.0520615240723169,0.0038151618778807413,0.06176699667201523,0.15210266790543137,0.864013671875,0.06176530440449731,0.2217015926741635,0.275595461861407,,,,0.135986328125,0.0011830989901115635,2.2244494052544e-06,1.0,0.19318473077946496,0.04914383076982698,0.2637939453125,0.1088035724702209,0.016855360501813133,0.7298583984375,,,,,
constructed calibration development; no ordinary-trained replicate claim,v2/work_logs/F15_ND01_v1_run1/evaluation_attempt_1/calibration_3_evaluation.json,7efc323b5d63855cf4e7e975c0720073b7298abe7d171a0b751e9b9746924721,searched_alignment,3,1511694,inv_one_minus_eta/permuted_concept,inv_one_minus_eta,permuted_concept,0,mixed_far,8192,0.047209721990439504,0.0029541828510731773,0.05435239508129497,0.15236740223622314,0.9822998046875,0.05432878354704389,0.2044665837916562,0.2503290883096444,,,,0.0177001953125,0.0011779690020074954,2.2431207617047293e-06,0.997314453125,0.1750526433622493,0.041796030240399754,0.777099609375,0.1263927467073599,0.02231171392942444,0.77783203125,,,,,
constructed calibration development; no ordinary-trained replicate claim,v2/work_logs/F15_ND01_v1_run1/evaluation_attempt_1/calibration_3_evaluation.json,7efc323b5d63855cf4e7e975c0720073b7298abe7d171a0b751e9b9746924721,searched_alignment,3,1511694,inv_one_minus_eta/permuted_concept,inv_one_minus_eta,permuted_concept,0,preserve_other,8192,0.05024011569127079,0.0034244099413017256,0.05851845812478081,0.1801667863930171,0.9290771484375,0.058527208481331916,0.2236402628514486,0.27548832852888655,,,,0.0709228515625,0.0012381582438097446,2.4289435145901984e-06,0.9962158203125,0.1931455329497087,0.05000520733624886,0.4697265625,0.07463701590143766,0.006587500512464296,0.82763671875,,,,,
constructed calibration development; no ordinary-trained replicate claim,v2/work_logs/F15_ND01_v1_run1/evaluation_attempt_1/calibration_3_evaluation.json,7efc323b5d63855cf4e7e975c0720073b7298abe7d171a0b751e9b9746924721,searched_alignment,3,1511694,inv_one_minus_eta/permuted_concept,inv_one_minus_eta,permuted_concept,0,equal_target,8192,0.024222323176457772,0.000879099794787592,0.029649617110303332,0.09813637473222564,0.928466796875,0.02961325858992705,0.08590244863180106,0.08636617671163868,,,,0.071533203125,0.0012318339612018836,2.3990588554093024e-06,0.996826171875,0.07831012790226047,0.007374410943066413,0.787353515625,0.10785051832769178,0.018003403223525914,0.669677734375,,,,,
constructed calibration development; no ordinary-trained replicate claim,v2/work_logs/F15_ND01_v1_run1/evaluation_attempt_1/calibration_3_evaluation.json,7efc323b5d63855cf4e7e975c0720073b7298abe7d171a0b751e9b9746924721,searched_alignment,3,1511694,inv_one_minus_eta/permuted_concept,inv_one_minus_eta,permuted_concept,0,scale_separating,8192,0.05349996792737366,0.003919664887220313,0.06260722711652636,0.16668850356508813,0.9246826171875,0.06259688610956113,0.25884884588194007,0.31290451055929785,,,,0.0753173828125,0.0012080742637828054,2.3171484640016202e-06,0.9970703125,0.22269333185147455,0.06698733497526836,0.4150390625,0.11319927352990768,0.01898754919454626,0.728271484375,,,,,
constructed calibration development; no ordinary-trained replicate claim,v2/work_logs/F15_ND01_v1_run1/evaluation_attempt_1/calibration_3_evaluation.json,7efc323b5d63855cf4e7e975c0720073b7298abe7d171a0b751e9b9746924721,searched_alignment,3,1511694,inv_one_minus_eta/permuted_concept,inv_one_minus_eta,permuted_concept,1,mixed_near,8192,0.04193559698198945,0.002545534860940164,0.05045329385620095,0.13052313040574465,0.953125,0.05051300590875014,0.13005603598173068,0.1426082466687252,,,,0.046875,0.0011960603224483969,2.2812672328830914e-06,1.0,0.10926366375916441,0.016912427020113672,0.7244873046875,0.19548664822206713,0.05009841482169687,0.257568359375,,,,,
constructed calibration development; no ordinary-trained replicate claim,v2/work_logs/F15_ND01_v1_run1/evaluation_attempt_1/calibration_3_evaluation.json,7efc323b5d63855cf4e7e975c0720073b7298abe7d171a0b751e9b9746924721,searched_alignment,3,1511694,inv_one_minus_eta/permuted_concept,inv_one_minus_eta,permuted_concept,1,mixed_far,8192,0.03371665169476959,0.0017712000281478921,0.04208562733461261,0.15122432464045377,0.9500732421875,0.04214401585476591,0.14813544308944018,0.1565224924844429,,,,0.0499267578125,0.0012002070568088526,2.296907152677194e-06,0.9969482421875,0.1255517528375077,0.021951528909475847,0.7867431640625,0.17404973176385868,0.041391465255799106,0.77099609375,,,,,
constructed calibration development; no ordinary-trained replicate claim,v2/work_logs/F15_ND01_v1_run1/evaluation_attempt_1/calibration_3_evaluation.json,7efc323b5d63855cf4e7e975c0720073b7298abe7d171a0b751e9b9746924721,searched_alignment,3,1511694,inv_one_minus_eta/permuted_concept,inv_one_minus_eta,permuted_concept,1,preserve_other,8192,0.05018263886493629,0.0032329280742533382,0.05685884341290577,0.15559422672635426,0.878173828125,0.05687549967744266,0.1329873581280787,0.14320473339597323,,,,0.121826171875,0.0012319690885234384,2.4082169818297143e-06,0.9971923828125,0.10713906102815796,0.017691925444097693,0.6795654296875,0.07843284420550312,0.0074270292334592935,0.777099609375,,,,,
constructed calibration development; no ordinary-trained replicate claim,v2/work_logs/F15_ND01_v1_run1/evaluation_attempt_1/calibration_3_evaluation.json,7efc323b5d63855cf4e7e975c0720073b7298abe7d171a0b751e9b9746924721,searched_alignment,3,1511694,inv_one_minus_eta/permuted_concept,inv_one_minus_eta,permuted_concept,1,equal_target,8192,0.052039400826765884,0.003179663595677208,0.05638850588264605,0.1431199031638999,0.9295654296875,0.056400217101045425,0.08005928337739687,0.13570827924697504,,,,0.0704345703125,0.0012436473146298316,2.445142481420977e-06,0.9971923828125,0.07377254968555196,0.006414055207498685,0.8404541015625,0.19390859310584418,0.05042187835424619,0.4871826171875,,,,,
constructed calibration development; no ordinary-trained replicate claim,v2/work_logs/F15_ND01_v1_run1/evaluation_attempt_1/calibration_3_evaluation.json,7efc323b5d63855cf4e7e975c0720073b7298abe7d171a0b751e9b9746924721,searched_alignment,3,1511694,inv_one_minus_eta/permuted_concept,inv_one_minus_eta,permuted_concept,1,scale_separating,8192,0.05859408285393013,0.004004686131225254,0.0632825894794552,0.1499682470486896,0.888916015625,0.06331887342704362,0.14404166581487052,0.15714377438513558,,,,0.111083984375,0.0012195840233707558,2.370881820122024e-06,0.997314453125,0.11802883782636871,0.02075060220892326,0.7061767578125,0.20007975245718942,0.05785764805840335,0.46630859375,,,,,
constructed calibration development; no ordinary-trained replicate claim,v2/work_logs/F15_ND01_v1_run1/evaluation_attempt_1/calibration_3_evaluation.json,7efc323b5d63855cf4e7e975c0720073b7298abe7d171a0b751e9b9746924721,searched_alignment,3,1511694,inv_one_minus_eta/random,inv_one_minus_eta,random,0,mixed_near,8192,0.058513110749596954,0.0053388311820494125,0.07306730583543787,0.2352702828301858,0.7139892578125,0.07311123364383941,0.2217015926741635,0.22091850063183138,,,,0.2860107421875,0.0011830989901115635,2.2244494052544e-06,1.0,0.19318473077946496,0.04914383076982698,0.2637939453125,0.1088035724702209,0.016855360501813133,0.7298583984375,,,,,
constructed calibration development; no ordinary-trained replicate claim,v2/work_logs/F15_ND01_v1_run1/evaluation_attempt_1/calibration_3_evaluation.json,7efc323b5d63855cf4e7e975c0720073b7298abe7d171a0b751e9b9746924721,searched_alignment,3,1511694,inv_one_minus_eta/random,inv_one_minus_eta,random,0,mixed_far,8192,0.05625006759148264,0.004876575637110718,0.06983248267898484,0.27501500997335687,0.9951171875,0.06986921005918839,0.2044665837916562,0.21919226606407335,,,,0.0048828125,0.0011779690020074954,2.2431207617047293e-06,0.997314453125,0.1750526433622493,0.041796030240399754,0.777099609375,0.1263927467073599,0.02231171392942444,0.77783203125,,,,,
constructed calibration development; no ordinary-trained replicate claim,v2/work_logs/F15_ND01_v1_run1/evaluation_attempt_1/calibration_3_evaluation.json,7efc323b5d63855cf4e7e975c0720073b7298abe7d171a0b751e9b9746924721,searched_alignment,3,1511694,inv_one_minus_eta/random,inv_one_minus_eta,random,0,preserve_other,8192,0.05538140292689768,0.004965742261594487,0.07046802297208633,0.24153774680664192,0.8697509765625,0.07051344991062806,0.2236402628514486,0.2248702392711593,,,,0.1302490234375,0.0012381582438097446,2.4289435145901984e-06,0.9962158203125,0.1931455329497087,0.05000520733624886,0.4697265625,0.07463701590143766,0.006587500512464296,0.82763671875,,,,,
constructed calibration development; no ordinary-trained replicate claim,v2/work_logs/F15_ND01_v1_run1/evaluation_attempt_1/calibration_3_evaluation.json,7efc323b5d63855cf4e7e975c0720073b7298abe7d171a0b751e9b9746924721,searched_alignment,3,1511694,inv_one_minus_eta/random,inv_one_minus_eta,random,0,equal_target,8192,0.08596564678841852,0.009341197195128107,0.09664986909007227,0.26708960748137084,0.7684326171875,0.09668466626400904,0.08590244863180106,0.03203171637499507,,,,0.2315673828125,0.0012318339612018836,2.3990588554093024e-06,0.996826171875,0.07831012790226047,0.007374410943066413,0.787353515625,0.10785051832769178,0.018003403223525914,0.669677734375,,,,,
constructed calibration development; no ordinary-trained replicate claim,v2/work_logs/F15_ND01_v1_run1/evaluation_attempt_1/calibration_3_evaluation.json,7efc323b5d63855cf4e7e975c0720073b7298abe7d171a0b751e9b9746924721,searched_alignment,3,1511694,inv_one_minus_eta/random,inv_one_minus_eta,random,0,scale_separating,8192,0.07077824028315022,0.007872606140824285,0.08872770785287021,0.2867700131934636,0.8160400390625,0.08877562889577553,0.25884884588194007,0.24946446422119237,,,,0.1839599609375,0.0012080742637828054,2.3171484640016202e-06,0.9970703125,0.22269333185147455,0.06698733497526836,0.4150390625,0.11319927352990768,0.01898754919454626,0.728271484375,,,,,
constructed calibration development; no ordinary-trained replicate claim,v2/work_logs/F15_ND01_v1_run1/evaluation_attempt_1/calibration_3_evaluation.json,7efc323b5d63855cf4e7e975c0720073b7298abe7d171a0b751e9b9746924721,searched_alignment,3,1511694,inv_one_minus_eta/random,inv_one_minus_eta,random,1,mixed_near,8192,0.03176749011563024,0.0014679656262855062,0.038314039545387354,0.10007924643461474,0.9501953125,0.038381803594089194,0.13005603598173068,0.1370317553503888,,,,0.0498046875,0.0011960603224483969,2.2812672328830914e-06,1.0,0.10926366375916441,0.016912427020113672,0.7244873046875,0.19548664822206713,0.05009841482169687,0.257568359375,,,,,
constructed calibration development; no ordinary-trained replicate claim,v2/work_logs/F15_ND01_v1_run1/evaluation_attempt_1/calibration_3_evaluation.json,7efc323b5d63855cf4e7e975c0720073b7298abe7d171a0b751e9b9746924721,searched_alignment,3,1511694,inv_one_minus_eta/random,inv_one_minus_eta,random,1,mixed_far,8192,0.027082076761541903,0.001041992374307203,0.03227990666509435,0.1171949977160946,0.9776611328125,0.03231615704573958,0.14813544308944018,0.16047226016885932,,,,0.0223388671875,0.0012002070568088526,2.296907152677194e-06,0.9969482421875,0.1255517528375077,0.021951528909475847,0.7867431640625,0.17404973176385868,0.041391465255799106,0.77099609375,,,,,
constructed calibration development; no ordinary-trained replicate claim,v2/work_logs/F15_ND01_v1_run1/evaluation_attempt_1/calibration_3_evaluation.json,7efc323b5d63855cf4e7e975c0720073b7298abe7d171a0b751e9b9746924721,searched_alignment,3,1511694,inv_one_minus_eta/random,inv_one_minus_eta,random,1,preserve_other,8192,0.027181200498448438,0.001061622493129551,0.03258254890473658,0.11017130250101181,0.9373779296875,0.03261762555701475,0.1329873581280787,0.14141734969690264,,,,0.0626220703125,0.0012319690885234384,2.4082169818297143e-06,0.9971923828125,0.10713906102815796,0.017691925444097693,0.6795654296875,0.07843284420550312,0.0074270292334592935,0.777099609375,,,,,
constructed calibration development; no ordinary-trained replicate claim,v2/work_logs/F15_ND01_v1_run1/evaluation_attempt_1/calibration_3_evaluation.json,7efc323b5d63855cf4e7e975c0720073b7298abe7d171a0b751e9b9746924721,searched_alignment,3,1511694,inv_one_minus_eta/random,inv_one_minus_eta,random,1,equal_target,8192,0.03835068010468712,0.001835685186270701,0.042844896852142156,0.11098851342010907,0.9501953125,0.04284875912733261,0.08005928337739687,0.12031618397082576,,,,0.0498046875,0.0012436473146298316,2.445142481420977e-06,0.9971923828125,0.07377254968555196,0.006414055207498685,0.8404541015625,0.19390859310584418,0.05042187835424619,0.4871826171875,,,,,
constructed calibration development; no ordinary-trained replicate claim,v2/work_logs/F15_ND01_v1_run1/evaluation_attempt_1/calibration_3_evaluation.json,7efc323b5d63855cf4e7e975c0720073b7298abe7d171a0b751e9b9746924721,searched_alignment,3,1511694,inv_one_minus_eta/random,inv_one_minus_eta,random,1,scale_separating,8192,0.038168646086596925,0.0018936552000097598,0.04351614872676303,0.11090101221388585,0.9381103515625,0.04355524061732183,0.14404166581487052,0.15647847028772766,,,,0.0618896484375,0.0012195840233707558,2.370881820122024e-06,0.997314453125,0.11802883782636871,0.02075060220892326,0.7061767578125,0.20007975245718942,0.05785764805840335,0.46630859375,,,,,
constructed calibration development; no ordinary-trained replicate claim,v2/work_logs/F15_ND01_v1_run1/evaluation_attempt_1/calibration_3_evaluation.json,7efc323b5d63855cf4e7e975c0720073b7298abe7d171a0b751e9b9746924721,searched_alignment,3,1511694,inv_one_minus_eta/shuffled_donor,inv_one_minus_eta,shuffled_donor,0,mixed_near,8192,0.16858686755950725,0.038513461751191094,0.19624846942381766,0.5699178652508039,0.3260498046875,0.1962539157954932,0.2217015926741635,0.06805852954396455,,,,0.6739501953125,0.0011830989901115635,2.2244494052544e-06,1.0,0.19318473077946496,0.04914383076982698,0.2637939453125,0.1542364517072665,0.03365297089023243,0.5009765625,,,,,
constructed calibration development; no ordinary-trained replicate claim,v2/work_logs/F15_ND01_v1_run1/evaluation_attempt_1/calibration_3_evaluation.json,7efc323b5d63855cf4e7e975c0720073b7298abe7d171a0b751e9b9746924721,searched_alignment,3,1511694,inv_one_minus_eta/shuffled_donor,inv_one_minus_eta,shuffled_donor,0,mixed_far,8192,0.1718817248321327,0.04032596738557512,0.20081326496418286,0.5997865719509361,0.74072265625,0.20081936580862272,0.2044665837916562,0.07074588084266403,,,,0.25927734375,0.0011779690020074954,2.2431207617047293e-06,0.997314453125,0.1750526433622493,0.041796030240399754,0.777099609375,0.23276835438027765,0.07785487497216495,0.50048828125,,,,,
constructed calibration development; no ordinary-trained replicate claim,v2/work_logs/F15_ND01_v1_run1/evaluation_attempt_1/calibration_3_evaluation.json,7efc323b5d63855cf4e7e975c0720073b7298abe7d171a0b751e9b9746924721,searched_alignment,3,1511694,inv_one_minus_eta/shuffled_donor,inv_one_minus_eta,shuffled_donor,0,preserve_other,8192,0.1695102244022446,0.039663801225864395,0.19915772951573935,0.561318958605009,0.5367431640625,0.19916086058453478,0.2236402628514486,0.07588639626808172,,,,0.4632568359375,0.0012381582438097446,2.4289435145901984e-06,0.9962158203125,0.1931455329497087,0.05000520733624886,0.4697265625,0.185066773582403,0.051531471122692185,0.4921875,,,,,
constructed calibration development; no ordinary-trained replicate claim,v2/work_logs/F15_ND01_v1_run1/evaluation_attempt_1/calibration_3_evaluation.json,7efc323b5d63855cf4e7e975c0720073b7298abe7d171a0b751e9b9746924721,searched_alignment,3,1511694,inv_one_minus_eta/shuffled_donor,inv_one_minus_eta,shuffled_donor,0,equal_target,8192,0.06199020186159318,0.005862486407807872,0.07656687539535535,0.2597565356954259,0.8211669921875,0.0765339894180176,0.08590244863180106,0.07645944880567392,,,,0.1788330078125,0.0012318339612018836,2.3990588554093024e-06,0.996826171875,0.07831012790226047,0.007374410943066413,0.787353515625,0.158989439436228,0.03862536821088097,0.501953125,,,,,
constructed calibration development; no ordinary-trained replicate claim,v2/work_logs/F15_ND01_v1_run1/evaluation_attempt_1/calibration_3_evaluation.json,7efc323b5d63855cf4e7e975c0720073b7298abe7d171a0b751e9b9746924721,searched_alignment,3,1511694,inv_one_minus_eta/shuffled_donor,inv_one_minus_eta,shuffled_donor,0,scale_separating,8192,0.19407031614342451,0.05198579298277595,0.22800393194586788,0.6232953381191291,0.469482421875,0.22802324592760023,0.25884884588194007,0.0817683339112524,,,,0.530517578125,0.0012080742637828054,2.3171484640016202e-06,0.9970703125,0.22269333185147455,0.06698733497526836,0.4150390625,0.19263319510342214,0.056233895918956014,0.501220703125,,,,,
constructed calibration development; no ordinary-trained replicate claim,v2/work_logs/F15_ND01_v1_run1/evaluation_attempt_1/calibration_3_evaluation.json,7efc323b5d63855cf4e7e975c0720073b7298abe7d171a0b751e9b9746924721,searched_alignment,3,1511694,inv_one_minus_eta/shuffled_donor,inv_one_minus_eta,shuffled_donor,1,mixed_near,8192,0.09400239833540708,0.013429865888795318,0.11588729822027657,0.3348973995737489,0.7274169921875,0.11589183415215437,0.13005603598173068,0.12142910772087388,,,,0.2725830078125,0.0011960603224483969,2.2812672328830914e-06,1.0,0.10926366375916441,0.016912427020113672,0.7244873046875,0.15737301107655277,0.03480679090167017,0.4931640625,,,,,
constructed calibration development; no ordinary-trained replicate claim,v2/work_logs/F15_ND01_v1_run1/evaluation_attempt_1/calibration_3_evaluation.json,7efc323b5d63855cf4e7e975c0720073b7298abe7d171a0b751e9b9746924721,searched_alignment,3,1511694,inv_one_minus_eta/shuffled_donor,inv_one_minus_eta,shuffled_donor,1,mixed_far,8192,0.11017225873307253,0.01936091697119577,0.13914351214194562,0.3505156749284221,0.8052978515625,0.13913631438682825,0.14813544308944018,0.13347583074865366,,,,0.1947021484375,0.0012002070568088526,2.296907152677194e-06,0.9969482421875,0.1255517528375077,0.021951528909475847,0.7867431640625,0.2362998152694489,0.07945587128199305,0.489501953125,,,,,
constructed calibration development; no ordinary-trained replicate claim,v2/work_logs/F15_ND01_v1_run1/evaluation_attempt_1/calibration_3_evaluation.json,7efc323b5d63855cf4e7e975c0720073b7298abe7d171a0b751e9b9746924721,searched_alignment,3,1511694,inv_one_minus_eta/shuffled_donor,inv_one_minus_eta,shuffled_donor,1,preserve_other,8192,0.10276552206275794,0.0165520417805594,0.12865473866344526,0.34042588708615606,0.6983642578125,0.12867449703810838,0.1329873581280787,0.12815493812022036,,,,0.3016357421875,0.0012319690885234384,2.4082169818297143e-06,0.9971923828125,0.10713906102815796,0.017691925444097693,0.6795654296875,0.15803015591111694,0.038544803201791995,0.5155029296875,,,,,
constructed calibration development; no ordinary-trained replicate claim,v2/work_logs/F15_ND01_v1_run1/evaluation_attempt_1/calibration_3_evaluation.json,7efc323b5d63855cf4e7e975c0720073b7298abe7d171a0b751e9b9746924721,searched_alignment,3,1511694,inv_one_minus_eta/shuffled_donor,inv_one_minus_eta,shuffled_donor,1,equal_target,8192,0.08854943086252617,0.012169128901114592,0.11031377475689332,0.3387588437246285,0.8056640625,0.11033276619576893,0.08005928337739687,0.11415588532117919,,,,0.1943359375,0.0012436473146298316,2.445142481420977e-06,0.9971923828125,0.07377254968555196,0.006414055207498685,0.8404541015625,0.1890223952004944,0.053595297240066786,0.50244140625,,,,,
constructed calibration development; no ordinary-trained replicate claim,v2/work_logs/F15_ND01_v1_run1/evaluation_attempt_1/calibration_3_evaluation.json,7efc323b5d63855cf4e7e975c0720073b7298abe7d171a0b751e9b9746924721,searched_alignment,3,1511694,inv_one_minus_eta/shuffled_donor,inv_one_minus_eta,shuffled_donor,1,scale_separating,8192,0.10340493137773438,0.016480981764575083,0.128378276061704,0.3539364818118955,0.7451171875,0.12839217125536537,0.14404166581487052,0.13232871396186668,,,,0.2548828125,0.0012195840233707558,2.370881820122024e-06,0.997314453125,0.11802883782636871,0.02075060220892326,0.7061767578125,0.1877922377285796,0.053749111293476814,0.4932861328125,,,,,
constructed calibration development; no ordinary-trained replicate claim,v2/work_logs/F15_ND01_v1_run1/evaluation_attempt_1/calibration_3_evaluation.json,7efc323b5d63855cf4e7e975c0720073b7298abe7d171a0b751e9b9746924721,searched_alignment,3,1511694,inv_one_minus_eta/untrained,inv_one_minus_eta,untrained,0,mixed_near,8192,0.18780363063447222,0.04272568063904935,0.20670191251908956,0.46076994577342173,0.5028076171875,0.19335240348747026,0.2217015926741635,0.04558302039201575,,,,0.4971923828125,0.2123424337400466,0.07030663658252921,0.5538330078125,0.19574262534718428,0.04817221719733501,0.479736328125,0.2009780541744645,0.0552075271519127,0.476806640625,,,,,
constructed calibration development; no ordinary-trained replicate claim,v2/work_logs/F15_ND01_v1_run1/evaluation_attempt_1/calibration_3_evaluation.json,7efc323b5d63855cf4e7e975c0720073b7298abe7d171a0b751e9b9746924721,searched_alignment,3,1511694,inv_one_minus_eta/untrained,inv_one_minus_eta,untrained,0,mixed_far,8192,0.2022985170561356,0.06444889031723564,0.2538678599532356,0.6080031222922544,0.5626220703125,0.1826195711412775,0.2044665837916562,0.04360732376502334,,,,0.4373779296875,0.22430652335081577,0.07301819333537593,0.4951171875,0.20774992216078497,0.06805980513645071,0.5546875,0.27948447967907286,0.11431964658904456,0.476806640625,,,,,
constructed calibration development; no ordinary-trained replicate claim,v2/work_logs/F15_ND01_v1_run1/evaluation_attempt_1/calibration_3_evaluation.json,7efc323b5d63855cf4e7e975c0720073b7298abe7d171a0b751e9b9746924721,searched_alignment,3,1511694,inv_one_minus_eta/untrained,inv_one_minus_eta,untrained,0,preserve_other,8192,0.19804901396115906,0.0541048352453206,0.23260446093168677,0.6063578823337774,0.5657958984375,0.19643043157137405,0.2236402628514486,0.044431378958186094,,,,0.4342041015625,0.244501585979225,0.08350093652583138,0.4208984375,0.2046595932677525,0.05958776437793178,0.5396728515625,0.23575447446945413,0.08431707220488607,0.50830078125,,,,,
constructed calibration development; no ordinary-trained replicate claim,v2/work_logs/F15_ND01_v1_run1/evaluation_attempt_1/calibration_3_evaluation.json,7efc323b5d63855cf4e7e975c0720073b7298abe7d171a0b751e9b9746924721,searched_alignment,3,1511694,inv_one_minus_eta/untrained,inv_one_minus_eta,untrained,0,equal_target,8192,0.18561206611344966,0.04983034676826445,0.22322711924912808,0.6024666740819178,0.5513916015625,0.06665085934462953,0.08590244863180106,0.0376949432290481,,,,0.4486083984375,0.18313009166006267,0.05064654999890337,0.6009521484375,0.19055757088649594,0.0527512703173716,0.5562744140625,0.2101581448450855,0.0646315441030125,0.52001953125,,,,,
constructed calibration development; no ordinary-trained replicate claim,v2/work_logs/F15_ND01_v1_run1/evaluation_attempt_1/calibration_3_evaluation.json,7efc323b5d63855cf4e7e975c0720073b7298abe7d171a0b751e9b9746924721,searched_alignment,3,1511694,inv_one_minus_eta/untrained,inv_one_minus_eta,untrained,0,scale_separating,8192,0.18608576505054603,0.04700127383809432,0.21679777175537188,0.5848887501636761,0.5897216796875,0.22274160457284986,0.25884884588194007,0.05064771606371788,,,,0.4102783203125,0.2233977073119626,0.07462116762553869,0.5096435546875,0.19685694947250404,0.054800797066841746,0.5426025390625,0.24283813265697715,0.0897542240547424,0.493408203125,,,,,
constructed calibration development; no ordinary-trained replicate claim,v2/work_logs/F15_ND01_v1_run1/evaluation_attempt_1/calibration_3_evaluation.json,7efc323b5d63855cf4e7e975c0720073b7298abe7d171a0b751e9b9746924721,searched_alignment,3,1511694,inv_one_minus_eta/untrained,inv_one_minus_eta,untrained,1,mixed_near,8192,0.18712361994341548,0.04124030028080855,0.2030770796540283,0.4291428420283334,0.5059814453125,0.1543820074663841,0.13005603598173068,0.11329383740129204,,,,0.4940185546875,0.228399292082217,0.07717789562965757,0.4853515625,0.2042396445634022,0.05687508835411237,0.4603271484375,0.19759287455212765,0.04905175156671642,0.468994140625,,,,,
constructed calibration development; no ordinary-trained replicate claim,v2/work_logs/F15_ND01_v1_run1/evaluation_attempt_1/calibration_3_evaluation.json,7efc323b5d63855cf4e7e975c0720073b7298abe7d171a0b751e9b9746924721,searched_alignment,3,1511694,inv_one_minus_eta/untrained,inv_one_minus_eta,untrained,1,mixed_far,8192,0.2082960203572741,0.06963102746220762,0.26387691725917906,0.5806046074416407,0.5364990234375,0.13284951364299774,0.14813544308944018,0.1331249248917645,,,,0.4635009765625,0.2167126214126755,0.07085510065347883,0.5418701171875,0.2771888230252778,0.1130324276250719,0.4844970703125,0.2090141657319707,0.06889093236690844,0.5499267578125,,,,,
constructed calibration development; no ordinary-trained replicate claim,v2/work_logs/F15_ND01_v1_run1/evaluation_attempt_1/calibration_3_evaluation.json,7efc323b5d63855cf4e7e975c0720073b7298abe7d171a0b751e9b9746924721,searched_alignment,3,1511694,inv_one_minus_eta/untrained,inv_one_minus_eta,untrained,1,preserve_other,8192,0.1872385538353124,0.049998583842491624,0.22360363110310089,0.5876953930928619,0.5758056640625,0.12294567354413433,0.1329873581280787,0.09193983019142549,,,,0.4241943359375,0.17970545905034657,0.04948757063994503,0.612060546875,0.19623878514986037,0.058131905043779325,0.559326171875,0.18205672378124954,0.04818556009280829,0.5814208984375,,,,,
constructed calibration development; no ordinary-trained replicate claim,v2/work_logs/F15_ND01_v1_run1/evaluation_attempt_1/calibration_3_evaluation.json,7efc323b5d63855cf4e7e975c0720073b7298abe7d171a0b751e9b9746924721,searched_alignment,3,1511694,inv_one_minus_eta/untrained,inv_one_minus_eta,untrained,1,equal_target,8192,0.20861384899115334,0.05976410861550939,0.24446698880525647,0.576117993408816,0.4951171875,0.09134099282532375,0.08005928337739687,0.15448494584316272,,,,0.5048828125,0.24415748621156144,0.08368400499590013,0.4283447265625,0.27843781452603544,0.11068486386668722,0.4117431640625,0.22330436327882852,0.06923567367553998,0.4581298828125,,,,,
constructed calibration development; no ordinary-trained replicate claim,v2/work_logs/F15_ND01_v1_run1/evaluation_attempt_1/calibration_3_evaluation.json,7efc323b5d63855cf4e7e975c0720073b7298abe7d171a0b751e9b9746924721,searched_alignment,3,1511694,inv_one_minus_eta/untrained,inv_one_minus_eta,untrained,1,scale_separating,8192,0.18441796272717248,0.046809295219400776,0.21635455904464038,0.5743383830783779,0.58349609375,0.1587666867604413,0.14404166581487052,0.1454175970724262,,,,0.41650390625,0.21805297413363622,0.07197390838775428,0.522705078125,0.22853230260918894,0.08038615393561349,0.5103759765625,0.19096698213207514,0.052275757925590555,0.5538330078125,,,,,
constructed calibration development; no ordinary-trained replicate claim,v2/work_logs/F15_ND01_v1_run1/evaluation_attempt_1/calibration_3_evaluation.json,7efc323b5d63855cf4e7e975c0720073b7298abe7d171a0b751e9b9746924721,searched_alignment,3,1511694,inv_total_cost/aligned,inv_total_cost,aligned,0,mixed_near,8192,0.09927692879672201,0.014409844140696577,0.12004101024523485,0.3471831388971721,0.6619873046875,0.1200018371965443,0.14708474230409385,0.08642527441321973,,,,0.3380126953125,0.0011830989901115635,2.2244494052544e-06,1.0,0.12586245799878854,0.021634653351088974,0.6343994140625,0.12601965825859462,0.021760012051066285,0.6180419921875,,,,,
constructed calibration development; no ordinary-trained replicate claim,v2/work_logs/F15_ND01_v1_run1/evaluation_attempt_1/calibration_3_evaluation.json,7efc323b5d63855cf4e7e975c0720073b7298abe7d171a0b751e9b9746924721,searched_alignment,3,1511694,inv_total_cost/aligned,inv_total_cost,aligned,0,mixed_far,8192,0.07615705104522885,0.009378233969650918,0.09684128236269343,0.3438476196186294,0.8433837890625,0.09675001077649509,0.11851577882461238,0.08245246449124562,,,,0.1566162109375,0.0011779690020074954,2.2431207617047293e-06,0.997314453125,0.0901502505427753,0.014048494644322802,0.802978515625,0.08934903503803855,0.013855078087472938,0.79736328125,,,,,
constructed calibration development; no ordinary-trained replicate claim,v2/work_logs/F15_ND01_v1_run1/evaluation_attempt_1/calibration_3_evaluation.json,7efc323b5d63855cf4e7e975c0720073b7298abe7d171a0b751e9b9746924721,searched_alignment,3,1511694,inv_total_cost/aligned,inv_total_cost,aligned,0,preserve_other,8192,0.0715411243748585,0.007928278042424595,0.08904087849086281,0.29774759052779615,0.7955322265625,0.08900013226843566,0.08693279586621087,0.10565669451257312,,,,0.2044677734375,0.0012381582438097446,2.4289435145901984e-06,0.9962158203125,0.07303390013297963,0.0075575129930481565,0.77783203125,0.0744274697751508,0.007293164596708246,0.772216796875,,,,,
constructed calibration development; no ordinary-trained replicate claim,v2/work_logs/F15_ND01_v1_run1/evaluation_attempt_1/calibration_3_evaluation.json,7efc323b5d63855cf4e7e975c0720073b7298abe7d171a0b751e9b9746924721,searched_alignment,3,1511694,inv_total_cost/aligned,inv_total_cost,aligned,0,equal_target,8192,0.07092008374778802,0.008243142069836534,0.09079175111119145,0.32544956572887623,0.7939453125,0.09072604998945463,0.08502560256576808,0.09707850533051653,,,,0.2060546875,0.0012318339612018836,2.3990588554093024e-06,0.996826171875,0.07425200714020136,0.007230134465625921,0.783935546875,0.07321267904763998,0.007481159004799454,0.773681640625,,,,,
constructed calibration development; no ordinary-trained replicate claim,v2/work_logs/F15_ND01_v1_run1/evaluation_attempt_1/calibration_3_evaluation.json,7efc323b5d63855cf4e7e975c0720073b7298abe7d171a0b751e9b9746924721,searched_alignment,3,1511694,inv_total_cost/aligned,inv_total_cost,aligned,0,scale_separating,8192,0.08744036788326612,0.010789290548740386,0.10387150980293097,0.38681674224773993,0.72265625,0.10383528054726496,0.13981771044692687,0.11920938641505985,,,,0.27734375,0.0012080742637828054,2.3171484640016202e-06,0.9970703125,0.11203002394914705,0.019544123037995728,0.6925048828125,0.11202576353214586,0.019487262591095574,0.6871337890625,,,,,
constructed calibration development; no ordinary-trained replicate claim,v2/work_logs/F15_ND01_v1_run1/evaluation_attempt_1/calibration_3_evaluation.json,7efc323b5d63855cf4e7e975c0720073b7298abe7d171a0b751e9b9746924721,searched_alignment,3,1511694,inv_total_cost/aligned,inv_total_cost,aligned,1,mixed_near,8192,0.05849673195116792,0.005678522492292108,0.07535597184226416,0.2693382365736755,0.5638427734375,0.07536327988482831,0.1483822617334711,0.1549825701451976,,,,0.4361572265625,0.0011960603224483969,2.2812672328830914e-06,1.0,0.12796183325525404,0.02200584092636445,0.611572265625,0.12784699962841412,0.021965869055289723,0.6226806640625,,,,,
constructed calibration development; no ordinary-trained replicate claim,v2/work_logs/F15_ND01_v1_run1/evaluation_attempt_1/calibration_3_evaluation.json,7efc323b5d63855cf4e7e975c0720073b7298abe7d171a0b751e9b9746924721,searched_alignment,3,1511694,inv_total_cost/aligned,inv_total_cost,aligned,1,mixed_far,8192,0.10721519759588334,0.015712026049199274,0.12534762083581513,0.2974906425621309,0.919189453125,0.12536041394337386,0.11525804013673314,0.1630536222384494,,,,0.080810546875,0.0012002070568088526,2.296907152677194e-06,0.9969482421875,0.08698674587822089,0.013283364916019967,0.8067626953125,0.08769942879814445,0.013532933283356922,0.8017578125,,,,,
constructed calibration development; no ordinary-trained replicate claim,v2/work_logs/F15_ND01_v1_run1/evaluation_attempt_1/calibration_3_evaluation.json,7efc323b5d63855cf4e7e975c0720073b7298abe7d171a0b751e9b9746924721,searched_alignment,3,1511694,inv_total_cost/aligned,inv_total_cost,aligned,1,preserve_other,8192,0.06603384503763712,0.0061340767809398445,0.07832034717070555,0.24450836202433512,0.7972412109375,0.07832792917705961,0.08787593019404873,0.16089727696285677,,,,0.2027587890625,0.0012319690885234384,2.4082169818297143e-06,0.9971923828125,0.07407425639853837,0.00772354759450186,0.781982421875,0.07523910059438116,0.007480101575601337,0.7698974609375,,,,,
constructed calibration development; no ordinary-trained replicate claim,v2/work_logs/F15_ND01_v1_run1/evaluation_attempt_1/calibration_3_evaluation.json,7efc323b5d63855cf4e7e975c0720073b7298abe7d171a0b751e9b9746924721,searched_alignment,3,1511694,inv_total_cost/aligned,inv_total_cost,aligned,1,equal_target,8192,0.08192108291360847,0.009055307610767137,0.0951593800461475,0.2839610588978646,0.766845703125,0.09516487369134809,0.08562380189709022,0.017688044694497026,,,,0.233154296875,0.0012436473146298316,2.445142481420977e-06,0.9971923828125,0.07465736053668671,0.007333029300378058,0.7742919921875,0.07387078248503834,0.007637768671568415,0.7716064453125,,,,,
constructed calibration development; no ordinary-trained replicate claim,v2/work_logs/F15_ND01_v1_run1/evaluation_attempt_1/calibration_3_evaluation.json,7efc323b5d63855cf4e7e975c0720073b7298abe7d171a0b751e9b9746924721,searched_alignment,3,1511694,inv_total_cost/aligned,inv_total_cost,aligned,1,scale_separating,8192,0.10627943686174679,0.013734775472780139,0.11719545841362684,0.33843604182245496,0.6453857421875,0.11718799533354725,0.14035437563273126,0.1758016111556703,,,,0.3546142578125,0.0012195840233707558,2.370881820122024e-06,0.997314453125,0.11241799570549857,0.019697422198280284,0.6932373046875,0.11188249731702743,0.01929468770370857,0.693115234375,,,,,
constructed calibration development; no ordinary-trained replicate claim,v2/work_logs/F15_ND01_v1_run1/evaluation_attempt_1/calibration_3_evaluation.json,7efc323b5d63855cf4e7e975c0720073b7298abe7d171a0b751e9b9746924721,searched_alignment,3,1511694,inv_total_cost/permuted_concept,inv_total_cost,permuted_concept,0,mixed_near,8192,0.10867468795879251,0.016546613832676395,0.12863364191639912,0.3604490197421221,0.6495361328125,0.12861034765869417,0.14708474230409385,0.05275375232408556,,,,0.3504638671875,0.0011830989901115635,2.2244494052544e-06,1.0,0.12586245799878854,0.021634653351088974,0.6343994140625,0.12601965825859462,0.021760012051066285,0.6180419921875,,,,,
constructed calibration development; no ordinary-trained replicate claim,v2/work_logs/F15_ND01_v1_run1/evaluation_attempt_1/calibration_3_evaluation.json,7efc323b5d63855cf4e7e975c0720073b7298abe7d171a0b751e9b9746924721,searched_alignment,3,1511694,inv_total_cost/permuted_concept,inv_total_cost,permuted_concept,0,mixed_far,8192,0.0779012081052245,0.010291183339580255,0.10144546978342726,0.3720735856711474,0.840087890625,0.10138383976829017,0.11851577882461238,0.051912246220453595,,,,0.159912109375,0.0011779690020074954,2.2431207617047293e-06,0.997314453125,0.0901502505427753,0.014048494644322802,0.802978515625,0.08934903503803855,0.013855078087472938,0.79736328125,,,,,
constructed calibration development; no ordinary-trained replicate claim,v2/work_logs/F15_ND01_v1_run1/evaluation_attempt_1/calibration_3_evaluation.json,7efc323b5d63855cf4e7e975c0720073b7298abe7d171a0b751e9b9746924721,searched_alignment,3,1511694,inv_total_cost/permuted_concept,inv_total_cost,permuted_concept,0,preserve_other,8192,0.05718992585281793,0.005345394854859333,0.07311220729029683,0.2493096309528518,0.8262939453125,0.07308493011342536,0.08693279586621087,0.06801454701543126,,,,0.1737060546875,0.0012381582438097446,2.4289435145901984e-06,0.9962158203125,0.07303390013297963,0.0075575129930481565,0.77783203125,0.0744274697751508,0.007293164596708246,0.772216796875,,,,,
constructed calibration development; no ordinary-trained replicate claim,v2/work_logs/F15_ND01_v1_run1/evaluation_attempt_1/calibration_3_evaluation.json,7efc323b5d63855cf4e7e975c0720073b7298abe7d171a0b751e9b9746924721,searched_alignment,3,1511694,inv_total_cost/permuted_concept,inv_total_cost,permuted_concept,0,equal_target,8192,0.06319389252968319,0.006431076770899541,0.08019399460620191,0.2535182437869184,0.8089599609375,0.08014857978356663,0.08502560256576808,0.06042127322525705,,,,0.1910400390625,0.0012318339612018836,2.3990588554093024e-06,0.996826171875,0.07425200714020136,0.007230134465625921,0.783935546875,0.07321267904763998,0.007481159004799454,0.773681640625,,,,,
constructed calibration development; no ordinary-trained replicate claim,v2/work_logs/F15_ND01_v1_run1/evaluation_attempt_1/calibration_3_evaluation.json,7efc323b5d63855cf4e7e975c0720073b7298abe7d171a0b751e9b9746924721,searched_alignment,3,1511694,inv_total_cost/permuted_concept,inv_total_cost,permuted_concept,0,scale_separating,8192,0.08843330247086016,0.011687545099753255,0.10810895013713367,0.4283255800133417,0.7244873046875,0.10809906876209507,0.13981771044692687,0.07404927628622768,,,,0.2755126953125,0.0012080742637828054,2.3171484640016202e-06,0.9970703125,0.11203002394914705,0.019544123037995728,0.6925048828125,0.11202576353214586,0.019487262591095574,0.6871337890625,,,,,
constructed calibration development; no ordinary-trained replicate claim,v2/work_logs/F15_ND01_v1_run1/evaluation_attempt_1/calibration_3_evaluation.json,7efc323b5d63855cf4e7e975c0720073b7298abe7d171a0b751e9b9746924721,searched_alignment,3,1511694,inv_total_cost/permuted_concept,inv_total_cost,permuted_concept,1,mixed_near,8192,0.09412507481614604,0.012790191110796767,0.1130937271063111,0.31261795687530947,0.6658935546875,0.11310946466676043,0.1483822617334711,0.07669555643763941,,,,0.3341064453125,0.0011960603224483969,2.2812672328830914e-06,1.0,0.12796183325525404,0.02200584092636445,0.611572265625,0.12784699962841412,0.021965869055289723,0.6226806640625,,,,,
constructed calibration development; no ordinary-trained replicate claim,v2/work_logs/F15_ND01_v1_run1/evaluation_attempt_1/calibration_3_evaluation.json,7efc323b5d63855cf4e7e975c0720073b7298abe7d171a0b751e9b9746924721,searched_alignment,3,1511694,inv_total_cost/permuted_concept,inv_total_cost,permuted_concept,1,mixed_far,8192,0.06835186406371,0.007726508181914116,0.08790055848465421,0.34280439303210597,0.84765625,0.08787068236060014,0.11525804013673314,0.06945699800049149,,,,0.15234375,0.0012002070568088526,2.296907152677194e-06,0.9969482421875,0.08698674587822089,0.013283364916019967,0.8067626953125,0.08769942879814445,0.013532933283356922,0.8017578125,,,,,
constructed calibration development; no ordinary-trained replicate claim,v2/work_logs/F15_ND01_v1_run1/evaluation_attempt_1/calibration_3_evaluation.json,7efc323b5d63855cf4e7e975c0720073b7298abe7d171a0b751e9b9746924721,searched_alignment,3,1511694,inv_total_cost/permuted_concept,inv_total_cost,permuted_concept,1,preserve_other,8192,0.05989176569545679,0.005732563259719846,0.07571369268315901,0.24802310330379873,0.8328857421875,0.07568673692208562,0.08787593019404873,0.08622106092072827,,,,0.1671142578125,0.0012319690885234384,2.4082169818297143e-06,0.9971923828125,0.07407425639853837,0.00772354759450186,0.781982421875,0.07523910059438116,0.007480101575601337,0.7698974609375,,,,,
constructed calibration development; no ordinary-trained replicate claim,v2/work_logs/F15_ND01_v1_run1/evaluation_attempt_1/calibration_3_evaluation.json,7efc323b5d63855cf4e7e975c0720073b7298abe7d171a0b751e9b9746924721,searched_alignment,3,1511694,inv_total_cost/permuted_concept,inv_total_cost,permuted_concept,1,equal_target,8192,0.05783418268520577,0.0056998313959543065,0.07549722773687989,0.29362513628265413,0.8170166015625,0.07547037972013312,0.08562380189709022,0.0846530305943569,,,,0.1829833984375,0.0012436473146298316,2.445142481420977e-06,0.9971923828125,0.07465736053668671,0.007333029300378058,0.7742919921875,0.07387078248503834,0.007637768671568415,0.7716064453125,,,,,
constructed calibration development; no ordinary-trained replicate claim,v2/work_logs/F15_ND01_v1_run1/evaluation_attempt_1/calibration_3_evaluation.json,7efc323b5d63855cf4e7e975c0720073b7298abe7d171a0b751e9b9746924721,searched_alignment,3,1511694,inv_total_cost/permuted_concept,inv_total_cost,permuted_concept,1,scale_separating,8192,0.07903473439986385,0.009050359590209407,0.09513337789760966,0.3337829793883055,0.7403564453125,0.09510855516428082,0.14035437563273126,0.10241259326651046,,,,0.2596435546875,0.0012195840233707558,2.370881820122024e-06,0.997314453125,0.11241799570549857,0.019697422198280284,0.6932373046875,0.11188249731702743,0.01929468770370857,0.693115234375,,,,,
constructed calibration development; no ordinary-trained replicate claim,v2/work_logs/F15_ND01_v1_run1/evaluation_attempt_1/calibration_3_evaluation.json,7efc323b5d63855cf4e7e975c0720073b7298abe7d171a0b751e9b9746924721,searched_alignment,3,1511694,inv_total_cost/random,inv_total_cost,random,0,mixed_near,8192,0.09036235722109162,0.012176169243867897,0.11034568067608218,0.30659401161565736,0.692138671875,0.11031028772005283,0.14708474230409385,0.09320156849662549,,,,0.307861328125,0.0011830989901115635,2.2244494052544e-06,1.0,0.12586245799878854,0.021634653351088974,0.6343994140625,0.12601965825859462,0.021760012051066285,0.6180419921875,,,,,
constructed calibration development; no ordinary-trained replicate claim,v2/work_logs/F15_ND01_v1_run1/evaluation_attempt_1/calibration_3_evaluation.json,7efc323b5d63855cf4e7e975c0720073b7298abe7d171a0b751e9b9746924721,searched_alignment,3,1511694,inv_total_cost/random,inv_total_cost,random,0,mixed_far,8192,0.07184429345000598,0.008247933518056099,0.09081813430177972,0.3216436646023752,0.8414306640625,0.09073672453164301,0.11851577882461238,0.08641163032261491,,,,0.1585693359375,0.0011779690020074954,2.2431207617047293e-06,0.997314453125,0.0901502505427753,0.014048494644322802,0.802978515625,0.08934903503803855,0.013855078087472938,0.79736328125,,,,,
constructed calibration development; no ordinary-trained replicate claim,v2/work_logs/F15_ND01_v1_run1/evaluation_attempt_1/calibration_3_evaluation.json,7efc323b5d63855cf4e7e975c0720073b7298abe7d171a0b751e9b9746924721,searched_alignment,3,1511694,inv_total_cost/random,inv_total_cost,random,0,preserve_other,8192,0.07214274282057982,0.007963105778067702,0.08923623579055596,0.27431984905134904,0.800537109375,0.0891970320000159,0.08693279586621087,0.10384174897677398,,,,0.199462890625,0.0012381582438097446,2.4289435145901984e-06,0.9962158203125,0.07303390013297963,0.0075575129930481565,0.77783203125,0.0744274697751508,0.007293164596708246,0.772216796875,,,,,
constructed calibration development; no ordinary-trained replicate claim,v2/work_logs/F15_ND01_v1_run1/evaluation_attempt_1/calibration_3_evaluation.json,7efc323b5d63855cf4e7e975c0720073b7298abe7d171a0b751e9b9746924721,searched_alignment,3,1511694,inv_total_cost/random,inv_total_cost,random,0,equal_target,8192,0.06697328494205601,0.007245055333448087,0.08511789079534389,0.29950123933077116,0.8033447265625,0.08506390969882383,0.08502560256576808,0.10405257369079138,,,,0.1966552734375,0.0012318339612018836,2.3990588554093024e-06,0.996826171875,0.07425200714020136,0.007230134465625921,0.783935546875,0.07321267904763998,0.007481159004799454,0.773681640625,,,,,
constructed calibration development; no ordinary-trained replicate claim,v2/work_logs/F15_ND01_v1_run1/evaluation_attempt_1/calibration_3_evaluation.json,7efc323b5d63855cf4e7e975c0720073b7298abe7d171a0b751e9b9746924721,searched_alignment,3,1511694,inv_total_cost/random,inv_total_cost,random,0,scale_separating,8192,0.08289387292868924,0.009632201178407771,0.09814377809320247,0.3675895463441699,0.73828125,0.09811208536210313,0.13981771044692687,0.12474386724302504,,,,0.26171875,0.0012080742637828054,2.3171484640016202e-06,0.9970703125,0.11203002394914705,0.019544123037995728,0.6925048828125,0.11202576353214586,0.019487262591095574,0.6871337890625,,,,,
constructed calibration development; no ordinary-trained replicate claim,v2/work_logs/F15_ND01_v1_run1/evaluation_attempt_1/calibration_3_evaluation.json,7efc323b5d63855cf4e7e975c0720073b7298abe7d171a0b751e9b9746924721,searched_alignment,3,1511694,inv_total_cost/random,inv_total_cost,random,1,mixed_near,8192,0.09420021850279406,0.012821884754067966,0.11323376154693425,0.31261795687530947,0.6695556640625,0.11324841190271918,0.1483822617334711,0.07618492146864109,,,,0.3304443359375,0.0011960603224483969,2.2812672328830914e-06,1.0,0.12796183325525404,0.02200584092636445,0.611572265625,0.12784699962841412,0.021965869055289723,0.6226806640625,,,,,
constructed calibration development; no ordinary-trained replicate claim,v2/work_logs/F15_ND01_v1_run1/evaluation_attempt_1/calibration_3_evaluation.json,7efc323b5d63855cf4e7e975c0720073b7298abe7d171a0b751e9b9746924721,searched_alignment,3,1511694,inv_total_cost/random,inv_total_cost,random,1,mixed_far,8192,0.06948972911103388,0.007995059534457241,0.08941509679275218,0.35396809108275823,0.8463134765625,0.0893877985666415,0.11525804013673314,0.06900959266926576,,,,0.1536865234375,0.0012002070568088526,2.296907152677194e-06,0.9969482421875,0.08698674587822089,0.013283364916019967,0.8067626953125,0.08769942879814445,0.013532933283356922,0.8017578125,,,,,
constructed calibration development; no ordinary-trained replicate claim,v2/work_logs/F15_ND01_v1_run1/evaluation_attempt_1/calibration_3_evaluation.json,7efc323b5d63855cf4e7e975c0720073b7298abe7d171a0b751e9b9746924721,searched_alignment,3,1511694,inv_total_cost/random,inv_total_cost,random,1,preserve_other,8192,0.061392312596671994,0.005915569662787183,0.07691274057519458,0.2483632611781706,0.8349609375,0.07688635080213298,0.08787593019404873,0.08470226203199667,,,,0.1650390625,0.0012319690885234384,2.4082169818297143e-06,0.9971923828125,0.07407425639853837,0.00772354759450186,0.781982421875,0.07523910059438116,0.007480101575601337,0.7698974609375,,,,,
constructed calibration development; no ordinary-trained replicate claim,v2/work_logs/F15_ND01_v1_run1/evaluation_attempt_1/calibration_3_evaluation.json,7efc323b5d63855cf4e7e975c0720073b7298abe7d171a0b751e9b9746924721,searched_alignment,3,1511694,inv_total_cost/random,inv_total_cost,random,1,equal_target,8192,0.057870394570846195,0.005597951563205994,0.07481945978958947,0.25727852139165414,0.8197021484375,0.07479884888363549,0.08562380189709022,0.08474919443685865,,,,0.1802978515625,0.0012436473146298316,2.445142481420977e-06,0.9971923828125,0.07465736053668671,0.007333029300378058,0.7742919921875,0.07387078248503834,0.007637768671568415,0.7716064453125,,,,,
constructed calibration development; no ordinary-trained replicate claim,v2/work_logs/F15_ND01_v1_run1/evaluation_attempt_1/calibration_3_evaluation.json,7efc323b5d63855cf4e7e975c0720073b7298abe7d171a0b751e9b9746924721,searched_alignment,3,1511694,inv_total_cost/random,inv_total_cost,random,1,scale_separating,8192,0.07998739173184745,0.00926474692879832,0.09625355540860982,0.36499016887040625,0.7423095703125,0.09622920384365896,0.14035437563273126,0.10171914858637987,,,,0.2576904296875,0.0012195840233707558,2.370881820122024e-06,0.997314453125,0.11241799570549857,0.019697422198280284,0.6932373046875,0.11188249731702743,0.01929468770370857,0.693115234375,,,,,
constructed calibration development; no ordinary-trained replicate claim,v2/work_logs/F15_ND01_v1_run1/evaluation_attempt_1/calibration_3_evaluation.json,7efc323b5d63855cf4e7e975c0720073b7298abe7d171a0b751e9b9746924721,searched_alignment,3,1511694,inv_total_cost/shuffled_donor,inv_total_cost,shuffled_donor,0,mixed_near,8192,0.12028396216509094,0.020578059012907324,0.14345054553018377,0.43508076075745017,0.6246337890625,0.14341894098498928,0.14708474230409385,0.08032064257618182,,,,0.3753662109375,0.0011830989901115635,2.2244494052544e-06,1.0,0.12586245799878854,0.021634653351088974,0.6343994140625,0.153032622738819,0.03243952473791381,0.5068359375,,,,,
constructed calibration development; no ordinary-trained replicate claim,v2/work_logs/F15_ND01_v1_run1/evaluation_attempt_1/calibration_3_evaluation.json,7efc323b5d63855cf4e7e975c0720073b7298abe7d171a0b751e9b9746924721,searched_alignment,3,1511694,inv_total_cost/shuffled_donor,inv_total_cost,shuffled_donor,0,mixed_far,8192,0.09840688992403303,0.015843834295228745,0.12587229359644142,0.5086465064559046,0.7550048828125,0.1258128789107121,0.11851577882461238,0.08278569246345407,,,,0.2449951171875,0.0011779690020074954,2.2431207617047293e-06,0.997314453125,0.0901502505427753,0.014048494644322802,0.802978515625,0.17895842045140237,0.04888565735236406,0.50146484375,,,,,
constructed calibration development; no ordinary-trained replicate claim,v2/work_logs/F15_ND01_v1_run1/evaluation_attempt_1/calibration_3_evaluation.json,7efc323b5d63855cf4e7e975c0720073b7298abe7d171a0b751e9b9746924721,searched_alignment,3,1511694,inv_total_cost/shuffled_donor,inv_total_cost,shuffled_donor,0,preserve_other,8192,0.08372195902290305,0.010837243009559908,0.10410207975616965,0.3859276932875184,0.74755859375,0.10404652706360937,0.08693279586621087,0.09321863665050162,,,,0.25244140625,0.0012381582438097446,2.4289435145901984e-06,0.9962158203125,0.07303390013297963,0.0075575129930481565,0.77783203125,0.14800976756874867,0.03375376036143179,0.506103515625,,,,,
constructed calibration development; no ordinary-trained replicate claim,v2/work_logs/F15_ND01_v1_run1/evaluation_attempt_1/calibration_3_evaluation.json,7efc323b5d63855cf4e7e975c0720073b7298abe7d171a0b751e9b9746924721,searched_alignment,3,1511694,inv_total_cost/shuffled_donor,inv_total_cost,shuffled_donor,0,equal_target,8192,0.0830807650847047,0.010792318257695603,0.10388608307995639,0.3652807750826815,0.74560546875,0.10381737031691908,0.08502560256576808,0.08901596078857638,,,,0.25439453125,0.0012318339612018836,2.3990588554093024e-06,0.996826171875,0.07425200714020136,0.007230134465625921,0.783935546875,0.14785454480118737,0.033363541644644466,0.5048828125,,,,,
constructed calibration development; no ordinary-trained replicate claim,v2/work_logs/F15_ND01_v1_run1/evaluation_attempt_1/calibration_3_evaluation.json,7efc323b5d63855cf4e7e975c0720073b7298abe7d171a0b751e9b9746924721,searched_alignment,3,1511694,inv_total_cost/shuffled_donor,inv_total_cost,shuffled_donor,0,scale_separating,8192,0.10806766852392825,0.01764630916242415,0.13283941117915327,0.46477693838773265,0.6707763671875,0.13282118087840997,0.13981771044692687,0.09698201885577785,,,,0.3292236328125,0.0012080742637828054,2.3171484640016202e-06,0.9970703125,0.11203002394914705,0.019544123037995728,0.6925048828125,0.15484760036231,0.03623295217710763,0.5064697265625,,,,,
constructed calibration development; no ordinary-trained replicate claim,v2/work_logs/F15_ND01_v1_run1/evaluation_attempt_1/calibration_3_evaluation.json,7efc323b5d63855cf4e7e975c0720073b7298abe7d171a0b751e9b9746924721,searched_alignment,3,1511694,inv_total_cost/shuffled_donor,inv_total_cost,shuffled_donor,1,mixed_near,8192,0.13444893724833223,0.024644950726052058,0.156987103693431,0.4523380120076226,0.6014404296875,0.15701471891942845,0.1483822617334711,0.055550650835928736,,,,0.3985595703125,0.0011960603224483969,2.2812672328830914e-06,1.0,0.12796183325525404,0.02200584092636445,0.611572265625,0.15277981491283793,0.0322135200966074,0.4979248046875,,,,,
constructed calibration development; no ordinary-trained replicate claim,v2/work_logs/F15_ND01_v1_run1/evaluation_attempt_1/calibration_3_evaluation.json,7efc323b5d63855cf4e7e975c0720073b7298abe7d171a0b751e9b9746924721,searched_alignment,3,1511694,inv_total_cost/shuffled_donor,inv_total_cost,shuffled_donor,1,mixed_far,8192,0.09251286439277129,0.014394315189715994,0.11997631095227088,0.4857106422560981,0.8043212890625,0.11995656196008384,0.11525804013673314,0.055541024590873234,,,,0.1956787109375,0.0012002070568088526,2.296907152677194e-06,0.9969482421875,0.08698674587822089,0.013283364916019967,0.8067626953125,0.17987559003554004,0.04930587217254967,0.4873046875,,,,,
constructed calibration development; no ordinary-trained replicate claim,v2/work_logs/F15_ND01_v1_run1/evaluation_attempt_1/calibration_3_evaluation.json,7efc323b5d63855cf4e7e975c0720073b7298abe7d171a0b751e9b9746924721,searched_alignment,3,1511694,inv_total_cost/shuffled_donor,inv_total_cost,shuffled_donor,1,preserve_other,8192,0.0716820175454624,0.007968784198564439,0.08926804690685486,0.3081413536404531,0.80126953125,0.08922040786795277,0.08787593019404873,0.06806255201830223,,,,0.19873046875,0.0012319690885234384,2.4082169818297143e-06,0.9971923828125,0.07407425639853837,0.00772354759450186,0.781982421875,0.1492101385711001,0.03432782251991864,0.51416015625,,,,,
constructed calibration development; no ordinary-trained replicate claim,v2/work_logs/F15_ND01_v1_run1/evaluation_attempt_1/calibration_3_evaluation.json,7efc323b5d63855cf4e7e975c0720073b7298abe7d171a0b751e9b9746924721,searched_alignment,3,1511694,inv_total_cost/shuffled_donor,inv_total_cost,shuffled_donor,1,equal_target,8192,0.085381662556038,0.010697000288723937,0.10342630365977476,0.35046832660073757,0.748779296875,0.10339078534124758,0.08562380189709022,0.05811210271907403,,,,0.251220703125,0.0012436473146298316,2.445142481420977e-06,0.9971923828125,0.07465736053668671,0.007333029300378058,0.7742919921875,0.14614675902941704,0.033131138205304625,0.50927734375,,,,,
constructed calibration development; no ordinary-trained replicate claim,v2/work_logs/F15_ND01_v1_run1/evaluation_attempt_1/calibration_3_evaluation.json,7efc323b5d63855cf4e7e975c0720073b7298abe7d171a0b751e9b9746924721,searched_alignment,3,1511694,inv_total_cost/shuffled_donor,inv_total_cost,shuffled_donor,1,scale_separating,8192,0.11206957588593178,0.019358526904154356,0.13913492338070393,0.5079494786083731,0.6861572265625,0.13912035701915954,0.14035437563273126,0.06493673277736481,,,,0.3138427734375,0.0012195840233707558,2.370881820122024e-06,0.997314453125,0.11241799570549857,0.019697422198280284,0.6932373046875,0.1577088248863562,0.03744452863492721,0.4967041015625,,,,,
constructed calibration development; no ordinary-trained replicate claim,v2/work_logs/F15_ND01_v1_run1/evaluation_attempt_1/calibration_3_evaluation.json,7efc323b5d63855cf4e7e975c0720073b7298abe7d171a0b751e9b9746924721,searched_alignment,3,1511694,inv_total_cost/untrained,inv_total_cost,untrained,0,mixed_near,8192,0.1968708781618616,0.05056946737283166,0.22487656030104974,0.5241494023785522,0.497314453125,0.15718000238049393,0.14708474230409385,0.028497713184201117,,,,0.502685546875,0.2123424337400466,0.07030663658252921,0.5538330078125,0.20027466590609755,0.05430708672728675,0.4853515625,0.19051127152225686,0.04522743049238555,0.518310546875,,,,,
constructed calibration development; no ordinary-trained replicate claim,v2/work_logs/F15_ND01_v1_run1/evaluation_attempt_1/calibration_3_evaluation.json,7efc323b5d63855cf4e7e975c0720073b7298abe7d171a0b751e9b9746924721,searched_alignment,3,1511694,inv_total_cost/untrained,inv_total_cost,untrained,0,mixed_far,8192,0.1928889930240923,0.05470792036964172,0.23389724318521096,0.5877721430375703,0.5181884765625,0.12705602641210914,0.11851577882461238,0.03782607096855712,,,,0.4818115234375,0.22430652335081577,0.07301819333537593,0.4951171875,0.1922546145477933,0.054578677592785306,0.541259765625,0.21391923791374323,0.06950004371108165,0.490478515625,,,,,
constructed calibration development; no ordinary-trained replicate claim,v2/work_logs/F15_ND01_v1_run1/evaluation_attempt_1/calibration_3_evaluation.json,7efc323b5d63855cf4e7e975c0720073b7298abe7d171a0b751e9b9746924721,searched_alignment,3,1511694,inv_total_cost/untrained,inv_total_cost,untrained,0,preserve_other,8192,0.2148590267906818,0.06283238410641234,0.2506638867216663,0.5834991076002772,0.44140625,0.11017235440767345,0.08693279586621087,0.032038195801930396,,,,0.55859375,0.244501585979225,0.08350093652583138,0.4208984375,0.2178165211995835,0.06675479996532936,0.4569091796875,0.20579108978189653,0.05914434173990539,0.4677734375,,,,,
constructed calibration development; no ordinary-trained replicate claim,v2/work_logs/F15_ND01_v1_run1/evaluation_attempt_1/calibration_3_evaluation.json,7efc323b5d63855cf4e7e975c0720073b7298abe7d171a0b751e9b9746924721,searched_alignment,3,1511694,inv_total_cost/untrained,inv_total_cost,untrained,0,equal_target,8192,0.1845535714997668,0.04882727347520781,0.22096894233173994,0.6024035793017533,0.5614013671875,0.07448882180010663,0.08502560256576808,0.02633581171647999,,,,0.4385986328125,0.18313009166006267,0.05064654999890337,0.6009521484375,0.18804327687900402,0.0505497213364348,0.5592041015625,0.18848004780876162,0.0512162012137166,0.56103515625,,,,,
constructed calibration development; no ordinary-trained replicate claim,v2/work_logs/F15_ND01_v1_run1/evaluation_attempt_1/calibration_3_evaluation.json,7efc323b5d63855cf4e7e975c0720073b7298abe7d171a0b751e9b9746924721,searched_alignment,3,1511694,inv_total_cost/untrained,inv_total_cost,untrained,0,scale_separating,8192,0.19191139101658844,0.049844540674302926,0.22325890950710775,0.5572531609382987,0.5081787109375,0.15234268894348024,0.13981771044692687,0.035646689368454124,,,,0.4918212890625,0.2233977073119626,0.07462116762553869,0.5096435546875,0.1932015912598802,0.052838481272563034,0.510986328125,0.1945216362592908,0.050959449128260656,0.5162353515625,,,,,
constructed calibration development; no ordinary-trained replicate claim,v2/work_logs/F15_ND01_v1_run1/evaluation_attempt_1/calibration_3_evaluation.json,7efc323b5d63855cf4e7e975c0720073b7298abe7d171a0b751e9b9746924721,searched_alignment,3,1511694,inv_total_cost/untrained,inv_total_cost,untrained,1,mixed_near,8192,0.19115355137783993,0.04508228947951369,0.21232590392958106,0.45056796295327917,0.5181884765625,0.145265622626424,0.1483822617334711,0.023097168390891033,,,,0.4818115234375,0.228399292082217,0.07717789562965757,0.4853515625,0.19154539564410025,0.045425279131927614,0.525146484375,0.1998087845699157,0.05355636199553709,0.4918212890625,,,,,
constructed calibration development; no ordinary-trained replicate claim,v2/work_logs/F15_ND01_v1_run1/evaluation_attempt_1/calibration_3_evaluation.json,7efc323b5d63855cf4e7e975c0720073b7298abe7d171a0b751e9b9746924721,searched_alignment,3,1511694,inv_total_cost/untrained,inv_total_cost,untrained,1,mixed_far,8192,0.20847835561145311,0.06651951180468516,0.25791376815650063,0.6422056037306829,0.49658203125,0.11691637643758793,0.11525804013673314,0.020583748203699754,,,,0.50341796875,0.2167126214126755,0.07085510065347883,0.5418701171875,0.2112674649513906,0.06863018668856583,0.4976806640625,0.19355400033688747,0.0554264427015997,0.5401611328125,,,,,
constructed calibration development; no ordinary-trained replicate claim,v2/work_logs/F15_ND01_v1_run1/evaluation_attempt_1/calibration_3_evaluation.json,7efc323b5d63855cf4e7e975c0720073b7298abe7d171a0b751e9b9746924721,searched_alignment,3,1511694,inv_total_cost/untrained,inv_total_cost,untrained,1,preserve_other,8192,0.18507857647731976,0.05013494279743535,0.2239083357033305,0.6570426441567178,0.5587158203125,0.09214409735365467,0.08787593019404873,0.022723891470829496,,,,0.4412841796875,0.17970545905034657,0.04948757063994503,0.612060546875,0.18413974216409768,0.050249147016117934,0.5665283203125,0.1884288399852027,0.050658288205231085,0.559814453125,,,,,
constructed calibration development; no ordinary-trained replicate claim,v2/work_logs/F15_ND01_v1_run1/evaluation_attempt_1/calibration_3_evaluation.json,7efc323b5d63855cf4e7e975c0720073b7298abe7d171a0b751e9b9746924721,searched_alignment,3,1511694,inv_total_cost/untrained,inv_total_cost,untrained,1,equal_target,8192,0.21499116946029068,0.06159484328089629,0.24818308419571283,0.607986439370433,0.46337890625,0.09646057570217423,0.08562380189709022,0.026023336300341808,,,,0.53662109375,0.24415748621156144,0.08368400499590013,0.4283447265625,0.21888268965141322,0.06494861210796439,0.4759521484375,0.19585824271748326,0.05679209200952271,0.4815673828125,,,,,
constructed calibration development; no ordinary-trained replicate claim,v2/work_logs/F15_ND01_v1_run1/evaluation_attempt_1/calibration_3_evaluation.json,7efc323b5d63855cf4e7e975c0720073b7298abe7d171a0b751e9b9746924721,searched_alignment,3,1511694,inv_total_cost/untrained,inv_total_cost,untrained,1,scale_separating,8192,0.18896783490417166,0.04775857158631291,0.2185373459761807,0.5778331744963771,0.5164794921875,0.1470971347335566,0.14035437563273126,0.024569937342164446,,,,0.4835205078125,0.21805297413363622,0.07197390838775428,0.522705078125,0.19024192350707328,0.049018374191720254,0.5220947265625,0.1925433574743723,0.052357916729849824,0.5164794921875,,,,,
known-by-construction subset oracle; complete endpoint not assessed,v2/work_logs/F15_ND01_v1_run1/evaluation_attempt_1/calibration_3_evaluation.json,7efc323b5d63855cf4e7e975c0720073b7298abe7d171a0b751e9b9746924721,known_subset_oracle,3,1511694,identity/known_subset_oracle,identity,known_subset_oracle,0,mixed_near,8192,0.0014894217072986594,3.4288092510027748e-06,0.0018517044178277414,0.005697210326293334,0.98291015625,,,,,,,0.01708984375,,,,,,,,,,"[2,3,5,6,15,17,19,30]",0.008483614279678201,True,False,0.0048946245743550455
known-by-construction subset oracle; complete endpoint not assessed,v2/work_logs/F15_ND01_v1_run1/evaluation_attempt_1/calibration_3_evaluation.json,7efc323b5d63855cf4e7e975c0720073b7298abe7d171a0b751e9b9746924721,known_subset_oracle,3,1511694,identity/known_subset_oracle,identity,known_subset_oracle,0,mixed_far,8192,0.0012085068500431262,2.324318688815469e-06,0.0015245716410898732,0.005061984724464841,1.0,,,,,,,0.0,,,,,,,,,,"[2,3,5,6,15,17,19,30]",0.008483614279678201,True,False,0.004984148019667295
known-by-construction subset oracle; complete endpoint not assessed,v2/work_logs/F15_ND01_v1_run1/evaluation_attempt_1/calibration_3_evaluation.json,7efc323b5d63855cf4e7e975c0720073b7298abe7d171a0b751e9b9746924721,known_subset_oracle,3,1511694,identity/known_subset_oracle,identity,known_subset_oracle,0,preserve_other,8192,0.0013764931895625778,2.9438555091944205e-06,0.0017157667409046081,0.005630805873667599,0.9970703125,,,,,,,0.0029296875,,,,,,,,,,"[2,3,5,6,15,17,19,30]",0.008483614279678201,True,False,0.006582006628462404
known-by-construction subset oracle; complete endpoint not assessed,v2/work_logs/F15_ND01_v1_run1/evaluation_attempt_1/calibration_3_evaluation.json,7efc323b5d63855cf4e7e975c0720073b7298abe7d171a0b751e9b9746924721,known_subset_oracle,3,1511694,identity/known_subset_oracle,identity,known_subset_oracle,0,equal_target,8192,0.0013603775063649813,2.894509735444226e-06,0.001701325875734636,0.0054811772995044805,0.9970703125,,,,0.0017438384548588825,,,0.0029296875,,,,,,,,,,"[2,3,5,6,15,17,19,30]",0.008483614279678201,True,False,0.006565890616517832
known-by-construction subset oracle; complete endpoint not assessed,v2/work_logs/F15_ND01_v1_run1/evaluation_attempt_1/calibration_3_evaluation.json,7efc323b5d63855cf4e7e975c0720073b7298abe7d171a0b751e9b9746924721,known_subset_oracle,3,1511694,identity/known_subset_oracle,identity,known_subset_oracle,0,scale_separating,8192,0.0013415636724968317,2.8367668508410693e-06,0.001684270420936338,0.005421159792337871,0.9952392578125,,,,,,,0.0047607421875,,,,,,,,,,"[2,3,5,6,15,17,19,30]",0.008483614279678201,True,False,0.0077627263714132744
known-by-construction subset oracle; complete endpoint not assessed,v2/work_logs/F15_ND01_v1_run1/evaluation_attempt_1/calibration_3_evaluation.json,7efc323b5d63855cf4e7e975c0720073b7298abe7d171a0b751e9b9746924721,known_subset_oracle,3,1511694,identity/known_subset_oracle,identity,known_subset_oracle,1,mixed_near,8192,0.0014884680107835986,3.4281535287697006e-06,0.0018515273502623991,0.005635939635333487,0.982177734375,,,,,,,0.017822265625,,,,,,,,,,"[4,11,20,21,22,24,27,28]",0.008483614279678201,True,False,0.012709913900717719
known-by-construction subset oracle; complete endpoint not assessed,v2/work_logs/F15_ND01_v1_run1/evaluation_attempt_1/calibration_3_evaluation.json,7efc323b5d63855cf4e7e975c0720073b7298abe7d171a0b751e9b9746924721,known_subset_oracle,3,1511694,identity/known_subset_oracle,identity,known_subset_oracle,1,mixed_far,8192,0.0012208407669714208,2.3364052384291195e-06,0.0015285304178946258,0.0050732354434838145,1.0,,,,,,,0.0,,,,,,,,,,"[4,11,20,21,22,24,27,28]",0.008483614279678201,True,False,0.011548293365740502
known-by-construction subset oracle; complete endpoint not assessed,v2/work_logs/F15_ND01_v1_run1/evaluation_attempt_1/calibration_3_evaluation.json,7efc323b5d63855cf4e7e975c0720073b7298abe7d171a0b751e9b9746924721,known_subset_oracle,3,1511694,identity/known_subset_oracle,identity,known_subset_oracle,1,preserve_other,8192,0.001347937766005345,2.8300671692524163e-06,0.0016822803479956652,0.005635110494167039,0.9970703125,,,,,,,0.0029296875,,,,,,,,,,"[4,11,20,21,22,24,27,28]",0.008483614279678201,True,False,0.012657700513186206
known-by-construction subset oracle; complete endpoint not assessed,v2/work_logs/F15_ND01_v1_run1/evaluation_attempt_1/calibration_3_evaluation.json,7efc323b5d63855cf4e7e975c0720073b7298abe7d171a0b751e9b9746924721,known_subset_oracle,3,1511694,identity/known_subset_oracle,identity,known_subset_oracle,1,equal_target,8192,0.0013545290617335407,2.877039434231169e-06,0.001696183785511219,0.005516314681998424,0.9970703125,,,,0.0017726719776780674,,,0.0029296875,,,,,,,,,,"[4,11,20,21,22,24,27,28]",0.008483614279678201,True,False,0.010656035971629384
known-by-construction subset oracle; complete endpoint not assessed,v2/work_logs/F15_ND01_v1_run1/evaluation_attempt_1/calibration_3_evaluation.json,7efc323b5d63855cf4e7e975c0720073b7298abe7d171a0b751e9b9746924721,known_subset_oracle,3,1511694,identity/known_subset_oracle,identity,known_subset_oracle,1,scale_separating,8192,0.001341020381889453,2.8333903698279764e-06,0.0016832677653385918,0.005484941151875533,0.996826171875,,,,,,,0.003173828125,,,,,,,,,,"[4,11,20,21,22,24,27,28]",0.008483614279678201,True,False,0.013997635579966779
constructed calibration development; no ordinary-trained replicate claim,v2/work_logs/F15_ND01_v1_run1/evaluation_attempt_1/calibration_4_evaluation.json,b8610dd97506c9946dcd82d5754b6215bb5bc5b2d1ebd486d3324e9f73268e0a,searched_alignment,4,1511695,identity/aligned,identity,aligned,0,mixed_near,8192,0.004788465693401119,5.902494231348383e-05,0.0076827691826244415,0.041648250827004685,0.9422607421875,0.0076367710694818835,0.16397158353137084,0.16672973703404714,,,,0.0577392578125,0.0011832351572769863,2.228417795000831e-06,1.0,0.14823094486093846,0.026884583823287515,0.4844970703125,0.14861844787932654,0.027027599369544086,0.4735107421875,,,,,
constructed calibration development; no ordinary-trained replicate claim,v2/work_logs/F15_ND01_v1_run1/evaluation_attempt_1/calibration_4_evaluation.json,b8610dd97506c9946dcd82d5754b6215bb5bc5b2d1ebd486d3324e9f73268e0a,searched_alignment,4,1511695,identity/aligned,identity,aligned,0,mixed_far,8192,0.0043589783509909346,4.8516545416120255e-05,0.006965381928948351,0.035188061653710356,1.0,0.006960474120311702,0.16976662956924712,0.17111091780858637,,,,0.0,0.0011911284915486677,2.260648422727125e-06,0.9976806640625,0.14949353395317053,0.028817114930242037,0.7747802734375,0.14873168825856387,0.028529717492009922,0.786376953125,,,,,
constructed calibration development; no ordinary-trained replicate claim,v2/work_logs/F15_ND01_v1_run1/evaluation_attempt_1/calibration_4_evaluation.json,b8610dd97506c9946dcd82d5754b6215bb5bc5b2d1ebd486d3324e9f73268e0a,searched_alignment,4,1511695,identity/aligned,identity,aligned,0,preserve_other,8192,0.005608796483569562,6.829035961793254e-05,0.008263798135115144,0.03882656637272208,0.986083984375,0.008219855059223203,0.16911144643449638,0.17147753447173233,,,,0.013916015625,0.0012312475776633856,2.4123451028478e-06,0.9954833984375,0.1479913713334233,0.028596306283940897,0.55810546875,0.001233520071174794,2.417812325041804e-06,0.9964599609375,,,,,
constructed calibration development; no ordinary-trained replicate claim,v2/work_logs/F15_ND01_v1_run1/evaluation_attempt_1/calibration_4_evaluation.json,b8610dd97506c9946dcd82d5754b6215bb5bc5b2d1ebd486d3324e9f73268e0a,searched_alignment,4,1511695,identity/aligned,identity,aligned,0,equal_target,8192,0.005721163657617739,7.256407226503971e-05,0.00851845480501245,0.03887939363972254,0.985595703125,0.008497946881433675,1.7783559827695586e-17,0.008497946881433675,0.008497946881433675,,,0.014404296875,0.0012466601229544298,2.4698565752245543e-06,0.99658203125,0.0012466601229544293,2.4698565752245535e-06,0.99658203125,0.14905980899551624,0.028928909767990597,0.552734375,,,,,
constructed calibration development; no ordinary-trained replicate claim,v2/work_logs/F15_ND01_v1_run1/evaluation_attempt_1/calibration_4_evaluation.json,b8610dd97506c9946dcd82d5754b6215bb5bc5b2d1ebd486d3324e9f73268e0a,searched_alignment,4,1511695,identity/aligned,identity,aligned,0,scale_separating,8192,0.006814765312040898,9.519909971120145e-05,0.009757002598708348,0.038484239888797345,0.982666015625,0.009703976950857798,0.18788418510263086,0.1911545140558352,,,,0.017333984375,0.0012045968645279768,2.3412238673622734e-06,0.9964599609375,0.16632193803869197,0.035294102801956315,0.5263671875,0.14243476318262424,0.02888338151041021,0.6092529296875,,,,,
constructed calibration development; no ordinary-trained replicate claim,v2/work_logs/F15_ND01_v1_run1/evaluation_attempt_1/calibration_4_evaluation.json,b8610dd97506c9946dcd82d5754b6215bb5bc5b2d1ebd486d3324e9f73268e0a,searched_alignment,4,1511695,identity/aligned,identity,aligned,1,mixed_near,8192,0.004175777364655902,3.768154811875516e-05,0.006138529801080643,0.02435649261282996,0.9471435546875,0.006085738012131098,0.1633077652759081,0.16597414979590558,,,,0.0528564453125,0.0011841640313528397,2.2320891748642905e-06,1.0,0.1479385921263284,0.026660515635475224,0.48583984375,0.14744863776489464,0.026613102498614066,0.4674072265625,,,,,
constructed calibration development; no ordinary-trained replicate claim,v2/work_logs/F15_ND01_v1_run1/evaluation_attempt_1/calibration_4_evaluation.json,b8610dd97506c9946dcd82d5754b6215bb5bc5b2d1ebd486d3324e9f73268e0a,searched_alignment,4,1511695,identity/aligned,identity,aligned,1,mixed_far,8192,0.0035039015875176728,2.732694660982416e-05,0.005227518207507666,0.02050246344630674,1.0,0.005173511022024972,0.16846211941998138,0.16995465216555378,,,,0.0,0.0011749714821987325,2.2113742151146974e-06,0.997314453125,0.14840551273077235,0.028386798804634975,0.7850341796875,0.15002901144422248,0.028969468524511804,0.776123046875,,,,,
constructed calibration development; no ordinary-trained replicate claim,v2/work_logs/F15_ND01_v1_run1/evaluation_attempt_1/calibration_4_evaluation.json,b8610dd97506c9946dcd82d5754b6215bb5bc5b2d1ebd486d3324e9f73268e0a,searched_alignment,4,1511695,identity/aligned,identity,aligned,1,preserve_other,8192,0.004511715314238832,4.061843428470058e-05,0.006373259314095149,0.023445360238971702,0.9864501953125,0.0062781686899089076,0.16873513122058775,0.17107692813697495,,,,0.0135498046875,0.001213186093332621,2.3803135846010635e-06,0.997802734375,0.14763518443847157,0.028476757648418533,0.5450439453125,0.0012446675414328613,2.472270151040906e-06,0.9962158203125,,,,,
constructed calibration development; no ordinary-trained replicate claim,v2/work_logs/F15_ND01_v1_run1/evaluation_attempt_1/calibration_4_evaluation.json,b8610dd97506c9946dcd82d5754b6215bb5bc5b2d1ebd486d3324e9f73268e0a,searched_alignment,4,1511695,identity/aligned,identity,aligned,1,equal_target,8192,0.004778537596189412,4.5170704815552455e-05,0.006720915474513309,0.025267126100763537,0.9869384765625,0.006670075937113316,1.643415900023268e-17,0.006670075937113315,0.006670075937113315,,,0.0130615234375,0.0012310815384597882,2.4060489894674344e-06,0.9962158203125,0.0012310815384597882,2.4060489894674344e-06,0.9962158203125,0.14901582612133193,0.02905966642242648,0.5517578125,,,,,
constructed calibration development; no ordinary-trained replicate claim,v2/work_logs/F15_ND01_v1_run1/evaluation_attempt_1/calibration_4_evaluation.json,b8610dd97506c9946dcd82d5754b6215bb5bc5b2d1ebd486d3324e9f73268e0a,searched_alignment,4,1511695,identity/aligned,identity,aligned,1,scale_separating,8192,0.00565289525469062,5.862654766612686e-05,0.007656797481070455,0.023959507183273054,0.986083984375,0.007576464240036974,0.187926149509477,0.1913882649627342,,,,0.013916015625,0.0012133101052490681,2.321390698460258e-06,0.9964599609375,0.16638337998330385,0.035307217804668875,0.5277099609375,0.14115136559039715,0.02829374974796148,0.61279296875,,,,,
constructed calibration development; no ordinary-trained replicate claim,v2/work_logs/F15_ND01_v1_run1/evaluation_attempt_1/calibration_4_evaluation.json,b8610dd97506c9946dcd82d5754b6215bb5bc5b2d1ebd486d3324e9f73268e0a,searched_alignment,4,1511695,identity/permuted_concept,identity,permuted_concept,0,mixed_near,8192,0.011993698609468195,0.0002733995930701324,0.016534799456604618,0.054283839146686275,0.85205078125,0.01654577554420294,0.16397158353137084,0.16466655884518058,,,,0.14794921875,0.0011832351572769863,2.228417795000831e-06,1.0,0.14823094486093846,0.026884583823287515,0.4844970703125,0.14861844787932654,0.027027599369544086,0.4735107421875,,,,,
constructed calibration development; no ordinary-trained replicate claim,v2/work_logs/F15_ND01_v1_run1/evaluation_attempt_1/calibration_4_evaluation.json,b8610dd97506c9946dcd82d5754b6215bb5bc5b2d1ebd486d3324e9f73268e0a,searched_alignment,4,1511695,identity/permuted_concept,identity,permuted_concept,0,mixed_far,8192,0.011279671030805048,0.00022663481684754774,0.015054395266750098,0.04731241199290781,1.0,0.015066648827333723,0.16976662956924712,0.1687619548189572,,,,0.0,0.0011911284915486677,2.260648422727125e-06,0.9976806640625,0.14949353395317053,0.028817114930242037,0.7747802734375,0.14873168825856387,0.028529717492009922,0.786376953125,,,,,
constructed calibration development; no ordinary-trained replicate claim,v2/work_logs/F15_ND01_v1_run1/evaluation_attempt_1/calibration_4_evaluation.json,b8610dd97506c9946dcd82d5754b6215bb5bc5b2d1ebd486d3324e9f73268e0a,searched_alignment,4,1511695,identity/permuted_concept,identity,permuted_concept,0,preserve_other,8192,0.015647972287512128,0.00036081222569225846,0.018995057928110102,0.05182109089855158,0.95947265625,0.01897449337744783,0.16911144643449638,0.1686745544045562,,,,0.04052734375,0.0012312475776633856,2.4123451028478e-06,0.9954833984375,0.1479913713334233,0.028596306283940897,0.55810546875,0.001233520071174794,2.417812325041804e-06,0.9964599609375,,,,,
constructed calibration development; no ordinary-trained replicate claim,v2/work_logs/F15_ND01_v1_run1/evaluation_attempt_1/calibration_4_evaluation.json,b8610dd97506c9946dcd82d5754b6215bb5bc5b2d1ebd486d3324e9f73268e0a,searched_alignment,4,1511695,identity/permuted_concept,identity,permuted_concept,0,equal_target,8192,0.015550653001678731,0.0003574244132302284,0.018905671456740922,0.05031999812692001,0.9632568359375,0.018949659736337877,1.7783559827695586e-17,0.018949659736337873,0.018949659736337873,,,0.0367431640625,0.0012466601229544298,2.4698565752245543e-06,0.99658203125,0.0012466601229544293,2.4698565752245535e-06,0.99658203125,0.14905980899551624,0.028928909767990597,0.552734375,,,,,
constructed calibration development; no ordinary-trained replicate claim,v2/work_logs/F15_ND01_v1_run1/evaluation_attempt_1/calibration_4_evaluation.json,b8610dd97506c9946dcd82d5754b6215bb5bc5b2d1ebd486d3324e9f73268e0a,searched_alignment,4,1511695,identity/permuted_concept,identity,permuted_concept,0,scale_separating,8192,0.017413573245222403,0.00043734097165782336,0.020912698813348396,0.05063962634105523,0.9583740234375,0.020896877131290247,0.18788418510263086,0.18786054555403967,,,,0.0416259765625,0.0012045968645279768,2.3412238673622734e-06,0.9964599609375,0.16632193803869197,0.035294102801956315,0.5263671875,0.14243476318262424,0.02888338151041021,0.6092529296875,,,,,
constructed calibration development; no ordinary-trained replicate claim,v2/work_logs/F15_ND01_v1_run1/evaluation_attempt_1/calibration_4_evaluation.json,b8610dd97506c9946dcd82d5754b6215bb5bc5b2d1ebd486d3324e9f73268e0a,searched_alignment,4,1511695,identity/permuted_concept,identity,permuted_concept,1,mixed_near,8192,0.01976577461387325,0.000664720089186876,0.025782166107347848,0.08763593401044917,0.7703857421875,0.0257636666966951,0.1633077652759081,0.17862064210690096,,,,0.2296142578125,0.0011841640313528397,2.2320891748642905e-06,1.0,0.1479385921263284,0.026660515635475224,0.48583984375,0.14744863776489464,0.026613102498614066,0.4674072265625,,,,,
constructed calibration development; no ordinary-trained replicate claim,v2/work_logs/F15_ND01_v1_run1/evaluation_attempt_1/calibration_4_evaluation.json,b8610dd97506c9946dcd82d5754b6215bb5bc5b2d1ebd486d3324e9f73268e0a,searched_alignment,4,1511695,identity/permuted_concept,identity,permuted_concept,1,mixed_far,8192,0.015300567564313916,0.00042838351649760907,0.020697427774909835,0.07744002024428798,1.0,0.02065516691888351,0.16846211941998138,0.17665591543863715,,,,0.0,0.0011749714821987325,2.2113742151146974e-06,0.997314453125,0.14840551273077235,0.028386798804634975,0.7850341796875,0.15002901144422248,0.028969468524511804,0.776123046875,,,,,
constructed calibration development; no ordinary-trained replicate claim,v2/work_logs/F15_ND01_v1_run1/evaluation_attempt_1/calibration_4_evaluation.json,b8610dd97506c9946dcd82d5754b6215bb5bc5b2d1ebd486d3324e9f73268e0a,searched_alignment,4,1511695,identity/permuted_concept,identity,permuted_concept,1,preserve_other,8192,0.02208419554574781,0.0006843324812443049,0.02615974925805492,0.08871340167955721,0.94189453125,0.02612022393349508,0.16873513122058775,0.18268711403607674,,,,0.05810546875,0.001213186093332621,2.3803135846010635e-06,0.997802734375,0.14763518443847157,0.028476757648418533,0.5450439453125,0.0012446675414328613,2.472270151040906e-06,0.9962158203125,,,,,
constructed calibration development; no ordinary-trained replicate claim,v2/work_logs/F15_ND01_v1_run1/evaluation_attempt_1/calibration_4_evaluation.json,b8610dd97506c9946dcd82d5754b6215bb5bc5b2d1ebd486d3324e9f73268e0a,searched_alignment,4,1511695,identity/permuted_concept,identity,permuted_concept,1,equal_target,8192,0.02301316956506117,0.0007510666190868706,0.02740559466763804,0.08800683881849919,0.9312744140625,0.027380589815665712,1.643415900023268e-17,0.027380589815665712,0.027380589815665712,,,0.0687255859375,0.0012310815384597882,2.4060489894674344e-06,0.9962158203125,0.0012310815384597882,2.4060489894674344e-06,0.9962158203125,0.14901582612133193,0.02905966642242648,0.5517578125,,,,,
constructed calibration development; no ordinary-trained replicate claim,v2/work_logs/F15_ND01_v1_run1/evaluation_attempt_1/calibration_4_evaluation.json,b8610dd97506c9946dcd82d5754b6215bb5bc5b2d1ebd486d3324e9f73268e0a,searched_alignment,4,1511695,identity/permuted_concept,identity,permuted_concept,1,scale_separating,8192,0.027997827661777358,0.001026636360989337,0.03204116666086516,0.08731972756761758,0.9305419921875,0.03198370796317203,0.187926149509477,0.20669592145135277,,,,0.0694580078125,0.0012133101052490681,2.321390698460258e-06,0.9964599609375,0.16638337998330385,0.035307217804668875,0.5277099609375,0.14115136559039715,0.02829374974796148,0.61279296875,,,,,
constructed calibration development; no ordinary-trained replicate claim,v2/work_logs/F15_ND01_v1_run1/evaluation_attempt_1/calibration_4_evaluation.json,b8610dd97506c9946dcd82d5754b6215bb5bc5b2d1ebd486d3324e9f73268e0a,searched_alignment,4,1511695,identity/random,identity,random,0,mixed_near,8192,0.051727510614267946,0.003837894674790134,0.06195074394057051,0.15382873352357795,0.62353515625,0.061969162251728854,0.16397158353137084,0.2202413283408758,,,,0.37646484375,0.0011832351572769863,2.228417795000831e-06,1.0,0.14823094486093846,0.026884583823287515,0.4844970703125,0.14861844787932654,0.027027599369544086,0.4735107421875,,,,,
constructed calibration development; no ordinary-trained replicate claim,v2/work_logs/F15_ND01_v1_run1/evaluation_attempt_1/calibration_4_evaluation.json,b8610dd97506c9946dcd82d5754b6215bb5bc5b2d1ebd486d3324e9f73268e0a,searched_alignment,4,1511695,identity/random,identity,random,0,mixed_far,8192,0.042058962135999,0.0025495536529017426,0.05049310500357195,0.14134662424321354,1.0,0.05048466789905037,0.16976662956924712,0.21436496906643476,,,,0.0,0.0011911284915486677,2.260648422727125e-06,0.9976806640625,0.14949353395317053,0.028817114930242037,0.7747802734375,0.14873168825856387,0.028529717492009922,0.786376953125,,,,,
constructed calibration development; no ordinary-trained replicate claim,v2/work_logs/F15_ND01_v1_run1/evaluation_attempt_1/calibration_4_evaluation.json,b8610dd97506c9946dcd82d5754b6215bb5bc5b2d1ebd486d3324e9f73268e0a,searched_alignment,4,1511695,identity/random,identity,random,0,preserve_other,8192,0.044690562953451494,0.002994004269803904,0.05471749509803883,0.16036778054666445,0.907470703125,0.05472811439871853,0.16911144643449638,0.21696355237521595,,,,0.092529296875,0.0012312475776633856,2.4123451028478e-06,0.9954833984375,0.1479913713334233,0.028596306283940897,0.55810546875,0.001233520071174794,2.417812325041804e-06,0.9964599609375,,,,,
constructed calibration development; no ordinary-trained replicate claim,v2/work_logs/F15_ND01_v1_run1/evaluation_attempt_1/calibration_4_evaluation.json,b8610dd97506c9946dcd82d5754b6215bb5bc5b2d1ebd486d3324e9f73268e0a,searched_alignment,4,1511695,identity/random,identity,random,0,equal_target,8192,0.023932200359811036,0.0009910424417580066,0.03148082657361472,0.12066468491230131,0.93701171875,0.03146526234974301,1.7783559827695586e-17,0.03146526234974301,0.03146526234974301,,,0.06298828125,0.0012466601229544298,2.4698565752245543e-06,0.99658203125,0.0012466601229544293,2.4698565752245535e-06,0.99658203125,0.14905980899551624,0.028928909767990597,0.552734375,,,,,
constructed calibration development; no ordinary-trained replicate claim,v2/work_logs/F15_ND01_v1_run1/evaluation_attempt_1/calibration_4_evaluation.json,b8610dd97506c9946dcd82d5754b6215bb5bc5b2d1ebd486d3324e9f73268e0a,searched_alignment,4,1511695,identity/random,identity,random,0,scale_separating,8192,0.049178762176952745,0.0035853996249043687,0.05987820659392171,0.1563644066149693,0.913330078125,0.059866109749325366,0.18788418510263086,0.24157799336038205,,,,0.086669921875,0.0012045968645279768,2.3412238673622734e-06,0.9964599609375,0.16632193803869197,0.035294102801956315,0.5263671875,0.14243476318262424,0.02888338151041021,0.6092529296875,,,,,
constructed calibration development; no ordinary-trained replicate claim,v2/work_logs/F15_ND01_v1_run1/evaluation_attempt_1/calibration_4_evaluation.json,b8610dd97506c9946dcd82d5754b6215bb5bc5b2d1ebd486d3324e9f73268e0a,searched_alignment,4,1511695,identity/random,identity,random,1,mixed_near,8192,0.04456985141475011,0.0031432786609519496,0.05606495037857386,0.1870924207656795,0.6727294921875,0.05607821842339683,0.1633077652759081,0.20141791441573995,,,,0.3272705078125,0.0011841640313528397,2.2320891748642905e-06,1.0,0.1479385921263284,0.026660515635475224,0.48583984375,0.14744863776489464,0.026613102498614066,0.4674072265625,,,,,
constructed calibration development; no ordinary-trained replicate claim,v2/work_logs/F15_ND01_v1_run1/evaluation_attempt_1/calibration_4_evaluation.json,b8610dd97506c9946dcd82d5754b6215bb5bc5b2d1ebd486d3324e9f73268e0a,searched_alignment,4,1511695,identity/random,identity,random,1,mixed_far,8192,0.04548785691911481,0.002872468795827733,0.053595417675653324,0.1486723658319432,1.0,0.05365835980787449,0.16846211941998138,0.207868937802309,,,,0.0,0.0011749714821987325,2.2113742151146974e-06,0.997314453125,0.14840551273077235,0.028386798804634975,0.7850341796875,0.15002901144422248,0.028969468524511804,0.776123046875,,,,,
constructed calibration development; no ordinary-trained replicate claim,v2/work_logs/F15_ND01_v1_run1/evaluation_attempt_1/calibration_4_evaluation.json,b8610dd97506c9946dcd82d5754b6215bb5bc5b2d1ebd486d3324e9f73268e0a,searched_alignment,4,1511695,identity/random,identity,random,1,preserve_other,8192,0.043912894333539135,0.0029815450548183603,0.05460352602917105,0.16186690405485626,0.8929443359375,0.05464008730413979,0.16873513122058775,0.2067502153871788,,,,0.1070556640625,0.001213186093332621,2.3803135846010635e-06,0.997802734375,0.14763518443847157,0.028476757648418533,0.5450439453125,0.0012446675414328613,2.472270151040906e-06,0.9962158203125,,,,,
constructed calibration development; no ordinary-trained replicate claim,v2/work_logs/F15_ND01_v1_run1/evaluation_attempt_1/calibration_4_evaluation.json,b8610dd97506c9946dcd82d5754b6215bb5bc5b2d1ebd486d3324e9f73268e0a,searched_alignment,4,1511695,identity/random,identity,random,1,equal_target,8192,0.04315299198528554,0.00287444510919353,0.053613851840672015,0.1771335266987193,0.90625,0.05361844803049804,1.643415900023268e-17,0.05361844803049804,0.05361844803049804,,,0.09375,0.0012310815384597882,2.4060489894674344e-06,0.9962158203125,0.0012310815384597882,2.4060489894674344e-06,0.9962158203125,0.14901582612133193,0.02905966642242648,0.5517578125,,,,,
constructed calibration development; no ordinary-trained replicate claim,v2/work_logs/F15_ND01_v1_run1/evaluation_attempt_1/calibration_4_evaluation.json,b8610dd97506c9946dcd82d5754b6215bb5bc5b2d1ebd486d3324e9f73268e0a,searched_alignment,4,1511695,identity/random,identity,random,1,scale_separating,8192,0.05135171597294423,0.0037528049873682984,0.061260141914366295,0.18753111962817515,0.90771484375,0.06129741857306843,0.187926149509477,0.2275262798242074,,,,0.09228515625,0.0012133101052490681,2.321390698460258e-06,0.9964599609375,0.16638337998330385,0.035307217804668875,0.5277099609375,0.14115136559039715,0.02829374974796148,0.61279296875,,,,,
constructed calibration development; no ordinary-trained replicate claim,v2/work_logs/F15_ND01_v1_run1/evaluation_attempt_1/calibration_4_evaluation.json,b8610dd97506c9946dcd82d5754b6215bb5bc5b2d1ebd486d3324e9f73268e0a,searched_alignment,4,1511695,identity/shuffled_donor,identity,shuffled_donor,0,mixed_near,8192,0.10989435530300165,0.017870893504175322,0.13368206126543428,0.39218093206201143,0.53369140625,0.13367525043612272,0.16397158353137084,0.13813194527777317,,,,0.46630859375,0.0011832351572769863,2.228417795000831e-06,1.0,0.14823094486093846,0.026884583823287515,0.4844970703125,0.14547309340931613,0.026852162407878067,0.5010986328125,,,,,
constructed calibration development; no ordinary-trained replicate claim,v2/work_logs/F15_ND01_v1_run1/evaluation_attempt_1/calibration_4_evaluation.json,b8610dd97506c9946dcd82d5754b6215bb5bc5b2d1ebd486d3324e9f73268e0a,searched_alignment,4,1511695,identity/shuffled_donor,identity,shuffled_donor,0,mixed_far,8192,0.136295294245579,0.029081707181035178,0.17053359546152536,0.5242405675581137,0.76220703125,0.1705396328544693,0.16976662956924712,0.15555713058182508,,,,0.23779296875,0.0011911284915486677,2.260648422727125e-06,0.9976806640625,0.14949353395317053,0.028817114930242037,0.7747802734375,0.23185613372168662,0.07549235423930742,0.5047607421875,,,,,
constructed calibration development; no ordinary-trained replicate claim,v2/work_logs/F15_ND01_v1_run1/evaluation_attempt_1/calibration_4_evaluation.json,b8610dd97506c9946dcd82d5754b6215bb5bc5b2d1ebd486d3324e9f73268e0a,searched_alignment,4,1511695,identity/shuffled_donor,identity,shuffled_donor,0,preserve_other,8192,0.12405905607614506,0.023645907672993648,0.15377225911390405,0.4985649330237625,0.6231689453125,0.15379130422639287,0.16911144643449638,0.15104777125984342,,,,0.3768310546875,0.0012312475776633856,2.4123451028478e-06,0.9954833984375,0.1479913713334233,0.028596306283940897,0.55810546875,0.1633476708772914,0.040796385292483126,0.49853515625,,,,,
constructed calibration development; no ordinary-trained replicate claim,v2/work_logs/F15_ND01_v1_run1/evaluation_attempt_1/calibration_4_evaluation.json,b8610dd97506c9946dcd82d5754b6215bb5bc5b2d1ebd486d3324e9f73268e0a,searched_alignment,4,1511695,identity/shuffled_donor,identity,shuffled_donor,0,equal_target,8192,0.08883927734101746,0.012026514866134467,0.10966546797481178,0.33815409717321815,0.7713623046875,0.10967422177670552,1.7783559827695586e-17,0.10967422177670552,0.10967422177670552,,,0.2286376953125,0.0012466601229544298,2.4698565752245543e-06,0.99658203125,0.0012466601229544293,2.4698565752245535e-06,0.99658203125,0.1624722227260818,0.04031345544858049,0.5067138671875,,,,,
constructed calibration development; no ordinary-trained replicate claim,v2/work_logs/F15_ND01_v1_run1/evaluation_attempt_1/calibration_4_evaluation.json,b8610dd97506c9946dcd82d5754b6215bb5bc5b2d1ebd486d3324e9f73268e0a,searched_alignment,4,1511695,identity/shuffled_donor,identity,shuffled_donor,0,scale_separating,8192,0.1276064454732838,0.024863950085602163,0.15768306848105842,0.484126823828614,0.6429443359375,0.15766539235605784,0.18788418510263086,0.15454933823360872,,,,0.3570556640625,0.0012045968645279768,2.3412238673622734e-06,0.9964599609375,0.16632193803869197,0.035294102801956315,0.5263671875,0.1755268530366612,0.04675662160873578,0.4974365234375,,,,,
constructed calibration development; no ordinary-trained replicate claim,v2/work_logs/F15_ND01_v1_run1/evaluation_attempt_1/calibration_4_evaluation.json,b8610dd97506c9946dcd82d5754b6215bb5bc5b2d1ebd486d3324e9f73268e0a,searched_alignment,4,1511695,identity/shuffled_donor,identity,shuffled_donor,1,mixed_near,8192,0.10678381696133138,0.016943737813275815,0.13016811365797623,0.38077159702179003,0.5328369140625,0.13017334509769726,0.1633077652759081,0.13752097214622824,,,,0.4671630859375,0.0011841640313528397,2.2320891748642905e-06,1.0,0.1479385921263284,0.026660515635475224,0.48583984375,0.14764707750441358,0.027499885964898114,0.4873046875,,,,,
constructed calibration development; no ordinary-trained replicate claim,v2/work_logs/F15_ND01_v1_run1/evaluation_attempt_1/calibration_4_evaluation.json,b8610dd97506c9946dcd82d5754b6215bb5bc5b2d1ebd486d3324e9f73268e0a,searched_alignment,4,1511695,identity/shuffled_donor,identity,shuffled_donor,1,mixed_far,8192,0.13386107516073623,0.028221896216151225,0.1679937386218642,0.4578929137033856,0.7640380859375,0.1680067092566979,0.16846211941998138,0.15229599890830853,,,,0.2359619140625,0.0011749714821987325,2.2113742151146974e-06,0.997314453125,0.14840551273077235,0.028386798804634975,0.7850341796875,0.22757290848199427,0.07316511119795954,0.51220703125,,,,,
constructed calibration development; no ordinary-trained replicate claim,v2/work_logs/F15_ND01_v1_run1/evaluation_attempt_1/calibration_4_evaluation.json,b8610dd97506c9946dcd82d5754b6215bb5bc5b2d1ebd486d3324e9f73268e0a,searched_alignment,4,1511695,identity/shuffled_donor,identity,shuffled_donor,1,preserve_other,8192,0.12075464046551225,0.022406908544143792,0.14968937351777445,0.4371381421938771,0.625,0.14968616853197683,0.16873513122058775,0.14869175488067662,,,,0.375,0.001213186093332621,2.3803135846010635e-06,0.997802734375,0.14763518443847157,0.028476757648418533,0.5450439453125,0.15896967682775373,0.038580897506521945,0.516357421875,,,,,
constructed calibration development; no ordinary-trained replicate claim,v2/work_logs/F15_ND01_v1_run1/evaluation_attempt_1/calibration_4_evaluation.json,b8610dd97506c9946dcd82d5754b6215bb5bc5b2d1ebd486d3324e9f73268e0a,searched_alignment,4,1511695,identity/shuffled_donor,identity,shuffled_donor,1,equal_target,8192,0.08560510403516865,0.011245735562428945,0.10604591252108185,0.3784264925136907,0.771484375,0.10601163806784537,1.643415900023268e-17,0.10601163806784537,0.10601163806784537,,,0.228515625,0.0012310815384597882,2.4060489894674344e-06,0.9962158203125,0.0012310815384597882,2.4060489894674344e-06,0.9962158203125,0.16112400186051212,0.039955998638502854,0.5048828125,,,,,
constructed calibration development; no ordinary-trained replicate claim,v2/work_logs/F15_ND01_v1_run1/evaluation_attempt_1/calibration_4_evaluation.json,b8610dd97506c9946dcd82d5754b6215bb5bc5b2d1ebd486d3324e9f73268e0a,searched_alignment,4,1511695,identity/shuffled_donor,identity,shuffled_donor,1,scale_separating,8192,0.12625511224122415,0.024311685094309,0.15592204813402433,0.473662665232648,0.638427734375,0.15594471503532695,0.187926149509477,0.14962080242056708,,,,0.361572265625,0.0012133101052490681,2.321390698460258e-06,0.9964599609375,0.16638337998330385,0.035307217804668875,0.5277099609375,0.1735937643666783,0.04563780338224724,0.504150390625,,,,,
constructed calibration development; no ordinary-trained replicate claim,v2/work_logs/F15_ND01_v1_run1/evaluation_attempt_1/calibration_4_evaluation.json,b8610dd97506c9946dcd82d5754b6215bb5bc5b2d1ebd486d3324e9f73268e0a,searched_alignment,4,1511695,identity/untrained,identity,untrained,0,mixed_near,8192,0.061902073299785636,0.00557440179501434,0.07466191663099964,0.2241307729208391,0.513671875,0.1822639480264755,0.16397158353137084,0.028561710405760377,,,,0.486328125,0.15113066944264897,0.03168026239011963,0.5194091796875,0.06405719513279709,0.005942203975251246,0.502685546875,0.06194533841509614,0.005619252166930138,0.4857177734375,,,,,
constructed calibration development; no ordinary-trained replicate claim,v2/work_logs/F15_ND01_v1_run1/evaluation_attempt_1/calibration_4_evaluation.json,b8610dd97506c9946dcd82d5754b6215bb5bc5b2d1ebd486d3324e9f73268e0a,searched_alignment,4,1511695,identity/untrained,identity,untrained,0,mixed_far,8192,0.19569834050918328,0.04412235894381311,0.210053228834534,0.4437875883001645,0.61572265625,0.17616012462281835,0.16976662956924712,0.026199769056850217,,,,0.38427734375,0.15132848145656883,0.034788052843951936,0.4732666015625,0.20328774673789826,0.048179427140657836,0.5457763671875,0.2264149157434197,0.059166841353170255,0.4278564453125,,,,,
constructed calibration development; no ordinary-trained replicate claim,v2/work_logs/F15_ND01_v1_run1/evaluation_attempt_1/calibration_4_evaluation.json,b8610dd97506c9946dcd82d5754b6215bb5bc5b2d1ebd486d3324e9f73268e0a,searched_alignment,4,1511695,identity/untrained,identity,untrained,0,preserve_other,8192,0.12458207013327831,0.023072549576494718,0.15189650942827723,0.42846855716712495,0.52685546875,0.18300248178708728,0.16911144643449638,0.024979639458070912,,,,0.47314453125,0.15209285166048603,0.03317741431005433,0.3887939453125,0.12606208450147177,0.023717203752431866,0.55126953125,0.143693816482506,0.02993465855639069,0.4326171875,,,,,
constructed calibration development; no ordinary-trained replicate claim,v2/work_logs/F15_ND01_v1_run1/evaluation_attempt_1/calibration_4_evaluation.json,b8610dd97506c9946dcd82d5754b6215bb5bc5b2d1ebd486d3324e9f73268e0a,searched_alignment,4,1511695,identity/untrained,identity,untrained,0,equal_target,8192,0.11883907864880194,0.020812690270676223,0.14426603990779058,0.4065550347425318,0.60302734375,0.030976873068139513,1.7783559827695586e-17,0.030976873068139513,0.030976873068139513,,,0.39697265625,0.1341400318013371,0.026123810692309464,0.5247802734375,0.1341400318013371,0.026123810692309464,0.5247802734375,0.1245320232321802,0.023819536977157708,0.570068359375,,,,,
constructed calibration development; no ordinary-trained replicate claim,v2/work_logs/F15_ND01_v1_run1/evaluation_attempt_1/calibration_4_evaluation.json,b8610dd97506c9946dcd82d5754b6215bb5bc5b2d1ebd486d3324e9f73268e0a,searched_alignment,4,1511695,identity/untrained,identity,untrained,0,scale_separating,8192,0.10977754987926393,0.018000149317991525,0.13416463512413218,0.3802073068376055,0.6146240234375,0.20674344801777816,0.18788418510263086,0.034216146039001534,,,,0.3853759765625,0.16588909718502176,0.03841294448936704,0.42333984375,0.11679643100771392,0.020327585519217477,0.5765380859375,0.13557420869734207,0.02743021221039503,0.4520263671875,,,,,
constructed calibration development; no ordinary-trained replicate claim,v2/work_logs/F15_ND01_v1_run1/evaluation_attempt_1/calibration_4_evaluation.json,b8610dd97506c9946dcd82d5754b6215bb5bc5b2d1ebd486d3324e9f73268e0a,searched_alignment,4,1511695,identity/untrained,identity,untrained,1,mixed_near,8192,0.06686644799280747,0.006624135801655547,0.0813887940791332,0.2329124779868751,0.509033203125,0.11993548082342374,0.1633077652759081,0.0673029720204086,,,,0.490966796875,0.1545166469682504,0.03266432873249113,0.481689453125,0.062319847558920616,0.0056465328868229355,0.4814453125,0.0645112935325832,0.0060321132636271795,0.4981689453125,,,,,
constructed calibration development; no ordinary-trained replicate claim,v2/work_logs/F15_ND01_v1_run1/evaluation_attempt_1/calibration_4_evaluation.json,b8610dd97506c9946dcd82d5754b6215bb5bc5b2d1ebd486d3324e9f73268e0a,searched_alignment,4,1511695,identity/untrained,identity,untrained,1,mixed_far,8192,0.1782336605684035,0.037935783766632133,0.19477110608771553,0.4321973810568687,0.690673828125,0.11613956727653038,0.16846211941998138,0.07702317801834078,,,,0.309326171875,0.15646264224749173,0.036190590026050184,0.455810546875,0.22691783315258368,0.05952092750752851,0.4202880859375,0.20321954488097912,0.048367348370686895,0.5487060546875,,,,,
constructed calibration development; no ordinary-trained replicate claim,v2/work_logs/F15_ND01_v1_run1/evaluation_attempt_1/calibration_4_evaluation.json,b8610dd97506c9946dcd82d5754b6215bb5bc5b2d1ebd486d3324e9f73268e0a,searched_alignment,4,1511695,identity/untrained,identity,untrained,1,preserve_other,8192,0.1033143383212827,0.01600175982312997,0.12649806252717855,0.42307942052160835,0.6630859375,0.12699174917873643,0.16873513122058775,0.0698563938391521,,,,0.3369140625,0.13165509360464792,0.025405894983814577,0.529296875,0.1263547790054546,0.02426837709021251,0.5152587890625,0.13104449901391174,0.0252720286179857,0.5115966796875,,,,,
constructed calibration development; no ordinary-trained replicate claim,v2/work_logs/F15_ND01_v1_run1/evaluation_attempt_1/calibration_4_evaluation.json,b8610dd97506c9946dcd82d5754b6215bb5bc5b2d1ebd486d3324e9f73268e0a,searched_alignment,4,1511695,identity/untrained,identity,untrained,1,equal_target,8192,0.12524759180772202,0.02320488014348577,0.15233148113074255,0.3929014373354953,0.4925537109375,0.05930801044219343,1.643415900023268e-17,0.05930801044219343,0.05930801044219343,,,0.5074462890625,0.15051743689718053,0.03257858405938114,0.393310546875,0.15051743689718053,0.03257858405938114,0.393310546875,0.12054918070211557,0.021835912056299964,0.570068359375,,,,,
constructed calibration development; no ordinary-trained replicate claim,v2/work_logs/F15_ND01_v1_run1/evaluation_attempt_1/calibration_4_evaluation.json,b8610dd97506c9946dcd82d5754b6215bb5bc5b2d1ebd486d3324e9f73268e0a,searched_alignment,4,1511695,identity/untrained,identity,untrained,1,scale_separating,8192,0.09887315777688248,0.014867111345497123,0.12193076455717451,0.37228952409100263,0.67626953125,0.1453142142233303,0.187926149509477,0.0771217551229462,,,,0.32373046875,0.1610714811943294,0.03654667032895878,0.4443359375,0.12840228971014778,0.024970374153561185,0.489013671875,0.1210083480625284,0.021664398947163047,0.5523681640625,,,,,
constructed calibration development; no ordinary-trained replicate claim,v2/work_logs/F15_ND01_v1_run1/evaluation_attempt_1/calibration_4_evaluation.json,b8610dd97506c9946dcd82d5754b6215bb5bc5b2d1ebd486d3324e9f73268e0a,searched_alignment,4,1511695,inv_eta/aligned,inv_eta,aligned,0,mixed_near,8192,0.00129820329198487,2.660410786621197e-06,0.0016310765728871214,0.005312039390932943,0.9942626953125,0.0014919393279596185,0.13117362044245356,0.1312179371112533,,,,0.0057373046875,0.0011832351572769863,2.228417795000831e-06,1.0,0.11066815819858633,0.017210495872621946,0.7236328125,0.1942002886114027,0.04949206704778328,0.254150390625,,,,,
constructed calibration development; no ordinary-trained replicate claim,v2/work_logs/F15_ND01_v1_run1/evaluation_attempt_1/calibration_4_evaluation.json,b8610dd97506c9946dcd82d5754b6215bb5bc5b2d1ebd486d3324e9f73268e0a,searched_alignment,4,1511695,inv_eta/aligned,inv_eta,aligned,0,mixed_far,8192,0.0010704038337666674,1.8266607515616596e-06,0.0013515401405661837,0.005528276523354858,0.999755859375,0.001385493745805848,0.14837948435320902,0.14839797720649106,,,,0.000244140625,0.0011911284915486677,2.260648422727125e-06,0.9976806640625,0.12547528957448387,0.022015956849311735,0.779052734375,0.17353025923535692,0.04147119097790371,0.7808837890625,,,,,
constructed calibration development; no ordinary-trained replicate claim,v2/work_logs/F15_ND01_v1_run1/evaluation_attempt_1/calibration_4_evaluation.json,b8610dd97506c9946dcd82d5754b6215bb5bc5b2d1ebd486d3324e9f73268e0a,searched_alignment,4,1511695,inv_eta/aligned,inv_eta,aligned,0,preserve_other,8192,0.0012399937167954685,2.446589825580055e-06,0.001564157864660743,0.005849061235316089,0.995849609375,0.0014637182608361375,0.13543232915014145,0.13546953423319674,,,,0.004150390625,0.0012312475776633856,2.4123451028478e-06,0.9954833984375,0.10917311027787453,0.01834526429922325,0.6756591796875,0.07777672281516519,0.007296225480194191,0.785400390625,,,,,
constructed calibration development; no ordinary-trained replicate claim,v2/work_logs/F15_ND01_v1_run1/evaluation_attempt_1/calibration_4_evaluation.json,b8610dd97506c9946dcd82d5754b6215bb5bc5b2d1ebd486d3324e9f73268e0a,searched_alignment,4,1511695,inv_eta/aligned,inv_eta,aligned,0,equal_target,8192,0.0011438303803974928,2.101428070146862e-06,0.0014496303218913648,0.00530858560916353,0.9981689453125,0.0014816954848803404,0.07993090663715409,0.0799521623604794,,,,0.0018310546875,0.0012466601229544298,2.4698565752245543e-06,0.99658203125,0.07367587976200107,0.006399850238387496,0.845458984375,0.19492712113356497,0.050742434048366106,0.493896484375,,,,,
constructed calibration development; no ordinary-trained replicate claim,v2/work_logs/F15_ND01_v1_run1/evaluation_attempt_1/calibration_4_evaluation.json,b8610dd97506c9946dcd82d5754b6215bb5bc5b2d1ebd486d3324e9f73268e0a,searched_alignment,4,1511695,inv_eta/aligned,inv_eta,aligned,0,scale_separating,8192,0.0012385391898553995,2.441159159130085e-06,0.0015624209289209119,0.005379120345002875,0.997314453125,0.0014457859363271111,0.14621461489928816,0.14625322999882184,,,,0.002685546875,0.0012045968645279768,2.3412238673622734e-06,0.9964599609375,0.12057934043207216,0.02137975890242145,0.696533203125,0.19941660087417434,0.057202126215968555,0.4678955078125,,,,,
constructed calibration development; no ordinary-trained replicate claim,v2/work_logs/F15_ND01_v1_run1/evaluation_attempt_1/calibration_4_evaluation.json,b8610dd97506c9946dcd82d5754b6215bb5bc5b2d1ebd486d3324e9f73268e0a,searched_alignment,4,1511695,inv_eta/aligned,inv_eta,aligned,1,mixed_near,8192,0.05338680142516277,0.004012689256004917,0.06334579114672827,0.1522423076668924,0.8553466796875,0.06333356264749943,0.22171420673253803,0.2766784395264636,,,,0.1446533203125,0.0011841640313528397,2.2320891748642905e-06,1.0,0.193337334041485,0.049143562849873826,0.2633056640625,0.10917516688848708,0.01688231162272526,0.728759765625,,,,,
constructed calibration development; no ordinary-trained replicate claim,v2/work_logs/F15_ND01_v1_run1/evaluation_attempt_1/calibration_4_evaluation.json,b8610dd97506c9946dcd82d5754b6215bb5bc5b2d1ebd486d3324e9f73268e0a,searched_alignment,4,1511695,inv_eta/aligned,inv_eta,aligned,1,mixed_far,8192,0.043531840532672374,0.0025770609930590156,0.05076476133164634,0.13937612946309424,0.9794921875,0.05081014954778822,0.20296094843130114,0.2457610736798328,,,,0.0205078125,0.0011749714821987325,2.2113742151146974e-06,0.997314453125,0.17289038317268549,0.04119301427631025,0.7781982421875,0.12676224725504653,0.022277809176969372,0.7802734375,,,,,
constructed calibration development; no ordinary-trained replicate claim,v2/work_logs/F15_ND01_v1_run1/evaluation_attempt_1/calibration_4_evaluation.json,b8610dd97506c9946dcd82d5754b6215bb5bc5b2d1ebd486d3324e9f73268e0a,searched_alignment,4,1511695,inv_eta/aligned,inv_eta,aligned,1,preserve_other,8192,0.04608742892595302,0.0029969539595679513,0.05474444227104658,0.15590104904338858,0.9283447265625,0.054756214824516675,0.22422115568477327,0.2698203810997117,,,,0.0716552734375,0.001213186093332621,2.3803135846010635e-06,0.997802734375,0.19326947030751715,0.05027344609737418,0.4642333984375,0.0749828696027766,0.006655282986791996,0.8218994140625,,,,,
constructed calibration development; no ordinary-trained replicate claim,v2/work_logs/F15_ND01_v1_run1/evaluation_attempt_1/calibration_4_evaluation.json,b8610dd97506c9946dcd82d5754b6215bb5bc5b2d1ebd486d3324e9f73268e0a,searched_alignment,4,1511695,inv_eta/aligned,inv_eta,aligned,1,equal_target,8192,0.021686832528746057,0.0006921663020053046,0.026309053612878296,0.07981100031158228,0.93798828125,0.026302451261724247,0.08546784312311721,0.08196477465599905,,,,0.06201171875,0.0012310815384597882,2.4060489894674344e-06,0.9962158203125,0.07798782895018558,0.007302482646306237,0.7681884765625,0.10908288907868555,0.018288966667541047,0.677001953125,,,,,
constructed calibration development; no ordinary-trained replicate claim,v2/work_logs/F15_ND01_v1_run1/evaluation_attempt_1/calibration_4_evaluation.json,b8610dd97506c9946dcd82d5754b6215bb5bc5b2d1ebd486d3324e9f73268e0a,searched_alignment,4,1511695,inv_eta/aligned,inv_eta,aligned,1,scale_separating,8192,0.05075139918403526,0.0035154485424781345,0.059291218089006524,0.15498770431016234,0.917236328125,0.059294858441376566,0.25957988488149636,0.3100419949764336,,,,0.082763671875,0.0012133101052490681,2.321390698460258e-06,0.9964599609375,0.22276604028842303,0.06736063452979936,0.409912109375,0.11332407979829692,0.01912695813897386,0.7293701171875,,,,,
constructed calibration development; no ordinary-trained replicate claim,v2/work_logs/F15_ND01_v1_run1/evaluation_attempt_1/calibration_4_evaluation.json,b8610dd97506c9946dcd82d5754b6215bb5bc5b2d1ebd486d3324e9f73268e0a,searched_alignment,4,1511695,inv_eta/permuted_concept,inv_eta,permuted_concept,0,mixed_near,8192,0.018133385760078804,0.00046536233472648056,0.02157225845215286,0.05278051153887764,0.978759765625,0.021596028377617753,0.13117362044245356,0.12950155117489226,,,,0.021240234375,0.0011832351572769863,2.228417795000831e-06,1.0,0.11066815819858633,0.017210495872621946,0.7236328125,0.1942002886114027,0.04949206704778328,0.254150390625,,,,,
constructed calibration development; no ordinary-trained replicate claim,v2/work_logs/F15_ND01_v1_run1/evaluation_attempt_1/calibration_4_evaluation.json,b8610dd97506c9946dcd82d5754b6215bb5bc5b2d1ebd486d3324e9f73268e0a,searched_alignment,4,1511695,inv_eta/permuted_concept,inv_eta,permuted_concept,0,mixed_far,8192,0.014500646657528508,0.00032795872271110845,0.018109630661918768,0.06261762739097926,0.9844970703125,0.018130344279859063,0.14837948435320902,0.14624541331211513,,,,0.0155029296875,0.0011911284915486677,2.260648422727125e-06,0.9976806640625,0.12547528957448387,0.022015956849311735,0.779052734375,0.17353025923535692,0.04147119097790371,0.7808837890625,,,,,
constructed calibration development; no ordinary-trained replicate claim,v2/work_logs/F15_ND01_v1_run1/evaluation_attempt_1/calibration_4_evaluation.json,b8610dd97506c9946dcd82d5754b6215bb5bc5b2d1ebd486d3324e9f73268e0a,searched_alignment,4,1511695,inv_eta/permuted_concept,inv_eta,permuted_concept,0,preserve_other,8192,0.022104952189737608,0.0005759884790276375,0.023999759978542232,0.0626837905036059,0.9390869140625,0.02402283791496113,0.13543232915014145,0.13380093799970189,,,,0.0609130859375,0.0012312475776633856,2.4123451028478e-06,0.9954833984375,0.10917311027787453,0.01834526429922325,0.6756591796875,0.07777672281516519,0.007296225480194191,0.785400390625,,,,,
constructed calibration development; no ordinary-trained replicate claim,v2/work_logs/F15_ND01_v1_run1/evaluation_attempt_1/calibration_4_evaluation.json,b8610dd97506c9946dcd82d5754b6215bb5bc5b2d1ebd486d3324e9f73268e0a,searched_alignment,4,1511695,inv_eta/permuted_concept,inv_eta,permuted_concept,0,equal_target,8192,0.01985048688095701,0.00045187698008496743,0.021257398243551995,0.05121234575692035,0.9677734375,0.021303477398382887,0.07993090663715409,0.10106738721576548,,,,0.0322265625,0.0012466601229544298,2.4698565752245543e-06,0.99658203125,0.07367587976200107,0.006399850238387496,0.845458984375,0.19492712113356497,0.050742434048366106,0.493896484375,,,,,
constructed calibration development; no ordinary-trained replicate claim,v2/work_logs/F15_ND01_v1_run1/evaluation_attempt_1/calibration_4_evaluation.json,b8610dd97506c9946dcd82d5754b6215bb5bc5b2d1ebd486d3324e9f73268e0a,searched_alignment,4,1511695,inv_eta/permuted_concept,inv_eta,permuted_concept,0,scale_separating,8192,0.026318889388481176,0.0007642055223742309,0.027644267441446716,0.06600654404617462,0.937255859375,0.02767487592932459,0.14621461489928816,0.14437577663256626,,,,0.062744140625,0.0012045968645279768,2.3412238673622734e-06,0.9964599609375,0.12057934043207216,0.02137975890242145,0.696533203125,0.19941660087417434,0.057202126215968555,0.4678955078125,,,,,
constructed calibration development; no ordinary-trained replicate claim,v2/work_logs/F15_ND01_v1_run1/evaluation_attempt_1/calibration_4_evaluation.json,b8610dd97506c9946dcd82d5754b6215bb5bc5b2d1ebd486d3324e9f73268e0a,searched_alignment,4,1511695,inv_eta/permuted_concept,inv_eta,permuted_concept,1,mixed_near,8192,0.026786615752818037,0.001038487590910591,0.03222557355440848,0.11340004371472151,0.89892578125,0.032231313095236906,0.22171420673253803,0.19776051646185283,,,,0.10107421875,0.0011841640313528397,2.2320891748642905e-06,1.0,0.193337334041485,0.049143562849873826,0.2633056640625,0.10917516688848708,0.01688231162272526,0.728759765625,,,,,
constructed calibration development; no ordinary-trained replicate claim,v2/work_logs/F15_ND01_v1_run1/evaluation_attempt_1/calibration_4_evaluation.json,b8610dd97506c9946dcd82d5754b6215bb5bc5b2d1ebd486d3324e9f73268e0a,searched_alignment,4,1511695,inv_eta/permuted_concept,inv_eta,permuted_concept,1,mixed_far,8192,0.021551685960884748,0.0007354040937662394,0.027118335010952264,0.10226136352821052,0.9931640625,0.02716027989642543,0.20296094843130114,0.19274036314619497,,,,0.0068359375,0.0011749714821987325,2.2113742151146974e-06,0.997314453125,0.17289038317268549,0.04119301427631025,0.7781982421875,0.12676224725504653,0.022277809176969372,0.7802734375,,,,,
constructed calibration development; no ordinary-trained replicate claim,v2/work_logs/F15_ND01_v1_run1/evaluation_attempt_1/calibration_4_evaluation.json,b8610dd97506c9946dcd82d5754b6215bb5bc5b2d1ebd486d3324e9f73268e0a,searched_alignment,4,1511695,inv_eta/permuted_concept,inv_eta,permuted_concept,1,preserve_other,8192,0.01773231520810606,0.0004508889022524153,0.02123414472618135,0.07530589898715678,0.96337890625,0.021307057715566884,0.22422115568477327,0.21022567129607164,,,,0.03662109375,0.001213186093332621,2.3803135846010635e-06,0.997802734375,0.19326947030751715,0.05027344609737418,0.4642333984375,0.0749828696027766,0.006655282986791996,0.8218994140625,,,,,
constructed calibration development; no ordinary-trained replicate claim,v2/work_logs/F15_ND01_v1_run1/evaluation_attempt_1/calibration_4_evaluation.json,b8610dd97506c9946dcd82d5754b6215bb5bc5b2d1ebd486d3324e9f73268e0a,searched_alignment,4,1511695,inv_eta/permuted_concept,inv_eta,permuted_concept,1,equal_target,8192,0.02776292040786072,0.0010562380396791434,0.03249981599454285,0.10396297473857441,0.9208984375,0.03251085404931363,0.08546784312311721,0.05886358835901409,,,,0.0791015625,0.0012310815384597882,2.4060489894674344e-06,0.9962158203125,0.07798782895018558,0.007302482646306237,0.7681884765625,0.10908288907868555,0.018288966667541047,0.677001953125,,,,,
constructed calibration development; no ordinary-trained replicate claim,v2/work_logs/F15_ND01_v1_run1/evaluation_attempt_1/calibration_4_evaluation.json,b8610dd97506c9946dcd82d5754b6215bb5bc5b2d1ebd486d3324e9f73268e0a,searched_alignment,4,1511695,inv_eta/permuted_concept,inv_eta,permuted_concept,1,scale_separating,8192,0.03055215398452587,0.0012921920846482118,0.03594707338084996,0.11514761907618376,0.919921875,0.03598596203115287,0.25957988488149636,0.23687597066341978,,,,0.080078125,0.0012133101052490681,2.321390698460258e-06,0.9964599609375,0.22276604028842303,0.06736063452979936,0.409912109375,0.11332407979829692,0.01912695813897386,0.7293701171875,,,,,
constructed calibration development; no ordinary-trained replicate claim,v2/work_logs/F15_ND01_v1_run1/evaluation_attempt_1/calibration_4_evaluation.json,b8610dd97506c9946dcd82d5754b6215bb5bc5b2d1ebd486d3324e9f73268e0a,searched_alignment,4,1511695,inv_eta/random,inv_eta,random,0,mixed_near,8192,0.045005643136174264,0.0031422323256962937,0.056055618145697886,0.14771007436862604,0.81787109375,0.05610242636322438,0.13117362044245356,0.18021051110000286,,,,0.18212890625,0.0011832351572769863,2.228417795000831e-06,1.0,0.11066815819858633,0.017210495872621946,0.7236328125,0.1942002886114027,0.04949206704778328,0.254150390625,,,,,
constructed calibration development; no ordinary-trained replicate claim,v2/work_logs/F15_ND01_v1_run1/evaluation_attempt_1/calibration_4_evaluation.json,b8610dd97506c9946dcd82d5754b6215bb5bc5b2d1ebd486d3324e9f73268e0a,searched_alignment,4,1511695,inv_eta/random,inv_eta,random,0,mixed_far,8192,0.0399222378930018,0.0022592159740693427,0.047531210526025346,0.13535065855349404,0.98974609375,0.0475366861408765,0.14837948435320902,0.18866170632828452,,,,0.01025390625,0.0011911284915486677,2.260648422727125e-06,0.9976806640625,0.12547528957448387,0.022015956849311735,0.779052734375,0.17353025923535692,0.04147119097790371,0.7808837890625,,,,,
constructed calibration development; no ordinary-trained replicate claim,v2/work_logs/F15_ND01_v1_run1/evaluation_attempt_1/calibration_4_evaluation.json,b8610dd97506c9946dcd82d5754b6215bb5bc5b2d1ebd486d3324e9f73268e0a,searched_alignment,4,1511695,inv_eta/random,inv_eta,random,0,preserve_other,8192,0.042919993652515726,0.002826905987407399,0.05316865606170048,0.15475872384172762,0.917236328125,0.05320584906696649,0.13543232915014145,0.17968734420795227,,,,0.082763671875,0.0012312475776633856,2.4123451028478e-06,0.9954833984375,0.10917311027787453,0.01834526429922325,0.6756591796875,0.07777672281516519,0.007296225480194191,0.785400390625,,,,,
constructed calibration development; no ordinary-trained replicate claim,v2/work_logs/F15_ND01_v1_run1/evaluation_attempt_1/calibration_4_evaluation.json,b8610dd97506c9946dcd82d5754b6215bb5bc5b2d1ebd486d3324e9f73268e0a,searched_alignment,4,1511695,inv_eta/random,inv_eta,random,0,equal_target,8192,0.04459021467042544,0.002779654368792799,0.05272242756923091,0.17030493474090835,0.941162109375,0.05274553424357123,0.07993090663715409,0.12945850896356625,,,,0.058837890625,0.0012466601229544298,2.4698565752245543e-06,0.99658203125,0.07367587976200107,0.006399850238387496,0.845458984375,0.19492712113356497,0.050742434048366106,0.493896484375,,,,,
constructed calibration development; no ordinary-trained replicate claim,v2/work_logs/F15_ND01_v1_run1/evaluation_attempt_1/calibration_4_evaluation.json,b8610dd97506c9946dcd82d5754b6215bb5bc5b2d1ebd486d3324e9f73268e0a,searched_alignment,4,1511695,inv_eta/random,inv_eta,random,0,scale_separating,8192,0.045263924148771395,0.0029716975139705915,0.05451327832712496,0.15743495515672862,0.912353515625,0.054525307577576586,0.14621461489928816,0.19220026077153715,,,,0.087646484375,0.0012045968645279768,2.3412238673622734e-06,0.9964599609375,0.12057934043207216,0.02137975890242145,0.696533203125,0.19941660087417434,0.057202126215968555,0.4678955078125,,,,,
constructed calibration development; no ordinary-trained replicate claim,v2/work_logs/F15_ND01_v1_run1/evaluation_attempt_1/calibration_4_evaluation.json,b8610dd97506c9946dcd82d5754b6215bb5bc5b2d1ebd486d3324e9f73268e0a,searched_alignment,4,1511695,inv_eta/random,inv_eta,random,1,mixed_near,8192,0.06484946798505872,0.006520991995014523,0.08075265936806368,0.2774365017002566,0.6728515625,0.08076177091795138,0.22171420673253803,0.21220014200622686,,,,0.3271484375,0.0011841640313528397,2.2320891748642905e-06,1.0,0.193337334041485,0.049143562849873826,0.2633056640625,0.10917516688848708,0.01688231162272526,0.728759765625,,,,,
constructed calibration development; no ordinary-trained replicate claim,v2/work_logs/F15_ND01_v1_run1/evaluation_attempt_1/calibration_4_evaluation.json,b8610dd97506c9946dcd82d5754b6215bb5bc5b2d1ebd486d3324e9f73268e0a,searched_alignment,4,1511695,inv_eta/random,inv_eta,random,1,mixed_far,8192,0.06786842860758378,0.006792497249235714,0.08241660784839251,0.2763704917474023,0.9931640625,0.08248932497519593,0.20296094843130114,0.22615490924678272,,,,0.0068359375,0.0011749714821987325,2.2113742151146974e-06,0.997314453125,0.17289038317268549,0.04119301427631025,0.7781982421875,0.12676224725504653,0.022277809176969372,0.7802734375,,,,,
constructed calibration development; no ordinary-trained replicate claim,v2/work_logs/F15_ND01_v1_run1/evaluation_attempt_1/calibration_4_evaluation.json,b8610dd97506c9946dcd82d5754b6215bb5bc5b2d1ebd486d3324e9f73268e0a,searched_alignment,4,1511695,inv_eta/random,inv_eta,random,1,preserve_other,8192,0.048927365033380237,0.00389426502017086,0.06240404650478092,0.20439691969054052,0.8876953125,0.06244916702167452,0.22422115568477327,0.23440669916062157,,,,0.1123046875,0.001213186093332621,2.3803135846010635e-06,0.997802734375,0.19326947030751715,0.05027344609737418,0.4642333984375,0.0749828696027766,0.006655282986791996,0.8218994140625,,,,,
constructed calibration development; no ordinary-trained replicate claim,v2/work_logs/F15_ND01_v1_run1/evaluation_attempt_1/calibration_4_evaluation.json,b8610dd97506c9946dcd82d5754b6215bb5bc5b2d1ebd486d3324e9f73268e0a,searched_alignment,4,1511695,inv_eta/random,inv_eta,random,1,equal_target,8192,0.0905954707791069,0.010962023767182597,0.10469968370144485,0.3068622523716112,0.757568359375,0.10470912720605967,0.08546784312311721,0.047013840128688096,,,,0.242431640625,0.0012310815384597882,2.4060489894674344e-06,0.9962158203125,0.07798782895018558,0.007302482646306237,0.7681884765625,0.10908288907868555,0.018288966667541047,0.677001953125,,,,,
constructed calibration development; no ordinary-trained replicate claim,v2/work_logs/F15_ND01_v1_run1/evaluation_attempt_1/calibration_4_evaluation.json,b8610dd97506c9946dcd82d5754b6215bb5bc5b2d1ebd486d3324e9f73268e0a,searched_alignment,4,1511695,inv_eta/random,inv_eta,random,1,scale_separating,8192,0.07708500083201054,0.009672264200077694,0.0983476700287185,0.31003549352081294,0.8133544921875,0.09839337588828379,0.25957988488149636,0.25707347761563615,,,,0.1866455078125,0.0012133101052490681,2.321390698460258e-06,0.9964599609375,0.22276604028842303,0.06736063452979936,0.409912109375,0.11332407979829692,0.01912695813897386,0.7293701171875,,,,,
constructed calibration development; no ordinary-trained replicate claim,v2/work_logs/F15_ND01_v1_run1/evaluation_attempt_1/calibration_4_evaluation.json,b8610dd97506c9946dcd82d5754b6215bb5bc5b2d1ebd486d3324e9f73268e0a,searched_alignment,4,1511695,inv_eta/shuffled_donor,inv_eta,shuffled_donor,0,mixed_near,8192,0.09272583755630359,0.013094196250489121,0.11442987481636568,0.31568783500458986,0.72900390625,0.11442609895132184,0.13117362044245356,0.12176886509804034,,,,0.27099609375,0.0011832351572769863,2.228417795000831e-06,1.0,0.11066815819858633,0.017210495872621946,0.7236328125,0.1537569067871849,0.03340076579567537,0.493896484375,,,,,
constructed calibration development; no ordinary-trained replicate claim,v2/work_logs/F15_ND01_v1_run1/evaluation_attempt_1/calibration_4_evaluation.json,b8610dd97506c9946dcd82d5754b6215bb5bc5b2d1ebd486d3324e9f73268e0a,searched_alignment,4,1511695,inv_eta/shuffled_donor,inv_eta,shuffled_donor,0,mixed_far,8192,0.11066626318954392,0.019436794020602007,0.13941590304051402,0.33384424667127166,0.8011474609375,0.1394280025614987,0.14837948435320902,0.1324083722196111,,,,0.1988525390625,0.0011911284915486677,2.260648422727125e-06,0.9976806640625,0.12547528957448387,0.022015956849311735,0.779052734375,0.23266448055294198,0.07810700104402765,0.503662109375,,,,,
constructed calibration development; no ordinary-trained replicate claim,v2/work_logs/F15_ND01_v1_run1/evaluation_attempt_1/calibration_4_evaluation.json,b8610dd97506c9946dcd82d5754b6215bb5bc5b2d1ebd486d3324e9f73268e0a,searched_alignment,4,1511695,inv_eta/shuffled_donor,inv_eta,shuffled_donor,0,preserve_other,8192,0.10314726341174499,0.01663258799386726,0.12896739120361883,0.32892774020455834,0.6982421875,0.1289967286484666,0.13543232915014145,0.12735307288420014,,,,0.3017578125,0.0012312475776633856,2.4123451028478e-06,0.9954833984375,0.10917311027787453,0.01834526429922325,0.6756591796875,0.15989565168355901,0.03928420308371808,0.5050048828125,,,,,
constructed calibration development; no ordinary-trained replicate claim,v2/work_logs/F15_ND01_v1_run1/evaluation_attempt_1/calibration_4_evaluation.json,b8610dd97506c9946dcd82d5754b6215bb5bc5b2d1ebd486d3324e9f73268e0a,searched_alignment,4,1511695,inv_eta/shuffled_donor,inv_eta,shuffled_donor,0,equal_target,8192,0.08975424486480559,0.012407005767606151,0.11138673963989677,0.3349476343521399,0.8126220703125,0.11139570197277643,0.07993090663715409,0.11497809693790709,,,,0.1873779296875,0.0012466601229544298,2.4698565752245543e-06,0.99658203125,0.07367587976200107,0.006399850238387496,0.845458984375,0.19026323903561077,0.05397137146526438,0.4989013671875,,,,,
constructed calibration development; no ordinary-trained replicate claim,v2/work_logs/F15_ND01_v1_run1/evaluation_attempt_1/calibration_4_evaluation.json,b8610dd97506c9946dcd82d5754b6215bb5bc5b2d1ebd486d3324e9f73268e0a,searched_alignment,4,1511695,inv_eta/shuffled_donor,inv_eta,shuffled_donor,0,scale_separating,8192,0.1038890108270805,0.016585883129258683,0.12878619153177365,0.3395655038812422,0.737548828125,0.12878058463898054,0.14621461489928816,0.12971200697274476,,,,0.262451171875,0.0012045968645279768,2.3412238673622734e-06,0.9964599609375,0.12057934043207216,0.02137975890242145,0.696533203125,0.18620181038118297,0.05290957785637533,0.5069580078125,,,,,
constructed calibration development; no ordinary-trained replicate claim,v2/work_logs/F15_ND01_v1_run1/evaluation_attempt_1/calibration_4_evaluation.json,b8610dd97506c9946dcd82d5754b6215bb5bc5b2d1ebd486d3324e9f73268e0a,searched_alignment,4,1511695,inv_eta/shuffled_donor,inv_eta,shuffled_donor,1,mixed_near,8192,0.14255774620695927,0.030447543603982295,0.17449224511130085,0.541724233607036,0.402587890625,0.1744998816305356,0.22171420673253803,0.15173919482015485,,,,0.597412109375,0.0011841640313528397,2.2320891748642905e-06,1.0,0.193337334041485,0.049143562849873826,0.2633056640625,0.15489249832147245,0.03386710844713588,0.5008544921875,,,,,
constructed calibration development; no ordinary-trained replicate claim,v2/work_logs/F15_ND01_v1_run1/evaluation_attempt_1/calibration_4_evaluation.json,b8610dd97506c9946dcd82d5754b6215bb5bc5b2d1ebd486d3324e9f73268e0a,searched_alignment,4,1511695,inv_eta/shuffled_donor,inv_eta,shuffled_donor,1,mixed_far,8192,0.1582871745105801,0.03870526055807727,0.19673652573448905,0.5897983243464484,0.733154296875,0.19675955122087235,0.20296094843130114,0.16710991720996402,,,,0.266845703125,0.0011749714821987325,2.2113742151146974e-06,0.997314453125,0.17289038317268549,0.04119301427631025,0.7781982421875,0.22836668144886135,0.07500852959043364,0.512939453125,,,,,
constructed calibration development; no ordinary-trained replicate claim,v2/work_logs/F15_ND01_v1_run1/evaluation_attempt_1/calibration_4_evaluation.json,b8610dd97506c9946dcd82d5754b6215bb5bc5b2d1ebd486d3324e9f73268e0a,searched_alignment,4,1511695,inv_eta/shuffled_donor,inv_eta,shuffled_donor,1,preserve_other,8192,0.1520989087118375,0.03488160220978444,0.18676616987501896,0.5354908361175936,0.5953369140625,0.18677374498806365,0.22422115568477327,0.16563889347065636,,,,0.4046630859375,0.001213186093332621,2.3803135846010635e-06,0.997802734375,0.19326947030751715,0.05027344609737418,0.4642333984375,0.18224199484443104,0.04993877045537197,0.50537109375,,,,,
constructed calibration development; no ordinary-trained replicate claim,v2/work_logs/F15_ND01_v1_run1/evaluation_attempt_1/calibration_4_evaluation.json,b8610dd97506c9946dcd82d5754b6215bb5bc5b2d1ebd486d3324e9f73268e0a,searched_alignment,4,1511695,inv_eta/shuffled_donor,inv_eta,shuffled_donor,1,equal_target,8192,0.11137450698093818,0.018800973094513146,0.13711664047267622,0.47294026658734306,0.6693115234375,0.13709592794474493,0.08546784312311721,0.11494305438802532,,,,0.3306884765625,0.0012310815384597882,2.4060489894674344e-06,0.9962158203125,0.07798782895018558,0.007302482646306237,0.7681884765625,0.15704018568620268,0.037812719473097646,0.50390625,,,,,
constructed calibration development; no ordinary-trained replicate claim,v2/work_logs/F15_ND01_v1_run1/evaluation_attempt_1/calibration_4_evaluation.json,b8610dd97506c9946dcd82d5754b6215bb5bc5b2d1ebd486d3324e9f73268e0a,searched_alignment,4,1511695,inv_eta/shuffled_donor,inv_eta,shuffled_donor,1,scale_separating,8192,0.17138643445998275,0.043686952325954584,0.20901423952916362,0.6071218848264838,0.5567626953125,0.2090487949066223,0.25957988488149636,0.16716252266867798,,,,0.4432373046875,0.0012133101052490681,2.321390698460258e-06,0.9964599609375,0.22276604028842303,0.06736063452979936,0.409912109375,0.19415674968593316,0.05691498055963043,0.4981689453125,,,,,
constructed calibration development; no ordinary-trained replicate claim,v2/work_logs/F15_ND01_v1_run1/evaluation_attempt_1/calibration_4_evaluation.json,b8610dd97506c9946dcd82d5754b6215bb5bc5b2d1ebd486d3324e9f73268e0a,searched_alignment,4,1511695,inv_eta/untrained,inv_eta,untrained,0,mixed_near,8192,0.08873527986766427,0.011685905233034566,0.10810136554657654,0.31201541717026193,0.706787109375,0.20435683416852493,0.13117362044245356,0.11687125983239413,,,,0.293212890625,0.15113066944264897,0.03168026239011963,0.5194091796875,0.1044348866709193,0.016351687016111997,0.4095458984375,0.06937463554021989,0.007251324942676765,0.61669921875,,,,,
constructed calibration development; no ordinary-trained replicate claim,v2/work_logs/F15_ND01_v1_run1/evaluation_attempt_1/calibration_4_evaluation.json,b8610dd97506c9946dcd82d5754b6215bb5bc5b2d1ebd486d3324e9f73268e0a,searched_alignment,4,1511695,inv_eta/untrained,inv_eta,untrained,0,mixed_far,8192,0.1665571981005612,0.03578818828264764,0.18917766327621144,0.4741097924249765,0.6793212890625,0.17704556079530462,0.14837948435320902,0.10764765617666129,,,,0.3206787109375,0.15132848145656883,0.034788052843951936,0.4732666015625,0.2051274285312158,0.05428380210868519,0.540283203125,0.22156958587356476,0.05755378764113324,0.43212890625,,,,,
constructed calibration development; no ordinary-trained replicate claim,v2/work_logs/F15_ND01_v1_run1/evaluation_attempt_1/calibration_4_evaluation.json,b8610dd97506c9946dcd82d5754b6215bb5bc5b2d1ebd486d3324e9f73268e0a,searched_alignment,4,1511695,inv_eta/untrained,inv_eta,untrained,0,preserve_other,8192,0.131260333143066,0.025700191615450736,0.1603127930498709,0.4564922175633083,0.4744873046875,0.16884004281480441,0.13543232915014145,0.07825559169805592,,,,0.5255126953125,0.15209285166048603,0.03317741431005433,0.3887939453125,0.15005934346184677,0.032994950108714324,0.3980712890625,0.1173606936317676,0.020668378416813578,0.5677490234375,,,,,
constructed calibration development; no ordinary-trained replicate claim,v2/work_logs/F15_ND01_v1_run1/evaluation_attempt_1/calibration_4_evaluation.json,b8610dd97506c9946dcd82d5754b6215bb5bc5b2d1ebd486d3324e9f73268e0a,searched_alignment,4,1511695,inv_eta/untrained,inv_eta,untrained,0,equal_target,8192,0.11859546052363687,0.020469999269971964,0.14307340518059938,0.4380754383116966,0.74365234375,0.06729149584135237,0.07993090663715409,0.11392239991232289,,,,0.25634765625,0.1341400318013371,0.026123810692309464,0.5247802734375,0.18348431992278288,0.04606717588585593,0.4359130859375,0.14498815097688195,0.030504614010449297,0.639404296875,,,,,
constructed calibration development; no ordinary-trained replicate claim,v2/work_logs/F15_ND01_v1_run1/evaluation_attempt_1/calibration_4_evaluation.json,b8610dd97506c9946dcd82d5754b6215bb5bc5b2d1ebd486d3324e9f73268e0a,searched_alignment,4,1511695,inv_eta/untrained,inv_eta,untrained,0,scale_separating,8192,0.1078214326780865,0.017667880508626478,0.1329205797031689,0.447401561558205,0.6864013671875,0.20129262894253155,0.14621461489928816,0.12890298604712805,,,,0.3135986328125,0.16588909718502176,0.03841294448936704,0.42333984375,0.15891251891738123,0.03644814014795812,0.4361572265625,0.1307673540024249,0.024674501646995712,0.5792236328125,,,,,
constructed calibration development; no ordinary-trained replicate claim,v2/work_logs/F15_ND01_v1_run1/evaluation_attempt_1/calibration_4_evaluation.json,b8610dd97506c9946dcd82d5754b6215bb5bc5b2d1ebd486d3324e9f73268e0a,searched_alignment,4,1511695,inv_eta/untrained,inv_eta,untrained,1,mixed_near,8192,0.06204064038825649,0.005770707486244055,0.07596517285074822,0.22059057221818174,0.704833984375,0.17740990384817645,0.22171420673253803,0.0596292413393668,,,,0.295166015625,0.1545166469682504,0.03266432873249113,0.481689453125,0.0691234509978201,0.0071836924218875355,0.6217041015625,0.10621283192680823,0.016877894345480475,0.4052734375,,,,,
constructed calibration development; no ordinary-trained replicate claim,v2/work_logs/F15_ND01_v1_run1/evaluation_attempt_1/calibration_4_evaluation.json,b8610dd97506c9946dcd82d5754b6215bb5bc5b2d1ebd486d3324e9f73268e0a,searched_alignment,4,1511695,inv_eta/untrained,inv_eta,untrained,1,mixed_far,8192,0.1784211049143658,0.03778032028109349,0.1943716035872871,0.4292672508343849,0.6143798828125,0.15264536373396032,0.20296094843130114,0.06808121569791924,,,,0.3856201171875,0.15646264224749173,0.036190590026050184,0.455810546875,0.22197310674587528,0.057754130266358616,0.4251708984375,0.20579190527518118,0.05448676224006004,0.5418701171875,,,,,
constructed calibration development; no ordinary-trained replicate claim,v2/work_logs/F15_ND01_v1_run1/evaluation_attempt_1/calibration_4_evaluation.json,b8610dd97506c9946dcd82d5754b6215bb5bc5b2d1ebd486d3324e9f73268e0a,searched_alignment,4,1511695,inv_eta/untrained,inv_eta,untrained,1,preserve_other,8192,0.11713312035045124,0.020009443197828006,0.14145473904337036,0.44000188580062694,0.7086181640625,0.1793655447744085,0.22422115568477327,0.061261296811655194,,,,0.2913818359375,0.13165509360464792,0.025405894983814577,0.529296875,0.14357191849970818,0.03017299774148748,0.5814208984375,0.1800010421836799,0.04464039961136239,0.3966064453125,,,,,
constructed calibration development; no ordinary-trained replicate claim,v2/work_logs/F15_ND01_v1_run1/evaluation_attempt_1/calibration_4_evaluation.json,b8610dd97506c9946dcd82d5754b6215bb5bc5b2d1ebd486d3324e9f73268e0a,searched_alignment,4,1511695,inv_eta/untrained,inv_eta,untrained,1,equal_target,8192,0.11360520082264136,0.01926236067143144,0.13878890687454615,0.3877531607792675,0.5452880859375,0.10985747393125365,0.08546784312311721,0.028603471644622874,,,,0.4547119140625,0.15051743689718053,0.03257858405938114,0.393310546875,0.11748714450877704,0.020637809153962995,0.55517578125,0.1377657712905201,0.028250784814789376,0.426513671875,,,,,
constructed calibration development; no ordinary-trained replicate claim,v2/work_logs/F15_ND01_v1_run1/evaluation_attempt_1/calibration_4_evaluation.json,b8610dd97506c9946dcd82d5754b6215bb5bc5b2d1ebd486d3324e9f73268e0a,searched_alignment,4,1511695,inv_eta/untrained,inv_eta,untrained,1,scale_separating,8192,0.10364820514853013,0.01571593976949965,0.1253632313300022,0.34885790209593615,0.7275390625,0.21187577796012808,0.25957988488149636,0.06723174868047507,,,,0.2724609375,0.1610714811943294,0.03654667032895878,0.4443359375,0.13785330978602753,0.027053761414374478,0.5897216796875,0.17243374279633186,0.04145872810556101,0.413330078125,,,,,
constructed calibration development; no ordinary-trained replicate claim,v2/work_logs/F15_ND01_v1_run1/evaluation_attempt_1/calibration_4_evaluation.json,b8610dd97506c9946dcd82d5754b6215bb5bc5b2d1ebd486d3324e9f73268e0a,searched_alignment,4,1511695,inv_one_minus_eta/aligned,inv_one_minus_eta,aligned,0,mixed_near,8192,0.05310309045098924,0.0036115046347255046,0.06009579548292463,0.13724580726801833,0.881591796875,0.06008784545770542,0.22213457523427738,0.28010185707230656,,,,0.118408203125,0.0011832351572769863,2.228417795000831e-06,1.0,0.19350206082992577,0.04933606507286346,0.2662353515625,0.11011867436615685,0.01721792439644227,0.7261962890625,,,,,
constructed calibration development; no ordinary-trained replicate claim,v2/work_logs/F15_ND01_v1_run1/evaluation_attempt_1/calibration_4_evaluation.json,b8610dd97506c9946dcd82d5754b6215bb5bc5b2d1ebd486d3324e9f73268e0a,searched_alignment,4,1511695,inv_one_minus_eta/aligned,inv_one_minus_eta,aligned,0,mixed_far,8192,0.040647972397794246,0.002167535743611447,0.046556801260518824,0.1608759378214938,0.9642333984375,0.04653214776332741,0.20452267072717725,0.24753268214864493,,,,0.0357666015625,0.0011911284915486677,2.260648422727125e-06,0.9976806640625,0.174573411035168,0.041822661807837086,0.7696533203125,0.12446339724280975,0.02157062638411418,0.788818359375,,,,,
constructed calibration development; no ordinary-trained replicate claim,v2/work_logs/F15_ND01_v1_run1/evaluation_attempt_1/calibration_4_evaluation.json,b8610dd97506c9946dcd82d5754b6215bb5bc5b2d1ebd486d3324e9f73268e0a,searched_alignment,4,1511695,inv_one_minus_eta/aligned,inv_one_minus_eta,aligned,0,preserve_other,8192,0.04557177216695469,0.002697085791785336,0.05193347467467718,0.14053608035784643,0.9453125,0.051921640166059185,0.2248632830868372,0.2740930422176365,,,,0.0546875,0.0012312475776633856,2.4123451028478e-06,0.9954833984375,0.19404831557401103,0.05055494593681145,0.471435546875,0.07498970237060727,0.0066967021338261296,0.8228759765625,,,,,
constructed calibration development; no ordinary-trained replicate claim,v2/work_logs/F15_ND01_v1_run1/evaluation_attempt_1/calibration_4_evaluation.json,b8610dd97506c9946dcd82d5754b6215bb5bc5b2d1ebd486d3324e9f73268e0a,searched_alignment,4,1511695,inv_one_minus_eta/aligned,inv_one_minus_eta,aligned,0,equal_target,8192,0.019177177858226733,0.0006641502728533372,0.025771113147346533,0.10426368868592373,0.9473876953125,0.025692521620228233,0.08583982741236082,0.10641794794236419,,,,0.0526123046875,0.0012466601229544298,2.4698565752245543e-06,0.99658203125,0.07809100230453171,0.00736256595820483,0.7840576171875,0.1087177523474595,0.018173476253033106,0.6663818359375,,,,,
constructed calibration development; no ordinary-trained replicate claim,v2/work_logs/F15_ND01_v1_run1/evaluation_attempt_1/calibration_4_evaluation.json,b8610dd97506c9946dcd82d5754b6215bb5bc5b2d1ebd486d3324e9f73268e0a,searched_alignment,4,1511695,inv_one_minus_eta/aligned,inv_one_minus_eta,aligned,0,scale_separating,8192,0.05237703384621162,0.003582544776742818,0.05985436305519271,0.1691324443847047,0.9263916015625,0.05983023921150508,0.2585064612787404,0.31582865308725755,,,,0.0736083984375,0.0012045968645279768,2.3412238673622734e-06,0.9964599609375,0.22164182507931274,0.0668114960485236,0.418212890625,0.1126424842501915,0.018908564534068507,0.7352294921875,,,,,
constructed calibration development; no ordinary-trained replicate claim,v2/work_logs/F15_ND01_v1_run1/evaluation_attempt_1/calibration_4_evaluation.json,b8610dd97506c9946dcd82d5754b6215bb5bc5b2d1ebd486d3324e9f73268e0a,searched_alignment,4,1511695,inv_one_minus_eta/aligned,inv_one_minus_eta,aligned,1,mixed_near,8192,0.0012971650128917695,2.658585047117174e-06,0.0016305168036905274,0.0054732425292726705,0.9942626953125,0.0014891410508561982,0.1312904541419043,0.13129479689607906,,,,0.0057373046875,0.0011841640313528397,2.2320891748642905e-06,1.0,0.11051300373837883,0.017234353683341863,0.7216796875,0.19355829595546856,0.049423631764896045,0.2645263671875,,,,,
constructed calibration development; no ordinary-trained replicate claim,v2/work_logs/F15_ND01_v1_run1/evaluation_attempt_1/calibration_4_evaluation.json,b8610dd97506c9946dcd82d5754b6215bb5bc5b2d1ebd486d3324e9f73268e0a,searched_alignment,4,1511695,inv_one_minus_eta/aligned,inv_one_minus_eta,aligned,1,mixed_far,8192,0.0010685131563212798,1.8371363124273706e-06,0.0013554100163520155,0.005287560295053395,0.9996337890625,0.0013537170510731773,0.14735895043730862,0.14743986037765872,,,,0.0003662109375,0.0011749714821987325,2.2113742151146974e-06,0.997314453125,0.12475073926045613,0.02172895094848496,0.7886962890625,0.173949909117806,0.04177356498245254,0.7705078125,,,,,
constructed calibration development; no ordinary-trained replicate claim,v2/work_logs/F15_ND01_v1_run1/evaluation_attempt_1/calibration_4_evaluation.json,b8610dd97506c9946dcd82d5754b6215bb5bc5b2d1ebd486d3324e9f73268e0a,searched_alignment,4,1511695,inv_one_minus_eta/aligned,inv_one_minus_eta,aligned,1,preserve_other,8192,0.001237656225660069,2.4514414907664525e-06,0.0015657079838738935,0.005814406089445279,0.996337890625,0.0014661571721359841,0.13510820472200386,0.1351497274201949,,,,0.003662109375,0.001213186093332621,2.3803135846010635e-06,0.997802734375,0.10890378418125042,0.018265028456238695,0.6690673828125,0.0782648679480878,0.007366367984993178,0.7747802734375,,,,,
constructed calibration development; no ordinary-trained replicate claim,v2/work_logs/F15_ND01_v1_run1/evaluation_attempt_1/calibration_4_evaluation.json,b8610dd97506c9946dcd82d5754b6215bb5bc5b2d1ebd486d3324e9f73268e0a,searched_alignment,4,1511695,inv_one_minus_eta/aligned,inv_one_minus_eta,aligned,1,equal_target,8192,0.001167773825628727,2.1782609310577344e-06,0.001475893265469334,0.005249331655905132,0.997802734375,0.001481444774631795,0.07957711135688984,0.0795683679153176,,,,0.002197265625,0.0012310815384597882,2.4060489894674344e-06,0.9962158203125,0.07348354284032337,0.006338229520057332,0.8489990234375,0.19461344487961263,0.05073751628530904,0.486083984375,,,,,
constructed calibration development; no ordinary-trained replicate claim,v2/work_logs/F15_ND01_v1_run1/evaluation_attempt_1/calibration_4_evaluation.json,b8610dd97506c9946dcd82d5754b6215bb5bc5b2d1ebd486d3324e9f73268e0a,searched_alignment,4,1511695,inv_one_minus_eta/aligned,inv_one_minus_eta,aligned,1,scale_separating,8192,0.0012467573853310564,2.474351555979977e-06,0.0015730071697166472,0.00570575543953733,0.9954833984375,0.001445330485332273,0.14501386243265615,0.14506304767530817,,,,0.0045166015625,0.0012133101052490681,2.321390698460258e-06,0.9964599609375,0.11933228205916492,0.021031523762974295,0.688232421875,0.1957214349354503,0.05590158901269085,0.4844970703125,,,,,
constructed calibration development; no ordinary-trained replicate claim,v2/work_logs/F15_ND01_v1_run1/evaluation_attempt_1/calibration_4_evaluation.json,b8610dd97506c9946dcd82d5754b6215bb5bc5b2d1ebd486d3324e9f73268e0a,searched_alignment,4,1511695,inv_one_minus_eta/permuted_concept,inv_one_minus_eta,permuted_concept,0,mixed_near,8192,0.020198896645754263,0.0006275538283059046,0.02505102449613398,0.08475083160678243,0.954833984375,0.025080983684945293,0.22213457523427738,0.20251500919625123,,,,0.045166015625,0.0011832351572769863,2.228417795000831e-06,1.0,0.19350206082992577,0.04933606507286346,0.2662353515625,0.11011867436615685,0.01721792439644227,0.7261962890625,,,,,
constructed calibration development; no ordinary-trained replicate claim,v2/work_logs/F15_ND01_v1_run1/evaluation_attempt_1/calibration_4_evaluation.json,b8610dd97506c9946dcd82d5754b6215bb5bc5b2d1ebd486d3324e9f73268e0a,searched_alignment,4,1511695,inv_one_minus_eta/permuted_concept,inv_one_minus_eta,permuted_concept,0,mixed_far,8192,0.016635711524151366,0.00044996842499285083,0.02121245919248522,0.09146558508311842,0.994873046875,0.021243900883423143,0.20452267072717725,0.191851637997651,,,,0.005126953125,0.0011911284915486677,2.260648422727125e-06,0.9976806640625,0.174573411035168,0.041822661807837086,0.7696533203125,0.12446339724280975,0.02157062638411418,0.788818359375,,,,,
constructed calibration development; no ordinary-trained replicate claim,v2/work_logs/F15_ND01_v1_run1/evaluation_attempt_1/calibration_4_evaluation.json,b8610dd97506c9946dcd82d5754b6215bb5bc5b2d1ebd486d3324e9f73268e0a,searched_alignment,4,1511695,inv_one_minus_eta/permuted_concept,inv_one_minus_eta,permuted_concept,0,preserve_other,8192,0.023145617844671992,0.0006485934211120932,0.025467497346855526,0.08418334124314802,0.9556884765625,0.025502745400808116,0.2248632830868372,0.2059231719205621,,,,0.0443115234375,0.0012312475776633856,2.4123451028478e-06,0.9954833984375,0.19404831557401103,0.05055494593681145,0.471435546875,0.07498970237060727,0.0066967021338261296,0.8228759765625,,,,,
constructed calibration development; no ordinary-trained replicate claim,v2/work_logs/F15_ND01_v1_run1/evaluation_attempt_1/calibration_4_evaluation.json,b8610dd97506c9946dcd82d5754b6215bb5bc5b2d1ebd486d3324e9f73268e0a,searched_alignment,4,1511695,inv_one_minus_eta/permuted_concept,inv_one_minus_eta,permuted_concept,0,equal_target,8192,0.024741528650524126,0.0007564566221364103,0.027503756509546298,0.09222481307378255,0.9329833984375,0.02755758760065748,0.08583982741236082,0.058897754212608205,,,,0.0670166015625,0.0012466601229544298,2.4698565752245543e-06,0.99658203125,0.07809100230453171,0.00736256595820483,0.7840576171875,0.1087177523474595,0.018173476253033106,0.6663818359375,,,,,
constructed calibration development; no ordinary-trained replicate claim,v2/work_logs/F15_ND01_v1_run1/evaluation_attempt_1/calibration_4_evaluation.json,b8610dd97506c9946dcd82d5754b6215bb5bc5b2d1ebd486d3324e9f73268e0a,searched_alignment,4,1511695,inv_one_minus_eta/permuted_concept,inv_one_minus_eta,permuted_concept,0,scale_separating,8192,0.029547045113363098,0.0010072237480436824,0.03173678855907892,0.1025077579277589,0.9302978515625,0.031766587793829314,0.2585064612787404,0.23430486677474552,,,,0.0697021484375,0.0012045968645279768,2.3412238673622734e-06,0.9964599609375,0.22164182507931274,0.0668114960485236,0.418212890625,0.1126424842501915,0.018908564534068507,0.7352294921875,,,,,
constructed calibration development; no ordinary-trained replicate claim,v2/work_logs/F15_ND01_v1_run1/evaluation_attempt_1/calibration_4_evaluation.json,b8610dd97506c9946dcd82d5754b6215bb5bc5b2d1ebd486d3324e9f73268e0a,searched_alignment,4,1511695,inv_one_minus_eta/permuted_concept,inv_one_minus_eta,permuted_concept,1,mixed_near,8192,0.018341904409951926,0.0005226465785655188,0.022861464926061035,0.05812301887593252,0.9796142578125,0.022895047800944663,0.1312904541419043,0.13046060793914147,,,,0.0203857421875,0.0011841640313528397,2.2320891748642905e-06,1.0,0.11051300373837883,0.017234353683341863,0.7216796875,0.19355829595546856,0.049423631764896045,0.2645263671875,,,,,
constructed calibration development; no ordinary-trained replicate claim,v2/work_logs/F15_ND01_v1_run1/evaluation_attempt_1/calibration_4_evaluation.json,b8610dd97506c9946dcd82d5754b6215bb5bc5b2d1ebd486d3324e9f73268e0a,searched_alignment,4,1511695,inv_one_minus_eta/permuted_concept,inv_one_minus_eta,permuted_concept,1,mixed_far,8192,0.014706036965413331,0.0003892811108781858,0.01973020807995156,0.0701427700180805,0.98095703125,0.019772702077729954,0.14735895043730862,0.14521294927981795,,,,0.01904296875,0.0011749714821987325,2.2113742151146974e-06,0.997314453125,0.12475073926045613,0.02172895094848496,0.7886962890625,0.173949909117806,0.04177356498245254,0.7705078125,,,,,
constructed calibration development; no ordinary-trained replicate claim,v2/work_logs/F15_ND01_v1_run1/evaluation_attempt_1/calibration_4_evaluation.json,b8610dd97506c9946dcd82d5754b6215bb5bc5b2d1ebd486d3324e9f73268e0a,searched_alignment,4,1511695,inv_one_minus_eta/permuted_concept,inv_one_minus_eta,permuted_concept,1,preserve_other,8192,0.022518974951036302,0.0006883943869109446,0.026237270950137795,0.0697346283529705,0.9356689453125,0.02624603945940342,0.13510820472200386,0.13384231152559967,,,,0.0643310546875,0.001213186093332621,2.3803135846010635e-06,0.997802734375,0.10890378418125042,0.018265028456238695,0.6690673828125,0.0782648679480878,0.007366367984993178,0.7747802734375,,,,,
constructed calibration development; no ordinary-trained replicate claim,v2/work_logs/F15_ND01_v1_run1/evaluation_attempt_1/calibration_4_evaluation.json,b8610dd97506c9946dcd82d5754b6215bb5bc5b2d1ebd486d3324e9f73268e0a,searched_alignment,4,1511695,inv_one_minus_eta/permuted_concept,inv_one_minus_eta,permuted_concept,1,equal_target,8192,0.019474506986948643,0.000498369202207194,0.02232418424505572,0.06886541521823863,0.96484375,0.02233499853764408,0.07957711135688984,0.10115685872681586,,,,0.03515625,0.0012310815384597882,2.4060489894674344e-06,0.9962158203125,0.07348354284032337,0.006338229520057332,0.8489990234375,0.19461344487961263,0.05073751628530904,0.486083984375,,,,,
constructed calibration development; no ordinary-trained replicate claim,v2/work_logs/F15_ND01_v1_run1/evaluation_attempt_1/calibration_4_evaluation.json,b8610dd97506c9946dcd82d5754b6215bb5bc5b2d1ebd486d3324e9f73268e0a,searched_alignment,4,1511695,inv_one_minus_eta/permuted_concept,inv_one_minus_eta,permuted_concept,1,scale_separating,8192,0.026251902400174384,0.0008595542722280981,0.02931815601684557,0.07110615482832622,0.933349609375,0.02936078072353019,0.14501386243265615,0.14338154318696947,,,,0.066650390625,0.0012133101052490681,2.321390698460258e-06,0.9964599609375,0.11933228205916492,0.021031523762974295,0.688232421875,0.1957214349354503,0.05590158901269085,0.4844970703125,,,,,
constructed calibration development; no ordinary-trained replicate claim,v2/work_logs/F15_ND01_v1_run1/evaluation_attempt_1/calibration_4_evaluation.json,b8610dd97506c9946dcd82d5754b6215bb5bc5b2d1ebd486d3324e9f73268e0a,searched_alignment,4,1511695,inv_one_minus_eta/random,inv_one_minus_eta,random,0,mixed_near,8192,0.04405621565184151,0.002993572277526315,0.0547135474770766,0.1853770381190753,0.775390625,0.05475955887241421,0.22213457523427738,0.22313820340569934,,,,0.224609375,0.0011832351572769863,2.228417795000831e-06,1.0,0.19350206082992577,0.04933606507286346,0.2662353515625,0.11011867436615685,0.01721792439644227,0.7261962890625,,,,,
constructed calibration development; no ordinary-trained replicate claim,v2/work_logs/F15_ND01_v1_run1/evaluation_attempt_1/calibration_4_evaluation.json,b8610dd97506c9946dcd82d5754b6215bb5bc5b2d1ebd486d3324e9f73268e0a,searched_alignment,4,1511695,inv_one_minus_eta/random,inv_one_minus_eta,random,0,mixed_far,8192,0.04071817383664683,0.002584111668933623,0.05083415848554614,0.2024710240162957,0.994873046875,0.05084694982857633,0.20452267072717725,0.21268465224503208,,,,0.005126953125,0.0011911284915486677,2.260648422727125e-06,0.9976806640625,0.174573411035168,0.041822661807837086,0.7696533203125,0.12446339724280975,0.02157062638411418,0.788818359375,,,,,
constructed calibration development; no ordinary-trained replicate claim,v2/work_logs/F15_ND01_v1_run1/evaluation_attempt_1/calibration_4_evaluation.json,b8610dd97506c9946dcd82d5754b6215bb5bc5b2d1ebd486d3324e9f73268e0a,searched_alignment,4,1511695,inv_one_minus_eta/random,inv_one_minus_eta,random,0,preserve_other,8192,0.04494150844211872,0.0032701048067621825,0.057184830215383016,0.17907492925527374,0.8885498046875,0.057223008435168816,0.2248632830868372,0.22043415339257033,,,,0.1114501953125,0.0012312475776633856,2.4123451028478e-06,0.9954833984375,0.19404831557401103,0.05055494593681145,0.471435546875,0.07498970237060727,0.0066967021338261296,0.8228759765625,,,,,
constructed calibration development; no ordinary-trained replicate claim,v2/work_logs/F15_ND01_v1_run1/evaluation_attempt_1/calibration_4_evaluation.json,b8610dd97506c9946dcd82d5754b6215bb5bc5b2d1ebd486d3324e9f73268e0a,searched_alignment,4,1511695,inv_one_minus_eta/random,inv_one_minus_eta,random,0,equal_target,8192,0.06510990431577497,0.005300477080094497,0.07280437541861406,0.20929743370166592,0.81689453125,0.07284726693895688,0.08583982741236082,0.02949857191399804,,,,0.18310546875,0.0012466601229544298,2.4698565752245543e-06,0.99658203125,0.07809100230453171,0.00736256595820483,0.7840576171875,0.1087177523474595,0.018173476253033106,0.6663818359375,,,,,
constructed calibration development; no ordinary-trained replicate claim,v2/work_logs/F15_ND01_v1_run1/evaluation_attempt_1/calibration_4_evaluation.json,b8610dd97506c9946dcd82d5754b6215bb5bc5b2d1ebd486d3324e9f73268e0a,searched_alignment,4,1511695,inv_one_minus_eta/random,inv_one_minus_eta,random,0,scale_separating,8192,0.05365377308416426,0.004446103590442439,0.06667910910054542,0.2264684018827735,0.8609619140625,0.06670628509993755,0.2585064612787404,0.24786883505163682,,,,0.1390380859375,0.0012045968645279768,2.3412238673622734e-06,0.9964599609375,0.22164182507931274,0.0668114960485236,0.418212890625,0.1126424842501915,0.018908564534068507,0.7352294921875,,,,,
constructed calibration development; no ordinary-trained replicate claim,v2/work_logs/F15_ND01_v1_run1/evaluation_attempt_1/calibration_4_evaluation.json,b8610dd97506c9946dcd82d5754b6215bb5bc5b2d1ebd486d3324e9f73268e0a,searched_alignment,4,1511695,inv_one_minus_eta/random,inv_one_minus_eta,random,1,mixed_near,8192,0.04551849628673815,0.0032187826543426264,0.05673431637327294,0.12480275305254879,0.7806396484375,0.05673227546741553,0.1312904541419043,0.18307169378561514,,,,0.2193603515625,0.0011841640313528397,2.2320891748642905e-06,1.0,0.11051300373837883,0.017234353683341863,0.7216796875,0.19355829595546856,0.049423631764896045,0.2645263671875,,,,,
constructed calibration development; no ordinary-trained replicate claim,v2/work_logs/F15_ND01_v1_run1/evaluation_attempt_1/calibration_4_evaluation.json,b8610dd97506c9946dcd82d5754b6215bb5bc5b2d1ebd486d3324e9f73268e0a,searched_alignment,4,1511695,inv_one_minus_eta/random,inv_one_minus_eta,random,1,mixed_far,8192,0.038705631537001614,0.0023212973052801956,0.048179843350515325,0.11970394191125078,0.994140625,0.04822834297641719,0.14735895043730862,0.19073735480867413,,,,0.005859375,0.0011749714821987325,2.2113742151146974e-06,0.997314453125,0.12475073926045613,0.02172895094848496,0.7886962890625,0.173949909117806,0.04177356498245254,0.7705078125,,,,,
constructed calibration development; no ordinary-trained replicate claim,v2/work_logs/F15_ND01_v1_run1/evaluation_attempt_1/calibration_4_evaluation.json,b8610dd97506c9946dcd82d5754b6215bb5bc5b2d1ebd486d3324e9f73268e0a,searched_alignment,4,1511695,inv_one_minus_eta/random,inv_one_minus_eta,random,1,preserve_other,8192,0.041083150458919165,0.0027161765979372356,0.05211695115734645,0.12236471179282626,0.908203125,0.05213535685717899,0.13510820472200386,0.1823111883929472,,,,0.091796875,0.001213186093332621,2.3803135846010635e-06,0.997802734375,0.10890378418125042,0.018265028456238695,0.6690673828125,0.0782648679480878,0.007366367984993178,0.7747802734375,,,,,
constructed calibration development; no ordinary-trained replicate claim,v2/work_logs/F15_ND01_v1_run1/evaluation_attempt_1/calibration_4_evaluation.json,b8610dd97506c9946dcd82d5754b6215bb5bc5b2d1ebd486d3324e9f73268e0a,searched_alignment,4,1511695,inv_one_minus_eta/random,inv_one_minus_eta,random,1,equal_target,8192,0.0262626933529125,0.0012276159833301912,0.03503735126019362,0.1117345647195187,0.959716796875,0.03503186097015047,0.07957711135688984,0.10893448313631755,,,,0.040283203125,0.0012310815384597882,2.4060489894674344e-06,0.9962158203125,0.07348354284032337,0.006338229520057332,0.8489990234375,0.19461344487961263,0.05073751628530904,0.486083984375,,,,,
constructed calibration development; no ordinary-trained replicate claim,v2/work_logs/F15_ND01_v1_run1/evaluation_attempt_1/calibration_4_evaluation.json,b8610dd97506c9946dcd82d5754b6215bb5bc5b2d1ebd486d3324e9f73268e0a,searched_alignment,4,1511695,inv_one_minus_eta/random,inv_one_minus_eta,random,1,scale_separating,8192,0.04293527096493724,0.0029630049533404096,0.054433491100060905,0.12457995998725152,0.9088134765625,0.054453948892040825,0.14501386243265615,0.19475262518085676,,,,0.0911865234375,0.0012133101052490681,2.321390698460258e-06,0.9964599609375,0.11933228205916492,0.021031523762974295,0.688232421875,0.1957214349354503,0.05590158901269085,0.4844970703125,,,,,
constructed calibration development; no ordinary-trained replicate claim,v2/work_logs/F15_ND01_v1_run1/evaluation_attempt_1/calibration_4_evaluation.json,b8610dd97506c9946dcd82d5754b6215bb5bc5b2d1ebd486d3324e9f73268e0a,searched_alignment,4,1511695,inv_one_minus_eta/shuffled_donor,inv_one_minus_eta,shuffled_donor,0,mixed_near,8192,0.14467284011078785,0.03126409905820138,0.17681656895834558,0.5548462886098897,0.4022216796875,0.17682486150828347,0.22213457523427738,0.15951992152312064,,,,0.5977783203125,0.0011832351572769863,2.228417795000831e-06,1.0,0.19350206082992577,0.04933606507286346,0.2662353515625,0.1525227293233613,0.033090154391439856,0.5047607421875,,,,,
constructed calibration development; no ordinary-trained replicate claim,v2/work_logs/F15_ND01_v1_run1/evaluation_attempt_1/calibration_4_evaluation.json,b8610dd97506c9946dcd82d5754b6215bb5bc5b2d1ebd486d3324e9f73268e0a,searched_alignment,4,1511695,inv_one_minus_eta/shuffled_donor,inv_one_minus_eta,shuffled_donor,0,mixed_far,8192,0.16325943747389823,0.04128837186576234,0.20319540316100249,0.6511996222304117,0.71240234375,0.2032066006292498,0.20452267072717725,0.17662053356613439,,,,0.28759765625,0.0011911284915486677,2.260648422727125e-06,0.9976806640625,0.174573411035168,0.041822661807837086,0.7696533203125,0.23265284566567357,0.07690226597791974,0.5032958984375,,,,,
constructed calibration development; no ordinary-trained replicate claim,v2/work_logs/F15_ND01_v1_run1/evaluation_attempt_1/calibration_4_evaluation.json,b8610dd97506c9946dcd82d5754b6215bb5bc5b2d1ebd486d3324e9f73268e0a,searched_alignment,4,1511695,inv_one_minus_eta/shuffled_donor,inv_one_minus_eta,shuffled_donor,0,preserve_other,8192,0.15936462887156294,0.038297711770857765,0.19569801166812545,0.606231051449851,0.585693359375,0.19571989783822086,0.2248632830868372,0.17138024662171789,,,,0.414306640625,0.0012312475776633856,2.4123451028478e-06,0.9954833984375,0.19404831557401103,0.05055494593681145,0.471435546875,0.18858408667647075,0.05335255904110635,0.497314453125,,,,,
constructed calibration development; no ordinary-trained replicate claim,v2/work_logs/F15_ND01_v1_run1/evaluation_attempt_1/calibration_4_evaluation.json,b8610dd97506c9946dcd82d5754b6215bb5bc5b2d1ebd486d3324e9f73268e0a,searched_alignment,4,1511695,inv_one_minus_eta/shuffled_donor,inv_one_minus_eta,shuffled_donor,0,equal_target,8192,0.1176812860315763,0.020946923267586168,0.1447305194752861,0.4282808399004732,0.6571044921875,0.14475223867212644,0.08583982741236082,0.12193126101719358,,,,0.3428955078125,0.0012466601229544298,2.4698565752245543e-06,0.99658203125,0.07809100230453171,0.00736256595820483,0.7840576171875,0.1579767725258506,0.038312512416320645,0.50341796875,,,,,
constructed calibration development; no ordinary-trained replicate claim,v2/work_logs/F15_ND01_v1_run1/evaluation_attempt_1/calibration_4_evaluation.json,b8610dd97506c9946dcd82d5754b6215bb5bc5b2d1ebd486d3324e9f73268e0a,searched_alignment,4,1511695,inv_one_minus_eta/shuffled_donor,inv_one_minus_eta,shuffled_donor,0,scale_separating,8192,0.17482711934731038,0.04526365689748773,0.2127525720114512,0.6199618800618477,0.5545654296875,0.21274965564801093,0.2585064612787404,0.1771878571385682,,,,0.4454345703125,0.0012045968645279768,2.3412238673622734e-06,0.9964599609375,0.22164182507931274,0.0668114960485236,0.418212890625,0.19469711880904464,0.05747702912874351,0.4979248046875,,,,,
constructed calibration development; no ordinary-trained replicate claim,v2/work_logs/F15_ND01_v1_run1/evaluation_attempt_1/calibration_4_evaluation.json,b8610dd97506c9946dcd82d5754b6215bb5bc5b2d1ebd486d3324e9f73268e0a,searched_alignment,4,1511695,inv_one_minus_eta/shuffled_donor,inv_one_minus_eta,shuffled_donor,1,mixed_near,8192,0.0937300955764739,0.013390283663498398,0.11571639323578314,0.31542050068464955,0.7247314453125,0.11572536647343316,0.1312904541419043,0.12268259328354308,,,,0.2752685546875,0.0011841640313528397,2.2320891748642905e-06,1.0,0.11051300373837883,0.017234353683341863,0.7216796875,0.15615081981738554,0.03430919178064963,0.493408203125,,,,,
constructed calibration development; no ordinary-trained replicate claim,v2/work_logs/F15_ND01_v1_run1/evaluation_attempt_1/calibration_4_evaluation.json,b8610dd97506c9946dcd82d5754b6215bb5bc5b2d1ebd486d3324e9f73268e0a,searched_alignment,4,1511695,inv_one_minus_eta/shuffled_donor,inv_one_minus_eta,shuffled_donor,1,mixed_far,8192,0.10946742219094358,0.01920323764749212,0.13857574696710864,0.3294308654913537,0.8115234375,0.13858457466897625,0.14735895043730862,0.13331829070826534,,,,0.1884765625,0.0011749714821987325,2.2113742151146974e-06,0.997314453125,0.12475073926045613,0.02172895094848496,0.7886962890625,0.22940454425797008,0.07564453518099279,0.510986328125,,,,,
constructed calibration development; no ordinary-trained replicate claim,v2/work_logs/F15_ND01_v1_run1/evaluation_attempt_1/calibration_4_evaluation.json,b8610dd97506c9946dcd82d5754b6215bb5bc5b2d1ebd486d3324e9f73268e0a,searched_alignment,4,1511695,inv_one_minus_eta/shuffled_donor,inv_one_minus_eta,shuffled_donor,1,preserve_other,8192,0.101609836416329,0.016240315565451732,0.12743749670113474,0.3301421107353,0.7005615234375,0.12743401593874748,0.13510820472200386,0.12751475025973266,,,,0.2994384765625,0.001213186093332621,2.3803135846010635e-06,0.997802734375,0.10890378418125042,0.018265028456238695,0.6690673828125,0.15828755099314754,0.038505446424439586,0.51806640625,,,,,
constructed calibration development; no ordinary-trained replicate claim,v2/work_logs/F15_ND01_v1_run1/evaluation_attempt_1/calibration_4_evaluation.json,b8610dd97506c9946dcd82d5754b6215bb5bc5b2d1ebd486d3324e9f73268e0a,searched_alignment,4,1511695,inv_one_minus_eta/shuffled_donor,inv_one_minus_eta,shuffled_donor,1,equal_target,8192,0.0878449500721514,0.011964365108706552,0.10938174028925739,0.32813337831574596,0.810546875,0.10935890482006116,0.07957711135688984,0.11322105553369916,,,,0.189453125,0.0012310815384597882,2.4060489894674344e-06,0.9962158203125,0.07348354284032337,0.006338229520057332,0.8489990234375,0.18833654136192035,0.05359810976230514,0.51025390625,,,,,
constructed calibration development; no ordinary-trained replicate claim,v2/work_logs/F15_ND01_v1_run1/evaluation_attempt_1/calibration_4_evaluation.json,b8610dd97506c9946dcd82d5754b6215bb5bc5b2d1ebd486d3324e9f73268e0a,searched_alignment,4,1511695,inv_one_minus_eta/shuffled_donor,inv_one_minus_eta,shuffled_donor,1,scale_separating,8192,0.10339447260749288,0.016508623582733167,0.12848588865215185,0.323812828633049,0.7322998046875,0.12850266260688542,0.14501386243265615,0.12930976232804248,,,,0.2677001953125,0.0012133101052490681,2.321390698460258e-06,0.9964599609375,0.11933228205916492,0.021031523762974295,0.688232421875,0.18307940800515848,0.0514413326411147,0.5093994140625,,,,,
constructed calibration development; no ordinary-trained replicate claim,v2/work_logs/F15_ND01_v1_run1/evaluation_attempt_1/calibration_4_evaluation.json,b8610dd97506c9946dcd82d5754b6215bb5bc5b2d1ebd486d3324e9f73268e0a,searched_alignment,4,1511695,inv_one_minus_eta/untrained,inv_one_minus_eta,untrained,0,mixed_near,8192,0.06826450349835864,0.007291403936608056,0.08538971797943858,0.2763210132767866,0.6204833984375,0.21285296954720256,0.22213457523427738,0.016202514009308406,,,,0.3795166015625,0.15113066944264897,0.03168026239011963,0.5194091796875,0.0739981703064914,0.0085438278783041,0.58642578125,0.10505052931736328,0.016783154014871102,0.3707275390625,,,,,
constructed calibration development; no ordinary-trained replicate claim,v2/work_logs/F15_ND01_v1_run1/evaluation_attempt_1/calibration_4_evaluation.json,b8610dd97506c9946dcd82d5754b6215bb5bc5b2d1ebd486d3324e9f73268e0a,searched_alignment,4,1511695,inv_one_minus_eta/untrained,inv_one_minus_eta,untrained,0,mixed_far,8192,0.19592136890981598,0.04465029905092971,0.2113061737170254,0.44146110197307276,0.5653076171875,0.19369559386519525,0.20452267072717725,0.019225480613812292,,,,0.4346923828125,0.15132848145656883,0.034788052843951936,0.4732666015625,0.19857634759922196,0.046470149787543866,0.5489501953125,0.22627759446280535,0.06446909555671942,0.4249267578125,,,,,
constructed calibration development; no ordinary-trained replicate claim,v2/work_logs/F15_ND01_v1_run1/evaluation_attempt_1/calibration_4_evaluation.json,b8610dd97506c9946dcd82d5754b6215bb5bc5b2d1ebd486d3324e9f73268e0a,searched_alignment,4,1511695,inv_one_minus_eta/untrained,inv_one_minus_eta,untrained,0,preserve_other,8192,0.12790317965383538,0.024033108438436396,0.15502615404645886,0.41625178785098343,0.693115234375,0.21667852943856658,0.2248632830868372,0.013722135135110931,,,,0.306884765625,0.15209285166048603,0.03317741431005433,0.3887939453125,0.13232744817482983,0.025780309267608874,0.6748046875,0.18858285493306756,0.04944810475986845,0.3359375,,,,,
constructed calibration development; no ordinary-trained replicate claim,v2/work_logs/F15_ND01_v1_run1/evaluation_attempt_1/calibration_4_evaluation.json,b8610dd97506c9946dcd82d5754b6215bb5bc5b2d1ebd486d3324e9f73268e0a,searched_alignment,4,1511695,inv_one_minus_eta/untrained,inv_one_minus_eta,untrained,0,equal_target,8192,0.1091375973516013,0.018013040893716026,0.13421267039186735,0.44551901208837846,0.5897216796875,0.08223808358219425,0.08583982741236082,0.01178121038699032,,,,0.4102783203125,0.1341400318013371,0.026123810692309464,0.5247802734375,0.10960842344593523,0.018055689099672388,0.589111328125,0.13909961224185277,0.029231195254321204,0.4571533203125,,,,,
constructed calibration development; no ordinary-trained replicate claim,v2/work_logs/F15_ND01_v1_run1/evaluation_attempt_1/calibration_4_evaluation.json,b8610dd97506c9946dcd82d5754b6215bb5bc5b2d1ebd486d3324e9f73268e0a,searched_alignment,4,1511695,inv_one_minus_eta/untrained,inv_one_minus_eta,untrained,0,scale_separating,8192,0.11530535922476168,0.019769520089912066,0.14060412543703,0.41001590427027296,0.7001953125,0.24702968576296716,0.2585064612787404,0.017227083311365375,,,,0.2998046875,0.16588909718502176,0.03841294448936704,0.42333984375,0.12086065352055968,0.02180958760187402,0.6715087890625,0.1783091732123694,0.04675596316162637,0.3585205078125,,,,,
constructed calibration development; no ordinary-trained replicate claim,v2/work_logs/F15_ND01_v1_run1/evaluation_attempt_1/calibration_4_evaluation.json,b8610dd97506c9946dcd82d5754b6215bb5bc5b2d1ebd486d3324e9f73268e0a,searched_alignment,4,1511695,inv_one_minus_eta/untrained,inv_one_minus_eta,untrained,1,mixed_near,8192,0.09185708520053727,0.012789143011080181,0.11308909324545927,0.34498568506081934,0.4908447265625,0.09317209435069676,0.1312904541419043,0.07072779021973462,,,,0.5091552734375,0.1545166469682504,0.03266432873249113,0.481689453125,0.10661223466738617,0.017245174147562038,0.367919921875,0.07395400025319117,0.008558473265593435,0.5936279296875,,,,,
constructed calibration development; no ordinary-trained replicate claim,v2/work_logs/F15_ND01_v1_run1/evaluation_attempt_1/calibration_4_evaluation.json,b8610dd97506c9946dcd82d5754b6215bb5bc5b2d1ebd486d3324e9f73268e0a,searched_alignment,4,1511695,inv_one_minus_eta/untrained,inv_one_minus_eta,untrained,1,mixed_far,8192,0.20900869657077475,0.05281305532280573,0.22981091210559548,0.4646220768205105,0.4996337890625,0.12131387144159506,0.14735895043730862,0.06617605753484515,,,,0.5003662109375,0.15646264224749173,0.036190590026050184,0.455810546875,0.2272464596552718,0.06520511759768521,0.4185791015625,0.19914152536266422,0.04683993965800291,0.5523681640625,,,,,
constructed calibration development; no ordinary-trained replicate claim,v2/work_logs/F15_ND01_v1_run1/evaluation_attempt_1/calibration_4_evaluation.json,b8610dd97506c9946dcd82d5754b6215bb5bc5b2d1ebd486d3324e9f73268e0a,searched_alignment,4,1511695,inv_one_minus_eta/untrained,inv_one_minus_eta,untrained,1,preserve_other,8192,0.10762703697758838,0.01742499274827492,0.1320037603565706,0.42981316369991235,0.621337890625,0.11412858097066417,0.13510820472200386,0.07949714347947885,,,,0.378662109375,0.13165509360464792,0.025405894983814577,0.529296875,0.14023117437914573,0.029428375426266352,0.4381103515625,0.10628193346237552,0.01698839681195025,0.6243896484375,,,,,
constructed calibration development; no ordinary-trained replicate claim,v2/work_logs/F15_ND01_v1_run1/evaluation_attempt_1/calibration_4_evaluation.json,b8610dd97506c9946dcd82d5754b6215bb5bc5b2d1ebd486d3324e9f73268e0a,searched_alignment,4,1511695,inv_one_minus_eta/untrained,inv_one_minus_eta,untrained,1,equal_target,8192,0.15739090918931448,0.03541509206478277,0.18818897965816908,0.46402598809546347,0.53564453125,0.03478013666115009,0.07957711135688984,0.08463784962780678,,,,0.46435546875,0.15051743689718053,0.03257858405938114,0.393310546875,0.20068952351737024,0.05544891746528703,0.306396484375,0.13822784751761352,0.02788078586254038,0.6572265625,,,,,
constructed calibration development; no ordinary-trained replicate claim,v2/work_logs/F15_ND01_v1_run1/evaluation_attempt_1/calibration_4_evaluation.json,b8610dd97506c9946dcd82d5754b6215bb5bc5b2d1ebd486d3324e9f73268e0a,searched_alignment,4,1511695,inv_one_minus_eta/untrained,inv_one_minus_eta,untrained,1,scale_separating,8192,0.12893607989108208,0.025000680447036894,0.15811603475624125,0.4283646208625473,0.586669921875,0.12247538880066876,0.14501386243265615,0.08142643622013734,,,,0.413330078125,0.1610714811943294,0.03654667032895878,0.4443359375,0.16167148063539982,0.03980156727029527,0.3922119140625,0.11404051643887488,0.019529179970591486,0.654541015625,,,,,
constructed calibration development; no ordinary-trained replicate claim,v2/work_logs/F15_ND01_v1_run1/evaluation_attempt_1/calibration_4_evaluation.json,b8610dd97506c9946dcd82d5754b6215bb5bc5b2d1ebd486d3324e9f73268e0a,searched_alignment,4,1511695,inv_total_cost/aligned,inv_total_cost,aligned,0,mixed_near,8192,0.10379231386302615,0.014970053009995205,0.12235216798240726,0.32812597713041936,0.6436767578125,0.12233772652444155,0.1483280746534114,0.04883609026346025,,,,0.3563232421875,0.0011832351572769863,2.228417795000831e-06,1.0,0.12743725712935883,0.02200143854460788,0.622314453125,0.12757822019413192,0.02201671773254866,0.621826171875,,,,,
constructed calibration development; no ordinary-trained replicate claim,v2/work_logs/F15_ND01_v1_run1/evaluation_attempt_1/calibration_4_evaluation.json,b8610dd97506c9946dcd82d5754b6215bb5bc5b2d1ebd486d3324e9f73268e0a,searched_alignment,4,1511695,inv_total_cost/aligned,inv_total_cost,aligned,0,mixed_far,8192,0.07097114906101884,0.008677186964217196,0.093151419550199,0.35746307858916365,0.8363037109375,0.0931401597417641,0.11660962147099949,0.046748901016455666,,,,0.1636962890625,0.0011911284915486677,2.260648422727125e-06,0.9976806640625,0.08809778753709457,0.013597834664446857,0.7960205078125,0.08834131936720767,0.013817607233677583,0.805908203125,,,,,
constructed calibration development; no ordinary-trained replicate claim,v2/work_logs/F15_ND01_v1_run1/evaluation_attempt_1/calibration_4_evaluation.json,b8610dd97506c9946dcd82d5754b6215bb5bc5b2d1ebd486d3324e9f73268e0a,searched_alignment,4,1511695,inv_total_cost/aligned,inv_total_cost,aligned,0,preserve_other,8192,0.0559260729435828,0.005081601070888798,0.07128534962310838,0.20319052462040815,0.8216552734375,0.07127084112062573,0.08728057397280012,0.05657745472168866,,,,0.1783447265625,0.0012312475776633856,2.4123451028478e-06,0.9954833984375,0.07331604745138276,0.0076163207412579485,0.77294921875,0.07469100044688609,0.007372154202607964,0.7845458984375,,,,,
constructed calibration development; no ordinary-trained replicate claim,v2/work_logs/F15_ND01_v1_run1/evaluation_attempt_1/calibration_4_evaluation.json,b8610dd97506c9946dcd82d5754b6215bb5bc5b2d1ebd486d3324e9f73268e0a,searched_alignment,4,1511695,inv_total_cost/aligned,inv_total_cost,aligned,0,equal_target,8192,0.05356887640576749,0.00465709716577847,0.06824292758798138,0.22791525667169688,0.8265380859375,0.06822787629412723,0.0860162674386029,0.05610657146804373,,,,0.1734619140625,0.0012466601229544298,2.4698565752245543e-06,0.99658203125,0.07511559742582274,0.007394614892481354,0.7781982421875,0.07390844419985533,0.007667613757163109,0.7738037109375,,,,,
constructed calibration development; no ordinary-trained replicate claim,v2/work_logs/F15_ND01_v1_run1/evaluation_attempt_1/calibration_4_evaluation.json,b8610dd97506c9946dcd82d5754b6215bb5bc5b2d1ebd486d3324e9f73268e0a,searched_alignment,4,1511695,inv_total_cost/aligned,inv_total_cost,aligned,0,scale_separating,8192,0.08327917238452116,0.010650689107452673,0.10320217588526258,0.3781302013051867,0.7327880859375,0.10317734971024488,0.1399289103633513,0.0664878583236627,,,,0.2672119140625,0.0012045968645279768,2.3412238673622734e-06,0.9964599609375,0.11174070678539877,0.019580093241500587,0.6927490234375,0.11215009329316926,0.019648016213753,0.69140625,,,,,
constructed calibration development; no ordinary-trained replicate claim,v2/work_logs/F15_ND01_v1_run1/evaluation_attempt_1/calibration_4_evaluation.json,b8610dd97506c9946dcd82d5754b6215bb5bc5b2d1ebd486d3324e9f73268e0a,searched_alignment,4,1511695,inv_total_cost/aligned,inv_total_cost,aligned,1,mixed_near,8192,0.058863605789836085,0.005783495536664958,0.07604929675325708,0.2726505856719749,0.565673828125,0.07602078026679804,0.1466985206445275,0.16619766665357236,,,,0.434326171875,0.0011841640313528397,2.2320891748642905e-06,1.0,0.12554177514413334,0.02151608400018976,0.62646484375,0.125365036954624,0.021446931668524412,0.6309814453125,,,,,
constructed calibration development; no ordinary-trained replicate claim,v2/work_logs/F15_ND01_v1_run1/evaluation_attempt_1/calibration_4_evaluation.json,b8610dd97506c9946dcd82d5754b6215bb5bc5b2d1ebd486d3324e9f73268e0a,searched_alignment,4,1511695,inv_total_cost/aligned,inv_total_cost,aligned,1,mixed_far,8192,0.1089799128707725,0.016012721477148006,0.12654138246892993,0.3251644088213377,0.916259765625,0.1265815941140156,0.11505910438334788,0.16939320962545368,,,,0.083740234375,0.0011749714821987325,2.2113742151146974e-06,0.997314453125,0.08696132275123242,0.013235065595947827,0.8035888671875,0.08746623857249258,0.01350212601060402,0.79833984375,,,,,
constructed calibration development; no ordinary-trained replicate claim,v2/work_logs/F15_ND01_v1_run1/evaluation_attempt_1/calibration_4_evaluation.json,b8610dd97506c9946dcd82d5754b6215bb5bc5b2d1ebd486d3324e9f73268e0a,searched_alignment,4,1511695,inv_total_cost/aligned,inv_total_cost,aligned,1,preserve_other,8192,0.07568623867976815,0.007921046746472454,0.0890002626202443,0.2876297983914172,0.7735595703125,0.08899161712021764,0.08683457030189787,0.17044304743598726,,,,0.2264404296875,0.001213186093332621,2.3803135846010635e-06,0.997802734375,0.07305269777568921,0.007545012561437799,0.771728515625,0.07457871794921075,0.0073340942258845535,0.772705078125,,,,,
constructed calibration development; no ordinary-trained replicate claim,v2/work_logs/F15_ND01_v1_run1/evaluation_attempt_1/calibration_4_evaluation.json,b8610dd97506c9946dcd82d5754b6215bb5bc5b2d1ebd486d3324e9f73268e0a,searched_alignment,4,1511695,inv_total_cost/aligned,inv_total_cost,aligned,1,equal_target,8192,0.07117329701923218,0.007051250961949105,0.08397172715830671,0.27020661602773705,0.784912109375,0.08396586187319079,0.08614055702991334,0.016168685425518938,,,,0.215087890625,0.0012310815384597882,2.4060489894674344e-06,0.9962158203125,0.07496716923891021,0.007422526871483969,0.7720947265625,0.07404694037562794,0.007698873745411889,0.77880859375,,,,,
constructed calibration development; no ordinary-trained replicate claim,v2/work_logs/F15_ND01_v1_run1/evaluation_attempt_1/calibration_4_evaluation.json,b8610dd97506c9946dcd82d5754b6215bb5bc5b2d1ebd486d3324e9f73268e0a,searched_alignment,4,1511695,inv_total_cost/aligned,inv_total_cost,aligned,1,scale_separating,8192,0.10927775704447776,0.014200337318980023,0.11916516822872371,0.3400432861805639,0.6396484375,0.11914369173483019,0.13894185780372387,0.19139148500120667,,,,0.3603515625,0.0012133101052490681,2.321390698460258e-06,0.9964599609375,0.11063952514312189,0.01929956074090765,0.694580078125,0.11132251852029222,0.01938013378491244,0.6932373046875,,,,,
constructed calibration development; no ordinary-trained replicate claim,v2/work_logs/F15_ND01_v1_run1/evaluation_attempt_1/calibration_4_evaluation.json,b8610dd97506c9946dcd82d5754b6215bb5bc5b2d1ebd486d3324e9f73268e0a,searched_alignment,4,1511695,inv_total_cost/permuted_concept,inv_total_cost,permuted_concept,0,mixed_near,8192,0.06014641975583129,0.005929840871016107,0.07700546000782092,0.2602779441025028,0.5623779296875,0.0769857697473921,0.1483280746534114,0.17656905607971823,,,,0.4376220703125,0.0011832351572769863,2.228417795000831e-06,1.0,0.12743725712935883,0.02200143854460788,0.622314453125,0.12757822019413192,0.02201671773254866,0.621826171875,,,,,
constructed calibration development; no ordinary-trained replicate claim,v2/work_logs/F15_ND01_v1_run1/evaluation_attempt_1/calibration_4_evaluation.json,b8610dd97506c9946dcd82d5754b6215bb5bc5b2d1ebd486d3324e9f73268e0a,searched_alignment,4,1511695,inv_total_cost/permuted_concept,inv_total_cost,permuted_concept,0,mixed_far,8192,0.107467990129707,0.015650016156074118,0.12510002460461037,0.31567721681596583,0.92138671875,0.12508560985739992,0.11660962147099949,0.17601727699759911,,,,0.07861328125,0.0011911284915486677,2.260648422727125e-06,0.9976806640625,0.08809778753709457,0.013597834664446857,0.7960205078125,0.08834131936720767,0.013817607233677583,0.805908203125,,,,,
constructed calibration development; no ordinary-trained replicate claim,v2/work_logs/F15_ND01_v1_run1/evaluation_attempt_1/calibration_4_evaluation.json,b8610dd97506c9946dcd82d5754b6215bb5bc5b2d1ebd486d3324e9f73268e0a,searched_alignment,4,1511695,inv_total_cost/permuted_concept,inv_total_cost,permuted_concept,0,preserve_other,8192,0.08465086580764206,0.009870366570436346,0.09934971852217975,0.3093700577500222,0.7607421875,0.0993395722607481,0.08728057397280012,0.18061617700418475,,,,0.2392578125,0.0012312475776633856,2.4123451028478e-06,0.9954833984375,0.07331604745138276,0.0076163207412579485,0.77294921875,0.07469100044688609,0.007372154202607964,0.7845458984375,,,,,
constructed calibration development; no ordinary-trained replicate claim,v2/work_logs/F15_ND01_v1_run1/evaluation_attempt_1/calibration_4_evaluation.json,b8610dd97506c9946dcd82d5754b6215bb5bc5b2d1ebd486d3324e9f73268e0a,searched_alignment,4,1511695,inv_total_cost/permuted_concept,inv_total_cost,permuted_concept,0,equal_target,8192,0.06390640188653396,0.005840021245125681,0.07642003170063254,0.23741698474359024,0.8121337890625,0.07646178061967539,0.0860162674386029,0.02427502830697165,,,,0.1878662109375,0.0012466601229544298,2.4698565752245543e-06,0.99658203125,0.07511559742582274,0.007394614892481354,0.7781982421875,0.07390844419985533,0.007667613757163109,0.7738037109375,,,,,
constructed calibration development; no ordinary-trained replicate claim,v2/work_logs/F15_ND01_v1_run1/evaluation_attempt_1/calibration_4_evaluation.json,b8610dd97506c9946dcd82d5754b6215bb5bc5b2d1ebd486d3324e9f73268e0a,searched_alignment,4,1511695,inv_total_cost/permuted_concept,inv_total_cost,permuted_concept,0,scale_separating,8192,0.11078451074398257,0.014964119408913013,0.12232791753689348,0.3381143606139373,0.6383056640625,0.12229464437254074,0.1399289103633513,0.20249905153087183,,,,0.3616943359375,0.0012045968645279768,2.3412238673622734e-06,0.9964599609375,0.11174070678539877,0.019580093241500587,0.6927490234375,0.11215009329316926,0.019648016213753,0.69140625,,,,,
constructed calibration development; no ordinary-trained replicate claim,v2/work_logs/F15_ND01_v1_run1/evaluation_attempt_1/calibration_4_evaluation.json,b8610dd97506c9946dcd82d5754b6215bb5bc5b2d1ebd486d3324e9f73268e0a,searched_alignment,4,1511695,inv_total_cost/permuted_concept,inv_total_cost,permuted_concept,1,mixed_near,8192,0.06760191509982731,0.006909297909801296,0.08312218662788712,0.26463721477996666,0.9217529296875,0.08315234789902734,0.1466985206445275,0.17053916274976527,,,,0.0782470703125,0.0011841640313528397,2.2320891748642905e-06,1.0,0.12554177514413334,0.02151608400018976,0.62646484375,0.125365036954624,0.021446931668524412,0.6309814453125,,,,,
constructed calibration development; no ordinary-trained replicate claim,v2/work_logs/F15_ND01_v1_run1/evaluation_attempt_1/calibration_4_evaluation.json,b8610dd97506c9946dcd82d5754b6215bb5bc5b2d1ebd486d3324e9f73268e0a,searched_alignment,4,1511695,inv_total_cost/permuted_concept,inv_total_cost,permuted_concept,1,mixed_far,8192,0.13034038400759554,0.022259599639496714,0.1491965134964511,0.34564181006273703,0.5557861328125,0.1491481464312927,0.11505910438334788,0.18371081493899674,,,,0.4442138671875,0.0011749714821987325,2.2113742151146974e-06,0.997314453125,0.08696132275123242,0.013235065595947827,0.8035888671875,0.08746623857249258,0.01350212601060402,0.79833984375,,,,,
constructed calibration development; no ordinary-trained replicate claim,v2/work_logs/F15_ND01_v1_run1/evaluation_attempt_1/calibration_4_evaluation.json,b8610dd97506c9946dcd82d5754b6215bb5bc5b2d1ebd486d3324e9f73268e0a,searched_alignment,4,1511695,inv_total_cost/permuted_concept,inv_total_cost,permuted_concept,1,preserve_other,8192,0.0715871053196262,0.007492758179598675,0.0865607196111416,0.2628663132051083,0.7828369140625,0.08654829782760158,0.08683457030189787,0.027482751178868666,,,,0.2171630859375,0.001213186093332621,2.3803135846010635e-06,0.997802734375,0.07305269777568921,0.007545012561437799,0.771728515625,0.07457871794921075,0.0073340942258845535,0.772705078125,,,,,
constructed calibration development; no ordinary-trained replicate claim,v2/work_logs/F15_ND01_v1_run1/evaluation_attempt_1/calibration_4_evaluation.json,b8610dd97506c9946dcd82d5754b6215bb5bc5b2d1ebd486d3324e9f73268e0a,searched_alignment,4,1511695,inv_total_cost/permuted_concept,inv_total_cost,permuted_concept,1,equal_target,8192,0.08869391812135818,0.010840009562749883,0.10411536660238911,0.31013270954528943,0.74560546875,0.10410457774855081,0.08614055702991334,0.18609778630701884,,,,0.25439453125,0.0012310815384597882,2.4060489894674344e-06,0.9962158203125,0.07496716923891021,0.007422526871483969,0.7720947265625,0.07404694037562794,0.007698873745411889,0.77880859375,,,,,
constructed calibration development; no ordinary-trained replicate claim,v2/work_logs/F15_ND01_v1_run1/evaluation_attempt_1/calibration_4_evaluation.json,b8610dd97506c9946dcd82d5754b6215bb5bc5b2d1ebd486d3324e9f73268e0a,searched_alignment,4,1511695,inv_total_cost/permuted_concept,inv_total_cost,permuted_concept,1,scale_separating,8192,0.10633873817587863,0.015076130219634672,0.12278489410198093,0.35313694356670317,0.696044921875,0.12278147730543883,0.13894185780372387,0.18169502710356006,,,,0.303955078125,0.0012133101052490681,2.321390698460258e-06,0.9964599609375,0.11063952514312189,0.01929956074090765,0.694580078125,0.11132251852029222,0.01938013378491244,0.6932373046875,,,,,
constructed calibration development; no ordinary-trained replicate claim,v2/work_logs/F15_ND01_v1_run1/evaluation_attempt_1/calibration_4_evaluation.json,b8610dd97506c9946dcd82d5754b6215bb5bc5b2d1ebd486d3324e9f73268e0a,searched_alignment,4,1511695,inv_total_cost/random,inv_total_cost,random,0,mixed_near,8192,0.09379156343718051,0.012769086729895929,0.11300038375994981,0.32435803213501724,0.6788330078125,0.11297398325348519,0.1483280746534114,0.07876624721236523,,,,0.3211669921875,0.0011832351572769863,2.228417795000831e-06,1.0,0.12743725712935883,0.02200143854460788,0.622314453125,0.12757822019413192,0.02201671773254866,0.621826171875,,,,,
constructed calibration development; no ordinary-trained replicate claim,v2/work_logs/F15_ND01_v1_run1/evaluation_attempt_1/calibration_4_evaluation.json,b8610dd97506c9946dcd82d5754b6215bb5bc5b2d1ebd486d3324e9f73268e0a,searched_alignment,4,1511695,inv_total_cost/random,inv_total_cost,random,0,mixed_far,8192,0.06891020314691852,0.007788099326538382,0.08825020864869602,0.34513796984415407,0.84423828125,0.08823057435342685,0.11660962147099949,0.07401489326415762,,,,0.15576171875,0.0011911284915486677,2.260648422727125e-06,0.9976806640625,0.08809778753709457,0.013597834664446857,0.7960205078125,0.08834131936720767,0.013817607233677583,0.805908203125,,,,,
constructed calibration development; no ordinary-trained replicate claim,v2/work_logs/F15_ND01_v1_run1/evaluation_attempt_1/calibration_4_evaluation.json,b8610dd97506c9946dcd82d5754b6215bb5bc5b2d1ebd486d3324e9f73268e0a,searched_alignment,4,1511695,inv_total_cost/random,inv_total_cost,random,0,preserve_other,8192,0.06439140841466115,0.0065390835649513125,0.08086460019657125,0.25450347690706204,0.8056640625,0.0808360305578468,0.08728057397280012,0.08966142199271722,,,,0.1943359375,0.0012312475776633856,2.4123451028478e-06,0.9954833984375,0.07331604745138276,0.0076163207412579485,0.77294921875,0.07469100044688609,0.007372154202607964,0.7845458984375,,,,,
constructed calibration development; no ordinary-trained replicate claim,v2/work_logs/F15_ND01_v1_run1/evaluation_attempt_1/calibration_4_evaluation.json,b8610dd97506c9946dcd82d5754b6215bb5bc5b2d1ebd486d3324e9f73268e0a,searched_alignment,4,1511695,inv_total_cost/random,inv_total_cost,random,0,equal_target,8192,0.059054696444593435,0.005852119867976796,0.0764991494591724,0.26815007551176795,0.8209228515625,0.07645934694680401,0.0860162674386029,0.08937447493919512,,,,0.1790771484375,0.0012466601229544298,2.4698565752245543e-06,0.99658203125,0.07511559742582274,0.007394614892481354,0.7781982421875,0.07390844419985533,0.007667613757163109,0.7738037109375,,,,,
constructed calibration development; no ordinary-trained replicate claim,v2/work_logs/F15_ND01_v1_run1/evaluation_attempt_1/calibration_4_evaluation.json,b8610dd97506c9946dcd82d5754b6215bb5bc5b2d1ebd486d3324e9f73268e0a,searched_alignment,4,1511695,inv_total_cost/random,inv_total_cost,random,0,scale_separating,8192,0.08019494953982262,0.009270813555199896,0.09628506402968165,0.3499864218492851,0.741455078125,0.09623843861126426,0.1399289103633513,0.10624931031881579,,,,0.258544921875,0.0012045968645279768,2.3412238673622734e-06,0.9964599609375,0.11174070678539877,0.019580093241500587,0.6927490234375,0.11215009329316926,0.019648016213753,0.69140625,,,,,
constructed calibration development; no ordinary-trained replicate claim,v2/work_logs/F15_ND01_v1_run1/evaluation_attempt_1/calibration_4_evaluation.json,b8610dd97506c9946dcd82d5754b6215bb5bc5b2d1ebd486d3324e9f73268e0a,searched_alignment,4,1511695,inv_total_cost/random,inv_total_cost,random,1,mixed_near,8192,0.09020851231261395,0.01204160126834825,0.10973423015790583,0.3124104539006067,0.68603515625,0.1097272805296673,0.1466985206445275,0.09375827727085567,,,,0.31396484375,0.0011841640313528397,2.2320891748642905e-06,1.0,0.12554177514413334,0.02151608400018976,0.62646484375,0.125365036954624,0.021446931668524412,0.6309814453125,,,,,
constructed calibration development; no ordinary-trained replicate claim,v2/work_logs/F15_ND01_v1_run1/evaluation_attempt_1/calibration_4_evaluation.json,b8610dd97506c9946dcd82d5754b6215bb5bc5b2d1ebd486d3324e9f73268e0a,searched_alignment,4,1511695,inv_total_cost/random,inv_total_cost,random,1,mixed_far,8192,0.0693556823355676,0.0076976003980175145,0.08773596980724334,0.3252272496474435,0.8438720703125,0.08770413414277543,0.11505910438334788,0.08576030250055902,,,,0.1561279296875,0.0011749714821987325,2.2113742151146974e-06,0.997314453125,0.08696132275123242,0.013235065595947827,0.8035888671875,0.08746623857249258,0.01350212601060402,0.79833984375,,,,,
constructed calibration development; no ordinary-trained replicate claim,v2/work_logs/F15_ND01_v1_run1/evaluation_attempt_1/calibration_4_evaluation.json,b8610dd97506c9946dcd82d5754b6215bb5bc5b2d1ebd486d3324e9f73268e0a,searched_alignment,4,1511695,inv_total_cost/random,inv_total_cost,random,1,preserve_other,8192,0.07180206908635424,0.007894456613377576,0.0888507547147326,0.2768639474543789,0.79150390625,0.08879102006788488,0.08683457030189787,0.10445533687466514,,,,0.20849609375,0.001213186093332621,2.3803135846010635e-06,0.997802734375,0.07305269777568921,0.007545012561437799,0.771728515625,0.07457871794921075,0.0073340942258845535,0.772705078125,,,,,
constructed calibration development; no ordinary-trained replicate claim,v2/work_logs/F15_ND01_v1_run1/evaluation_attempt_1/calibration_4_evaluation.json,b8610dd97506c9946dcd82d5754b6215bb5bc5b2d1ebd486d3324e9f73268e0a,searched_alignment,4,1511695,inv_total_cost/random,inv_total_cost,random,1,equal_target,8192,0.06564950831609297,0.007074355156574591,0.08410918592267191,0.29781833188077844,0.8033447265625,0.08407072860527352,0.08614055702991334,0.10352039833416529,,,,0.1966552734375,0.0012310815384597882,2.4060489894674344e-06,0.9962158203125,0.07496716923891021,0.007422526871483969,0.7720947265625,0.07404694037562794,0.007698873745411889,0.77880859375,,,,,
constructed calibration development; no ordinary-trained replicate claim,v2/work_logs/F15_ND01_v1_run1/evaluation_attempt_1/calibration_4_evaluation.json,b8610dd97506c9946dcd82d5754b6215bb5bc5b2d1ebd486d3324e9f73268e0a,searched_alignment,4,1511695,inv_total_cost/random,inv_total_cost,random,1,scale_separating,8192,0.082636595925911,0.009654956055391042,0.0982596359416777,0.36017193572144485,0.7344970703125,0.09821737003419764,0.13894185780372387,0.12434759185092274,,,,0.2655029296875,0.0012133101052490681,2.321390698460258e-06,0.9964599609375,0.11063952514312189,0.01929956074090765,0.694580078125,0.11132251852029222,0.01938013378491244,0.6932373046875,,,,,
constructed calibration development; no ordinary-trained replicate claim,v2/work_logs/F15_ND01_v1_run1/evaluation_attempt_1/calibration_4_evaluation.json,b8610dd97506c9946dcd82d5754b6215bb5bc5b2d1ebd486d3324e9f73268e0a,searched_alignment,4,1511695,inv_total_cost/shuffled_donor,inv_total_cost,shuffled_donor,0,mixed_near,8192,0.11867238578350714,0.019426721106994806,0.13937977294785212,0.3899853553973999,0.6214599609375,0.13936345450895005,0.1483280746534114,0.044397491736851744,,,,0.3785400390625,0.0011832351572769863,2.228417795000831e-06,1.0,0.12743725712935883,0.02200143854460788,0.622314453125,0.15120398328287793,0.031495049070287384,0.49658203125,,,,,
constructed calibration development; no ordinary-trained replicate claim,v2/work_logs/F15_ND01_v1_run1/evaluation_attempt_1/calibration_4_evaluation.json,b8610dd97506c9946dcd82d5754b6215bb5bc5b2d1ebd486d3324e9f73268e0a,searched_alignment,4,1511695,inv_total_cost/shuffled_donor,inv_total_cost,shuffled_donor,0,mixed_far,8192,0.08709150415431338,0.013031590860105264,0.11415599353562328,0.4426784366187707,0.776123046875,0.11414339459753521,0.11660962147099949,0.047519453930920025,,,,0.223876953125,0.0011911284915486677,2.260648422727125e-06,0.9976806640625,0.08809778753709457,0.013597834664446857,0.7960205078125,0.17861280179753342,0.049048036649685545,0.5025634765625,,,,,
constructed calibration development; no ordinary-trained replicate claim,v2/work_logs/F15_ND01_v1_run1/evaluation_attempt_1/calibration_4_evaluation.json,b8610dd97506c9946dcd82d5754b6215bb5bc5b2d1ebd486d3324e9f73268e0a,searched_alignment,4,1511695,inv_total_cost/shuffled_donor,inv_total_cost,shuffled_donor,0,preserve_other,8192,0.07024223957965772,0.007680357482769262,0.0876376487747661,0.3177202705998343,0.7686767578125,0.08761750906506846,0.08728057397280012,0.0514593447372121,,,,0.2313232421875,0.0012312475776633856,2.4123451028478e-06,0.9954833984375,0.07331604745138276,0.0076163207412579485,0.77294921875,0.14983979457426114,0.0342547000349996,0.504150390625,,,,,
constructed calibration development; no ordinary-trained replicate claim,v2/work_logs/F15_ND01_v1_run1/evaluation_attempt_1/calibration_4_evaluation.json,b8610dd97506c9946dcd82d5754b6215bb5bc5b2d1ebd486d3324e9f73268e0a,searched_alignment,4,1511695,inv_total_cost/shuffled_donor,inv_total_cost,shuffled_donor,0,equal_target,8192,0.06744992601582592,0.006927528824108766,0.08323177773007595,0.2789563941224395,0.780517578125,0.08321520933621764,0.0860162674386029,0.050976279683723716,,,,0.219482421875,0.0012466601229544298,2.4698565752245543e-06,0.99658203125,0.07511559742582274,0.007394614892481354,0.7781982421875,0.1475956280695267,0.03316632145685701,0.49951171875,,,,,
constructed calibration development; no ordinary-trained replicate claim,v2/work_logs/F15_ND01_v1_run1/evaluation_attempt_1/calibration_4_evaluation.json,b8610dd97506c9946dcd82d5754b6215bb5bc5b2d1ebd486d3324e9f73268e0a,searched_alignment,4,1511695,inv_total_cost/shuffled_donor,inv_total_cost,shuffled_donor,0,scale_separating,8192,0.1012474843389328,0.016122943222868245,0.12697615218169214,0.4796696875440739,0.6912841796875,0.12694721421304925,0.1399289103633513,0.055404659598294013,,,,0.3087158203125,0.0012045968645279768,2.3412238673622734e-06,0.9964599609375,0.11174070678539877,0.019580093241500587,0.6927490234375,0.15884033646105522,0.038113392406875356,0.495849609375,,,,,
constructed calibration development; no ordinary-trained replicate claim,v2/work_logs/F15_ND01_v1_run1/evaluation_attempt_1/calibration_4_evaluation.json,b8610dd97506c9946dcd82d5754b6215bb5bc5b2d1ebd486d3324e9f73268e0a,searched_alignment,4,1511695,inv_total_cost/shuffled_donor,inv_total_cost,shuffled_donor,1,mixed_near,8192,0.12786957272606259,0.022829845383277203,0.15109548432457273,0.42207900008226096,0.64208984375,0.15109493090357862,0.1466985206445275,0.05491187567502692,,,,0.35791015625,0.0011841640313528397,2.2320891748642905e-06,1.0,0.12554177514413334,0.02151608400018976,0.62646484375,0.15322558865301739,0.032501335042207806,0.49462890625,,,,,
constructed calibration development; no ordinary-trained replicate claim,v2/work_logs/F15_ND01_v1_run1/evaluation_attempt_1/calibration_4_evaluation.json,b8610dd97506c9946dcd82d5754b6215bb5bc5b2d1ebd486d3324e9f73268e0a,searched_alignment,4,1511695,inv_total_cost/shuffled_donor,inv_total_cost,shuffled_donor,1,mixed_far,8192,0.09793256018800686,0.015644675308664396,0.12507867647470688,0.5483687397935086,0.7496337890625,0.12505699719404945,0.11505910438334788,0.056489243701965314,,,,0.2503662109375,0.0011749714821987325,2.2113742151146974e-06,0.997314453125,0.08696132275123242,0.013235065595947827,0.8035888671875,0.17418838620131355,0.04706403676287545,0.5107421875,,,,,
constructed calibration development; no ordinary-trained replicate claim,v2/work_logs/F15_ND01_v1_run1/evaluation_attempt_1/calibration_4_evaluation.json,b8610dd97506c9946dcd82d5754b6215bb5bc5b2d1ebd486d3324e9f73268e0a,searched_alignment,4,1511695,inv_total_cost/shuffled_donor,inv_total_cost,shuffled_donor,1,preserve_other,8192,0.08572390016129727,0.010926345016179522,0.10452915868875785,0.382414691332504,0.7459716796875,0.10447866738652696,0.08683457030189787,0.058666138327949056,,,,0.2540283203125,0.001213186093332621,2.3803135846010635e-06,0.997802734375,0.07305269777568921,0.007545012561437799,0.771728515625,0.14885829109654136,0.033835197632208915,0.5125732421875,,,,,
constructed calibration development; no ordinary-trained replicate claim,v2/work_logs/F15_ND01_v1_run1/evaluation_attempt_1/calibration_4_evaluation.json,b8610dd97506c9946dcd82d5754b6215bb5bc5b2d1ebd486d3324e9f73268e0a,searched_alignment,4,1511695,inv_total_cost/shuffled_donor,inv_total_cost,shuffled_donor,1,equal_target,8192,0.07244214389463659,0.008014953383689977,0.08952627203056082,0.30117990468956823,0.783447265625,0.08949470927283804,0.08614055702991334,0.06785762651789726,,,,0.216552734375,0.0012310815384597882,2.4060489894674344e-06,0.9962158203125,0.07496716923891021,0.007422526871483969,0.7720947265625,0.14595842069001175,0.032930087297164394,0.50634765625,,,,,
constructed calibration development; no ordinary-trained replicate claim,v2/work_logs/F15_ND01_v1_run1/evaluation_attempt_1/calibration_4_evaluation.json,b8610dd97506c9946dcd82d5754b6215bb5bc5b2d1ebd486d3324e9f73268e0a,searched_alignment,4,1511695,inv_total_cost/shuffled_donor,inv_total_cost,shuffled_donor,1,scale_separating,8192,0.11307456109816169,0.01929920412181089,0.13892157543668618,0.48415394855282523,0.6920166015625,0.1389093195318548,0.13894185780372387,0.06055550168886926,,,,0.3079833984375,0.0012133101052490681,2.321390698460258e-06,0.9964599609375,0.11063952514312189,0.01929956074090765,0.694580078125,0.15530453699907898,0.03639332861071608,0.5113525390625,,,,,
constructed calibration development; no ordinary-trained replicate claim,v2/work_logs/F15_ND01_v1_run1/evaluation_attempt_1/calibration_4_evaluation.json,b8610dd97506c9946dcd82d5754b6215bb5bc5b2d1ebd486d3324e9f73268e0a,searched_alignment,4,1511695,inv_total_cost/untrained,inv_total_cost,untrained,0,mixed_near,8192,0.07855353930293713,0.009196938686097302,0.09590067093663789,0.31068336630912063,0.5048828125,0.16694975993610361,0.1483280746534114,0.037539110328771316,,,,0.4951171875,0.15113066944264897,0.03168026239011963,0.5194091796875,0.0898513569325831,0.012535413350128765,0.4569091796875,0.07996663902650594,0.009717285020443034,0.517822265625,,,,,
constructed calibration development; no ordinary-trained replicate claim,v2/work_logs/F15_ND01_v1_run1/evaluation_attempt_1/calibration_4_evaluation.json,b8610dd97506c9946dcd82d5754b6215bb5bc5b2d1ebd486d3324e9f73268e0a,searched_alignment,4,1511695,inv_total_cost/untrained,inv_total_cost,untrained,0,mixed_far,8192,0.134963034427584,0.025271998228336326,0.15897169002163977,0.4048136940776131,0.4676513671875,0.13562295533806315,0.11660962147099949,0.041479690896027696,,,,0.5323486328125,0.15132848145656883,0.034788052843951936,0.4732666015625,0.1274964111553548,0.023997120908217255,0.5179443359375,0.1417508612783009,0.028178116929858277,0.4376220703125,,,,,
constructed calibration development; no ordinary-trained replicate claim,v2/work_logs/F15_ND01_v1_run1/evaluation_attempt_1/calibration_4_evaluation.json,b8610dd97506c9946dcd82d5754b6215bb5bc5b2d1ebd486d3324e9f73268e0a,searched_alignment,4,1511695,inv_total_cost/untrained,inv_total_cost,untrained,0,preserve_other,8192,0.11150170304694215,0.018670690263790625,0.1366407342771204,0.39808853028208835,0.4923095703125,0.12594034146265828,0.08728057397280012,0.050355316945431404,,,,0.5076904296875,0.15209285166048603,0.03317741431005433,0.3887939453125,0.1226158099014876,0.02275115053704719,0.473876953125,0.1162015833934674,0.020342718999295253,0.4990234375,,,,,
constructed calibration development; no ordinary-trained replicate claim,v2/work_logs/F15_ND01_v1_run1/evaluation_attempt_1/calibration_4_evaluation.json,b8610dd97506c9946dcd82d5754b6215bb5bc5b2d1ebd486d3324e9f73268e0a,searched_alignment,4,1511695,inv_total_cost/untrained,inv_total_cost,untrained,0,equal_target,8192,0.10389059483736693,0.016468164362632827,0.12832834590468634,0.4090808658586701,0.5218505859375,0.094114454281057,0.0860162674386029,0.03432451877343557,,,,0.4781494140625,0.1341400318013371,0.026123810692309464,0.5247802734375,0.11046290674018941,0.018581030338443924,0.51611328125,0.1094779129391593,0.018280544077849153,0.5367431640625,,,,,
constructed calibration development; no ordinary-trained replicate claim,v2/work_logs/F15_ND01_v1_run1/evaluation_attempt_1/calibration_4_evaluation.json,b8610dd97506c9946dcd82d5754b6215bb5bc5b2d1ebd486d3324e9f73268e0a,searched_alignment,4,1511695,inv_total_cost/untrained,inv_total_cost,untrained,0,scale_separating,8192,0.08972222902617105,0.012158107830971375,0.11026381015986784,0.35434021512701325,0.52978515625,0.17217881016189168,0.1399289103633513,0.05071021259115511,,,,0.47021484375,0.16588909718502176,0.03841294448936704,0.42333984375,0.09940542852202885,0.015555015695337258,0.50439453125,0.09971149058044551,0.015008768432935771,0.5146484375,,,,,
constructed calibration development; no ordinary-trained replicate claim,v2/work_logs/F15_ND01_v1_run1/evaluation_attempt_1/calibration_4_evaluation.json,b8610dd97506c9946dcd82d5754b6215bb5bc5b2d1ebd486d3324e9f73268e0a,searched_alignment,4,1511695,inv_total_cost/untrained,inv_total_cost,untrained,1,mixed_near,8192,0.08369656572003226,0.010872877488616409,0.10427309091331478,0.351297862874673,0.4700927734375,0.1491985855169815,0.1466985206445275,0.05044604398841845,,,,0.5299072265625,0.1545166469682504,0.03266432873249113,0.481689453125,0.07973886294753478,0.009713001797083905,0.53125,0.09055854289336857,0.012786753671102134,0.4552001953125,,,,,
constructed calibration development; no ordinary-trained replicate claim,v2/work_logs/F15_ND01_v1_run1/evaluation_attempt_1/calibration_4_evaluation.json,b8610dd97506c9946dcd82d5754b6215bb5bc5b2d1ebd486d3324e9f73268e0a,searched_alignment,4,1511695,inv_total_cost/untrained,inv_total_cost,untrained,1,mixed_far,8192,0.1257459035229676,0.023239984988602677,0.1524466627663678,0.445210086822182,0.5015869140625,0.12784361765510052,0.11505910438334788,0.05127852059954539,,,,0.4984130859375,0.15646264224749173,0.036190590026050184,0.455810546875,0.140196789869682,0.0276682820847543,0.4390869140625,0.12616593957233885,0.0236907592940066,0.5220947265625,,,,,
constructed calibration development; no ordinary-trained replicate claim,v2/work_logs/F15_ND01_v1_run1/evaluation_attempt_1/calibration_4_evaluation.json,b8610dd97506c9946dcd82d5754b6215bb5bc5b2d1ebd486d3324e9f73268e0a,searched_alignment,4,1511695,inv_total_cost/untrained,inv_total_cost,untrained,1,preserve_other,8192,0.10541655451356086,0.0167501021040692,0.12942218551727985,0.4334658001945127,0.5283203125,0.10161969783879382,0.08683457030189787,0.05838370456174335,,,,0.4716796875,0.13165509360464792,0.025405894983814577,0.529296875,0.11265712064445499,0.019034276124759716,0.51708984375,0.11058706256670484,0.01842286108190245,0.535400390625,,,,,
constructed calibration development; no ordinary-trained replicate claim,v2/work_logs/F15_ND01_v1_run1/evaluation_attempt_1/calibration_4_evaluation.json,b8610dd97506c9946dcd82d5754b6215bb5bc5b2d1ebd486d3324e9f73268e0a,searched_alignment,4,1511695,inv_total_cost/untrained,inv_total_cost,untrained,1,equal_target,8192,0.10584136609286507,0.017053279093384877,0.13058820426587112,0.39320644058939147,0.4742431640625,0.129755068471088,0.08614055702991334,0.06399891617757798,,,,0.5257568359375,0.15051743689718053,0.03257858405938114,0.393310546875,0.11791342836504443,0.02076959910864659,0.4833984375,0.11208922860973781,0.018986508303465474,0.49169921875,,,,,
constructed calibration development; no ordinary-trained replicate claim,v2/work_logs/F15_ND01_v1_run1/evaluation_attempt_1/calibration_4_evaluation.json,b8610dd97506c9946dcd82d5754b6215bb5bc5b2d1ebd486d3324e9f73268e0a,searched_alignment,4,1511695,inv_total_cost/untrained,inv_total_cost,untrained,1,scale_separating,8192,0.09033902405795072,0.01264647552266821,0.11245654948764972,0.4174836107786567,0.515380859375,0.16450350988671494,0.13894185780372387,0.06129428838866382,,,,0.484619140625,0.1610714811943294,0.03654667032895878,0.4443359375,0.09683221561904176,0.014301103391042281,0.5386962890625,0.098517912612267,0.015261266387971326,0.514892578125,,,,,
known-by-construction subset oracle; complete endpoint not assessed,v2/work_logs/F15_ND01_v1_run1/evaluation_attempt_1/calibration_4_evaluation.json,b8610dd97506c9946dcd82d5754b6215bb5bc5b2d1ebd486d3324e9f73268e0a,known_subset_oracle,4,1511695,identity/known_subset_oracle,identity,known_subset_oracle,0,mixed_near,8192,0.0014672903960821953,3.345854906466833e-06,0.0018291678180163877,0.005565868193132872,0.9808349609375,,,,,,,0.0191650390625,,,,,,,,,,"[0,1,13,14,20,26,30,31]",0.008483614279678201,True,False,0.003321175297318924
known-by-construction subset oracle; complete endpoint not assessed,v2/work_logs/F15_ND01_v1_run1/evaluation_attempt_1/calibration_4_evaluation.json,b8610dd97506c9946dcd82d5754b6215bb5bc5b2d1ebd486d3324e9f73268e0a,known_subset_oracle,4,1511695,identity/known_subset_oracle,identity,known_subset_oracle,0,mixed_far,8192,0.001193212225893301,2.244229172731798e-06,0.0014980751559023325,0.005311972297431744,1.0,,,,,,,0.0,,,,,,,,,,"[0,1,13,14,20,26,30,31]",0.008483614279678201,True,False,0.0031657661250976336
known-by-construction subset oracle; complete endpoint not assessed,v2/work_logs/F15_ND01_v1_run1/evaluation_attempt_1/calibration_4_evaluation.json,b8610dd97506c9946dcd82d5754b6215bb5bc5b2d1ebd486d3324e9f73268e0a,known_subset_oracle,4,1511695,identity/known_subset_oracle,identity,known_subset_oracle,0,preserve_other,8192,0.00135104569229386,2.852832155288553e-06,0.0016890329053303116,0.0055975259746802175,0.996337890625,,,,,,,0.003662109375,,,,,,,,,,"[0,1,13,14,20,26,30,31]",0.008483614279678201,True,False,0.004257750791275702
known-by-construction subset oracle; complete endpoint not assessed,v2/work_logs/F15_ND01_v1_run1/evaluation_attempt_1/calibration_4_evaluation.json,b8610dd97506c9946dcd82d5754b6215bb5bc5b2d1ebd486d3324e9f73268e0a,known_subset_oracle,4,1511695,identity/known_subset_oracle,identity,known_subset_oracle,0,equal_target,8192,0.0013486992747418695,2.8642184283974643e-06,0.0016924001974702864,0.005517575834537047,0.996826171875,,,,0.001743112026892828,,,0.003173828125,,,,,,,,,,"[0,1,13,14,20,26,30,31]",0.008483614279678201,True,False,0.004372464382875869
known-by-construction subset oracle; complete endpoint not assessed,v2/work_logs/F15_ND01_v1_run1/evaluation_attempt_1/calibration_4_evaluation.json,b8610dd97506c9946dcd82d5754b6215bb5bc5b2d1ebd486d3324e9f73268e0a,known_subset_oracle,4,1511695,identity/known_subset_oracle,identity,known_subset_oracle,0,scale_separating,8192,0.0013485951976939746,2.8473790243769997e-06,0.0016874178570754192,0.005379482052488449,0.997314453125,,,,,,,0.002685546875,,,,,,,,,,"[0,1,13,14,20,26,30,31]",0.008483614279678201,True,False,0.005466170114346924
known-by-construction subset oracle; complete endpoint not assessed,v2/work_logs/F15_ND01_v1_run1/evaluation_attempt_1/calibration_4_evaluation.json,b8610dd97506c9946dcd82d5754b6215bb5bc5b2d1ebd486d3324e9f73268e0a,known_subset_oracle,4,1511695,identity/known_subset_oracle,identity,known_subset_oracle,1,mixed_near,8192,0.0014936579931289966,3.4769704795171086e-06,0.0018646636370984202,0.005907023022253488,0.98291015625,,,,,,,0.01708984375,,,,,,,,,,"[3,4,5,7,17,18,28,29]",0.008483614279678201,True,False,0.0026821193715269058
known-by-construction subset oracle; complete endpoint not assessed,v2/work_logs/F15_ND01_v1_run1/evaluation_attempt_1/calibration_4_evaluation.json,b8610dd97506c9946dcd82d5754b6215bb5bc5b2d1ebd486d3324e9f73268e0a,known_subset_oracle,4,1511695,identity/known_subset_oracle,identity,known_subset_oracle,1,mixed_far,8192,0.0011972374229456178,2.254887702692014e-06,0.0015016283503890082,0.004985837973447982,1.0,,,,,,,0.0,,,,,,,,,,"[3,4,5,7,17,18,28,29]",0.008483614279678201,True,False,0.0023066641645720547
known-by-construction subset oracle; complete endpoint not assessed,v2/work_logs/F15_ND01_v1_run1/evaluation_attempt_1/calibration_4_evaluation.json,b8610dd97506c9946dcd82d5754b6215bb5bc5b2d1ebd486d3324e9f73268e0a,known_subset_oracle,4,1511695,identity/known_subset_oracle,identity,known_subset_oracle,1,preserve_other,8192,0.0013551867067879025,2.8788381762199917e-06,0.001696713934704372,0.005521137261916609,0.9957275390625,,,,,,,0.0042724609375,,,,,,,,,,"[3,4,5,7,17,18,28,29]",0.008483614279678201,True,False,0.00315652860745093
known-by-construction subset oracle; complete endpoint not assessed,v2/work_logs/F15_ND01_v1_run1/evaluation_attempt_1/calibration_4_evaluation.json,b8610dd97506c9946dcd82d5754b6215bb5bc5b2d1ebd486d3324e9f73268e0a,known_subset_oracle,4,1511695,identity/known_subset_oracle,identity,known_subset_oracle,1,equal_target,8192,0.0013453628777090432,2.8605290990182605e-06,0.001691309876698608,0.005416078339634756,0.996337890625,,,,0.0017350730287563501,,,0.003662109375,,,,,,,,,,"[3,4,5,7,17,18,28,29]",0.008483614279678201,True,False,0.003433174718480369
known-by-construction subset oracle; complete endpoint not assessed,v2/work_logs/F15_ND01_v1_run1/evaluation_attempt_1/calibration_4_evaluation.json,b8610dd97506c9946dcd82d5754b6215bb5bc5b2d1ebd486d3324e9f73268e0a,known_subset_oracle,4,1511695,identity/known_subset_oracle,identity,known_subset_oracle,1,scale_separating,8192,0.0013726699925015165,2.9420167694004044e-06,0.001715230821026839,0.0055618006300088285,0.9970703125,,,,,,,0.0029296875,,,,,,,,,,"[3,4,5,7,17,18,28,29]",0.008483614279678201,True,False,0.004280225262189103
