evidence,source_file,source_sha256,model_index,model_seed,validation_seed,method,role,stratum,n,mae,mse,rmse,max_absolute_error,decision_agreement,adjusted_effect_rmse,expected_effect_rms,observed_effect_rms,unchanged_target_output_effect_rms,logit_mse,logit_rmse,decision_disagreement,base_prediction_mae,base_prediction_mse,base_prediction_decision_agreement,no_swap_mae,no_swap_mse,no_swap_decision_agreement,whole_layer_swap_mae,whole_layer_swap_mse,whole_layer_swap_decision_agreement,output_hash
F15-ND01 development diagnostic; original F15 result unchanged,v2/work_logs/F15_ND01_v1_run1/evaluation_attempt_1/soft_mask_0_evaluation.json,a6ef52c229ebe9a7cc3b375ddcd534cd6359b3b8267198957dd4e47df50e74c3,0,1500401,1510691,fractional_mask,0,mixed_near,8192,0.028460358730056277,0.0012082695713075118,0.03476017219904861,0.13663283118834846,0.6727294921875,0.03118864104999676,0.16393401066799693,0.1447603513308907,,0.019561283823879155,0.13986165959218114,0.3272705078125,0.01839667010610618,0.0004559794061549527,0.99658203125,0.1455739038737463,0.02654293943487924,0.4803466796875,0.14380780800565635,0.025828196399336395,0.4769287109375,00a9181aa5f10109442a45af28fa95e7512d576e385f193855c08d79e94e1f4b
F15-ND01 development diagnostic; original F15 result unchanged,v2/work_logs/F15_ND01_v1_run1/evaluation_attempt_1/soft_mask_0_evaluation.json,a6ef52c229ebe9a7cc3b375ddcd534cd6359b3b8267198957dd4e47df50e74c3,0,1500401,1510691,rounded_top8,0,mixed_near,8192,0.032126989030446036,0.0015750390984780695,0.03968676225743377,0.13740777955462474,0.66162109375,0.036365040230431536,0.16393401066799693,0.13796361397463927,,0.025566626962076393,0.15989567524506845,0.33837890625,0.01839667010610618,0.0004559794061549527,0.99658203125,0.1455739038737463,0.02654293943487924,0.4803466796875,0.14380780800565635,0.025828196399336395,0.4769287109375,a1aec544db27eb89165ad18bf3e3d6c3859aa06458cfe08f399ca95be251b2dc
F15-ND01 development diagnostic; original F15 result unchanged,v2/work_logs/F15_ND01_v1_run1/evaluation_attempt_1/soft_mask_0_evaluation.json,a6ef52c229ebe9a7cc3b375ddcd534cd6359b3b8267198957dd4e47df50e74c3,0,1500401,1510691,binary_global,0,mixed_near,8192,0.032126989030446036,0.0015750390984780695,0.03968676225743377,0.13740777955462474,0.66162109375,0.036365040230431536,0.16393401066799693,0.13796361397463927,,0.025566626962076393,0.15989567524506845,0.33837890625,0.01839667010610618,0.0004559794061549527,0.99658203125,0.1455739038737463,0.02654293943487924,0.4803466796875,0.14380780800565635,0.025828196399336395,0.4769287109375,a1aec544db27eb89165ad18bf3e3d6c3859aa06458cfe08f399ca95be251b2dc
F15-ND01 development diagnostic; original F15 result unchanged,v2/work_logs/F15_ND01_v1_run1/evaluation_attempt_1/soft_mask_0_evaluation.json,a6ef52c229ebe9a7cc3b375ddcd534cd6359b3b8267198957dd4e47df50e74c3,0,1500401,1510691,frozen_original,0,mixed_near,8192,0.037151358385872024,0.002091352224375375,0.045731304643267884,0.1531042344753667,0.6436767578125,0.04218369683235736,0.16393401066799693,0.13605118573610753,,0.03406994503959626,0.18458045681923171,0.3563232421875,0.01839667010610618,0.0004559794061549527,0.99658203125,0.1455739038737463,0.02654293943487924,0.4803466796875,0.14380780800565635,0.025828196399336395,0.4769287109375,d49ce822204fc54732b7ea7e4e13c1f3fa6a9797f8d03514d8763c206849d35e
F15-ND01 development diagnostic; original F15 result unchanged,v2/work_logs/F15_ND01_v1_run1/evaluation_attempt_1/soft_mask_0_evaluation.json,a6ef52c229ebe9a7cc3b375ddcd534cd6359b3b8267198957dd4e47df50e74c3,0,1500401,1510691,fractional_mask,0,mixed_far,8192,0.036085688860078416,0.0018591474783917952,0.04311783248717165,0.14151471244585956,1.0,0.042209004852907614,0.17074496586013568,0.13844617780680998,,0.042542085883448835,0.206257329284195,0.0,0.019949975536485243,0.0005474592567278685,0.95654296875,0.1480179875752822,0.02831830100725257,0.781005859375,0.15263336893440538,0.030188206489310247,0.7646484375,8eb1087527ec2fa22ea8a8a879d0b2f658663b780c64d4e596ca654e2342aebf
F15-ND01 development diagnostic; original F15 result unchanged,v2/work_logs/F15_ND01_v1_run1/evaluation_attempt_1/soft_mask_0_evaluation.json,a6ef52c229ebe9a7cc3b375ddcd534cd6359b3b8267198957dd4e47df50e74c3,0,1500401,1510691,rounded_top8,0,mixed_far,8192,0.037657428024682,0.002003719366381343,0.04476292401509695,0.1351217936065322,1.0,0.04463752536022383,0.17074496586013568,0.1355710218748379,,0.04550957326892978,0.21332972898527242,0.0,0.019949975536485243,0.0005474592567278685,0.95654296875,0.1480179875752822,0.02831830100725257,0.781005859375,0.15263336893440538,0.030188206489310247,0.7646484375,416019ba45ed2815dcfcc5c9cdf608d334cb1282e9efd078927fd4016020d69c
F15-ND01 development diagnostic; original F15 result unchanged,v2/work_logs/F15_ND01_v1_run1/evaluation_attempt_1/soft_mask_0_evaluation.json,a6ef52c229ebe9a7cc3b375ddcd534cd6359b3b8267198957dd4e47df50e74c3,0,1500401,1510691,binary_global,0,mixed_far,8192,0.037657428024682,0.002003719366381343,0.04476292401509695,0.1351217936065322,1.0,0.04463752536022383,0.17074496586013568,0.1355710218748379,,0.04550957326892978,0.21332972898527242,0.0,0.019949975536485243,0.0005474592567278685,0.95654296875,0.1480179875752822,0.02831830100725257,0.781005859375,0.15263336893440538,0.030188206489310247,0.7646484375,416019ba45ed2815dcfcc5c9cdf608d334cb1282e9efd078927fd4016020d69c
F15-ND01 development diagnostic; original F15 result unchanged,v2/work_logs/F15_ND01_v1_run1/evaluation_attempt_1/soft_mask_0_evaluation.json,a6ef52c229ebe9a7cc3b375ddcd534cd6359b3b8267198957dd4e47df50e74c3,0,1500401,1510691,frozen_original,0,mixed_far,8192,0.037825699127701035,0.0021952163523969678,0.04685313599319652,0.17059960088595189,0.9996337890625,0.0453538077624295,0.17074496586013568,0.13526244152127592,,0.04917524945111243,0.22175493106380392,0.0003662109375,0.019949975536485243,0.0005474592567278685,0.95654296875,0.1480179875752822,0.02831830100725257,0.781005859375,0.15263336893440538,0.030188206489310247,0.7646484375,87293b965bb87eec24aeb00cbdda869c60ebdd4aedbd36d4ef360b838aa80485
F15-ND01 development diagnostic; original F15 result unchanged,v2/work_logs/F15_ND01_v1_run1/evaluation_attempt_1/soft_mask_0_evaluation.json,a6ef52c229ebe9a7cc3b375ddcd534cd6359b3b8267198957dd4e47df50e74c3,0,1500401,1510691,fractional_mask,0,preserve_other,8192,0.03076661157167801,0.0014251344960745198,0.037750953578347124,0.12020308194965412,0.9195556640625,0.037327878172426894,0.16972847495183196,0.13709331876029304,,0.027234977467555464,0.165030231980554,0.0804443359375,0.01876427376394474,0.0004796417835603251,0.9505615234375,0.14535172775510863,0.02790630280686135,0.547607421875,0.01937045247450745,0.0005133685683027632,0.9449462890625,34b757f56bdbd69e59b03ca26b563f5f1ae8dca4a04fc12dbf923ddc7f869d4c
F15-ND01 development diagnostic; original F15 result unchanged,v2/work_logs/F15_ND01_v1_run1/evaluation_attempt_1/soft_mask_0_evaluation.json,a6ef52c229ebe9a7cc3b375ddcd534cd6359b3b8267198957dd4e47df50e74c3,0,1500401,1510691,rounded_top8,0,preserve_other,8192,0.03294530395702634,0.001676411343385485,0.040944002532550296,0.15328652207223092,0.90673828125,0.04008266770630994,0.16972847495183196,0.1360060607865244,,0.03146229308606329,0.17737613448844602,0.09326171875,0.01876427376394474,0.0004796417835603251,0.9505615234375,0.14535172775510863,0.02790630280686135,0.547607421875,0.01937045247450745,0.0005133685683027632,0.9449462890625,007dddab5c0cbafbef6a8646228339fe40553df6f8083815d56ae35b667cf53f
F15-ND01 development diagnostic; original F15 result unchanged,v2/work_logs/F15_ND01_v1_run1/evaluation_attempt_1/soft_mask_0_evaluation.json,a6ef52c229ebe9a7cc3b375ddcd534cd6359b3b8267198957dd4e47df50e74c3,0,1500401,1510691,binary_global,0,preserve_other,8192,0.03294530395702634,0.001676411343385485,0.040944002532550296,0.15328652207223092,0.90673828125,0.04008266770630994,0.16972847495183196,0.1360060607865244,,0.03146229308606329,0.17737613448844602,0.09326171875,0.01876427376394474,0.0004796417835603251,0.9505615234375,0.14535172775510863,0.02790630280686135,0.547607421875,0.01937045247450745,0.0005133685683027632,0.9449462890625,007dddab5c0cbafbef6a8646228339fe40553df6f8083815d56ae35b667cf53f
F15-ND01 development diagnostic; original F15 result unchanged,v2/work_logs/F15_ND01_v1_run1/evaluation_attempt_1/soft_mask_0_evaluation.json,a6ef52c229ebe9a7cc3b375ddcd534cd6359b3b8267198957dd4e47df50e74c3,0,1500401,1510691,frozen_original,0,preserve_other,8192,0.0413588910856764,0.002543559755635473,0.05043371645670655,0.1589359366569435,0.88525390625,0.050004776689091895,0.16972847495183196,0.12902957321780595,,0.047693745015713315,0.2183889764061211,0.11474609375,0.01876427376394474,0.0004796417835603251,0.9505615234375,0.14535172775510863,0.02790630280686135,0.547607421875,0.01937045247450745,0.0005133685683027632,0.9449462890625,6930fd3f95935a06759edfed0220f5d05f09f62f91e5a4cccdb9c3c3865ec6da
F15-ND01 development diagnostic; original F15 result unchanged,v2/work_logs/F15_ND01_v1_run1/evaluation_attempt_1/soft_mask_0_evaluation.json,a6ef52c229ebe9a7cc3b375ddcd534cd6359b3b8267198957dd4e47df50e74c3,0,1500401,1510691,fractional_mask,0,equal_target,8192,0.02549233741042968,0.0010073732344120616,0.03173914356771559,0.12041146676814896,0.9390869140625,0.025687139842344345,1.7043713327065897e-17,0.025687139842344345,0.025687139842344345,0.01929736058246042,0.13891494009810615,0.0609130859375,0.02025855320298171,0.0005531511423467685,0.9561767578125,0.02025855320298171,0.0005531511423467685,0.9561767578125,0.14701553351149693,0.02854271244514215,0.5523681640625,7167f9a93b6d01ab311906bc3ebd42a672dc1709754fa8ed6d00a3eb49d1fa59
F15-ND01 development diagnostic; original F15 result unchanged,v2/work_logs/F15_ND01_v1_run1/evaluation_attempt_1/soft_mask_0_evaluation.json,a6ef52c229ebe9a7cc3b375ddcd534cd6359b3b8267198957dd4e47df50e74c3,0,1500401,1510691,rounded_top8,0,equal_target,8192,0.027358224001742152,0.0011307777075880918,0.033627038341014985,0.1482294558409491,0.93505859375,0.028867634826054395,1.7043713327065897e-17,0.028867634826054395,0.028867634826054395,0.02163866265730018,0.1471008587918513,0.06494140625,0.02025855320298171,0.0005531511423467685,0.9561767578125,0.02025855320298171,0.0005531511423467685,0.9561767578125,0.14701553351149693,0.02854271244514215,0.5523681640625,366c03ca56436713cdd568c10f32ccd708268fd9c615c9ea7b2e069e6938faf8
F15-ND01 development diagnostic; original F15 result unchanged,v2/work_logs/F15_ND01_v1_run1/evaluation_attempt_1/soft_mask_0_evaluation.json,a6ef52c229ebe9a7cc3b375ddcd534cd6359b3b8267198957dd4e47df50e74c3,0,1500401,1510691,binary_global,0,equal_target,8192,0.027358224001742152,0.0011307777075880918,0.033627038341014985,0.1482294558409491,0.93505859375,0.028867634826054395,1.7043713327065897e-17,0.028867634826054395,0.028867634826054395,0.02163866265730018,0.1471008587918513,0.06494140625,0.02025855320298171,0.0005531511423467685,0.9561767578125,0.02025855320298171,0.0005531511423467685,0.9561767578125,0.14701553351149693,0.02854271244514215,0.5523681640625,366c03ca56436713cdd568c10f32ccd708268fd9c615c9ea7b2e069e6938faf8
F15-ND01 development diagnostic; original F15 result unchanged,v2/work_logs/F15_ND01_v1_run1/evaluation_attempt_1/soft_mask_0_evaluation.json,a6ef52c229ebe9a7cc3b375ddcd534cd6359b3b8267198957dd4e47df50e74c3,0,1500401,1510691,frozen_original,0,equal_target,8192,0.031181783657010777,0.0014913929455108352,0.03861855700969205,0.14668829086269203,0.921875,0.030163015505959664,1.7043713327065897e-17,0.030163015505959664,0.030163015505959664,0.028132608493949742,0.16772778092477628,0.078125,0.02025855320298171,0.0005531511423467685,0.9561767578125,0.02025855320298171,0.0005531511423467685,0.9561767578125,0.14701553351149693,0.02854271244514215,0.5523681640625,d2a0a56286a455abb2418fc864d8d4a1c11621dcceaec3663d68cff98a98c9f7
F15-ND01 development diagnostic; original F15 result unchanged,v2/work_logs/F15_ND01_v1_run1/evaluation_attempt_1/soft_mask_0_evaluation.json,a6ef52c229ebe9a7cc3b375ddcd534cd6359b3b8267198957dd4e47df50e74c3,0,1500401,1510691,fractional_mask,0,scale_separating,8192,0.03555632662437653,0.001876777710939226,0.043321792563780485,0.1498460835421404,0.9073486328125,0.041284052213332194,0.18773455244552628,0.15706224392569088,,0.03515208312756793,0.18748888801091101,0.0926513671875,0.018658889708186324,0.00048267255836933673,0.9639892578125,0.16417661161255934,0.034764483399483716,0.5225830078125,0.13980795154350126,0.028170771365394406,0.6121826171875,057439289ac6086fa368633ac707cfdb28445a5ff58b52a8ce59b3f53a01f41a
F15-ND01 development diagnostic; original F15 result unchanged,v2/work_logs/F15_ND01_v1_run1/evaluation_attempt_1/soft_mask_0_evaluation.json,a6ef52c229ebe9a7cc3b375ddcd534cd6359b3b8267198957dd4e47df50e74c3,0,1500401,1510691,rounded_top8,0,scale_separating,8192,0.038214576163257456,0.002133929344237212,0.04619447309188852,0.14382963697254458,0.895751953125,0.04457044820981296,0.18773455244552628,0.15464620722207906,,0.039685604694344206,0.19921246119242694,0.104248046875,0.018658889708186324,0.00048267255836933673,0.9639892578125,0.16417661161255934,0.034764483399483716,0.5225830078125,0.13980795154350126,0.028170771365394406,0.6121826171875,c01c8802ea9bdaf877a4cb3913b79c7bdb4313fa9be2004dfaa0ac3a3553068b
F15-ND01 development diagnostic; original F15 result unchanged,v2/work_logs/F15_ND01_v1_run1/evaluation_attempt_1/soft_mask_0_evaluation.json,a6ef52c229ebe9a7cc3b375ddcd534cd6359b3b8267198957dd4e47df50e74c3,0,1500401,1510691,binary_global,0,scale_separating,8192,0.038214576163257456,0.002133929344237212,0.04619447309188852,0.14382963697254458,0.895751953125,0.04457044820981296,0.18773455244552628,0.15464620722207906,,0.039685604694344206,0.19921246119242694,0.104248046875,0.018658889708186324,0.00048267255836933673,0.9639892578125,0.16417661161255934,0.034764483399483716,0.5225830078125,0.13980795154350126,0.028170771365394406,0.6121826171875,c01c8802ea9bdaf877a4cb3913b79c7bdb4313fa9be2004dfaa0ac3a3553068b
F15-ND01 development diagnostic; original F15 result unchanged,v2/work_logs/F15_ND01_v1_run1/evaluation_attempt_1/soft_mask_0_evaluation.json,a6ef52c229ebe9a7cc3b375ddcd534cd6359b3b8267198957dd4e47df50e74c3,0,1500401,1510691,frozen_original,0,scale_separating,8192,0.045449809306771824,0.003098030562415151,0.05565995474679395,0.17568999599913754,0.876708984375,0.053202088377820776,0.18773455244552628,0.14524986125725065,,0.0571720494239088,0.23910677410711056,0.123291015625,0.018658889708186324,0.00048267255836933673,0.9639892578125,0.16417661161255934,0.034764483399483716,0.5225830078125,0.13980795154350126,0.028170771365394406,0.6121826171875,d7fa98e1c23ad307db201fd29aa4a5f11b254e957a477b2ac4579eecd65022e0
F15-ND01 development diagnostic; original F15 result unchanged,v2/work_logs/F15_ND01_v1_run1/evaluation_attempt_1/soft_mask_0_evaluation.json,a6ef52c229ebe9a7cc3b375ddcd534cd6359b3b8267198957dd4e47df50e74c3,0,1500401,1510691,fractional_mask,1,mixed_near,8192,0.024447853699012905,0.000941347193089482,0.030681381864079753,0.13022029682917896,0.715087890625,0.024109138505313595,0.16428089235272608,0.15675604397288004,,0.015231443079994685,0.12341573270857603,0.284912109375,0.02036268370938084,0.0005466263127452353,0.9969482421875,0.14325222461870862,0.025546515148514373,0.48291015625,0.14679264124133887,0.026784711466557122,0.48095703125,9408d3a284791695d332ba800d79cfd6dce5b5405ea03ab14583cd87cca4d5e9
F15-ND01 development diagnostic; original F15 result unchanged,v2/work_logs/F15_ND01_v1_run1/evaluation_attempt_1/soft_mask_0_evaluation.json,a6ef52c229ebe9a7cc3b375ddcd534cd6359b3b8267198957dd4e47df50e74c3,0,1500401,1510691,rounded_top8,1,mixed_near,8192,0.02606938332844149,0.0010689152672897287,0.03269426963994958,0.13907672677268512,0.6944580078125,0.026128901694839436,0.16428089235272608,0.1594850304049827,,0.017315634648063523,0.13158888497157928,0.3055419921875,0.02036268370938084,0.0005466263127452353,0.9969482421875,0.14325222461870862,0.025546515148514373,0.48291015625,0.14679264124133887,0.026784711466557122,0.48095703125,1cd3369c70a5ddbd848a88ba60a9a8cc0da563e1233273891a59330feff80c7f
F15-ND01 development diagnostic; original F15 result unchanged,v2/work_logs/F15_ND01_v1_run1/evaluation_attempt_1/soft_mask_0_evaluation.json,a6ef52c229ebe9a7cc3b375ddcd534cd6359b3b8267198957dd4e47df50e74c3,0,1500401,1510691,binary_global,1,mixed_near,8192,0.02539410137930622,0.001037293267935607,0.03220703755292633,0.13907672677268512,0.7022705078125,0.026609277925991208,0.16428089235272608,0.15610398656973998,,0.016808321824936218,0.12964691213035587,0.2977294921875,0.02036268370938084,0.0005466263127452353,0.9969482421875,0.14325222461870862,0.025546515148514373,0.48291015625,0.14679264124133887,0.026784711466557122,0.48095703125,28c7043cff82c79fc38728223ada624f49a63fb674155a718078e769946f7483
F15-ND01 development diagnostic; original F15 result unchanged,v2/work_logs/F15_ND01_v1_run1/evaluation_attempt_1/soft_mask_0_evaluation.json,a6ef52c229ebe9a7cc3b375ddcd534cd6359b3b8267198957dd4e47df50e74c3,0,1500401,1510691,frozen_original,1,mixed_near,8192,0.02895866428616504,0.0015307857292506,0.039125256922486785,0.16685561517725428,0.7044677734375,0.03673414590891577,0.16428089235272608,0.14754068216383048,,0.02501159216710839,0.1581505364110675,0.2955322265625,0.02036268370938084,0.0005466263127452353,0.9969482421875,0.14325222461870862,0.025546515148514373,0.48291015625,0.14679264124133887,0.026784711466557122,0.48095703125,88ae04ca67ffcd1dc77fe4fff01180794a71a10c93f521af742d3bcf21a79660
F15-ND01 development diagnostic; original F15 result unchanged,v2/work_logs/F15_ND01_v1_run1/evaluation_attempt_1/soft_mask_0_evaluation.json,a6ef52c229ebe9a7cc3b375ddcd534cd6359b3b8267198957dd4e47df50e74c3,0,1500401,1510691,fractional_mask,1,mixed_far,8192,0.033007241043847335,0.0015504212833194397,0.03937538931006829,0.12706962199207728,1.0,0.03247604689874928,0.16992689661236599,0.14943199016891787,,0.035830928794190475,0.18929059351745525,0.0,0.0168688346642619,0.000395736150074405,0.96142578125,0.15338845913545152,0.03036600772698697,0.7667236328125,0.14468290965289352,0.027414636136231345,0.7999267578125,757f541d3bb7ffc72c40fd25b0ee7e7a4c104fce206757a42c5ae311423a4a6f
F15-ND01 development diagnostic; original F15 result unchanged,v2/work_logs/F15_ND01_v1_run1/evaluation_attempt_1/soft_mask_0_evaluation.json,a6ef52c229ebe9a7cc3b375ddcd534cd6359b3b8267198957dd4e47df50e74c3,0,1500401,1510691,rounded_top8,1,mixed_far,8192,0.033063360929650086,0.001579086771004123,0.03973772478393954,0.14038392243717246,1.0,0.03304944361615755,0.16992689661236599,0.1518737985826895,,0.03637591484314211,0.19072470957676696,0.0,0.0168688346642619,0.000395736150074405,0.96142578125,0.15338845913545152,0.03036600772698697,0.7667236328125,0.14468290965289352,0.027414636136231345,0.7999267578125,91a7d89f57724af470a17dabd532c8e27b219ac44bdf545ab4281687c13c8099
F15-ND01 development diagnostic; original F15 result unchanged,v2/work_logs/F15_ND01_v1_run1/evaluation_attempt_1/soft_mask_0_evaluation.json,a6ef52c229ebe9a7cc3b375ddcd534cd6359b3b8267198957dd4e47df50e74c3,0,1500401,1510691,binary_global,1,mixed_far,8192,0.03338331996932343,0.001602555376514891,0.0400319294628037,0.14038392243717246,1.0,0.03329419713653952,0.16992689661236599,0.14961815665776312,,0.036888087065859866,0.19206271649088968,0.0,0.0168688346642619,0.000395736150074405,0.96142578125,0.15338845913545152,0.03036600772698697,0.7667236328125,0.14468290965289352,0.027414636136231345,0.7999267578125,5dad17ee469d65c82252901d2665ada44652147162b0dc1da57ae7bedf2f3009
F15-ND01 development diagnostic; original F15 result unchanged,v2/work_logs/F15_ND01_v1_run1/evaluation_attempt_1/soft_mask_0_evaluation.json,a6ef52c229ebe9a7cc3b375ddcd534cd6359b3b8267198957dd4e47df50e74c3,0,1500401,1510691,frozen_original,1,mixed_far,8192,0.03486469049291763,0.0017802548408774334,0.042193066265411826,0.17064794291819801,0.9998779296875,0.03649287745677758,0.16992689661236599,0.1492916839933962,,0.041136372449519974,0.2028210355202832,0.0001220703125,0.0168688346642619,0.000395736150074405,0.96142578125,0.15338845913545152,0.03036600772698697,0.7667236328125,0.14468290965289352,0.027414636136231345,0.7999267578125,b621be7ce83db680ff477ed642f7451ffe3800511d98588b5f82b0d1f80744ab
F15-ND01 development diagnostic; original F15 result unchanged,v2/work_logs/F15_ND01_v1_run1/evaluation_attempt_1/soft_mask_0_evaluation.json,a6ef52c229ebe9a7cc3b375ddcd534cd6359b3b8267198957dd4e47df50e74c3,0,1500401,1510691,fractional_mask,1,preserve_other,8192,0.02622932434551354,0.0010861975014460335,0.03295751054685462,0.12848353466328893,0.938232421875,0.02742227329275373,0.1687729491120812,0.15049341620223608,,0.020790225266151388,0.1441881592439247,0.061767578125,0.020005712895715035,0.0005382576162774599,0.95654296875,0.1484435660455591,0.029280103258025412,0.5458984375,0.019571263262787204,0.0005334657975332752,0.95849609375,77e11b07ec347ad862bd753510e15349f9d93b2a66fecbd8d2fcb813994b00b9
F15-ND01 development diagnostic; original F15 result unchanged,v2/work_logs/F15_ND01_v1_run1/evaluation_attempt_1/soft_mask_0_evaluation.json,a6ef52c229ebe9a7cc3b375ddcd534cd6359b3b8267198957dd4e47df50e74c3,0,1500401,1510691,rounded_top8,1,preserve_other,8192,0.026660046039681858,0.0011140829518302908,0.03337788117646611,0.14237332115424528,0.9373779296875,0.027913816040892374,0.1687729491120812,0.15261438739838012,,0.021347825785171907,0.14610895176262098,0.0626220703125,0.020005712895715035,0.0005382576162774599,0.95654296875,0.1484435660455591,0.029280103258025412,0.5458984375,0.019571263262787204,0.0005334657975332752,0.95849609375,ec76f402c3f5a316ee9563fc9d1e14231e8ff927e4ebfdff97eb8a89b1cda5d9
F15-ND01 development diagnostic; original F15 result unchanged,v2/work_logs/F15_ND01_v1_run1/evaluation_attempt_1/soft_mask_0_evaluation.json,a6ef52c229ebe9a7cc3b375ddcd534cd6359b3b8267198957dd4e47df50e74c3,0,1500401,1510691,binary_global,1,preserve_other,8192,0.027096628349402456,0.001161597329744692,0.03408221427291208,0.14237332115424528,0.9366455078125,0.02904658669544325,0.1687729491120812,0.15136264313387043,,0.022367681382658808,0.14955828757597758,0.0633544921875,0.020005712895715035,0.0005382576162774599,0.95654296875,0.1484435660455591,0.029280103258025412,0.5458984375,0.019571263262787204,0.0005334657975332752,0.95849609375,f45ab9d1faade3a083dcce731fcaae4d1e9e2e91f26f3c903eb53ec4dc458e88
F15-ND01 development diagnostic; original F15 result unchanged,v2/work_logs/F15_ND01_v1_run1/evaluation_attempt_1/soft_mask_0_evaluation.json,a6ef52c229ebe9a7cc3b375ddcd534cd6359b3b8267198957dd4e47df50e74c3,0,1500401,1510691,frozen_original,1,preserve_other,8192,0.03222886871645006,0.0017227822405238356,0.04150641204107909,0.17522885235830993,0.9234619140625,0.03925089446945676,0.1687729491120812,0.15338444188385078,,0.03293152373518883,0.1814704486553908,0.0765380859375,0.020005712895715035,0.0005382576162774599,0.95654296875,0.1484435660455591,0.029280103258025412,0.5458984375,0.019571263262787204,0.0005334657975332752,0.95849609375,ea3e58e6b11385137c6038403ab52f52fa658afa66c4d1ed54f5173021be985c
F15-ND01 development diagnostic; original F15 result unchanged,v2/work_logs/F15_ND01_v1_run1/evaluation_attempt_1/soft_mask_0_evaluation.json,a6ef52c229ebe9a7cc3b375ddcd534cd6359b3b8267198957dd4e47df50e74c3,0,1500401,1510691,fractional_mask,1,equal_target,8192,0.02946777498776177,0.0012865859709421243,0.03586901129027847,0.1165599007799979,0.9315185546875,0.029032210775518888,1.6365348541700844e-17,0.029032210775518888,0.029032210775518888,0.024602476968538615,0.15685176750211843,0.0684814453125,0.018448854760144948,0.00046630163632927467,0.95361328125,0.018448854760144948,0.00046630163632927467,0.95361328125,0.14773318055349804,0.028664830790942654,0.544189453125,b65082bcef076dfcea8a1b20724afe039a1eb73be2b09cf2fb405ae471333ba4
F15-ND01 development diagnostic; original F15 result unchanged,v2/work_logs/F15_ND01_v1_run1/evaluation_attempt_1/soft_mask_0_evaluation.json,a6ef52c229ebe9a7cc3b375ddcd534cd6359b3b8267198957dd4e47df50e74c3,0,1500401,1510691,rounded_top8,1,equal_target,8192,0.030443223967753282,0.001382553621279964,0.03718270594348889,0.11550197678160701,0.928466796875,0.030492370209078804,1.6365348541700844e-17,0.030492370209078804,0.030492370209078804,0.026430191379659768,0.16257364909375618,0.071533203125,0.018448854760144948,0.00046630163632927467,0.95361328125,0.018448854760144948,0.00046630163632927467,0.95361328125,0.14773318055349804,0.028664830790942654,0.544189453125,689350e9b1f4930644502109caece40a3745987878e4a0d43ef98e6f4600ca0d
F15-ND01 development diagnostic; original F15 result unchanged,v2/work_logs/F15_ND01_v1_run1/evaluation_attempt_1/soft_mask_0_evaluation.json,a6ef52c229ebe9a7cc3b375ddcd534cd6359b3b8267198957dd4e47df50e74c3,0,1500401,1510691,binary_global,1,equal_target,8192,0.029749170387881364,0.0013175652996985268,0.03629828232435423,0.11348739928749818,0.9296875,0.02955478670345916,1.6365348541700844e-17,0.02955478670345916,0.02955478670345916,0.025131492169511174,0.1585291524279089,0.0703125,0.018448854760144948,0.00046630163632927467,0.95361328125,0.018448854760144948,0.00046630163632927467,0.95361328125,0.14773318055349804,0.028664830790942654,0.544189453125,7430335cc1e82f86c17f81fd08ca8e9cf09eea64fe4c6de740af9d7b36b2dd67
F15-ND01 development diagnostic; original F15 result unchanged,v2/work_logs/F15_ND01_v1_run1/evaluation_attempt_1/soft_mask_0_evaluation.json,a6ef52c229ebe9a7cc3b375ddcd534cd6359b3b8267198957dd4e47df50e74c3,0,1500401,1510691,frozen_original,1,equal_target,8192,0.0334662678614317,0.001693495124557215,0.04115209745027846,0.14993290567287487,0.9188232421875,0.03578790579848894,1.6365348541700844e-17,0.03578790579848894,0.03578790579848894,0.03261925638077416,0.18060801859489561,0.0811767578125,0.018448854760144948,0.00046630163632927467,0.95361328125,0.018448854760144948,0.00046630163632927467,0.95361328125,0.14773318055349804,0.028664830790942654,0.544189453125,d61577cb16d42611a5ce0a9a89987f81b63edb4c0f382c0fcb9a03805fc9f377
F15-ND01 development diagnostic; original F15 result unchanged,v2/work_logs/F15_ND01_v1_run1/evaluation_attempt_1/soft_mask_0_evaluation.json,a6ef52c229ebe9a7cc3b375ddcd534cd6359b3b8267198957dd4e47df50e74c3,0,1500401,1510691,fractional_mask,1,scale_separating,8192,0.030739388291231493,0.0014738911391120506,0.038391289886015166,0.1419991658131014,0.9271240234375,0.03338060125903299,0.18641875103675282,0.17156857789609783,,0.027638779250650992,0.16624914812007607,0.0728759765625,0.019882940719636543,0.0005411260966711711,0.95654296875,0.1631002276853128,0.034483047331399466,0.529296875,0.13940504782658586,0.028176054782147936,0.6153564453125,eaa26ce8b0e1a75a6d745063717a18ff022d7daab7d6279db3efb5bfe207fb32
F15-ND01 development diagnostic; original F15 result unchanged,v2/work_logs/F15_ND01_v1_run1/evaluation_attempt_1/soft_mask_0_evaluation.json,a6ef52c229ebe9a7cc3b375ddcd534cd6359b3b8267198957dd4e47df50e74c3,0,1500401,1510691,rounded_top8,1,scale_separating,8192,0.03100718312432528,0.0015014350293392946,0.03874835518237251,0.1591837835090878,0.9254150390625,0.033614610667900925,0.18641875103675282,0.1744218799134856,,0.028170871453893426,0.1678418048457935,0.0745849609375,0.019882940719636543,0.0005411260966711711,0.95654296875,0.1631002276853128,0.034483047331399466,0.529296875,0.13940504782658586,0.028176054782147936,0.6153564453125,a355ebf48aa6eff0191d0da33158bd241ae5af234cbd3f6dc505843b41637e66
F15-ND01 development diagnostic; original F15 result unchanged,v2/work_logs/F15_ND01_v1_run1/evaluation_attempt_1/soft_mask_0_evaluation.json,a6ef52c229ebe9a7cc3b375ddcd534cd6359b3b8267198957dd4e47df50e74c3,0,1500401,1510691,binary_global,1,scale_separating,8192,0.03064295685281325,0.0014806135116218547,0.0384787410347825,0.15924255546576283,0.9268798828125,0.0336518816018751,0.18641875103675282,0.17213719201904937,,0.02781114129014362,0.16676672716745275,0.0731201171875,0.019882940719636543,0.0005411260966711711,0.95654296875,0.1631002276853128,0.034483047331399466,0.529296875,0.13940504782658586,0.028176054782147936,0.6153564453125,c2d812b5fb2894bcb5c8a4fc2e027596de17b6c1f4ab99bc054aa8dac9e25cbb
F15-ND01 development diagnostic; original F15 result unchanged,v2/work_logs/F15_ND01_v1_run1/evaluation_attempt_1/soft_mask_0_evaluation.json,a6ef52c229ebe9a7cc3b375ddcd534cd6359b3b8267198957dd4e47df50e74c3,0,1500401,1510691,frozen_original,1,scale_separating,8192,0.03392174470670826,0.0019703226422487547,0.0443883165061343,0.20133754814588856,0.9215087890625,0.041786806061678936,0.18641875103675282,0.17250853818238257,,0.03691282211869445,0.1921270988660747,0.0784912109375,0.019882940719636543,0.0005411260966711711,0.95654296875,0.1631002276853128,0.034483047331399466,0.529296875,0.13940504782658586,0.028176054782147936,0.6153564453125,6a041a1f995faa5c031d96a6dfe993b744b2677ff35420695bf84fafe7c42ef3
F15-ND01 development diagnostic; original F15 result unchanged,v2/work_logs/F15_ND01_v1_run1/evaluation_attempt_1/soft_mask_1_evaluation.json,8feec3f68ba6447e177226042e304dc4af7c2dfd1bc4b64d9780346fd92b0167,1,1500402,1510692,fractional_mask,0,mixed_near,8192,0.020141101090686828,0.0006539063532877905,0.025571592701429266,0.11772721622169258,0.7647705078125,0.022893635522144087,0.16372034344731234,0.16276139699121553,,0.010566283476296526,0.10279242908063087,0.2352294921875,0.013877382445922126,0.0002884431031217159,0.99853515625,0.15240298701480035,0.028589177747052653,0.4842529296875,0.15160845237959014,0.028330434003952083,0.471435546875,96cb29516b8ccfebf685afd31fc4b51ddaa38dbbc42dc932f55830c4ea272288
F15-ND01 development diagnostic; original F15 result unchanged,v2/work_logs/F15_ND01_v1_run1/evaluation_attempt_1/soft_mask_1_evaluation.json,8feec3f68ba6447e177226042e304dc4af7c2dfd1bc4b64d9780346fd92b0167,1,1500402,1510692,rounded_top8,0,mixed_near,8192,0.03120324264303937,0.0015004295891392584,0.03873537903698966,0.13450737388477385,0.7034912109375,0.036540368733998574,0.16372034344731234,0.15415590396600423,,0.024398341382705708,0.15619968432332285,0.2965087890625,0.013877382445922126,0.0002884431031217159,0.99853515625,0.15240298701480035,0.028589177747052653,0.4842529296875,0.15160845237959014,0.028330434003952083,0.471435546875,9c5d7cb31a941a84a6140cc987007e40490c8fc5ec64581fd9df4eca1ed0fbb5
F15-ND01 development diagnostic; original F15 result unchanged,v2/work_logs/F15_ND01_v1_run1/evaluation_attempt_1/soft_mask_1_evaluation.json,8feec3f68ba6447e177226042e304dc4af7c2dfd1bc4b64d9780346fd92b0167,1,1500402,1510692,binary_global,0,mixed_near,8192,0.030048730347633668,0.00141931282501031,0.03767376839407375,0.14489069902992413,0.7017822265625,0.034026531773539606,0.16372034344731234,0.1457013972293682,,0.02306380728994862,0.15186772958712663,0.2982177734375,0.013877382445922126,0.0002884431031217159,0.99853515625,0.15240298701480035,0.028589177747052653,0.4842529296875,0.15160845237959014,0.028330434003952083,0.471435546875,7e27e63d7c03ba387c4e0376f7ea74c8dd6d14a2ee2abc365bf8c92ac9ecba21
F15-ND01 development diagnostic; original F15 result unchanged,v2/work_logs/F15_ND01_v1_run1/evaluation_attempt_1/soft_mask_1_evaluation.json,8feec3f68ba6447e177226042e304dc4af7c2dfd1bc4b64d9780346fd92b0167,1,1500402,1510692,frozen_original,0,mixed_near,8192,0.04072555728497054,0.0025471493241876245,0.050469290902365814,0.18066474112136766,0.6424560546875,0.049945769306850116,0.16372034344731234,0.1742584285746621,,0.041717660005091174,0.20424901469796905,0.3575439453125,0.013877382445922126,0.0002884431031217159,0.99853515625,0.15240298701480035,0.028589177747052653,0.4842529296875,0.15160845237959014,0.028330434003952083,0.471435546875,edac6cc3fe45243a862127a59a6df5399f9a5f34115012397b94098a52a7ba06
F15-ND01 development diagnostic; original F15 result unchanged,v2/work_logs/F15_ND01_v1_run1/evaluation_attempt_1/soft_mask_1_evaluation.json,8feec3f68ba6447e177226042e304dc4af7c2dfd1bc4b64d9780346fd92b0167,1,1500402,1510692,fractional_mask,0,mixed_far,8192,0.019084662027795858,0.0005789732388425113,0.024061862746730795,0.0988963473060529,1.0,0.023599899222326512,0.1703943794507933,0.16547644110100646,,0.013488594338345997,0.1161404078619754,0.0,0.013834841167543835,0.00028418084047228073,0.9637451171875,0.1540506695419378,0.03081563760380392,0.765380859375,0.14736909163293582,0.028196278839152142,0.7911376953125,39b39ae49bfe46614a9cdee8d7286f9591beefec644a7f3c8f37ea53d70d2423
F15-ND01 development diagnostic; original F15 result unchanged,v2/work_logs/F15_ND01_v1_run1/evaluation_attempt_1/soft_mask_1_evaluation.json,8feec3f68ba6447e177226042e304dc4af7c2dfd1bc4b64d9780346fd92b0167,1,1500402,1510692,rounded_top8,0,mixed_far,8192,0.02577368727717934,0.0010385891398138457,0.032227149110863745,0.130870933431737,1.0,0.03172929539555383,0.1703943794507933,0.16997927414726272,,0.026709383348676154,0.16343005644212497,0.0,0.013834841167543835,0.00028418084047228073,0.9637451171875,0.1540506695419378,0.03081563760380392,0.765380859375,0.14736909163293582,0.028196278839152142,0.7911376953125,33f36ae7bf85e15b77d7b3171ec3e6d2236ad9768d8a36e4444d15e2d8b097e5
F15-ND01 development diagnostic; original F15 result unchanged,v2/work_logs/F15_ND01_v1_run1/evaluation_attempt_1/soft_mask_1_evaluation.json,8feec3f68ba6447e177226042e304dc4af7c2dfd1bc4b64d9780346fd92b0167,1,1500402,1510692,binary_global,0,mixed_far,8192,0.0271359528359811,0.001154920330648593,0.03398411880053083,0.129415693758342,1.0,0.030763255273129075,0.1703943794507933,0.1550119195199926,,0.027033176722343177,0.1644176898096527,0.0,0.013834841167543835,0.00028418084047228073,0.9637451171875,0.1540506695419378,0.03081563760380392,0.765380859375,0.14736909163293582,0.028196278839152142,0.7911376953125,af2e56c8423894dc447a7945389b6cf3e2be174d5276db7e603c9dd4e9903936
F15-ND01 development diagnostic; original F15 result unchanged,v2/work_logs/F15_ND01_v1_run1/evaluation_attempt_1/soft_mask_1_evaluation.json,8feec3f68ba6447e177226042e304dc4af7c2dfd1bc4b64d9780346fd92b0167,1,1500402,1510692,frozen_original,0,mixed_far,8192,0.032072089455596434,0.001605566202746246,0.04006951712644222,0.144836362044525,1.0,0.04166002689374922,0.1703943794507933,0.17630129865071664,,0.038658167582114863,0.19661680391592898,0.0,0.013834841167543835,0.00028418084047228073,0.9637451171875,0.1540506695419378,0.03081563760380392,0.765380859375,0.14736909163293582,0.028196278839152142,0.7911376953125,f9615c2007ea6c80fb6650e549b559889ce2ce6d6a1cb4122d11d51ae299d091
F15-ND01 development diagnostic; original F15 result unchanged,v2/work_logs/F15_ND01_v1_run1/evaluation_attempt_1/soft_mask_1_evaluation.json,8feec3f68ba6447e177226042e304dc4af7c2dfd1bc4b64d9780346fd92b0167,1,1500402,1510692,fractional_mask,0,preserve_other,8192,0.021239648667367307,0.0007115338656775545,0.02667459213704222,0.10308431921749961,0.9437255859375,0.022984976177480545,0.16974153610916123,0.16512492332880438,,0.013155888118476601,0.11469911995510951,0.0562744140625,0.014927441506961556,0.00032956080634079563,0.9659423828125,0.1537358055207509,0.03090703594901861,0.53955078125,0.014760453713511729,0.0003299913046500159,0.9656982421875,d1d12b87e3e1a6d3b9195656193d723bf1db682884eeefa96324f76448a61746
F15-ND01 development diagnostic; original F15 result unchanged,v2/work_logs/F15_ND01_v1_run1/evaluation_attempt_1/soft_mask_1_evaluation.json,8feec3f68ba6447e177226042e304dc4af7c2dfd1bc4b64d9780346fd92b0167,1,1500402,1510692,rounded_top8,0,preserve_other,8192,0.02503092669374616,0.000983999392007349,0.03136876459166585,0.13019619797901572,0.9306640625,0.028434734946067977,0.16974153610916123,0.168387588901287,,0.018352424235564088,0.13547111956267316,0.0693359375,0.014927441506961556,0.00032956080634079563,0.9659423828125,0.1537358055207509,0.03090703594901861,0.53955078125,0.014760453713511729,0.0003299913046500159,0.9656982421875,2aece0a5d56eef7960a640b7521e3793875f67f2189bffa2fd0dcee667b7de40
F15-ND01 development diagnostic; original F15 result unchanged,v2/work_logs/F15_ND01_v1_run1/evaluation_attempt_1/soft_mask_1_evaluation.json,8feec3f68ba6447e177226042e304dc4af7c2dfd1bc4b64d9780346fd92b0167,1,1500402,1510692,binary_global,0,preserve_other,8192,0.027402480605475465,0.0012091640554974582,0.03477303632841772,0.13402801110009355,0.9283447265625,0.03131373792267528,0.16974153610916123,0.1584335184497903,,0.022934808337624086,0.15144242581794604,0.0716552734375,0.014927441506961556,0.00032956080634079563,0.9659423828125,0.1537358055207509,0.03090703594901861,0.53955078125,0.014760453713511729,0.0003299913046500159,0.9656982421875,43cacabb605a180c6ba329bb549493f15338861aa97b8c68c1adcf072192c8ae
F15-ND01 development diagnostic; original F15 result unchanged,v2/work_logs/F15_ND01_v1_run1/evaluation_attempt_1/soft_mask_1_evaluation.json,8feec3f68ba6447e177226042e304dc4af7c2dfd1bc4b64d9780346fd92b0167,1,1500402,1510692,frozen_original,0,preserve_other,8192,0.03969000954930212,0.0024002764355322732,0.04899261613276304,0.17869209732637503,0.898681640625,0.04930839615852095,0.16974153610916123,0.18526208868564112,,0.04536641378181953,0.21299392897878458,0.101318359375,0.014927441506961556,0.00032956080634079563,0.9659423828125,0.1537358055207509,0.03090703594901861,0.53955078125,0.014760453713511729,0.0003299913046500159,0.9656982421875,6ac2d9da4ce523be47d3365a8fb4897902864474036b0b7c2e4520684b551bb4
F15-ND01 development diagnostic; original F15 result unchanged,v2/work_logs/F15_ND01_v1_run1/evaluation_attempt_1/soft_mask_1_evaluation.json,8feec3f68ba6447e177226042e304dc4af7c2dfd1bc4b64d9780346fd92b0167,1,1500402,1510692,fractional_mask,0,equal_target,8192,0.019158551195411877,0.0005875192614892883,0.02423879661801073,0.0977335978135554,0.956298828125,0.025767501684792155,1.785480517796272e-17,0.025767501684792155,0.025767501684792155,0.011078726549961435,0.10525552978329183,0.043701171875,0.013273760611965266,0.0002680014726357295,0.9661865234375,0.013273760611965266,0.00026800147263572957,0.9661865234375,0.1507144301398678,0.02979317346136231,0.5557861328125,213b405c5416c912f43928ad29a3d2ed55f3940a080eb018fdeacf123ece8d38
F15-ND01 development diagnostic; original F15 result unchanged,v2/work_logs/F15_ND01_v1_run1/evaluation_attempt_1/soft_mask_1_evaluation.json,8feec3f68ba6447e177226042e304dc4af7c2dfd1bc4b64d9780346fd92b0167,1,1500402,1510692,rounded_top8,0,equal_target,8192,0.023458754522627877,0.0008851556045277023,0.029751564740828376,0.11984802853825283,0.9541015625,0.03160752123751527,1.785480517796272e-17,0.03160752123751527,0.03160752123751527,0.018281180650323102,0.1352079163744605,0.0458984375,0.013273760611965266,0.0002680014726357295,0.9661865234375,0.013273760611965266,0.00026800147263572957,0.9661865234375,0.1507144301398678,0.02979317346136231,0.5557861328125,12e0459a5b6264e2500d72053336efc51ee6fb1a5ba81d3453d79fa767cf0443
F15-ND01 development diagnostic; original F15 result unchanged,v2/work_logs/F15_ND01_v1_run1/evaluation_attempt_1/soft_mask_1_evaluation.json,8feec3f68ba6447e177226042e304dc4af7c2dfd1bc4b64d9780346fd92b0167,1,1500402,1510692,binary_global,0,equal_target,8192,0.020413054371693443,0.000686699165304346,0.026204945436011616,0.1030443860583074,0.9544677734375,0.02605520621502542,1.785480517796272e-17,0.02605520621502542,0.02605520621502542,0.012951170166475526,0.11380320806759152,0.0455322265625,0.013273760611965266,0.0002680014726357295,0.9661865234375,0.013273760611965266,0.00026800147263572957,0.9661865234375,0.1507144301398678,0.02979317346136231,0.5557861328125,5adf8722cd465a29f3f92246b36f0eaff2d2200dced313742f1eee5b1f6c5f8a
F15-ND01 development diagnostic; original F15 result unchanged,v2/work_logs/F15_ND01_v1_run1/evaluation_attempt_1/soft_mask_1_evaluation.json,8feec3f68ba6447e177226042e304dc4af7c2dfd1bc4b64d9780346fd92b0167,1,1500402,1510692,frozen_original,0,equal_target,8192,0.04174063598574878,0.0025973675986937523,0.0509643757804778,0.15303862200357854,0.8939208984375,0.05149335637232151,1.785480517796272e-17,0.05149335637232151,0.05149335637232151,0.04916644156893955,0.22173507067881607,0.1060791015625,0.013273760611965266,0.0002680014726357295,0.9661865234375,0.013273760611965266,0.00026800147263572957,0.9661865234375,0.1507144301398678,0.02979317346136231,0.5557861328125,e651734190b92d37d5da351ecff1092adb78d597409f04f328163c1f5084d579
F15-ND01 development diagnostic; original F15 result unchanged,v2/work_logs/F15_ND01_v1_run1/evaluation_attempt_1/soft_mask_1_evaluation.json,8feec3f68ba6447e177226042e304dc4af7c2dfd1bc4b64d9780346fd92b0167,1,1500402,1510692,fractional_mask,0,scale_separating,8192,0.021651793681585797,0.000747223936823461,0.027335397140401327,0.11181824554117714,0.9429931640625,0.024754632039480244,0.18767197478923103,0.18442216888511537,,0.01374651350653032,0.11724552659496361,0.0570068359375,0.014478858226959362,0.00031054894125244687,0.970703125,0.17078276946071028,0.03737557438620178,0.5267333984375,0.14360131105561877,0.029819049232582426,0.6148681640625,78914e4e25ed2f970236db06c2801ad8c8f016cd0fad15830dea594dc4d3b6bd
F15-ND01 development diagnostic; original F15 result unchanged,v2/work_logs/F15_ND01_v1_run1/evaluation_attempt_1/soft_mask_1_evaluation.json,8feec3f68ba6447e177226042e304dc4af7c2dfd1bc4b64d9780346fd92b0167,1,1500402,1510692,rounded_top8,0,scale_separating,8192,0.03152380060726339,0.0015249112044190502,0.039050111452069505,0.13116695946957352,0.9273681640625,0.036830883185926595,0.18767197478923103,0.18331806393245767,,0.028860133906316917,0.16988270631914515,0.0726318359375,0.014478858226959362,0.00031054894125244687,0.970703125,0.17078276946071028,0.03737557438620178,0.5267333984375,0.14360131105561877,0.029819049232582426,0.6148681640625,365926a2252ea99478d3671f01ca32b4fb9d3c99e94e10cff6e4619ef9836179
F15-ND01 development diagnostic; original F15 result unchanged,v2/work_logs/F15_ND01_v1_run1/evaluation_attempt_1/soft_mask_1_evaluation.json,8feec3f68ba6447e177226042e304dc4af7c2dfd1bc4b64d9780346fd92b0167,1,1500402,1510692,binary_global,0,scale_separating,8192,0.030465385400011147,0.0014728038792594764,0.03837712703238058,0.14421304800516144,0.920166015625,0.03477780452412128,0.18767197478923103,0.17435040269433544,,0.027416456399737714,0.16557915448430613,0.079833984375,0.014478858226959362,0.00031054894125244687,0.970703125,0.17078276946071028,0.03737557438620178,0.5267333984375,0.14360131105561877,0.029819049232582426,0.6148681640625,0cc01db605cdb8d62bf4dd4cdbc11cc5ba4d22c413ab655cad64d0ff04fb2fa2
F15-ND01 development diagnostic; original F15 result unchanged,v2/work_logs/F15_ND01_v1_run1/evaluation_attempt_1/soft_mask_1_evaluation.json,8feec3f68ba6447e177226042e304dc4af7c2dfd1bc4b64d9780346fd92b0167,1,1500402,1510692,frozen_original,0,scale_separating,8192,0.04202388955017998,0.002661091072123784,0.05158576423902028,0.1711861579069927,0.9071044921875,0.052702072983795784,0.18767197478923103,0.20571571221108353,,0.05047977815772718,0.22467705302884666,0.0928955078125,0.014478858226959362,0.00031054894125244687,0.970703125,0.17078276946071028,0.03737557438620178,0.5267333984375,0.14360131105561877,0.029819049232582426,0.6148681640625,5b8871c8801dc890b29f04a3ac6f82d2aa421d43c0b803c1fcbaca08654240a1
F15-ND01 development diagnostic; original F15 result unchanged,v2/work_logs/F15_ND01_v1_run1/evaluation_attempt_1/soft_mask_1_evaluation.json,8feec3f68ba6447e177226042e304dc4af7c2dfd1bc4b64d9780346fd92b0167,1,1500402,1510692,fractional_mask,1,mixed_near,8192,0.01654912195639876,0.0004654906613335752,0.02157523259048614,0.10291842888852909,0.7967529296875,0.020929435828756518,0.16419687676696124,0.17066715860863735,,0.007510503447728191,0.08666316084547224,0.2032470703125,0.013742167069671627,0.00028725291086048534,0.997314453125,0.1535286002983916,0.02882042591058663,0.4852294921875,0.15252346525990484,0.02861188235614595,0.4683837890625,380327ffddd514bb7f0f12bd6c38f38c4a2e77d3a4313139c3f3a36cbe33f7dd
F15-ND01 development diagnostic; original F15 result unchanged,v2/work_logs/F15_ND01_v1_run1/evaluation_attempt_1/soft_mask_1_evaluation.json,8feec3f68ba6447e177226042e304dc4af7c2dfd1bc4b64d9780346fd92b0167,1,1500402,1510692,rounded_top8,1,mixed_near,8192,0.03642094887742291,0.002003289053577814,0.044758117180884786,0.15888646851942456,0.6734619140625,0.04706755433503325,0.16419687676696124,0.20326964418295326,,0.03271958765994258,0.18088556509556694,0.3265380859375,0.013742167069671627,0.00028725291086048534,0.997314453125,0.1535286002983916,0.02882042591058663,0.4852294921875,0.15252346525990484,0.02861188235614595,0.4683837890625,aeca91285f2497bd5e97ec471e7c264af3e31e05e6d63d49d92c4209dbfa570f
F15-ND01 development diagnostic; original F15 result unchanged,v2/work_logs/F15_ND01_v1_run1/evaluation_attempt_1/soft_mask_1_evaluation.json,8feec3f68ba6447e177226042e304dc4af7c2dfd1bc4b64d9780346fd92b0167,1,1500402,1510692,binary_global,1,mixed_near,8192,0.019497498320869954,0.000645192154810166,0.025400632960817453,0.11763664658732204,0.7762451171875,0.02533816778426542,0.16419687676696124,0.1766491618256536,,0.010431406238680316,0.10213425595107802,0.2237548828125,0.013742167069671627,0.00028725291086048534,0.997314453125,0.1535286002983916,0.02882042591058663,0.4852294921875,0.15252346525990484,0.02861188235614595,0.4683837890625,f150aed94d5b308b7d3d99cb7d4e9e16f8890430d2e1f1b564ffb8f17fa11b23
F15-ND01 development diagnostic; original F15 result unchanged,v2/work_logs/F15_ND01_v1_run1/evaluation_attempt_1/soft_mask_1_evaluation.json,8feec3f68ba6447e177226042e304dc4af7c2dfd1bc4b64d9780346fd92b0167,1,1500402,1510692,frozen_original,1,mixed_near,8192,0.03120183602009386,0.0015615891897314146,0.03951694813281277,0.1862869555597313,0.670654296875,0.03478375926848925,0.16419687676696124,0.15733978248604655,,0.025460797963994253,0.15956440067883015,0.329345703125,0.013742167069671627,0.00028725291086048534,0.997314453125,0.1535286002983916,0.02882042591058663,0.4852294921875,0.15252346525990484,0.02861188235614595,0.4683837890625,bbf0c2d2bd4e47256cdce0a656fcb44fc58d98fe3fd6e0817fad9fd956f2a650
F15-ND01 development diagnostic; original F15 result unchanged,v2/work_logs/F15_ND01_v1_run1/evaluation_attempt_1/soft_mask_1_evaluation.json,8feec3f68ba6447e177226042e304dc4af7c2dfd1bc4b64d9780346fd92b0167,1,1500402,1510692,fractional_mask,1,mixed_far,8192,0.01751770420299792,0.00048559208981718393,0.022036154152146964,0.0905397175331128,1.0,0.022865873330537852,0.1690926769410288,0.16308090657199634,,0.011374894440947716,0.1066531501688896,0.0,0.014680309347381505,0.0003194462654590363,0.964111328125,0.14775426195912128,0.028281240569550822,0.794677734375,0.15317871912086511,0.03061607996918897,0.763916015625,8df4fce35a77efb95e3666cffcb9de77accaa73346f87f3ce3d5f0b4fc61fa2f
F15-ND01 development diagnostic; original F15 result unchanged,v2/work_logs/F15_ND01_v1_run1/evaluation_attempt_1/soft_mask_1_evaluation.json,8feec3f68ba6447e177226042e304dc4af7c2dfd1bc4b64d9780346fd92b0167,1,1500402,1510692,rounded_top8,1,mixed_far,8192,0.0295955817179699,0.0013066626220028838,0.036147788618432576,0.14291252235397767,1.0,0.03585281244056261,0.1690926769410288,0.19339670557655497,,0.03464545850201965,0.1861329054789068,0.0,0.014680309347381505,0.0003194462654590363,0.964111328125,0.14775426195912128,0.028281240569550822,0.794677734375,0.15317871912086511,0.03061607996918897,0.763916015625,0ec2102da1ee38e1f864998f4abc8fa4c6552368817243f34702d1a1f190f044
F15-ND01 development diagnostic; original F15 result unchanged,v2/work_logs/F15_ND01_v1_run1/evaluation_attempt_1/soft_mask_1_evaluation.json,8feec3f68ba6447e177226042e304dc4af7c2dfd1bc4b64d9780346fd92b0167,1,1500402,1510692,binary_global,1,mixed_far,8192,0.018709387727813255,0.0005581678301623,0.023625575763614737,0.1030635187990191,1.0,0.02446889567249551,0.1690926769410288,0.1689089709418021,,0.013232532135511222,0.11503274375372963,0.0,0.014680309347381505,0.0003194462654590363,0.964111328125,0.14775426195912128,0.028281240569550822,0.794677734375,0.15317871912086511,0.03061607996918897,0.763916015625,6a6511b387b61b7c48e0fb829f795ffb210955d0ab11289d2c71a381fdbba474
F15-ND01 development diagnostic; original F15 result unchanged,v2/work_logs/F15_ND01_v1_run1/evaluation_attempt_1/soft_mask_1_evaluation.json,8feec3f68ba6447e177226042e304dc4af7c2dfd1bc4b64d9780346fd92b0167,1,1500402,1510692,frozen_original,1,mixed_far,8192,0.03492019866359794,0.0018060323123589095,0.0424974388917604,0.15038712880508176,1.0,0.04255820974064457,0.1690926769410288,0.15064768363228467,,0.04222085601829987,0.20547714232561215,0.0,0.014680309347381505,0.0003194462654590363,0.964111328125,0.14775426195912128,0.028281240569550822,0.794677734375,0.15317871912086511,0.03061607996918897,0.763916015625,f672229352b7400c73e1dd771e0ca788d3fcf36515f5d0310ffc2377fea2ac8b
F15-ND01 development diagnostic; original F15 result unchanged,v2/work_logs/F15_ND01_v1_run1/evaluation_attempt_1/soft_mask_1_evaluation.json,8feec3f68ba6447e177226042e304dc4af7c2dfd1bc4b64d9780346fd92b0167,1,1500402,1510692,fractional_mask,1,preserve_other,8192,0.016707494589532412,0.0004562892524058586,0.02136092817285472,0.09472328785518436,0.9569091796875,0.018027546649792708,0.16811119576760666,0.16486881343187404,,0.008568990036125912,0.0925688394446312,0.0430908203125,0.013354682245649724,0.0002711124149086821,0.96630859375,0.14685757077697675,0.02843123846199062,0.5567626953125,0.013594479820319996,0.00028010681010415776,0.96142578125,b9e22a2d5b2440abe2de6636981c9ac5e4ddd8065ed2797e13907c7f365dcfea
F15-ND01 development diagnostic; original F15 result unchanged,v2/work_logs/F15_ND01_v1_run1/evaluation_attempt_1/soft_mask_1_evaluation.json,8feec3f68ba6447e177226042e304dc4af7c2dfd1bc4b64d9780346fd92b0167,1,1500402,1510692,rounded_top8,1,preserve_other,8192,0.03318551724538628,0.0016998670948680512,0.04122944451321229,0.15294641737858256,0.9271240234375,0.039609099809891225,0.16811119576760666,0.19833973972187707,,0.03419757156021018,0.184925854223281,0.0728759765625,0.013354682245649724,0.0002711124149086821,0.96630859375,0.14685757077697675,0.02843123846199062,0.5567626953125,0.013594479820319996,0.00028010681010415776,0.96142578125,66433b93ce5b33a5a2cb06c034f3574436899bd9a2da3d10fb6489c5b2e33ead
F15-ND01 development diagnostic; original F15 result unchanged,v2/work_logs/F15_ND01_v1_run1/evaluation_attempt_1/soft_mask_1_evaluation.json,8feec3f68ba6447e177226042e304dc4af7c2dfd1bc4b64d9780346fd92b0167,1,1500402,1510692,binary_global,1,preserve_other,8192,0.019458032632821372,0.0005941689830626644,0.024375581696908576,0.10470748173425992,0.9498291015625,0.021259088401935626,0.16811119576760666,0.1720323478123571,,0.011252041300812785,0.10607563952582509,0.0501708984375,0.013354682245649724,0.0002711124149086821,0.96630859375,0.14685757077697675,0.02843123846199062,0.5567626953125,0.013594479820319996,0.00028010681010415776,0.96142578125,01c52e4da8131ead4457b83a180875f13b89f6db64cf1bffb079900e12ef0fb9
F15-ND01 development diagnostic; original F15 result unchanged,v2/work_logs/F15_ND01_v1_run1/evaluation_attempt_1/soft_mask_1_evaluation.json,8feec3f68ba6447e177226042e304dc4af7c2dfd1bc4b64d9780346fd92b0167,1,1500402,1510692,frozen_original,1,preserve_other,8192,0.030371562557626203,0.0015615362049816112,0.03951627772173907,0.18925352408363033,0.92138671875,0.035254819307859266,0.16811119576760666,0.1490440908919846,,0.02945688512376051,0.17163008222267012,0.07861328125,0.013354682245649724,0.0002711124149086821,0.96630859375,0.14685757077697675,0.02843123846199062,0.5567626953125,0.013594479820319996,0.00028010681010415776,0.96142578125,a0c6b393d3f904de42fabaaf9ad43084626abcf7356ca584b2185ef34dc46c25
F15-ND01 development diagnostic; original F15 result unchanged,v2/work_logs/F15_ND01_v1_run1/evaluation_attempt_1/soft_mask_1_evaluation.json,8feec3f68ba6447e177226042e304dc4af7c2dfd1bc4b64d9780346fd92b0167,1,1500402,1510692,fractional_mask,1,equal_target,8192,0.018666675540365933,0.0005514904300679404,0.023483833376770933,0.08134493369992368,0.9530029296875,0.024088786105717724,1.6556729224450024e-17,0.024088786105717724,0.024088786105717724,0.010444310404308415,0.10219740899019121,0.0469970703125,0.014762498002511565,0.00032263563993039946,0.962890625,0.014762498002511563,0.00032263563993039946,0.962890625,0.1515652955761089,0.030036332437208053,0.5452880859375,a70a9034b26af5e4ddf3a3def3f86ee0f4232566195870e31700dad8a9c76f93
F15-ND01 development diagnostic; original F15 result unchanged,v2/work_logs/F15_ND01_v1_run1/evaluation_attempt_1/soft_mask_1_evaluation.json,8feec3f68ba6447e177226042e304dc4af7c2dfd1bc4b64d9780346fd92b0167,1,1500402,1510692,rounded_top8,1,equal_target,8192,0.026303535878527566,0.001078212537261496,0.03283614680898927,0.13473160168889897,0.9383544921875,0.03280437194881964,1.6556729224450024e-17,0.03280437194881964,0.03280437194881964,0.020862319779659258,0.1444379443901749,0.0616455078125,0.014762498002511565,0.00032263563993039946,0.962890625,0.014762498002511563,0.00032263563993039946,0.962890625,0.1515652955761089,0.030036332437208053,0.5452880859375,52643f9a704e03fc59427e01d5cda4fcd9756ac87544f889b974140e6f91f6e1
F15-ND01 development diagnostic; original F15 result unchanged,v2/work_logs/F15_ND01_v1_run1/evaluation_attempt_1/soft_mask_1_evaluation.json,8feec3f68ba6447e177226042e304dc4af7c2dfd1bc4b64d9780346fd92b0167,1,1500402,1510692,binary_global,1,equal_target,8192,0.022143452203058616,0.0007684374082988011,0.02772070360396361,0.11589298393219444,0.94482421875,0.02862340189535644,1.6556729224450024e-17,0.02862340189535644,0.02862340189535644,0.014571954137701099,0.12071434934464544,0.05517578125,0.014762498002511565,0.00032263563993039946,0.962890625,0.014762498002511563,0.00032263563993039946,0.962890625,0.1515652955761089,0.030036332437208053,0.5452880859375,38deb766fb4411ac30744c44cc917fd84b9a1b3c042c56ad7516cf5864d07cb4
F15-ND01 development diagnostic; original F15 result unchanged,v2/work_logs/F15_ND01_v1_run1/evaluation_attempt_1/soft_mask_1_evaluation.json,8feec3f68ba6447e177226042e304dc4af7c2dfd1bc4b64d9780346fd92b0167,1,1500402,1510692,frozen_original,1,equal_target,8192,0.029554429250853977,0.001402921167055112,0.03745558926322094,0.1432492897834396,0.925048828125,0.03837088704229149,1.6556729224450024e-17,0.03837088704229149,0.03837088704229149,0.026568021069782535,0.16299699711891177,0.074951171875,0.014762498002511565,0.00032263563993039946,0.962890625,0.014762498002511563,0.00032263563993039946,0.962890625,0.1515652955761089,0.030036332437208053,0.5452880859375,c4bf1aaa88b5b919ceea851f16e93018790789493d71a3ed9af80ea51da41478
F15-ND01 development diagnostic; original F15 result unchanged,v2/work_logs/F15_ND01_v1_run1/evaluation_attempt_1/soft_mask_1_evaluation.json,8feec3f68ba6447e177226042e304dc4af7c2dfd1bc4b64d9780346fd92b0167,1,1500402,1510692,fractional_mask,1,scale_separating,8192,0.019929936546642903,0.0006394840251066145,0.025288021375873094,0.09765619683816623,0.9482421875,0.023968661460728877,0.18806879405935023,0.1884180422318004,,0.011785263253507636,0.1085599523466533,0.0517578125,0.013891942415372248,0.00028660480109731596,0.966796875,0.1679470518384586,0.03630352145971401,0.5328369140625,0.14702728605862503,0.030955230360271396,0.5985107421875,ed1a668d49fb5896485b0d6f9de99150974fdf028bbe445b52350b9f872d1d48
F15-ND01 development diagnostic; original F15 result unchanged,v2/work_logs/F15_ND01_v1_run1/evaluation_attempt_1/soft_mask_1_evaluation.json,8feec3f68ba6447e177226042e304dc4af7c2dfd1bc4b64d9780346fd92b0167,1,1500402,1510692,rounded_top8,1,scale_separating,8192,0.039566525006257486,0.002333175642624015,0.048302956872473296,0.16342722965053835,0.9195556640625,0.04882009048340678,0.18806879405935023,0.22579873715740018,,0.045293270745539724,0.21282215755306055,0.0804443359375,0.013891942415372248,0.00028660480109731596,0.966796875,0.1679470518384586,0.03630352145971401,0.5328369140625,0.14702728605862503,0.030955230360271396,0.5985107421875,8a857f21fb2a02b6a32254e036e8e757c01fd59a122ed3c71f5f41f912fea03d
F15-ND01 development diagnostic; original F15 result unchanged,v2/work_logs/F15_ND01_v1_run1/evaluation_attempt_1/soft_mask_1_evaluation.json,8feec3f68ba6447e177226042e304dc4af7c2dfd1bc4b64d9780346fd92b0167,1,1500402,1510692,binary_global,1,scale_separating,8192,0.02415389050970745,0.0009056909804199236,0.03009470020485208,0.11536067665630145,0.9412841796875,0.029594762966649424,0.18806879405935023,0.19715209723664054,,0.016779975873959293,0.1295375461939869,0.0587158203125,0.013891942415372248,0.00028660480109731596,0.966796875,0.1679470518384586,0.03630352145971401,0.5328369140625,0.14702728605862503,0.030955230360271396,0.5985107421875,72720209894a5d80fbb666f317621c8dd84f8cb1eabb68868c04decbb43aa364
F15-ND01 development diagnostic; original F15 result unchanged,v2/work_logs/F15_ND01_v1_run1/evaluation_attempt_1/soft_mask_1_evaluation.json,8feec3f68ba6447e177226042e304dc4af7c2dfd1bc4b64d9780346fd92b0167,1,1500402,1510692,frozen_original,1,scale_separating,8192,0.03706064873466694,0.002087423025478488,0.045688324826792324,0.1599531857777926,0.9168701171875,0.04315112175342021,0.18806879405935023,0.1736035783578879,,0.03880287349623153,0.1969844498843285,0.0831298828125,0.013891942415372248,0.00028660480109731596,0.966796875,0.1679470518384586,0.03630352145971401,0.5328369140625,0.14702728605862503,0.030955230360271396,0.5985107421875,10052abb73455d187a1544ec99e486f070fd233eba54059c89432b5e70185333
F15-ND01 development diagnostic; original F15 result unchanged,v2/work_logs/F15_ND01_v1_run1/evaluation_attempt_1/soft_mask_2_evaluation.json,675cc724ffcf97bf83fab2dfc8f6daa918ea43e3c9fcead4fd10f54b1d0711cb,2,1500403,1510693,fractional_mask,0,mixed_near,8192,0.013990831614935225,0.0003361239708657929,0.018333684050560947,0.08992045026046985,0.82568359375,0.018452132291858554,0.16319451810221314,0.15957662075461357,,0.0054153246357242,0.07358888934971229,0.17431640625,0.011723144228262036,0.00021844759049057433,0.9989013671875,0.1465970585563905,0.02639495177296053,0.471923828125,0.14652360175972695,0.026268176945721915,0.48291015625,e7f7d6cdcda669b95154bd6363e13dcc3e017e97684980f181bb97d83774e639
F15-ND01 development diagnostic; original F15 result unchanged,v2/work_logs/F15_ND01_v1_run1/evaluation_attempt_1/soft_mask_2_evaluation.json,675cc724ffcf97bf83fab2dfc8f6daa918ea43e3c9fcead4fd10f54b1d0711cb,2,1500403,1510693,rounded_top8,0,mixed_near,8192,0.018102297586295512,0.0005382375123191917,0.02319994638612753,0.10671504742625593,0.7744140625,0.023042331841357455,0.16319451810221314,0.16578005223836928,,0.008684436550410336,0.09319032433901245,0.2255859375,0.011723144228262036,0.00021844759049057433,0.9989013671875,0.1465970585563905,0.02639495177296053,0.471923828125,0.14652360175972695,0.026268176945721915,0.48291015625,7998784eeddffc2cb4d5b3ef3f9d1030223431827961790ae7c06d3bbe3eaff1
F15-ND01 development diagnostic; original F15 result unchanged,v2/work_logs/F15_ND01_v1_run1/evaluation_attempt_1/soft_mask_2_evaluation.json,675cc724ffcf97bf83fab2dfc8f6daa918ea43e3c9fcead4fd10f54b1d0711cb,2,1500403,1510693,binary_global,0,mixed_near,8192,0.01696859428605158,0.0004687149377525079,0.021649825351547476,0.09587738292494385,0.781982421875,0.02169717289615005,0.16319451810221314,0.16095786668152495,,0.007555195939548386,0.08692063011476842,0.218017578125,0.011723144228262036,0.00021844759049057433,0.9989013671875,0.1465970585563905,0.02639495177296053,0.471923828125,0.14652360175972695,0.026268176945721915,0.48291015625,174984ba00b79c1240ce7f26c64986dbf3624649d844785c85bf1a7493d4dcc8
F15-ND01 development diagnostic; original F15 result unchanged,v2/work_logs/F15_ND01_v1_run1/evaluation_attempt_1/soft_mask_2_evaluation.json,675cc724ffcf97bf83fab2dfc8f6daa918ea43e3c9fcead4fd10f54b1d0711cb,2,1500403,1510693,frozen_original,0,mixed_near,8192,0.028674905801263466,0.001280509342324872,0.03578420520739383,0.15235941464878194,0.669189453125,0.03721075201002839,0.16319451810221314,0.14321161237608646,,0.020748158688771296,0.1440422114825071,0.330810546875,0.011723144228262036,0.00021844759049057433,0.9989013671875,0.1465970585563905,0.02639495177296053,0.471923828125,0.14652360175972695,0.026268176945721915,0.48291015625,3dd8db8dff58ad1dd15bee4d4bb949c71a465249f367192a7386c4c124ba6d58
F15-ND01 development diagnostic; original F15 result unchanged,v2/work_logs/F15_ND01_v1_run1/evaluation_attempt_1/soft_mask_2_evaluation.json,675cc724ffcf97bf83fab2dfc8f6daa918ea43e3c9fcead4fd10f54b1d0711cb,2,1500403,1510693,fractional_mask,0,mixed_far,8192,0.02091347736238565,0.0007011234414818316,0.026478735647342218,0.09345755491018304,1.0,0.02467224872655294,0.1690564693691705,0.15659175037733308,,0.016752059875600543,0.12942974880451766,0.0,0.0136778437893276,0.0002960011120982841,0.9693603515625,0.14707055399685123,0.02809983603863074,0.790283203125,0.1528899613925636,0.030063587009188333,0.7701416015625,11eb93deb919027ed3c2199bd39d5a07818ebeae96115880ba9157fe9962027f
F15-ND01 development diagnostic; original F15 result unchanged,v2/work_logs/F15_ND01_v1_run1/evaluation_attempt_1/soft_mask_2_evaluation.json,675cc724ffcf97bf83fab2dfc8f6daa918ea43e3c9fcead4fd10f54b1d0711cb,2,1500403,1510693,rounded_top8,0,mixed_far,8192,0.025523718482943783,0.001015673639323531,0.03186963506731025,0.11467331867645025,1.0,0.029750487445943722,0.1690564693691705,0.15776582058589092,,0.02376184363792947,0.1541487711204,0.0,0.0136778437893276,0.0002960011120982841,0.9693603515625,0.14707055399685123,0.02809983603863074,0.790283203125,0.1528899613925636,0.030063587009188333,0.7701416015625,acf47c2ed0f685428dad02cbbf23b16dec0f1d92d7ab0cfce494f3bc35a24608
F15-ND01 development diagnostic; original F15 result unchanged,v2/work_logs/F15_ND01_v1_run1/evaluation_attempt_1/soft_mask_2_evaluation.json,675cc724ffcf97bf83fab2dfc8f6daa918ea43e3c9fcead4fd10f54b1d0711cb,2,1500403,1510693,binary_global,0,mixed_far,8192,0.025240665889900545,0.0009930113866373621,0.031512083184666834,0.1132920357898608,1.0,0.02992570657214142,0.1690564693691705,0.1553892551679833,,0.02326550847630626,0.15253035263942144,0.0,0.0136778437893276,0.0002960011120982841,0.9693603515625,0.14707055399685123,0.02809983603863074,0.790283203125,0.1528899613925636,0.030063587009188333,0.7701416015625,73cfbc07e856059d5ed99f985a0c4224b540614bac6a066707166c09ce25f4ce
F15-ND01 development diagnostic; original F15 result unchanged,v2/work_logs/F15_ND01_v1_run1/evaluation_attempt_1/soft_mask_2_evaluation.json,675cc724ffcf97bf83fab2dfc8f6daa918ea43e3c9fcead4fd10f54b1d0711cb,2,1500403,1510693,frozen_original,0,mixed_far,8192,0.04308864426340449,0.002612107304095222,0.051108779129374844,0.1659251301647926,1.0,0.05031657621846163,0.1690564693691705,0.13369904736428945,,0.05948212888737826,0.24388958339252265,0.0,0.0136778437893276,0.0002960011120982841,0.9693603515625,0.14707055399685123,0.02809983603863074,0.790283203125,0.1528899613925636,0.030063587009188333,0.7701416015625,0e339b800d6c72d6b21e6760beb353ff72d6200d45c0a8d1485b2f9f4cb50d1f
F15-ND01 development diagnostic; original F15 result unchanged,v2/work_logs/F15_ND01_v1_run1/evaluation_attempt_1/soft_mask_2_evaluation.json,675cc724ffcf97bf83fab2dfc8f6daa918ea43e3c9fcead4fd10f54b1d0711cb,2,1500403,1510693,fractional_mask,0,preserve_other,8192,0.01618908758739787,0.0004496331802662954,0.021204555648876383,0.08999545769792971,0.9581298828125,0.021716723590020012,0.17004098217796912,0.1577971125864322,,0.008706835575100835,0.09331042586496342,0.0418701171875,0.011909097642441552,0.00022951997898062337,0.968505859375,0.14581440365243814,0.028116841881646454,0.54541015625,0.01154628249286186,0.00021973359789939965,0.968505859375,e511d7416a5a8682440e5a2156104a70894d3dc48b110dbabd276301366b2bce
F15-ND01 development diagnostic; original F15 result unchanged,v2/work_logs/F15_ND01_v1_run1/evaluation_attempt_1/soft_mask_2_evaluation.json,675cc724ffcf97bf83fab2dfc8f6daa918ea43e3c9fcead4fd10f54b1d0711cb,2,1500403,1510693,rounded_top8,0,preserve_other,8192,0.017424253669629835,0.00047323459338099343,0.021753955809943933,0.08562286526029406,0.953125,0.021474019326064638,0.17004098217796912,0.16006741794915066,,0.009053275909934062,0.0951487041947186,0.046875,0.011909097642441552,0.00022951997898062337,0.968505859375,0.14581440365243814,0.028116841881646454,0.54541015625,0.01154628249286186,0.00021973359789939965,0.968505859375,ec124514e04c1f0de411a0c3ce8784e3075694a5bf9aefae71dd145aa6834b85
F15-ND01 development diagnostic; original F15 result unchanged,v2/work_logs/F15_ND01_v1_run1/evaluation_attempt_1/soft_mask_2_evaluation.json,675cc724ffcf97bf83fab2dfc8f6daa918ea43e3c9fcead4fd10f54b1d0711cb,2,1500403,1510693,binary_global,0,preserve_other,8192,0.017891121993770527,0.0005125441416685069,0.022639437750715162,0.09018091361371677,0.950439453125,0.022907845386709435,0.17004098217796912,0.15826138123786163,,0.009704984194209634,0.09851387818073977,0.049560546875,0.011909097642441552,0.00022951997898062337,0.968505859375,0.14581440365243814,0.028116841881646454,0.54541015625,0.01154628249286186,0.00021973359789939965,0.968505859375,6cf336e191be33ca770ab4dcb01d4595a5dc30fed31aab15ce14a1cfb1b4311a
F15-ND01 development diagnostic; original F15 result unchanged,v2/work_logs/F15_ND01_v1_run1/evaluation_attempt_1/soft_mask_2_evaluation.json,675cc724ffcf97bf83fab2dfc8f6daa918ea43e3c9fcead4fd10f54b1d0711cb,2,1500403,1510693,frozen_original,0,preserve_other,8192,0.03696776542945847,0.0020842512045828416,0.04565360012729381,0.1645414893245163,0.8931884765625,0.04821213953833662,0.17004098217796912,0.12942831933280147,,0.03891276289080323,0.19726318179225244,0.1068115234375,0.011909097642441552,0.00022951997898062337,0.968505859375,0.14581440365243814,0.028116841881646454,0.54541015625,0.01154628249286186,0.00021973359789939965,0.968505859375,6f38045e3a5b5030cb6b7b69599dd1ae0c583efce2b021d49fb6841f928d635d
F15-ND01 development diagnostic; original F15 result unchanged,v2/work_logs/F15_ND01_v1_run1/evaluation_attempt_1/soft_mask_2_evaluation.json,675cc724ffcf97bf83fab2dfc8f6daa918ea43e3c9fcead4fd10f54b1d0711cb,2,1500403,1510693,fractional_mask,0,equal_target,8192,0.015970361322966132,0.00044250770528562214,0.021035867115135096,0.10199548189537355,0.96533203125,0.019818351999455832,1.7904770854614538e-17,0.019818351999455832,0.019818351999455832,0.008948706193557202,0.09459760141545452,0.03466796875,0.012895908805091828,0.0002691351276455081,0.97119140625,0.012895908805091828,0.0002691351276455081,0.97119140625,0.14835567107788633,0.02867158456297891,0.541259765625,10c65bbb5e8ba0e054bf0663a1ac48e5a35e81b62d659f06f7606d24e466dadd
F15-ND01 development diagnostic; original F15 result unchanged,v2/work_logs/F15_ND01_v1_run1/evaluation_attempt_1/soft_mask_2_evaluation.json,675cc724ffcf97bf83fab2dfc8f6daa918ea43e3c9fcead4fd10f54b1d0711cb,2,1500403,1510693,rounded_top8,0,equal_target,8192,0.02124833089363321,0.0007241517653593113,0.026910068103951565,0.1180001571026133,0.946044921875,0.025305723346134474,1.7904770854614538e-17,0.025305723346134477,0.025305723346134477,0.014349667122989716,0.11979009609725554,0.053955078125,0.012895908805091828,0.0002691351276455081,0.97119140625,0.012895908805091828,0.0002691351276455081,0.97119140625,0.14835567107788633,0.02867158456297891,0.541259765625,c1386f3fba5b9abade98176dd84e6dcc12bc9ec831247ab117fbed54060740bb
F15-ND01 development diagnostic; original F15 result unchanged,v2/work_logs/F15_ND01_v1_run1/evaluation_attempt_1/soft_mask_2_evaluation.json,675cc724ffcf97bf83fab2dfc8f6daa918ea43e3c9fcead4fd10f54b1d0711cb,2,1500403,1510693,binary_global,0,equal_target,8192,0.02014525256800387,0.0006468034002910199,0.02543232982428114,0.1256641643585194,0.9512939453125,0.024074818324051145,1.7904770854614538e-17,0.024074818324051145,0.024074818324051145,0.012837642618969115,0.11330332130599312,0.0487060546875,0.012895908805091828,0.0002691351276455081,0.97119140625,0.012895908805091828,0.0002691351276455081,0.97119140625,0.14835567107788633,0.02867158456297891,0.541259765625,37782e3199cf35ba0432c4013a7b9544f5d2eb6f7887905c6f6205c7bb524508
F15-ND01 development diagnostic; original F15 result unchanged,v2/work_logs/F15_ND01_v1_run1/evaluation_attempt_1/soft_mask_2_evaluation.json,675cc724ffcf97bf83fab2dfc8f6daa918ea43e3c9fcead4fd10f54b1d0711cb,2,1500403,1510693,frozen_original,0,equal_target,8192,0.023045211914154443,0.0009201265843383486,0.030333588385457275,0.1416987575419445,0.9483642578125,0.02988872386293232,1.7904770854614538e-17,0.02988872386293232,0.02988872386293232,0.018302127868866033,0.1352853571857133,0.0516357421875,0.012895908805091828,0.0002691351276455081,0.97119140625,0.012895908805091828,0.0002691351276455081,0.97119140625,0.14835567107788633,0.02867158456297891,0.541259765625,16f34809d24aee4f9a88fcba125484afee64fa7ae9e307c499e0e6f98e252d69
F15-ND01 development diagnostic; original F15 result unchanged,v2/work_logs/F15_ND01_v1_run1/evaluation_attempt_1/soft_mask_2_evaluation.json,675cc724ffcf97bf83fab2dfc8f6daa918ea43e3c9fcead4fd10f54b1d0711cb,2,1500403,1510693,fractional_mask,0,scale_separating,8192,0.018452668677212115,0.0005716615552443171,0.02390944489619776,0.10400820528645538,0.9559326171875,0.024069801796425976,0.18721085994498873,0.17717251895321046,,0.011000215848609265,0.10488191382983658,0.0440673828125,0.012465583288281196,0.00024942581286656535,0.9725341796875,0.16219802643030448,0.03400876686180113,0.5352783203125,0.14088291994042634,0.028133128498609727,0.6031494140625,ef3c8d27f9913918671a2e89ae62000bde343279279c452b013a1a285f396b38
F15-ND01 development diagnostic; original F15 result unchanged,v2/work_logs/F15_ND01_v1_run1/evaluation_attempt_1/soft_mask_2_evaluation.json,675cc724ffcf97bf83fab2dfc8f6daa918ea43e3c9fcead4fd10f54b1d0711cb,2,1500403,1510693,rounded_top8,0,scale_separating,8192,0.0221797076548071,0.0007939329110605055,0.028176815133377043,0.1225369745477628,0.9471435546875,0.027673347178388947,0.18721085994498873,0.18186086947548896,,0.015110911275391272,0.12292644660686841,0.0528564453125,0.012465583288281196,0.00024942581286656535,0.9725341796875,0.16219802643030448,0.03400876686180113,0.5352783203125,0.14088291994042634,0.028133128498609727,0.6031494140625,9f50c0e4a529c70d5b0b4c11af943ee80614b7fc91db0075fb764527ce7b12ee
F15-ND01 development diagnostic; original F15 result unchanged,v2/work_logs/F15_ND01_v1_run1/evaluation_attempt_1/soft_mask_2_evaluation.json,675cc724ffcf97bf83fab2dfc8f6daa918ea43e3c9fcead4fd10f54b1d0711cb,2,1500403,1510693,binary_global,0,scale_separating,8192,0.021550235373465607,0.0007564034508583565,0.027502789874090165,0.11708650598192194,0.9488525390625,0.02768139710929936,0.18721085994498873,0.17923337537858958,,0.014469072106704579,0.12028745614861334,0.0511474609375,0.012465583288281196,0.00024942581286656535,0.9725341796875,0.16219802643030448,0.03400876686180113,0.5352783203125,0.14088291994042634,0.028133128498609727,0.6031494140625,ee5a09472b46cf152a81759d5c545c82dd74129a58917b385dd18a3cc600e580
F15-ND01 development diagnostic; original F15 result unchanged,v2/work_logs/F15_ND01_v1_run1/evaluation_attempt_1/soft_mask_2_evaluation.json,675cc724ffcf97bf83fab2dfc8f6daa918ea43e3c9fcead4fd10f54b1d0711cb,2,1500403,1510693,frozen_original,0,scale_separating,8192,0.04079753064102,0.002441346545283075,0.04940998426718101,0.1819299172814819,0.8916015625,0.051605475488946555,0.18721085994498873,0.14991587211473312,,0.045541688843417416,0.21340498785974385,0.1083984375,0.012465583288281196,0.00024942581286656535,0.9725341796875,0.16219802643030448,0.03400876686180113,0.5352783203125,0.14088291994042634,0.028133128498609727,0.6031494140625,aa11eab34b7f8216674cc2a846208b176bc2c0c15eaf0f89649679e2859d90f4
F15-ND01 development diagnostic; original F15 result unchanged,v2/work_logs/F15_ND01_v1_run1/evaluation_attempt_1/soft_mask_2_evaluation.json,675cc724ffcf97bf83fab2dfc8f6daa918ea43e3c9fcead4fd10f54b1d0711cb,2,1500403,1510693,fractional_mask,1,mixed_near,8192,0.018673482677431363,0.0005794105905827562,0.024070949100165457,0.12025599183108704,0.7806396484375,0.027864396541658527,0.16301763629515,0.15006494851234353,,0.009357432777210201,0.09673382436981494,0.2193603515625,0.012973565013113184,0.0002643787402042064,0.9979248046875,0.14487294096020542,0.0257976024214485,0.4879150390625,0.1473443479995994,0.026762221778624494,0.477294921875,080749d5a9afba8e87967014bc4910925292d2894649cde9f3a74989112591bf
F15-ND01 development diagnostic; original F15 result unchanged,v2/work_logs/F15_ND01_v1_run1/evaluation_attempt_1/soft_mask_2_evaluation.json,675cc724ffcf97bf83fab2dfc8f6daa918ea43e3c9fcead4fd10f54b1d0711cb,2,1500403,1510693,rounded_top8,1,mixed_near,8192,0.025389815924753086,0.001103932488906334,0.033225479513565095,0.13357304935449643,0.7379150390625,0.03660558588516891,0.16301763629515,0.14301854909015907,,0.017921493859294625,0.13387118382719496,0.2620849609375,0.012973565013113184,0.0002643787402042064,0.9979248046875,0.14487294096020542,0.0257976024214485,0.4879150390625,0.1473443479995994,0.026762221778624494,0.477294921875,c36add71760f433f6328e6f6a4e29bf0b2a4de5d925589a42e0821402114675d
F15-ND01 development diagnostic; original F15 result unchanged,v2/work_logs/F15_ND01_v1_run1/evaluation_attempt_1/soft_mask_2_evaluation.json,675cc724ffcf97bf83fab2dfc8f6daa918ea43e3c9fcead4fd10f54b1d0711cb,2,1500403,1510693,binary_global,1,mixed_near,8192,0.022185256960639572,0.000832588059441988,0.028854602049620922,0.14910978829591093,0.75390625,0.031367077762261886,0.16301763629515,0.15341804198092857,,0.013489118066706725,0.11614266256077792,0.24609375,0.012973565013113184,0.0002643787402042064,0.9979248046875,0.14487294096020542,0.0257976024214485,0.4879150390625,0.1473443479995994,0.026762221778624494,0.477294921875,79f352356953313b8af147961ed6ca7b31ea4eeb666c469d8d1238141179a6c2
F15-ND01 development diagnostic; original F15 result unchanged,v2/work_logs/F15_ND01_v1_run1/evaluation_attempt_1/soft_mask_2_evaluation.json,675cc724ffcf97bf83fab2dfc8f6daa918ea43e3c9fcead4fd10f54b1d0711cb,2,1500403,1510693,frozen_original,1,mixed_near,8192,0.041358778135048235,0.0026943397868243167,0.051907030225435906,0.232090649939711,0.6260986328125,0.054963492086923214,0.16301763629515,0.1307604064070358,,0.044190060357147745,0.2102143200572876,0.3739013671875,0.012973565013113184,0.0002643787402042064,0.9979248046875,0.14487294096020542,0.0257976024214485,0.4879150390625,0.1473443479995994,0.026762221778624494,0.477294921875,8ed59c7f5a6c26455ebfbf948e81c20493c13510337701d57f4734219d03d0ef
F15-ND01 development diagnostic; original F15 result unchanged,v2/work_logs/F15_ND01_v1_run1/evaluation_attempt_1/soft_mask_2_evaluation.json,675cc724ffcf97bf83fab2dfc8f6daa918ea43e3c9fcead4fd10f54b1d0711cb,2,1500403,1510693,fractional_mask,1,mixed_far,8192,0.02930249636961625,0.0013820446433032297,0.03717586102974926,0.14740692635346087,1.0,0.0357433889740004,0.1690406398158507,0.1477739357419932,,0.03229004879684411,0.1796943204356891,0.0,0.012275126507300315,0.00024071118177096162,0.970947265625,0.1518409748648722,0.029602607735004158,0.7723388671875,0.1479879695798345,0.028307274533044866,0.779052734375,de9f512e936780b1d4ddadba9cf094a49e5d07a44206f2c0ea041f3a8e11d0a8
F15-ND01 development diagnostic; original F15 result unchanged,v2/work_logs/F15_ND01_v1_run1/evaluation_attempt_1/soft_mask_2_evaluation.json,675cc724ffcf97bf83fab2dfc8f6daa918ea43e3c9fcead4fd10f54b1d0711cb,2,1500403,1510693,rounded_top8,1,mixed_far,8192,0.03016361080209727,0.0016646082402425036,0.04079961078542911,0.18767961727553445,0.99951171875,0.04010775562877528,0.1690406398158507,0.14931083146642082,,0.03832216708888837,0.1957604839820549,0.00048828125,0.012275126507300315,0.00024071118177096162,0.970947265625,0.1518409748648722,0.029602607735004158,0.7723388671875,0.1479879695798345,0.028307274533044866,0.779052734375,01ff9d2bf8fbcfb056606f87c95e571b3a7bbee4fcbdbb36126afb690bd7d0ce
F15-ND01 development diagnostic; original F15 result unchanged,v2/work_logs/F15_ND01_v1_run1/evaluation_attempt_1/soft_mask_2_evaluation.json,675cc724ffcf97bf83fab2dfc8f6daa918ea43e3c9fcead4fd10f54b1d0711cb,2,1500403,1510693,binary_global,1,mixed_far,8192,0.02943180447527742,0.0014060473531816349,0.03749729794507379,0.14385965403882395,1.0,0.03632606902548435,0.1690406398158507,0.15192430885287275,,0.03265950986571023,0.1807194230449794,0.0,0.012275126507300315,0.00024071118177096162,0.970947265625,0.1518409748648722,0.029602607735004158,0.7723388671875,0.1479879695798345,0.028307274533044866,0.779052734375,433efa18b8f97c449507b345fa779f2191e6129f5540ae9fa2731571500c8b41
F15-ND01 development diagnostic; original F15 result unchanged,v2/work_logs/F15_ND01_v1_run1/evaluation_attempt_1/soft_mask_2_evaluation.json,675cc724ffcf97bf83fab2dfc8f6daa918ea43e3c9fcead4fd10f54b1d0711cb,2,1500403,1510693,frozen_original,1,mixed_far,8192,0.06373267389531254,0.005862405132100015,0.07656634464371416,0.25329995413974676,0.9952392578125,0.07355892930772619,0.1690406398158507,0.11232366697537192,,0.12700734289705562,0.3563808958082007,0.0047607421875,0.012275126507300315,0.00024071118177096162,0.970947265625,0.1518409748648722,0.029602607735004158,0.7723388671875,0.1479879695798345,0.028307274533044866,0.779052734375,80afebfa4d4337da6a8a6f05478a9dac08a6993b9f14f9b5dbf9f7fa8b0df5b7
F15-ND01 development diagnostic; original F15 result unchanged,v2/work_logs/F15_ND01_v1_run1/evaluation_attempt_1/soft_mask_2_evaluation.json,675cc724ffcf97bf83fab2dfc8f6daa918ea43e3c9fcead4fd10f54b1d0711cb,2,1500403,1510693,fractional_mask,1,preserve_other,8192,0.021206097039653517,0.0007868913515230865,0.028051583761404392,0.11923593904890384,0.9503173828125,0.029064812532107607,0.17109253118510054,0.154640549646836,,0.016492413476623318,0.12842279188922548,0.0496826171875,0.012811743457551181,0.00026776932223080335,0.971435546875,0.15079477363427485,0.029613819682165088,0.535888671875,0.013247249380269327,0.0002807378636652473,0.9693603515625,9a7097097b10c43771c7fcd8f0e3cb0e4996fc4b70434a8ad9c8f1f828f8025a
F15-ND01 development diagnostic; original F15 result unchanged,v2/work_logs/F15_ND01_v1_run1/evaluation_attempt_1/soft_mask_2_evaluation.json,675cc724ffcf97bf83fab2dfc8f6daa918ea43e3c9fcead4fd10f54b1d0711cb,2,1500403,1510693,rounded_top8,1,preserve_other,8192,0.024824950393090323,0.0010406905547672828,0.03225973581366225,0.1386406557489882,0.9410400390625,0.03328741388532216,0.17109253118510054,0.1583472430749696,,0.021230585119576345,0.14570718966329818,0.0589599609375,0.012811743457551181,0.00026776932223080335,0.971435546875,0.15079477363427485,0.029613819682165088,0.535888671875,0.013247249380269327,0.0002807378636652473,0.9693603515625,604b6a770cdcf5bdd2cfac690725fe78721d32b35275f204f1bf72d1f0f27b62
F15-ND01 development diagnostic; original F15 result unchanged,v2/work_logs/F15_ND01_v1_run1/evaluation_attempt_1/soft_mask_2_evaluation.json,675cc724ffcf97bf83fab2dfc8f6daa918ea43e3c9fcead4fd10f54b1d0711cb,2,1500403,1510693,binary_global,1,preserve_other,8192,0.023455408907054325,0.0009495995388593317,0.030815572992552512,0.12895215903360446,0.943359375,0.03112690607110834,0.17109253118510054,0.159869023186247,,0.01909969314141366,0.13820163943099104,0.056640625,0.012811743457551181,0.00026776932223080335,0.971435546875,0.15079477363427485,0.029613819682165088,0.535888671875,0.013247249380269327,0.0002807378636652473,0.9693603515625,0923336b8c9abbd2c3670e462207b0efa59de894f4a3982171e7a0dd7f1124f7
F15-ND01 development diagnostic; original F15 result unchanged,v2/work_logs/F15_ND01_v1_run1/evaluation_attempt_1/soft_mask_2_evaluation.json,675cc724ffcf97bf83fab2dfc8f6daa918ea43e3c9fcead4fd10f54b1d0711cb,2,1500403,1510693,frozen_original,1,preserve_other,8192,0.0532747509319037,0.004456419712579026,0.06675642075919758,0.25353242624431876,0.8531494140625,0.06716262827888972,0.17109253118510054,0.11559785092314946,,0.08521935044216761,0.2919235352659453,0.1468505859375,0.012811743457551181,0.00026776932223080335,0.971435546875,0.15079477363427485,0.029613819682165088,0.535888671875,0.013247249380269327,0.0002807378636652473,0.9693603515625,21a99c8a5f4b9cd08bc85dcd0e0a6a7e1f20352d809ef695b98a5b8fdb3df2b5
F15-ND01 development diagnostic; original F15 result unchanged,v2/work_logs/F15_ND01_v1_run1/evaluation_attempt_1/soft_mask_2_evaluation.json,675cc724ffcf97bf83fab2dfc8f6daa918ea43e3c9fcead4fd10f54b1d0711cb,2,1500403,1510693,fractional_mask,1,equal_target,8192,0.017915551093537967,0.000526126179515272,0.022937440561563795,0.09715854937127699,0.9542236328125,0.021227939236584812,1.7751803445521776e-17,0.021227939236584812,0.021227939236584812,0.009913062859167631,0.09956436540835095,0.0457763671875,0.0116857474477421,0.00022235254193761798,0.970458984375,0.0116857474477421,0.00022235254193761798,0.970458984375,0.14445704452164865,0.027523550906569896,0.55517578125,671e453bbd7d347caffb3fa6471d0a9376aa82dd9bc41bb5ba4da843a2b53351
F15-ND01 development diagnostic; original F15 result unchanged,v2/work_logs/F15_ND01_v1_run1/evaluation_attempt_1/soft_mask_2_evaluation.json,675cc724ffcf97bf83fab2dfc8f6daa918ea43e3c9fcead4fd10f54b1d0711cb,2,1500403,1510693,rounded_top8,1,equal_target,8192,0.020950895485054355,0.0007078647665450259,0.02660572807770962,0.09876925326389757,0.9443359375,0.02470355228169737,1.7751803445521776e-17,0.02470355228169737,0.02470355228169737,0.013324822720114333,0.11543319591917367,0.0556640625,0.0116857474477421,0.00022235254193761798,0.970458984375,0.0116857474477421,0.00022235254193761798,0.970458984375,0.14445704452164865,0.027523550906569896,0.55517578125,108fd9be46bad7e8fcb55dfd0740984d8beefc54df6984bd6dd0bf1de0f19aac
F15-ND01 development diagnostic; original F15 result unchanged,v2/work_logs/F15_ND01_v1_run1/evaluation_attempt_1/soft_mask_2_evaluation.json,675cc724ffcf97bf83fab2dfc8f6daa918ea43e3c9fcead4fd10f54b1d0711cb,2,1500403,1510693,binary_global,1,equal_target,8192,0.023691026064178295,0.0009385933523992885,0.03063647095210688,0.13058864758421307,0.938232421875,0.029094246009515386,1.7751803445521776e-17,0.029094246009515386,0.029094246009515386,0.017522017621646742,0.13237075818188374,0.061767578125,0.0116857474477421,0.00022235254193761798,0.970458984375,0.0116857474477421,0.00022235254193761798,0.970458984375,0.14445704452164865,0.027523550906569896,0.55517578125,7fd37e1c742c072c3616cf7b0d3da64c72f049e6b18fbcf9c4417f65b56a47be
F15-ND01 development diagnostic; original F15 result unchanged,v2/work_logs/F15_ND01_v1_run1/evaluation_attempt_1/soft_mask_2_evaluation.json,675cc724ffcf97bf83fab2dfc8f6daa918ea43e3c9fcead4fd10f54b1d0711cb,2,1500403,1510693,frozen_original,1,equal_target,8192,0.032691830075469455,0.0016317148156043335,0.040394489916377625,0.1575719228334166,0.9078369140625,0.03722409738370398,1.7751803445521776e-17,0.03722409738370398,0.03722409738370398,0.03030436625319942,0.17408149313812601,0.0921630859375,0.0116857474477421,0.00022235254193761798,0.970458984375,0.0116857474477421,0.00022235254193761798,0.970458984375,0.14445704452164865,0.027523550906569896,0.55517578125,17991db1fea8c3b74c2a98f60eaa1ba0cbac6a2f9c029554f22b47d891c8465b
F15-ND01 development diagnostic; original F15 result unchanged,v2/work_logs/F15_ND01_v1_run1/evaluation_attempt_1/soft_mask_2_evaluation.json,675cc724ffcf97bf83fab2dfc8f6daa918ea43e3c9fcead4fd10f54b1d0711cb,2,1500403,1510693,fractional_mask,1,scale_separating,8192,0.02437886218162871,0.0009939429759209318,0.03152686118091891,0.1635770308161809,0.9339599609375,0.03249446499805476,0.18479739205536055,0.1676876266712326,,0.018896166075309303,0.1374633262921762,0.0660400390625,0.013181104630499138,0.0002782564698973264,0.9705810546875,0.1629901917910768,0.03406172754699609,0.5296630859375,0.13941972241860667,0.027869210246732015,0.6226806640625,7cf7c5798547b11edb8facd8a6bdb3759c8c3edf9ff442cb31a39363ea1c3c80
F15-ND01 development diagnostic; original F15 result unchanged,v2/work_logs/F15_ND01_v1_run1/evaluation_attempt_1/soft_mask_2_evaluation.json,675cc724ffcf97bf83fab2dfc8f6daa918ea43e3c9fcead4fd10f54b1d0711cb,2,1500403,1510693,rounded_top8,1,scale_separating,8192,0.027829519880169552,0.0013473989386860075,0.03670693311468567,0.19625161672446134,0.9205322265625,0.03846918318161124,0.18479739205536055,0.1692308767694019,,0.025352137956875263,0.15922354711811712,0.0794677734375,0.013181104630499138,0.0002782564698973264,0.9705810546875,0.1629901917910768,0.03406172754699609,0.5296630859375,0.13941972241860667,0.027869210246732015,0.6226806640625,c17ef5820a674987c0f7d50fe04139aeaa512bd2674c2f926868ff2ceee59202
F15-ND01 development diagnostic; original F15 result unchanged,v2/work_logs/F15_ND01_v1_run1/evaluation_attempt_1/soft_mask_2_evaluation.json,675cc724ffcf97bf83fab2dfc8f6daa918ea43e3c9fcead4fd10f54b1d0711cb,2,1500403,1510693,binary_global,1,scale_separating,8192,0.026982568718031476,0.0012357322736170262,0.03515298385083443,0.15892236989736774,0.92626953125,0.035592662353449496,0.18479739205536055,0.17345019621934252,,0.023166312378730673,0.15220483690977324,0.07373046875,0.013181104630499138,0.0002782564698973264,0.9705810546875,0.1629901917910768,0.03406172754699609,0.5296630859375,0.13941972241860667,0.027869210246732015,0.6226806640625,c23ea03ec106c9ce6813a3e82feb1f7de483c6fa8e3f2272784f9bdf7a26c68d
F15-ND01 development diagnostic; original F15 result unchanged,v2/work_logs/F15_ND01_v1_run1/evaluation_attempt_1/soft_mask_2_evaluation.json,675cc724ffcf97bf83fab2dfc8f6daa918ea43e3c9fcead4fd10f54b1d0711cb,2,1500403,1510693,frozen_original,1,scale_separating,8192,0.05878787187152429,0.005074488386114752,0.07123544332784595,0.23683814085362936,0.822265625,0.0715613120227741,0.18479739205536055,0.1304202016996575,,0.09248068779682356,0.30410637579114247,0.177734375,0.013181104630499138,0.0002782564698973264,0.9705810546875,0.1629901917910768,0.03406172754699609,0.5296630859375,0.13941972241860667,0.027869210246732015,0.6226806640625,780706194be610c56183c8628206c949c101aa52ec4db09ec3fccc906edeb454
F15-ND01 development diagnostic; original F15 result unchanged,v2/work_logs/F15_ND01_v1_run1/evaluation_attempt_1/soft_mask_3_evaluation.json,aa33c33ade37956ae20e85a16efacec88447d93aa15a64a3851d6cae63024052,3,1500404,1510694,fractional_mask,0,mixed_near,8192,0.02958818484692828,0.0013587218584679543,0.036860844516477836,0.15041651096780756,0.66845703125,0.040688991280803596,0.16421298745975088,0.13433146236686197,,0.022033333202458632,0.1484362934139041,0.33154296875,0.016233116092853002,0.0004175178754422046,0.9969482421875,0.14422842083839085,0.02564159651962148,0.475830078125,0.14377794111145858,0.025603356271096084,0.4854736328125,76c6ece10b1394fbf3cbc17b1b955476c69d3bf11f2519112f43fdd6bc477f5e
F15-ND01 development diagnostic; original F15 result unchanged,v2/work_logs/F15_ND01_v1_run1/evaluation_attempt_1/soft_mask_3_evaluation.json,aa33c33ade37956ae20e85a16efacec88447d93aa15a64a3851d6cae63024052,3,1500404,1510694,rounded_top8,0,mixed_near,8192,0.042157281180541864,0.002587849987259106,0.05087091494419091,0.17785171359629748,0.6123046875,0.05405804720905086,0.16421298745975088,0.11824320651902775,,0.042260398315353116,0.2055733404781688,0.3876953125,0.016233116092853002,0.0004175178754422046,0.9969482421875,0.14422842083839085,0.02564159651962148,0.475830078125,0.14377794111145858,0.025603356271096084,0.4854736328125,e2282864ecb19a33277f9cabd6f4876a5779bbdbdf4a4d6a56098fc225c08991
F15-ND01 development diagnostic; original F15 result unchanged,v2/work_logs/F15_ND01_v1_run1/evaluation_attempt_1/soft_mask_3_evaluation.json,aa33c33ade37956ae20e85a16efacec88447d93aa15a64a3851d6cae63024052,3,1500404,1510694,binary_global,0,mixed_near,8192,0.042157281180541864,0.002587849987259106,0.05087091494419091,0.17785171359629748,0.6123046875,0.05405804720905086,0.16421298745975088,0.11824320651902775,,0.042260398315353116,0.2055733404781688,0.3876953125,0.016233116092853002,0.0004175178754422046,0.9969482421875,0.14422842083839085,0.02564159651962148,0.475830078125,0.14377794111145858,0.025603356271096084,0.4854736328125,e2282864ecb19a33277f9cabd6f4876a5779bbdbdf4a4d6a56098fc225c08991
F15-ND01 development diagnostic; original F15 result unchanged,v2/work_logs/F15_ND01_v1_run1/evaluation_attempt_1/soft_mask_3_evaluation.json,aa33c33ade37956ae20e85a16efacec88447d93aa15a64a3851d6cae63024052,3,1500404,1510694,frozen_original,0,mixed_near,8192,0.055031489875161405,0.004375881961717367,0.0661504494445606,0.2112043142692342,0.5830078125,0.06984883335037066,0.16421298745975088,0.10803070096149898,,0.07224703145214417,0.2687880790737271,0.4169921875,0.016233116092853002,0.0004175178754422046,0.9969482421875,0.14422842083839085,0.02564159651962148,0.475830078125,0.14377794111145858,0.025603356271096084,0.4854736328125,2b32c158beeda5db4940b4fd6a08edebf0ef235a8d08d80fe6f0945d9defeea5
F15-ND01 development diagnostic; original F15 result unchanged,v2/work_logs/F15_ND01_v1_run1/evaluation_attempt_1/soft_mask_3_evaluation.json,aa33c33ade37956ae20e85a16efacec88447d93aa15a64a3851d6cae63024052,3,1500404,1510694,fractional_mask,0,mixed_far,8192,0.04269242450963501,0.0025959414888615624,0.05095038261742067,0.16162720222518945,1.0,0.04792527354640759,0.1683553377550687,0.12998994271061806,,0.05893097018126833,0.24275701880948433,0.0,0.016400169160967853,0.0004165826977952763,0.9610595703125,0.1507911522619545,0.02912688449567992,0.7698974609375,0.14894699815130172,0.028796530494242304,0.7767333984375,b815b7cffc87b345b14f6a709311e07a37d513a17af9212035da08699e7326a0
F15-ND01 development diagnostic; original F15 result unchanged,v2/work_logs/F15_ND01_v1_run1/evaluation_attempt_1/soft_mask_3_evaluation.json,aa33c33ade37956ae20e85a16efacec88447d93aa15a64a3851d6cae63024052,3,1500404,1510694,rounded_top8,0,mixed_far,8192,0.042140647644556634,0.0025708193291351772,0.05070324771782551,0.19528280500203982,0.9991455078125,0.04863584475421234,0.1683553377550687,0.12767117486795518,,0.057526397286879305,0.23984661199791693,0.0008544921875,0.016400169160967853,0.0004165826977952763,0.9610595703125,0.1507911522619545,0.02912688449567992,0.7698974609375,0.14894699815130172,0.028796530494242304,0.7767333984375,bddca9f8cf60c0bed8d36dac4fa4acac65da8c24be46ec2cdbd01b29469bbe2e
F15-ND01 development diagnostic; original F15 result unchanged,v2/work_logs/F15_ND01_v1_run1/evaluation_attempt_1/soft_mask_3_evaluation.json,aa33c33ade37956ae20e85a16efacec88447d93aa15a64a3851d6cae63024052,3,1500404,1510694,binary_global,0,mixed_far,8192,0.042140647644556634,0.0025708193291351772,0.05070324771782551,0.19528280500203982,0.9991455078125,0.04863584475421234,0.1683553377550687,0.12767117486795518,,0.057526397286879305,0.23984661199791693,0.0008544921875,0.016400169160967853,0.0004165826977952763,0.9610595703125,0.1507911522619545,0.02912688449567992,0.7698974609375,0.14894699815130172,0.028796530494242304,0.7767333984375,bddca9f8cf60c0bed8d36dac4fa4acac65da8c24be46ec2cdbd01b29469bbe2e
F15-ND01 development diagnostic; original F15 result unchanged,v2/work_logs/F15_ND01_v1_run1/evaluation_attempt_1/soft_mask_3_evaluation.json,aa33c33ade37956ae20e85a16efacec88447d93aa15a64a3851d6cae63024052,3,1500404,1510694,frozen_original,0,mixed_far,8192,0.05291217375136005,0.00406679367577077,0.06377141738875473,0.2338116686920772,0.9969482421875,0.06251484377202227,0.1683553377550687,0.11768944031680251,,0.08907789716870865,0.2984592052001557,0.0030517578125,0.016400169160967853,0.0004165826977952763,0.9610595703125,0.1507911522619545,0.02912688449567992,0.7698974609375,0.14894699815130172,0.028796530494242304,0.7767333984375,1a35edb81e89976b55fd25400141b7a787b4d746ab070846105efe062a8ac0f0
F15-ND01 development diagnostic; original F15 result unchanged,v2/work_logs/F15_ND01_v1_run1/evaluation_attempt_1/soft_mask_3_evaluation.json,aa33c33ade37956ae20e85a16efacec88447d93aa15a64a3851d6cae63024052,3,1500404,1510694,fractional_mask,0,preserve_other,8192,0.03522578110726354,0.0019273250371335854,0.04390131019837091,0.18592063029659145,0.906982421875,0.045319263907847906,0.16789581766364658,0.1308315022894747,,0.036759567505718745,0.19172784749670232,0.093017578125,0.01656282728137523,0.0004330271670804061,0.959716796875,0.14378141308739636,0.0273257690999317,0.5565185546875,0.017218909353774077,0.0004737774910551052,0.95751953125,9c9944cbdf3d3fc88a527c0f740ac0521a48ad8919ca6e3012851be7e69d394a
F15-ND01 development diagnostic; original F15 result unchanged,v2/work_logs/F15_ND01_v1_run1/evaluation_attempt_1/soft_mask_3_evaluation.json,aa33c33ade37956ae20e85a16efacec88447d93aa15a64a3851d6cae63024052,3,1500404,1510694,rounded_top8,0,preserve_other,8192,0.039394203316925745,0.0024076378824577135,0.049067686744513575,0.19762638846763408,0.8892822265625,0.04933799729078347,0.16789581766364658,0.12854753764521692,,0.0453019752023579,0.2128426066424622,0.1107177734375,0.01656282728137523,0.0004330271670804061,0.959716796875,0.14378141308739636,0.0273257690999317,0.5565185546875,0.017218909353774077,0.0004737774910551052,0.95751953125,b887dcccfe8a1820bfcc6916cddd5d41df2c3c10d2b73ab5734d186d6f3fb0f9
F15-ND01 development diagnostic; original F15 result unchanged,v2/work_logs/F15_ND01_v1_run1/evaluation_attempt_1/soft_mask_3_evaluation.json,aa33c33ade37956ae20e85a16efacec88447d93aa15a64a3851d6cae63024052,3,1500404,1510694,binary_global,0,preserve_other,8192,0.039394203316925745,0.0024076378824577135,0.049067686744513575,0.19762638846763408,0.8892822265625,0.04933799729078347,0.16789581766364658,0.12854753764521692,,0.0453019752023579,0.2128426066424622,0.1107177734375,0.01656282728137523,0.0004330271670804061,0.959716796875,0.14378141308739636,0.0273257690999317,0.5565185546875,0.017218909353774077,0.0004737774910551052,0.95751953125,b887dcccfe8a1820bfcc6916cddd5d41df2c3c10d2b73ab5734d186d6f3fb0f9
F15-ND01 development diagnostic; original F15 result unchanged,v2/work_logs/F15_ND01_v1_run1/evaluation_attempt_1/soft_mask_3_evaluation.json,aa33c33ade37956ae20e85a16efacec88447d93aa15a64a3851d6cae63024052,3,1500404,1510694,frozen_original,0,preserve_other,8192,0.052132117322979725,0.004112588236321868,0.0641294646502048,0.25640712672823995,0.846923828125,0.06613643612248375,0.16789581766364658,0.11513273386215493,,0.07660163001300309,0.2767699947844836,0.153076171875,0.01656282728137523,0.0004330271670804061,0.959716796875,0.14378141308739636,0.0273257690999317,0.5565185546875,0.017218909353774077,0.0004737774910551052,0.95751953125,4f576b1ecb448cf8bdf56bcc9081c9742cba4b25cbb0e6f9df1d4fc9c2f83a25
F15-ND01 development diagnostic; original F15 result unchanged,v2/work_logs/F15_ND01_v1_run1/evaluation_attempt_1/soft_mask_3_evaluation.json,aa33c33ade37956ae20e85a16efacec88447d93aa15a64a3851d6cae63024052,3,1500404,1510694,fractional_mask,0,equal_target,8192,0.02589462365034214,0.0010195256277798425,0.03193001139648783,0.10577928845281515,0.9368896484375,0.02829463820139159,1.771999015213184e-17,0.02829463820139159,0.02829463820139159,0.019443669029615876,0.13944055733399763,0.0631103515625,0.016470882319356464,0.0004241751923064615,0.96044921875,0.016470882319356464,0.0004241751923064615,0.96044921875,0.14606776799112145,0.02799267675531259,0.545166015625,7cd85a435eaa96d63c74faa8a08d4a1a1fae4117148dbddf6510e8e9235db914
F15-ND01 development diagnostic; original F15 result unchanged,v2/work_logs/F15_ND01_v1_run1/evaluation_attempt_1/soft_mask_3_evaluation.json,aa33c33ade37956ae20e85a16efacec88447d93aa15a64a3851d6cae63024052,3,1500404,1510694,rounded_top8,0,equal_target,8192,0.023206958380030125,0.0008446878882907738,0.029063514727072737,0.1018191911955969,0.9423828125,0.025697986804023645,1.771999015213184e-17,0.025697986804023645,0.025697986804023645,0.01584375908696245,0.1258719948477915,0.0576171875,0.016470882319356464,0.0004241751923064615,0.96044921875,0.016470882319356464,0.0004241751923064615,0.96044921875,0.14606776799112145,0.02799267675531259,0.545166015625,6f4f768f4f453b18427a9cbed53d767cd1273226d2bd44f474e175fb7f9ce322
F15-ND01 development diagnostic; original F15 result unchanged,v2/work_logs/F15_ND01_v1_run1/evaluation_attempt_1/soft_mask_3_evaluation.json,aa33c33ade37956ae20e85a16efacec88447d93aa15a64a3851d6cae63024052,3,1500404,1510694,binary_global,0,equal_target,8192,0.023206958380030125,0.0008446878882907738,0.029063514727072737,0.1018191911955969,0.9423828125,0.025697986804023645,1.771999015213184e-17,0.025697986804023645,0.025697986804023645,0.01584375908696245,0.1258719948477915,0.0576171875,0.016470882319356464,0.0004241751923064615,0.96044921875,0.016470882319356464,0.0004241751923064615,0.96044921875,0.14606776799112145,0.02799267675531259,0.545166015625,6f4f768f4f453b18427a9cbed53d767cd1273226d2bd44f474e175fb7f9ce322
F15-ND01 development diagnostic; original F15 result unchanged,v2/work_logs/F15_ND01_v1_run1/evaluation_attempt_1/soft_mask_3_evaluation.json,aa33c33ade37956ae20e85a16efacec88447d93aa15a64a3851d6cae63024052,3,1500404,1510694,frozen_original,0,equal_target,8192,0.025357888835327243,0.0010196498785782042,0.0319319570114048,0.12624756928528963,0.9349365234375,0.0322682086026306,1.771999015213184e-17,0.0322682086026306,0.0322682086026306,0.019236332192770125,0.13869510515072306,0.0650634765625,0.016470882319356464,0.0004241751923064615,0.96044921875,0.016470882319356464,0.0004241751923064615,0.96044921875,0.14606776799112145,0.02799267675531259,0.545166015625,7df27bb28d7c8d6e5582d59b070d90c75cb8db7d87944e7e630cd92febf54373
F15-ND01 development diagnostic; original F15 result unchanged,v2/work_logs/F15_ND01_v1_run1/evaluation_attempt_1/soft_mask_3_evaluation.json,aa33c33ade37956ae20e85a16efacec88447d93aa15a64a3851d6cae63024052,3,1500404,1510694,fractional_mask,0,scale_separating,8192,0.03841622984639283,0.002230239029971072,0.04722540661520101,0.17860542126350598,0.904052734375,0.04976320845711849,0.1863362617535183,0.14797973091201427,,0.041497284918679204,0.20370882386062517,0.095947265625,0.01684122277048776,0.000440697067397664,0.96435546875,0.15953952963935175,0.03288361449831636,0.5328369140625,0.13857848614030774,0.027347560479848772,0.6104736328125,b3271a2afbc9d617746c144bbee84786fab366bce7f8690b054c4f02ba439160
F15-ND01 development diagnostic; original F15 result unchanged,v2/work_logs/F15_ND01_v1_run1/evaluation_attempt_1/soft_mask_3_evaluation.json,aa33c33ade37956ae20e85a16efacec88447d93aa15a64a3851d6cae63024052,3,1500404,1510694,rounded_top8,0,scale_separating,8192,0.04275443810097232,0.0026806437285684563,0.051774933399942255,0.18059303474989707,0.8857421875,0.055008887448859976,0.1863362617535183,0.1413602292380304,,0.049091661692275815,0.2215663821347359,0.1142578125,0.01684122277048776,0.000440697067397664,0.96435546875,0.15953952963935175,0.03288361449831636,0.5328369140625,0.13857848614030774,0.027347560479848772,0.6104736328125,53418957c01128e08e9cc5fbecbe215b6412d82ebbf57dcc9da692ab3024a9f3
F15-ND01 development diagnostic; original F15 result unchanged,v2/work_logs/F15_ND01_v1_run1/evaluation_attempt_1/soft_mask_3_evaluation.json,aa33c33ade37956ae20e85a16efacec88447d93aa15a64a3851d6cae63024052,3,1500404,1510694,binary_global,0,scale_separating,8192,0.04275443810097232,0.0026806437285684563,0.051774933399942255,0.18059303474989707,0.8857421875,0.055008887448859976,0.1863362617535183,0.1413602292380304,,0.049091661692275815,0.2215663821347359,0.1142578125,0.01684122277048776,0.000440697067397664,0.96435546875,0.15953952963935175,0.03288361449831636,0.5328369140625,0.13857848614030774,0.027347560479848772,0.6104736328125,53418957c01128e08e9cc5fbecbe215b6412d82ebbf57dcc9da692ab3024a9f3
F15-ND01 development diagnostic; original F15 result unchanged,v2/work_logs/F15_ND01_v1_run1/evaluation_attempt_1/soft_mask_3_evaluation.json,aa33c33ade37956ae20e85a16efacec88447d93aa15a64a3851d6cae63024052,3,1500404,1510694,frozen_original,0,scale_separating,8192,0.056946446078725864,0.004698208750713162,0.06854348073094306,0.23768058123128266,0.8377685546875,0.07317929821328266,0.1863362617535183,0.12457736010563568,,0.08539578508676361,0.2922255722669794,0.1622314453125,0.01684122277048776,0.000440697067397664,0.96435546875,0.15953952963935175,0.03288361449831636,0.5328369140625,0.13857848614030774,0.027347560479848772,0.6104736328125,089ebfe1ac2f6eb1c9bc263e72d8bc67a2015f6f071baf47565387de1f0ae08c
F15-ND01 development diagnostic; original F15 result unchanged,v2/work_logs/F15_ND01_v1_run1/evaluation_attempt_1/soft_mask_3_evaluation.json,aa33c33ade37956ae20e85a16efacec88447d93aa15a64a3851d6cae63024052,3,1500404,1510694,fractional_mask,1,mixed_near,8192,0.026034582110824635,0.0010204823265664517,0.03194498906818488,0.11977405490892629,0.6961669921875,0.035365755680620746,0.16242991047047156,0.16501114535167125,,0.016498513803568447,0.1284465406446139,0.3038330078125,0.01645320247032152,0.00042060948634199414,0.997802734375,0.1428580832325109,0.025336589008257478,0.475341796875,0.14316916727356513,0.025374539817305822,0.4822998046875,60978b8038af4818f8fa81894eb92f41523148ffeb4aed5cb8dfab4ee7cc960e
F15-ND01 development diagnostic; original F15 result unchanged,v2/work_logs/F15_ND01_v1_run1/evaluation_attempt_1/soft_mask_3_evaluation.json,aa33c33ade37956ae20e85a16efacec88447d93aa15a64a3851d6cae63024052,3,1500404,1510694,rounded_top8,1,mixed_near,8192,0.031777910031099886,0.0014793020501179988,0.03846169588198106,0.12816206398629448,0.6624755859375,0.04088576988204477,0.16242991047047156,0.17809260409560307,,0.02398602025024098,0.1548742078276463,0.3375244140625,0.01645320247032152,0.00042060948634199414,0.997802734375,0.1428580832325109,0.025336589008257478,0.475341796875,0.14316916727356513,0.025374539817305822,0.4822998046875,ac060d26868bc9ed11daef76d4b02ea6aef9158de88509be40fca34de9a273b4
F15-ND01 development diagnostic; original F15 result unchanged,v2/work_logs/F15_ND01_v1_run1/evaluation_attempt_1/soft_mask_3_evaluation.json,aa33c33ade37956ae20e85a16efacec88447d93aa15a64a3851d6cae63024052,3,1500404,1510694,binary_global,1,mixed_near,8192,0.031777910031099886,0.0014793020501179988,0.03846169588198106,0.12816206398629448,0.6624755859375,0.04088576988204477,0.16242991047047156,0.17809260409560307,,0.02398602025024098,0.1548742078276463,0.3375244140625,0.01645320247032152,0.00042060948634199414,0.997802734375,0.1428580832325109,0.025336589008257478,0.475341796875,0.14316916727356513,0.025374539817305822,0.4822998046875,ac060d26868bc9ed11daef76d4b02ea6aef9158de88509be40fca34de9a273b4
F15-ND01 development diagnostic; original F15 result unchanged,v2/work_logs/F15_ND01_v1_run1/evaluation_attempt_1/soft_mask_3_evaluation.json,aa33c33ade37956ae20e85a16efacec88447d93aa15a64a3851d6cae63024052,3,1500404,1510694,frozen_original,1,mixed_near,8192,0.033613812417044316,0.001631921372989707,0.04039704658746363,0.1319026487517334,0.6490478515625,0.042388370521331965,0.16242991047047156,0.1785504366317397,,0.026472075531942182,0.16270241403231295,0.3509521484375,0.01645320247032152,0.00042060948634199414,0.997802734375,0.1428580832325109,0.025336589008257478,0.475341796875,0.14316916727356513,0.025374539817305822,0.4822998046875,907d81e86b1426bb1abdbb8d70144e746ec47da5202cc13d7d27863cd413b63a
F15-ND01 development diagnostic; original F15 result unchanged,v2/work_logs/F15_ND01_v1_run1/evaluation_attempt_1/soft_mask_3_evaluation.json,aa33c33ade37956ae20e85a16efacec88447d93aa15a64a3851d6cae63024052,3,1500404,1510694,fractional_mask,1,mixed_far,8192,0.03981072714152453,0.0022204051171838667,0.04712117482813716,0.14598535331106544,1.0,0.04418282702484488,0.16865640138955607,0.14718462326201762,,0.05089764016081964,0.2256050534913162,0.0,0.016685494684654967,0.0004371206047027829,0.962646484375,0.14836189350312856,0.028348562598707928,0.785400390625,0.14992815316129587,0.02903779042352292,0.779296875,ba964d9014b90a5d1c484efc15681ae29969df7ced6a945986eb31387fa54802
F15-ND01 development diagnostic; original F15 result unchanged,v2/work_logs/F15_ND01_v1_run1/evaluation_attempt_1/soft_mask_3_evaluation.json,aa33c33ade37956ae20e85a16efacec88447d93aa15a64a3851d6cae63024052,3,1500404,1510694,rounded_top8,1,mixed_far,8192,0.03872558093052833,0.0021847833908160003,0.04674166653871041,0.15789995458821904,1.0,0.04335250183822018,0.16865640138955607,0.1563544582081078,,0.049556083600024524,0.2226119574506826,0.0,0.016685494684654967,0.0004371206047027829,0.962646484375,0.14836189350312856,0.028348562598707928,0.785400390625,0.14992815316129587,0.02903779042352292,0.779296875,83e84330e0a762b5133e677a03901c75d7452e84a6d9ea1a87f335e51bdc5757
F15-ND01 development diagnostic; original F15 result unchanged,v2/work_logs/F15_ND01_v1_run1/evaluation_attempt_1/soft_mask_3_evaluation.json,aa33c33ade37956ae20e85a16efacec88447d93aa15a64a3851d6cae63024052,3,1500404,1510694,binary_global,1,mixed_far,8192,0.03872558093052833,0.0021847833908160003,0.04674166653871041,0.15789995458821904,1.0,0.04335250183822018,0.16865640138955607,0.1563544582081078,,0.049556083600024524,0.2226119574506826,0.0,0.016685494684654967,0.0004371206047027829,0.962646484375,0.14836189350312856,0.028348562598707928,0.785400390625,0.14992815316129587,0.02903779042352292,0.779296875,83e84330e0a762b5133e677a03901c75d7452e84a6d9ea1a87f335e51bdc5757
F15-ND01 development diagnostic; original F15 result unchanged,v2/work_logs/F15_ND01_v1_run1/evaluation_attempt_1/soft_mask_3_evaluation.json,aa33c33ade37956ae20e85a16efacec88447d93aa15a64a3851d6cae63024052,3,1500404,1510694,frozen_original,1,mixed_far,8192,0.04210772049723244,0.002538459667984946,0.05038312880305218,0.1724733181415518,1.0,0.04681733314318655,0.16865640138955607,0.15482789589430196,,0.057265988783144886,0.2393031315782242,0.0,0.016685494684654967,0.0004371206047027829,0.962646484375,0.14836189350312856,0.028348562598707928,0.785400390625,0.14992815316129587,0.02903779042352292,0.779296875,06d7d5ae0ee57ff8bfbc36109bdd2045769a13a2d714978e13b5f890383988f9
F15-ND01 development diagnostic; original F15 result unchanged,v2/work_logs/F15_ND01_v1_run1/evaluation_attempt_1/soft_mask_3_evaluation.json,aa33c33ade37956ae20e85a16efacec88447d93aa15a64a3851d6cae63024052,3,1500404,1510694,fractional_mask,1,preserve_other,8192,0.025355814058512574,0.0009862010181280255,0.0314038376337674,0.10645905896417795,0.9373779296875,0.03605641821826856,0.16941657395751125,0.14611444583535663,,0.0188783147994214,0.13739837990100684,0.0626220703125,0.016206382678652168,0.0004102185252347579,0.9581298828125,0.1444201767709383,0.02751181448052705,0.556640625,0.016744088607173708,0.0004311187058250794,0.9586181640625,813c8e8cc0955cb49ae14688884a59936bd5fc853f22c9fd62ffdc32a2dedbaf
F15-ND01 development diagnostic; original F15 result unchanged,v2/work_logs/F15_ND01_v1_run1/evaluation_attempt_1/soft_mask_3_evaluation.json,aa33c33ade37956ae20e85a16efacec88447d93aa15a64a3851d6cae63024052,3,1500404,1510694,rounded_top8,1,preserve_other,8192,0.022476822363309786,0.0007864635181269483,0.0280439568914044,0.1019216532646327,0.9462890625,0.0326357628774224,0.16941657395751125,0.15553882159954302,,0.014966234247574196,0.1223365613689309,0.0537109375,0.016206382678652168,0.0004102185252347579,0.9581298828125,0.1444201767709383,0.02751181448052705,0.556640625,0.016744088607173708,0.0004311187058250794,0.9586181640625,4806e0c7551ceced090e165ae45e94969fd8e69956df204dcbdf647dbc43b9da
F15-ND01 development diagnostic; original F15 result unchanged,v2/work_logs/F15_ND01_v1_run1/evaluation_attempt_1/soft_mask_3_evaluation.json,aa33c33ade37956ae20e85a16efacec88447d93aa15a64a3851d6cae63024052,3,1500404,1510694,binary_global,1,preserve_other,8192,0.022476822363309786,0.0007864635181269483,0.0280439568914044,0.1019216532646327,0.9462890625,0.0326357628774224,0.16941657395751125,0.15553882159954302,,0.014966234247574196,0.1223365613689309,0.0537109375,0.016206382678652168,0.0004102185252347579,0.9581298828125,0.1444201767709383,0.02751181448052705,0.556640625,0.016744088607173708,0.0004311187058250794,0.9586181640625,4806e0c7551ceced090e165ae45e94969fd8e69956df204dcbdf647dbc43b9da
F15-ND01 development diagnostic; original F15 result unchanged,v2/work_logs/F15_ND01_v1_run1/evaluation_attempt_1/soft_mask_3_evaluation.json,aa33c33ade37956ae20e85a16efacec88447d93aa15a64a3851d6cae63024052,3,1500404,1510694,frozen_original,1,preserve_other,8192,0.02128048671758058,0.0007050854293219795,0.026553444773173583,0.09298108592120885,0.9505615234375,0.03092435818284254,0.16941657395751125,0.15419972491694395,,0.013465872710344811,0.11604254698318549,0.0494384765625,0.016206382678652168,0.0004102185252347579,0.9581298828125,0.1444201767709383,0.02751181448052705,0.556640625,0.016744088607173708,0.0004311187058250794,0.9586181640625,0dd4390cc7164389111b60e1018233c96298881e19b4c2189bbac4dae94317cf
F15-ND01 development diagnostic; original F15 result unchanged,v2/work_logs/F15_ND01_v1_run1/evaluation_attempt_1/soft_mask_3_evaluation.json,aa33c33ade37956ae20e85a16efacec88447d93aa15a64a3851d6cae63024052,3,1500404,1510694,fractional_mask,1,equal_target,8192,0.03048397454660711,0.0014461533473445205,0.038028322962556746,0.13872206452050395,0.923583984375,0.0355652588913456,1.665300655275179e-17,0.0355652588913456,0.0355652588913456,0.027775448128382625,0.16665967757193886,0.076416015625,0.016593199283359353,0.0004336511402146565,0.96142578125,0.016593199283359353,0.0004336511402146565,0.96142578125,0.14601515707360196,0.028092456315721458,0.549072265625,549e16526f34c3dcc27299dae62c22b8668fa2cd0e584e32df6c05b4e32fda79
F15-ND01 development diagnostic; original F15 result unchanged,v2/work_logs/F15_ND01_v1_run1/evaluation_attempt_1/soft_mask_3_evaluation.json,aa33c33ade37956ae20e85a16efacec88447d93aa15a64a3851d6cae63024052,3,1500404,1510694,rounded_top8,1,equal_target,8192,0.03324017760626981,0.0017132473201669487,0.04139139186071119,0.14677983704959852,0.912841796875,0.03945957510590705,1.665300655275179e-17,0.03945957510590705,0.03945957510590705,0.032640328817640306,0.18066634666600281,0.087158203125,0.016593199283359353,0.0004336511402146565,0.96142578125,0.016593199283359353,0.0004336511402146565,0.96142578125,0.14601515707360196,0.028092456315721458,0.549072265625,976a0ec5dd1cf43b1e181aca853ccd2fc67a88f68479f2ab868a4a239dd840c6
F15-ND01 development diagnostic; original F15 result unchanged,v2/work_logs/F15_ND01_v1_run1/evaluation_attempt_1/soft_mask_3_evaluation.json,aa33c33ade37956ae20e85a16efacec88447d93aa15a64a3851d6cae63024052,3,1500404,1510694,binary_global,1,equal_target,8192,0.03324017760626981,0.0017132473201669487,0.04139139186071119,0.14677983704959852,0.912841796875,0.03945957510590705,1.665300655275179e-17,0.03945957510590705,0.03945957510590705,0.032640328817640306,0.18066634666600281,0.087158203125,0.016593199283359353,0.0004336511402146565,0.96142578125,0.016593199283359353,0.0004336511402146565,0.96142578125,0.14601515707360196,0.028092456315721458,0.549072265625,976a0ec5dd1cf43b1e181aca853ccd2fc67a88f68479f2ab868a4a239dd840c6
F15-ND01 development diagnostic; original F15 result unchanged,v2/work_logs/F15_ND01_v1_run1/evaluation_attempt_1/soft_mask_3_evaluation.json,aa33c33ade37956ae20e85a16efacec88447d93aa15a64a3851d6cae63024052,3,1500404,1510694,frozen_original,1,equal_target,8192,0.036935976376617705,0.0020661961939154026,0.04545543085171894,0.17352549803903672,0.9034423828125,0.042895704941689504,1.665300655275179e-17,0.042895704941689504,0.042895704941689504,0.03937363486842061,0.19842790849177594,0.0965576171875,0.016593199283359353,0.0004336511402146565,0.96142578125,0.016593199283359353,0.0004336511402146565,0.96142578125,0.14601515707360196,0.028092456315721458,0.549072265625,fd3c8442ebd0ff9a4f95802758f4f2ab6271b351b94c84147c044de9da2d11ce
F15-ND01 development diagnostic; original F15 result unchanged,v2/work_logs/F15_ND01_v1_run1/evaluation_attempt_1/soft_mask_3_evaluation.json,aa33c33ade37956ae20e85a16efacec88447d93aa15a64a3851d6cae63024052,3,1500404,1510694,fractional_mask,1,scale_separating,8192,0.03298748732675956,0.0016470980340339476,0.04058445557148633,0.13474525265971377,0.912109375,0.04215828918886858,0.18973299950745906,0.17115119576048718,,0.030887296669156274,0.1757478212358727,0.087890625,0.01681829627584523,0.0004396130038624833,0.9652099609375,0.16263970446919065,0.03396930026419821,0.5224609375,0.13622945456642588,0.02664849177073302,0.617431640625,720957596fcf0e83ad4d9229f36c4451eeedda7b251ad2068c365f314c4df974
F15-ND01 development diagnostic; original F15 result unchanged,v2/work_logs/F15_ND01_v1_run1/evaluation_attempt_1/soft_mask_3_evaluation.json,aa33c33ade37956ae20e85a16efacec88447d93aa15a64a3851d6cae63024052,3,1500404,1510694,rounded_top8,1,scale_separating,8192,0.03356587978056548,0.001705383433670959,0.04129628837645048,0.1365892001323586,0.9071044921875,0.0414296126988302,0.18973299950745906,0.18277590473792676,,0.031590596107100896,0.1777374358628505,0.0928955078125,0.01681829627584523,0.0004396130038624833,0.9652099609375,0.16263970446919065,0.03396930026419821,0.5224609375,0.13622945456642588,0.02664849177073302,0.617431640625,fb0178c28fdccae5fe4c60793adf7f97d228835fff059965e3498f0f632bbf0d
F15-ND01 development diagnostic; original F15 result unchanged,v2/work_logs/F15_ND01_v1_run1/evaluation_attempt_1/soft_mask_3_evaluation.json,aa33c33ade37956ae20e85a16efacec88447d93aa15a64a3851d6cae63024052,3,1500404,1510694,binary_global,1,scale_separating,8192,0.03356587978056548,0.001705383433670959,0.04129628837645048,0.1365892001323586,0.9071044921875,0.0414296126988302,0.18973299950745906,0.18277590473792676,,0.031590596107100896,0.1777374358628505,0.0928955078125,0.01681829627584523,0.0004396130038624833,0.9652099609375,0.16263970446919065,0.03396930026419821,0.5224609375,0.13622945456642588,0.02664849177073302,0.617431640625,fb0178c28fdccae5fe4c60793adf7f97d228835fff059965e3498f0f632bbf0d
F15-ND01 development diagnostic; original F15 result unchanged,v2/work_logs/F15_ND01_v1_run1/evaluation_attempt_1/soft_mask_3_evaluation.json,aa33c33ade37956ae20e85a16efacec88447d93aa15a64a3851d6cae63024052,3,1500404,1510694,frozen_original,1,scale_separating,8192,0.03660986884923457,0.0019906835016838317,0.04461707634621336,0.16569652568297727,0.8973388671875,0.04402391880544245,0.18973299950745906,0.18309071844823033,,0.03681082642310754,0.19186147717326565,0.1026611328125,0.01681829627584523,0.0004396130038624833,0.9652099609375,0.16263970446919065,0.03396930026419821,0.5224609375,0.13622945456642588,0.02664849177073302,0.617431640625,fba6dffaae1627dbd73bf06b4ad21ffd6bed6269da5788799fe74946dbf07e29
F15-ND01 development diagnostic; original F15 result unchanged,v2/work_logs/F15_ND01_v1_run1/evaluation_attempt_1/soft_mask_4_evaluation.json,2b9121c1009bcd971d269e8ba51f37ef486099d145daae9fbc556c6288520118,4,1500405,1510695,fractional_mask,0,mixed_near,8192,0.019211720621933406,0.000671548306355579,0.025914249098817798,0.12163930007434265,0.76708984375,0.02303132451233278,0.1624101649764094,0.15244968810997384,,0.010854000456195445,0.10418253431451668,0.23291015625,0.012782371225776353,0.00026082794669326034,0.998291015625,0.14831254032879476,0.026976839032615607,0.478271484375,0.14881625761842618,0.02701036242330702,0.4891357421875,64936eb7923e0dea7c0b49de9e68541fecf9b748997910fee706ffc83ab27787
F15-ND01 development diagnostic; original F15 result unchanged,v2/work_logs/F15_ND01_v1_run1/evaluation_attempt_1/soft_mask_4_evaluation.json,2b9121c1009bcd971d269e8ba51f37ef486099d145daae9fbc556c6288520118,4,1500405,1510695,rounded_top8,0,mixed_near,8192,0.02761898551578461,0.0012336930174017256,0.03512396642467541,0.16226004490673795,0.6912841796875,0.035308651639121294,0.1624101649764094,0.17046894014513259,,0.02001758804847987,0.14148352571405573,0.3087158203125,0.012782371225776353,0.00026082794669326034,0.998291015625,0.14831254032879476,0.026976839032615607,0.478271484375,0.14881625761842618,0.02701036242330702,0.4891357421875,7f877a9cc2328e76fcd9d5d77bb6de2a71e9446a57261cbb71110160de12f447
F15-ND01 development diagnostic; original F15 result unchanged,v2/work_logs/F15_ND01_v1_run1/evaluation_attempt_1/soft_mask_4_evaluation.json,2b9121c1009bcd971d269e8ba51f37ef486099d145daae9fbc556c6288520118,4,1500405,1510695,binary_global,0,mixed_near,8192,0.024809097528370377,0.0010276352685102785,0.03205675074785775,0.15441141344525477,0.7147216796875,0.03137522995126145,0.1624101649764094,0.16920744906265314,,0.016656957225487726,0.12906183489121686,0.2852783203125,0.012782371225776353,0.00026082794669326034,0.998291015625,0.14831254032879476,0.026976839032615607,0.478271484375,0.14881625761842618,0.02701036242330702,0.4891357421875,1228a9c9a094d2c70ff1bce4a0c97769bb4706ece585c12f81313f1d5a008aaa
F15-ND01 development diagnostic; original F15 result unchanged,v2/work_logs/F15_ND01_v1_run1/evaluation_attempt_1/soft_mask_4_evaluation.json,2b9121c1009bcd971d269e8ba51f37ef486099d145daae9fbc556c6288520118,4,1500405,1510695,frozen_original,0,mixed_near,8192,0.039465703468680814,0.0025284404655853327,0.05028360036418766,0.18976329187279828,0.6402587890625,0.0482613172997109,0.1624101649764094,0.1405544148607289,,0.041477725505023835,0.20366080993903524,0.3597412109375,0.012782371225776353,0.00026082794669326034,0.998291015625,0.14831254032879476,0.026976839032615607,0.478271484375,0.14881625761842618,0.02701036242330702,0.4891357421875,89fa6ec1b34a19a2b82bdc0be5679b8d755586ac3de5a8af7ce97f09ad116b13
F15-ND01 development diagnostic; original F15 result unchanged,v2/work_logs/F15_ND01_v1_run1/evaluation_attempt_1/soft_mask_4_evaluation.json,2b9121c1009bcd971d269e8ba51f37ef486099d145daae9fbc556c6288520118,4,1500405,1510695,fractional_mask,0,mixed_far,8192,0.0265521611659335,0.0011210390531968299,0.033481921288910976,0.12775092397661086,1.0,0.031409091638910036,0.16903000072314758,0.15123310405278148,,0.026039606588129427,0.161367923045844,0.0,0.013772665803905019,0.0003103124224794476,0.9644775390625,0.15083174604217925,0.02948960627122032,0.7781982421875,0.14807061522411447,0.028590994312645907,0.7769775390625,00df242bff594e7c0c634df5e9ee50794d815fc96044d56bcac55e9df1bcb949
F15-ND01 development diagnostic; original F15 result unchanged,v2/work_logs/F15_ND01_v1_run1/evaluation_attempt_1/soft_mask_4_evaluation.json,2b9121c1009bcd971d269e8ba51f37ef486099d145daae9fbc556c6288520118,4,1500405,1510695,rounded_top8,0,mixed_far,8192,0.03296856571329812,0.0017596399832013995,0.04194806292549633,0.1638952117088649,1.0,0.04184065497781142,0.16903000072314758,0.15987978974908376,,0.03969424304821324,0.19923414127155326,0.0,0.013772665803905019,0.0003103124224794476,0.9644775390625,0.15083174604217925,0.02948960627122032,0.7781982421875,0.14807061522411447,0.028590994312645907,0.7769775390625,4042eecaf2704eec1cbf7ca424f65629d14d6dbbc93c21f293083176e5c4a51d
F15-ND01 development diagnostic; original F15 result unchanged,v2/work_logs/F15_ND01_v1_run1/evaluation_attempt_1/soft_mask_4_evaluation.json,2b9121c1009bcd971d269e8ba51f37ef486099d145daae9fbc556c6288520118,4,1500405,1510695,binary_global,0,mixed_far,8192,0.03150666727731931,0.0015667799996855333,0.03958257191852916,0.13411950284141605,1.0,0.038250575239556356,0.16903000072314758,0.15779046681317646,,0.03576432687908922,0.1891145866375442,0.0,0.013772665803905019,0.0003103124224794476,0.9644775390625,0.15083174604217925,0.02948960627122032,0.7781982421875,0.14807061522411447,0.028590994312645907,0.7769775390625,917d01307c9968c750e3382f90f3ae2b27c2cee613c38676856354073e9126a0
F15-ND01 development diagnostic; original F15 result unchanged,v2/work_logs/F15_ND01_v1_run1/evaluation_attempt_1/soft_mask_4_evaluation.json,2b9121c1009bcd971d269e8ba51f37ef486099d145daae9fbc556c6288520118,4,1500405,1510695,frozen_original,0,mixed_far,8192,0.03641296366430968,0.0021068122541865663,0.04590002455540265,0.21435904292778624,0.999755859375,0.044239794418684704,0.16903000072314758,0.14374542513119293,,0.047626300339333155,0.21823450767312935,0.000244140625,0.013772665803905019,0.0003103124224794476,0.9644775390625,0.15083174604217925,0.02948960627122032,0.7781982421875,0.14807061522411447,0.028590994312645907,0.7769775390625,269a16aa279bbb58a3b5dae8a2b026425b10a20838c8b7df9f4d68dfadf61c46
F15-ND01 development diagnostic; original F15 result unchanged,v2/work_logs/F15_ND01_v1_run1/evaluation_attempt_1/soft_mask_4_evaluation.json,2b9121c1009bcd971d269e8ba51f37ef486099d145daae9fbc556c6288520118,4,1500405,1510695,fractional_mask,0,preserve_other,8192,0.021746657848247898,0.0008085602884396735,0.02843519453845311,0.11017067577340467,0.9482421875,0.02540945327067741,0.16959324633224845,0.15269564397158067,,0.015118022188448663,0.12295536665167837,0.0517578125,0.014397284575557397,0.00031688164570510373,0.9661865234375,0.1513733071310934,0.030083013198370007,0.554931640625,0.014351024200771924,0.0003265947267926525,0.9644775390625,e2ca359321563fdf2ac304d4a09c46f936a916c0f8f1517571054a0391bda99d
F15-ND01 development diagnostic; original F15 result unchanged,v2/work_logs/F15_ND01_v1_run1/evaluation_attempt_1/soft_mask_4_evaluation.json,2b9121c1009bcd971d269e8ba51f37ef486099d145daae9fbc556c6288520118,4,1500405,1510695,rounded_top8,0,preserve_other,8192,0.023122707617463028,0.0008889960985384061,0.02981603760626831,0.13251097137245105,0.9359130859375,0.03064257864359716,0.16959324633224845,0.1621181379309018,,0.01651977408023802,0.12852927324247196,0.0640869140625,0.014397284575557397,0.00031688164570510373,0.9661865234375,0.1513733071310934,0.030083013198370007,0.554931640625,0.014351024200771924,0.0003265947267926525,0.9644775390625,528fe94d4da40bfcec3482ff91ade57b6c0b7b55210c4bd5a689349f15f58298
F15-ND01 development diagnostic; original F15 result unchanged,v2/work_logs/F15_ND01_v1_run1/evaluation_attempt_1/soft_mask_4_evaluation.json,2b9121c1009bcd971d269e8ba51f37ef486099d145daae9fbc556c6288520118,4,1500405,1510695,binary_global,0,preserve_other,8192,0.020278807329679904,0.0006786624183118965,0.026051150038182508,0.11103227618052325,0.94775390625,0.02559237099496411,0.16959324633224845,0.16028751113691878,,0.012911984708626902,0.11363091440548607,0.05224609375,0.014397284575557397,0.00031688164570510373,0.9661865234375,0.1513733071310934,0.030083013198370007,0.554931640625,0.014351024200771924,0.0003265947267926525,0.9644775390625,61385efb3e10d29fabe5127ae83f257c34b9d9addfc7a2b6ed52702c7e66d44f
F15-ND01 development diagnostic; original F15 result unchanged,v2/work_logs/F15_ND01_v1_run1/evaluation_attempt_1/soft_mask_4_evaluation.json,2b9121c1009bcd971d269e8ba51f37ef486099d145daae9fbc556c6288520118,4,1500405,1510695,frozen_original,0,preserve_other,8192,0.040738244828374,0.002708487805848927,0.05204313408941594,0.22190759691380252,0.8887939453125,0.048365865794781845,0.16959324633224845,0.1479532640830073,,0.050021380194745294,0.22365460020921835,0.1112060546875,0.014397284575557397,0.00031688164570510373,0.9661865234375,0.1513733071310934,0.030083013198370007,0.554931640625,0.014351024200771924,0.0003265947267926525,0.9644775390625,e640bae879190d79fc81a828d74819cb6332a58e526d0969ce03a7989f6dad5e
F15-ND01 development diagnostic; original F15 result unchanged,v2/work_logs/F15_ND01_v1_run1/evaluation_attempt_1/soft_mask_4_evaluation.json,2b9121c1009bcd971d269e8ba51f37ef486099d145daae9fbc556c6288520118,4,1500405,1510695,fractional_mask,0,equal_target,8192,0.020838593874446632,0.0007282828122186728,0.02698671547666875,0.1057425332093086,0.9515380859375,0.026414231353459387,1.8381623872780074e-17,0.026414231353459387,0.026414231353459387,0.014058030230684384,0.11856656455630477,0.0484619140625,0.013016282509996834,0.0002791307861422386,0.9644775390625,0.013016282509996834,0.0002791307861422386,0.9644775390625,0.1486450767540133,0.028775634683346943,0.5413818359375,cf2ceb37664c498ee6e7118dbd6f36001a8128561a19bbfaf55a467da2bc735d
F15-ND01 development diagnostic; original F15 result unchanged,v2/work_logs/F15_ND01_v1_run1/evaluation_attempt_1/soft_mask_4_evaluation.json,2b9121c1009bcd971d269e8ba51f37ef486099d145daae9fbc556c6288520118,4,1500405,1510695,rounded_top8,0,equal_target,8192,0.03376994070305325,0.001783406212748117,0.04223039441857152,0.15904767611507903,0.9071044921875,0.04353184424600893,1.8381623872780074e-17,0.04353184424600893,0.04353184424600893,0.033477651301600325,0.18296898999994596,0.0928955078125,0.013016282509996834,0.0002791307861422386,0.9644775390625,0.013016282509996834,0.0002791307861422386,0.9644775390625,0.1486450767540133,0.028775634683346943,0.5413818359375,dc677a685b8a34cefa5bc287794182581b404b122b252b3a9e858ac1715ab8eb
F15-ND01 development diagnostic; original F15 result unchanged,v2/work_logs/F15_ND01_v1_run1/evaluation_attempt_1/soft_mask_4_evaluation.json,2b9121c1009bcd971d269e8ba51f37ef486099d145daae9fbc556c6288520118,4,1500405,1510695,binary_global,0,equal_target,8192,0.030593983627706475,0.0015175478394320286,0.03895571638966518,0.1378128568377005,0.9166259765625,0.039125297436584064,1.8381623872780074e-17,0.039125297436584064,0.039125297436584064,0.028636882214891062,0.16922435467417526,0.0833740234375,0.013016282509996834,0.0002791307861422386,0.9644775390625,0.013016282509996834,0.0002791307861422386,0.9644775390625,0.1486450767540133,0.028775634683346943,0.5413818359375,dc8044cfdc8c323e28907f17c2726875afa972188dcf31f7c710aa1207700479
F15-ND01 development diagnostic; original F15 result unchanged,v2/work_logs/F15_ND01_v1_run1/evaluation_attempt_1/soft_mask_4_evaluation.json,2b9121c1009bcd971d269e8ba51f37ef486099d145daae9fbc556c6288520118,4,1500405,1510695,frozen_original,0,equal_target,8192,0.03373500217406511,0.001802716500139669,0.04245840906274832,0.17555334996391286,0.904052734375,0.04243643174617989,1.8381623872780074e-17,0.04243643174617989,0.04243643174617989,0.033663145540809306,0.18347519053215153,0.095947265625,0.013016282509996834,0.0002791307861422386,0.9644775390625,0.013016282509996834,0.0002791307861422386,0.9644775390625,0.1486450767540133,0.028775634683346943,0.5413818359375,3e1cb1d3efdad7b9ef8dd8a6e6ef6aed267f350cbcd382f3e74ae6795899c2ab
F15-ND01 development diagnostic; original F15 result unchanged,v2/work_logs/F15_ND01_v1_run1/evaluation_attempt_1/soft_mask_4_evaluation.json,2b9121c1009bcd971d269e8ba51f37ef486099d145daae9fbc556c6288520118,4,1500405,1510695,fractional_mask,0,scale_separating,8192,0.025776795518491352,0.0010970315087885114,0.033121465981875126,0.12434519541642536,0.930419921875,0.030656432147951225,0.1877894813460367,0.1743888188600895,,0.02046429034269777,0.1430534527465093,0.069580078125,0.014025777914457117,0.00031512726284084534,0.9671630859375,0.16902464039167067,0.03663472391348818,0.5250244140625,0.1418000247011423,0.028873798172309888,0.6072998046875,8f29f54c5516e2ed7ac0f1fdb6d2ed35bba6c035f16984343fb49133533ec62a
F15-ND01 development diagnostic; original F15 result unchanged,v2/work_logs/F15_ND01_v1_run1/evaluation_attempt_1/soft_mask_4_evaluation.json,2b9121c1009bcd971d269e8ba51f37ef486099d145daae9fbc556c6288520118,4,1500405,1510695,rounded_top8,0,scale_separating,8192,0.03285495002188829,0.0017619113464325186,0.04197512771192625,0.17508411182078176,0.9112548828125,0.04254055072003008,0.1877894813460367,0.18958264204493797,,0.03236766300507188,0.17991015259031903,0.0887451171875,0.014025777914457117,0.00031512726284084534,0.9671630859375,0.16902464039167067,0.03663472391348818,0.5250244140625,0.1418000247011423,0.028873798172309888,0.6072998046875,a5551b481dd96a6b45bfd094cf6acbbc16ae762ad35ba7ac5c1489a03851e090
F15-ND01 development diagnostic; original F15 result unchanged,v2/work_logs/F15_ND01_v1_run1/evaluation_attempt_1/soft_mask_4_evaluation.json,2b9121c1009bcd971d269e8ba51f37ef486099d145daae9fbc556c6288520118,4,1500405,1510695,binary_global,0,scale_separating,8192,0.030285851715429718,0.0015140651278369058,0.03891098980798234,0.16122836607870472,0.91748046875,0.038277141231824977,0.1877894813460367,0.18696231388453532,,0.027905314969896285,0.16704884007348356,0.08251953125,0.014025777914457117,0.00031512726284084534,0.9671630859375,0.16902464039167067,0.03663472391348818,0.5250244140625,0.1418000247011423,0.028873798172309888,0.6072998046875,70cdf7be974a0a77da66586cf4f621eef1ab0252fae86dec26c93b4caa58d29a
F15-ND01 development diagnostic; original F15 result unchanged,v2/work_logs/F15_ND01_v1_run1/evaluation_attempt_1/soft_mask_4_evaluation.json,2b9121c1009bcd971d269e8ba51f37ef486099d145daae9fbc556c6288520118,4,1500405,1510695,frozen_original,0,scale_separating,8192,0.04225351797614717,0.002837135651128605,0.05326476932390307,0.20084760862890294,0.876220703125,0.05117242829633695,0.1877894813460367,0.16594033511938622,,0.051321700646214344,0.2265429333398293,0.123779296875,0.014025777914457117,0.00031512726284084534,0.9671630859375,0.16902464039167067,0.03663472391348818,0.5250244140625,0.1418000247011423,0.028873798172309888,0.6072998046875,b4ad7457d3f86f7ea421d41ba7d1bef9de23d23cff5d0575884c2b22a26072a4
F15-ND01 development diagnostic; original F15 result unchanged,v2/work_logs/F15_ND01_v1_run1/evaluation_attempt_1/soft_mask_4_evaluation.json,2b9121c1009bcd971d269e8ba51f37ef486099d145daae9fbc556c6288520118,4,1500405,1510695,fractional_mask,1,mixed_near,8192,0.02144669457099867,0.000769828760095244,0.027745788150550777,0.12020579213871713,0.73974609375,0.031407280009544625,0.16477554109760745,0.16494928709174603,,0.01244196835020058,0.1115435715323863,0.26025390625,0.01310043003685606,0.0002708956406193663,0.998291015625,0.15013786344060748,0.02746641356922014,0.4833984375,0.14965956674925454,0.027453512313091333,0.4810791015625,fce641bc0223f05eb0498a849d3d4516011cf74df0da3e179acbff20347b1d4d
F15-ND01 development diagnostic; original F15 result unchanged,v2/work_logs/F15_ND01_v1_run1/evaluation_attempt_1/soft_mask_4_evaluation.json,2b9121c1009bcd971d269e8ba51f37ef486099d145daae9fbc556c6288520118,4,1500405,1510695,rounded_top8,1,mixed_near,8192,0.027349065634934097,0.0012215389665808927,0.034950521692542626,0.18792468745287627,0.7034912109375,0.037387504196760644,0.16477554109760745,0.1704892881231833,,0.01984294296380294,0.14086498132539166,0.2965087890625,0.01310043003685606,0.0002708956406193663,0.998291015625,0.15013786344060748,0.02746641356922014,0.4833984375,0.14965956674925454,0.027453512313091333,0.4810791015625,4927dabdc77f4c625f5256fe445f764b8c0f2994a89a3026d1dc0cf16922da1d
F15-ND01 development diagnostic; original F15 result unchanged,v2/work_logs/F15_ND01_v1_run1/evaluation_attempt_1/soft_mask_4_evaluation.json,2b9121c1009bcd971d269e8ba51f37ef486099d145daae9fbc556c6288520118,4,1500405,1510695,binary_global,1,mixed_near,8192,0.024935596460643854,0.0009781980469167715,0.031276157802977836,0.11877190442823188,0.7127685546875,0.034977962648979725,0.16477554109760745,0.16475336878081429,,0.015826125924628537,0.12580193132312611,0.2872314453125,0.01310043003685606,0.0002708956406193663,0.998291015625,0.15013786344060748,0.02746641356922014,0.4833984375,0.14965956674925454,0.027453512313091333,0.4810791015625,a9eb855dd127b6584a6a4d8b4f7b3488227565ef53767279421c9085f27cd4d3
F15-ND01 development diagnostic; original F15 result unchanged,v2/work_logs/F15_ND01_v1_run1/evaluation_attempt_1/soft_mask_4_evaluation.json,2b9121c1009bcd971d269e8ba51f37ef486099d145daae9fbc556c6288520118,4,1500405,1510695,frozen_original,1,mixed_near,8192,0.040792599944591945,0.0025815783170157433,0.050809234564355946,0.2065999924919838,0.621826171875,0.051232088497262976,0.16477554109760745,0.13829831825852382,,0.04221264277908684,0.20545715558015212,0.378173828125,0.01310043003685606,0.0002708956406193663,0.998291015625,0.15013786344060748,0.02746641356922014,0.4833984375,0.14965956674925454,0.027453512313091333,0.4810791015625,3f18284df14777a3d2a6bf5d7981781bc930b1a5f1ec8a2d80bf2274a0e7a381
F15-ND01 development diagnostic; original F15 result unchanged,v2/work_logs/F15_ND01_v1_run1/evaluation_attempt_1/soft_mask_4_evaluation.json,2b9121c1009bcd971d269e8ba51f37ef486099d145daae9fbc556c6288520118,4,1500405,1510695,fractional_mask,1,mixed_far,8192,0.029415263535722484,0.0013172635297340391,0.03629412527853563,0.1488132293072969,1.0,0.03900119528936524,0.1695424770842864,0.14938773842365116,,0.030236521848291485,0.17388652003042526,0.0,0.014173920797877436,0.0003226377558857316,0.963134765625,0.1482482425350533,0.028647305851232922,0.781982421875,0.1491271531560298,0.028919034017115097,0.7835693359375,58997d35cfe38ef9c6532d24c45e532f9870bcaf60b41226cb86c7cbbdbd66d0
F15-ND01 development diagnostic; original F15 result unchanged,v2/work_logs/F15_ND01_v1_run1/evaluation_attempt_1/soft_mask_4_evaluation.json,2b9121c1009bcd971d269e8ba51f37ef486099d145daae9fbc556c6288520118,4,1500405,1510695,rounded_top8,1,mixed_far,8192,0.03489452601717251,0.0017743144953609766,0.04212261263693144,0.1615054316869574,1.0,0.04348085278454983,0.1695424770842864,0.15161464306916486,,0.0403501873937929,0.20087356071368104,0.0,0.014173920797877436,0.0003226377558857316,0.963134765625,0.1482482425350533,0.028647305851232922,0.781982421875,0.1491271531560298,0.028919034017115097,0.7835693359375,01e05930e4e01fdf8488c45803b0f5b1ecb751d738d91e1c69b3049a2725dc3c
F15-ND01 development diagnostic; original F15 result unchanged,v2/work_logs/F15_ND01_v1_run1/evaluation_attempt_1/soft_mask_4_evaluation.json,2b9121c1009bcd971d269e8ba51f37ef486099d145daae9fbc556c6288520118,4,1500405,1510695,binary_global,1,mixed_far,8192,0.035211802137478085,0.0017676903514904424,0.0420439098026152,0.15345658883228158,1.0,0.044594982764829316,0.1695424770842864,0.14801080985806464,,0.04020202016459931,0.20050441432696517,0.0,0.014173920797877436,0.0003226377558857316,0.963134765625,0.1482482425350533,0.028647305851232922,0.781982421875,0.1491271531560298,0.028919034017115097,0.7835693359375,9ce6319a85ff91f96e7e515a4939f42f5cecf9f312c60fbfaf6c6d668ed51fde
F15-ND01 development diagnostic; original F15 result unchanged,v2/work_logs/F15_ND01_v1_run1/evaluation_attempt_1/soft_mask_4_evaluation.json,2b9121c1009bcd971d269e8ba51f37ef486099d145daae9fbc556c6288520118,4,1500405,1510695,frozen_original,1,mixed_far,8192,0.05247479614549201,0.0040625019138186705,0.06373775893313688,0.22542842632564736,0.9979248046875,0.06533303216972314,0.1695424770842864,0.12373777511977513,,0.08838181221098874,0.29729078729585406,0.0020751953125,0.014173920797877436,0.0003226377558857316,0.963134765625,0.1482482425350533,0.028647305851232922,0.781982421875,0.1491271531560298,0.028919034017115097,0.7835693359375,66765bd401a2d9574104bbeebf00db10cde6f02f7ff257d650dcb6698311f229
F15-ND01 development diagnostic; original F15 result unchanged,v2/work_logs/F15_ND01_v1_run1/evaluation_attempt_1/soft_mask_4_evaluation.json,2b9121c1009bcd971d269e8ba51f37ef486099d145daae9fbc556c6288520118,4,1500405,1510695,fractional_mask,1,preserve_other,8192,0.021556633489347415,0.0007773225179184657,0.02788050426227018,0.10785183092244066,0.943359375,0.02974233574882576,0.1698118231648395,0.15025845926361325,,0.015090500526447014,0.12284339838366168,0.056640625,0.012977125567328761,0.00028027514112903654,0.9644775390625,0.14778164654360415,0.02892109059862956,0.5538330078125,0.013260707474684427,0.000282173096020466,0.96337890625,280e8e09fb15d7fa365230bffca3bc940e03c93e5c6069675791d5bed48cbd03
F15-ND01 development diagnostic; original F15 result unchanged,v2/work_logs/F15_ND01_v1_run1/evaluation_attempt_1/soft_mask_4_evaluation.json,2b9121c1009bcd971d269e8ba51f37ef486099d145daae9fbc556c6288520118,4,1500405,1510695,rounded_top8,1,preserve_other,8192,0.027074412556611412,0.0012093428545670304,0.034775607177546596,0.12623948000984903,0.928955078125,0.03548627820902562,0.1698118231648395,0.15226192156818355,,0.023432334209513475,0.15307623659312203,0.071044921875,0.012977125567328761,0.00028027514112903654,0.9644775390625,0.14778164654360415,0.02892109059862956,0.5538330078125,0.013260707474684427,0.000282173096020466,0.96337890625,95c1aa6e09e115e39fd68b757c2a4898ac30c3451b5f6ef392bb046926a3d089
F15-ND01 development diagnostic; original F15 result unchanged,v2/work_logs/F15_ND01_v1_run1/evaluation_attempt_1/soft_mask_4_evaluation.json,2b9121c1009bcd971d269e8ba51f37ef486099d145daae9fbc556c6288520118,4,1500405,1510695,binary_global,1,preserve_other,8192,0.025058389923334416,0.0010264744094876507,0.032038639320165437,0.12656661544571118,0.934326171875,0.03393885983718224,0.1698118231648395,0.14930526200993383,,0.019784809724937485,0.14065848614618845,0.065673828125,0.012977125567328761,0.00028027514112903654,0.9644775390625,0.14778164654360415,0.02892109059862956,0.5538330078125,0.013260707474684427,0.000282173096020466,0.96337890625,9ae5dd0428d38a15f395d4b573ce3dab2d0853451b15861e2868d02de6c9d93e
F15-ND01 development diagnostic; original F15 result unchanged,v2/work_logs/F15_ND01_v1_run1/evaluation_attempt_1/soft_mask_4_evaluation.json,2b9121c1009bcd971d269e8ba51f37ef486099d145daae9fbc556c6288520118,4,1500405,1510695,frozen_original,1,preserve_other,8192,0.05367009712613176,0.004082435671890827,0.06389394080733186,0.20793560360505114,0.84130859375,0.06403248736247541,0.1698118231648395,0.11802928453161698,,0.0756349042254934,0.27501800709316,0.15869140625,0.012977125567328761,0.00028027514112903654,0.9644775390625,0.14778164654360415,0.02892109059862956,0.5538330078125,0.013260707474684427,0.000282173096020466,0.96337890625,21376ba58887bb2aed49b43d0345f6a588f71134ab8afff2eb61173625629aed
F15-ND01 development diagnostic; original F15 result unchanged,v2/work_logs/F15_ND01_v1_run1/evaluation_attempt_1/soft_mask_4_evaluation.json,2b9121c1009bcd971d269e8ba51f37ef486099d145daae9fbc556c6288520118,4,1500405,1510695,fractional_mask,1,equal_target,8192,0.022849574894973947,0.000833079209781205,0.02886311157483207,0.11680048956190708,0.9364013671875,0.03248002532584263,1.7912647431366798e-17,0.03248002532584263,0.03248002532584263,0.015840503694937252,0.12585906282400666,0.0635986328125,0.014353377308446727,0.00031958368631290475,0.964111328125,0.014353377308446727,0.00031958368631290475,0.964111328125,0.14961867045678845,0.02952356690608639,0.5577392578125,eb432a5546eb7458357409fe5aab778e282d8aa16b17be91bd497204e81ed7df
F15-ND01 development diagnostic; original F15 result unchanged,v2/work_logs/F15_ND01_v1_run1/evaluation_attempt_1/soft_mask_4_evaluation.json,2b9121c1009bcd971d269e8ba51f37ef486099d145daae9fbc556c6288520118,4,1500405,1510695,rounded_top8,1,equal_target,8192,0.027478638782321027,0.0012060252848819907,0.034727874753315825,0.15717702490570878,0.9234619140625,0.03524785881855471,1.7912647431366798e-17,0.03524785881855471,0.03524785881855471,0.02260884474482045,0.1503623780898016,0.0765380859375,0.014353377308446727,0.00031958368631290475,0.964111328125,0.014353377308446727,0.00031958368631290475,0.964111328125,0.14961867045678845,0.02952356690608639,0.5577392578125,4720472dddd6a8061133d619eb3c6e2d7bc164e2a6480747d1eff438e661532e
F15-ND01 development diagnostic; original F15 result unchanged,v2/work_logs/F15_ND01_v1_run1/evaluation_attempt_1/soft_mask_4_evaluation.json,2b9121c1009bcd971d269e8ba51f37ef486099d145daae9fbc556c6288520118,4,1500405,1510695,binary_global,1,equal_target,8192,0.026770235119221004,0.001086820331085018,0.03296695817155441,0.10825707999660761,0.9248046875,0.035753856274417135,1.7912647431366798e-17,0.035753856274417135,0.035753856274417135,0.020458594100354707,0.14303354187166975,0.0751953125,0.014353377308446727,0.00031958368631290475,0.964111328125,0.014353377308446727,0.00031958368631290475,0.964111328125,0.14961867045678845,0.02952356690608639,0.5577392578125,7d9ac7d3af9c12f07d2838c175ae32a55a3f0a7984061f65e5f37ff0f8e584a4
F15-ND01 development diagnostic; original F15 result unchanged,v2/work_logs/F15_ND01_v1_run1/evaluation_attempt_1/soft_mask_4_evaluation.json,2b9121c1009bcd971d269e8ba51f37ef486099d145daae9fbc556c6288520118,4,1500405,1510695,frozen_original,1,equal_target,8192,0.0339925593407614,0.001814270980463078,0.042594259947357674,0.15432278430483093,0.9027099609375,0.04352458976398554,1.7912647431366798e-17,0.04352458976398554,0.04352458976398554,0.03389848480980939,0.18411541165749648,0.0972900390625,0.014353377308446727,0.00031958368631290475,0.964111328125,0.014353377308446727,0.00031958368631290475,0.964111328125,0.14961867045678845,0.02952356690608639,0.5577392578125,e9f73a9303dce52bf13d701b40de98c92ed666c0e719444f3bea967fff535102
F15-ND01 development diagnostic; original F15 result unchanged,v2/work_logs/F15_ND01_v1_run1/evaluation_attempt_1/soft_mask_4_evaluation.json,2b9121c1009bcd971d269e8ba51f37ef486099d145daae9fbc556c6288520118,4,1500405,1510695,fractional_mask,1,scale_separating,8192,0.027824290313414324,0.0012125549634940105,0.034821759913795436,0.13883662953596776,0.926025390625,0.037428741515428125,0.18812819643501238,0.1737940171706612,,0.022871630022963337,0.15123369341176368,0.073974609375,0.013817871986454438,0.0003086416383061722,0.9666748046875,0.16602295174503112,0.03570171995885054,0.529052734375,0.1418202559357981,0.028986850851133394,0.6160888671875,f15f539bc857c6b806ecb8a6e460435cbeeb8a2deaa8b851c0e6a1b015057105
F15-ND01 development diagnostic; original F15 result unchanged,v2/work_logs/F15_ND01_v1_run1/evaluation_attempt_1/soft_mask_4_evaluation.json,2b9121c1009bcd971d269e8ba51f37ef486099d145daae9fbc556c6288520118,4,1500405,1510695,rounded_top8,1,scale_separating,8192,0.03184004744269691,0.0016185645588877157,0.04023138773256169,0.15375730496943224,0.9141845703125,0.041148636386906225,0.18812819643501238,0.17706517054817603,,0.030084574305600284,0.1734490539195884,0.0858154296875,0.013817871986454438,0.0003086416383061722,0.9666748046875,0.16602295174503112,0.03570171995885054,0.529052734375,0.1418202559357981,0.028986850851133394,0.6160888671875,afadd12501cb5daf199b439b3f28a69eb2146b90ca119f9b4bc4192169b427d6
F15-ND01 development diagnostic; original F15 result unchanged,v2/work_logs/F15_ND01_v1_run1/evaluation_attempt_1/soft_mask_4_evaluation.json,2b9121c1009bcd971d269e8ba51f37ef486099d145daae9fbc556c6288520118,4,1500405,1510695,binary_global,1,scale_separating,8192,0.03211634425839654,0.0015705075657620432,0.03962962989685928,0.14188997275194493,0.9122314453125,0.04227312770761194,0.18812819643501238,0.17414149793933878,,0.02934514001479847,0.17130423233183256,0.0877685546875,0.013817871986454438,0.0003086416383061722,0.9666748046875,0.16602295174503112,0.03570171995885054,0.529052734375,0.1418202559357981,0.028986850851133394,0.6160888671875,e6b0d5958b4339f5126409d9cc023872a9e5440df72ce3921bf20318a0d53927
F15-ND01 development diagnostic; original F15 result unchanged,v2/work_logs/F15_ND01_v1_run1/evaluation_attempt_1/soft_mask_4_evaluation.json,2b9121c1009bcd971d269e8ba51f37ef486099d145daae9fbc556c6288520118,4,1500405,1510695,frozen_original,1,scale_separating,8192,0.05663459636497377,0.0046455822259216534,0.0681585080963606,0.1898224736558196,0.8255615234375,0.06813377741810041,0.18812819643501238,0.13976261868603315,,0.08429420679207555,0.290334646213771,0.1744384765625,0.013817871986454438,0.0003086416383061722,0.9666748046875,0.16602295174503112,0.03570171995885054,0.529052734375,0.1418202559357981,0.028986850851133394,0.6160888671875,a6704525f8d78339d2bdf7668d692b7277c47510f4b0879305ed26e4778b761d
