evidence,source_file,source_sha256,model_index,model_seed,validation_seed,variant,family,budget,selector,role,stratum,n,mae,mse,rmse,max_absolute_error,decision_agreement,adjusted_effect_rmse,expected_effect_rms,observed_effect_rms,unchanged_target_output_effect_rms,logit_mse,logit_rmse,decision_disagreement,base_prediction_mae,base_prediction_mse,base_prediction_decision_agreement,no_swap_mae,no_swap_mse,no_swap_decision_agreement,whole_layer_swap_mae,whole_layer_swap_mse,whole_layer_swap_decision_agreement,selected_subset,selected_candidate_index,discovery_probability_mse,discovery_robust_max_normalized_error,observational_decoder_nrmse,observational_log_contribution_rmse
F15-ND01 development diagnostic; original F15 result unchanged,v2/work_logs/F15_ND01_v1_run1/evaluation_attempt_1/search_0_evaluation.json,df84abf6bc0be7f49a4d9441edb5b07a07221767c495d3d9d56861f3f987f046,0,1500401,1510691,cost_corr/budget_1024/frozen_mse,cost_corr,1024,frozen_mse,0,mixed_near,8192,0.03886156088980681,0.0022685872569873835,0.04762968881892242,0.1537994102013867,0.63427734375,0.044387222205005725,0.16393401066799693,0.1324427138319539,,,,0.36572265625,0.01839667010610618,0.0004559794061549527,0.99658203125,0.1455739038737463,0.02654293943487924,0.4803466796875,0.14380780800565635,0.025828196399336395,0.4769287109375,"[2,8,9,16,22,24,28,30]",984,0.0026007117087354847,0.9225233681766567,0.1335548330193243,0.12520524407442635
F15-ND01 development diagnostic; original F15 result unchanged,v2/work_logs/F15_ND01_v1_run1/evaluation_attempt_1/search_0_evaluation.json,df84abf6bc0be7f49a4d9441edb5b07a07221767c495d3d9d56861f3f987f046,0,1500401,1510691,cost_corr/budget_1024/frozen_mse,cost_corr,1024,frozen_mse,0,mixed_far,8192,0.039320132693608636,0.0023631855796637426,0.0486126072090743,0.17608218769561085,0.9996337890625,0.04741062073481181,0.17074496586013568,0.13246905010926752,,,,0.0003662109375,0.019949975536485243,0.0005474592567278685,0.95654296875,0.1480179875752822,0.02831830100725257,0.781005859375,0.15263336893440538,0.030188206489310247,0.7646484375,"[2,8,9,16,22,24,28,30]",984,0.0026007117087354847,0.9225233681766567,0.1335548330193243,0.12520524407442635
F15-ND01 development diagnostic; original F15 result unchanged,v2/work_logs/F15_ND01_v1_run1/evaluation_attempt_1/search_0_evaluation.json,df84abf6bc0be7f49a4d9441edb5b07a07221767c495d3d9d56861f3f987f046,0,1500401,1510691,cost_corr/budget_1024/frozen_mse,cost_corr,1024,frozen_mse,0,preserve_other,8192,0.04319636217830069,0.0027572706829790995,0.052509719890503126,0.1631284404133989,0.8779296875,0.05230404956060589,0.16972847495183196,0.1259884892394731,,,,0.1220703125,0.01876427376394474,0.0004796417835603251,0.9505615234375,0.14535172775510863,0.02790630280686135,0.547607421875,0.01937045247450745,0.0005133685683027632,0.9449462890625,"[2,8,9,16,22,24,28,30]",984,0.0026007117087354847,0.9225233681766567,0.1335548330193243,0.12520524407442635
F15-ND01 development diagnostic; original F15 result unchanged,v2/work_logs/F15_ND01_v1_run1/evaluation_attempt_1/search_0_evaluation.json,df84abf6bc0be7f49a4d9441edb5b07a07221767c495d3d9d56861f3f987f046,0,1500401,1510691,cost_corr/budget_1024/frozen_mse,cost_corr,1024,frozen_mse,0,equal_target,8192,0.030721076197480175,0.0014484096823324472,0.038057977906510575,0.1436678796706562,0.9239501953125,0.02948660470126585,1.7043713327065897e-17,0.02948660470126585,0.02948660470126585,,,0.0760498046875,0.02025855320298171,0.0005531511423467685,0.9561767578125,0.02025855320298171,0.0005531511423467685,0.9561767578125,0.14701553351149693,0.02854271244514215,0.5523681640625,"[2,8,9,16,22,24,28,30]",984,0.0026007117087354847,0.9225233681766567,0.1335548330193243,0.12520524407442635
F15-ND01 development diagnostic; original F15 result unchanged,v2/work_logs/F15_ND01_v1_run1/evaluation_attempt_1/search_0_evaluation.json,df84abf6bc0be7f49a4d9441edb5b07a07221767c495d3d9d56861f3f987f046,0,1500401,1510691,cost_corr/budget_1024/frozen_mse,cost_corr,1024,frozen_mse,0,scale_separating,8192,0.047594122741927355,0.0033715073666222457,0.058064682610191244,0.1805228070906033,0.870361328125,0.055873335976695374,0.18773455244552628,0.14176670951575174,,,,0.129638671875,0.018658889708186324,0.00048267255836933673,0.9639892578125,0.16417661161255934,0.034764483399483716,0.5225830078125,0.13980795154350126,0.028170771365394406,0.6121826171875,"[2,8,9,16,22,24,28,30]",984,0.0026007117087354847,0.9225233681766567,0.1335548330193243,0.12520524407442635
F15-ND01 development diagnostic; original F15 result unchanged,v2/work_logs/F15_ND01_v1_run1/evaluation_attempt_1/search_0_evaluation.json,df84abf6bc0be7f49a4d9441edb5b07a07221767c495d3d9d56861f3f987f046,0,1500401,1510691,cost_corr/budget_1024/frozen_mse,cost_corr,1024,frozen_mse,1,mixed_near,8192,0.02599624029936708,0.0012044272678643471,0.03470485942723796,0.1476258624590569,0.7200927734375,0.030973308024764334,0.16428089235272608,0.15109274656543742,,,,0.2799072265625,0.02036268370938084,0.0005466263127452353,0.9969482421875,0.14325222461870862,0.025546515148514373,0.48291015625,0.14679264124133887,0.026784711466557122,0.48095703125,"[0,4,5,10,14,17,29,30]",469,0.00145793667443183,0.6875243423350308,0.2219353192463571,0.09696880639992855
F15-ND01 development diagnostic; original F15 result unchanged,v2/work_logs/F15_ND01_v1_run1/evaluation_attempt_1/search_0_evaluation.json,df84abf6bc0be7f49a4d9441edb5b07a07221767c495d3d9d56861f3f987f046,0,1500401,1510691,cost_corr/budget_1024/frozen_mse,cost_corr,1024,frozen_mse,1,mixed_far,8192,0.03546672399281513,0.001791422580591458,0.04232520030184687,0.14655180164650272,1.0,0.036198618905055276,0.16992689661236599,0.14648317915594722,,,,0.0,0.0168688346642619,0.000395736150074405,0.96142578125,0.15338845913545152,0.03036600772698697,0.7667236328125,0.14468290965289352,0.027414636136231345,0.7999267578125,"[0,4,5,10,14,17,29,30]",469,0.00145793667443183,0.6875243423350308,0.2219353192463571,0.09696880639992855
F15-ND01 development diagnostic; original F15 result unchanged,v2/work_logs/F15_ND01_v1_run1/evaluation_attempt_1/search_0_evaluation.json,df84abf6bc0be7f49a4d9441edb5b07a07221767c495d3d9d56861f3f987f046,0,1500401,1510691,cost_corr/budget_1024/frozen_mse,cost_corr,1024,frozen_mse,1,preserve_other,8192,0.030454938347795175,0.0015052901674697285,0.03879806912037928,0.17285677612579387,0.9237060546875,0.03501007156324549,0.1687729491120812,0.1496138880083395,,,,0.0762939453125,0.020005712895715035,0.0005382576162774599,0.95654296875,0.1484435660455591,0.029280103258025412,0.5458984375,0.019571263262787204,0.0005334657975332752,0.95849609375,"[0,4,5,10,14,17,29,30]",469,0.00145793667443183,0.6875243423350308,0.2219353192463571,0.09696880639992855
F15-ND01 development diagnostic; original F15 result unchanged,v2/work_logs/F15_ND01_v1_run1/evaluation_attempt_1/search_0_evaluation.json,df84abf6bc0be7f49a4d9441edb5b07a07221767c495d3d9d56861f3f987f046,0,1500401,1510691,cost_corr/budget_1024/frozen_mse,cost_corr,1024,frozen_mse,1,equal_target,8192,0.03127498819623684,0.0014683127575606896,0.03831856935691479,0.11562390037935733,0.926513671875,0.03267007658920604,1.6365348541700844e-17,0.03267007658920604,0.03267007658920604,,,0.073486328125,0.018448854760144948,0.00046630163632927467,0.95361328125,0.018448854760144948,0.00046630163632927467,0.95361328125,0.14773318055349804,0.028664830790942654,0.544189453125,"[0,4,5,10,14,17,29,30]",469,0.00145793667443183,0.6875243423350308,0.2219353192463571,0.09696880639992855
F15-ND01 development diagnostic; original F15 result unchanged,v2/work_logs/F15_ND01_v1_run1/evaluation_attempt_1/search_0_evaluation.json,df84abf6bc0be7f49a4d9441edb5b07a07221767c495d3d9d56861f3f987f046,0,1500401,1510691,cost_corr/budget_1024/frozen_mse,cost_corr,1024,frozen_mse,1,scale_separating,8192,0.033568196459724066,0.0018181251778296077,0.042639479098947816,0.1660939218027287,0.92236328125,0.0392360420022028,0.18641875103675282,0.16887407553628753,,,,0.07763671875,0.019882940719636543,0.0005411260966711711,0.95654296875,0.1631002276853128,0.034483047331399466,0.529296875,0.13940504782658586,0.028176054782147936,0.6153564453125,"[0,4,5,10,14,17,29,30]",469,0.00145793667443183,0.6875243423350308,0.2219353192463571,0.09696880639992855
F15-ND01 development diagnostic; original F15 result unchanged,v2/work_logs/F15_ND01_v1_run1/evaluation_attempt_1/search_0_evaluation.json,df84abf6bc0be7f49a4d9441edb5b07a07221767c495d3d9d56861f3f987f046,0,1500401,1510691,cost_corr/budget_1024/robust,cost_corr,1024,robust,0,mixed_near,8192,0.03886156088980681,0.0022685872569873835,0.04762968881892242,0.1537994102013867,0.63427734375,0.044387222205005725,0.16393401066799693,0.1324427138319539,,,,0.36572265625,0.01839667010610618,0.0004559794061549527,0.99658203125,0.1455739038737463,0.02654293943487924,0.4803466796875,0.14380780800565635,0.025828196399336395,0.4769287109375,"[2,8,9,16,22,24,28,30]",984,0.0026007117087354847,0.9225233681766567,0.1335548330193243,0.12520524407442635
F15-ND01 development diagnostic; original F15 result unchanged,v2/work_logs/F15_ND01_v1_run1/evaluation_attempt_1/search_0_evaluation.json,df84abf6bc0be7f49a4d9441edb5b07a07221767c495d3d9d56861f3f987f046,0,1500401,1510691,cost_corr/budget_1024/robust,cost_corr,1024,robust,0,mixed_far,8192,0.039320132693608636,0.0023631855796637426,0.0486126072090743,0.17608218769561085,0.9996337890625,0.04741062073481181,0.17074496586013568,0.13246905010926752,,,,0.0003662109375,0.019949975536485243,0.0005474592567278685,0.95654296875,0.1480179875752822,0.02831830100725257,0.781005859375,0.15263336893440538,0.030188206489310247,0.7646484375,"[2,8,9,16,22,24,28,30]",984,0.0026007117087354847,0.9225233681766567,0.1335548330193243,0.12520524407442635
F15-ND01 development diagnostic; original F15 result unchanged,v2/work_logs/F15_ND01_v1_run1/evaluation_attempt_1/search_0_evaluation.json,df84abf6bc0be7f49a4d9441edb5b07a07221767c495d3d9d56861f3f987f046,0,1500401,1510691,cost_corr/budget_1024/robust,cost_corr,1024,robust,0,preserve_other,8192,0.04319636217830069,0.0027572706829790995,0.052509719890503126,0.1631284404133989,0.8779296875,0.05230404956060589,0.16972847495183196,0.1259884892394731,,,,0.1220703125,0.01876427376394474,0.0004796417835603251,0.9505615234375,0.14535172775510863,0.02790630280686135,0.547607421875,0.01937045247450745,0.0005133685683027632,0.9449462890625,"[2,8,9,16,22,24,28,30]",984,0.0026007117087354847,0.9225233681766567,0.1335548330193243,0.12520524407442635
F15-ND01 development diagnostic; original F15 result unchanged,v2/work_logs/F15_ND01_v1_run1/evaluation_attempt_1/search_0_evaluation.json,df84abf6bc0be7f49a4d9441edb5b07a07221767c495d3d9d56861f3f987f046,0,1500401,1510691,cost_corr/budget_1024/robust,cost_corr,1024,robust,0,equal_target,8192,0.030721076197480175,0.0014484096823324472,0.038057977906510575,0.1436678796706562,0.9239501953125,0.02948660470126585,1.7043713327065897e-17,0.02948660470126585,0.02948660470126585,,,0.0760498046875,0.02025855320298171,0.0005531511423467685,0.9561767578125,0.02025855320298171,0.0005531511423467685,0.9561767578125,0.14701553351149693,0.02854271244514215,0.5523681640625,"[2,8,9,16,22,24,28,30]",984,0.0026007117087354847,0.9225233681766567,0.1335548330193243,0.12520524407442635
F15-ND01 development diagnostic; original F15 result unchanged,v2/work_logs/F15_ND01_v1_run1/evaluation_attempt_1/search_0_evaluation.json,df84abf6bc0be7f49a4d9441edb5b07a07221767c495d3d9d56861f3f987f046,0,1500401,1510691,cost_corr/budget_1024/robust,cost_corr,1024,robust,0,scale_separating,8192,0.047594122741927355,0.0033715073666222457,0.058064682610191244,0.1805228070906033,0.870361328125,0.055873335976695374,0.18773455244552628,0.14176670951575174,,,,0.129638671875,0.018658889708186324,0.00048267255836933673,0.9639892578125,0.16417661161255934,0.034764483399483716,0.5225830078125,0.13980795154350126,0.028170771365394406,0.6121826171875,"[2,8,9,16,22,24,28,30]",984,0.0026007117087354847,0.9225233681766567,0.1335548330193243,0.12520524407442635
F15-ND01 development diagnostic; original F15 result unchanged,v2/work_logs/F15_ND01_v1_run1/evaluation_attempt_1/search_0_evaluation.json,df84abf6bc0be7f49a4d9441edb5b07a07221767c495d3d9d56861f3f987f046,0,1500401,1510691,cost_corr/budget_1024/robust,cost_corr,1024,robust,1,mixed_near,8192,0.02599624029936708,0.0012044272678643471,0.03470485942723796,0.1476258624590569,0.7200927734375,0.030973308024764334,0.16428089235272608,0.15109274656543742,,,,0.2799072265625,0.02036268370938084,0.0005466263127452353,0.9969482421875,0.14325222461870862,0.025546515148514373,0.48291015625,0.14679264124133887,0.026784711466557122,0.48095703125,"[0,4,5,10,14,17,29,30]",469,0.00145793667443183,0.6875243423350308,0.2219353192463571,0.09696880639992855
F15-ND01 development diagnostic; original F15 result unchanged,v2/work_logs/F15_ND01_v1_run1/evaluation_attempt_1/search_0_evaluation.json,df84abf6bc0be7f49a4d9441edb5b07a07221767c495d3d9d56861f3f987f046,0,1500401,1510691,cost_corr/budget_1024/robust,cost_corr,1024,robust,1,mixed_far,8192,0.03546672399281513,0.001791422580591458,0.04232520030184687,0.14655180164650272,1.0,0.036198618905055276,0.16992689661236599,0.14648317915594722,,,,0.0,0.0168688346642619,0.000395736150074405,0.96142578125,0.15338845913545152,0.03036600772698697,0.7667236328125,0.14468290965289352,0.027414636136231345,0.7999267578125,"[0,4,5,10,14,17,29,30]",469,0.00145793667443183,0.6875243423350308,0.2219353192463571,0.09696880639992855
F15-ND01 development diagnostic; original F15 result unchanged,v2/work_logs/F15_ND01_v1_run1/evaluation_attempt_1/search_0_evaluation.json,df84abf6bc0be7f49a4d9441edb5b07a07221767c495d3d9d56861f3f987f046,0,1500401,1510691,cost_corr/budget_1024/robust,cost_corr,1024,robust,1,preserve_other,8192,0.030454938347795175,0.0015052901674697285,0.03879806912037928,0.17285677612579387,0.9237060546875,0.03501007156324549,0.1687729491120812,0.1496138880083395,,,,0.0762939453125,0.020005712895715035,0.0005382576162774599,0.95654296875,0.1484435660455591,0.029280103258025412,0.5458984375,0.019571263262787204,0.0005334657975332752,0.95849609375,"[0,4,5,10,14,17,29,30]",469,0.00145793667443183,0.6875243423350308,0.2219353192463571,0.09696880639992855
F15-ND01 development diagnostic; original F15 result unchanged,v2/work_logs/F15_ND01_v1_run1/evaluation_attempt_1/search_0_evaluation.json,df84abf6bc0be7f49a4d9441edb5b07a07221767c495d3d9d56861f3f987f046,0,1500401,1510691,cost_corr/budget_1024/robust,cost_corr,1024,robust,1,equal_target,8192,0.03127498819623684,0.0014683127575606896,0.03831856935691479,0.11562390037935733,0.926513671875,0.03267007658920604,1.6365348541700844e-17,0.03267007658920604,0.03267007658920604,,,0.073486328125,0.018448854760144948,0.00046630163632927467,0.95361328125,0.018448854760144948,0.00046630163632927467,0.95361328125,0.14773318055349804,0.028664830790942654,0.544189453125,"[0,4,5,10,14,17,29,30]",469,0.00145793667443183,0.6875243423350308,0.2219353192463571,0.09696880639992855
F15-ND01 development diagnostic; original F15 result unchanged,v2/work_logs/F15_ND01_v1_run1/evaluation_attempt_1/search_0_evaluation.json,df84abf6bc0be7f49a4d9441edb5b07a07221767c495d3d9d56861f3f987f046,0,1500401,1510691,cost_corr/budget_1024/robust,cost_corr,1024,robust,1,scale_separating,8192,0.033568196459724066,0.0018181251778296077,0.042639479098947816,0.1660939218027287,0.92236328125,0.0392360420022028,0.18641875103675282,0.16887407553628753,,,,0.07763671875,0.019882940719636543,0.0005411260966711711,0.95654296875,0.1631002276853128,0.034483047331399466,0.529296875,0.13940504782658586,0.028176054782147936,0.6153564453125,"[0,4,5,10,14,17,29,30]",469,0.00145793667443183,0.6875243423350308,0.2219353192463571,0.09696880639992855
F15-ND01 development diagnostic; original F15 result unchanged,v2/work_logs/F15_ND01_v1_run1/evaluation_attempt_1/search_0_evaluation.json,df84abf6bc0be7f49a4d9441edb5b07a07221767c495d3d9d56861f3f987f046,0,1500401,1510691,cost_corr/budget_128/frozen_mse,cost_corr,128,frozen_mse,0,mixed_near,8192,0.04515515942794333,0.0030034429689128656,0.05480367660032368,0.16769642315176952,0.61572265625,0.052043680961775515,0.16393401066799693,0.12093514133340312,,,,0.38427734375,0.01839667010610618,0.0004559794061549527,0.99658203125,0.1455739038737463,0.02654293943487924,0.4803466796875,0.14380780800565635,0.025828196399336395,0.4769287109375,"[0,2,8,9,16,23,24,28]",0,0.002750402332088697,0.9847790803672865,0.13894960538674347,0.1376981182721242
F15-ND01 development diagnostic; original F15 result unchanged,v2/work_logs/F15_ND01_v1_run1/evaluation_attempt_1/search_0_evaluation.json,df84abf6bc0be7f49a4d9441edb5b07a07221767c495d3d9d56861f3f987f046,0,1500401,1510691,cost_corr/budget_128/frozen_mse,cost_corr,128,frozen_mse,0,mixed_far,8192,0.04282136827650043,0.0027168306399347327,0.05212322553271941,0.17644993251976482,0.99951171875,0.05195756243394381,0.17074496586013568,0.12602801667924,,,,0.00048828125,0.019949975536485243,0.0005474592567278685,0.95654296875,0.1480179875752822,0.02831830100725257,0.781005859375,0.15263336893440538,0.030188206489310247,0.7646484375,"[0,2,8,9,16,23,24,28]",0,0.002750402332088697,0.9847790803672865,0.13894960538674347,0.1376981182721242
F15-ND01 development diagnostic; original F15 result unchanged,v2/work_logs/F15_ND01_v1_run1/evaluation_attempt_1/search_0_evaluation.json,df84abf6bc0be7f49a4d9441edb5b07a07221767c495d3d9d56861f3f987f046,0,1500401,1510691,cost_corr/budget_128/frozen_mse,cost_corr,128,frozen_mse,0,preserve_other,8192,0.04438593460386271,0.002903335499643226,0.05388260850815619,0.16172816989828348,0.87158203125,0.0535572023863377,0.16972847495183196,0.12277920507014406,,,,0.12841796875,0.01876427376394474,0.0004796417835603251,0.9505615234375,0.14535172775510863,0.02790630280686135,0.547607421875,0.01937045247450745,0.0005133685683027632,0.9449462890625,"[0,2,8,9,16,23,24,28]",0,0.002750402332088697,0.9847790803672865,0.13894960538674347,0.1376981182721242
F15-ND01 development diagnostic; original F15 result unchanged,v2/work_logs/F15_ND01_v1_run1/evaluation_attempt_1/search_0_evaluation.json,df84abf6bc0be7f49a4d9441edb5b07a07221767c495d3d9d56861f3f987f046,0,1500401,1510691,cost_corr/budget_128/frozen_mse,cost_corr,128,frozen_mse,0,equal_target,8192,0.02839776233594043,0.00120324623368881,0.03468783985330897,0.12910943810998027,0.92919921875,0.0261051689932596,1.7043713327065897e-17,0.0261051689932596,0.0261051689932596,,,0.07080078125,0.02025855320298171,0.0005531511423467685,0.9561767578125,0.02025855320298171,0.0005531511423467685,0.9561767578125,0.14701553351149693,0.02854271244514215,0.5523681640625,"[0,2,8,9,16,23,24,28]",0,0.002750402332088697,0.9847790803672865,0.13894960538674347,0.1376981182721242
F15-ND01 development diagnostic; original F15 result unchanged,v2/work_logs/F15_ND01_v1_run1/evaluation_attempt_1/search_0_evaluation.json,df84abf6bc0be7f49a4d9441edb5b07a07221767c495d3d9d56861f3f987f046,0,1500401,1510691,cost_corr/budget_128/frozen_mse,cost_corr,128,frozen_mse,0,scale_separating,8192,0.049697967065465545,0.003587907295310789,0.05989914269261947,0.17173155131032214,0.85595703125,0.05826994210713014,0.18773455244552628,0.13646433318413387,,,,0.14404296875,0.018658889708186324,0.00048267255836933673,0.9639892578125,0.16417661161255934,0.034764483399483716,0.5225830078125,0.13980795154350126,0.028170771365394406,0.6121826171875,"[0,2,8,9,16,23,24,28]",0,0.002750402332088697,0.9847790803672865,0.13894960538674347,0.1376981182721242
F15-ND01 development diagnostic; original F15 result unchanged,v2/work_logs/F15_ND01_v1_run1/evaluation_attempt_1/search_0_evaluation.json,df84abf6bc0be7f49a4d9441edb5b07a07221767c495d3d9d56861f3f987f046,0,1500401,1510691,cost_corr/budget_128/frozen_mse,cost_corr,128,frozen_mse,1,mixed_near,8192,0.028927375307123665,0.001536706391778967,0.03920084682476856,0.1700852776332249,0.7069091796875,0.03682656248068065,0.16428089235272608,0.14677960739445586,,,,0.2930908203125,0.02036268370938084,0.0005466263127452353,0.9969482421875,0.14325222461870862,0.025546515148514373,0.48291015625,0.14679264124133887,0.026784711466557122,0.48095703125,"[4,5,8,10,11,14,23,30]",96,0.0016898926570359791,0.7170454549035795,0.23357170547150757,0.10744554665210944
F15-ND01 development diagnostic; original F15 result unchanged,v2/work_logs/F15_ND01_v1_run1/evaluation_attempt_1/search_0_evaluation.json,df84abf6bc0be7f49a4d9441edb5b07a07221767c495d3d9d56861f3f987f046,0,1500401,1510691,cost_corr/budget_128/frozen_mse,cost_corr,128,frozen_mse,1,mixed_far,8192,0.035983276156774824,0.0018773771096209915,0.04332870999257873,0.17038350480751047,0.999755859375,0.037450361599705335,0.16992689661236599,0.14778079023626092,,,,0.000244140625,0.0168688346642619,0.000395736150074405,0.96142578125,0.15338845913545152,0.03036600772698697,0.7667236328125,0.14468290965289352,0.027414636136231345,0.7999267578125,"[4,5,8,10,11,14,23,30]",96,0.0016898926570359791,0.7170454549035795,0.23357170547150757,0.10744554665210944
F15-ND01 development diagnostic; original F15 result unchanged,v2/work_logs/F15_ND01_v1_run1/evaluation_attempt_1/search_0_evaluation.json,df84abf6bc0be7f49a4d9441edb5b07a07221767c495d3d9d56861f3f987f046,0,1500401,1510691,cost_corr/budget_128/frozen_mse,cost_corr,128,frozen_mse,1,preserve_other,8192,0.03249234684301879,0.0017456719038618795,0.04178123865877937,0.1731777148265347,0.9208984375,0.03961094124045059,0.1687729491120812,0.15259171629391152,,,,0.0791015625,0.020005712895715035,0.0005382576162774599,0.95654296875,0.1484435660455591,0.029280103258025412,0.5458984375,0.019571263262787204,0.0005334657975332752,0.95849609375,"[4,5,8,10,11,14,23,30]",96,0.0016898926570359791,0.7170454549035795,0.23357170547150757,0.10744554665210944
F15-ND01 development diagnostic; original F15 result unchanged,v2/work_logs/F15_ND01_v1_run1/evaluation_attempt_1/search_0_evaluation.json,df84abf6bc0be7f49a4d9441edb5b07a07221767c495d3d9d56861f3f987f046,0,1500401,1510691,cost_corr/budget_128/frozen_mse,cost_corr,128,frozen_mse,1,equal_target,8192,0.03413619595947473,0.0017401762657463069,0.041715419999639305,0.15326253168175785,0.9163818359375,0.036111128570745187,1.6365348541700844e-17,0.036111128570745187,0.036111128570745187,,,0.0836181640625,0.018448854760144948,0.00046630163632927467,0.95361328125,0.018448854760144948,0.00046630163632927467,0.95361328125,0.14773318055349804,0.028664830790942654,0.544189453125,"[4,5,8,10,11,14,23,30]",96,0.0016898926570359791,0.7170454549035795,0.23357170547150757,0.10744554665210944
F15-ND01 development diagnostic; original F15 result unchanged,v2/work_logs/F15_ND01_v1_run1/evaluation_attempt_1/search_0_evaluation.json,df84abf6bc0be7f49a4d9441edb5b07a07221767c495d3d9d56861f3f987f046,0,1500401,1510691,cost_corr/budget_128/frozen_mse,cost_corr,128,frozen_mse,1,scale_separating,8192,0.03432778732404451,0.0020168446887515886,0.04490929401306135,0.19837606238665417,0.91845703125,0.04239822373384221,0.18641875103675282,0.17187651771039422,,,,0.08154296875,0.019882940719636543,0.0005411260966711711,0.95654296875,0.1631002276853128,0.034483047331399466,0.529296875,0.13940504782658586,0.028176054782147936,0.6153564453125,"[4,5,8,10,11,14,23,30]",96,0.0016898926570359791,0.7170454549035795,0.23357170547150757,0.10744554665210944
F15-ND01 development diagnostic; original F15 result unchanged,v2/work_logs/F15_ND01_v1_run1/evaluation_attempt_1/search_0_evaluation.json,df84abf6bc0be7f49a4d9441edb5b07a07221767c495d3d9d56861f3f987f046,0,1500401,1510691,cost_corr/budget_128/robust,cost_corr,128,robust,0,mixed_near,8192,0.04515515942794333,0.0030034429689128656,0.05480367660032368,0.16769642315176952,0.61572265625,0.052043680961775515,0.16393401066799693,0.12093514133340312,,,,0.38427734375,0.01839667010610618,0.0004559794061549527,0.99658203125,0.1455739038737463,0.02654293943487924,0.4803466796875,0.14380780800565635,0.025828196399336395,0.4769287109375,"[0,2,8,9,16,23,24,28]",0,0.002750402332088697,0.9847790803672865,0.13894960538674347,0.1376981182721242
F15-ND01 development diagnostic; original F15 result unchanged,v2/work_logs/F15_ND01_v1_run1/evaluation_attempt_1/search_0_evaluation.json,df84abf6bc0be7f49a4d9441edb5b07a07221767c495d3d9d56861f3f987f046,0,1500401,1510691,cost_corr/budget_128/robust,cost_corr,128,robust,0,mixed_far,8192,0.04282136827650043,0.0027168306399347327,0.05212322553271941,0.17644993251976482,0.99951171875,0.05195756243394381,0.17074496586013568,0.12602801667924,,,,0.00048828125,0.019949975536485243,0.0005474592567278685,0.95654296875,0.1480179875752822,0.02831830100725257,0.781005859375,0.15263336893440538,0.030188206489310247,0.7646484375,"[0,2,8,9,16,23,24,28]",0,0.002750402332088697,0.9847790803672865,0.13894960538674347,0.1376981182721242
F15-ND01 development diagnostic; original F15 result unchanged,v2/work_logs/F15_ND01_v1_run1/evaluation_attempt_1/search_0_evaluation.json,df84abf6bc0be7f49a4d9441edb5b07a07221767c495d3d9d56861f3f987f046,0,1500401,1510691,cost_corr/budget_128/robust,cost_corr,128,robust,0,preserve_other,8192,0.04438593460386271,0.002903335499643226,0.05388260850815619,0.16172816989828348,0.87158203125,0.0535572023863377,0.16972847495183196,0.12277920507014406,,,,0.12841796875,0.01876427376394474,0.0004796417835603251,0.9505615234375,0.14535172775510863,0.02790630280686135,0.547607421875,0.01937045247450745,0.0005133685683027632,0.9449462890625,"[0,2,8,9,16,23,24,28]",0,0.002750402332088697,0.9847790803672865,0.13894960538674347,0.1376981182721242
F15-ND01 development diagnostic; original F15 result unchanged,v2/work_logs/F15_ND01_v1_run1/evaluation_attempt_1/search_0_evaluation.json,df84abf6bc0be7f49a4d9441edb5b07a07221767c495d3d9d56861f3f987f046,0,1500401,1510691,cost_corr/budget_128/robust,cost_corr,128,robust,0,equal_target,8192,0.02839776233594043,0.00120324623368881,0.03468783985330897,0.12910943810998027,0.92919921875,0.0261051689932596,1.7043713327065897e-17,0.0261051689932596,0.0261051689932596,,,0.07080078125,0.02025855320298171,0.0005531511423467685,0.9561767578125,0.02025855320298171,0.0005531511423467685,0.9561767578125,0.14701553351149693,0.02854271244514215,0.5523681640625,"[0,2,8,9,16,23,24,28]",0,0.002750402332088697,0.9847790803672865,0.13894960538674347,0.1376981182721242
F15-ND01 development diagnostic; original F15 result unchanged,v2/work_logs/F15_ND01_v1_run1/evaluation_attempt_1/search_0_evaluation.json,df84abf6bc0be7f49a4d9441edb5b07a07221767c495d3d9d56861f3f987f046,0,1500401,1510691,cost_corr/budget_128/robust,cost_corr,128,robust,0,scale_separating,8192,0.049697967065465545,0.003587907295310789,0.05989914269261947,0.17173155131032214,0.85595703125,0.05826994210713014,0.18773455244552628,0.13646433318413387,,,,0.14404296875,0.018658889708186324,0.00048267255836933673,0.9639892578125,0.16417661161255934,0.034764483399483716,0.5225830078125,0.13980795154350126,0.028170771365394406,0.6121826171875,"[0,2,8,9,16,23,24,28]",0,0.002750402332088697,0.9847790803672865,0.13894960538674347,0.1376981182721242
F15-ND01 development diagnostic; original F15 result unchanged,v2/work_logs/F15_ND01_v1_run1/evaluation_attempt_1/search_0_evaluation.json,df84abf6bc0be7f49a4d9441edb5b07a07221767c495d3d9d56861f3f987f046,0,1500401,1510691,cost_corr/budget_128/robust,cost_corr,128,robust,1,mixed_near,8192,0.028927375307123665,0.001536706391778967,0.03920084682476856,0.1700852776332249,0.7069091796875,0.03682656248068065,0.16428089235272608,0.14677960739445586,,,,0.2930908203125,0.02036268370938084,0.0005466263127452353,0.9969482421875,0.14325222461870862,0.025546515148514373,0.48291015625,0.14679264124133887,0.026784711466557122,0.48095703125,"[4,5,8,10,11,14,23,30]",96,0.0016898926570359791,0.7170454549035795,0.23357170547150757,0.10744554665210944
F15-ND01 development diagnostic; original F15 result unchanged,v2/work_logs/F15_ND01_v1_run1/evaluation_attempt_1/search_0_evaluation.json,df84abf6bc0be7f49a4d9441edb5b07a07221767c495d3d9d56861f3f987f046,0,1500401,1510691,cost_corr/budget_128/robust,cost_corr,128,robust,1,mixed_far,8192,0.035983276156774824,0.0018773771096209915,0.04332870999257873,0.17038350480751047,0.999755859375,0.037450361599705335,0.16992689661236599,0.14778079023626092,,,,0.000244140625,0.0168688346642619,0.000395736150074405,0.96142578125,0.15338845913545152,0.03036600772698697,0.7667236328125,0.14468290965289352,0.027414636136231345,0.7999267578125,"[4,5,8,10,11,14,23,30]",96,0.0016898926570359791,0.7170454549035795,0.23357170547150757,0.10744554665210944
F15-ND01 development diagnostic; original F15 result unchanged,v2/work_logs/F15_ND01_v1_run1/evaluation_attempt_1/search_0_evaluation.json,df84abf6bc0be7f49a4d9441edb5b07a07221767c495d3d9d56861f3f987f046,0,1500401,1510691,cost_corr/budget_128/robust,cost_corr,128,robust,1,preserve_other,8192,0.03249234684301879,0.0017456719038618795,0.04178123865877937,0.1731777148265347,0.9208984375,0.03961094124045059,0.1687729491120812,0.15259171629391152,,,,0.0791015625,0.020005712895715035,0.0005382576162774599,0.95654296875,0.1484435660455591,0.029280103258025412,0.5458984375,0.019571263262787204,0.0005334657975332752,0.95849609375,"[4,5,8,10,11,14,23,30]",96,0.0016898926570359791,0.7170454549035795,0.23357170547150757,0.10744554665210944
F15-ND01 development diagnostic; original F15 result unchanged,v2/work_logs/F15_ND01_v1_run1/evaluation_attempt_1/search_0_evaluation.json,df84abf6bc0be7f49a4d9441edb5b07a07221767c495d3d9d56861f3f987f046,0,1500401,1510691,cost_corr/budget_128/robust,cost_corr,128,robust,1,equal_target,8192,0.03413619595947473,0.0017401762657463069,0.041715419999639305,0.15326253168175785,0.9163818359375,0.036111128570745187,1.6365348541700844e-17,0.036111128570745187,0.036111128570745187,,,0.0836181640625,0.018448854760144948,0.00046630163632927467,0.95361328125,0.018448854760144948,0.00046630163632927467,0.95361328125,0.14773318055349804,0.028664830790942654,0.544189453125,"[4,5,8,10,11,14,23,30]",96,0.0016898926570359791,0.7170454549035795,0.23357170547150757,0.10744554665210944
F15-ND01 development diagnostic; original F15 result unchanged,v2/work_logs/F15_ND01_v1_run1/evaluation_attempt_1/search_0_evaluation.json,df84abf6bc0be7f49a4d9441edb5b07a07221767c495d3d9d56861f3f987f046,0,1500401,1510691,cost_corr/budget_128/robust,cost_corr,128,robust,1,scale_separating,8192,0.03432778732404451,0.0020168446887515886,0.04490929401306135,0.19837606238665417,0.91845703125,0.04239822373384221,0.18641875103675282,0.17187651771039422,,,,0.08154296875,0.019882940719636543,0.0005411260966711711,0.95654296875,0.1631002276853128,0.034483047331399466,0.529296875,0.13940504782658586,0.028176054782147936,0.6153564453125,"[4,5,8,10,11,14,23,30]",96,0.0016898926570359791,0.7170454549035795,0.23357170547150757,0.10744554665210944
F15-ND01 development diagnostic; original F15 result unchanged,v2/work_logs/F15_ND01_v1_run1/evaluation_attempt_1/search_0_evaluation.json,df84abf6bc0be7f49a4d9441edb5b07a07221767c495d3d9d56861f3f987f046,0,1500401,1510691,log_cost_corr/budget_1024/frozen_mse,log_cost_corr,1024,frozen_mse,0,mixed_near,8192,0.04359665783692805,0.0028120583474539407,0.05302884448537362,0.16309536870096764,0.6212158203125,0.05019363121147818,0.16393401066799693,0.12318314126505066,,,,0.3787841796875,0.01839667010610618,0.0004559794061549527,0.99658203125,0.1455739038737463,0.02654293943487924,0.4803466796875,0.14380780800565635,0.025828196399336395,0.4769287109375,"[0,2,7,9,16,23,24,28]",466,0.0026459218817827504,0.9611184655807583,0.12776871082102192,0.1342811443712639
F15-ND01 development diagnostic; original F15 result unchanged,v2/work_logs/F15_ND01_v1_run1/evaluation_attempt_1/search_0_evaluation.json,df84abf6bc0be7f49a4d9441edb5b07a07221767c495d3d9d56861f3f987f046,0,1500401,1510691,log_cost_corr/budget_1024/frozen_mse,log_cost_corr,1024,frozen_mse,0,mixed_far,8192,0.042067061394801354,0.0026243297194954557,0.051228212144241926,0.17542543389412102,0.99951171875,0.050929938227506466,0.17074496586013568,0.12734356110442088,,,,0.00048828125,0.019949975536485243,0.0005474592567278685,0.95654296875,0.1480179875752822,0.02831830100725257,0.781005859375,0.15263336893440538,0.030188206489310247,0.7646484375,"[0,2,7,9,16,23,24,28]",466,0.0026459218817827504,0.9611184655807583,0.12776871082102192,0.1342811443712639
F15-ND01 development diagnostic; original F15 result unchanged,v2/work_logs/F15_ND01_v1_run1/evaluation_attempt_1/search_0_evaluation.json,df84abf6bc0be7f49a4d9441edb5b07a07221767c495d3d9d56861f3f987f046,0,1500401,1510691,log_cost_corr/budget_1024/frozen_mse,log_cost_corr,1024,frozen_mse,0,preserve_other,8192,0.04335387327994465,0.0027789075287339734,0.05271534433856971,0.1590462215312783,0.87548828125,0.052369013284112406,0.16972847495183196,0.1242485960683867,,,,0.12451171875,0.01876427376394474,0.0004796417835603251,0.9505615234375,0.14535172775510863,0.02790630280686135,0.547607421875,0.01937045247450745,0.0005133685683027632,0.9449462890625,"[0,2,7,9,16,23,24,28]",466,0.0026459218817827504,0.9611184655807583,0.12776871082102192,0.1342811443712639
F15-ND01 development diagnostic; original F15 result unchanged,v2/work_logs/F15_ND01_v1_run1/evaluation_attempt_1/search_0_evaluation.json,df84abf6bc0be7f49a4d9441edb5b07a07221767c495d3d9d56861f3f987f046,0,1500401,1510691,log_cost_corr/budget_1024/frozen_mse,log_cost_corr,1024,frozen_mse,0,equal_target,8192,0.028364550160391914,0.0012025975851098609,0.03467848879507094,0.1279810770160929,0.9295654296875,0.026030035014539044,1.7043713327065897e-17,0.026030035014539044,0.026030035014539044,,,0.0704345703125,0.02025855320298171,0.0005531511423467685,0.9561767578125,0.02025855320298171,0.0005531511423467685,0.9561767578125,0.14701553351149693,0.02854271244514215,0.5523681640625,"[0,2,7,9,16,23,24,28]",466,0.0026459218817827504,0.9611184655807583,0.12776871082102192,0.1342811443712639
F15-ND01 development diagnostic; original F15 result unchanged,v2/work_logs/F15_ND01_v1_run1/evaluation_attempt_1/search_0_evaluation.json,df84abf6bc0be7f49a4d9441edb5b07a07221767c495d3d9d56861f3f987f046,0,1500401,1510691,log_cost_corr/budget_1024/frozen_mse,log_cost_corr,1024,frozen_mse,0,scale_separating,8192,0.048336350986232096,0.0034143209640223678,0.05843219116225548,0.1661952330554627,0.8597412109375,0.05671257696718309,0.18773455244552628,0.13829835268675655,,,,0.1402587890625,0.018658889708186324,0.00048267255836933673,0.9639892578125,0.16417661161255934,0.034764483399483716,0.5225830078125,0.13980795154350126,0.028170771365394406,0.6121826171875,"[0,2,7,9,16,23,24,28]",466,0.0026459218817827504,0.9611184655807583,0.12776871082102192,0.1342811443712639
F15-ND01 development diagnostic; original F15 result unchanged,v2/work_logs/F15_ND01_v1_run1/evaluation_attempt_1/search_0_evaluation.json,df84abf6bc0be7f49a4d9441edb5b07a07221767c495d3d9d56861f3f987f046,0,1500401,1510691,log_cost_corr/budget_1024/frozen_mse,log_cost_corr,1024,frozen_mse,1,mixed_near,8192,0.026904968116296633,0.0011623461055374387,0.034093197349873754,0.14921211641462334,0.693115234375,0.028830440646047884,0.16428089235272608,0.1588371872193866,,,,0.306884765625,0.02036268370938084,0.0005466263127452353,0.9969482421875,0.14325222461870862,0.025546515148514373,0.48291015625,0.14679264124133887,0.026784711466557122,0.48095703125,"[0,4,5,10,11,22,25,30]",576,0.001357269485839541,0.6699997618740331,0.18829862346838228,0.09218204621774255
F15-ND01 development diagnostic; original F15 result unchanged,v2/work_logs/F15_ND01_v1_run1/evaluation_attempt_1/search_0_evaluation.json,df84abf6bc0be7f49a4d9441edb5b07a07221767c495d3d9d56861f3f987f046,0,1500401,1510691,log_cost_corr/budget_1024/frozen_mse,log_cost_corr,1024,frozen_mse,1,mixed_far,8192,0.0339836951789214,0.0016894914896286085,0.041103424305386146,0.147744753946926,1.0,0.03488728767874204,0.16992689661236599,0.1516754657750167,,,,0.0,0.0168688346642619,0.000395736150074405,0.96142578125,0.15338845913545152,0.03036600772698697,0.7667236328125,0.14468290965289352,0.027414636136231345,0.7999267578125,"[0,4,5,10,11,22,25,30]",576,0.001357269485839541,0.6699997618740331,0.18829862346838228,0.09218204621774255
F15-ND01 development diagnostic; original F15 result unchanged,v2/work_logs/F15_ND01_v1_run1/evaluation_attempt_1/search_0_evaluation.json,df84abf6bc0be7f49a4d9441edb5b07a07221767c495d3d9d56861f3f987f046,0,1500401,1510691,log_cost_corr/budget_1024/frozen_mse,log_cost_corr,1024,frozen_mse,1,preserve_other,8192,0.027965130458889716,0.0012485463158008292,0.03533477487972478,0.14942904027671416,0.9327392578125,0.031107601139719585,0.1687729491120812,0.15324906916795186,,,,0.0672607421875,0.020005712895715035,0.0005382576162774599,0.95654296875,0.1484435660455591,0.029280103258025412,0.5458984375,0.019571263262787204,0.0005334657975332752,0.95849609375,"[0,4,5,10,11,22,25,30]",576,0.001357269485839541,0.6699997618740331,0.18829862346838228,0.09218204621774255
F15-ND01 development diagnostic; original F15 result unchanged,v2/work_logs/F15_ND01_v1_run1/evaluation_attempt_1/search_0_evaluation.json,df84abf6bc0be7f49a4d9441edb5b07a07221767c495d3d9d56861f3f987f046,0,1500401,1510691,log_cost_corr/budget_1024/frozen_mse,log_cost_corr,1024,frozen_mse,1,equal_target,8192,0.03209798915513094,0.0015398059989120158,0.03924036186010542,0.11590043797390104,0.9251708984375,0.03322409504748097,1.6365348541700844e-17,0.03322409504748097,0.03322409504748097,,,0.0748291015625,0.018448854760144948,0.00046630163632927467,0.95361328125,0.018448854760144948,0.00046630163632927467,0.95361328125,0.14773318055349804,0.028664830790942654,0.544189453125,"[0,4,5,10,11,22,25,30]",576,0.001357269485839541,0.6699997618740331,0.18829862346838228,0.09218204621774255
F15-ND01 development diagnostic; original F15 result unchanged,v2/work_logs/F15_ND01_v1_run1/evaluation_attempt_1/search_0_evaluation.json,df84abf6bc0be7f49a4d9441edb5b07a07221767c495d3d9d56861f3f987f046,0,1500401,1510691,log_cost_corr/budget_1024/frozen_mse,log_cost_corr,1024,frozen_mse,1,scale_separating,8192,0.032226392118716155,0.0016447706349007308,0.04055577190611382,0.16881134898045053,0.92236328125,0.036370463385597095,0.18641875103675282,0.17517961510227545,,,,0.07763671875,0.019882940719636543,0.0005411260966711711,0.95654296875,0.1631002276853128,0.034483047331399466,0.529296875,0.13940504782658586,0.028176054782147936,0.6153564453125,"[0,4,5,10,11,22,25,30]",576,0.001357269485839541,0.6699997618740331,0.18829862346838228,0.09218204621774255
F15-ND01 development diagnostic; original F15 result unchanged,v2/work_logs/F15_ND01_v1_run1/evaluation_attempt_1/search_0_evaluation.json,df84abf6bc0be7f49a4d9441edb5b07a07221767c495d3d9d56861f3f987f046,0,1500401,1510691,log_cost_corr/budget_1024/robust,log_cost_corr,1024,robust,0,mixed_near,8192,0.04359665783692805,0.0028120583474539407,0.05302884448537362,0.16309536870096764,0.6212158203125,0.05019363121147818,0.16393401066799693,0.12318314126505066,,,,0.3787841796875,0.01839667010610618,0.0004559794061549527,0.99658203125,0.1455739038737463,0.02654293943487924,0.4803466796875,0.14380780800565635,0.025828196399336395,0.4769287109375,"[0,2,7,9,16,23,24,28]",466,0.0026459218817827504,0.9611184655807583,0.12776871082102192,0.1342811443712639
F15-ND01 development diagnostic; original F15 result unchanged,v2/work_logs/F15_ND01_v1_run1/evaluation_attempt_1/search_0_evaluation.json,df84abf6bc0be7f49a4d9441edb5b07a07221767c495d3d9d56861f3f987f046,0,1500401,1510691,log_cost_corr/budget_1024/robust,log_cost_corr,1024,robust,0,mixed_far,8192,0.042067061394801354,0.0026243297194954557,0.051228212144241926,0.17542543389412102,0.99951171875,0.050929938227506466,0.17074496586013568,0.12734356110442088,,,,0.00048828125,0.019949975536485243,0.0005474592567278685,0.95654296875,0.1480179875752822,0.02831830100725257,0.781005859375,0.15263336893440538,0.030188206489310247,0.7646484375,"[0,2,7,9,16,23,24,28]",466,0.0026459218817827504,0.9611184655807583,0.12776871082102192,0.1342811443712639
F15-ND01 development diagnostic; original F15 result unchanged,v2/work_logs/F15_ND01_v1_run1/evaluation_attempt_1/search_0_evaluation.json,df84abf6bc0be7f49a4d9441edb5b07a07221767c495d3d9d56861f3f987f046,0,1500401,1510691,log_cost_corr/budget_1024/robust,log_cost_corr,1024,robust,0,preserve_other,8192,0.04335387327994465,0.0027789075287339734,0.05271534433856971,0.1590462215312783,0.87548828125,0.052369013284112406,0.16972847495183196,0.1242485960683867,,,,0.12451171875,0.01876427376394474,0.0004796417835603251,0.9505615234375,0.14535172775510863,0.02790630280686135,0.547607421875,0.01937045247450745,0.0005133685683027632,0.9449462890625,"[0,2,7,9,16,23,24,28]",466,0.0026459218817827504,0.9611184655807583,0.12776871082102192,0.1342811443712639
F15-ND01 development diagnostic; original F15 result unchanged,v2/work_logs/F15_ND01_v1_run1/evaluation_attempt_1/search_0_evaluation.json,df84abf6bc0be7f49a4d9441edb5b07a07221767c495d3d9d56861f3f987f046,0,1500401,1510691,log_cost_corr/budget_1024/robust,log_cost_corr,1024,robust,0,equal_target,8192,0.028364550160391914,0.0012025975851098609,0.03467848879507094,0.1279810770160929,0.9295654296875,0.026030035014539044,1.7043713327065897e-17,0.026030035014539044,0.026030035014539044,,,0.0704345703125,0.02025855320298171,0.0005531511423467685,0.9561767578125,0.02025855320298171,0.0005531511423467685,0.9561767578125,0.14701553351149693,0.02854271244514215,0.5523681640625,"[0,2,7,9,16,23,24,28]",466,0.0026459218817827504,0.9611184655807583,0.12776871082102192,0.1342811443712639
F15-ND01 development diagnostic; original F15 result unchanged,v2/work_logs/F15_ND01_v1_run1/evaluation_attempt_1/search_0_evaluation.json,df84abf6bc0be7f49a4d9441edb5b07a07221767c495d3d9d56861f3f987f046,0,1500401,1510691,log_cost_corr/budget_1024/robust,log_cost_corr,1024,robust,0,scale_separating,8192,0.048336350986232096,0.0034143209640223678,0.05843219116225548,0.1661952330554627,0.8597412109375,0.05671257696718309,0.18773455244552628,0.13829835268675655,,,,0.1402587890625,0.018658889708186324,0.00048267255836933673,0.9639892578125,0.16417661161255934,0.034764483399483716,0.5225830078125,0.13980795154350126,0.028170771365394406,0.6121826171875,"[0,2,7,9,16,23,24,28]",466,0.0026459218817827504,0.9611184655807583,0.12776871082102192,0.1342811443712639
F15-ND01 development diagnostic; original F15 result unchanged,v2/work_logs/F15_ND01_v1_run1/evaluation_attempt_1/search_0_evaluation.json,df84abf6bc0be7f49a4d9441edb5b07a07221767c495d3d9d56861f3f987f046,0,1500401,1510691,log_cost_corr/budget_1024/robust,log_cost_corr,1024,robust,1,mixed_near,8192,0.026686903458792308,0.0011638877638076922,0.03411579932828326,0.1488887483395604,0.69970703125,0.02952738237393241,0.16428089235272608,0.156130302721907,,,,0.30029296875,0.02036268370938084,0.0005466263127452353,0.9969482421875,0.14325222461870862,0.025546515148514373,0.48291015625,0.14679264124133887,0.026784711466557122,0.48095703125,"[4,5,8,10,19,22,29,30]",671,0.001360024906428391,0.6603935648867622,0.1884135776727941,0.09359527678463311
F15-ND01 development diagnostic; original F15 result unchanged,v2/work_logs/F15_ND01_v1_run1/evaluation_attempt_1/search_0_evaluation.json,df84abf6bc0be7f49a4d9441edb5b07a07221767c495d3d9d56861f3f987f046,0,1500401,1510691,log_cost_corr/budget_1024/robust,log_cost_corr,1024,robust,1,mixed_far,8192,0.03386946530020084,0.0016814384244135533,0.04100534629061866,0.147744753946926,1.0,0.034776011180113905,0.16992689661236599,0.15063862420403104,,,,0.0,0.0168688346642619,0.000395736150074405,0.96142578125,0.15338845913545152,0.03036600772698697,0.7667236328125,0.14468290965289352,0.027414636136231345,0.7999267578125,"[4,5,8,10,19,22,29,30]",671,0.001360024906428391,0.6603935648867622,0.1884135776727941,0.09359527678463311
F15-ND01 development diagnostic; original F15 result unchanged,v2/work_logs/F15_ND01_v1_run1/evaluation_attempt_1/search_0_evaluation.json,df84abf6bc0be7f49a4d9441edb5b07a07221767c495d3d9d56861f3f987f046,0,1500401,1510691,log_cost_corr/budget_1024/robust,log_cost_corr,1024,robust,1,preserve_other,8192,0.02792710887728013,0.001246237386487601,0.035302087565576075,0.14942904027671416,0.9312744140625,0.03146139057384907,0.1687729491120812,0.1541313514292678,,,,0.0687255859375,0.020005712895715035,0.0005382576162774599,0.95654296875,0.1484435660455591,0.029280103258025412,0.5458984375,0.019571263262787204,0.0005334657975332752,0.95849609375,"[4,5,8,10,19,22,29,30]",671,0.001360024906428391,0.6603935648867622,0.1884135776727941,0.09359527678463311
F15-ND01 development diagnostic; original F15 result unchanged,v2/work_logs/F15_ND01_v1_run1/evaluation_attempt_1/search_0_evaluation.json,df84abf6bc0be7f49a4d9441edb5b07a07221767c495d3d9d56861f3f987f046,0,1500401,1510691,log_cost_corr/budget_1024/robust,log_cost_corr,1024,robust,1,equal_target,8192,0.031887588634731026,0.0015241018260538262,0.039039746746794175,0.11408333724238495,0.92529296875,0.03297350830581352,1.6365348541700844e-17,0.03297350830581352,0.03297350830581352,,,0.07470703125,0.018448854760144948,0.00046630163632927467,0.95361328125,0.018448854760144948,0.00046630163632927467,0.95361328125,0.14773318055349804,0.028664830790942654,0.544189453125,"[4,5,8,10,19,22,29,30]",671,0.001360024906428391,0.6603935648867622,0.1884135776727941,0.09359527678463311
F15-ND01 development diagnostic; original F15 result unchanged,v2/work_logs/F15_ND01_v1_run1/evaluation_attempt_1/search_0_evaluation.json,df84abf6bc0be7f49a4d9441edb5b07a07221767c495d3d9d56861f3f987f046,0,1500401,1510691,log_cost_corr/budget_1024/robust,log_cost_corr,1024,robust,1,scale_separating,8192,0.03156798004798281,0.0015995130140406448,0.03999391221224356,0.17061945216930197,0.925048828125,0.03589344388930814,0.18641875103675282,0.17499755987919044,,,,0.074951171875,0.019882940719636543,0.0005411260966711711,0.95654296875,0.1631002276853128,0.034483047331399466,0.529296875,0.13940504782658586,0.028176054782147936,0.6153564453125,"[4,5,8,10,19,22,29,30]",671,0.001360024906428391,0.6603935648867622,0.1884135776727941,0.09359527678463311
F15-ND01 development diagnostic; original F15 result unchanged,v2/work_logs/F15_ND01_v1_run1/evaluation_attempt_1/search_0_evaluation.json,df84abf6bc0be7f49a4d9441edb5b07a07221767c495d3d9d56861f3f987f046,0,1500401,1510691,log_cost_corr/budget_128/frozen_mse,log_cost_corr,128,frozen_mse,0,mixed_near,8192,0.04515515942794333,0.0030034429689128656,0.05480367660032368,0.16769642315176952,0.61572265625,0.052043680961775515,0.16393401066799693,0.12093514133340312,,,,0.38427734375,0.01839667010610618,0.0004559794061549527,0.99658203125,0.1455739038737463,0.02654293943487924,0.4803466796875,0.14380780800565635,0.025828196399336395,0.4769287109375,"[0,2,8,9,16,23,24,28]",0,0.002750402332088697,0.9847790803672865,0.13894960538674347,0.1376981182721242
F15-ND01 development diagnostic; original F15 result unchanged,v2/work_logs/F15_ND01_v1_run1/evaluation_attempt_1/search_0_evaluation.json,df84abf6bc0be7f49a4d9441edb5b07a07221767c495d3d9d56861f3f987f046,0,1500401,1510691,log_cost_corr/budget_128/frozen_mse,log_cost_corr,128,frozen_mse,0,mixed_far,8192,0.04282136827650043,0.0027168306399347327,0.05212322553271941,0.17644993251976482,0.99951171875,0.05195756243394381,0.17074496586013568,0.12602801667924,,,,0.00048828125,0.019949975536485243,0.0005474592567278685,0.95654296875,0.1480179875752822,0.02831830100725257,0.781005859375,0.15263336893440538,0.030188206489310247,0.7646484375,"[0,2,8,9,16,23,24,28]",0,0.002750402332088697,0.9847790803672865,0.13894960538674347,0.1376981182721242
F15-ND01 development diagnostic; original F15 result unchanged,v2/work_logs/F15_ND01_v1_run1/evaluation_attempt_1/search_0_evaluation.json,df84abf6bc0be7f49a4d9441edb5b07a07221767c495d3d9d56861f3f987f046,0,1500401,1510691,log_cost_corr/budget_128/frozen_mse,log_cost_corr,128,frozen_mse,0,preserve_other,8192,0.04438593460386271,0.002903335499643226,0.05388260850815619,0.16172816989828348,0.87158203125,0.0535572023863377,0.16972847495183196,0.12277920507014406,,,,0.12841796875,0.01876427376394474,0.0004796417835603251,0.9505615234375,0.14535172775510863,0.02790630280686135,0.547607421875,0.01937045247450745,0.0005133685683027632,0.9449462890625,"[0,2,8,9,16,23,24,28]",0,0.002750402332088697,0.9847790803672865,0.13894960538674347,0.1376981182721242
F15-ND01 development diagnostic; original F15 result unchanged,v2/work_logs/F15_ND01_v1_run1/evaluation_attempt_1/search_0_evaluation.json,df84abf6bc0be7f49a4d9441edb5b07a07221767c495d3d9d56861f3f987f046,0,1500401,1510691,log_cost_corr/budget_128/frozen_mse,log_cost_corr,128,frozen_mse,0,equal_target,8192,0.02839776233594043,0.00120324623368881,0.03468783985330897,0.12910943810998027,0.92919921875,0.0261051689932596,1.7043713327065897e-17,0.0261051689932596,0.0261051689932596,,,0.07080078125,0.02025855320298171,0.0005531511423467685,0.9561767578125,0.02025855320298171,0.0005531511423467685,0.9561767578125,0.14701553351149693,0.02854271244514215,0.5523681640625,"[0,2,8,9,16,23,24,28]",0,0.002750402332088697,0.9847790803672865,0.13894960538674347,0.1376981182721242
F15-ND01 development diagnostic; original F15 result unchanged,v2/work_logs/F15_ND01_v1_run1/evaluation_attempt_1/search_0_evaluation.json,df84abf6bc0be7f49a4d9441edb5b07a07221767c495d3d9d56861f3f987f046,0,1500401,1510691,log_cost_corr/budget_128/frozen_mse,log_cost_corr,128,frozen_mse,0,scale_separating,8192,0.049697967065465545,0.003587907295310789,0.05989914269261947,0.17173155131032214,0.85595703125,0.05826994210713014,0.18773455244552628,0.13646433318413387,,,,0.14404296875,0.018658889708186324,0.00048267255836933673,0.9639892578125,0.16417661161255934,0.034764483399483716,0.5225830078125,0.13980795154350126,0.028170771365394406,0.6121826171875,"[0,2,8,9,16,23,24,28]",0,0.002750402332088697,0.9847790803672865,0.13894960538674347,0.1376981182721242
F15-ND01 development diagnostic; original F15 result unchanged,v2/work_logs/F15_ND01_v1_run1/evaluation_attempt_1/search_0_evaluation.json,df84abf6bc0be7f49a4d9441edb5b07a07221767c495d3d9d56861f3f987f046,0,1500401,1510691,log_cost_corr/budget_128/frozen_mse,log_cost_corr,128,frozen_mse,1,mixed_near,8192,0.02775162008952744,0.0013023958483944882,0.03608872190026253,0.1793999535796087,0.7025146484375,0.030359668199814158,0.16428089235272608,0.1644564763709374,,,,0.2974853515625,0.02036268370938084,0.0005466263127452353,0.9969482421875,0.14325222461870862,0.025546515148514373,0.48291015625,0.14679264124133887,0.026784711466557122,0.48095703125,"[0,3,4,5,10,24,27,30]",30,0.0015507053554374348,0.7486572859765769,0.2101733935790253,0.0998964757071045
F15-ND01 development diagnostic; original F15 result unchanged,v2/work_logs/F15_ND01_v1_run1/evaluation_attempt_1/search_0_evaluation.json,df84abf6bc0be7f49a4d9441edb5b07a07221767c495d3d9d56861f3f987f046,0,1500401,1510691,log_cost_corr/budget_128/frozen_mse,log_cost_corr,128,frozen_mse,1,mixed_far,8192,0.03576859697668372,0.0018616943570654897,0.04314735631606518,0.1502429618842831,1.0,0.03712269010707036,0.16992689661236599,0.15673275893760225,,,,0.0,0.0168688346642619,0.000395736150074405,0.96142578125,0.15338845913545152,0.03036600772698697,0.7667236328125,0.14468290965289352,0.027414636136231345,0.7999267578125,"[0,3,4,5,10,24,27,30]",30,0.0015507053554374348,0.7486572859765769,0.2101733935790253,0.0998964757071045
F15-ND01 development diagnostic; original F15 result unchanged,v2/work_logs/F15_ND01_v1_run1/evaluation_attempt_1/search_0_evaluation.json,df84abf6bc0be7f49a4d9441edb5b07a07221767c495d3d9d56861f3f987f046,0,1500401,1510691,log_cost_corr/budget_128/frozen_mse,log_cost_corr,128,frozen_mse,1,preserve_other,8192,0.025962547439762625,0.0011058761023293806,0.033254715490128324,0.1416183866779519,0.9412841796875,0.03167477615379905,0.1687729491120812,0.16069370662226282,,,,0.0587158203125,0.020005712895715035,0.0005382576162774599,0.95654296875,0.1484435660455591,0.029280103258025412,0.5458984375,0.019571263262787204,0.0005334657975332752,0.95849609375,"[0,3,4,5,10,24,27,30]",30,0.0015507053554374348,0.7486572859765769,0.2101733935790253,0.0998964757071045
F15-ND01 development diagnostic; original F15 result unchanged,v2/work_logs/F15_ND01_v1_run1/evaluation_attempt_1/search_0_evaluation.json,df84abf6bc0be7f49a4d9441edb5b07a07221767c495d3d9d56861f3f987f046,0,1500401,1510691,log_cost_corr/budget_128/frozen_mse,log_cost_corr,128,frozen_mse,1,equal_target,8192,0.037802641660340426,0.0021691820417022844,0.0465744784372545,0.1575190831703312,0.904052734375,0.04042469852784299,1.6365348541700844e-17,0.04042469852784299,0.04042469852784299,,,0.095947265625,0.018448854760144948,0.00046630163632927467,0.95361328125,0.018448854760144948,0.00046630163632927467,0.95361328125,0.14773318055349804,0.028664830790942654,0.544189453125,"[0,3,4,5,10,24,27,30]",30,0.0015507053554374348,0.7486572859765769,0.2101733935790253,0.0998964757071045
F15-ND01 development diagnostic; original F15 result unchanged,v2/work_logs/F15_ND01_v1_run1/evaluation_attempt_1/search_0_evaluation.json,df84abf6bc0be7f49a4d9441edb5b07a07221767c495d3d9d56861f3f987f046,0,1500401,1510691,log_cost_corr/budget_128/frozen_mse,log_cost_corr,128,frozen_mse,1,scale_separating,8192,0.034604008773307035,0.00199249515658391,0.04463737398844056,0.19682769547383133,0.91650390625,0.04105050134870509,0.18641875103675282,0.18525848561516847,,,,0.08349609375,0.019882940719636543,0.0005411260966711711,0.95654296875,0.1631002276853128,0.034483047331399466,0.529296875,0.13940504782658586,0.028176054782147936,0.6153564453125,"[0,3,4,5,10,24,27,30]",30,0.0015507053554374348,0.7486572859765769,0.2101733935790253,0.0998964757071045
F15-ND01 development diagnostic; original F15 result unchanged,v2/work_logs/F15_ND01_v1_run1/evaluation_attempt_1/search_0_evaluation.json,df84abf6bc0be7f49a4d9441edb5b07a07221767c495d3d9d56861f3f987f046,0,1500401,1510691,log_cost_corr/budget_128/robust,log_cost_corr,128,robust,0,mixed_near,8192,0.04515515942794333,0.0030034429689128656,0.05480367660032368,0.16769642315176952,0.61572265625,0.052043680961775515,0.16393401066799693,0.12093514133340312,,,,0.38427734375,0.01839667010610618,0.0004559794061549527,0.99658203125,0.1455739038737463,0.02654293943487924,0.4803466796875,0.14380780800565635,0.025828196399336395,0.4769287109375,"[0,2,8,9,16,23,24,28]",0,0.002750402332088697,0.9847790803672865,0.13894960538674347,0.1376981182721242
F15-ND01 development diagnostic; original F15 result unchanged,v2/work_logs/F15_ND01_v1_run1/evaluation_attempt_1/search_0_evaluation.json,df84abf6bc0be7f49a4d9441edb5b07a07221767c495d3d9d56861f3f987f046,0,1500401,1510691,log_cost_corr/budget_128/robust,log_cost_corr,128,robust,0,mixed_far,8192,0.04282136827650043,0.0027168306399347327,0.05212322553271941,0.17644993251976482,0.99951171875,0.05195756243394381,0.17074496586013568,0.12602801667924,,,,0.00048828125,0.019949975536485243,0.0005474592567278685,0.95654296875,0.1480179875752822,0.02831830100725257,0.781005859375,0.15263336893440538,0.030188206489310247,0.7646484375,"[0,2,8,9,16,23,24,28]",0,0.002750402332088697,0.9847790803672865,0.13894960538674347,0.1376981182721242
F15-ND01 development diagnostic; original F15 result unchanged,v2/work_logs/F15_ND01_v1_run1/evaluation_attempt_1/search_0_evaluation.json,df84abf6bc0be7f49a4d9441edb5b07a07221767c495d3d9d56861f3f987f046,0,1500401,1510691,log_cost_corr/budget_128/robust,log_cost_corr,128,robust,0,preserve_other,8192,0.04438593460386271,0.002903335499643226,0.05388260850815619,0.16172816989828348,0.87158203125,0.0535572023863377,0.16972847495183196,0.12277920507014406,,,,0.12841796875,0.01876427376394474,0.0004796417835603251,0.9505615234375,0.14535172775510863,0.02790630280686135,0.547607421875,0.01937045247450745,0.0005133685683027632,0.9449462890625,"[0,2,8,9,16,23,24,28]",0,0.002750402332088697,0.9847790803672865,0.13894960538674347,0.1376981182721242
F15-ND01 development diagnostic; original F15 result unchanged,v2/work_logs/F15_ND01_v1_run1/evaluation_attempt_1/search_0_evaluation.json,df84abf6bc0be7f49a4d9441edb5b07a07221767c495d3d9d56861f3f987f046,0,1500401,1510691,log_cost_corr/budget_128/robust,log_cost_corr,128,robust,0,equal_target,8192,0.02839776233594043,0.00120324623368881,0.03468783985330897,0.12910943810998027,0.92919921875,0.0261051689932596,1.7043713327065897e-17,0.0261051689932596,0.0261051689932596,,,0.07080078125,0.02025855320298171,0.0005531511423467685,0.9561767578125,0.02025855320298171,0.0005531511423467685,0.9561767578125,0.14701553351149693,0.02854271244514215,0.5523681640625,"[0,2,8,9,16,23,24,28]",0,0.002750402332088697,0.9847790803672865,0.13894960538674347,0.1376981182721242
F15-ND01 development diagnostic; original F15 result unchanged,v2/work_logs/F15_ND01_v1_run1/evaluation_attempt_1/search_0_evaluation.json,df84abf6bc0be7f49a4d9441edb5b07a07221767c495d3d9d56861f3f987f046,0,1500401,1510691,log_cost_corr/budget_128/robust,log_cost_corr,128,robust,0,scale_separating,8192,0.049697967065465545,0.003587907295310789,0.05989914269261947,0.17173155131032214,0.85595703125,0.05826994210713014,0.18773455244552628,0.13646433318413387,,,,0.14404296875,0.018658889708186324,0.00048267255836933673,0.9639892578125,0.16417661161255934,0.034764483399483716,0.5225830078125,0.13980795154350126,0.028170771365394406,0.6121826171875,"[0,2,8,9,16,23,24,28]",0,0.002750402332088697,0.9847790803672865,0.13894960538674347,0.1376981182721242
F15-ND01 development diagnostic; original F15 result unchanged,v2/work_logs/F15_ND01_v1_run1/evaluation_attempt_1/search_0_evaluation.json,df84abf6bc0be7f49a4d9441edb5b07a07221767c495d3d9d56861f3f987f046,0,1500401,1510691,log_cost_corr/budget_128/robust,log_cost_corr,128,robust,1,mixed_near,8192,0.02853686768728154,0.0014930574740759264,0.0386401018900821,0.17076964181564486,0.7080078125,0.036210406329536544,0.16428089235272608,0.14859423537237854,,,,0.2919921875,0.02036268370938084,0.0005466263127452353,0.9969482421875,0.14325222461870862,0.025546515148514373,0.48291015625,0.14679264124133887,0.026784711466557122,0.48095703125,"[4,5,7,10,13,23,29,30]",96,0.001707824740519797,0.7134123571401275,0.23827853231021107,0.10734589422504463
F15-ND01 development diagnostic; original F15 result unchanged,v2/work_logs/F15_ND01_v1_run1/evaluation_attempt_1/search_0_evaluation.json,df84abf6bc0be7f49a4d9441edb5b07a07221767c495d3d9d56861f3f987f046,0,1500401,1510691,log_cost_corr/budget_128/robust,log_cost_corr,128,robust,1,mixed_far,8192,0.03617464048491023,0.0019096429479917494,0.043699461644186754,0.16830756210497932,0.9998779296875,0.0378441267155499,0.16992689661236599,0.14814733662009008,,,,0.0001220703125,0.0168688346642619,0.000395736150074405,0.96142578125,0.15338845913545152,0.03036600772698697,0.7667236328125,0.14468290965289352,0.027414636136231345,0.7999267578125,"[4,5,7,10,13,23,29,30]",96,0.001707824740519797,0.7134123571401275,0.23827853231021107,0.10734589422504463
F15-ND01 development diagnostic; original F15 result unchanged,v2/work_logs/F15_ND01_v1_run1/evaluation_attempt_1/search_0_evaluation.json,df84abf6bc0be7f49a4d9441edb5b07a07221767c495d3d9d56861f3f987f046,0,1500401,1510691,log_cost_corr/budget_128/robust,log_cost_corr,128,robust,1,preserve_other,8192,0.03201946596664709,0.0016953811069552066,0.041175005852521825,0.1716714399861115,0.9202880859375,0.0390789298525116,0.1687729491120812,0.15413242461525037,,,,0.0797119140625,0.020005712895715035,0.0005382576162774599,0.95654296875,0.1484435660455591,0.029280103258025412,0.5458984375,0.019571263262787204,0.0005334657975332752,0.95849609375,"[4,5,7,10,13,23,29,30]",96,0.001707824740519797,0.7134123571401275,0.23827853231021107,0.10734589422504463
F15-ND01 development diagnostic; original F15 result unchanged,v2/work_logs/F15_ND01_v1_run1/evaluation_attempt_1/search_0_evaluation.json,df84abf6bc0be7f49a4d9441edb5b07a07221767c495d3d9d56861f3f987f046,0,1500401,1510691,log_cost_corr/budget_128/robust,log_cost_corr,128,robust,1,equal_target,8192,0.03537603211504973,0.0018643105023161545,0.04317766207561677,0.1538667776572737,0.9124755859375,0.037711486860065827,1.6365348541700844e-17,0.03771148686006582,0.03771148686006582,,,0.0875244140625,0.018448854760144948,0.00046630163632927467,0.95361328125,0.018448854760144948,0.00046630163632927467,0.95361328125,0.14773318055349804,0.028664830790942654,0.544189453125,"[4,5,7,10,13,23,29,30]",96,0.001707824740519797,0.7134123571401275,0.23827853231021107,0.10734589422504463
F15-ND01 development diagnostic; original F15 result unchanged,v2/work_logs/F15_ND01_v1_run1/evaluation_attempt_1/search_0_evaluation.json,df84abf6bc0be7f49a4d9441edb5b07a07221767c495d3d9d56861f3f987f046,0,1500401,1510691,log_cost_corr/budget_128/robust,log_cost_corr,128,robust,1,scale_separating,8192,0.03458008973158917,0.002036212508379395,0.04512441144634902,0.20275073502388413,0.9178466796875,0.042570211187771684,0.18641875103675282,0.17368272198323217,,,,0.0821533203125,0.019882940719636543,0.0005411260966711711,0.95654296875,0.1631002276853128,0.034483047331399466,0.529296875,0.13940504782658586,0.028176054782147936,0.6153564453125,"[4,5,7,10,13,23,29,30]",96,0.001707824740519797,0.7134123571401275,0.23827853231021107,0.10734589422504463
F15-ND01 development diagnostic; original F15 result unchanged,v2/work_logs/F15_ND01_v1_run1/evaluation_attempt_1/search_0_evaluation.json,df84abf6bc0be7f49a4d9441edb5b07a07221767c495d3d9d56861f3f987f046,0,1500401,1510691,permuted_cost_corr/budget_1024/frozen_mse,permuted_cost_corr,1024,frozen_mse,0,mixed_near,8192,0.0473200855261541,0.0032250543406207683,0.056789561898475394,0.1431862976999549,0.605712890625,0.05419511914216814,0.16393401066799693,0.1174264426533029,,,,0.394287109375,0.01839667010610618,0.0004559794061549527,0.99658203125,0.1455739038737463,0.02654293943487924,0.4803466796875,0.14380780800565635,0.025828196399336395,0.4769287109375,"[2,6,8,9,13,16,24,28]",143,0.002903063437378629,1.0192503244684314,1.0332689121699026,0.14124204281653557
F15-ND01 development diagnostic; original F15 result unchanged,v2/work_logs/F15_ND01_v1_run1/evaluation_attempt_1/search_0_evaluation.json,df84abf6bc0be7f49a4d9441edb5b07a07221767c495d3d9d56861f3f987f046,0,1500401,1510691,permuted_cost_corr/budget_1024/frozen_mse,permuted_cost_corr,1024,frozen_mse,0,mixed_far,8192,0.04366270913012743,0.0028157727089489935,0.05306385501402055,0.1716464550496754,0.99951171875,0.05298614230012143,0.17074496586013568,0.12404817797282368,,,,0.00048828125,0.019949975536485243,0.0005474592567278685,0.95654296875,0.1480179875752822,0.02831830100725257,0.781005859375,0.15263336893440538,0.030188206489310247,0.7646484375,"[2,6,8,9,13,16,24,28]",143,0.002903063437378629,1.0192503244684314,1.0332689121699026,0.14124204281653557
F15-ND01 development diagnostic; original F15 result unchanged,v2/work_logs/F15_ND01_v1_run1/evaluation_attempt_1/search_0_evaluation.json,df84abf6bc0be7f49a4d9441edb5b07a07221767c495d3d9d56861f3f987f046,0,1500401,1510691,permuted_cost_corr/budget_1024/frozen_mse,permuted_cost_corr,1024,frozen_mse,0,preserve_other,8192,0.04622262662872047,0.003116877034649743,0.05582899815194379,0.16457781954230766,0.86376953125,0.0556264460684581,0.16972847495183196,0.1199331128892274,,,,0.13623046875,0.01876427376394474,0.0004796417835603251,0.9505615234375,0.14535172775510863,0.02790630280686135,0.547607421875,0.01937045247450745,0.0005133685683027632,0.9449462890625,"[2,6,8,9,13,16,24,28]",143,0.002903063437378629,1.0192503244684314,1.0332689121699026,0.14124204281653557
F15-ND01 development diagnostic; original F15 result unchanged,v2/work_logs/F15_ND01_v1_run1/evaluation_attempt_1/search_0_evaluation.json,df84abf6bc0be7f49a4d9441edb5b07a07221767c495d3d9d56861f3f987f046,0,1500401,1510691,permuted_cost_corr/budget_1024/frozen_mse,permuted_cost_corr,1024,frozen_mse,0,equal_target,8192,0.027696272219916336,0.0011482002138245143,0.03388510312548147,0.12509602210733484,0.93017578125,0.02499246405171029,1.7043713327065897e-17,0.02499246405171029,0.02499246405171029,,,0.06982421875,0.02025855320298171,0.0005531511423467685,0.9561767578125,0.02025855320298171,0.0005531511423467685,0.9561767578125,0.14701553351149693,0.02854271244514215,0.5523681640625,"[2,6,8,9,13,16,24,28]",143,0.002903063437378629,1.0192503244684314,1.0332689121699026,0.14124204281653557
F15-ND01 development diagnostic; original F15 result unchanged,v2/work_logs/F15_ND01_v1_run1/evaluation_attempt_1/search_0_evaluation.json,df84abf6bc0be7f49a4d9441edb5b07a07221767c495d3d9d56861f3f987f046,0,1500401,1510691,permuted_cost_corr/budget_1024/frozen_mse,permuted_cost_corr,1024,frozen_mse,0,scale_separating,8192,0.05191814923993236,0.0038673839492502572,0.06218829431050716,0.18094483253601001,0.8489990234375,0.06072688446277116,0.18773455244552628,0.13312411350482597,,,,0.1510009765625,0.018658889708186324,0.00048267255836933673,0.9639892578125,0.16417661161255934,0.034764483399483716,0.5225830078125,0.13980795154350126,0.028170771365394406,0.6121826171875,"[2,6,8,9,13,16,24,28]",143,0.002903063437378629,1.0192503244684314,1.0332689121699026,0.14124204281653557
F15-ND01 development diagnostic; original F15 result unchanged,v2/work_logs/F15_ND01_v1_run1/evaluation_attempt_1/search_0_evaluation.json,df84abf6bc0be7f49a4d9441edb5b07a07221767c495d3d9d56861f3f987f046,0,1500401,1510691,permuted_cost_corr/budget_1024/frozen_mse,permuted_cost_corr,1024,frozen_mse,1,mixed_near,8192,0.027659997007397928,0.0013060259072698174,0.03613898044037515,0.18350374652730067,0.703857421875,0.02992006791438802,0.16428089235272608,0.16332919088754952,,,,0.296142578125,0.02036268370938084,0.0005466263127452353,0.9969482421875,0.14325222461870862,0.025546515148514373,0.48291015625,0.14679264124133887,0.026784711466557122,0.48095703125,"[4,5,8,10,11,19,24,29]",431,0.0015617800755824951,0.7382973948662669,1.0154006448429351,0.09895874609683485
F15-ND01 development diagnostic; original F15 result unchanged,v2/work_logs/F15_ND01_v1_run1/evaluation_attempt_1/search_0_evaluation.json,df84abf6bc0be7f49a4d9441edb5b07a07221767c495d3d9d56861f3f987f046,0,1500401,1510691,permuted_cost_corr/budget_1024/frozen_mse,permuted_cost_corr,1024,frozen_mse,1,mixed_far,8192,0.035702224314395695,0.0018603476772490021,0.04313174790393965,0.15887517544230134,0.9998779296875,0.03710790867507179,0.16992689661236599,0.1570992312837815,,,,0.0001220703125,0.0168688346642619,0.000395736150074405,0.96142578125,0.15338845913545152,0.03036600772698697,0.7667236328125,0.14468290965289352,0.027414636136231345,0.7999267578125,"[4,5,8,10,11,19,24,29]",431,0.0015617800755824951,0.7382973948662669,1.0154006448429351,0.09895874609683485
F15-ND01 development diagnostic; original F15 result unchanged,v2/work_logs/F15_ND01_v1_run1/evaluation_attempt_1/search_0_evaluation.json,df84abf6bc0be7f49a4d9441edb5b07a07221767c495d3d9d56861f3f987f046,0,1500401,1510691,permuted_cost_corr/budget_1024/frozen_mse,permuted_cost_corr,1024,frozen_mse,1,preserve_other,8192,0.0262237114794884,0.001114539079191298,0.0333847132560892,0.1351267167890144,0.9375,0.03169082793879509,0.1687729491120812,0.1614750131159745,,,,0.0625,0.020005712895715035,0.0005382576162774599,0.95654296875,0.1484435660455591,0.029280103258025412,0.5458984375,0.019571263262787204,0.0005334657975332752,0.95849609375,"[4,5,8,10,11,19,24,29]",431,0.0015617800755824951,0.7382973948662669,1.0154006448429351,0.09895874609683485
F15-ND01 development diagnostic; original F15 result unchanged,v2/work_logs/F15_ND01_v1_run1/evaluation_attempt_1/search_0_evaluation.json,df84abf6bc0be7f49a4d9441edb5b07a07221767c495d3d9d56861f3f987f046,0,1500401,1510691,permuted_cost_corr/budget_1024/frozen_mse,permuted_cost_corr,1024,frozen_mse,1,equal_target,8192,0.037860478205808595,0.0021657955457283287,0.04653810853191531,0.16660314987084618,0.9041748046875,0.04014494894173611,1.6365348541700844e-17,0.04014494894173611,0.04014494894173611,,,0.0958251953125,0.018448854760144948,0.00046630163632927467,0.95361328125,0.018448854760144948,0.00046630163632927467,0.95361328125,0.14773318055349804,0.028664830790942654,0.544189453125,"[4,5,8,10,11,19,24,29]",431,0.0015617800755824951,0.7382973948662669,1.0154006448429351,0.09895874609683485
F15-ND01 development diagnostic; original F15 result unchanged,v2/work_logs/F15_ND01_v1_run1/evaluation_attempt_1/search_0_evaluation.json,df84abf6bc0be7f49a4d9441edb5b07a07221767c495d3d9d56861f3f987f046,0,1500401,1510691,permuted_cost_corr/budget_1024/frozen_mse,permuted_cost_corr,1024,frozen_mse,1,scale_separating,8192,0.03452794022711921,0.001990589557342112,0.04461602354919264,0.19981724798246497,0.916259765625,0.04080924482426106,0.18641875103675282,0.18592629778012654,,,,0.083740234375,0.019882940719636543,0.0005411260966711711,0.95654296875,0.1631002276853128,0.034483047331399466,0.529296875,0.13940504782658586,0.028176054782147936,0.6153564453125,"[4,5,8,10,11,19,24,29]",431,0.0015617800755824951,0.7382973948662669,1.0154006448429351,0.09895874609683485
F15-ND01 development diagnostic; original F15 result unchanged,v2/work_logs/F15_ND01_v1_run1/evaluation_attempt_1/search_0_evaluation.json,df84abf6bc0be7f49a4d9441edb5b07a07221767c495d3d9d56861f3f987f046,0,1500401,1510691,permuted_cost_corr/budget_1024/robust,permuted_cost_corr,1024,robust,0,mixed_near,8192,0.0473200855261541,0.0032250543406207683,0.056789561898475394,0.1431862976999549,0.605712890625,0.05419511914216814,0.16393401066799693,0.1174264426533029,,,,0.394287109375,0.01839667010610618,0.0004559794061549527,0.99658203125,0.1455739038737463,0.02654293943487924,0.4803466796875,0.14380780800565635,0.025828196399336395,0.4769287109375,"[2,6,8,9,13,16,24,28]",143,0.002903063437378629,1.0192503244684314,1.0332689121699026,0.14124204281653557
F15-ND01 development diagnostic; original F15 result unchanged,v2/work_logs/F15_ND01_v1_run1/evaluation_attempt_1/search_0_evaluation.json,df84abf6bc0be7f49a4d9441edb5b07a07221767c495d3d9d56861f3f987f046,0,1500401,1510691,permuted_cost_corr/budget_1024/robust,permuted_cost_corr,1024,robust,0,mixed_far,8192,0.04366270913012743,0.0028157727089489935,0.05306385501402055,0.1716464550496754,0.99951171875,0.05298614230012143,0.17074496586013568,0.12404817797282368,,,,0.00048828125,0.019949975536485243,0.0005474592567278685,0.95654296875,0.1480179875752822,0.02831830100725257,0.781005859375,0.15263336893440538,0.030188206489310247,0.7646484375,"[2,6,8,9,13,16,24,28]",143,0.002903063437378629,1.0192503244684314,1.0332689121699026,0.14124204281653557
F15-ND01 development diagnostic; original F15 result unchanged,v2/work_logs/F15_ND01_v1_run1/evaluation_attempt_1/search_0_evaluation.json,df84abf6bc0be7f49a4d9441edb5b07a07221767c495d3d9d56861f3f987f046,0,1500401,1510691,permuted_cost_corr/budget_1024/robust,permuted_cost_corr,1024,robust,0,preserve_other,8192,0.04622262662872047,0.003116877034649743,0.05582899815194379,0.16457781954230766,0.86376953125,0.0556264460684581,0.16972847495183196,0.1199331128892274,,,,0.13623046875,0.01876427376394474,0.0004796417835603251,0.9505615234375,0.14535172775510863,0.02790630280686135,0.547607421875,0.01937045247450745,0.0005133685683027632,0.9449462890625,"[2,6,8,9,13,16,24,28]",143,0.002903063437378629,1.0192503244684314,1.0332689121699026,0.14124204281653557
F15-ND01 development diagnostic; original F15 result unchanged,v2/work_logs/F15_ND01_v1_run1/evaluation_attempt_1/search_0_evaluation.json,df84abf6bc0be7f49a4d9441edb5b07a07221767c495d3d9d56861f3f987f046,0,1500401,1510691,permuted_cost_corr/budget_1024/robust,permuted_cost_corr,1024,robust,0,equal_target,8192,0.027696272219916336,0.0011482002138245143,0.03388510312548147,0.12509602210733484,0.93017578125,0.02499246405171029,1.7043713327065897e-17,0.02499246405171029,0.02499246405171029,,,0.06982421875,0.02025855320298171,0.0005531511423467685,0.9561767578125,0.02025855320298171,0.0005531511423467685,0.9561767578125,0.14701553351149693,0.02854271244514215,0.5523681640625,"[2,6,8,9,13,16,24,28]",143,0.002903063437378629,1.0192503244684314,1.0332689121699026,0.14124204281653557
F15-ND01 development diagnostic; original F15 result unchanged,v2/work_logs/F15_ND01_v1_run1/evaluation_attempt_1/search_0_evaluation.json,df84abf6bc0be7f49a4d9441edb5b07a07221767c495d3d9d56861f3f987f046,0,1500401,1510691,permuted_cost_corr/budget_1024/robust,permuted_cost_corr,1024,robust,0,scale_separating,8192,0.05191814923993236,0.0038673839492502572,0.06218829431050716,0.18094483253601001,0.8489990234375,0.06072688446277116,0.18773455244552628,0.13312411350482597,,,,0.1510009765625,0.018658889708186324,0.00048267255836933673,0.9639892578125,0.16417661161255934,0.034764483399483716,0.5225830078125,0.13980795154350126,0.028170771365394406,0.6121826171875,"[2,6,8,9,13,16,24,28]",143,0.002903063437378629,1.0192503244684314,1.0332689121699026,0.14124204281653557
F15-ND01 development diagnostic; original F15 result unchanged,v2/work_logs/F15_ND01_v1_run1/evaluation_attempt_1/search_0_evaluation.json,df84abf6bc0be7f49a4d9441edb5b07a07221767c495d3d9d56861f3f987f046,0,1500401,1510691,permuted_cost_corr/budget_1024/robust,permuted_cost_corr,1024,robust,1,mixed_near,8192,0.027659997007397928,0.0013060259072698174,0.03613898044037515,0.18350374652730067,0.703857421875,0.02992006791438802,0.16428089235272608,0.16332919088754952,,,,0.296142578125,0.02036268370938084,0.0005466263127452353,0.9969482421875,0.14325222461870862,0.025546515148514373,0.48291015625,0.14679264124133887,0.026784711466557122,0.48095703125,"[4,5,8,10,11,19,24,29]",431,0.0015617800755824951,0.7382973948662669,1.0154006448429351,0.09895874609683485
F15-ND01 development diagnostic; original F15 result unchanged,v2/work_logs/F15_ND01_v1_run1/evaluation_attempt_1/search_0_evaluation.json,df84abf6bc0be7f49a4d9441edb5b07a07221767c495d3d9d56861f3f987f046,0,1500401,1510691,permuted_cost_corr/budget_1024/robust,permuted_cost_corr,1024,robust,1,mixed_far,8192,0.035702224314395695,0.0018603476772490021,0.04313174790393965,0.15887517544230134,0.9998779296875,0.03710790867507179,0.16992689661236599,0.1570992312837815,,,,0.0001220703125,0.0168688346642619,0.000395736150074405,0.96142578125,0.15338845913545152,0.03036600772698697,0.7667236328125,0.14468290965289352,0.027414636136231345,0.7999267578125,"[4,5,8,10,11,19,24,29]",431,0.0015617800755824951,0.7382973948662669,1.0154006448429351,0.09895874609683485
F15-ND01 development diagnostic; original F15 result unchanged,v2/work_logs/F15_ND01_v1_run1/evaluation_attempt_1/search_0_evaluation.json,df84abf6bc0be7f49a4d9441edb5b07a07221767c495d3d9d56861f3f987f046,0,1500401,1510691,permuted_cost_corr/budget_1024/robust,permuted_cost_corr,1024,robust,1,preserve_other,8192,0.0262237114794884,0.001114539079191298,0.0333847132560892,0.1351267167890144,0.9375,0.03169082793879509,0.1687729491120812,0.1614750131159745,,,,0.0625,0.020005712895715035,0.0005382576162774599,0.95654296875,0.1484435660455591,0.029280103258025412,0.5458984375,0.019571263262787204,0.0005334657975332752,0.95849609375,"[4,5,8,10,11,19,24,29]",431,0.0015617800755824951,0.7382973948662669,1.0154006448429351,0.09895874609683485
F15-ND01 development diagnostic; original F15 result unchanged,v2/work_logs/F15_ND01_v1_run1/evaluation_attempt_1/search_0_evaluation.json,df84abf6bc0be7f49a4d9441edb5b07a07221767c495d3d9d56861f3f987f046,0,1500401,1510691,permuted_cost_corr/budget_1024/robust,permuted_cost_corr,1024,robust,1,equal_target,8192,0.037860478205808595,0.0021657955457283287,0.04653810853191531,0.16660314987084618,0.9041748046875,0.04014494894173611,1.6365348541700844e-17,0.04014494894173611,0.04014494894173611,,,0.0958251953125,0.018448854760144948,0.00046630163632927467,0.95361328125,0.018448854760144948,0.00046630163632927467,0.95361328125,0.14773318055349804,0.028664830790942654,0.544189453125,"[4,5,8,10,11,19,24,29]",431,0.0015617800755824951,0.7382973948662669,1.0154006448429351,0.09895874609683485
F15-ND01 development diagnostic; original F15 result unchanged,v2/work_logs/F15_ND01_v1_run1/evaluation_attempt_1/search_0_evaluation.json,df84abf6bc0be7f49a4d9441edb5b07a07221767c495d3d9d56861f3f987f046,0,1500401,1510691,permuted_cost_corr/budget_1024/robust,permuted_cost_corr,1024,robust,1,scale_separating,8192,0.03452794022711921,0.001990589557342112,0.04461602354919264,0.19981724798246497,0.916259765625,0.04080924482426106,0.18641875103675282,0.18592629778012654,,,,0.083740234375,0.019882940719636543,0.0005411260966711711,0.95654296875,0.1631002276853128,0.034483047331399466,0.529296875,0.13940504782658586,0.028176054782147936,0.6153564453125,"[4,5,8,10,11,19,24,29]",431,0.0015617800755824951,0.7382973948662669,1.0154006448429351,0.09895874609683485
F15-ND01 development diagnostic; original F15 result unchanged,v2/work_logs/F15_ND01_v1_run1/evaluation_attempt_1/search_0_evaluation.json,df84abf6bc0be7f49a4d9441edb5b07a07221767c495d3d9d56861f3f987f046,0,1500401,1510691,permuted_cost_corr/budget_128/frozen_mse,permuted_cost_corr,128,frozen_mse,0,mixed_near,8192,0.06500678819033251,0.0061989921326132125,0.07873367851569754,0.22952183229384737,0.568359375,0.07774577030174684,0.16393401066799693,0.09361251448775472,,,,0.431640625,0.01839667010610618,0.0004559794061549527,0.99658203125,0.1455739038737463,0.02654293943487924,0.4803466796875,0.14380780800565635,0.025828196399336395,0.4769287109375,"[0,2,16,18,19,23,27,28]",83,0.004823456127644102,1.3178725762513288,1.0370233555003663,0.19840631946722553
F15-ND01 development diagnostic; original F15 result unchanged,v2/work_logs/F15_ND01_v1_run1/evaluation_attempt_1/search_0_evaluation.json,df84abf6bc0be7f49a4d9441edb5b07a07221767c495d3d9d56861f3f987f046,0,1500401,1510691,permuted_cost_corr/budget_128/frozen_mse,permuted_cost_corr,128,frozen_mse,0,mixed_far,8192,0.06146902562981685,0.005398783202032116,0.07347641255554135,0.22852152347144356,0.9949951171875,0.07486172031725385,0.17074496586013568,0.10308379128969167,,,,0.0050048828125,0.019949975536485243,0.0005474592567278685,0.95654296875,0.1480179875752822,0.02831830100725257,0.781005859375,0.15263336893440538,0.030188206489310247,0.7646484375,"[0,2,16,18,19,23,27,28]",83,0.004823456127644102,1.3178725762513288,1.0370233555003663,0.19840631946722553
F15-ND01 development diagnostic; original F15 result unchanged,v2/work_logs/F15_ND01_v1_run1/evaluation_attempt_1/search_0_evaluation.json,df84abf6bc0be7f49a4d9441edb5b07a07221767c495d3d9d56861f3f987f046,0,1500401,1510691,permuted_cost_corr/budget_128/frozen_mse,permuted_cost_corr,128,frozen_mse,0,preserve_other,8192,0.06019590246578218,0.005282437096417509,0.07268037628147991,0.2158187042590018,0.823974609375,0.07363400367919531,0.16972847495183196,0.10277873033681806,,,,0.176025390625,0.01876427376394474,0.0004796417835603251,0.9505615234375,0.14535172775510863,0.02790630280686135,0.547607421875,0.01937045247450745,0.0005133685683027632,0.9449462890625,"[0,2,16,18,19,23,27,28]",83,0.004823456127644102,1.3178725762513288,1.0370233555003663,0.19840631946722553
F15-ND01 development diagnostic; original F15 result unchanged,v2/work_logs/F15_ND01_v1_run1/evaluation_attempt_1/search_0_evaluation.json,df84abf6bc0be7f49a4d9441edb5b07a07221767c495d3d9d56861f3f987f046,0,1500401,1510691,permuted_cost_corr/budget_128/frozen_mse,permuted_cost_corr,128,frozen_mse,0,equal_target,8192,0.027119106930688336,0.0010892690712229426,0.033004076584915124,0.11655325922467019,0.9368896484375,0.02271448439896191,1.7043713327065897e-17,0.02271448439896191,0.02271448439896191,,,0.0631103515625,0.02025855320298171,0.0005531511423467685,0.9561767578125,0.02025855320298171,0.0005531511423467685,0.9561767578125,0.14701553351149693,0.02854271244514215,0.5523681640625,"[0,2,16,18,19,23,27,28]",83,0.004823456127644102,1.3178725762513288,1.0370233555003663,0.19840631946722553
F15-ND01 development diagnostic; original F15 result unchanged,v2/work_logs/F15_ND01_v1_run1/evaluation_attempt_1/search_0_evaluation.json,df84abf6bc0be7f49a4d9441edb5b07a07221767c495d3d9d56861f3f987f046,0,1500401,1510691,permuted_cost_corr/budget_128/frozen_mse,permuted_cost_corr,128,frozen_mse,0,scale_separating,8192,0.07002175017754979,0.006953930661603484,0.08339023121207594,0.2424971963364077,0.793701171875,0.08323751237028502,0.18773455244552628,0.11094346818270844,,,,0.206298828125,0.018658889708186324,0.00048267255836933673,0.9639892578125,0.16417661161255934,0.034764483399483716,0.5225830078125,0.13980795154350126,0.028170771365394406,0.6121826171875,"[0,2,16,18,19,23,27,28]",83,0.004823456127644102,1.3178725762513288,1.0370233555003663,0.19840631946722553
F15-ND01 development diagnostic; original F15 result unchanged,v2/work_logs/F15_ND01_v1_run1/evaluation_attempt_1/search_0_evaluation.json,df84abf6bc0be7f49a4d9441edb5b07a07221767c495d3d9d56861f3f987f046,0,1500401,1510691,permuted_cost_corr/budget_128/frozen_mse,permuted_cost_corr,128,frozen_mse,1,mixed_near,8192,0.043331249667445476,0.003038944845886115,0.055126625562300795,0.20912181585575917,0.6240234375,0.058479573274260975,0.16428089235272608,0.12651016484314243,,,,0.3759765625,0.02036268370938084,0.0005466263127452353,0.9969482421875,0.14325222461870862,0.025546515148514373,0.48291015625,0.14679264124133887,0.026784711466557122,0.48095703125,"[4,10,11,17,23,26,29,30]",38,0.0033578183149672036,1.049107142857143,1.0157713490003146,0.16686055048875212
F15-ND01 development diagnostic; original F15 result unchanged,v2/work_logs/F15_ND01_v1_run1/evaluation_attempt_1/search_0_evaluation.json,df84abf6bc0be7f49a4d9441edb5b07a07221767c495d3d9d56861f3f987f046,0,1500401,1510691,permuted_cost_corr/budget_128/frozen_mse,permuted_cost_corr,128,frozen_mse,1,mixed_far,8192,0.05294554091532293,0.004173663484179821,0.06460389681884383,0.19436837477559732,0.997314453125,0.05986514066242533,0.16992689661236599,0.12597420981857702,,,,0.002685546875,0.0168688346642619,0.000395736150074405,0.96142578125,0.15338845913545152,0.03036600772698697,0.7667236328125,0.14468290965289352,0.027414636136231345,0.7999267578125,"[4,10,11,17,23,26,29,30]",38,0.0033578183149672036,1.049107142857143,1.0157713490003146,0.16686055048875212
F15-ND01 development diagnostic; original F15 result unchanged,v2/work_logs/F15_ND01_v1_run1/evaluation_attempt_1/search_0_evaluation.json,df84abf6bc0be7f49a4d9441edb5b07a07221767c495d3d9d56861f3f987f046,0,1500401,1510691,permuted_cost_corr/budget_128/frozen_mse,permuted_cost_corr,128,frozen_mse,1,preserve_other,8192,0.045181058688643264,0.0033384667465132765,0.05777946647826784,0.2197095494336585,0.8758544921875,0.0577462754956284,0.1687729491120812,0.13579447040562467,,,,0.1241455078125,0.020005712895715035,0.0005382576162774599,0.95654296875,0.1484435660455591,0.029280103258025412,0.5458984375,0.019571263262787204,0.0005334657975332752,0.95849609375,"[4,10,11,17,23,26,29,30]",38,0.0033578183149672036,1.049107142857143,1.0157713490003146,0.16686055048875212
F15-ND01 development diagnostic; original F15 result unchanged,v2/work_logs/F15_ND01_v1_run1/evaluation_attempt_1/search_0_evaluation.json,df84abf6bc0be7f49a4d9441edb5b07a07221767c495d3d9d56861f3f987f046,0,1500401,1510691,permuted_cost_corr/budget_128/frozen_mse,permuted_cost_corr,128,frozen_mse,1,equal_target,8192,0.041549359852787515,0.0025635006636144453,0.05063102471424458,0.17251723629613952,0.886962890625,0.0473686072401985,1.6365348541700844e-17,0.0473686072401985,0.0473686072401985,,,0.113037109375,0.018448854760144948,0.00046630163632927467,0.95361328125,0.018448854760144948,0.00046630163632927467,0.95361328125,0.14773318055349804,0.028664830790942654,0.544189453125,"[4,10,11,17,23,26,29,30]",38,0.0033578183149672036,1.049107142857143,1.0157713490003146,0.16686055048875212
F15-ND01 development diagnostic; original F15 result unchanged,v2/work_logs/F15_ND01_v1_run1/evaluation_attempt_1/search_0_evaluation.json,df84abf6bc0be7f49a4d9441edb5b07a07221767c495d3d9d56861f3f987f046,0,1500401,1510691,permuted_cost_corr/budget_128/frozen_mse,permuted_cost_corr,128,frozen_mse,1,scale_separating,8192,0.049366276568949576,0.003933988339056145,0.06272151416424945,0.21524198212501044,0.86474609375,0.06362302256037379,0.18641875103675282,0.15073115323292655,,,,0.13525390625,0.019882940719636543,0.0005411260966711711,0.95654296875,0.1631002276853128,0.034483047331399466,0.529296875,0.13940504782658586,0.028176054782147936,0.6153564453125,"[4,10,11,17,23,26,29,30]",38,0.0033578183149672036,1.049107142857143,1.0157713490003146,0.16686055048875212
F15-ND01 development diagnostic; original F15 result unchanged,v2/work_logs/F15_ND01_v1_run1/evaluation_attempt_1/search_0_evaluation.json,df84abf6bc0be7f49a4d9441edb5b07a07221767c495d3d9d56861f3f987f046,0,1500401,1510691,permuted_cost_corr/budget_128/robust,permuted_cost_corr,128,robust,0,mixed_near,8192,0.06500678819033251,0.0061989921326132125,0.07873367851569754,0.22952183229384737,0.568359375,0.07774577030174684,0.16393401066799693,0.09361251448775472,,,,0.431640625,0.01839667010610618,0.0004559794061549527,0.99658203125,0.1455739038737463,0.02654293943487924,0.4803466796875,0.14380780800565635,0.025828196399336395,0.4769287109375,"[0,2,16,18,19,23,27,28]",83,0.004823456127644102,1.3178725762513288,1.0370233555003663,0.19840631946722553
F15-ND01 development diagnostic; original F15 result unchanged,v2/work_logs/F15_ND01_v1_run1/evaluation_attempt_1/search_0_evaluation.json,df84abf6bc0be7f49a4d9441edb5b07a07221767c495d3d9d56861f3f987f046,0,1500401,1510691,permuted_cost_corr/budget_128/robust,permuted_cost_corr,128,robust,0,mixed_far,8192,0.06146902562981685,0.005398783202032116,0.07347641255554135,0.22852152347144356,0.9949951171875,0.07486172031725385,0.17074496586013568,0.10308379128969167,,,,0.0050048828125,0.019949975536485243,0.0005474592567278685,0.95654296875,0.1480179875752822,0.02831830100725257,0.781005859375,0.15263336893440538,0.030188206489310247,0.7646484375,"[0,2,16,18,19,23,27,28]",83,0.004823456127644102,1.3178725762513288,1.0370233555003663,0.19840631946722553
F15-ND01 development diagnostic; original F15 result unchanged,v2/work_logs/F15_ND01_v1_run1/evaluation_attempt_1/search_0_evaluation.json,df84abf6bc0be7f49a4d9441edb5b07a07221767c495d3d9d56861f3f987f046,0,1500401,1510691,permuted_cost_corr/budget_128/robust,permuted_cost_corr,128,robust,0,preserve_other,8192,0.06019590246578218,0.005282437096417509,0.07268037628147991,0.2158187042590018,0.823974609375,0.07363400367919531,0.16972847495183196,0.10277873033681806,,,,0.176025390625,0.01876427376394474,0.0004796417835603251,0.9505615234375,0.14535172775510863,0.02790630280686135,0.547607421875,0.01937045247450745,0.0005133685683027632,0.9449462890625,"[0,2,16,18,19,23,27,28]",83,0.004823456127644102,1.3178725762513288,1.0370233555003663,0.19840631946722553
F15-ND01 development diagnostic; original F15 result unchanged,v2/work_logs/F15_ND01_v1_run1/evaluation_attempt_1/search_0_evaluation.json,df84abf6bc0be7f49a4d9441edb5b07a07221767c495d3d9d56861f3f987f046,0,1500401,1510691,permuted_cost_corr/budget_128/robust,permuted_cost_corr,128,robust,0,equal_target,8192,0.027119106930688336,0.0010892690712229426,0.033004076584915124,0.11655325922467019,0.9368896484375,0.02271448439896191,1.7043713327065897e-17,0.02271448439896191,0.02271448439896191,,,0.0631103515625,0.02025855320298171,0.0005531511423467685,0.9561767578125,0.02025855320298171,0.0005531511423467685,0.9561767578125,0.14701553351149693,0.02854271244514215,0.5523681640625,"[0,2,16,18,19,23,27,28]",83,0.004823456127644102,1.3178725762513288,1.0370233555003663,0.19840631946722553
F15-ND01 development diagnostic; original F15 result unchanged,v2/work_logs/F15_ND01_v1_run1/evaluation_attempt_1/search_0_evaluation.json,df84abf6bc0be7f49a4d9441edb5b07a07221767c495d3d9d56861f3f987f046,0,1500401,1510691,permuted_cost_corr/budget_128/robust,permuted_cost_corr,128,robust,0,scale_separating,8192,0.07002175017754979,0.006953930661603484,0.08339023121207594,0.2424971963364077,0.793701171875,0.08323751237028502,0.18773455244552628,0.11094346818270844,,,,0.206298828125,0.018658889708186324,0.00048267255836933673,0.9639892578125,0.16417661161255934,0.034764483399483716,0.5225830078125,0.13980795154350126,0.028170771365394406,0.6121826171875,"[0,2,16,18,19,23,27,28]",83,0.004823456127644102,1.3178725762513288,1.0370233555003663,0.19840631946722553
F15-ND01 development diagnostic; original F15 result unchanged,v2/work_logs/F15_ND01_v1_run1/evaluation_attempt_1/search_0_evaluation.json,df84abf6bc0be7f49a4d9441edb5b07a07221767c495d3d9d56861f3f987f046,0,1500401,1510691,permuted_cost_corr/budget_128/robust,permuted_cost_corr,128,robust,1,mixed_near,8192,0.043331249667445476,0.003038944845886115,0.055126625562300795,0.20912181585575917,0.6240234375,0.058479573274260975,0.16428089235272608,0.12651016484314243,,,,0.3759765625,0.02036268370938084,0.0005466263127452353,0.9969482421875,0.14325222461870862,0.025546515148514373,0.48291015625,0.14679264124133887,0.026784711466557122,0.48095703125,"[4,10,11,17,23,26,29,30]",38,0.0033578183149672036,1.049107142857143,1.0157713490003146,0.16686055048875212
F15-ND01 development diagnostic; original F15 result unchanged,v2/work_logs/F15_ND01_v1_run1/evaluation_attempt_1/search_0_evaluation.json,df84abf6bc0be7f49a4d9441edb5b07a07221767c495d3d9d56861f3f987f046,0,1500401,1510691,permuted_cost_corr/budget_128/robust,permuted_cost_corr,128,robust,1,mixed_far,8192,0.05294554091532293,0.004173663484179821,0.06460389681884383,0.19436837477559732,0.997314453125,0.05986514066242533,0.16992689661236599,0.12597420981857702,,,,0.002685546875,0.0168688346642619,0.000395736150074405,0.96142578125,0.15338845913545152,0.03036600772698697,0.7667236328125,0.14468290965289352,0.027414636136231345,0.7999267578125,"[4,10,11,17,23,26,29,30]",38,0.0033578183149672036,1.049107142857143,1.0157713490003146,0.16686055048875212
F15-ND01 development diagnostic; original F15 result unchanged,v2/work_logs/F15_ND01_v1_run1/evaluation_attempt_1/search_0_evaluation.json,df84abf6bc0be7f49a4d9441edb5b07a07221767c495d3d9d56861f3f987f046,0,1500401,1510691,permuted_cost_corr/budget_128/robust,permuted_cost_corr,128,robust,1,preserve_other,8192,0.045181058688643264,0.0033384667465132765,0.05777946647826784,0.2197095494336585,0.8758544921875,0.0577462754956284,0.1687729491120812,0.13579447040562467,,,,0.1241455078125,0.020005712895715035,0.0005382576162774599,0.95654296875,0.1484435660455591,0.029280103258025412,0.5458984375,0.019571263262787204,0.0005334657975332752,0.95849609375,"[4,10,11,17,23,26,29,30]",38,0.0033578183149672036,1.049107142857143,1.0157713490003146,0.16686055048875212
F15-ND01 development diagnostic; original F15 result unchanged,v2/work_logs/F15_ND01_v1_run1/evaluation_attempt_1/search_0_evaluation.json,df84abf6bc0be7f49a4d9441edb5b07a07221767c495d3d9d56861f3f987f046,0,1500401,1510691,permuted_cost_corr/budget_128/robust,permuted_cost_corr,128,robust,1,equal_target,8192,0.041549359852787515,0.0025635006636144453,0.05063102471424458,0.17251723629613952,0.886962890625,0.0473686072401985,1.6365348541700844e-17,0.0473686072401985,0.0473686072401985,,,0.113037109375,0.018448854760144948,0.00046630163632927467,0.95361328125,0.018448854760144948,0.00046630163632927467,0.95361328125,0.14773318055349804,0.028664830790942654,0.544189453125,"[4,10,11,17,23,26,29,30]",38,0.0033578183149672036,1.049107142857143,1.0157713490003146,0.16686055048875212
F15-ND01 development diagnostic; original F15 result unchanged,v2/work_logs/F15_ND01_v1_run1/evaluation_attempt_1/search_0_evaluation.json,df84abf6bc0be7f49a4d9441edb5b07a07221767c495d3d9d56861f3f987f046,0,1500401,1510691,permuted_cost_corr/budget_128/robust,permuted_cost_corr,128,robust,1,scale_separating,8192,0.049366276568949576,0.003933988339056145,0.06272151416424945,0.21524198212501044,0.86474609375,0.06362302256037379,0.18641875103675282,0.15073115323292655,,,,0.13525390625,0.019882940719636543,0.0005411260966711711,0.95654296875,0.1631002276853128,0.034483047331399466,0.529296875,0.13940504782658586,0.028176054782147936,0.6153564453125,"[4,10,11,17,23,26,29,30]",38,0.0033578183149672036,1.049107142857143,1.0157713490003146,0.16686055048875212
F15-ND01 development diagnostic; original F15 result unchanged,v2/work_logs/F15_ND01_v1_run1/evaluation_attempt_1/search_0_evaluation.json,df84abf6bc0be7f49a4d9441edb5b07a07221767c495d3d9d56861f3f987f046,0,1500401,1510691,positive_contribution_cov/budget_1024/frozen_mse,positive_contribution_cov,1024,frozen_mse,0,mixed_near,8192,0.036028712906606725,0.0019426191262929963,0.044075153162445126,0.1383495373811905,0.6513671875,0.04030258603078249,0.16393401066799693,0.13567231382746484,,,,0.3486328125,0.01839667010610618,0.0004559794061549527,0.99658203125,0.1455739038737463,0.02654293943487924,0.4803466796875,0.14380780800565635,0.025828196399336395,0.4769287109375,"[2,9,16,18,22,23,24,28]",267,0.0020931472644025845,0.8180045487360967,0.13740626513390927,0.11201772025567487
F15-ND01 development diagnostic; original F15 result unchanged,v2/work_logs/F15_ND01_v1_run1/evaluation_attempt_1/search_0_evaluation.json,df84abf6bc0be7f49a4d9441edb5b07a07221767c495d3d9d56861f3f987f046,0,1500401,1510691,positive_contribution_cov/budget_1024/frozen_mse,positive_contribution_cov,1024,frozen_mse,0,mixed_far,8192,0.03456370390793659,0.001846053586705435,0.04296572572068852,0.1641228082145938,0.9998779296875,0.04175525602608148,0.17074496586013568,0.13800856504797543,,,,0.0001220703125,0.019949975536485243,0.0005474592567278685,0.95654296875,0.1480179875752822,0.02831830100725257,0.781005859375,0.15263336893440538,0.030188206489310247,0.7646484375,"[2,9,16,18,22,23,24,28]",267,0.0020931472644025845,0.8180045487360967,0.13740626513390927,0.11201772025567487
F15-ND01 development diagnostic; original F15 result unchanged,v2/work_logs/F15_ND01_v1_run1/evaluation_attempt_1/search_0_evaluation.json,df84abf6bc0be7f49a4d9441edb5b07a07221767c495d3d9d56861f3f987f046,0,1500401,1510691,positive_contribution_cov/budget_1024/frozen_mse,positive_contribution_cov,1024,frozen_mse,0,preserve_other,8192,0.037057290510015634,0.00208617777377979,0.04567469511425106,0.15627198470327164,0.8995361328125,0.04480278598006373,0.16972847495183196,0.13322586227538616,,,,0.1004638671875,0.01876427376394474,0.0004796417835603251,0.9505615234375,0.14535172775510863,0.02790630280686135,0.547607421875,0.01937045247450745,0.0005133685683027632,0.9449462890625,"[2,9,16,18,22,23,24,28]",267,0.0020931472644025845,0.8180045487360967,0.13740626513390927,0.11201772025567487
F15-ND01 development diagnostic; original F15 result unchanged,v2/work_logs/F15_ND01_v1_run1/evaluation_attempt_1/search_0_evaluation.json,df84abf6bc0be7f49a4d9441edb5b07a07221767c495d3d9d56861f3f987f046,0,1500401,1510691,positive_contribution_cov/budget_1024/frozen_mse,positive_contribution_cov,1024,frozen_mse,0,equal_target,8192,0.028529119128295494,0.001241843075754635,0.03523979392327139,0.131627850980294,0.9310302734375,0.02667815131938716,1.7043713327065897e-17,0.02667815131938716,0.02667815131938716,,,0.0689697265625,0.02025855320298171,0.0005531511423467685,0.9561767578125,0.02025855320298171,0.0005531511423467685,0.9561767578125,0.14701553351149693,0.02854271244514215,0.5523681640625,"[2,9,16,18,22,23,24,28]",267,0.0020931472644025845,0.8180045487360967,0.13740626513390927,0.11201772025567487
F15-ND01 development diagnostic; original F15 result unchanged,v2/work_logs/F15_ND01_v1_run1/evaluation_attempt_1/search_0_evaluation.json,df84abf6bc0be7f49a4d9441edb5b07a07221767c495d3d9d56861f3f987f046,0,1500401,1510691,positive_contribution_cov/budget_1024/frozen_mse,positive_contribution_cov,1024,frozen_mse,0,scale_separating,8192,0.04107187370960734,0.002557004304400492,0.050566830080602164,0.17016838884079977,0.8902587890625,0.0480463572989285,0.18773455244552628,0.1493919320886555,,,,0.1097412109375,0.018658889708186324,0.00048267255836933673,0.9639892578125,0.16417661161255934,0.034764483399483716,0.5225830078125,0.13980795154350126,0.028170771365394406,0.6121826171875,"[2,9,16,18,22,23,24,28]",267,0.0020931472644025845,0.8180045487360967,0.13740626513390927,0.11201772025567487
F15-ND01 development diagnostic; original F15 result unchanged,v2/work_logs/F15_ND01_v1_run1/evaluation_attempt_1/search_0_evaluation.json,df84abf6bc0be7f49a4d9441edb5b07a07221767c495d3d9d56861f3f987f046,0,1500401,1510691,positive_contribution_cov/budget_1024/frozen_mse,positive_contribution_cov,1024,frozen_mse,1,mixed_near,8192,0.025765808484586063,0.001189054699795267,0.03448267245726855,0.14950904918667757,0.721923828125,0.03063121772053767,0.16428089235272608,0.15066061889381296,,,,0.278076171875,0.02036268370938084,0.0005466263127452353,0.9969482421875,0.14325222461870862,0.025546515148514373,0.48291015625,0.14679264124133887,0.026784711466557122,0.48095703125,"[4,5,10,13,17,19,29,30]",725,0.0014414881602025933,0.6812794801902952,0.25219552911733545,0.09619938530567848
F15-ND01 development diagnostic; original F15 result unchanged,v2/work_logs/F15_ND01_v1_run1/evaluation_attempt_1/search_0_evaluation.json,df84abf6bc0be7f49a4d9441edb5b07a07221767c495d3d9d56861f3f987f046,0,1500401,1510691,positive_contribution_cov/budget_1024/frozen_mse,positive_contribution_cov,1024,frozen_mse,1,mixed_far,8192,0.03549265916467334,0.0017869494444413814,0.04227232480525978,0.13938326101798337,1.0,0.03617188489050602,0.16992689661236599,0.14625252737602004,,,,0.0,0.0168688346642619,0.000395736150074405,0.96142578125,0.15338845913545152,0.03036600772698697,0.7667236328125,0.14468290965289352,0.027414636136231345,0.7999267578125,"[4,5,10,13,17,19,29,30]",725,0.0014414881602025933,0.6812794801902952,0.25219552911733545,0.09619938530567848
F15-ND01 development diagnostic; original F15 result unchanged,v2/work_logs/F15_ND01_v1_run1/evaluation_attempt_1/search_0_evaluation.json,df84abf6bc0be7f49a4d9441edb5b07a07221767c495d3d9d56861f3f987f046,0,1500401,1510691,positive_contribution_cov/budget_1024/frozen_mse,positive_contribution_cov,1024,frozen_mse,1,preserve_other,8192,0.030095959066627848,0.0014560436599410664,0.038158140153066504,0.16022729188791657,0.9241943359375,0.03426625463351778,0.1687729491120812,0.1499076472454141,,,,0.0758056640625,0.020005712895715035,0.0005382576162774599,0.95654296875,0.1484435660455591,0.029280103258025412,0.5458984375,0.019571263262787204,0.0005334657975332752,0.95849609375,"[4,5,10,13,17,19,29,30]",725,0.0014414881602025933,0.6812794801902952,0.25219552911733545,0.09619938530567848
F15-ND01 development diagnostic; original F15 result unchanged,v2/work_logs/F15_ND01_v1_run1/evaluation_attempt_1/search_0_evaluation.json,df84abf6bc0be7f49a4d9441edb5b07a07221767c495d3d9d56861f3f987f046,0,1500401,1510691,positive_contribution_cov/budget_1024/frozen_mse,positive_contribution_cov,1024,frozen_mse,1,equal_target,8192,0.030970070870369987,0.0014416426966512544,0.03796897018160032,0.11529807106622836,0.9267578125,0.03223687033531894,1.6365348541700844e-17,0.03223687033531894,0.03223687033531894,,,0.0732421875,0.018448854760144948,0.00046630163632927467,0.95361328125,0.018448854760144948,0.00046630163632927467,0.95361328125,0.14773318055349804,0.028664830790942654,0.544189453125,"[4,5,10,13,17,19,29,30]",725,0.0014414881602025933,0.6812794801902952,0.25219552911733545,0.09619938530567848
F15-ND01 development diagnostic; original F15 result unchanged,v2/work_logs/F15_ND01_v1_run1/evaluation_attempt_1/search_0_evaluation.json,df84abf6bc0be7f49a4d9441edb5b07a07221767c495d3d9d56861f3f987f046,0,1500401,1510691,positive_contribution_cov/budget_1024/frozen_mse,positive_contribution_cov,1024,frozen_mse,1,scale_separating,8192,0.0332336868607887,0.0017806291653422771,0.04219750188509122,0.1636892674394067,0.9227294921875,0.03863195154840085,0.18641875103675282,0.16894669746132454,,,,0.0772705078125,0.019882940719636543,0.0005411260966711711,0.95654296875,0.1631002276853128,0.034483047331399466,0.529296875,0.13940504782658586,0.028176054782147936,0.6153564453125,"[4,5,10,13,17,19,29,30]",725,0.0014414881602025933,0.6812794801902952,0.25219552911733545,0.09619938530567848
F15-ND01 development diagnostic; original F15 result unchanged,v2/work_logs/F15_ND01_v1_run1/evaluation_attempt_1/search_0_evaluation.json,df84abf6bc0be7f49a4d9441edb5b07a07221767c495d3d9d56861f3f987f046,0,1500401,1510691,positive_contribution_cov/budget_1024/robust,positive_contribution_cov,1024,robust,0,mixed_near,8192,0.036028712906606725,0.0019426191262929963,0.044075153162445126,0.1383495373811905,0.6513671875,0.04030258603078249,0.16393401066799693,0.13567231382746484,,,,0.3486328125,0.01839667010610618,0.0004559794061549527,0.99658203125,0.1455739038737463,0.02654293943487924,0.4803466796875,0.14380780800565635,0.025828196399336395,0.4769287109375,"[2,9,16,18,22,23,24,28]",267,0.0020931472644025845,0.8180045487360967,0.13740626513390927,0.11201772025567487
F15-ND01 development diagnostic; original F15 result unchanged,v2/work_logs/F15_ND01_v1_run1/evaluation_attempt_1/search_0_evaluation.json,df84abf6bc0be7f49a4d9441edb5b07a07221767c495d3d9d56861f3f987f046,0,1500401,1510691,positive_contribution_cov/budget_1024/robust,positive_contribution_cov,1024,robust,0,mixed_far,8192,0.03456370390793659,0.001846053586705435,0.04296572572068852,0.1641228082145938,0.9998779296875,0.04175525602608148,0.17074496586013568,0.13800856504797543,,,,0.0001220703125,0.019949975536485243,0.0005474592567278685,0.95654296875,0.1480179875752822,0.02831830100725257,0.781005859375,0.15263336893440538,0.030188206489310247,0.7646484375,"[2,9,16,18,22,23,24,28]",267,0.0020931472644025845,0.8180045487360967,0.13740626513390927,0.11201772025567487
F15-ND01 development diagnostic; original F15 result unchanged,v2/work_logs/F15_ND01_v1_run1/evaluation_attempt_1/search_0_evaluation.json,df84abf6bc0be7f49a4d9441edb5b07a07221767c495d3d9d56861f3f987f046,0,1500401,1510691,positive_contribution_cov/budget_1024/robust,positive_contribution_cov,1024,robust,0,preserve_other,8192,0.037057290510015634,0.00208617777377979,0.04567469511425106,0.15627198470327164,0.8995361328125,0.04480278598006373,0.16972847495183196,0.13322586227538616,,,,0.1004638671875,0.01876427376394474,0.0004796417835603251,0.9505615234375,0.14535172775510863,0.02790630280686135,0.547607421875,0.01937045247450745,0.0005133685683027632,0.9449462890625,"[2,9,16,18,22,23,24,28]",267,0.0020931472644025845,0.8180045487360967,0.13740626513390927,0.11201772025567487
F15-ND01 development diagnostic; original F15 result unchanged,v2/work_logs/F15_ND01_v1_run1/evaluation_attempt_1/search_0_evaluation.json,df84abf6bc0be7f49a4d9441edb5b07a07221767c495d3d9d56861f3f987f046,0,1500401,1510691,positive_contribution_cov/budget_1024/robust,positive_contribution_cov,1024,robust,0,equal_target,8192,0.028529119128295494,0.001241843075754635,0.03523979392327139,0.131627850980294,0.9310302734375,0.02667815131938716,1.7043713327065897e-17,0.02667815131938716,0.02667815131938716,,,0.0689697265625,0.02025855320298171,0.0005531511423467685,0.9561767578125,0.02025855320298171,0.0005531511423467685,0.9561767578125,0.14701553351149693,0.02854271244514215,0.5523681640625,"[2,9,16,18,22,23,24,28]",267,0.0020931472644025845,0.8180045487360967,0.13740626513390927,0.11201772025567487
F15-ND01 development diagnostic; original F15 result unchanged,v2/work_logs/F15_ND01_v1_run1/evaluation_attempt_1/search_0_evaluation.json,df84abf6bc0be7f49a4d9441edb5b07a07221767c495d3d9d56861f3f987f046,0,1500401,1510691,positive_contribution_cov/budget_1024/robust,positive_contribution_cov,1024,robust,0,scale_separating,8192,0.04107187370960734,0.002557004304400492,0.050566830080602164,0.17016838884079977,0.8902587890625,0.0480463572989285,0.18773455244552628,0.1493919320886555,,,,0.1097412109375,0.018658889708186324,0.00048267255836933673,0.9639892578125,0.16417661161255934,0.034764483399483716,0.5225830078125,0.13980795154350126,0.028170771365394406,0.6121826171875,"[2,9,16,18,22,23,24,28]",267,0.0020931472644025845,0.8180045487360967,0.13740626513390927,0.11201772025567487
F15-ND01 development diagnostic; original F15 result unchanged,v2/work_logs/F15_ND01_v1_run1/evaluation_attempt_1/search_0_evaluation.json,df84abf6bc0be7f49a4d9441edb5b07a07221767c495d3d9d56861f3f987f046,0,1500401,1510691,positive_contribution_cov/budget_1024/robust,positive_contribution_cov,1024,robust,1,mixed_near,8192,0.025765808484586063,0.001189054699795267,0.03448267245726855,0.14950904918667757,0.721923828125,0.03063121772053767,0.16428089235272608,0.15066061889381296,,,,0.278076171875,0.02036268370938084,0.0005466263127452353,0.9969482421875,0.14325222461870862,0.025546515148514373,0.48291015625,0.14679264124133887,0.026784711466557122,0.48095703125,"[4,5,10,13,17,19,29,30]",725,0.0014414881602025933,0.6812794801902952,0.25219552911733545,0.09619938530567848
F15-ND01 development diagnostic; original F15 result unchanged,v2/work_logs/F15_ND01_v1_run1/evaluation_attempt_1/search_0_evaluation.json,df84abf6bc0be7f49a4d9441edb5b07a07221767c495d3d9d56861f3f987f046,0,1500401,1510691,positive_contribution_cov/budget_1024/robust,positive_contribution_cov,1024,robust,1,mixed_far,8192,0.03549265916467334,0.0017869494444413814,0.04227232480525978,0.13938326101798337,1.0,0.03617188489050602,0.16992689661236599,0.14625252737602004,,,,0.0,0.0168688346642619,0.000395736150074405,0.96142578125,0.15338845913545152,0.03036600772698697,0.7667236328125,0.14468290965289352,0.027414636136231345,0.7999267578125,"[4,5,10,13,17,19,29,30]",725,0.0014414881602025933,0.6812794801902952,0.25219552911733545,0.09619938530567848
F15-ND01 development diagnostic; original F15 result unchanged,v2/work_logs/F15_ND01_v1_run1/evaluation_attempt_1/search_0_evaluation.json,df84abf6bc0be7f49a4d9441edb5b07a07221767c495d3d9d56861f3f987f046,0,1500401,1510691,positive_contribution_cov/budget_1024/robust,positive_contribution_cov,1024,robust,1,preserve_other,8192,0.030095959066627848,0.0014560436599410664,0.038158140153066504,0.16022729188791657,0.9241943359375,0.03426625463351778,0.1687729491120812,0.1499076472454141,,,,0.0758056640625,0.020005712895715035,0.0005382576162774599,0.95654296875,0.1484435660455591,0.029280103258025412,0.5458984375,0.019571263262787204,0.0005334657975332752,0.95849609375,"[4,5,10,13,17,19,29,30]",725,0.0014414881602025933,0.6812794801902952,0.25219552911733545,0.09619938530567848
F15-ND01 development diagnostic; original F15 result unchanged,v2/work_logs/F15_ND01_v1_run1/evaluation_attempt_1/search_0_evaluation.json,df84abf6bc0be7f49a4d9441edb5b07a07221767c495d3d9d56861f3f987f046,0,1500401,1510691,positive_contribution_cov/budget_1024/robust,positive_contribution_cov,1024,robust,1,equal_target,8192,0.030970070870369987,0.0014416426966512544,0.03796897018160032,0.11529807106622836,0.9267578125,0.03223687033531894,1.6365348541700844e-17,0.03223687033531894,0.03223687033531894,,,0.0732421875,0.018448854760144948,0.00046630163632927467,0.95361328125,0.018448854760144948,0.00046630163632927467,0.95361328125,0.14773318055349804,0.028664830790942654,0.544189453125,"[4,5,10,13,17,19,29,30]",725,0.0014414881602025933,0.6812794801902952,0.25219552911733545,0.09619938530567848
F15-ND01 development diagnostic; original F15 result unchanged,v2/work_logs/F15_ND01_v1_run1/evaluation_attempt_1/search_0_evaluation.json,df84abf6bc0be7f49a4d9441edb5b07a07221767c495d3d9d56861f3f987f046,0,1500401,1510691,positive_contribution_cov/budget_1024/robust,positive_contribution_cov,1024,robust,1,scale_separating,8192,0.0332336868607887,0.0017806291653422771,0.04219750188509122,0.1636892674394067,0.9227294921875,0.03863195154840085,0.18641875103675282,0.16894669746132454,,,,0.0772705078125,0.019882940719636543,0.0005411260966711711,0.95654296875,0.1631002276853128,0.034483047331399466,0.529296875,0.13940504782658586,0.028176054782147936,0.6153564453125,"[4,5,10,13,17,19,29,30]",725,0.0014414881602025933,0.6812794801902952,0.25219552911733545,0.09619938530567848
F15-ND01 development diagnostic; original F15 result unchanged,v2/work_logs/F15_ND01_v1_run1/evaluation_attempt_1/search_0_evaluation.json,df84abf6bc0be7f49a4d9441edb5b07a07221767c495d3d9d56861f3f987f046,0,1500401,1510691,positive_contribution_cov/budget_128/frozen_mse,positive_contribution_cov,128,frozen_mse,0,mixed_near,8192,0.04763793667315133,0.003410123163786288,0.05839625984415687,0.18202053468642387,0.6077880859375,0.05622696784613501,0.16393401066799693,0.11769329561158469,,,,0.3922119140625,0.01839667010610618,0.0004559794061549527,0.99658203125,0.1455739038737463,0.02654293943487924,0.4803466796875,0.14380780800565635,0.025828196399336395,0.4769287109375,"[1,2,9,16,22,23,28,29]",117,0.0032083322668015487,1.0460805495275094,0.14665389419156713,0.14909126177900733
F15-ND01 development diagnostic; original F15 result unchanged,v2/work_logs/F15_ND01_v1_run1/evaluation_attempt_1/search_0_evaluation.json,df84abf6bc0be7f49a4d9441edb5b07a07221767c495d3d9d56861f3f987f046,0,1500401,1510691,positive_contribution_cov/budget_128/frozen_mse,positive_contribution_cov,128,frozen_mse,0,mixed_far,8192,0.045751595209791385,0.0031065921492036044,0.05573681143735802,0.2107043198137677,0.9986572265625,0.05575027076832988,0.17074496586013568,0.12328160227637182,,,,0.0013427734375,0.019949975536485243,0.0005474592567278685,0.95654296875,0.1480179875752822,0.02831830100725257,0.781005859375,0.15263336893440538,0.030188206489310247,0.7646484375,"[1,2,9,16,22,23,28,29]",117,0.0032083322668015487,1.0460805495275094,0.14665389419156713,0.14909126177900733
F15-ND01 development diagnostic; original F15 result unchanged,v2/work_logs/F15_ND01_v1_run1/evaluation_attempt_1/search_0_evaluation.json,df84abf6bc0be7f49a4d9441edb5b07a07221767c495d3d9d56861f3f987f046,0,1500401,1510691,positive_contribution_cov/budget_128/frozen_mse,positive_contribution_cov,128,frozen_mse,0,preserve_other,8192,0.0488285104300373,0.0035430423194793663,0.05952346024450667,0.19937382980034113,0.8638916015625,0.05971663899995569,0.16972847495183196,0.11967101966614688,,,,0.1361083984375,0.01876427376394474,0.0004796417835603251,0.9505615234375,0.14535172775510863,0.02790630280686135,0.547607421875,0.01937045247450745,0.0005133685683027632,0.9449462890625,"[1,2,9,16,22,23,28,29]",117,0.0032083322668015487,1.0460805495275094,0.14665389419156713,0.14909126177900733
F15-ND01 development diagnostic; original F15 result unchanged,v2/work_logs/F15_ND01_v1_run1/evaluation_attempt_1/search_0_evaluation.json,df84abf6bc0be7f49a4d9441edb5b07a07221767c495d3d9d56861f3f987f046,0,1500401,1510691,positive_contribution_cov/budget_128/frozen_mse,positive_contribution_cov,128,frozen_mse,0,equal_target,8192,0.02982415694279223,0.001360432470887765,0.03688404086983644,0.12018946819656579,0.9288330078125,0.026144472128001563,1.7043713327065897e-17,0.026144472128001566,0.026144472128001566,,,0.0711669921875,0.02025855320298171,0.0005531511423467685,0.9561767578125,0.02025855320298171,0.0005531511423467685,0.9561767578125,0.14701553351149693,0.02854271244514215,0.5523681640625,"[1,2,9,16,22,23,28,29]",117,0.0032083322668015487,1.0460805495275094,0.14665389419156713,0.14909126177900733
F15-ND01 development diagnostic; original F15 result unchanged,v2/work_logs/F15_ND01_v1_run1/evaluation_attempt_1/search_0_evaluation.json,df84abf6bc0be7f49a4d9441edb5b07a07221767c495d3d9d56861f3f987f046,0,1500401,1510691,positive_contribution_cov/budget_128/frozen_mse,positive_contribution_cov,128,frozen_mse,0,scale_separating,8192,0.055111590975104326,0.004487090200489425,0.0669857462486567,0.20854265640470265,0.84423828125,0.06556073047542392,0.18773455244552628,0.13093269379897607,,,,0.15576171875,0.018658889708186324,0.00048267255836933673,0.9639892578125,0.16417661161255934,0.034764483399483716,0.5225830078125,0.13980795154350126,0.028170771365394406,0.6121826171875,"[1,2,9,16,22,23,28,29]",117,0.0032083322668015487,1.0460805495275094,0.14665389419156713,0.14909126177900733
F15-ND01 development diagnostic; original F15 result unchanged,v2/work_logs/F15_ND01_v1_run1/evaluation_attempt_1/search_0_evaluation.json,df84abf6bc0be7f49a4d9441edb5b07a07221767c495d3d9d56861f3f987f046,0,1500401,1510691,positive_contribution_cov/budget_128/frozen_mse,positive_contribution_cov,128,frozen_mse,1,mixed_near,8192,0.026990990115022845,0.0012509006124379446,0.03536807334925023,0.1801253334995188,0.7103271484375,0.02972352346510487,0.16428089235272608,0.16094690688371704,,,,0.2896728515625,0.02036268370938084,0.0005466263127452353,0.9969482421875,0.14325222461870862,0.025546515148514373,0.48291015625,0.14679264124133887,0.026784711466557122,0.48095703125,"[4,5,8,10,13,14,19,24]",38,0.0015279490960485567,0.7236658405257118,0.2203958576131171,0.09984573774060758
F15-ND01 development diagnostic; original F15 result unchanged,v2/work_logs/F15_ND01_v1_run1/evaluation_attempt_1/search_0_evaluation.json,df84abf6bc0be7f49a4d9441edb5b07a07221767c495d3d9d56861f3f987f046,0,1500401,1510691,positive_contribution_cov/budget_128/frozen_mse,positive_contribution_cov,128,frozen_mse,1,mixed_far,8192,0.03624079483179027,0.001893917780516881,0.04351916566889674,0.15633509479657792,0.9998779296875,0.03736646636644754,0.16992689661236599,0.1547012352350475,,,,0.0001220703125,0.0168688346642619,0.000395736150074405,0.96142578125,0.15338845913545152,0.03036600772698697,0.7667236328125,0.14468290965289352,0.027414636136231345,0.7999267578125,"[4,5,8,10,13,14,19,24]",38,0.0015279490960485567,0.7236658405257118,0.2203958576131171,0.09984573774060758
F15-ND01 development diagnostic; original F15 result unchanged,v2/work_logs/F15_ND01_v1_run1/evaluation_attempt_1/search_0_evaluation.json,df84abf6bc0be7f49a4d9441edb5b07a07221767c495d3d9d56861f3f987f046,0,1500401,1510691,positive_contribution_cov/budget_128/frozen_mse,positive_contribution_cov,128,frozen_mse,1,preserve_other,8192,0.026123934346489075,0.001117117538110942,0.03342330830589548,0.1427402956225456,0.9393310546875,0.03171324222417769,0.1687729491120812,0.15943448094541254,,,,0.0606689453125,0.020005712895715035,0.0005382576162774599,0.95654296875,0.1484435660455591,0.029280103258025412,0.5458984375,0.019571263262787204,0.0005334657975332752,0.95849609375,"[4,5,8,10,13,14,19,24]",38,0.0015279490960485567,0.7236658405257118,0.2203958576131171,0.09984573774060758
F15-ND01 development diagnostic; original F15 result unchanged,v2/work_logs/F15_ND01_v1_run1/evaluation_attempt_1/search_0_evaluation.json,df84abf6bc0be7f49a4d9441edb5b07a07221767c495d3d9d56861f3f987f046,0,1500401,1510691,positive_contribution_cov/budget_128/frozen_mse,positive_contribution_cov,128,frozen_mse,1,equal_target,8192,0.03709270332472531,0.0020790379086402123,0.045596468159718385,0.1570789896643432,0.9066162109375,0.03920805274655429,1.6365348541700844e-17,0.03920805274655429,0.03920805274655429,,,0.0933837890625,0.018448854760144948,0.00046630163632927467,0.95361328125,0.018448854760144948,0.00046630163632927467,0.95361328125,0.14773318055349804,0.028664830790942654,0.544189453125,"[4,5,8,10,13,14,19,24]",38,0.0015279490960485567,0.7236658405257118,0.2203958576131171,0.09984573774060758
F15-ND01 development diagnostic; original F15 result unchanged,v2/work_logs/F15_ND01_v1_run1/evaluation_attempt_1/search_0_evaluation.json,df84abf6bc0be7f49a4d9441edb5b07a07221767c495d3d9d56861f3f987f046,0,1500401,1510691,positive_contribution_cov/budget_128/frozen_mse,positive_contribution_cov,128,frozen_mse,1,scale_separating,8192,0.033865028935929076,0.0019194704932160318,0.043811762041899564,0.1921445166421329,0.91650390625,0.04013826704366822,0.18641875103675282,0.18317899845531802,,,,0.08349609375,0.019882940719636543,0.0005411260966711711,0.95654296875,0.1631002276853128,0.034483047331399466,0.529296875,0.13940504782658586,0.028176054782147936,0.6153564453125,"[4,5,8,10,13,14,19,24]",38,0.0015279490960485567,0.7236658405257118,0.2203958576131171,0.09984573774060758
F15-ND01 development diagnostic; original F15 result unchanged,v2/work_logs/F15_ND01_v1_run1/evaluation_attempt_1/search_0_evaluation.json,df84abf6bc0be7f49a4d9441edb5b07a07221767c495d3d9d56861f3f987f046,0,1500401,1510691,positive_contribution_cov/budget_128/robust,positive_contribution_cov,128,robust,0,mixed_near,8192,0.04763793667315133,0.003410123163786288,0.05839625984415687,0.18202053468642387,0.6077880859375,0.05622696784613501,0.16393401066799693,0.11769329561158469,,,,0.3922119140625,0.01839667010610618,0.0004559794061549527,0.99658203125,0.1455739038737463,0.02654293943487924,0.4803466796875,0.14380780800565635,0.025828196399336395,0.4769287109375,"[1,2,9,16,22,23,28,29]",117,0.0032083322668015487,1.0460805495275094,0.14665389419156713,0.14909126177900733
F15-ND01 development diagnostic; original F15 result unchanged,v2/work_logs/F15_ND01_v1_run1/evaluation_attempt_1/search_0_evaluation.json,df84abf6bc0be7f49a4d9441edb5b07a07221767c495d3d9d56861f3f987f046,0,1500401,1510691,positive_contribution_cov/budget_128/robust,positive_contribution_cov,128,robust,0,mixed_far,8192,0.045751595209791385,0.0031065921492036044,0.05573681143735802,0.2107043198137677,0.9986572265625,0.05575027076832988,0.17074496586013568,0.12328160227637182,,,,0.0013427734375,0.019949975536485243,0.0005474592567278685,0.95654296875,0.1480179875752822,0.02831830100725257,0.781005859375,0.15263336893440538,0.030188206489310247,0.7646484375,"[1,2,9,16,22,23,28,29]",117,0.0032083322668015487,1.0460805495275094,0.14665389419156713,0.14909126177900733
F15-ND01 development diagnostic; original F15 result unchanged,v2/work_logs/F15_ND01_v1_run1/evaluation_attempt_1/search_0_evaluation.json,df84abf6bc0be7f49a4d9441edb5b07a07221767c495d3d9d56861f3f987f046,0,1500401,1510691,positive_contribution_cov/budget_128/robust,positive_contribution_cov,128,robust,0,preserve_other,8192,0.0488285104300373,0.0035430423194793663,0.05952346024450667,0.19937382980034113,0.8638916015625,0.05971663899995569,0.16972847495183196,0.11967101966614688,,,,0.1361083984375,0.01876427376394474,0.0004796417835603251,0.9505615234375,0.14535172775510863,0.02790630280686135,0.547607421875,0.01937045247450745,0.0005133685683027632,0.9449462890625,"[1,2,9,16,22,23,28,29]",117,0.0032083322668015487,1.0460805495275094,0.14665389419156713,0.14909126177900733
F15-ND01 development diagnostic; original F15 result unchanged,v2/work_logs/F15_ND01_v1_run1/evaluation_attempt_1/search_0_evaluation.json,df84abf6bc0be7f49a4d9441edb5b07a07221767c495d3d9d56861f3f987f046,0,1500401,1510691,positive_contribution_cov/budget_128/robust,positive_contribution_cov,128,robust,0,equal_target,8192,0.02982415694279223,0.001360432470887765,0.03688404086983644,0.12018946819656579,0.9288330078125,0.026144472128001563,1.7043713327065897e-17,0.026144472128001566,0.026144472128001566,,,0.0711669921875,0.02025855320298171,0.0005531511423467685,0.9561767578125,0.02025855320298171,0.0005531511423467685,0.9561767578125,0.14701553351149693,0.02854271244514215,0.5523681640625,"[1,2,9,16,22,23,28,29]",117,0.0032083322668015487,1.0460805495275094,0.14665389419156713,0.14909126177900733
F15-ND01 development diagnostic; original F15 result unchanged,v2/work_logs/F15_ND01_v1_run1/evaluation_attempt_1/search_0_evaluation.json,df84abf6bc0be7f49a4d9441edb5b07a07221767c495d3d9d56861f3f987f046,0,1500401,1510691,positive_contribution_cov/budget_128/robust,positive_contribution_cov,128,robust,0,scale_separating,8192,0.055111590975104326,0.004487090200489425,0.0669857462486567,0.20854265640470265,0.84423828125,0.06556073047542392,0.18773455244552628,0.13093269379897607,,,,0.15576171875,0.018658889708186324,0.00048267255836933673,0.9639892578125,0.16417661161255934,0.034764483399483716,0.5225830078125,0.13980795154350126,0.028170771365394406,0.6121826171875,"[1,2,9,16,22,23,28,29]",117,0.0032083322668015487,1.0460805495275094,0.14665389419156713,0.14909126177900733
F15-ND01 development diagnostic; original F15 result unchanged,v2/work_logs/F15_ND01_v1_run1/evaluation_attempt_1/search_0_evaluation.json,df84abf6bc0be7f49a4d9441edb5b07a07221767c495d3d9d56861f3f987f046,0,1500401,1510691,positive_contribution_cov/budget_128/robust,positive_contribution_cov,128,robust,1,mixed_near,8192,0.026990990115022845,0.0012509006124379446,0.03536807334925023,0.1801253334995188,0.7103271484375,0.02972352346510487,0.16428089235272608,0.16094690688371704,,,,0.2896728515625,0.02036268370938084,0.0005466263127452353,0.9969482421875,0.14325222461870862,0.025546515148514373,0.48291015625,0.14679264124133887,0.026784711466557122,0.48095703125,"[4,5,8,10,13,14,19,24]",38,0.0015279490960485567,0.7236658405257118,0.2203958576131171,0.09984573774060758
F15-ND01 development diagnostic; original F15 result unchanged,v2/work_logs/F15_ND01_v1_run1/evaluation_attempt_1/search_0_evaluation.json,df84abf6bc0be7f49a4d9441edb5b07a07221767c495d3d9d56861f3f987f046,0,1500401,1510691,positive_contribution_cov/budget_128/robust,positive_contribution_cov,128,robust,1,mixed_far,8192,0.03624079483179027,0.001893917780516881,0.04351916566889674,0.15633509479657792,0.9998779296875,0.03736646636644754,0.16992689661236599,0.1547012352350475,,,,0.0001220703125,0.0168688346642619,0.000395736150074405,0.96142578125,0.15338845913545152,0.03036600772698697,0.7667236328125,0.14468290965289352,0.027414636136231345,0.7999267578125,"[4,5,8,10,13,14,19,24]",38,0.0015279490960485567,0.7236658405257118,0.2203958576131171,0.09984573774060758
F15-ND01 development diagnostic; original F15 result unchanged,v2/work_logs/F15_ND01_v1_run1/evaluation_attempt_1/search_0_evaluation.json,df84abf6bc0be7f49a4d9441edb5b07a07221767c495d3d9d56861f3f987f046,0,1500401,1510691,positive_contribution_cov/budget_128/robust,positive_contribution_cov,128,robust,1,preserve_other,8192,0.026123934346489075,0.001117117538110942,0.03342330830589548,0.1427402956225456,0.9393310546875,0.03171324222417769,0.1687729491120812,0.15943448094541254,,,,0.0606689453125,0.020005712895715035,0.0005382576162774599,0.95654296875,0.1484435660455591,0.029280103258025412,0.5458984375,0.019571263262787204,0.0005334657975332752,0.95849609375,"[4,5,8,10,13,14,19,24]",38,0.0015279490960485567,0.7236658405257118,0.2203958576131171,0.09984573774060758
F15-ND01 development diagnostic; original F15 result unchanged,v2/work_logs/F15_ND01_v1_run1/evaluation_attempt_1/search_0_evaluation.json,df84abf6bc0be7f49a4d9441edb5b07a07221767c495d3d9d56861f3f987f046,0,1500401,1510691,positive_contribution_cov/budget_128/robust,positive_contribution_cov,128,robust,1,equal_target,8192,0.03709270332472531,0.0020790379086402123,0.045596468159718385,0.1570789896643432,0.9066162109375,0.03920805274655429,1.6365348541700844e-17,0.03920805274655429,0.03920805274655429,,,0.0933837890625,0.018448854760144948,0.00046630163632927467,0.95361328125,0.018448854760144948,0.00046630163632927467,0.95361328125,0.14773318055349804,0.028664830790942654,0.544189453125,"[4,5,8,10,13,14,19,24]",38,0.0015279490960485567,0.7236658405257118,0.2203958576131171,0.09984573774060758
F15-ND01 development diagnostic; original F15 result unchanged,v2/work_logs/F15_ND01_v1_run1/evaluation_attempt_1/search_0_evaluation.json,df84abf6bc0be7f49a4d9441edb5b07a07221767c495d3d9d56861f3f987f046,0,1500401,1510691,positive_contribution_cov/budget_128/robust,positive_contribution_cov,128,robust,1,scale_separating,8192,0.033865028935929076,0.0019194704932160318,0.043811762041899564,0.1921445166421329,0.91650390625,0.04013826704366822,0.18641875103675282,0.18317899845531802,,,,0.08349609375,0.019882940719636543,0.0005411260966711711,0.95654296875,0.1631002276853128,0.034483047331399466,0.529296875,0.13940504782658586,0.028176054782147936,0.6153564453125,"[4,5,8,10,13,14,19,24]",38,0.0015279490960485567,0.7236658405257118,0.2203958576131171,0.09984573774060758
F15-ND01 development diagnostic; original F15 result unchanged,v2/work_logs/F15_ND01_v1_run1/evaluation_attempt_1/search_0_evaluation.json,df84abf6bc0be7f49a4d9441edb5b07a07221767c495d3d9d56861f3f987f046,0,1500401,1510691,uniform/budget_1024/frozen_mse,uniform,1024,frozen_mse,0,mixed_near,8192,0.04402733126891073,0.0029253955424163175,0.05408692579927535,0.18182187796047394,0.6124267578125,0.05154615787411662,0.16393401066799693,0.12932068614580625,,,,0.3875732421875,0.01839667010610618,0.0004559794061549527,0.99658203125,0.1455739038737463,0.02654293943487924,0.4803466796875,0.14380780800565635,0.025828196399336395,0.4769287109375,"[0,2,14,16,20,22,24,28]",843,0.0036752036895627677,1.1047364088802165,0.138070222527542,0.1500349239000846
F15-ND01 development diagnostic; original F15 result unchanged,v2/work_logs/F15_ND01_v1_run1/evaluation_attempt_1/search_0_evaluation.json,df84abf6bc0be7f49a4d9441edb5b07a07221767c495d3d9d56861f3f987f046,0,1500401,1510691,uniform/budget_1024/frozen_mse,uniform,1024,frozen_mse,0,mixed_far,8192,0.04874229428165858,0.0035891642225549204,0.059909633804213165,0.20200968895819532,0.9979248046875,0.05863265563393149,0.17074496586013568,0.12378082433368894,,,,0.0020751953125,0.019949975536485243,0.0005474592567278685,0.95654296875,0.1480179875752822,0.02831830100725257,0.781005859375,0.15263336893440538,0.030188206489310247,0.7646484375,"[0,2,14,16,20,22,24,28]",843,0.0036752036895627677,1.1047364088802165,0.138070222527542,0.1500349239000846
F15-ND01 development diagnostic; original F15 result unchanged,v2/work_logs/F15_ND01_v1_run1/evaluation_attempt_1/search_0_evaluation.json,df84abf6bc0be7f49a4d9441edb5b07a07221767c495d3d9d56861f3f987f046,0,1500401,1510691,uniform/budget_1024/frozen_mse,uniform,1024,frozen_mse,0,preserve_other,8192,0.05350819902731532,0.004127810912852395,0.06424804209353305,0.1916546617484991,0.843505859375,0.06467255167843326,0.16972847495183196,0.11633522080042089,,,,0.156494140625,0.01876427376394474,0.0004796417835603251,0.9505615234375,0.14535172775510863,0.02790630280686135,0.547607421875,0.01937045247450745,0.0005133685683027632,0.9449462890625,"[0,2,14,16,20,22,24,28]",843,0.0036752036895627677,1.1047364088802165,0.138070222527542,0.1500349239000846
F15-ND01 development diagnostic; original F15 result unchanged,v2/work_logs/F15_ND01_v1_run1/evaluation_attempt_1/search_0_evaluation.json,df84abf6bc0be7f49a4d9441edb5b07a07221767c495d3d9d56861f3f987f046,0,1500401,1510691,uniform/budget_1024/frozen_mse,uniform,1024,frozen_mse,0,equal_target,8192,0.034703696381430116,0.0018739855634684248,0.043289554900326994,0.16612066763155053,0.9127197265625,0.03507982022075167,1.7043713327065897e-17,0.03507982022075167,0.03507982022075167,,,0.0872802734375,0.02025855320298171,0.0005531511423467685,0.9561767578125,0.02025855320298171,0.0005531511423467685,0.9561767578125,0.14701553351149693,0.02854271244514215,0.5523681640625,"[0,2,14,16,20,22,24,28]",843,0.0036752036895627677,1.1047364088802165,0.138070222527542,0.1500349239000846
F15-ND01 development diagnostic; original F15 result unchanged,v2/work_logs/F15_ND01_v1_run1/evaluation_attempt_1/search_0_evaluation.json,df84abf6bc0be7f49a4d9441edb5b07a07221767c495d3d9d56861f3f987f046,0,1500401,1510691,uniform/budget_1024/frozen_mse,uniform,1024,frozen_mse,0,scale_separating,8192,0.05765089875192561,0.004926057083933079,0.07018587524518789,0.2169105313727665,0.8319091796875,0.0683562468503479,0.18773455244552628,0.13194108649146086,,,,0.1680908203125,0.018658889708186324,0.00048267255836933673,0.9639892578125,0.16417661161255934,0.034764483399483716,0.5225830078125,0.13980795154350126,0.028170771365394406,0.6121826171875,"[0,2,14,16,20,22,24,28]",843,0.0036752036895627677,1.1047364088802165,0.138070222527542,0.1500349239000846
F15-ND01 development diagnostic; original F15 result unchanged,v2/work_logs/F15_ND01_v1_run1/evaluation_attempt_1/search_0_evaluation.json,df84abf6bc0be7f49a4d9441edb5b07a07221767c495d3d9d56861f3f987f046,0,1500401,1510691,uniform/budget_1024/frozen_mse,uniform,1024,frozen_mse,1,mixed_near,8192,0.02665098115063128,0.0012186831024580832,0.034909641969777964,0.17700389219925233,0.7120361328125,0.028711468561736973,0.16428089235272608,0.16086142433893869,,,,0.2879638671875,0.02036268370938084,0.0005466263127452353,0.9969482421875,0.14325222461870862,0.025546515148514373,0.48291015625,0.14679264124133887,0.026784711466557122,0.48095703125,"[1,4,5,8,10,13,20,24]",373,0.0014813072929451224,0.7048162608081001,0.2153127426350899,0.09839576814484394
F15-ND01 development diagnostic; original F15 result unchanged,v2/work_logs/F15_ND01_v1_run1/evaluation_attempt_1/search_0_evaluation.json,df84abf6bc0be7f49a4d9441edb5b07a07221767c495d3d9d56861f3f987f046,0,1500401,1510691,uniform/budget_1024/frozen_mse,uniform,1024,frozen_mse,1,mixed_far,8192,0.036964037707385405,0.0019446116423764916,0.044097750990005055,0.15633509479657792,1.0,0.037575010029170464,0.16992689661236599,0.15333088272458695,,,,0.0,0.0168688346642619,0.000395736150074405,0.96142578125,0.15338845913545152,0.03036600772698697,0.7667236328125,0.14468290965289352,0.027414636136231345,0.7999267578125,"[1,4,5,8,10,13,20,24]",373,0.0014813072929451224,0.7048162608081001,0.2153127426350899,0.09839576814484394
F15-ND01 development diagnostic; original F15 result unchanged,v2/work_logs/F15_ND01_v1_run1/evaluation_attempt_1/search_0_evaluation.json,df84abf6bc0be7f49a4d9441edb5b07a07221767c495d3d9d56861f3f987f046,0,1500401,1510691,uniform/budget_1024/frozen_mse,uniform,1024,frozen_mse,1,preserve_other,8192,0.025354881381769126,0.001071645643400556,0.03273599919661161,0.1368485756263833,0.9437255859375,0.030193393903915188,0.1687729491120812,0.1566976876252357,,,,0.0562744140625,0.020005712895715035,0.0005382576162774599,0.95654296875,0.1484435660455591,0.029280103258025412,0.5458984375,0.019571263262787204,0.0005334657975332752,0.95849609375,"[1,4,5,8,10,13,20,24]",373,0.0014813072929451224,0.7048162608081001,0.2153127426350899,0.09839576814484394
F15-ND01 development diagnostic; original F15 result unchanged,v2/work_logs/F15_ND01_v1_run1/evaluation_attempt_1/search_0_evaluation.json,df84abf6bc0be7f49a4d9441edb5b07a07221767c495d3d9d56861f3f987f046,0,1500401,1510691,uniform/budget_1024/frozen_mse,uniform,1024,frozen_mse,1,equal_target,8192,0.03590404546586881,0.001970628120138409,0.044391757344561265,0.15639950037618555,0.91064453125,0.03747543806559574,1.6365348541700844e-17,0.03747543806559574,0.03747543806559574,,,0.08935546875,0.018448854760144948,0.00046630163632927467,0.95361328125,0.018448854760144948,0.00046630163632927467,0.95361328125,0.14773318055349804,0.028664830790942654,0.544189453125,"[1,4,5,8,10,13,20,24]",373,0.0014813072929451224,0.7048162608081001,0.2153127426350899,0.09839576814484394
F15-ND01 development diagnostic; original F15 result unchanged,v2/work_logs/F15_ND01_v1_run1/evaluation_attempt_1/search_0_evaluation.json,df84abf6bc0be7f49a4d9441edb5b07a07221767c495d3d9d56861f3f987f046,0,1500401,1510691,uniform/budget_1024/frozen_mse,uniform,1024,frozen_mse,1,scale_separating,8192,0.03344489141835126,0.0018767754228440048,0.043321766155640574,0.19098264572368145,0.9185791015625,0.039278665165667394,0.18641875103675282,0.1807194355463203,,,,0.0814208984375,0.019882940719636543,0.0005411260966711711,0.95654296875,0.1631002276853128,0.034483047331399466,0.529296875,0.13940504782658586,0.028176054782147936,0.6153564453125,"[1,4,5,8,10,13,20,24]",373,0.0014813072929451224,0.7048162608081001,0.2153127426350899,0.09839576814484394
F15-ND01 development diagnostic; original F15 result unchanged,v2/work_logs/F15_ND01_v1_run1/evaluation_attempt_1/search_0_evaluation.json,df84abf6bc0be7f49a4d9441edb5b07a07221767c495d3d9d56861f3f987f046,0,1500401,1510691,uniform/budget_1024/robust,uniform,1024,robust,0,mixed_near,8192,0.04402733126891073,0.0029253955424163175,0.05408692579927535,0.18182187796047394,0.6124267578125,0.05154615787411662,0.16393401066799693,0.12932068614580625,,,,0.3875732421875,0.01839667010610618,0.0004559794061549527,0.99658203125,0.1455739038737463,0.02654293943487924,0.4803466796875,0.14380780800565635,0.025828196399336395,0.4769287109375,"[0,2,14,16,20,22,24,28]",843,0.0036752036895627677,1.1047364088802165,0.138070222527542,0.1500349239000846
F15-ND01 development diagnostic; original F15 result unchanged,v2/work_logs/F15_ND01_v1_run1/evaluation_attempt_1/search_0_evaluation.json,df84abf6bc0be7f49a4d9441edb5b07a07221767c495d3d9d56861f3f987f046,0,1500401,1510691,uniform/budget_1024/robust,uniform,1024,robust,0,mixed_far,8192,0.04874229428165858,0.0035891642225549204,0.059909633804213165,0.20200968895819532,0.9979248046875,0.05863265563393149,0.17074496586013568,0.12378082433368894,,,,0.0020751953125,0.019949975536485243,0.0005474592567278685,0.95654296875,0.1480179875752822,0.02831830100725257,0.781005859375,0.15263336893440538,0.030188206489310247,0.7646484375,"[0,2,14,16,20,22,24,28]",843,0.0036752036895627677,1.1047364088802165,0.138070222527542,0.1500349239000846
F15-ND01 development diagnostic; original F15 result unchanged,v2/work_logs/F15_ND01_v1_run1/evaluation_attempt_1/search_0_evaluation.json,df84abf6bc0be7f49a4d9441edb5b07a07221767c495d3d9d56861f3f987f046,0,1500401,1510691,uniform/budget_1024/robust,uniform,1024,robust,0,preserve_other,8192,0.05350819902731532,0.004127810912852395,0.06424804209353305,0.1916546617484991,0.843505859375,0.06467255167843326,0.16972847495183196,0.11633522080042089,,,,0.156494140625,0.01876427376394474,0.0004796417835603251,0.9505615234375,0.14535172775510863,0.02790630280686135,0.547607421875,0.01937045247450745,0.0005133685683027632,0.9449462890625,"[0,2,14,16,20,22,24,28]",843,0.0036752036895627677,1.1047364088802165,0.138070222527542,0.1500349239000846
F15-ND01 development diagnostic; original F15 result unchanged,v2/work_logs/F15_ND01_v1_run1/evaluation_attempt_1/search_0_evaluation.json,df84abf6bc0be7f49a4d9441edb5b07a07221767c495d3d9d56861f3f987f046,0,1500401,1510691,uniform/budget_1024/robust,uniform,1024,robust,0,equal_target,8192,0.034703696381430116,0.0018739855634684248,0.043289554900326994,0.16612066763155053,0.9127197265625,0.03507982022075167,1.7043713327065897e-17,0.03507982022075167,0.03507982022075167,,,0.0872802734375,0.02025855320298171,0.0005531511423467685,0.9561767578125,0.02025855320298171,0.0005531511423467685,0.9561767578125,0.14701553351149693,0.02854271244514215,0.5523681640625,"[0,2,14,16,20,22,24,28]",843,0.0036752036895627677,1.1047364088802165,0.138070222527542,0.1500349239000846
F15-ND01 development diagnostic; original F15 result unchanged,v2/work_logs/F15_ND01_v1_run1/evaluation_attempt_1/search_0_evaluation.json,df84abf6bc0be7f49a4d9441edb5b07a07221767c495d3d9d56861f3f987f046,0,1500401,1510691,uniform/budget_1024/robust,uniform,1024,robust,0,scale_separating,8192,0.05765089875192561,0.004926057083933079,0.07018587524518789,0.2169105313727665,0.8319091796875,0.0683562468503479,0.18773455244552628,0.13194108649146086,,,,0.1680908203125,0.018658889708186324,0.00048267255836933673,0.9639892578125,0.16417661161255934,0.034764483399483716,0.5225830078125,0.13980795154350126,0.028170771365394406,0.6121826171875,"[0,2,14,16,20,22,24,28]",843,0.0036752036895627677,1.1047364088802165,0.138070222527542,0.1500349239000846
F15-ND01 development diagnostic; original F15 result unchanged,v2/work_logs/F15_ND01_v1_run1/evaluation_attempt_1/search_0_evaluation.json,df84abf6bc0be7f49a4d9441edb5b07a07221767c495d3d9d56861f3f987f046,0,1500401,1510691,uniform/budget_1024/robust,uniform,1024,robust,1,mixed_near,8192,0.02665098115063128,0.0012186831024580832,0.034909641969777964,0.17700389219925233,0.7120361328125,0.028711468561736973,0.16428089235272608,0.16086142433893869,,,,0.2879638671875,0.02036268370938084,0.0005466263127452353,0.9969482421875,0.14325222461870862,0.025546515148514373,0.48291015625,0.14679264124133887,0.026784711466557122,0.48095703125,"[1,4,5,8,10,13,20,24]",373,0.0014813072929451224,0.7048162608081001,0.2153127426350899,0.09839576814484394
F15-ND01 development diagnostic; original F15 result unchanged,v2/work_logs/F15_ND01_v1_run1/evaluation_attempt_1/search_0_evaluation.json,df84abf6bc0be7f49a4d9441edb5b07a07221767c495d3d9d56861f3f987f046,0,1500401,1510691,uniform/budget_1024/robust,uniform,1024,robust,1,mixed_far,8192,0.036964037707385405,0.0019446116423764916,0.044097750990005055,0.15633509479657792,1.0,0.037575010029170464,0.16992689661236599,0.15333088272458695,,,,0.0,0.0168688346642619,0.000395736150074405,0.96142578125,0.15338845913545152,0.03036600772698697,0.7667236328125,0.14468290965289352,0.027414636136231345,0.7999267578125,"[1,4,5,8,10,13,20,24]",373,0.0014813072929451224,0.7048162608081001,0.2153127426350899,0.09839576814484394
F15-ND01 development diagnostic; original F15 result unchanged,v2/work_logs/F15_ND01_v1_run1/evaluation_attempt_1/search_0_evaluation.json,df84abf6bc0be7f49a4d9441edb5b07a07221767c495d3d9d56861f3f987f046,0,1500401,1510691,uniform/budget_1024/robust,uniform,1024,robust,1,preserve_other,8192,0.025354881381769126,0.001071645643400556,0.03273599919661161,0.1368485756263833,0.9437255859375,0.030193393903915188,0.1687729491120812,0.1566976876252357,,,,0.0562744140625,0.020005712895715035,0.0005382576162774599,0.95654296875,0.1484435660455591,0.029280103258025412,0.5458984375,0.019571263262787204,0.0005334657975332752,0.95849609375,"[1,4,5,8,10,13,20,24]",373,0.0014813072929451224,0.7048162608081001,0.2153127426350899,0.09839576814484394
F15-ND01 development diagnostic; original F15 result unchanged,v2/work_logs/F15_ND01_v1_run1/evaluation_attempt_1/search_0_evaluation.json,df84abf6bc0be7f49a4d9441edb5b07a07221767c495d3d9d56861f3f987f046,0,1500401,1510691,uniform/budget_1024/robust,uniform,1024,robust,1,equal_target,8192,0.03590404546586881,0.001970628120138409,0.044391757344561265,0.15639950037618555,0.91064453125,0.03747543806559574,1.6365348541700844e-17,0.03747543806559574,0.03747543806559574,,,0.08935546875,0.018448854760144948,0.00046630163632927467,0.95361328125,0.018448854760144948,0.00046630163632927467,0.95361328125,0.14773318055349804,0.028664830790942654,0.544189453125,"[1,4,5,8,10,13,20,24]",373,0.0014813072929451224,0.7048162608081001,0.2153127426350899,0.09839576814484394
F15-ND01 development diagnostic; original F15 result unchanged,v2/work_logs/F15_ND01_v1_run1/evaluation_attempt_1/search_0_evaluation.json,df84abf6bc0be7f49a4d9441edb5b07a07221767c495d3d9d56861f3f987f046,0,1500401,1510691,uniform/budget_1024/robust,uniform,1024,robust,1,scale_separating,8192,0.03344489141835126,0.0018767754228440048,0.043321766155640574,0.19098264572368145,0.9185791015625,0.039278665165667394,0.18641875103675282,0.1807194355463203,,,,0.0814208984375,0.019882940719636543,0.0005411260966711711,0.95654296875,0.1631002276853128,0.034483047331399466,0.529296875,0.13940504782658586,0.028176054782147936,0.6153564453125,"[1,4,5,8,10,13,20,24]",373,0.0014813072929451224,0.7048162608081001,0.2153127426350899,0.09839576814484394
F15-ND01 development diagnostic; original F15 result unchanged,v2/work_logs/F15_ND01_v1_run1/evaluation_attempt_1/search_0_evaluation.json,df84abf6bc0be7f49a4d9441edb5b07a07221767c495d3d9d56861f3f987f046,0,1500401,1510691,uniform/budget_128/frozen_mse,uniform,128,frozen_mse,0,mixed_near,8192,0.054656641195719044,0.004303698916764638,0.06560258315618858,0.18666459239564048,0.583984375,0.06365566300102762,0.16393401066799693,0.11016209703646027,,,,0.416015625,0.01839667010610618,0.0004559794061549527,0.99658203125,0.1455739038737463,0.02654293943487924,0.4803466796875,0.14380780800565635,0.025828196399336395,0.4769287109375,"[2,3,8,15,16,24,28,31]",122,0.0042099364172002345,1.2457260385348867,0.1496776593458413,0.17099875646042137
F15-ND01 development diagnostic; original F15 result unchanged,v2/work_logs/F15_ND01_v1_run1/evaluation_attempt_1/search_0_evaluation.json,df84abf6bc0be7f49a4d9441edb5b07a07221767c495d3d9d56861f3f987f046,0,1500401,1510691,uniform/budget_128/frozen_mse,uniform,128,frozen_mse,0,mixed_far,8192,0.05494146763653581,0.0043977243035382895,0.06631533988104328,0.20395987603935767,0.9970703125,0.06633290933014908,0.17074496586013568,0.11205950542059888,,,,0.0029296875,0.019949975536485243,0.0005474592567278685,0.95654296875,0.1480179875752822,0.02831830100725257,0.781005859375,0.15263336893440538,0.030188206489310247,0.7646484375,"[2,3,8,15,16,24,28,31]",122,0.0042099364172002345,1.2457260385348867,0.1496776593458413,0.17099875646042137
F15-ND01 development diagnostic; original F15 result unchanged,v2/work_logs/F15_ND01_v1_run1/evaluation_attempt_1/search_0_evaluation.json,df84abf6bc0be7f49a4d9441edb5b07a07221767c495d3d9d56861f3f987f046,0,1500401,1510691,uniform/budget_128/frozen_mse,uniform,128,frozen_mse,0,preserve_other,8192,0.05782836182666881,0.004785267499605878,0.06917562793069447,0.20305959960744446,0.8258056640625,0.06969333424816558,0.16972847495183196,0.10712656510297058,,,,0.1741943359375,0.01876427376394474,0.0004796417835603251,0.9505615234375,0.14535172775510863,0.02790630280686135,0.547607421875,0.01937045247450745,0.0005133685683027632,0.9449462890625,"[2,3,8,15,16,24,28,31]",122,0.0042099364172002345,1.2457260385348867,0.1496776593458413,0.17099875646042137
F15-ND01 development diagnostic; original F15 result unchanged,v2/work_logs/F15_ND01_v1_run1/evaluation_attempt_1/search_0_evaluation.json,df84abf6bc0be7f49a4d9441edb5b07a07221767c495d3d9d56861f3f987f046,0,1500401,1510691,uniform/budget_128/frozen_mse,uniform,128,frozen_mse,0,equal_target,8192,0.030173320756360433,0.001389878692608334,0.03728107687028815,0.1467379878933886,0.923583984375,0.028401605574724813,1.7043713327065897e-17,0.028401605574724813,0.028401605574724813,,,0.076416015625,0.02025855320298171,0.0005531511423467685,0.9561767578125,0.02025855320298171,0.0005531511423467685,0.9561767578125,0.14701553351149693,0.02854271244514215,0.5523681640625,"[2,3,8,15,16,24,28,31]",122,0.0042099364172002345,1.2457260385348867,0.1496776593458413,0.17099875646042137
F15-ND01 development diagnostic; original F15 result unchanged,v2/work_logs/F15_ND01_v1_run1/evaluation_attempt_1/search_0_evaluation.json,df84abf6bc0be7f49a4d9441edb5b07a07221767c495d3d9d56861f3f987f046,0,1500401,1510691,uniform/budget_128/frozen_mse,uniform,128,frozen_mse,0,scale_separating,8192,0.0643204076456218,0.005877327517754204,0.07666373013201357,0.20874296810969828,0.807861328125,0.07556441814860126,0.18773455244552628,0.1193628641955909,,,,0.192138671875,0.018658889708186324,0.00048267255836933673,0.9639892578125,0.16417661161255934,0.034764483399483716,0.5225830078125,0.13980795154350126,0.028170771365394406,0.6121826171875,"[2,3,8,15,16,24,28,31]",122,0.0042099364172002345,1.2457260385348867,0.1496776593458413,0.17099875646042137
F15-ND01 development diagnostic; original F15 result unchanged,v2/work_logs/F15_ND01_v1_run1/evaluation_attempt_1/search_0_evaluation.json,df84abf6bc0be7f49a4d9441edb5b07a07221767c495d3d9d56861f3f987f046,0,1500401,1510691,uniform/budget_128/frozen_mse,uniform,128,frozen_mse,1,mixed_near,8192,0.051160257788621946,0.004016865061968904,0.06337874298192497,0.20033078096611667,0.590576171875,0.06703376022530905,0.16428089235272608,0.107754861389084,,,,0.409423828125,0.02036268370938084,0.0005466263127452353,0.9969482421875,0.14325222461870862,0.025546515148514373,0.48291015625,0.14679264124133887,0.026784711466557122,0.48095703125,"[0,4,10,18,21,23,29,31]",126,0.004144230732504943,1.2299327630619579,0.14513821259508813,0.1863308254580467
F15-ND01 development diagnostic; original F15 result unchanged,v2/work_logs/F15_ND01_v1_run1/evaluation_attempt_1/search_0_evaluation.json,df84abf6bc0be7f49a4d9441edb5b07a07221767c495d3d9d56861f3f987f046,0,1500401,1510691,uniform/budget_128/frozen_mse,uniform,128,frozen_mse,1,mixed_far,8192,0.06392151784934413,0.00577983549578754,0.07602522933729,0.23285674311860588,0.9937744140625,0.07077348451220158,0.16992689661236599,0.10877785152951724,,,,0.0062255859375,0.0168688346642619,0.000395736150074405,0.96142578125,0.15338845913545152,0.03036600772698697,0.7667236328125,0.14468290965289352,0.027414636136231345,0.7999267578125,"[0,4,10,18,21,23,29,31]",126,0.004144230732504943,1.2299327630619579,0.14513821259508813,0.1863308254580467
F15-ND01 development diagnostic; original F15 result unchanged,v2/work_logs/F15_ND01_v1_run1/evaluation_attempt_1/search_0_evaluation.json,df84abf6bc0be7f49a4d9441edb5b07a07221767c495d3d9d56861f3f987f046,0,1500401,1510691,uniform/budget_128/frozen_mse,uniform,128,frozen_mse,1,preserve_other,8192,0.054210630414618974,0.0045115629355061025,0.06716816906471475,0.21279992242809725,0.8477783203125,0.06574979565541529,0.1687729491120812,0.11540729320924802,,,,0.1522216796875,0.020005712895715035,0.0005382576162774599,0.95654296875,0.1484435660455591,0.029280103258025412,0.5458984375,0.019571263262787204,0.0005334657975332752,0.95849609375,"[0,4,10,18,21,23,29,31]",126,0.004144230732504943,1.2299327630619579,0.14513821259508813,0.1863308254580467
F15-ND01 development diagnostic; original F15 result unchanged,v2/work_logs/F15_ND01_v1_run1/evaluation_attempt_1/search_0_evaluation.json,df84abf6bc0be7f49a4d9441edb5b07a07221767c495d3d9d56861f3f987f046,0,1500401,1510691,uniform/budget_128/frozen_mse,uniform,128,frozen_mse,1,equal_target,8192,0.03310993808949389,0.0016578292393053314,0.040716449247267764,0.15218410022326556,0.91845703125,0.035284715219242535,1.6365348541700844e-17,0.035284715219242535,0.035284715219242535,,,0.08154296875,0.018448854760144948,0.00046630163632927467,0.95361328125,0.018448854760144948,0.00046630163632927467,0.95361328125,0.14773318055349804,0.028664830790942654,0.544189453125,"[0,4,10,18,21,23,29,31]",126,0.004144230732504943,1.2299327630619579,0.14513821259508813,0.1863308254580467
F15-ND01 development diagnostic; original F15 result unchanged,v2/work_logs/F15_ND01_v1_run1/evaluation_attempt_1/search_0_evaluation.json,df84abf6bc0be7f49a4d9441edb5b07a07221767c495d3d9d56861f3f987f046,0,1500401,1510691,uniform/budget_128/frozen_mse,uniform,128,frozen_mse,1,scale_separating,8192,0.05860271413965398,0.0051460181222616275,0.07173575205057536,0.24692794857188566,0.833984375,0.07212783777323115,0.18641875103675282,0.1291771451288293,,,,0.166015625,0.019882940719636543,0.0005411260966711711,0.95654296875,0.1631002276853128,0.034483047331399466,0.529296875,0.13940504782658586,0.028176054782147936,0.6153564453125,"[0,4,10,18,21,23,29,31]",126,0.004144230732504943,1.2299327630619579,0.14513821259508813,0.1863308254580467
F15-ND01 development diagnostic; original F15 result unchanged,v2/work_logs/F15_ND01_v1_run1/evaluation_attempt_1/search_0_evaluation.json,df84abf6bc0be7f49a4d9441edb5b07a07221767c495d3d9d56861f3f987f046,0,1500401,1510691,uniform/budget_128/robust,uniform,128,robust,0,mixed_near,8192,0.054656641195719044,0.004303698916764638,0.06560258315618858,0.18666459239564048,0.583984375,0.06365566300102762,0.16393401066799693,0.11016209703646027,,,,0.416015625,0.01839667010610618,0.0004559794061549527,0.99658203125,0.1455739038737463,0.02654293943487924,0.4803466796875,0.14380780800565635,0.025828196399336395,0.4769287109375,"[2,3,8,15,16,24,28,31]",122,0.0042099364172002345,1.2457260385348867,0.1496776593458413,0.17099875646042137
F15-ND01 development diagnostic; original F15 result unchanged,v2/work_logs/F15_ND01_v1_run1/evaluation_attempt_1/search_0_evaluation.json,df84abf6bc0be7f49a4d9441edb5b07a07221767c495d3d9d56861f3f987f046,0,1500401,1510691,uniform/budget_128/robust,uniform,128,robust,0,mixed_far,8192,0.05494146763653581,0.0043977243035382895,0.06631533988104328,0.20395987603935767,0.9970703125,0.06633290933014908,0.17074496586013568,0.11205950542059888,,,,0.0029296875,0.019949975536485243,0.0005474592567278685,0.95654296875,0.1480179875752822,0.02831830100725257,0.781005859375,0.15263336893440538,0.030188206489310247,0.7646484375,"[2,3,8,15,16,24,28,31]",122,0.0042099364172002345,1.2457260385348867,0.1496776593458413,0.17099875646042137
F15-ND01 development diagnostic; original F15 result unchanged,v2/work_logs/F15_ND01_v1_run1/evaluation_attempt_1/search_0_evaluation.json,df84abf6bc0be7f49a4d9441edb5b07a07221767c495d3d9d56861f3f987f046,0,1500401,1510691,uniform/budget_128/robust,uniform,128,robust,0,preserve_other,8192,0.05782836182666881,0.004785267499605878,0.06917562793069447,0.20305959960744446,0.8258056640625,0.06969333424816558,0.16972847495183196,0.10712656510297058,,,,0.1741943359375,0.01876427376394474,0.0004796417835603251,0.9505615234375,0.14535172775510863,0.02790630280686135,0.547607421875,0.01937045247450745,0.0005133685683027632,0.9449462890625,"[2,3,8,15,16,24,28,31]",122,0.0042099364172002345,1.2457260385348867,0.1496776593458413,0.17099875646042137
F15-ND01 development diagnostic; original F15 result unchanged,v2/work_logs/F15_ND01_v1_run1/evaluation_attempt_1/search_0_evaluation.json,df84abf6bc0be7f49a4d9441edb5b07a07221767c495d3d9d56861f3f987f046,0,1500401,1510691,uniform/budget_128/robust,uniform,128,robust,0,equal_target,8192,0.030173320756360433,0.001389878692608334,0.03728107687028815,0.1467379878933886,0.923583984375,0.028401605574724813,1.7043713327065897e-17,0.028401605574724813,0.028401605574724813,,,0.076416015625,0.02025855320298171,0.0005531511423467685,0.9561767578125,0.02025855320298171,0.0005531511423467685,0.9561767578125,0.14701553351149693,0.02854271244514215,0.5523681640625,"[2,3,8,15,16,24,28,31]",122,0.0042099364172002345,1.2457260385348867,0.1496776593458413,0.17099875646042137
F15-ND01 development diagnostic; original F15 result unchanged,v2/work_logs/F15_ND01_v1_run1/evaluation_attempt_1/search_0_evaluation.json,df84abf6bc0be7f49a4d9441edb5b07a07221767c495d3d9d56861f3f987f046,0,1500401,1510691,uniform/budget_128/robust,uniform,128,robust,0,scale_separating,8192,0.0643204076456218,0.005877327517754204,0.07666373013201357,0.20874296810969828,0.807861328125,0.07556441814860126,0.18773455244552628,0.1193628641955909,,,,0.192138671875,0.018658889708186324,0.00048267255836933673,0.9639892578125,0.16417661161255934,0.034764483399483716,0.5225830078125,0.13980795154350126,0.028170771365394406,0.6121826171875,"[2,3,8,15,16,24,28,31]",122,0.0042099364172002345,1.2457260385348867,0.1496776593458413,0.17099875646042137
F15-ND01 development diagnostic; original F15 result unchanged,v2/work_logs/F15_ND01_v1_run1/evaluation_attempt_1/search_0_evaluation.json,df84abf6bc0be7f49a4d9441edb5b07a07221767c495d3d9d56861f3f987f046,0,1500401,1510691,uniform/budget_128/robust,uniform,128,robust,1,mixed_near,8192,0.051160257788621946,0.004016865061968904,0.06337874298192497,0.20033078096611667,0.590576171875,0.06703376022530905,0.16428089235272608,0.107754861389084,,,,0.409423828125,0.02036268370938084,0.0005466263127452353,0.9969482421875,0.14325222461870862,0.025546515148514373,0.48291015625,0.14679264124133887,0.026784711466557122,0.48095703125,"[0,4,10,18,21,23,29,31]",126,0.004144230732504943,1.2299327630619579,0.14513821259508813,0.1863308254580467
F15-ND01 development diagnostic; original F15 result unchanged,v2/work_logs/F15_ND01_v1_run1/evaluation_attempt_1/search_0_evaluation.json,df84abf6bc0be7f49a4d9441edb5b07a07221767c495d3d9d56861f3f987f046,0,1500401,1510691,uniform/budget_128/robust,uniform,128,robust,1,mixed_far,8192,0.06392151784934413,0.00577983549578754,0.07602522933729,0.23285674311860588,0.9937744140625,0.07077348451220158,0.16992689661236599,0.10877785152951724,,,,0.0062255859375,0.0168688346642619,0.000395736150074405,0.96142578125,0.15338845913545152,0.03036600772698697,0.7667236328125,0.14468290965289352,0.027414636136231345,0.7999267578125,"[0,4,10,18,21,23,29,31]",126,0.004144230732504943,1.2299327630619579,0.14513821259508813,0.1863308254580467
F15-ND01 development diagnostic; original F15 result unchanged,v2/work_logs/F15_ND01_v1_run1/evaluation_attempt_1/search_0_evaluation.json,df84abf6bc0be7f49a4d9441edb5b07a07221767c495d3d9d56861f3f987f046,0,1500401,1510691,uniform/budget_128/robust,uniform,128,robust,1,preserve_other,8192,0.054210630414618974,0.0045115629355061025,0.06716816906471475,0.21279992242809725,0.8477783203125,0.06574979565541529,0.1687729491120812,0.11540729320924802,,,,0.1522216796875,0.020005712895715035,0.0005382576162774599,0.95654296875,0.1484435660455591,0.029280103258025412,0.5458984375,0.019571263262787204,0.0005334657975332752,0.95849609375,"[0,4,10,18,21,23,29,31]",126,0.004144230732504943,1.2299327630619579,0.14513821259508813,0.1863308254580467
F15-ND01 development diagnostic; original F15 result unchanged,v2/work_logs/F15_ND01_v1_run1/evaluation_attempt_1/search_0_evaluation.json,df84abf6bc0be7f49a4d9441edb5b07a07221767c495d3d9d56861f3f987f046,0,1500401,1510691,uniform/budget_128/robust,uniform,128,robust,1,equal_target,8192,0.03310993808949389,0.0016578292393053314,0.040716449247267764,0.15218410022326556,0.91845703125,0.035284715219242535,1.6365348541700844e-17,0.035284715219242535,0.035284715219242535,,,0.08154296875,0.018448854760144948,0.00046630163632927467,0.95361328125,0.018448854760144948,0.00046630163632927467,0.95361328125,0.14773318055349804,0.028664830790942654,0.544189453125,"[0,4,10,18,21,23,29,31]",126,0.004144230732504943,1.2299327630619579,0.14513821259508813,0.1863308254580467
F15-ND01 development diagnostic; original F15 result unchanged,v2/work_logs/F15_ND01_v1_run1/evaluation_attempt_1/search_0_evaluation.json,df84abf6bc0be7f49a4d9441edb5b07a07221767c495d3d9d56861f3f987f046,0,1500401,1510691,uniform/budget_128/robust,uniform,128,robust,1,scale_separating,8192,0.05860271413965398,0.0051460181222616275,0.07173575205057536,0.24692794857188566,0.833984375,0.07212783777323115,0.18641875103675282,0.1291771451288293,,,,0.166015625,0.019882940719636543,0.0005411260966711711,0.95654296875,0.1631002276853128,0.034483047331399466,0.529296875,0.13940504782658586,0.028176054782147936,0.6153564453125,"[0,4,10,18,21,23,29,31]",126,0.004144230732504943,1.2299327630619579,0.14513821259508813,0.1863308254580467
F15-ND01 development diagnostic; original F15 result unchanged,v2/work_logs/F15_ND01_v1_run1/evaluation_attempt_1/search_1_evaluation.json,4987acc9c0803dbf6109fd6a4ab2c3c29e9c4d60ed09cf69a7d5a7ce4cb56a10,1,1500402,1510692,cost_corr/budget_1024/frozen_mse,cost_corr,1024,frozen_mse,0,mixed_near,8192,0.03414837301525366,0.0018500775164680206,0.04301252743641113,0.1645420378449004,0.6796875,0.03885169520629872,0.16372034344731234,0.14002509484671638,,,,0.3203125,0.013877382445922126,0.0002884431031217159,0.99853515625,0.15240298701480035,0.028589177747052653,0.4842529296875,0.15160845237959014,0.028330434003952083,0.471435546875,"[2,3,9,13,19,24,28,30]",583,0.0015933317911170878,1.205357142857143,0.15866848432692962,0.10297826925927103
F15-ND01 development diagnostic; original F15 result unchanged,v2/work_logs/F15_ND01_v1_run1/evaluation_attempt_1/search_1_evaluation.json,4987acc9c0803dbf6109fd6a4ab2c3c29e9c4d60ed09cf69a7d5a7ce4cb56a10,1,1500402,1510692,cost_corr/budget_1024/frozen_mse,cost_corr,1024,frozen_mse,0,mixed_far,8192,0.03207132731351246,0.001583523632426374,0.03979351244143163,0.14807378061626064,1.0,0.03614830342814469,0.1703943794507933,0.14765699424463072,,,,0.0,0.013834841167543835,0.00028418084047228073,0.9637451171875,0.1540506695419378,0.03081563760380392,0.765380859375,0.14736909163293582,0.028196278839152142,0.7911376953125,"[2,3,9,13,19,24,28,30]",583,0.0015933317911170878,1.205357142857143,0.15866848432692962,0.10297826925927103
F15-ND01 development diagnostic; original F15 result unchanged,v2/work_logs/F15_ND01_v1_run1/evaluation_attempt_1/search_1_evaluation.json,4987acc9c0803dbf6109fd6a4ab2c3c29e9c4d60ed09cf69a7d5a7ce4cb56a10,1,1500402,1510692,cost_corr/budget_1024/frozen_mse,cost_corr,1024,frozen_mse,0,preserve_other,8192,0.031700614898107084,0.0016292782465823444,0.04036431897830489,0.14579241814226473,0.9151611328125,0.036584845005497336,0.16974153610916123,0.15274921895077637,,,,0.0848388671875,0.014927441506961556,0.00032956080634079563,0.9659423828125,0.1537358055207509,0.03090703594901861,0.53955078125,0.014760453713511729,0.0003299913046500159,0.9656982421875,"[2,3,9,13,19,24,28,30]",583,0.0015933317911170878,1.205357142857143,0.15866848432692962,0.10297826925927103
F15-ND01 development diagnostic; original F15 result unchanged,v2/work_logs/F15_ND01_v1_run1/evaluation_attempt_1/search_1_evaluation.json,4987acc9c0803dbf6109fd6a4ab2c3c29e9c4d60ed09cf69a7d5a7ce4cb56a10,1,1500402,1510692,cost_corr/budget_1024/frozen_mse,cost_corr,1024,frozen_mse,0,equal_target,8192,0.022691024307318716,0.0008529484815915137,0.02920528174134798,0.11149333953433704,0.9461669921875,0.028335942935705537,1.785480517796272e-17,0.028335942935705537,0.028335942935705537,,,0.0538330078125,0.013273760611965266,0.0002680014726357295,0.9661865234375,0.013273760611965266,0.00026800147263572957,0.9661865234375,0.1507144301398678,0.02979317346136231,0.5557861328125,"[2,3,9,13,19,24,28,30]",583,0.0015933317911170878,1.205357142857143,0.15866848432692962,0.10297826925927103
F15-ND01 development diagnostic; original F15 result unchanged,v2/work_logs/F15_ND01_v1_run1/evaluation_attempt_1/search_1_evaluation.json,4987acc9c0803dbf6109fd6a4ab2c3c29e9c4d60ed09cf69a7d5a7ce4cb56a10,1,1500402,1510692,cost_corr/budget_1024/frozen_mse,cost_corr,1024,frozen_mse,0,scale_separating,8192,0.0347743124716679,0.0019393535524456543,0.04403809206182364,0.16618750533064908,0.9053955078125,0.04015058958589738,0.18767197478923103,0.16856460469401482,,,,0.0946044921875,0.014478858226959362,0.00031054894125244687,0.970703125,0.17078276946071028,0.03737557438620178,0.5267333984375,0.14360131105561877,0.029819049232582426,0.6148681640625,"[2,3,9,13,19,24,28,30]",583,0.0015933317911170878,1.205357142857143,0.15866848432692962,0.10297826925927103
F15-ND01 development diagnostic; original F15 result unchanged,v2/work_logs/F15_ND01_v1_run1/evaluation_attempt_1/search_1_evaluation.json,4987acc9c0803dbf6109fd6a4ab2c3c29e9c4d60ed09cf69a7d5a7ce4cb56a10,1,1500402,1510692,cost_corr/budget_1024/frozen_mse,cost_corr,1024,frozen_mse,1,mixed_near,8192,0.026798981246676547,0.0010790419969523351,0.032848774664397076,0.13883001707415926,0.704833984375,0.027220163393970313,0.16419687676696124,0.15450313906030966,,,,0.295166015625,0.013742167069671627,0.00028725291086048534,0.997314453125,0.1535286002983916,0.02882042591058663,0.4852294921875,0.15252346525990484,0.02861188235614595,0.4683837890625,"[0,6,10,15,16,22,23,27]",986,0.0010323114427851557,0.8035714285714286,0.1753734726336867,0.08113342593463452
F15-ND01 development diagnostic; original F15 result unchanged,v2/work_logs/F15_ND01_v1_run1/evaluation_attempt_1/search_1_evaluation.json,4987acc9c0803dbf6109fd6a4ab2c3c29e9c4d60ed09cf69a7d5a7ce4cb56a10,1,1500402,1510692,cost_corr/budget_1024/frozen_mse,cost_corr,1024,frozen_mse,1,mixed_far,8192,0.023233418345682804,0.0008394356914550011,0.028973016609511015,0.1058546645910643,1.0,0.029201916302068347,0.1690926769410288,0.15387368632664178,,,,0.0,0.014680309347381505,0.0003194462654590363,0.964111328125,0.14775426195912128,0.028281240569550822,0.794677734375,0.15317871912086511,0.03061607996918897,0.763916015625,"[0,6,10,15,16,22,23,27]",986,0.0010323114427851557,0.8035714285714286,0.1753734726336867,0.08113342593463452
F15-ND01 development diagnostic; original F15 result unchanged,v2/work_logs/F15_ND01_v1_run1/evaluation_attempt_1/search_1_evaluation.json,4987acc9c0803dbf6109fd6a4ab2c3c29e9c4d60ed09cf69a7d5a7ce4cb56a10,1,1500402,1510692,cost_corr/budget_1024/frozen_mse,cost_corr,1024,frozen_mse,1,preserve_other,8192,0.0255495733765266,0.0010037727264650162,0.031682372487946926,0.12980166126901738,0.9259033203125,0.028092916609253157,0.16811119576760666,0.1570225868421728,,,,0.0740966796875,0.013354682245649724,0.0002711124149086821,0.96630859375,0.14685757077697675,0.02843123846199062,0.5567626953125,0.013594479820319996,0.00028010681010415776,0.96142578125,"[0,6,10,15,16,22,23,27]",986,0.0010323114427851557,0.8035714285714286,0.1753734726336867,0.08113342593463452
F15-ND01 development diagnostic; original F15 result unchanged,v2/work_logs/F15_ND01_v1_run1/evaluation_attempt_1/search_1_evaluation.json,4987acc9c0803dbf6109fd6a4ab2c3c29e9c4d60ed09cf69a7d5a7ce4cb56a10,1,1500402,1510692,cost_corr/budget_1024/frozen_mse,cost_corr,1024,frozen_mse,1,equal_target,8192,0.024181748484829048,0.0008575982478773194,0.029284778433126643,0.0987661238100771,0.94091796875,0.02841523291781995,1.6556729224450024e-17,0.02841523291781995,0.02841523291781995,,,0.05908203125,0.014762498002511565,0.00032263563993039946,0.962890625,0.014762498002511563,0.00032263563993039946,0.962890625,0.1515652955761089,0.030036332437208053,0.5452880859375,"[0,6,10,15,16,22,23,27]",986,0.0010323114427851557,0.8035714285714286,0.1753734726336867,0.08113342593463452
F15-ND01 development diagnostic; original F15 result unchanged,v2/work_logs/F15_ND01_v1_run1/evaluation_attempt_1/search_1_evaluation.json,4987acc9c0803dbf6109fd6a4ab2c3c29e9c4d60ed09cf69a7d5a7ce4cb56a10,1,1500402,1510692,cost_corr/budget_1024/frozen_mse,cost_corr,1024,frozen_mse,1,scale_separating,8192,0.02802414798700671,0.0012140328820417663,0.03484297464399052,0.13422769960186742,0.9251708984375,0.03208153070593321,0.18806879405935023,0.17819920231836361,,,,0.0748291015625,0.013891942415372248,0.00028660480109731596,0.966796875,0.1679470518384586,0.03630352145971401,0.5328369140625,0.14702728605862503,0.030955230360271396,0.5985107421875,"[0,6,10,15,16,22,23,27]",986,0.0010323114427851557,0.8035714285714286,0.1753734726336867,0.08113342593463452
F15-ND01 development diagnostic; original F15 result unchanged,v2/work_logs/F15_ND01_v1_run1/evaluation_attempt_1/search_1_evaluation.json,4987acc9c0803dbf6109fd6a4ab2c3c29e9c4d60ed09cf69a7d5a7ce4cb56a10,1,1500402,1510692,cost_corr/budget_1024/robust,cost_corr,1024,robust,0,mixed_near,8192,0.0512778459279985,0.003907292964710844,0.06250834316082009,0.2059624185045824,0.6173095703125,0.060566570172170105,0.16372034344731234,0.1541301874666721,,,,0.3826904296875,0.013877382445922126,0.0002884431031217159,0.99853515625,0.15240298701480035,0.028589177747052653,0.4842529296875,0.15160845237959014,0.028330434003952083,0.471435546875,"[2,6,8,9,19,24,25,28]",133,0.0038046417658492383,1.09375,0.1335316951448729,0.17918571389450264
F15-ND01 development diagnostic; original F15 result unchanged,v2/work_logs/F15_ND01_v1_run1/evaluation_attempt_1/search_1_evaluation.json,4987acc9c0803dbf6109fd6a4ab2c3c29e9c4d60ed09cf69a7d5a7ce4cb56a10,1,1500402,1510692,cost_corr/budget_1024/robust,cost_corr,1024,robust,0,mixed_far,8192,0.04769996371395838,0.0035469747261778965,0.05955648349405711,0.21930846274667726,0.9981689453125,0.057159315893549834,0.1703943794507933,0.1525694242016767,,,,0.0018310546875,0.013834841167543835,0.00028418084047228073,0.9637451171875,0.1540506695419378,0.03081563760380392,0.765380859375,0.14736909163293582,0.028196278839152142,0.7911376953125,"[2,6,8,9,19,24,25,28]",133,0.0038046417658492383,1.09375,0.1335316951448729,0.17918571389450264
F15-ND01 development diagnostic; original F15 result unchanged,v2/work_logs/F15_ND01_v1_run1/evaluation_attempt_1/search_1_evaluation.json,4987acc9c0803dbf6109fd6a4ab2c3c29e9c4d60ed09cf69a7d5a7ce4cb56a10,1,1500402,1510692,cost_corr/budget_1024/robust,cost_corr,1024,robust,0,preserve_other,8192,0.054048056619169144,0.00431376375803731,0.06567924906724582,0.1993372272154863,0.860107421875,0.06292991495306531,0.16974153610916123,0.14851941922769354,,,,0.139892578125,0.014927441506961556,0.00032956080634079563,0.9659423828125,0.1537358055207509,0.03090703594901861,0.53955078125,0.014760453713511729,0.0003299913046500159,0.9656982421875,"[2,6,8,9,19,24,25,28]",133,0.0038046417658492383,1.09375,0.1335316951448729,0.17918571389450264
F15-ND01 development diagnostic; original F15 result unchanged,v2/work_logs/F15_ND01_v1_run1/evaluation_attempt_1/search_1_evaluation.json,4987acc9c0803dbf6109fd6a4ab2c3c29e9c4d60ed09cf69a7d5a7ce4cb56a10,1,1500402,1510692,cost_corr/budget_1024/robust,cost_corr,1024,robust,0,equal_target,8192,0.041569813211630745,0.002743069253244723,0.0523743186422957,0.2345487224862513,0.893798828125,0.05299459428452548,1.785480517796272e-17,0.05299459428452547,0.05299459428452547,,,0.106201171875,0.013273760611965266,0.0002680014726357295,0.9661865234375,0.013273760611965266,0.00026800147263572957,0.9661865234375,0.1507144301398678,0.02979317346136231,0.5557861328125,"[2,6,8,9,19,24,25,28]",133,0.0038046417658492383,1.09375,0.1335316951448729,0.17918571389450264
F15-ND01 development diagnostic; original F15 result unchanged,v2/work_logs/F15_ND01_v1_run1/evaluation_attempt_1/search_1_evaluation.json,4987acc9c0803dbf6109fd6a4ab2c3c29e9c4d60ed09cf69a7d5a7ce4cb56a10,1,1500402,1510692,cost_corr/budget_1024/robust,cost_corr,1024,robust,0,scale_separating,8192,0.05446061606912981,0.004407452387925952,0.06638864652880003,0.20733698269540185,0.841064453125,0.06282178974550338,0.18767197478923103,0.16356845533793057,,,,0.158935546875,0.014478858226959362,0.00031054894125244687,0.970703125,0.17078276946071028,0.03737557438620178,0.5267333984375,0.14360131105561877,0.029819049232582426,0.6148681640625,"[2,6,8,9,19,24,25,28]",133,0.0038046417658492383,1.09375,0.1335316951448729,0.17918571389450264
F15-ND01 development diagnostic; original F15 result unchanged,v2/work_logs/F15_ND01_v1_run1/evaluation_attempt_1/search_1_evaluation.json,4987acc9c0803dbf6109fd6a4ab2c3c29e9c4d60ed09cf69a7d5a7ce4cb56a10,1,1500402,1510692,cost_corr/budget_1024/robust,cost_corr,1024,robust,1,mixed_near,8192,0.03488691401820884,0.0019325115393937504,0.043960340528637294,0.18102819907306777,0.69091796875,0.04048856035148385,0.16419687676696124,0.17455855977882795,,,,0.30908203125,0.013742167069671627,0.00028725291086048534,0.997314453125,0.1535286002983916,0.02882042591058663,0.4852294921875,0.15252346525990484,0.02861188235614595,0.4683837890625,"[0,6,8,10,11,13,27,31]",874,0.0016648941380437462,0.7213388644267051,0.14821196588169838,0.12055151917946104
F15-ND01 development diagnostic; original F15 result unchanged,v2/work_logs/F15_ND01_v1_run1/evaluation_attempt_1/search_1_evaluation.json,4987acc9c0803dbf6109fd6a4ab2c3c29e9c4d60ed09cf69a7d5a7ce4cb56a10,1,1500402,1510692,cost_corr/budget_1024/robust,cost_corr,1024,robust,1,mixed_far,8192,0.0302736914388784,0.0013903903071262268,0.037287937823460106,0.13744481661423147,1.0,0.03455348292643071,0.1690926769410288,0.18281397289725115,,,,0.0,0.014680309347381505,0.0003194462654590363,0.964111328125,0.14775426195912128,0.028281240569550822,0.794677734375,0.15317871912086511,0.03061607996918897,0.763916015625,"[0,6,8,10,11,13,27,31]",874,0.0016648941380437462,0.7213388644267051,0.14821196588169838,0.12055151917946104
F15-ND01 development diagnostic; original F15 result unchanged,v2/work_logs/F15_ND01_v1_run1/evaluation_attempt_1/search_1_evaluation.json,4987acc9c0803dbf6109fd6a4ab2c3c29e9c4d60ed09cf69a7d5a7ce4cb56a10,1,1500402,1510692,cost_corr/budget_1024/robust,cost_corr,1024,robust,1,preserve_other,8192,0.0318813952440483,0.0015857764368584068,0.039821808558356646,0.16033420916557606,0.9251708984375,0.03645865801623704,0.16811119576760666,0.18341684851573983,,,,0.0748291015625,0.013354682245649724,0.0002711124149086821,0.96630859375,0.14685757077697675,0.02843123846199062,0.5567626953125,0.013594479820319996,0.00028010681010415776,0.96142578125,"[0,6,8,10,11,13,27,31]",874,0.0016648941380437462,0.7213388644267051,0.14821196588169838,0.12055151917946104
F15-ND01 development diagnostic; original F15 result unchanged,v2/work_logs/F15_ND01_v1_run1/evaluation_attempt_1/search_1_evaluation.json,4987acc9c0803dbf6109fd6a4ab2c3c29e9c4d60ed09cf69a7d5a7ce4cb56a10,1,1500402,1510692,cost_corr/budget_1024/robust,cost_corr,1024,robust,1,equal_target,8192,0.03224611278612463,0.001631572030759264,0.04039272249749036,0.15769038486015463,0.927490234375,0.03772192242273747,1.6556729224450024e-17,0.03772192242273747,0.03772192242273747,,,0.072509765625,0.014762498002511565,0.00032263563993039946,0.962890625,0.014762498002511563,0.00032263563993039946,0.962890625,0.1515652955761089,0.030036332437208053,0.5452880859375,"[0,6,8,10,11,13,27,31]",874,0.0016648941380437462,0.7213388644267051,0.14821196588169838,0.12055151917946104
F15-ND01 development diagnostic; original F15 result unchanged,v2/work_logs/F15_ND01_v1_run1/evaluation_attempt_1/search_1_evaluation.json,4987acc9c0803dbf6109fd6a4ab2c3c29e9c4d60ed09cf69a7d5a7ce4cb56a10,1,1500402,1510692,cost_corr/budget_1024/robust,cost_corr,1024,robust,1,scale_separating,8192,0.03590949381432259,0.0020046379730241258,0.0447731836373529,0.16406756951914336,0.93115234375,0.0416364040810779,0.18806879405935023,0.20476823970237304,,,,0.06884765625,0.013891942415372248,0.00028660480109731596,0.966796875,0.1679470518384586,0.03630352145971401,0.5328369140625,0.14702728605862503,0.030955230360271396,0.5985107421875,"[0,6,8,10,11,13,27,31]",874,0.0016648941380437462,0.7213388644267051,0.14821196588169838,0.12055151917946104
F15-ND01 development diagnostic; original F15 result unchanged,v2/work_logs/F15_ND01_v1_run1/evaluation_attempt_1/search_1_evaluation.json,4987acc9c0803dbf6109fd6a4ab2c3c29e9c4d60ed09cf69a7d5a7ce4cb56a10,1,1500402,1510692,cost_corr/budget_128/frozen_mse,cost_corr,128,frozen_mse,0,mixed_near,8192,0.0568365663937531,0.004972431044143021,0.07051546670158981,0.23217453068276972,0.586669921875,0.0650940194081387,0.16372034344731234,0.11308624320021464,,,,0.413330078125,0.013877382445922126,0.0002884431031217159,0.99853515625,0.15240298701480035,0.028589177747052653,0.4842529296875,0.15160845237959014,0.028330434003952083,0.471435546875,"[2,3,9,10,16,21,28,30]",100,0.004731377886527351,1.40625,0.21446293622131857,0.17918558778938312
F15-ND01 development diagnostic; original F15 result unchanged,v2/work_logs/F15_ND01_v1_run1/evaluation_attempt_1/search_1_evaluation.json,4987acc9c0803dbf6109fd6a4ab2c3c29e9c4d60ed09cf69a7d5a7ce4cb56a10,1,1500402,1510692,cost_corr/budget_128/frozen_mse,cost_corr,128,frozen_mse,0,mixed_far,8192,0.062452949102467806,0.00539211165055656,0.0734309992479781,0.25558199635812057,0.9942626953125,0.06951646101116421,0.1703943794507933,0.11281216470096257,,,,0.0057373046875,0.013834841167543835,0.00028418084047228073,0.9637451171875,0.1540506695419378,0.03081563760380392,0.765380859375,0.14736909163293582,0.028196278839152142,0.7911376953125,"[2,3,9,10,16,21,28,30]",100,0.004731377886527351,1.40625,0.21446293622131857,0.17918558778938312
F15-ND01 development diagnostic; original F15 result unchanged,v2/work_logs/F15_ND01_v1_run1/evaluation_attempt_1/search_1_evaluation.json,4987acc9c0803dbf6109fd6a4ab2c3c29e9c4d60ed09cf69a7d5a7ce4cb56a10,1,1500402,1510692,cost_corr/budget_128/frozen_mse,cost_corr,128,frozen_mse,0,preserve_other,8192,0.061518111838324,0.005464042006489617,0.07391915858889099,0.2406694151789468,0.8212890625,0.06723509504200957,0.16974153610916123,0.1121178934440077,,,,0.1787109375,0.014927441506961556,0.00032956080634079563,0.9659423828125,0.1537358055207509,0.03090703594901861,0.53955078125,0.014760453713511729,0.0003299913046500159,0.9656982421875,"[2,3,9,10,16,21,28,30]",100,0.004731377886527351,1.40625,0.21446293622131857,0.17918558778938312
F15-ND01 development diagnostic; original F15 result unchanged,v2/work_logs/F15_ND01_v1_run1/evaluation_attempt_1/search_1_evaluation.json,4987acc9c0803dbf6109fd6a4ab2c3c29e9c4d60ed09cf69a7d5a7ce4cb56a10,1,1500402,1510692,cost_corr/budget_128/frozen_mse,cost_corr,128,frozen_mse,0,equal_target,8192,0.029676767852015576,0.0014038257041846828,0.03746766211260963,0.1378141947572702,0.9268798828125,0.037377561660948425,1.785480517796272e-17,0.037377561660948425,0.037377561660948425,,,0.0731201171875,0.013273760611965266,0.0002680014726357295,0.9661865234375,0.013273760611965266,0.00026800147263572957,0.9661865234375,0.1507144301398678,0.02979317346136231,0.5557861328125,"[2,3,9,10,16,21,28,30]",100,0.004731377886527351,1.40625,0.21446293622131857,0.17918558778938312
F15-ND01 development diagnostic; original F15 result unchanged,v2/work_logs/F15_ND01_v1_run1/evaluation_attempt_1/search_1_evaluation.json,4987acc9c0803dbf6109fd6a4ab2c3c29e9c4d60ed09cf69a7d5a7ce4cb56a10,1,1500402,1510692,cost_corr/budget_128/frozen_mse,cost_corr,128,frozen_mse,0,scale_separating,8192,0.06752544002846714,0.0065152147021499615,0.08071687990841793,0.2524325491252887,0.8037109375,0.07532071992245852,0.18767197478923103,0.125441812579303,,,,0.1962890625,0.014478858226959362,0.00031054894125244687,0.970703125,0.17078276946071028,0.03737557438620178,0.5267333984375,0.14360131105561877,0.029819049232582426,0.6148681640625,"[2,3,9,10,16,21,28,30]",100,0.004731377886527351,1.40625,0.21446293622131857,0.17918558778938312
F15-ND01 development diagnostic; original F15 result unchanged,v2/work_logs/F15_ND01_v1_run1/evaluation_attempt_1/search_1_evaluation.json,4987acc9c0803dbf6109fd6a4ab2c3c29e9c4d60ed09cf69a7d5a7ce4cb56a10,1,1500402,1510692,cost_corr/budget_128/frozen_mse,cost_corr,128,frozen_mse,1,mixed_near,8192,0.039328941562703855,0.00242930282436412,0.04928795820851296,0.18148907576157436,0.6656494140625,0.04429337795687488,0.16419687676696124,0.1621814008344902,,,,0.3343505859375,0.013742167069671627,0.00028725291086048534,0.997314453125,0.1535286002983916,0.02882042591058663,0.4852294921875,0.15252346525990484,0.02861188235614595,0.4683837890625,"[0,6,10,11,13,20,22,27]",61,0.0019733772928025805,0.8035714285714286,0.15278292636186683,0.12748917017467515
F15-ND01 development diagnostic; original F15 result unchanged,v2/work_logs/F15_ND01_v1_run1/evaluation_attempt_1/search_1_evaluation.json,4987acc9c0803dbf6109fd6a4ab2c3c29e9c4d60ed09cf69a7d5a7ce4cb56a10,1,1500402,1510692,cost_corr/budget_128/frozen_mse,cost_corr,128,frozen_mse,1,mixed_far,8192,0.030601253847806487,0.0014570846805382859,0.03817177858756762,0.14460363086854094,1.0,0.03639116960811147,0.1690926769410288,0.17187074741967964,,,,0.0,0.014680309347381505,0.0003194462654590363,0.964111328125,0.14775426195912128,0.028281240569550822,0.794677734375,0.15317871912086511,0.03061607996918897,0.763916015625,"[0,6,10,11,13,20,22,27]",61,0.0019733772928025805,0.8035714285714286,0.15278292636186683,0.12748917017467515
F15-ND01 development diagnostic; original F15 result unchanged,v2/work_logs/F15_ND01_v1_run1/evaluation_attempt_1/search_1_evaluation.json,4987acc9c0803dbf6109fd6a4ab2c3c29e9c4d60ed09cf69a7d5a7ce4cb56a10,1,1500402,1510692,cost_corr/budget_128/frozen_mse,cost_corr,128,frozen_mse,1,preserve_other,8192,0.03683268792354967,0.002091847026766993,0.04573671421043485,0.20452987933607175,0.9051513671875,0.04198617694544628,0.16811119576760666,0.1756151526008704,,,,0.0948486328125,0.013354682245649724,0.0002711124149086821,0.96630859375,0.14685757077697675,0.02843123846199062,0.5567626953125,0.013594479820319996,0.00028010681010415776,0.96142578125,"[0,6,10,11,13,20,22,27]",61,0.0019733772928025805,0.8035714285714286,0.15278292636186683,0.12748917017467515
F15-ND01 development diagnostic; original F15 result unchanged,v2/work_logs/F15_ND01_v1_run1/evaluation_attempt_1/search_1_evaluation.json,4987acc9c0803dbf6109fd6a4ab2c3c29e9c4d60ed09cf69a7d5a7ce4cb56a10,1,1500402,1510692,cost_corr/budget_128/frozen_mse,cost_corr,128,frozen_mse,1,equal_target,8192,0.034556354833629094,0.0018811203691076804,0.043371884546416474,0.18044341836704814,0.916748046875,0.041698844606272364,1.6556729224450024e-17,0.041698844606272364,0.041698844606272364,,,0.083251953125,0.014762498002511565,0.00032263563993039946,0.962890625,0.014762498002511563,0.00032263563993039946,0.962890625,0.1515652955761089,0.030036332437208053,0.5452880859375,"[0,6,10,11,13,20,22,27]",61,0.0019733772928025805,0.8035714285714286,0.15278292636186683,0.12748917017467515
F15-ND01 development diagnostic; original F15 result unchanged,v2/work_logs/F15_ND01_v1_run1/evaluation_attempt_1/search_1_evaluation.json,4987acc9c0803dbf6109fd6a4ab2c3c29e9c4d60ed09cf69a7d5a7ce4cb56a10,1,1500402,1510692,cost_corr/budget_128/frozen_mse,cost_corr,128,frozen_mse,1,scale_separating,8192,0.03738142869922015,0.0021977900848417845,0.04688059390453351,0.17559977893322992,0.9224853515625,0.04396308175575562,0.18806879405935023,0.19533367267028875,,,,0.0775146484375,0.013891942415372248,0.00028660480109731596,0.966796875,0.1679470518384586,0.03630352145971401,0.5328369140625,0.14702728605862503,0.030955230360271396,0.5985107421875,"[0,6,10,11,13,20,22,27]",61,0.0019733772928025805,0.8035714285714286,0.15278292636186683,0.12748917017467515
F15-ND01 development diagnostic; original F15 result unchanged,v2/work_logs/F15_ND01_v1_run1/evaluation_attempt_1/search_1_evaluation.json,4987acc9c0803dbf6109fd6a4ab2c3c29e9c4d60ed09cf69a7d5a7ce4cb56a10,1,1500402,1510692,cost_corr/budget_128/robust,cost_corr,128,robust,0,mixed_near,8192,0.0631202697892117,0.006032687005712582,0.07767037405415646,0.2558103529516197,0.5888671875,0.07459112253125469,0.16372034344731234,0.1379758557044186,,,,0.4111328125,0.013877382445922126,0.0002884431031217159,0.99853515625,0.15240298701480035,0.028589177747052653,0.4842529296875,0.15160845237959014,0.028330434003952083,0.471435546875,"[4,6,8,9,12,24,25,31]",58,0.005466795099324731,1.2957346748039444,0.15442738231427203,0.22280942486359523
F15-ND01 development diagnostic; original F15 result unchanged,v2/work_logs/F15_ND01_v1_run1/evaluation_attempt_1/search_1_evaluation.json,4987acc9c0803dbf6109fd6a4ab2c3c29e9c4d60ed09cf69a7d5a7ce4cb56a10,1,1500402,1510692,cost_corr/budget_128/robust,cost_corr,128,robust,0,mixed_far,8192,0.06507955562361101,0.006524385798798726,0.08077367020755417,0.2736284424949291,0.98388671875,0.07735207982017363,0.1703943794507933,0.13919138779526716,,,,0.01611328125,0.013834841167543835,0.00028418084047228073,0.9637451171875,0.1540506695419378,0.03081563760380392,0.765380859375,0.14736909163293582,0.028196278839152142,0.7911376953125,"[4,6,8,9,12,24,25,31]",58,0.005466795099324731,1.2957346748039444,0.15442738231427203,0.22280942486359523
F15-ND01 development diagnostic; original F15 result unchanged,v2/work_logs/F15_ND01_v1_run1/evaluation_attempt_1/search_1_evaluation.json,4987acc9c0803dbf6109fd6a4ab2c3c29e9c4d60ed09cf69a7d5a7ce4cb56a10,1,1500402,1510692,cost_corr/budget_128/robust,cost_corr,128,robust,0,preserve_other,8192,0.058812585810156845,0.005272147472785285,0.07260955496892461,0.22364825849952957,0.8427734375,0.0700431863594136,0.16974153610916123,0.14328212981429042,,,,0.1572265625,0.014927441506961556,0.00032956080634079563,0.9659423828125,0.1537358055207509,0.03090703594901861,0.53955078125,0.014760453713511729,0.0003299913046500159,0.9656982421875,"[4,6,8,9,12,24,25,31]",58,0.005466795099324731,1.2957346748039444,0.15442738231427203,0.22280942486359523
F15-ND01 development diagnostic; original F15 result unchanged,v2/work_logs/F15_ND01_v1_run1/evaluation_attempt_1/search_1_evaluation.json,4987acc9c0803dbf6109fd6a4ab2c3c29e9c4d60ed09cf69a7d5a7ce4cb56a10,1,1500402,1510692,cost_corr/budget_128/robust,cost_corr,128,robust,0,equal_target,8192,0.046240961885681754,0.0033471117009845333,0.05785422803032232,0.20769240455514015,0.8828125,0.05624601307190621,1.785480517796272e-17,0.05624601307190621,0.05624601307190621,,,0.1171875,0.013273760611965266,0.0002680014726357295,0.9661865234375,0.013273760611965266,0.00026800147263572957,0.9661865234375,0.1507144301398678,0.02979317346136231,0.5557861328125,"[4,6,8,9,12,24,25,31]",58,0.005466795099324731,1.2957346748039444,0.15442738231427203,0.22280942486359523
F15-ND01 development diagnostic; original F15 result unchanged,v2/work_logs/F15_ND01_v1_run1/evaluation_attempt_1/search_1_evaluation.json,4987acc9c0803dbf6109fd6a4ab2c3c29e9c4d60ed09cf69a7d5a7ce4cb56a10,1,1500402,1510692,cost_corr/budget_128/robust,cost_corr,128,robust,0,scale_separating,8192,0.06203108336736939,0.005812199140317638,0.07623778026882497,0.2482952517458342,0.8106689453125,0.07269349031917256,0.18767197478923103,0.15766840085782527,,,,0.1893310546875,0.014478858226959362,0.00031054894125244687,0.970703125,0.17078276946071028,0.03737557438620178,0.5267333984375,0.14360131105561877,0.029819049232582426,0.6148681640625,"[4,6,8,9,12,24,25,31]",58,0.005466795099324731,1.2957346748039444,0.15442738231427203,0.22280942486359523
F15-ND01 development diagnostic; original F15 result unchanged,v2/work_logs/F15_ND01_v1_run1/evaluation_attempt_1/search_1_evaluation.json,4987acc9c0803dbf6109fd6a4ab2c3c29e9c4d60ed09cf69a7d5a7ce4cb56a10,1,1500402,1510692,cost_corr/budget_128/robust,cost_corr,128,robust,1,mixed_near,8192,0.039328941562703855,0.00242930282436412,0.04928795820851296,0.18148907576157436,0.6656494140625,0.04429337795687488,0.16419687676696124,0.1621814008344902,,,,0.3343505859375,0.013742167069671627,0.00028725291086048534,0.997314453125,0.1535286002983916,0.02882042591058663,0.4852294921875,0.15252346525990484,0.02861188235614595,0.4683837890625,"[0,6,10,11,13,20,22,27]",61,0.0019733772928025805,0.8035714285714286,0.15278292636186683,0.12748917017467515
F15-ND01 development diagnostic; original F15 result unchanged,v2/work_logs/F15_ND01_v1_run1/evaluation_attempt_1/search_1_evaluation.json,4987acc9c0803dbf6109fd6a4ab2c3c29e9c4d60ed09cf69a7d5a7ce4cb56a10,1,1500402,1510692,cost_corr/budget_128/robust,cost_corr,128,robust,1,mixed_far,8192,0.030601253847806487,0.0014570846805382859,0.03817177858756762,0.14460363086854094,1.0,0.03639116960811147,0.1690926769410288,0.17187074741967964,,,,0.0,0.014680309347381505,0.0003194462654590363,0.964111328125,0.14775426195912128,0.028281240569550822,0.794677734375,0.15317871912086511,0.03061607996918897,0.763916015625,"[0,6,10,11,13,20,22,27]",61,0.0019733772928025805,0.8035714285714286,0.15278292636186683,0.12748917017467515
F15-ND01 development diagnostic; original F15 result unchanged,v2/work_logs/F15_ND01_v1_run1/evaluation_attempt_1/search_1_evaluation.json,4987acc9c0803dbf6109fd6a4ab2c3c29e9c4d60ed09cf69a7d5a7ce4cb56a10,1,1500402,1510692,cost_corr/budget_128/robust,cost_corr,128,robust,1,preserve_other,8192,0.03683268792354967,0.002091847026766993,0.04573671421043485,0.20452987933607175,0.9051513671875,0.04198617694544628,0.16811119576760666,0.1756151526008704,,,,0.0948486328125,0.013354682245649724,0.0002711124149086821,0.96630859375,0.14685757077697675,0.02843123846199062,0.5567626953125,0.013594479820319996,0.00028010681010415776,0.96142578125,"[0,6,10,11,13,20,22,27]",61,0.0019733772928025805,0.8035714285714286,0.15278292636186683,0.12748917017467515
F15-ND01 development diagnostic; original F15 result unchanged,v2/work_logs/F15_ND01_v1_run1/evaluation_attempt_1/search_1_evaluation.json,4987acc9c0803dbf6109fd6a4ab2c3c29e9c4d60ed09cf69a7d5a7ce4cb56a10,1,1500402,1510692,cost_corr/budget_128/robust,cost_corr,128,robust,1,equal_target,8192,0.034556354833629094,0.0018811203691076804,0.043371884546416474,0.18044341836704814,0.916748046875,0.041698844606272364,1.6556729224450024e-17,0.041698844606272364,0.041698844606272364,,,0.083251953125,0.014762498002511565,0.00032263563993039946,0.962890625,0.014762498002511563,0.00032263563993039946,0.962890625,0.1515652955761089,0.030036332437208053,0.5452880859375,"[0,6,10,11,13,20,22,27]",61,0.0019733772928025805,0.8035714285714286,0.15278292636186683,0.12748917017467515
F15-ND01 development diagnostic; original F15 result unchanged,v2/work_logs/F15_ND01_v1_run1/evaluation_attempt_1/search_1_evaluation.json,4987acc9c0803dbf6109fd6a4ab2c3c29e9c4d60ed09cf69a7d5a7ce4cb56a10,1,1500402,1510692,cost_corr/budget_128/robust,cost_corr,128,robust,1,scale_separating,8192,0.03738142869922015,0.0021977900848417845,0.04688059390453351,0.17559977893322992,0.9224853515625,0.04396308175575562,0.18806879405935023,0.19533367267028875,,,,0.0775146484375,0.013891942415372248,0.00028660480109731596,0.966796875,0.1679470518384586,0.03630352145971401,0.5328369140625,0.14702728605862503,0.030955230360271396,0.5985107421875,"[0,6,10,11,13,20,22,27]",61,0.0019733772928025805,0.8035714285714286,0.15278292636186683,0.12748917017467515
F15-ND01 development diagnostic; original F15 result unchanged,v2/work_logs/F15_ND01_v1_run1/evaluation_attempt_1/search_1_evaluation.json,4987acc9c0803dbf6109fd6a4ab2c3c29e9c4d60ed09cf69a7d5a7ce4cb56a10,1,1500402,1510692,log_cost_corr/budget_1024/frozen_mse,log_cost_corr,1024,frozen_mse,0,mixed_near,8192,0.047384892854920826,0.003503454134238724,0.0591899833944792,0.19847112089192298,0.637451171875,0.05551889275347692,0.16372034344731234,0.1330246920168092,,,,0.362548828125,0.013877382445922126,0.0002884431031217159,0.99853515625,0.15240298701480035,0.028589177747052653,0.4842529296875,0.15160845237959014,0.028330434003952083,0.471435546875,"[2,5,9,13,18,19,24,28]",800,0.0022048053823252624,1.2276785714285714,0.12418690986145979,0.1373479996316526
F15-ND01 development diagnostic; original F15 result unchanged,v2/work_logs/F15_ND01_v1_run1/evaluation_attempt_1/search_1_evaluation.json,4987acc9c0803dbf6109fd6a4ab2c3c29e9c4d60ed09cf69a7d5a7ce4cb56a10,1,1500402,1510692,log_cost_corr/budget_1024/frozen_mse,log_cost_corr,1024,frozen_mse,0,mixed_far,8192,0.03328093257161856,0.0017871963318817255,0.04227524490623,0.16395476484470645,1.0,0.040751782934620534,0.1703943794507933,0.15382996301010662,,,,0.0,0.013834841167543835,0.00028418084047228073,0.9637451171875,0.1540506695419378,0.03081563760380392,0.765380859375,0.14736909163293582,0.028196278839152142,0.7911376953125,"[2,5,9,13,18,19,24,28]",800,0.0022048053823252624,1.2276785714285714,0.12418690986145979,0.1373479996316526
F15-ND01 development diagnostic; original F15 result unchanged,v2/work_logs/F15_ND01_v1_run1/evaluation_attempt_1/search_1_evaluation.json,4987acc9c0803dbf6109fd6a4ab2c3c29e9c4d60ed09cf69a7d5a7ce4cb56a10,1,1500402,1510692,log_cost_corr/budget_1024/frozen_mse,log_cost_corr,1024,frozen_mse,0,preserve_other,8192,0.037011955123278276,0.0022983849345446913,0.04794147405477528,0.19649744078248332,0.8955078125,0.04411393569586726,0.16974153610916123,0.15197849271528194,,,,0.1044921875,0.014927441506961556,0.00032956080634079563,0.9659423828125,0.1537358055207509,0.03090703594901861,0.53955078125,0.014760453713511729,0.0003299913046500159,0.9656982421875,"[2,5,9,13,18,19,24,28]",800,0.0022048053823252624,1.2276785714285714,0.12418690986145979,0.1373479996316526
F15-ND01 development diagnostic; original F15 result unchanged,v2/work_logs/F15_ND01_v1_run1/evaluation_attempt_1/search_1_evaluation.json,4987acc9c0803dbf6109fd6a4ab2c3c29e9c4d60ed09cf69a7d5a7ce4cb56a10,1,1500402,1510692,log_cost_corr/budget_1024/frozen_mse,log_cost_corr,1024,frozen_mse,0,equal_target,8192,0.027781975530633704,0.0012622071382424578,0.03552755463358628,0.14053883243236398,0.9398193359375,0.03640078730587346,1.785480517796272e-17,0.03640078730587346,0.03640078730587346,,,0.0601806640625,0.013273760611965266,0.0002680014726357295,0.9661865234375,0.013273760611965266,0.00026800147263572957,0.9661865234375,0.1507144301398678,0.02979317346136231,0.5557861328125,"[2,5,9,13,18,19,24,28]",800,0.0022048053823252624,1.2276785714285714,0.12418690986145979,0.1373479996316526
F15-ND01 development diagnostic; original F15 result unchanged,v2/work_logs/F15_ND01_v1_run1/evaluation_attempt_1/search_1_evaluation.json,4987acc9c0803dbf6109fd6a4ab2c3c29e9c4d60ed09cf69a7d5a7ce4cb56a10,1,1500402,1510692,log_cost_corr/budget_1024/frozen_mse,log_cost_corr,1024,frozen_mse,0,scale_separating,8192,0.04092619620259518,0.0027292915171735627,0.0522426216529527,0.19834375018026257,0.896728515625,0.04896484406970341,0.18767197478923103,0.166199537736722,,,,0.103271484375,0.014478858226959362,0.00031054894125244687,0.970703125,0.17078276946071028,0.03737557438620178,0.5267333984375,0.14360131105561877,0.029819049232582426,0.6148681640625,"[2,5,9,13,18,19,24,28]",800,0.0022048053823252624,1.2276785714285714,0.12418690986145979,0.1373479996316526
F15-ND01 development diagnostic; original F15 result unchanged,v2/work_logs/F15_ND01_v1_run1/evaluation_attempt_1/search_1_evaluation.json,4987acc9c0803dbf6109fd6a4ab2c3c29e9c4d60ed09cf69a7d5a7ce4cb56a10,1,1500402,1510692,log_cost_corr/budget_1024/frozen_mse,log_cost_corr,1024,frozen_mse,1,mixed_near,8192,0.02611318501726732,0.0010501680462179004,0.03240629639773574,0.14338776577482126,0.69921875,0.029543720709301478,0.16419687676696124,0.1551034571475439,,,,0.30078125,0.013742167069671627,0.00028725291086048534,0.997314453125,0.1535286002983916,0.02882042591058663,0.4852294921875,0.15252346525990484,0.02861188235614595,0.4683837890625,"[2,5,6,8,10,21,23,27]",21,0.0011159257928438553,0.8928571428571429,0.1549732098755082,0.09120123632954813
F15-ND01 development diagnostic; original F15 result unchanged,v2/work_logs/F15_ND01_v1_run1/evaluation_attempt_1/search_1_evaluation.json,4987acc9c0803dbf6109fd6a4ab2c3c29e9c4d60ed09cf69a7d5a7ce4cb56a10,1,1500402,1510692,log_cost_corr/budget_1024/frozen_mse,log_cost_corr,1024,frozen_mse,1,mixed_far,8192,0.026658492672877863,0.0011560462457829521,0.03400068007824185,0.1265366067072149,1.0,0.035487548507735084,0.1690926769410288,0.15068919509810097,,,,0.0,0.014680309347381505,0.0003194462654590363,0.964111328125,0.14775426195912128,0.028281240569550822,0.794677734375,0.15317871912086511,0.03061607996918897,0.763916015625,"[2,5,6,8,10,21,23,27]",21,0.0011159257928438553,0.8928571428571429,0.1549732098755082,0.09120123632954813
F15-ND01 development diagnostic; original F15 result unchanged,v2/work_logs/F15_ND01_v1_run1/evaluation_attempt_1/search_1_evaluation.json,4987acc9c0803dbf6109fd6a4ab2c3c29e9c4d60ed09cf69a7d5a7ce4cb56a10,1,1500402,1510692,log_cost_corr/budget_1024/frozen_mse,log_cost_corr,1024,frozen_mse,1,preserve_other,8192,0.02543438921496833,0.0010424150847462197,0.03228645357957761,0.13502103181522662,0.9246826171875,0.02959268483644381,0.16811119576760666,0.14785928354560843,,,,0.0753173828125,0.013354682245649724,0.0002711124149086821,0.96630859375,0.14685757077697675,0.02843123846199062,0.5567626953125,0.013594479820319996,0.00028010681010415776,0.96142578125,"[2,5,6,8,10,21,23,27]",21,0.0011159257928438553,0.8928571428571429,0.1549732098755082,0.09120123632954813
F15-ND01 development diagnostic; original F15 result unchanged,v2/work_logs/F15_ND01_v1_run1/evaluation_attempt_1/search_1_evaluation.json,4987acc9c0803dbf6109fd6a4ab2c3c29e9c4d60ed09cf69a7d5a7ce4cb56a10,1,1500402,1510692,log_cost_corr/budget_1024/frozen_mse,log_cost_corr,1024,frozen_mse,1,equal_target,8192,0.023608064395006408,0.0009064484778605771,0.030107282804341162,0.12303678623216968,0.93798828125,0.03135776267444521,1.6556729224450024e-17,0.03135776267444522,0.03135776267444522,,,0.06201171875,0.014762498002511565,0.00032263563993039946,0.962890625,0.014762498002511563,0.00032263563993039946,0.962890625,0.1515652955761089,0.030036332437208053,0.5452880859375,"[2,5,6,8,10,21,23,27]",21,0.0011159257928438553,0.8928571428571429,0.1549732098755082,0.09120123632954813
F15-ND01 development diagnostic; original F15 result unchanged,v2/work_logs/F15_ND01_v1_run1/evaluation_attempt_1/search_1_evaluation.json,4987acc9c0803dbf6109fd6a4ab2c3c29e9c4d60ed09cf69a7d5a7ce4cb56a10,1,1500402,1510692,log_cost_corr/budget_1024/frozen_mse,log_cost_corr,1024,frozen_mse,1,scale_separating,8192,0.029030695204931223,0.0013321256592243689,0.03649829666195902,0.16185475149040612,0.920654296875,0.03528662599594681,0.18806879405935023,0.1732316696983665,,,,0.079345703125,0.013891942415372248,0.00028660480109731596,0.966796875,0.1679470518384586,0.03630352145971401,0.5328369140625,0.14702728605862503,0.030955230360271396,0.5985107421875,"[2,5,6,8,10,21,23,27]",21,0.0011159257928438553,0.8928571428571429,0.1549732098755082,0.09120123632954813
F15-ND01 development diagnostic; original F15 result unchanged,v2/work_logs/F15_ND01_v1_run1/evaluation_attempt_1/search_1_evaluation.json,4987acc9c0803dbf6109fd6a4ab2c3c29e9c4d60ed09cf69a7d5a7ce4cb56a10,1,1500402,1510692,log_cost_corr/budget_1024/robust,log_cost_corr,1024,robust,0,mixed_near,8192,0.044111843756993716,0.0029378659240850698,0.054202084130456366,0.1955215371382712,0.6427001953125,0.051463446333170355,0.16372034344731234,0.15056631975787058,,,,0.3572998046875,0.013877382445922126,0.0002884431031217159,0.99853515625,0.15240298701480035,0.028589177747052653,0.4842529296875,0.15160845237959014,0.028330434003952083,0.471435546875,"[3,6,9,19,24,26,28,30]",511,0.0029088713557746133,0.9821428571428572,0.12608280210370623,0.15970133625991098
F15-ND01 development diagnostic; original F15 result unchanged,v2/work_logs/F15_ND01_v1_run1/evaluation_attempt_1/search_1_evaluation.json,4987acc9c0803dbf6109fd6a4ab2c3c29e9c4d60ed09cf69a7d5a7ce4cb56a10,1,1500402,1510692,log_cost_corr/budget_1024/robust,log_cost_corr,1024,robust,0,mixed_far,8192,0.046072508697616144,0.0034281600165604947,0.058550491172666475,0.19747992178272233,0.9993896484375,0.05525452053789222,0.1703943794507933,0.16111091363226146,,,,0.0006103515625,0.013834841167543835,0.00028418084047228073,0.9637451171875,0.1540506695419378,0.03081563760380392,0.765380859375,0.14736909163293582,0.028196278839152142,0.7911376953125,"[3,6,9,19,24,26,28,30]",511,0.0029088713557746133,0.9821428571428572,0.12608280210370623,0.15970133625991098
F15-ND01 development diagnostic; original F15 result unchanged,v2/work_logs/F15_ND01_v1_run1/evaluation_attempt_1/search_1_evaluation.json,4987acc9c0803dbf6109fd6a4ab2c3c29e9c4d60ed09cf69a7d5a7ce4cb56a10,1,1500402,1510692,log_cost_corr/budget_1024/robust,log_cost_corr,1024,robust,0,preserve_other,8192,0.039471830864668954,0.0023489389200136153,0.048465853134073845,0.15530779078528095,0.9063720703125,0.046557793665976274,0.16974153610916123,0.15936735820747533,,,,0.0936279296875,0.014927441506961556,0.00032956080634079563,0.9659423828125,0.1537358055207509,0.03090703594901861,0.53955078125,0.014760453713511729,0.0003299913046500159,0.9656982421875,"[3,6,9,19,24,26,28,30]",511,0.0029088713557746133,0.9821428571428572,0.12608280210370623,0.15970133625991098
F15-ND01 development diagnostic; original F15 result unchanged,v2/work_logs/F15_ND01_v1_run1/evaluation_attempt_1/search_1_evaluation.json,4987acc9c0803dbf6109fd6a4ab2c3c29e9c4d60ed09cf69a7d5a7ce4cb56a10,1,1500402,1510692,log_cost_corr/budget_1024/robust,log_cost_corr,1024,robust,0,equal_target,8192,0.03670837364768623,0.0020712077633713143,0.04551052365520874,0.17227518297720834,0.919921875,0.04424761339523826,1.785480517796272e-17,0.04424761339523826,0.04424761339523826,,,0.080078125,0.013273760611965266,0.0002680014726357295,0.9661865234375,0.013273760611965266,0.00026800147263572957,0.9661865234375,0.1507144301398678,0.02979317346136231,0.5557861328125,"[3,6,9,19,24,26,28,30]",511,0.0029088713557746133,0.9821428571428572,0.12608280210370623,0.15970133625991098
F15-ND01 development diagnostic; original F15 result unchanged,v2/work_logs/F15_ND01_v1_run1/evaluation_attempt_1/search_1_evaluation.json,4987acc9c0803dbf6109fd6a4ab2c3c29e9c4d60ed09cf69a7d5a7ce4cb56a10,1,1500402,1510692,log_cost_corr/budget_1024/robust,log_cost_corr,1024,robust,0,scale_separating,8192,0.04520714943788015,0.0031843219256553366,0.056429796434643784,0.20373487739412216,0.8775634765625,0.05295499718632737,0.18767197478923103,0.17541033822218205,,,,0.1224365234375,0.014478858226959362,0.00031054894125244687,0.970703125,0.17078276946071028,0.03737557438620178,0.5267333984375,0.14360131105561877,0.029819049232582426,0.6148681640625,"[3,6,9,19,24,26,28,30]",511,0.0029088713557746133,0.9821428571428572,0.12608280210370623,0.15970133625991098
F15-ND01 development diagnostic; original F15 result unchanged,v2/work_logs/F15_ND01_v1_run1/evaluation_attempt_1/search_1_evaluation.json,4987acc9c0803dbf6109fd6a4ab2c3c29e9c4d60ed09cf69a7d5a7ce4cb56a10,1,1500402,1510692,log_cost_corr/budget_1024/robust,log_cost_corr,1024,robust,1,mixed_near,8192,0.028303132356290367,0.0012993400820541837,0.036046360177612716,0.17935893094976368,0.6875,0.03410454819108519,0.16419687676696124,0.15790973072199532,,,,0.3125,0.013742167069671627,0.00028725291086048534,0.997314453125,0.1535286002983916,0.02882042591058663,0.4852294921875,0.15252346525990484,0.02861188235614595,0.4683837890625,"[1,6,8,16,19,21,26,27]",246,0.0014647762850603524,0.7142857142857143,0.1404777094772311,0.10822431634184605
F15-ND01 development diagnostic; original F15 result unchanged,v2/work_logs/F15_ND01_v1_run1/evaluation_attempt_1/search_1_evaluation.json,4987acc9c0803dbf6109fd6a4ab2c3c29e9c4d60ed09cf69a7d5a7ce4cb56a10,1,1500402,1510692,log_cost_corr/budget_1024/robust,log_cost_corr,1024,robust,1,mixed_far,8192,0.03351000059866212,0.0017857131031641252,0.04225769874430132,0.1497627752925615,1.0,0.04343806639734793,0.1690926769410288,0.14443487874272,,,,0.0,0.014680309347381505,0.0003194462654590363,0.964111328125,0.14775426195912128,0.028281240569550822,0.794677734375,0.15317871912086511,0.03061607996918897,0.763916015625,"[1,6,8,16,19,21,26,27]",246,0.0014647762850603524,0.7142857142857143,0.1404777094772311,0.10822431634184605
F15-ND01 development diagnostic; original F15 result unchanged,v2/work_logs/F15_ND01_v1_run1/evaluation_attempt_1/search_1_evaluation.json,4987acc9c0803dbf6109fd6a4ab2c3c29e9c4d60ed09cf69a7d5a7ce4cb56a10,1,1500402,1510692,log_cost_corr/budget_1024/robust,log_cost_corr,1024,robust,1,preserve_other,8192,0.028432897975006526,0.0013280288011418883,0.03644212948143794,0.1706328506627669,0.919921875,0.034395252918914695,0.16811119576760666,0.14300026393001403,,,,0.080078125,0.013354682245649724,0.0002711124149086821,0.96630859375,0.14685757077697675,0.02843123846199062,0.5567626953125,0.013594479820319996,0.00028010681010415776,0.96142578125,"[1,6,8,16,19,21,26,27]",246,0.0014647762850603524,0.7142857142857143,0.1404777094772311,0.10822431634184605
F15-ND01 development diagnostic; original F15 result unchanged,v2/work_logs/F15_ND01_v1_run1/evaluation_attempt_1/search_1_evaluation.json,4987acc9c0803dbf6109fd6a4ab2c3c29e9c4d60ed09cf69a7d5a7ce4cb56a10,1,1500402,1510692,log_cost_corr/budget_1024/robust,log_cost_corr,1024,robust,1,equal_target,8192,0.026662118705667034,0.0011571808035852056,0.03401736032653336,0.1452167900119095,0.9273681640625,0.03572230276804001,1.6556729224450024e-17,0.03572230276804001,0.03572230276804001,,,0.0726318359375,0.014762498002511565,0.00032263563993039946,0.962890625,0.014762498002511563,0.00032263563993039946,0.962890625,0.1515652955761089,0.030036332437208053,0.5452880859375,"[1,6,8,16,19,21,26,27]",246,0.0014647762850603524,0.7142857142857143,0.1404777094772311,0.10822431634184605
F15-ND01 development diagnostic; original F15 result unchanged,v2/work_logs/F15_ND01_v1_run1/evaluation_attempt_1/search_1_evaluation.json,4987acc9c0803dbf6109fd6a4ab2c3c29e9c4d60ed09cf69a7d5a7ce4cb56a10,1,1500402,1510692,log_cost_corr/budget_1024/robust,log_cost_corr,1024,robust,1,scale_separating,8192,0.03475614862011113,0.0018432842424837032,0.042933486260536814,0.16093818445479646,0.9068603515625,0.04186632890965893,0.18806879405935023,0.16755338462099317,,,,0.0931396484375,0.013891942415372248,0.00028660480109731596,0.966796875,0.1679470518384586,0.03630352145971401,0.5328369140625,0.14702728605862503,0.030955230360271396,0.5985107421875,"[1,6,8,16,19,21,26,27]",246,0.0014647762850603524,0.7142857142857143,0.1404777094772311,0.10822431634184605
F15-ND01 development diagnostic; original F15 result unchanged,v2/work_logs/F15_ND01_v1_run1/evaluation_attempt_1/search_1_evaluation.json,4987acc9c0803dbf6109fd6a4ab2c3c29e9c4d60ed09cf69a7d5a7ce4cb56a10,1,1500402,1510692,log_cost_corr/budget_128/frozen_mse,log_cost_corr,128,frozen_mse,0,mixed_near,8192,0.0471228625794662,0.003327292911410343,0.057682691610311865,0.19580626675104373,0.635498046875,0.055235989999901834,0.16372034344731234,0.1519836818259869,,,,0.364501953125,0.013877382445922126,0.0002884431031217159,0.99853515625,0.15240298701480035,0.028589177747052653,0.4842529296875,0.15160845237959014,0.028330434003952083,0.471435546875,"[2,5,6,9,19,24,26,28]",113,0.0026107112173733528,1.0714285714285714,0.21816500433170963,0.15604099223348486
F15-ND01 development diagnostic; original F15 result unchanged,v2/work_logs/F15_ND01_v1_run1/evaluation_attempt_1/search_1_evaluation.json,4987acc9c0803dbf6109fd6a4ab2c3c29e9c4d60ed09cf69a7d5a7ce4cb56a10,1,1500402,1510692,log_cost_corr/budget_128/frozen_mse,log_cost_corr,128,frozen_mse,0,mixed_far,8192,0.037210892979739923,0.002224313047410743,0.04716262341527179,0.19376705162493196,0.99951171875,0.04568790552747517,0.1703943794507933,0.1640817010451529,,,,0.00048828125,0.013834841167543835,0.00028418084047228073,0.9637451171875,0.1540506695419378,0.03081563760380392,0.765380859375,0.14736909163293582,0.028196278839152142,0.7911376953125,"[2,5,6,9,19,24,26,28]",113,0.0026107112173733528,1.0714285714285714,0.21816500433170963,0.15604099223348486
F15-ND01 development diagnostic; original F15 result unchanged,v2/work_logs/F15_ND01_v1_run1/evaluation_attempt_1/search_1_evaluation.json,4987acc9c0803dbf6109fd6a4ab2c3c29e9c4d60ed09cf69a7d5a7ce4cb56a10,1,1500402,1510692,log_cost_corr/budget_128/frozen_mse,log_cost_corr,128,frozen_mse,0,preserve_other,8192,0.0414181920314985,0.002731753169383375,0.05226617615038788,0.18397131546395806,0.89453125,0.050233554063502,0.16974153610916123,0.1605330428135642,,,,0.10546875,0.014927441506961556,0.00032956080634079563,0.9659423828125,0.1537358055207509,0.03090703594901861,0.53955078125,0.014760453713511729,0.0003299913046500159,0.9656982421875,"[2,5,6,9,19,24,26,28]",113,0.0026107112173733528,1.0714285714285714,0.21816500433170963,0.15604099223348486
F15-ND01 development diagnostic; original F15 result unchanged,v2/work_logs/F15_ND01_v1_run1/evaluation_attempt_1/search_1_evaluation.json,4987acc9c0803dbf6109fd6a4ab2c3c29e9c4d60ed09cf69a7d5a7ce4cb56a10,1,1500402,1510692,log_cost_corr/budget_128/frozen_mse,log_cost_corr,128,frozen_mse,0,equal_target,8192,0.03663018603674731,0.002151395126180106,0.046383134070264224,0.20322316500745802,0.9156494140625,0.046813975052635,1.785480517796272e-17,0.046813975052635,0.046813975052635,,,0.0843505859375,0.013273760611965266,0.0002680014726357295,0.9661865234375,0.013273760611965266,0.00026800147263572957,0.9661865234375,0.1507144301398678,0.02979317346136231,0.5557861328125,"[2,5,6,9,19,24,26,28]",113,0.0026107112173733528,1.0714285714285714,0.21816500433170963,0.15604099223348486
F15-ND01 development diagnostic; original F15 result unchanged,v2/work_logs/F15_ND01_v1_run1/evaluation_attempt_1/search_1_evaluation.json,4987acc9c0803dbf6109fd6a4ab2c3c29e9c4d60ed09cf69a7d5a7ce4cb56a10,1,1500402,1510692,log_cost_corr/budget_128/frozen_mse,log_cost_corr,128,frozen_mse,0,scale_separating,8192,0.04214286373353228,0.002751104607315786,0.05245097336862097,0.18328220517843385,0.8824462890625,0.04959373480136034,0.18767197478923103,0.1760593977696096,,,,0.1175537109375,0.014478858226959362,0.00031054894125244687,0.970703125,0.17078276946071028,0.03737557438620178,0.5267333984375,0.14360131105561877,0.029819049232582426,0.6148681640625,"[2,5,6,9,19,24,26,28]",113,0.0026107112173733528,1.0714285714285714,0.21816500433170963,0.15604099223348486
F15-ND01 development diagnostic; original F15 result unchanged,v2/work_logs/F15_ND01_v1_run1/evaluation_attempt_1/search_1_evaluation.json,4987acc9c0803dbf6109fd6a4ab2c3c29e9c4d60ed09cf69a7d5a7ce4cb56a10,1,1500402,1510692,log_cost_corr/budget_128/frozen_mse,log_cost_corr,128,frozen_mse,1,mixed_near,8192,0.02611318501726732,0.0010501680462179004,0.03240629639773574,0.14338776577482126,0.69921875,0.029543720709301478,0.16419687676696124,0.1551034571475439,,,,0.30078125,0.013742167069671627,0.00028725291086048534,0.997314453125,0.1535286002983916,0.02882042591058663,0.4852294921875,0.15252346525990484,0.02861188235614595,0.4683837890625,"[2,5,6,8,10,21,23,27]",21,0.0011159257928438553,0.8928571428571429,0.1549732098755082,0.09120123632954813
F15-ND01 development diagnostic; original F15 result unchanged,v2/work_logs/F15_ND01_v1_run1/evaluation_attempt_1/search_1_evaluation.json,4987acc9c0803dbf6109fd6a4ab2c3c29e9c4d60ed09cf69a7d5a7ce4cb56a10,1,1500402,1510692,log_cost_corr/budget_128/frozen_mse,log_cost_corr,128,frozen_mse,1,mixed_far,8192,0.026658492672877863,0.0011560462457829521,0.03400068007824185,0.1265366067072149,1.0,0.035487548507735084,0.1690926769410288,0.15068919509810097,,,,0.0,0.014680309347381505,0.0003194462654590363,0.964111328125,0.14775426195912128,0.028281240569550822,0.794677734375,0.15317871912086511,0.03061607996918897,0.763916015625,"[2,5,6,8,10,21,23,27]",21,0.0011159257928438553,0.8928571428571429,0.1549732098755082,0.09120123632954813
F15-ND01 development diagnostic; original F15 result unchanged,v2/work_logs/F15_ND01_v1_run1/evaluation_attempt_1/search_1_evaluation.json,4987acc9c0803dbf6109fd6a4ab2c3c29e9c4d60ed09cf69a7d5a7ce4cb56a10,1,1500402,1510692,log_cost_corr/budget_128/frozen_mse,log_cost_corr,128,frozen_mse,1,preserve_other,8192,0.02543438921496833,0.0010424150847462197,0.03228645357957761,0.13502103181522662,0.9246826171875,0.02959268483644381,0.16811119576760666,0.14785928354560843,,,,0.0753173828125,0.013354682245649724,0.0002711124149086821,0.96630859375,0.14685757077697675,0.02843123846199062,0.5567626953125,0.013594479820319996,0.00028010681010415776,0.96142578125,"[2,5,6,8,10,21,23,27]",21,0.0011159257928438553,0.8928571428571429,0.1549732098755082,0.09120123632954813
F15-ND01 development diagnostic; original F15 result unchanged,v2/work_logs/F15_ND01_v1_run1/evaluation_attempt_1/search_1_evaluation.json,4987acc9c0803dbf6109fd6a4ab2c3c29e9c4d60ed09cf69a7d5a7ce4cb56a10,1,1500402,1510692,log_cost_corr/budget_128/frozen_mse,log_cost_corr,128,frozen_mse,1,equal_target,8192,0.023608064395006408,0.0009064484778605771,0.030107282804341162,0.12303678623216968,0.93798828125,0.03135776267444521,1.6556729224450024e-17,0.03135776267444522,0.03135776267444522,,,0.06201171875,0.014762498002511565,0.00032263563993039946,0.962890625,0.014762498002511563,0.00032263563993039946,0.962890625,0.1515652955761089,0.030036332437208053,0.5452880859375,"[2,5,6,8,10,21,23,27]",21,0.0011159257928438553,0.8928571428571429,0.1549732098755082,0.09120123632954813
F15-ND01 development diagnostic; original F15 result unchanged,v2/work_logs/F15_ND01_v1_run1/evaluation_attempt_1/search_1_evaluation.json,4987acc9c0803dbf6109fd6a4ab2c3c29e9c4d60ed09cf69a7d5a7ce4cb56a10,1,1500402,1510692,log_cost_corr/budget_128/frozen_mse,log_cost_corr,128,frozen_mse,1,scale_separating,8192,0.029030695204931223,0.0013321256592243689,0.03649829666195902,0.16185475149040612,0.920654296875,0.03528662599594681,0.18806879405935023,0.1732316696983665,,,,0.079345703125,0.013891942415372248,0.00028660480109731596,0.966796875,0.1679470518384586,0.03630352145971401,0.5328369140625,0.14702728605862503,0.030955230360271396,0.5985107421875,"[2,5,6,8,10,21,23,27]",21,0.0011159257928438553,0.8928571428571429,0.1549732098755082,0.09120123632954813
F15-ND01 development diagnostic; original F15 result unchanged,v2/work_logs/F15_ND01_v1_run1/evaluation_attempt_1/search_1_evaluation.json,4987acc9c0803dbf6109fd6a4ab2c3c29e9c4d60ed09cf69a7d5a7ce4cb56a10,1,1500402,1510692,log_cost_corr/budget_128/robust,log_cost_corr,128,robust,0,mixed_near,8192,0.0471228625794662,0.003327292911410343,0.057682691610311865,0.19580626675104373,0.635498046875,0.055235989999901834,0.16372034344731234,0.1519836818259869,,,,0.364501953125,0.013877382445922126,0.0002884431031217159,0.99853515625,0.15240298701480035,0.028589177747052653,0.4842529296875,0.15160845237959014,0.028330434003952083,0.471435546875,"[2,5,6,9,19,24,26,28]",113,0.0026107112173733528,1.0714285714285714,0.21816500433170963,0.15604099223348486
F15-ND01 development diagnostic; original F15 result unchanged,v2/work_logs/F15_ND01_v1_run1/evaluation_attempt_1/search_1_evaluation.json,4987acc9c0803dbf6109fd6a4ab2c3c29e9c4d60ed09cf69a7d5a7ce4cb56a10,1,1500402,1510692,log_cost_corr/budget_128/robust,log_cost_corr,128,robust,0,mixed_far,8192,0.037210892979739923,0.002224313047410743,0.04716262341527179,0.19376705162493196,0.99951171875,0.04568790552747517,0.1703943794507933,0.1640817010451529,,,,0.00048828125,0.013834841167543835,0.00028418084047228073,0.9637451171875,0.1540506695419378,0.03081563760380392,0.765380859375,0.14736909163293582,0.028196278839152142,0.7911376953125,"[2,5,6,9,19,24,26,28]",113,0.0026107112173733528,1.0714285714285714,0.21816500433170963,0.15604099223348486
F15-ND01 development diagnostic; original F15 result unchanged,v2/work_logs/F15_ND01_v1_run1/evaluation_attempt_1/search_1_evaluation.json,4987acc9c0803dbf6109fd6a4ab2c3c29e9c4d60ed09cf69a7d5a7ce4cb56a10,1,1500402,1510692,log_cost_corr/budget_128/robust,log_cost_corr,128,robust,0,preserve_other,8192,0.0414181920314985,0.002731753169383375,0.05226617615038788,0.18397131546395806,0.89453125,0.050233554063502,0.16974153610916123,0.1605330428135642,,,,0.10546875,0.014927441506961556,0.00032956080634079563,0.9659423828125,0.1537358055207509,0.03090703594901861,0.53955078125,0.014760453713511729,0.0003299913046500159,0.9656982421875,"[2,5,6,9,19,24,26,28]",113,0.0026107112173733528,1.0714285714285714,0.21816500433170963,0.15604099223348486
F15-ND01 development diagnostic; original F15 result unchanged,v2/work_logs/F15_ND01_v1_run1/evaluation_attempt_1/search_1_evaluation.json,4987acc9c0803dbf6109fd6a4ab2c3c29e9c4d60ed09cf69a7d5a7ce4cb56a10,1,1500402,1510692,log_cost_corr/budget_128/robust,log_cost_corr,128,robust,0,equal_target,8192,0.03663018603674731,0.002151395126180106,0.046383134070264224,0.20322316500745802,0.9156494140625,0.046813975052635,1.785480517796272e-17,0.046813975052635,0.046813975052635,,,0.0843505859375,0.013273760611965266,0.0002680014726357295,0.9661865234375,0.013273760611965266,0.00026800147263572957,0.9661865234375,0.1507144301398678,0.02979317346136231,0.5557861328125,"[2,5,6,9,19,24,26,28]",113,0.0026107112173733528,1.0714285714285714,0.21816500433170963,0.15604099223348486
F15-ND01 development diagnostic; original F15 result unchanged,v2/work_logs/F15_ND01_v1_run1/evaluation_attempt_1/search_1_evaluation.json,4987acc9c0803dbf6109fd6a4ab2c3c29e9c4d60ed09cf69a7d5a7ce4cb56a10,1,1500402,1510692,log_cost_corr/budget_128/robust,log_cost_corr,128,robust,0,scale_separating,8192,0.04214286373353228,0.002751104607315786,0.05245097336862097,0.18328220517843385,0.8824462890625,0.04959373480136034,0.18767197478923103,0.1760593977696096,,,,0.1175537109375,0.014478858226959362,0.00031054894125244687,0.970703125,0.17078276946071028,0.03737557438620178,0.5267333984375,0.14360131105561877,0.029819049232582426,0.6148681640625,"[2,5,6,9,19,24,26,28]",113,0.0026107112173733528,1.0714285714285714,0.21816500433170963,0.15604099223348486
F15-ND01 development diagnostic; original F15 result unchanged,v2/work_logs/F15_ND01_v1_run1/evaluation_attempt_1/search_1_evaluation.json,4987acc9c0803dbf6109fd6a4ab2c3c29e9c4d60ed09cf69a7d5a7ce4cb56a10,1,1500402,1510692,log_cost_corr/budget_128/robust,log_cost_corr,128,robust,1,mixed_near,8192,0.039328941562703855,0.00242930282436412,0.04928795820851296,0.18148907576157436,0.6656494140625,0.04429337795687488,0.16419687676696124,0.1621814008344902,,,,0.3343505859375,0.013742167069671627,0.00028725291086048534,0.997314453125,0.1535286002983916,0.02882042591058663,0.4852294921875,0.15252346525990484,0.02861188235614595,0.4683837890625,"[0,6,10,11,13,20,22,27]",61,0.0019733772928025805,0.8035714285714286,0.15278292636186683,0.12748917017467515
F15-ND01 development diagnostic; original F15 result unchanged,v2/work_logs/F15_ND01_v1_run1/evaluation_attempt_1/search_1_evaluation.json,4987acc9c0803dbf6109fd6a4ab2c3c29e9c4d60ed09cf69a7d5a7ce4cb56a10,1,1500402,1510692,log_cost_corr/budget_128/robust,log_cost_corr,128,robust,1,mixed_far,8192,0.030601253847806487,0.0014570846805382859,0.03817177858756762,0.14460363086854094,1.0,0.03639116960811147,0.1690926769410288,0.17187074741967964,,,,0.0,0.014680309347381505,0.0003194462654590363,0.964111328125,0.14775426195912128,0.028281240569550822,0.794677734375,0.15317871912086511,0.03061607996918897,0.763916015625,"[0,6,10,11,13,20,22,27]",61,0.0019733772928025805,0.8035714285714286,0.15278292636186683,0.12748917017467515
F15-ND01 development diagnostic; original F15 result unchanged,v2/work_logs/F15_ND01_v1_run1/evaluation_attempt_1/search_1_evaluation.json,4987acc9c0803dbf6109fd6a4ab2c3c29e9c4d60ed09cf69a7d5a7ce4cb56a10,1,1500402,1510692,log_cost_corr/budget_128/robust,log_cost_corr,128,robust,1,preserve_other,8192,0.03683268792354967,0.002091847026766993,0.04573671421043485,0.20452987933607175,0.9051513671875,0.04198617694544628,0.16811119576760666,0.1756151526008704,,,,0.0948486328125,0.013354682245649724,0.0002711124149086821,0.96630859375,0.14685757077697675,0.02843123846199062,0.5567626953125,0.013594479820319996,0.00028010681010415776,0.96142578125,"[0,6,10,11,13,20,22,27]",61,0.0019733772928025805,0.8035714285714286,0.15278292636186683,0.12748917017467515
F15-ND01 development diagnostic; original F15 result unchanged,v2/work_logs/F15_ND01_v1_run1/evaluation_attempt_1/search_1_evaluation.json,4987acc9c0803dbf6109fd6a4ab2c3c29e9c4d60ed09cf69a7d5a7ce4cb56a10,1,1500402,1510692,log_cost_corr/budget_128/robust,log_cost_corr,128,robust,1,equal_target,8192,0.034556354833629094,0.0018811203691076804,0.043371884546416474,0.18044341836704814,0.916748046875,0.041698844606272364,1.6556729224450024e-17,0.041698844606272364,0.041698844606272364,,,0.083251953125,0.014762498002511565,0.00032263563993039946,0.962890625,0.014762498002511563,0.00032263563993039946,0.962890625,0.1515652955761089,0.030036332437208053,0.5452880859375,"[0,6,10,11,13,20,22,27]",61,0.0019733772928025805,0.8035714285714286,0.15278292636186683,0.12748917017467515
F15-ND01 development diagnostic; original F15 result unchanged,v2/work_logs/F15_ND01_v1_run1/evaluation_attempt_1/search_1_evaluation.json,4987acc9c0803dbf6109fd6a4ab2c3c29e9c4d60ed09cf69a7d5a7ce4cb56a10,1,1500402,1510692,log_cost_corr/budget_128/robust,log_cost_corr,128,robust,1,scale_separating,8192,0.03738142869922015,0.0021977900848417845,0.04688059390453351,0.17559977893322992,0.9224853515625,0.04396308175575562,0.18806879405935023,0.19533367267028875,,,,0.0775146484375,0.013891942415372248,0.00028660480109731596,0.966796875,0.1679470518384586,0.03630352145971401,0.5328369140625,0.14702728605862503,0.030955230360271396,0.5985107421875,"[0,6,10,11,13,20,22,27]",61,0.0019733772928025805,0.8035714285714286,0.15278292636186683,0.12748917017467515
F15-ND01 development diagnostic; original F15 result unchanged,v2/work_logs/F15_ND01_v1_run1/evaluation_attempt_1/search_1_evaluation.json,4987acc9c0803dbf6109fd6a4ab2c3c29e9c4d60ed09cf69a7d5a7ce4cb56a10,1,1500402,1510692,permuted_cost_corr/budget_1024/frozen_mse,permuted_cost_corr,1024,frozen_mse,0,mixed_near,8192,0.05210030610283277,0.004162717570657741,0.06451912561913514,0.208753052274125,0.609619140625,0.0657333979547967,0.16372034344731234,0.19980280692006522,,,,0.390380859375,0.013877382445922126,0.0002884431031217159,0.99853515625,0.15240298701480035,0.028589177747052653,0.4842529296875,0.15160845237959014,0.028330434003952083,0.471435546875,"[2,6,9,12,16,20,24,30]",835,0.0035251306762003978,1.3169642857142858,1.0063080200035444,0.18812148777622612
F15-ND01 development diagnostic; original F15 result unchanged,v2/work_logs/F15_ND01_v1_run1/evaluation_attempt_1/search_1_evaluation.json,4987acc9c0803dbf6109fd6a4ab2c3c29e9c4d60ed09cf69a7d5a7ce4cb56a10,1,1500402,1510692,permuted_cost_corr/budget_1024/frozen_mse,permuted_cost_corr,1024,frozen_mse,0,mixed_far,8192,0.04784363387163949,0.0036618440682473536,0.060513172683700475,0.21501249107243114,0.9970703125,0.06118100533417043,0.1703943794507933,0.180489542441064,,,,0.0029296875,0.013834841167543835,0.00028418084047228073,0.9637451171875,0.1540506695419378,0.03081563760380392,0.765380859375,0.14736909163293582,0.028196278839152142,0.7911376953125,"[2,6,9,12,16,20,24,30]",835,0.0035251306762003978,1.3169642857142858,1.0063080200035444,0.18812148777622612
F15-ND01 development diagnostic; original F15 result unchanged,v2/work_logs/F15_ND01_v1_run1/evaluation_attempt_1/search_1_evaluation.json,4987acc9c0803dbf6109fd6a4ab2c3c29e9c4d60ed09cf69a7d5a7ce4cb56a10,1,1500402,1510692,permuted_cost_corr/budget_1024/frozen_mse,permuted_cost_corr,1024,frozen_mse,0,preserve_other,8192,0.03959674539571441,0.0023462458276734396,0.048438061766274666,0.16218441033205339,0.9071044921875,0.0505908452853214,0.16974153610916123,0.18910662625634636,,,,0.0928955078125,0.014927441506961556,0.00032956080634079563,0.9659423828125,0.1537358055207509,0.03090703594901861,0.53955078125,0.014760453713511729,0.0003299913046500159,0.9656982421875,"[2,6,9,12,16,20,24,30]",835,0.0035251306762003978,1.3169642857142858,1.0063080200035444,0.18812148777622612
F15-ND01 development diagnostic; original F15 result unchanged,v2/work_logs/F15_ND01_v1_run1/evaluation_attempt_1/search_1_evaluation.json,4987acc9c0803dbf6109fd6a4ab2c3c29e9c4d60ed09cf69a7d5a7ce4cb56a10,1,1500402,1510692,permuted_cost_corr/budget_1024/frozen_mse,permuted_cost_corr,1024,frozen_mse,0,equal_target,8192,0.053388273733356986,0.0042643697266161375,0.06530214182257836,0.2005958622405159,0.8536376953125,0.06481917436471361,1.785480517796272e-17,0.06481917436471361,0.06481917436471361,,,0.1463623046875,0.013273760611965266,0.0002680014726357295,0.9661865234375,0.013273760611965266,0.00026800147263572957,0.9661865234375,0.1507144301398678,0.02979317346136231,0.5557861328125,"[2,6,9,12,16,20,24,30]",835,0.0035251306762003978,1.3169642857142858,1.0063080200035444,0.18812148777622612
F15-ND01 development diagnostic; original F15 result unchanged,v2/work_logs/F15_ND01_v1_run1/evaluation_attempt_1/search_1_evaluation.json,4987acc9c0803dbf6109fd6a4ab2c3c29e9c4d60ed09cf69a7d5a7ce4cb56a10,1,1500402,1510692,permuted_cost_corr/budget_1024/frozen_mse,permuted_cost_corr,1024,frozen_mse,0,scale_separating,8192,0.05376904246874041,0.00440122933381093,0.0663417616122072,0.22679030795621102,0.8564453125,0.06808417695914475,0.18767197478923103,0.2194255696638114,,,,0.1435546875,0.014478858226959362,0.00031054894125244687,0.970703125,0.17078276946071028,0.03737557438620178,0.5267333984375,0.14360131105561877,0.029819049232582426,0.6148681640625,"[2,6,9,12,16,20,24,30]",835,0.0035251306762003978,1.3169642857142858,1.0063080200035444,0.18812148777622612
F15-ND01 development diagnostic; original F15 result unchanged,v2/work_logs/F15_ND01_v1_run1/evaluation_attempt_1/search_1_evaluation.json,4987acc9c0803dbf6109fd6a4ab2c3c29e9c4d60ed09cf69a7d5a7ce4cb56a10,1,1500402,1510692,permuted_cost_corr/budget_1024/frozen_mse,permuted_cost_corr,1024,frozen_mse,1,mixed_near,8192,0.027853114692405697,0.0012407022668054638,0.035223603830463794,0.1731985491939652,0.6907958984375,0.032470405580991346,0.16419687676696124,0.1541833153681772,,,,0.3092041015625,0.013742167069671627,0.00028725291086048534,0.997314453125,0.1535286002983916,0.02882042591058663,0.4852294921875,0.15252346525990484,0.02861188235614595,0.4683837890625,"[2,6,8,10,11,12,21,27]",913,0.0013312509418064399,0.8482142857142858,1.022365921080374,0.10011928751495808
F15-ND01 development diagnostic; original F15 result unchanged,v2/work_logs/F15_ND01_v1_run1/evaluation_attempt_1/search_1_evaluation.json,4987acc9c0803dbf6109fd6a4ab2c3c29e9c4d60ed09cf69a7d5a7ce4cb56a10,1,1500402,1510692,permuted_cost_corr/budget_1024/frozen_mse,permuted_cost_corr,1024,frozen_mse,1,mixed_far,8192,0.0304812641685893,0.001457507322427531,0.038177314238006986,0.13795084755525072,1.0,0.03901692424083278,0.1690926769410288,0.1449762198326745,,,,0.0,0.014680309347381505,0.0003194462654590363,0.964111328125,0.14775426195912128,0.028281240569550822,0.794677734375,0.15317871912086511,0.03061607996918897,0.763916015625,"[2,6,8,10,11,12,21,27]",913,0.0013312509418064399,0.8482142857142858,1.022365921080374,0.10011928751495808
F15-ND01 development diagnostic; original F15 result unchanged,v2/work_logs/F15_ND01_v1_run1/evaluation_attempt_1/search_1_evaluation.json,4987acc9c0803dbf6109fd6a4ab2c3c29e9c4d60ed09cf69a7d5a7ce4cb56a10,1,1500402,1510692,permuted_cost_corr/budget_1024/frozen_mse,permuted_cost_corr,1024,frozen_mse,1,preserve_other,8192,0.0286836674863336,0.001387226151026497,0.03724548497504761,0.1736315744893175,0.91845703125,0.03496933736529481,0.16811119576760666,0.14423728883819945,,,,0.08154296875,0.013354682245649724,0.0002711124149086821,0.96630859375,0.14685757077697675,0.02843123846199062,0.5567626953125,0.013594479820319996,0.00028010681010415776,0.96142578125,"[2,6,8,10,11,12,21,27]",913,0.0013312509418064399,0.8482142857142858,1.022365921080374,0.10011928751495808
F15-ND01 development diagnostic; original F15 result unchanged,v2/work_logs/F15_ND01_v1_run1/evaluation_attempt_1/search_1_evaluation.json,4987acc9c0803dbf6109fd6a4ab2c3c29e9c4d60ed09cf69a7d5a7ce4cb56a10,1,1500402,1510692,permuted_cost_corr/budget_1024/frozen_mse,permuted_cost_corr,1024,frozen_mse,1,equal_target,8192,0.023430954989729403,0.0009192561369587303,0.03031923707745184,0.12829476400129136,0.9364013671875,0.03212811837878845,1.6556729224450024e-17,0.03212811837878845,0.03212811837878845,,,0.0635986328125,0.014762498002511565,0.00032263563993039946,0.962890625,0.014762498002511563,0.00032263563993039946,0.962890625,0.1515652955761089,0.030036332437208053,0.5452880859375,"[2,6,8,10,11,12,21,27]",913,0.0013312509418064399,0.8482142857142858,1.022365921080374,0.10011928751495808
F15-ND01 development diagnostic; original F15 result unchanged,v2/work_logs/F15_ND01_v1_run1/evaluation_attempt_1/search_1_evaluation.json,4987acc9c0803dbf6109fd6a4ab2c3c29e9c4d60ed09cf69a7d5a7ce4cb56a10,1,1500402,1510692,permuted_cost_corr/budget_1024/frozen_mse,permuted_cost_corr,1024,frozen_mse,1,scale_separating,8192,0.03366829955612091,0.0017477601917505919,0.04180622192629456,0.16192260066401892,0.913818359375,0.03994082341640151,0.18806879405935023,0.16590400967987803,,,,0.086181640625,0.013891942415372248,0.00028660480109731596,0.966796875,0.1679470518384586,0.03630352145971401,0.5328369140625,0.14702728605862503,0.030955230360271396,0.5985107421875,"[2,6,8,10,11,12,21,27]",913,0.0013312509418064399,0.8482142857142858,1.022365921080374,0.10011928751495808
F15-ND01 development diagnostic; original F15 result unchanged,v2/work_logs/F15_ND01_v1_run1/evaluation_attempt_1/search_1_evaluation.json,4987acc9c0803dbf6109fd6a4ab2c3c29e9c4d60ed09cf69a7d5a7ce4cb56a10,1,1500402,1510692,permuted_cost_corr/budget_1024/robust,permuted_cost_corr,1024,robust,0,mixed_near,8192,0.05228371992248336,0.004269053604799905,0.06533799510851175,0.24739491562775978,0.6202392578125,0.06217074572228081,0.16372034344731234,0.14554788697398527,,,,0.3797607421875,0.013877382445922126,0.0002884431031217159,0.99853515625,0.15240298701480035,0.028589177747052653,0.4842529296875,0.15160845237959014,0.028330434003952083,0.471435546875,"[6,9,17,18,20,23,24,30]",819,0.0040338383713427964,1.25,1.004895363200087,0.19079240992905397
F15-ND01 development diagnostic; original F15 result unchanged,v2/work_logs/F15_ND01_v1_run1/evaluation_attempt_1/search_1_evaluation.json,4987acc9c0803dbf6109fd6a4ab2c3c29e9c4d60ed09cf69a7d5a7ce4cb56a10,1,1500402,1510692,permuted_cost_corr/budget_1024/robust,permuted_cost_corr,1024,robust,0,mixed_far,8192,0.05627855636128781,0.005028492825611605,0.07091186660645456,0.24559182975586386,0.991943359375,0.06726203236106938,0.1703943794507933,0.15247720328171618,,,,0.008056640625,0.013834841167543835,0.00028418084047228073,0.9637451171875,0.1540506695419378,0.03081563760380392,0.765380859375,0.14736909163293582,0.028196278839152142,0.7911376953125,"[6,9,17,18,20,23,24,30]",819,0.0040338383713427964,1.25,1.004895363200087,0.19079240992905397
F15-ND01 development diagnostic; original F15 result unchanged,v2/work_logs/F15_ND01_v1_run1/evaluation_attempt_1/search_1_evaluation.json,4987acc9c0803dbf6109fd6a4ab2c3c29e9c4d60ed09cf69a7d5a7ce4cb56a10,1,1500402,1510692,permuted_cost_corr/budget_1024/robust,permuted_cost_corr,1024,robust,0,preserve_other,8192,0.04422117451988613,0.003266427917141701,0.05715267200351792,0.2256562740693594,0.8892822265625,0.05534150377822709,0.16974153610916123,0.15762338724084374,,,,0.1107177734375,0.014927441506961556,0.00032956080634079563,0.9659423828125,0.1537358055207509,0.03090703594901861,0.53955078125,0.014760453713511729,0.0003299913046500159,0.9656982421875,"[6,9,17,18,20,23,24,30]",819,0.0040338383713427964,1.25,1.004895363200087,0.19079240992905397
F15-ND01 development diagnostic; original F15 result unchanged,v2/work_logs/F15_ND01_v1_run1/evaluation_attempt_1/search_1_evaluation.json,4987acc9c0803dbf6109fd6a4ab2c3c29e9c4d60ed09cf69a7d5a7ce4cb56a10,1,1500402,1510692,permuted_cost_corr/budget_1024/robust,permuted_cost_corr,1024,robust,0,equal_target,8192,0.042232074010479195,0.002772056318102932,0.05265032115859249,0.1868112233158717,0.895263671875,0.05049343547784364,1.785480517796272e-17,0.05049343547784364,0.05049343547784364,,,0.104736328125,0.013273760611965266,0.0002680014726357295,0.9661865234375,0.013273760611965266,0.00026800147263572957,0.9661865234375,0.1507144301398678,0.02979317346136231,0.5557861328125,"[6,9,17,18,20,23,24,30]",819,0.0040338383713427964,1.25,1.004895363200087,0.19079240992905397
F15-ND01 development diagnostic; original F15 result unchanged,v2/work_logs/F15_ND01_v1_run1/evaluation_attempt_1/search_1_evaluation.json,4987acc9c0803dbf6109fd6a4ab2c3c29e9c4d60ed09cf69a7d5a7ce4cb56a10,1,1500402,1510692,permuted_cost_corr/budget_1024/robust,permuted_cost_corr,1024,robust,0,scale_separating,8192,0.051875829190343004,0.004186687569308336,0.06470461783604271,0.22943175459118303,0.855712890625,0.06160894742445182,0.18767197478923103,0.17417348682278483,,,,0.144287109375,0.014478858226959362,0.00031054894125244687,0.970703125,0.17078276946071028,0.03737557438620178,0.5267333984375,0.14360131105561877,0.029819049232582426,0.6148681640625,"[6,9,17,18,20,23,24,30]",819,0.0040338383713427964,1.25,1.004895363200087,0.19079240992905397
F15-ND01 development diagnostic; original F15 result unchanged,v2/work_logs/F15_ND01_v1_run1/evaluation_attempt_1/search_1_evaluation.json,4987acc9c0803dbf6109fd6a4ab2c3c29e9c4d60ed09cf69a7d5a7ce4cb56a10,1,1500402,1510692,permuted_cost_corr/budget_1024/robust,permuted_cost_corr,1024,robust,1,mixed_near,8192,0.03724428915845006,0.0021658321953449654,0.04653850228944809,0.1818337968096812,0.6593017578125,0.042373763500622955,0.16419687676696124,0.15115663549428177,,,,0.3406982421875,0.013742167069671627,0.00028725291086048534,0.997314453125,0.1535286002983916,0.02882042591058663,0.4852294921875,0.15252346525990484,0.02861188235614595,0.4683837890625,"[0,2,3,6,7,11,16,27]",744,0.0018994106248211248,0.7589285714285715,1.032040927242813,0.12617303992550008
F15-ND01 development diagnostic; original F15 result unchanged,v2/work_logs/F15_ND01_v1_run1/evaluation_attempt_1/search_1_evaluation.json,4987acc9c0803dbf6109fd6a4ab2c3c29e9c4d60ed09cf69a7d5a7ce4cb56a10,1,1500402,1510692,permuted_cost_corr/budget_1024/robust,permuted_cost_corr,1024,robust,1,mixed_far,8192,0.033193715182972816,0.0017840545045371692,0.04223806937511668,0.14959663497133868,1.0,0.04264149384908552,0.1690926769410288,0.14869199497011448,,,,0.0,0.014680309347381505,0.0003194462654590363,0.964111328125,0.14775426195912128,0.028281240569550822,0.794677734375,0.15317871912086511,0.03061607996918897,0.763916015625,"[0,2,3,6,7,11,16,27]",744,0.0018994106248211248,0.7589285714285715,1.032040927242813,0.12617303992550008
F15-ND01 development diagnostic; original F15 result unchanged,v2/work_logs/F15_ND01_v1_run1/evaluation_attempt_1/search_1_evaluation.json,4987acc9c0803dbf6109fd6a4ab2c3c29e9c4d60ed09cf69a7d5a7ce4cb56a10,1,1500402,1510692,permuted_cost_corr/budget_1024/robust,permuted_cost_corr,1024,robust,1,preserve_other,8192,0.035251722513317624,0.0019633482700210925,0.04430968596166184,0.19262187747952159,0.897216796875,0.04227057054912212,0.16811119576760666,0.15039339260129703,,,,0.102783203125,0.013354682245649724,0.0002711124149086821,0.96630859375,0.14685757077697675,0.02843123846199062,0.5567626953125,0.013594479820319996,0.00028010681010415776,0.96142578125,"[0,2,3,6,7,11,16,27]",744,0.0018994106248211248,0.7589285714285715,1.032040927242813,0.12617303992550008
F15-ND01 development diagnostic; original F15 result unchanged,v2/work_logs/F15_ND01_v1_run1/evaluation_attempt_1/search_1_evaluation.json,4987acc9c0803dbf6109fd6a4ab2c3c29e9c4d60ed09cf69a7d5a7ce4cb56a10,1,1500402,1510692,permuted_cost_corr/budget_1024/robust,permuted_cost_corr,1024,robust,1,equal_target,8192,0.03187423260972527,0.00153895763415316,0.03922955052193639,0.1273457143535523,0.91357421875,0.03866386201535841,1.6556729224450024e-17,0.03866386201535841,0.03866386201535841,,,0.08642578125,0.014762498002511565,0.00032263563993039946,0.962890625,0.014762498002511563,0.00032263563993039946,0.962890625,0.1515652955761089,0.030036332437208053,0.5452880859375,"[0,2,3,6,7,11,16,27]",744,0.0018994106248211248,0.7589285714285715,1.032040927242813,0.12617303992550008
F15-ND01 development diagnostic; original F15 result unchanged,v2/work_logs/F15_ND01_v1_run1/evaluation_attempt_1/search_1_evaluation.json,4987acc9c0803dbf6109fd6a4ab2c3c29e9c4d60ed09cf69a7d5a7ce4cb56a10,1,1500402,1510692,permuted_cost_corr/budget_1024/robust,permuted_cost_corr,1024,robust,1,scale_separating,8192,0.036981999397931994,0.002167221481786279,0.046553426101483435,0.18627502996349038,0.8985595703125,0.04437771387668532,0.18806879405935023,0.1697275765437945,,,,0.1014404296875,0.013891942415372248,0.00028660480109731596,0.966796875,0.1679470518384586,0.03630352145971401,0.5328369140625,0.14702728605862503,0.030955230360271396,0.5985107421875,"[0,2,3,6,7,11,16,27]",744,0.0018994106248211248,0.7589285714285715,1.032040927242813,0.12617303992550008
F15-ND01 development diagnostic; original F15 result unchanged,v2/work_logs/F15_ND01_v1_run1/evaluation_attempt_1/search_1_evaluation.json,4987acc9c0803dbf6109fd6a4ab2c3c29e9c4d60ed09cf69a7d5a7ce4cb56a10,1,1500402,1510692,permuted_cost_corr/budget_128/frozen_mse,permuted_cost_corr,128,frozen_mse,0,mixed_near,8192,0.05546262568696565,0.00485472580306972,0.069675862413534,0.22909971528840695,0.592041015625,0.06734615175724498,0.16372034344731234,0.1640083862004868,,,,0.407958984375,0.013877382445922126,0.0002884431031217159,0.99853515625,0.15240298701480035,0.028589177747052653,0.4842529296875,0.15160845237959014,0.028330434003952083,0.471435546875,"[4,6,9,13,17,23,24,30]",8,0.005765565281454736,1.4681284569223108,1.002294570019535,0.21934469830632053
F15-ND01 development diagnostic; original F15 result unchanged,v2/work_logs/F15_ND01_v1_run1/evaluation_attempt_1/search_1_evaluation.json,4987acc9c0803dbf6109fd6a4ab2c3c29e9c4d60ed09cf69a7d5a7ce4cb56a10,1,1500402,1510692,permuted_cost_corr/budget_128/frozen_mse,permuted_cost_corr,128,frozen_mse,0,mixed_far,8192,0.07413428248671658,0.007439189398996564,0.08625073564321967,0.24078391918986303,0.9910888671875,0.08346240568200931,0.1703943794507933,0.14910617511333357,,,,0.0089111328125,0.013834841167543835,0.00028418084047228073,0.9637451171875,0.1540506695419378,0.03081563760380392,0.765380859375,0.14736909163293582,0.028196278839152142,0.7911376953125,"[4,6,9,13,17,23,24,30]",8,0.005765565281454736,1.4681284569223108,1.002294570019535,0.21934469830632053
F15-ND01 development diagnostic; original F15 result unchanged,v2/work_logs/F15_ND01_v1_run1/evaluation_attempt_1/search_1_evaluation.json,4987acc9c0803dbf6109fd6a4ab2c3c29e9c4d60ed09cf69a7d5a7ce4cb56a10,1,1500402,1510692,permuted_cost_corr/budget_128/frozen_mse,permuted_cost_corr,128,frozen_mse,0,preserve_other,8192,0.04455419218409566,0.0036578491903556205,0.06048015534334895,0.23749238298970637,0.8779296875,0.05898744186272902,0.16974153610916123,0.1571870055674914,,,,0.1220703125,0.014927441506961556,0.00032956080634079563,0.9659423828125,0.1537358055207509,0.03090703594901861,0.53955078125,0.014760453713511729,0.0003299913046500159,0.9656982421875,"[4,6,9,13,17,23,24,30]",8,0.005765565281454736,1.4681284569223108,1.002294570019535,0.21934469830632053
F15-ND01 development diagnostic; original F15 result unchanged,v2/work_logs/F15_ND01_v1_run1/evaluation_attempt_1/search_1_evaluation.json,4987acc9c0803dbf6109fd6a4ab2c3c29e9c4d60ed09cf69a7d5a7ce4cb56a10,1,1500402,1510692,permuted_cost_corr/budget_128/frozen_mse,permuted_cost_corr,128,frozen_mse,0,equal_target,8192,0.06334833526814808,0.005727980019284587,0.07568341971188,0.20918954011373053,0.831787109375,0.07372075301906,1.785480517796272e-17,0.07372075301906,0.07372075301906,,,0.168212890625,0.013273760611965266,0.0002680014726357295,0.9661865234375,0.013273760611965266,0.00026800147263572957,0.9661865234375,0.1507144301398678,0.02979317346136231,0.5557861328125,"[4,6,9,13,17,23,24,30]",8,0.005765565281454736,1.4681284569223108,1.002294570019535,0.21934469830632053
F15-ND01 development diagnostic; original F15 result unchanged,v2/work_logs/F15_ND01_v1_run1/evaluation_attempt_1/search_1_evaluation.json,4987acc9c0803dbf6109fd6a4ab2c3c29e9c4d60ed09cf69a7d5a7ce4cb56a10,1,1500402,1510692,permuted_cost_corr/budget_128/frozen_mse,permuted_cost_corr,128,frozen_mse,0,scale_separating,8192,0.06496349166008535,0.006579667933472965,0.08111515230505928,0.25126313466876893,0.8017578125,0.07942348783182887,0.18767197478923103,0.18687473582261593,,,,0.1982421875,0.014478858226959362,0.00031054894125244687,0.970703125,0.17078276946071028,0.03737557438620178,0.5267333984375,0.14360131105561877,0.029819049232582426,0.6148681640625,"[4,6,9,13,17,23,24,30]",8,0.005765565281454736,1.4681284569223108,1.002294570019535,0.21934469830632053
F15-ND01 development diagnostic; original F15 result unchanged,v2/work_logs/F15_ND01_v1_run1/evaluation_attempt_1/search_1_evaluation.json,4987acc9c0803dbf6109fd6a4ab2c3c29e9c4d60ed09cf69a7d5a7ce4cb56a10,1,1500402,1510692,permuted_cost_corr/budget_128/frozen_mse,permuted_cost_corr,128,frozen_mse,1,mixed_near,8192,0.03391826650270346,0.0017794331120674855,0.042183327418157585,0.19010304727220684,0.65869140625,0.04352903804952687,0.16419687676696124,0.17527998011938353,,,,0.34130859375,0.013742167069671627,0.00028725291086048534,0.997314453125,0.1535286002983916,0.02882042591058663,0.4852294921875,0.15252346525990484,0.02861188235614595,0.4683837890625,"[2,6,7,10,16,21,27,31]",35,0.00206699967084589,0.9151785714285715,1.030891105643935,0.13422895242728308
F15-ND01 development diagnostic; original F15 result unchanged,v2/work_logs/F15_ND01_v1_run1/evaluation_attempt_1/search_1_evaluation.json,4987acc9c0803dbf6109fd6a4ab2c3c29e9c4d60ed09cf69a7d5a7ce4cb56a10,1,1500402,1510692,permuted_cost_corr/budget_128/frozen_mse,permuted_cost_corr,128,frozen_mse,1,mixed_far,8192,0.03971489591428019,0.0024677057334048656,0.04967600762344802,0.1820954276766686,0.9993896484375,0.05319777690109857,0.1690926769410288,0.15333032136754268,,,,0.0006103515625,0.014680309347381505,0.0003194462654590363,0.964111328125,0.14775426195912128,0.028281240569550822,0.794677734375,0.15317871912086511,0.03061607996918897,0.763916015625,"[2,6,7,10,16,21,27,31]",35,0.00206699967084589,0.9151785714285715,1.030891105643935,0.13422895242728308
F15-ND01 development diagnostic; original F15 result unchanged,v2/work_logs/F15_ND01_v1_run1/evaluation_attempt_1/search_1_evaluation.json,4987acc9c0803dbf6109fd6a4ab2c3c29e9c4d60ed09cf69a7d5a7ce4cb56a10,1,1500402,1510692,permuted_cost_corr/budget_128/frozen_mse,permuted_cost_corr,128,frozen_mse,1,preserve_other,8192,0.030236500318881646,0.0013873624186896574,0.03724731424800529,0.15039841769937273,0.9112548828125,0.03529801079398578,0.16811119576760666,0.16004725155963428,,,,0.0887451171875,0.013354682245649724,0.0002711124149086821,0.96630859375,0.14685757077697675,0.02843123846199062,0.5567626953125,0.013594479820319996,0.00028010681010415776,0.96142578125,"[2,6,7,10,16,21,27,31]",35,0.00206699967084589,0.9151785714285715,1.030891105643935,0.13422895242728308
F15-ND01 development diagnostic; original F15 result unchanged,v2/work_logs/F15_ND01_v1_run1/evaluation_attempt_1/search_1_evaluation.json,4987acc9c0803dbf6109fd6a4ab2c3c29e9c4d60ed09cf69a7d5a7ce4cb56a10,1,1500402,1510692,permuted_cost_corr/budget_128/frozen_mse,permuted_cost_corr,128,frozen_mse,1,equal_target,8192,0.04272639443072758,0.002714787854278246,0.05210362611448695,0.16518304004115897,0.8770751953125,0.05568322419015259,1.6556729224450024e-17,0.05568322419015259,0.05568322419015259,,,0.1229248046875,0.014762498002511565,0.00032263563993039946,0.962890625,0.014762498002511563,0.00032263563993039946,0.962890625,0.1515652955761089,0.030036332437208053,0.5452880859375,"[2,6,7,10,16,21,27,31]",35,0.00206699967084589,0.9151785714285715,1.030891105643935,0.13422895242728308
F15-ND01 development diagnostic; original F15 result unchanged,v2/work_logs/F15_ND01_v1_run1/evaluation_attempt_1/search_1_evaluation.json,4987acc9c0803dbf6109fd6a4ab2c3c29e9c4d60ed09cf69a7d5a7ce4cb56a10,1,1500402,1510692,permuted_cost_corr/budget_128/frozen_mse,permuted_cost_corr,128,frozen_mse,1,scale_separating,8192,0.04200328154591633,0.002777250776829535,0.05269962786234391,0.190163651523591,0.8760986328125,0.05487885039008465,0.18806879405935023,0.19194763178087632,,,,0.1239013671875,0.013891942415372248,0.00028660480109731596,0.966796875,0.1679470518384586,0.03630352145971401,0.5328369140625,0.14702728605862503,0.030955230360271396,0.5985107421875,"[2,6,7,10,16,21,27,31]",35,0.00206699967084589,0.9151785714285715,1.030891105643935,0.13422895242728308
F15-ND01 development diagnostic; original F15 result unchanged,v2/work_logs/F15_ND01_v1_run1/evaluation_attempt_1/search_1_evaluation.json,4987acc9c0803dbf6109fd6a4ab2c3c29e9c4d60ed09cf69a7d5a7ce4cb56a10,1,1500402,1510692,permuted_cost_corr/budget_128/robust,permuted_cost_corr,128,robust,0,mixed_near,8192,0.05546262568696565,0.00485472580306972,0.069675862413534,0.22909971528840695,0.592041015625,0.06734615175724498,0.16372034344731234,0.1640083862004868,,,,0.407958984375,0.013877382445922126,0.0002884431031217159,0.99853515625,0.15240298701480035,0.028589177747052653,0.4842529296875,0.15160845237959014,0.028330434003952083,0.471435546875,"[4,6,9,13,17,23,24,30]",8,0.005765565281454736,1.4681284569223108,1.002294570019535,0.21934469830632053
F15-ND01 development diagnostic; original F15 result unchanged,v2/work_logs/F15_ND01_v1_run1/evaluation_attempt_1/search_1_evaluation.json,4987acc9c0803dbf6109fd6a4ab2c3c29e9c4d60ed09cf69a7d5a7ce4cb56a10,1,1500402,1510692,permuted_cost_corr/budget_128/robust,permuted_cost_corr,128,robust,0,mixed_far,8192,0.07413428248671658,0.007439189398996564,0.08625073564321967,0.24078391918986303,0.9910888671875,0.08346240568200931,0.1703943794507933,0.14910617511333357,,,,0.0089111328125,0.013834841167543835,0.00028418084047228073,0.9637451171875,0.1540506695419378,0.03081563760380392,0.765380859375,0.14736909163293582,0.028196278839152142,0.7911376953125,"[4,6,9,13,17,23,24,30]",8,0.005765565281454736,1.4681284569223108,1.002294570019535,0.21934469830632053
F15-ND01 development diagnostic; original F15 result unchanged,v2/work_logs/F15_ND01_v1_run1/evaluation_attempt_1/search_1_evaluation.json,4987acc9c0803dbf6109fd6a4ab2c3c29e9c4d60ed09cf69a7d5a7ce4cb56a10,1,1500402,1510692,permuted_cost_corr/budget_128/robust,permuted_cost_corr,128,robust,0,preserve_other,8192,0.04455419218409566,0.0036578491903556205,0.06048015534334895,0.23749238298970637,0.8779296875,0.05898744186272902,0.16974153610916123,0.1571870055674914,,,,0.1220703125,0.014927441506961556,0.00032956080634079563,0.9659423828125,0.1537358055207509,0.03090703594901861,0.53955078125,0.014760453713511729,0.0003299913046500159,0.9656982421875,"[4,6,9,13,17,23,24,30]",8,0.005765565281454736,1.4681284569223108,1.002294570019535,0.21934469830632053
F15-ND01 development diagnostic; original F15 result unchanged,v2/work_logs/F15_ND01_v1_run1/evaluation_attempt_1/search_1_evaluation.json,4987acc9c0803dbf6109fd6a4ab2c3c29e9c4d60ed09cf69a7d5a7ce4cb56a10,1,1500402,1510692,permuted_cost_corr/budget_128/robust,permuted_cost_corr,128,robust,0,equal_target,8192,0.06334833526814808,0.005727980019284587,0.07568341971188,0.20918954011373053,0.831787109375,0.07372075301906,1.785480517796272e-17,0.07372075301906,0.07372075301906,,,0.168212890625,0.013273760611965266,0.0002680014726357295,0.9661865234375,0.013273760611965266,0.00026800147263572957,0.9661865234375,0.1507144301398678,0.02979317346136231,0.5557861328125,"[4,6,9,13,17,23,24,30]",8,0.005765565281454736,1.4681284569223108,1.002294570019535,0.21934469830632053
F15-ND01 development diagnostic; original F15 result unchanged,v2/work_logs/F15_ND01_v1_run1/evaluation_attempt_1/search_1_evaluation.json,4987acc9c0803dbf6109fd6a4ab2c3c29e9c4d60ed09cf69a7d5a7ce4cb56a10,1,1500402,1510692,permuted_cost_corr/budget_128/robust,permuted_cost_corr,128,robust,0,scale_separating,8192,0.06496349166008535,0.006579667933472965,0.08111515230505928,0.25126313466876893,0.8017578125,0.07942348783182887,0.18767197478923103,0.18687473582261593,,,,0.1982421875,0.014478858226959362,0.00031054894125244687,0.970703125,0.17078276946071028,0.03737557438620178,0.5267333984375,0.14360131105561877,0.029819049232582426,0.6148681640625,"[4,6,9,13,17,23,24,30]",8,0.005765565281454736,1.4681284569223108,1.002294570019535,0.21934469830632053
F15-ND01 development diagnostic; original F15 result unchanged,v2/work_logs/F15_ND01_v1_run1/evaluation_attempt_1/search_1_evaluation.json,4987acc9c0803dbf6109fd6a4ab2c3c29e9c4d60ed09cf69a7d5a7ce4cb56a10,1,1500402,1510692,permuted_cost_corr/budget_128/robust,permuted_cost_corr,128,robust,1,mixed_near,8192,0.03391826650270346,0.0017794331120674855,0.042183327418157585,0.19010304727220684,0.65869140625,0.04352903804952687,0.16419687676696124,0.17527998011938353,,,,0.34130859375,0.013742167069671627,0.00028725291086048534,0.997314453125,0.1535286002983916,0.02882042591058663,0.4852294921875,0.15252346525990484,0.02861188235614595,0.4683837890625,"[2,6,7,10,16,21,27,31]",35,0.00206699967084589,0.9151785714285715,1.030891105643935,0.13422895242728308
F15-ND01 development diagnostic; original F15 result unchanged,v2/work_logs/F15_ND01_v1_run1/evaluation_attempt_1/search_1_evaluation.json,4987acc9c0803dbf6109fd6a4ab2c3c29e9c4d60ed09cf69a7d5a7ce4cb56a10,1,1500402,1510692,permuted_cost_corr/budget_128/robust,permuted_cost_corr,128,robust,1,mixed_far,8192,0.03971489591428019,0.0024677057334048656,0.04967600762344802,0.1820954276766686,0.9993896484375,0.05319777690109857,0.1690926769410288,0.15333032136754268,,,,0.0006103515625,0.014680309347381505,0.0003194462654590363,0.964111328125,0.14775426195912128,0.028281240569550822,0.794677734375,0.15317871912086511,0.03061607996918897,0.763916015625,"[2,6,7,10,16,21,27,31]",35,0.00206699967084589,0.9151785714285715,1.030891105643935,0.13422895242728308
F15-ND01 development diagnostic; original F15 result unchanged,v2/work_logs/F15_ND01_v1_run1/evaluation_attempt_1/search_1_evaluation.json,4987acc9c0803dbf6109fd6a4ab2c3c29e9c4d60ed09cf69a7d5a7ce4cb56a10,1,1500402,1510692,permuted_cost_corr/budget_128/robust,permuted_cost_corr,128,robust,1,preserve_other,8192,0.030236500318881646,0.0013873624186896574,0.03724731424800529,0.15039841769937273,0.9112548828125,0.03529801079398578,0.16811119576760666,0.16004725155963428,,,,0.0887451171875,0.013354682245649724,0.0002711124149086821,0.96630859375,0.14685757077697675,0.02843123846199062,0.5567626953125,0.013594479820319996,0.00028010681010415776,0.96142578125,"[2,6,7,10,16,21,27,31]",35,0.00206699967084589,0.9151785714285715,1.030891105643935,0.13422895242728308
F15-ND01 development diagnostic; original F15 result unchanged,v2/work_logs/F15_ND01_v1_run1/evaluation_attempt_1/search_1_evaluation.json,4987acc9c0803dbf6109fd6a4ab2c3c29e9c4d60ed09cf69a7d5a7ce4cb56a10,1,1500402,1510692,permuted_cost_corr/budget_128/robust,permuted_cost_corr,128,robust,1,equal_target,8192,0.04272639443072758,0.002714787854278246,0.05210362611448695,0.16518304004115897,0.8770751953125,0.05568322419015259,1.6556729224450024e-17,0.05568322419015259,0.05568322419015259,,,0.1229248046875,0.014762498002511565,0.00032263563993039946,0.962890625,0.014762498002511563,0.00032263563993039946,0.962890625,0.1515652955761089,0.030036332437208053,0.5452880859375,"[2,6,7,10,16,21,27,31]",35,0.00206699967084589,0.9151785714285715,1.030891105643935,0.13422895242728308
F15-ND01 development diagnostic; original F15 result unchanged,v2/work_logs/F15_ND01_v1_run1/evaluation_attempt_1/search_1_evaluation.json,4987acc9c0803dbf6109fd6a4ab2c3c29e9c4d60ed09cf69a7d5a7ce4cb56a10,1,1500402,1510692,permuted_cost_corr/budget_128/robust,permuted_cost_corr,128,robust,1,scale_separating,8192,0.04200328154591633,0.002777250776829535,0.05269962786234391,0.190163651523591,0.8760986328125,0.05487885039008465,0.18806879405935023,0.19194763178087632,,,,0.1239013671875,0.013891942415372248,0.00028660480109731596,0.966796875,0.1679470518384586,0.03630352145971401,0.5328369140625,0.14702728605862503,0.030955230360271396,0.5985107421875,"[2,6,7,10,16,21,27,31]",35,0.00206699967084589,0.9151785714285715,1.030891105643935,0.13422895242728308
F15-ND01 development diagnostic; original F15 result unchanged,v2/work_logs/F15_ND01_v1_run1/evaluation_attempt_1/search_1_evaluation.json,4987acc9c0803dbf6109fd6a4ab2c3c29e9c4d60ed09cf69a7d5a7ce4cb56a10,1,1500402,1510692,positive_contribution_cov/budget_1024/frozen_mse,positive_contribution_cov,1024,frozen_mse,0,mixed_near,8192,0.03628818127937994,0.0020531726576072285,0.045311948287479635,0.14922135880069276,0.680419921875,0.04518650066471968,0.16372034344731234,0.17133807619061797,,,,0.319580078125,0.013877382445922126,0.0002884431031217159,0.99853515625,0.15240298701480035,0.028589177747052653,0.4842529296875,0.15160845237959014,0.028330434003952083,0.471435546875,"[2,6,9,12,19,24,28,30]",992,0.0021986211374734875,0.8269420306963274,0.14883366687968458,0.14284661673505172
F15-ND01 development diagnostic; original F15 result unchanged,v2/work_logs/F15_ND01_v1_run1/evaluation_attempt_1/search_1_evaluation.json,4987acc9c0803dbf6109fd6a4ab2c3c29e9c4d60ed09cf69a7d5a7ce4cb56a10,1,1500402,1510692,positive_contribution_cov/budget_1024/frozen_mse,positive_contribution_cov,1024,frozen_mse,0,mixed_far,8192,0.03917956482648509,0.002411436819957451,0.04910638268043627,0.17782349012939536,1.0,0.047246928258928074,0.1703943794507933,0.17082619927470152,,,,0.0,0.013834841167543835,0.00028418084047228073,0.9637451171875,0.1540506695419378,0.03081563760380392,0.765380859375,0.14736909163293582,0.028196278839152142,0.7911376953125,"[2,6,9,12,19,24,28,30]",992,0.0021986211374734875,0.8269420306963274,0.14883366687968458,0.14284661673505172
F15-ND01 development diagnostic; original F15 result unchanged,v2/work_logs/F15_ND01_v1_run1/evaluation_attempt_1/search_1_evaluation.json,4987acc9c0803dbf6109fd6a4ab2c3c29e9c4d60ed09cf69a7d5a7ce4cb56a10,1,1500402,1510692,positive_contribution_cov/budget_1024/frozen_mse,positive_contribution_cov,1024,frozen_mse,0,preserve_other,8192,0.03376646136847278,0.0017861469910346048,0.042262832264705175,0.13941423632116812,0.9248046875,0.04212973930535283,0.16974153610916123,0.16984565064978033,,,,0.0751953125,0.014927441506961556,0.00032956080634079563,0.9659423828125,0.1537358055207509,0.03090703594901861,0.53955078125,0.014760453713511729,0.0003299913046500159,0.9656982421875,"[2,6,9,12,19,24,28,30]",992,0.0021986211374734875,0.8269420306963274,0.14883366687968458,0.14284661673505172
F15-ND01 development diagnostic; original F15 result unchanged,v2/work_logs/F15_ND01_v1_run1/evaluation_attempt_1/search_1_evaluation.json,4987acc9c0803dbf6109fd6a4ab2c3c29e9c4d60ed09cf69a7d5a7ce4cb56a10,1,1500402,1510692,positive_contribution_cov/budget_1024/frozen_mse,positive_contribution_cov,1024,frozen_mse,0,equal_target,8192,0.033900388454050474,0.001777417088450482,0.04215942466934863,0.1719016607496422,0.915771484375,0.04194420529442413,1.785480517796272e-17,0.04194420529442413,0.04194420529442413,,,0.084228515625,0.013273760611965266,0.0002680014726357295,0.9661865234375,0.013273760611965266,0.00026800147263572957,0.9661865234375,0.1507144301398678,0.02979317346136231,0.5557861328125,"[2,6,9,12,19,24,28,30]",992,0.0021986211374734875,0.8269420306963274,0.14883366687968458,0.14284661673505172
F15-ND01 development diagnostic; original F15 result unchanged,v2/work_logs/F15_ND01_v1_run1/evaluation_attempt_1/search_1_evaluation.json,4987acc9c0803dbf6109fd6a4ab2c3c29e9c4d60ed09cf69a7d5a7ce4cb56a10,1,1500402,1510692,positive_contribution_cov/budget_1024/frozen_mse,positive_contribution_cov,1024,frozen_mse,0,scale_separating,8192,0.038840540761595585,0.002315009985391678,0.048114550661849456,0.15790405356034587,0.8955078125,0.04632672836711157,0.18767197478923103,0.1890292113317563,,,,0.1044921875,0.014478858226959362,0.00031054894125244687,0.970703125,0.17078276946071028,0.03737557438620178,0.5267333984375,0.14360131105561877,0.029819049232582426,0.6148681640625,"[2,6,9,12,19,24,28,30]",992,0.0021986211374734875,0.8269420306963274,0.14883366687968458,0.14284661673505172
F15-ND01 development diagnostic; original F15 result unchanged,v2/work_logs/F15_ND01_v1_run1/evaluation_attempt_1/search_1_evaluation.json,4987acc9c0803dbf6109fd6a4ab2c3c29e9c4d60ed09cf69a7d5a7ce4cb56a10,1,1500402,1510692,positive_contribution_cov/budget_1024/frozen_mse,positive_contribution_cov,1024,frozen_mse,1,mixed_near,8192,0.02311322157233928,0.0008264067871744197,0.028747291823307805,0.13230154338147365,0.7423095703125,0.02628819373537068,0.16419687676696124,0.16946086931646753,,,,0.2576904296875,0.013742167069671627,0.00028725291086048534,0.997314453125,0.1535286002983916,0.02882042591058663,0.4852294921875,0.15252346525990484,0.02861188235614595,0.4683837890625,"[0,3,6,8,10,16,22,27]",469,0.0008211820216051036,0.6473214285714286,0.14473298797308567,0.07678025663587308
F15-ND01 development diagnostic; original F15 result unchanged,v2/work_logs/F15_ND01_v1_run1/evaluation_attempt_1/search_1_evaluation.json,4987acc9c0803dbf6109fd6a4ab2c3c29e9c4d60ed09cf69a7d5a7ce4cb56a10,1,1500402,1510692,positive_contribution_cov/budget_1024/frozen_mse,positive_contribution_cov,1024,frozen_mse,1,mixed_far,8192,0.019635479458006512,0.0006203341163214415,0.02490650750951328,0.10495004079183884,1.0,0.02375067587045703,0.1690926769410288,0.16614146684253966,,,,0.0,0.014680309347381505,0.0003194462654590363,0.964111328125,0.14775426195912128,0.028281240569550822,0.794677734375,0.15317871912086511,0.03061607996918897,0.763916015625,"[0,3,6,8,10,16,22,27]",469,0.0008211820216051036,0.6473214285714286,0.14473298797308567,0.07678025663587308
F15-ND01 development diagnostic; original F15 result unchanged,v2/work_logs/F15_ND01_v1_run1/evaluation_attempt_1/search_1_evaluation.json,4987acc9c0803dbf6109fd6a4ab2c3c29e9c4d60ed09cf69a7d5a7ce4cb56a10,1,1500402,1510692,positive_contribution_cov/budget_1024/frozen_mse,positive_contribution_cov,1024,frozen_mse,1,preserve_other,8192,0.020054695486845964,0.0006561556495197939,0.025615535315893632,0.10177842120155006,0.9462890625,0.02334711432314493,0.16811119576760666,0.16537623877578445,,,,0.0537109375,0.013354682245649724,0.0002711124149086821,0.96630859375,0.14685757077697675,0.02843123846199062,0.5567626953125,0.013594479820319996,0.00028010681010415776,0.96142578125,"[0,3,6,8,10,16,22,27]",469,0.0008211820216051036,0.6473214285714286,0.14473298797308567,0.07678025663587308
F15-ND01 development diagnostic; original F15 result unchanged,v2/work_logs/F15_ND01_v1_run1/evaluation_attempt_1/search_1_evaluation.json,4987acc9c0803dbf6109fd6a4ab2c3c29e9c4d60ed09cf69a7d5a7ce4cb56a10,1,1500402,1510692,positive_contribution_cov/budget_1024/frozen_mse,positive_contribution_cov,1024,frozen_mse,1,equal_target,8192,0.0247384067601884,0.0009656044099758219,0.03107417593397807,0.11043840908693203,0.9451904296875,0.029311714650864736,1.6556729224450024e-17,0.029311714650864736,0.029311714650864736,,,0.0548095703125,0.014762498002511565,0.00032263563993039946,0.962890625,0.014762498002511563,0.00032263563993039946,0.962890625,0.1515652955761089,0.030036332437208053,0.5452880859375,"[0,3,6,8,10,16,22,27]",469,0.0008211820216051036,0.6473214285714286,0.14473298797308567,0.07678025663587308
F15-ND01 development diagnostic; original F15 result unchanged,v2/work_logs/F15_ND01_v1_run1/evaluation_attempt_1/search_1_evaluation.json,4987acc9c0803dbf6109fd6a4ab2c3c29e9c4d60ed09cf69a7d5a7ce4cb56a10,1,1500402,1510692,positive_contribution_cov/budget_1024/frozen_mse,positive_contribution_cov,1024,frozen_mse,1,scale_separating,8192,0.02528239178835308,0.0010205291400184533,0.031945721779581895,0.1231302509564196,0.9388427734375,0.028767957685610454,0.18806879405935023,0.18726013915141596,,,,0.0611572265625,0.013891942415372248,0.00028660480109731596,0.966796875,0.1679470518384586,0.03630352145971401,0.5328369140625,0.14702728605862503,0.030955230360271396,0.5985107421875,"[0,3,6,8,10,16,22,27]",469,0.0008211820216051036,0.6473214285714286,0.14473298797308567,0.07678025663587308
F15-ND01 development diagnostic; original F15 result unchanged,v2/work_logs/F15_ND01_v1_run1/evaluation_attempt_1/search_1_evaluation.json,4987acc9c0803dbf6109fd6a4ab2c3c29e9c4d60ed09cf69a7d5a7ce4cb56a10,1,1500402,1510692,positive_contribution_cov/budget_1024/robust,positive_contribution_cov,1024,robust,0,mixed_near,8192,0.03628818127937994,0.0020531726576072285,0.045311948287479635,0.14922135880069276,0.680419921875,0.04518650066471968,0.16372034344731234,0.17133807619061797,,,,0.319580078125,0.013877382445922126,0.0002884431031217159,0.99853515625,0.15240298701480035,0.028589177747052653,0.4842529296875,0.15160845237959014,0.028330434003952083,0.471435546875,"[2,6,9,12,19,24,28,30]",992,0.0021986211374734875,0.8269420306963274,0.14883366687968458,0.14284661673505172
F15-ND01 development diagnostic; original F15 result unchanged,v2/work_logs/F15_ND01_v1_run1/evaluation_attempt_1/search_1_evaluation.json,4987acc9c0803dbf6109fd6a4ab2c3c29e9c4d60ed09cf69a7d5a7ce4cb56a10,1,1500402,1510692,positive_contribution_cov/budget_1024/robust,positive_contribution_cov,1024,robust,0,mixed_far,8192,0.03917956482648509,0.002411436819957451,0.04910638268043627,0.17782349012939536,1.0,0.047246928258928074,0.1703943794507933,0.17082619927470152,,,,0.0,0.013834841167543835,0.00028418084047228073,0.9637451171875,0.1540506695419378,0.03081563760380392,0.765380859375,0.14736909163293582,0.028196278839152142,0.7911376953125,"[2,6,9,12,19,24,28,30]",992,0.0021986211374734875,0.8269420306963274,0.14883366687968458,0.14284661673505172
F15-ND01 development diagnostic; original F15 result unchanged,v2/work_logs/F15_ND01_v1_run1/evaluation_attempt_1/search_1_evaluation.json,4987acc9c0803dbf6109fd6a4ab2c3c29e9c4d60ed09cf69a7d5a7ce4cb56a10,1,1500402,1510692,positive_contribution_cov/budget_1024/robust,positive_contribution_cov,1024,robust,0,preserve_other,8192,0.03376646136847278,0.0017861469910346048,0.042262832264705175,0.13941423632116812,0.9248046875,0.04212973930535283,0.16974153610916123,0.16984565064978033,,,,0.0751953125,0.014927441506961556,0.00032956080634079563,0.9659423828125,0.1537358055207509,0.03090703594901861,0.53955078125,0.014760453713511729,0.0003299913046500159,0.9656982421875,"[2,6,9,12,19,24,28,30]",992,0.0021986211374734875,0.8269420306963274,0.14883366687968458,0.14284661673505172
F15-ND01 development diagnostic; original F15 result unchanged,v2/work_logs/F15_ND01_v1_run1/evaluation_attempt_1/search_1_evaluation.json,4987acc9c0803dbf6109fd6a4ab2c3c29e9c4d60ed09cf69a7d5a7ce4cb56a10,1,1500402,1510692,positive_contribution_cov/budget_1024/robust,positive_contribution_cov,1024,robust,0,equal_target,8192,0.033900388454050474,0.001777417088450482,0.04215942466934863,0.1719016607496422,0.915771484375,0.04194420529442413,1.785480517796272e-17,0.04194420529442413,0.04194420529442413,,,0.084228515625,0.013273760611965266,0.0002680014726357295,0.9661865234375,0.013273760611965266,0.00026800147263572957,0.9661865234375,0.1507144301398678,0.02979317346136231,0.5557861328125,"[2,6,9,12,19,24,28,30]",992,0.0021986211374734875,0.8269420306963274,0.14883366687968458,0.14284661673505172
F15-ND01 development diagnostic; original F15 result unchanged,v2/work_logs/F15_ND01_v1_run1/evaluation_attempt_1/search_1_evaluation.json,4987acc9c0803dbf6109fd6a4ab2c3c29e9c4d60ed09cf69a7d5a7ce4cb56a10,1,1500402,1510692,positive_contribution_cov/budget_1024/robust,positive_contribution_cov,1024,robust,0,scale_separating,8192,0.038840540761595585,0.002315009985391678,0.048114550661849456,0.15790405356034587,0.8955078125,0.04632672836711157,0.18767197478923103,0.1890292113317563,,,,0.1044921875,0.014478858226959362,0.00031054894125244687,0.970703125,0.17078276946071028,0.03737557438620178,0.5267333984375,0.14360131105561877,0.029819049232582426,0.6148681640625,"[2,6,9,12,19,24,28,30]",992,0.0021986211374734875,0.8269420306963274,0.14883366687968458,0.14284661673505172
F15-ND01 development diagnostic; original F15 result unchanged,v2/work_logs/F15_ND01_v1_run1/evaluation_attempt_1/search_1_evaluation.json,4987acc9c0803dbf6109fd6a4ab2c3c29e9c4d60ed09cf69a7d5a7ce4cb56a10,1,1500402,1510692,positive_contribution_cov/budget_1024/robust,positive_contribution_cov,1024,robust,1,mixed_near,8192,0.025242123278192422,0.0010321178266931013,0.03212659064845041,0.1452647397619793,0.722900390625,0.03242482827155589,0.16419687676696124,0.176762668501679,,,,0.277099609375,0.013742167069671627,0.00028725291086048534,0.997314453125,0.1535286002983916,0.02882042591058663,0.4852294921875,0.15252346525990484,0.02861188235614595,0.4683837890625,"[0,2,6,8,15,16,21,27]",877,0.0010356058270384345,0.625,0.16126572166007497,0.09264939910765771
F15-ND01 development diagnostic; original F15 result unchanged,v2/work_logs/F15_ND01_v1_run1/evaluation_attempt_1/search_1_evaluation.json,4987acc9c0803dbf6109fd6a4ab2c3c29e9c4d60ed09cf69a7d5a7ce4cb56a10,1,1500402,1510692,positive_contribution_cov/budget_1024/robust,positive_contribution_cov,1024,robust,1,mixed_far,8192,0.023676247515557726,0.0009070344186492864,0.030117012113576046,0.12544368321018318,1.0,0.031593760231046895,0.1690926769410288,0.16691327612644433,,,,0.0,0.014680309347381505,0.0003194462654590363,0.964111328125,0.14775426195912128,0.028281240569550822,0.794677734375,0.15317871912086511,0.03061607996918897,0.763916015625,"[0,2,6,8,15,16,21,27]",877,0.0010356058270384345,0.625,0.16126572166007497,0.09264939910765771
F15-ND01 development diagnostic; original F15 result unchanged,v2/work_logs/F15_ND01_v1_run1/evaluation_attempt_1/search_1_evaluation.json,4987acc9c0803dbf6109fd6a4ab2c3c29e9c4d60ed09cf69a7d5a7ce4cb56a10,1,1500402,1510692,positive_contribution_cov/budget_1024/robust,positive_contribution_cov,1024,robust,1,preserve_other,8192,0.024742452776037788,0.0009514763570392477,0.030846010390960573,0.14810176988814083,0.9322509765625,0.028024467097670556,0.16811119576760666,0.17162295529055654,,,,0.0677490234375,0.013354682245649724,0.0002711124149086821,0.96630859375,0.14685757077697675,0.02843123846199062,0.5567626953125,0.013594479820319996,0.00028010681010415776,0.96142578125,"[0,2,6,8,15,16,21,27]",877,0.0010356058270384345,0.625,0.16126572166007497,0.09264939910765771
F15-ND01 development diagnostic; original F15 result unchanged,v2/work_logs/F15_ND01_v1_run1/evaluation_attempt_1/search_1_evaluation.json,4987acc9c0803dbf6109fd6a4ab2c3c29e9c4d60ed09cf69a7d5a7ce4cb56a10,1,1500402,1510692,positive_contribution_cov/budget_1024/robust,positive_contribution_cov,1024,robust,1,equal_target,8192,0.027441392746630645,0.001199279118441021,0.03463060955918941,0.12571186733615675,0.9241943359375,0.0362932966561742,1.6556729224450024e-17,0.036293296656174194,0.036293296656174194,,,0.0758056640625,0.014762498002511565,0.00032263563993039946,0.962890625,0.014762498002511563,0.00032263563993039946,0.962890625,0.1515652955761089,0.030036332437208053,0.5452880859375,"[0,2,6,8,15,16,21,27]",877,0.0010356058270384345,0.625,0.16126572166007497,0.09264939910765771
F15-ND01 development diagnostic; original F15 result unchanged,v2/work_logs/F15_ND01_v1_run1/evaluation_attempt_1/search_1_evaluation.json,4987acc9c0803dbf6109fd6a4ab2c3c29e9c4d60ed09cf69a7d5a7ce4cb56a10,1,1500402,1510692,positive_contribution_cov/budget_1024/robust,positive_contribution_cov,1024,robust,1,scale_separating,8192,0.029292193916219744,0.00132759259080319,0.03643614401666551,0.15212554456006072,0.9259033203125,0.03692510423472931,0.18806879405935023,0.19795153151349473,,,,0.0740966796875,0.013891942415372248,0.00028660480109731596,0.966796875,0.1679470518384586,0.03630352145971401,0.5328369140625,0.14702728605862503,0.030955230360271396,0.5985107421875,"[0,2,6,8,15,16,21,27]",877,0.0010356058270384345,0.625,0.16126572166007497,0.09264939910765771
F15-ND01 development diagnostic; original F15 result unchanged,v2/work_logs/F15_ND01_v1_run1/evaluation_attempt_1/search_1_evaluation.json,4987acc9c0803dbf6109fd6a4ab2c3c29e9c4d60ed09cf69a7d5a7ce4cb56a10,1,1500402,1510692,positive_contribution_cov/budget_128/frozen_mse,positive_contribution_cov,128,frozen_mse,0,mixed_near,8192,0.04091731046225442,0.0027394573211533602,0.05233982538329069,0.183412422779327,0.6502685546875,0.053474848989165734,0.16372034344731234,0.19227740564608678,,,,0.3497314453125,0.013877382445922126,0.0002884431031217159,0.99853515625,0.15240298701480035,0.028589177747052653,0.4842529296875,0.15160845237959014,0.028330434003952083,0.471435546875,"[6,9,12,16,17,19,24,30]",90,0.0022770831660528005,1.1830357142857144,0.1730912735043126,0.15522565380765316
F15-ND01 development diagnostic; original F15 result unchanged,v2/work_logs/F15_ND01_v1_run1/evaluation_attempt_1/search_1_evaluation.json,4987acc9c0803dbf6109fd6a4ab2c3c29e9c4d60ed09cf69a7d5a7ce4cb56a10,1,1500402,1510692,positive_contribution_cov/budget_128/frozen_mse,positive_contribution_cov,128,frozen_mse,0,mixed_far,8192,0.041141863990355236,0.0027028896667914996,0.051989322622933834,0.20034356560777689,0.99951171875,0.05204373953316373,0.1703943794507933,0.1749136462206053,,,,0.00048828125,0.013834841167543835,0.00028418084047228073,0.9637451171875,0.1540506695419378,0.03081563760380392,0.765380859375,0.14736909163293582,0.028196278839152142,0.7911376953125,"[6,9,12,16,17,19,24,30]",90,0.0022770831660528005,1.1830357142857144,0.1730912735043126,0.15522565380765316
F15-ND01 development diagnostic; original F15 result unchanged,v2/work_logs/F15_ND01_v1_run1/evaluation_attempt_1/search_1_evaluation.json,4987acc9c0803dbf6109fd6a4ab2c3c29e9c4d60ed09cf69a7d5a7ce4cb56a10,1,1500402,1510692,positive_contribution_cov/budget_128/frozen_mse,positive_contribution_cov,128,frozen_mse,0,preserve_other,8192,0.029024476825755454,0.0012870618634070108,0.03587564443194032,0.12480378716143814,0.93115234375,0.03775696392775715,0.16974153610916123,0.17960747224353849,,,,0.06884765625,0.014927441506961556,0.00032956080634079563,0.9659423828125,0.1537358055207509,0.03090703594901861,0.53955078125,0.014760453713511729,0.0003299913046500159,0.9656982421875,"[6,9,12,16,17,19,24,30]",90,0.0022770831660528005,1.1830357142857144,0.1730912735043126,0.15522565380765316
F15-ND01 development diagnostic; original F15 result unchanged,v2/work_logs/F15_ND01_v1_run1/evaluation_attempt_1/search_1_evaluation.json,4987acc9c0803dbf6109fd6a4ab2c3c29e9c4d60ed09cf69a7d5a7ce4cb56a10,1,1500402,1510692,positive_contribution_cov/budget_128/frozen_mse,positive_contribution_cov,128,frozen_mse,0,equal_target,8192,0.03930012741721982,0.0025390173896200213,0.05038866330455712,0.18025727903846595,0.8907470703125,0.049857414479358576,1.785480517796272e-17,0.049857414479358576,0.049857414479358576,,,0.1092529296875,0.013273760611965266,0.0002680014726357295,0.9661865234375,0.013273760611965266,0.00026800147263572957,0.9661865234375,0.1507144301398678,0.02979317346136231,0.5557861328125,"[6,9,12,16,17,19,24,30]",90,0.0022770831660528005,1.1830357142857144,0.1730912735043126,0.15522565380765316
F15-ND01 development diagnostic; original F15 result unchanged,v2/work_logs/F15_ND01_v1_run1/evaluation_attempt_1/search_1_evaluation.json,4987acc9c0803dbf6109fd6a4ab2c3c29e9c4d60ed09cf69a7d5a7ce4cb56a10,1,1500402,1510692,positive_contribution_cov/budget_128/frozen_mse,positive_contribution_cov,128,frozen_mse,0,scale_separating,8192,0.0407452511452602,0.0027034883646941416,0.05199508019701616,0.19540693142026755,0.8873291015625,0.05303356779742705,0.18767197478923103,0.20777334110954498,,,,0.1126708984375,0.014478858226959362,0.00031054894125244687,0.970703125,0.17078276946071028,0.03737557438620178,0.5267333984375,0.14360131105561877,0.029819049232582426,0.6148681640625,"[6,9,12,16,17,19,24,30]",90,0.0022770831660528005,1.1830357142857144,0.1730912735043126,0.15522565380765316
F15-ND01 development diagnostic; original F15 result unchanged,v2/work_logs/F15_ND01_v1_run1/evaluation_attempt_1/search_1_evaluation.json,4987acc9c0803dbf6109fd6a4ab2c3c29e9c4d60ed09cf69a7d5a7ce4cb56a10,1,1500402,1510692,positive_contribution_cov/budget_128/frozen_mse,positive_contribution_cov,128,frozen_mse,1,mixed_near,8192,0.02374270582241579,0.0009181585541347328,0.030301131235231676,0.13846208287854167,0.7374267578125,0.028662341663172643,0.16419687676696124,0.17019568982082361,,,,0.2625732421875,0.013742167069671627,0.00028725291086048534,0.997314453125,0.1535286002983916,0.02882042591058663,0.4852294921875,0.15252346525990484,0.02861188235614595,0.4683837890625,"[0,2,6,8,10,21,22,27]",96,0.0009284082631081214,0.6919642857142858,0.15558083706637385,0.08265276990506105
F15-ND01 development diagnostic; original F15 result unchanged,v2/work_logs/F15_ND01_v1_run1/evaluation_attempt_1/search_1_evaluation.json,4987acc9c0803dbf6109fd6a4ab2c3c29e9c4d60ed09cf69a7d5a7ce4cb56a10,1,1500402,1510692,positive_contribution_cov/budget_128/frozen_mse,positive_contribution_cov,128,frozen_mse,1,mixed_far,8192,0.020678351171142372,0.0006814065140126415,0.02610376436479309,0.1044372979768729,1.0,0.02614027820284859,0.1690926769410288,0.1676080513705157,,,,0.0,0.014680309347381505,0.0003194462654590363,0.964111328125,0.14775426195912128,0.028281240569550822,0.794677734375,0.15317871912086511,0.03061607996918897,0.763916015625,"[0,2,6,8,10,21,22,27]",96,0.0009284082631081214,0.6919642857142858,0.15558083706637385,0.08265276990506105
F15-ND01 development diagnostic; original F15 result unchanged,v2/work_logs/F15_ND01_v1_run1/evaluation_attempt_1/search_1_evaluation.json,4987acc9c0803dbf6109fd6a4ab2c3c29e9c4d60ed09cf69a7d5a7ce4cb56a10,1,1500402,1510692,positive_contribution_cov/budget_128/frozen_mse,positive_contribution_cov,128,frozen_mse,1,preserve_other,8192,0.023990450143934146,0.0008915077583508781,0.029858127174202973,0.14993424029655134,0.9403076171875,0.0262691562935965,0.16811119576760666,0.17082239015643866,,,,0.0596923828125,0.013354682245649724,0.0002711124149086821,0.96630859375,0.14685757077697675,0.02843123846199062,0.5567626953125,0.013594479820319996,0.00028010681010415776,0.96142578125,"[0,2,6,8,10,21,22,27]",96,0.0009284082631081214,0.6919642857142858,0.15558083706637385,0.08265276990506105
F15-ND01 development diagnostic; original F15 result unchanged,v2/work_logs/F15_ND01_v1_run1/evaluation_attempt_1/search_1_evaluation.json,4987acc9c0803dbf6109fd6a4ab2c3c29e9c4d60ed09cf69a7d5a7ce4cb56a10,1,1500402,1510692,positive_contribution_cov/budget_128/frozen_mse,positive_contribution_cov,128,frozen_mse,1,equal_target,8192,0.024102392821393023,0.0009071943462911297,0.030119667101266737,0.1168529860961866,0.9359130859375,0.030952962585754775,1.6556729224450024e-17,0.030952962585754775,0.030952962585754775,,,0.0640869140625,0.014762498002511565,0.00032263563993039946,0.962890625,0.014762498002511563,0.00032263563993039946,0.962890625,0.1515652955761089,0.030036332437208053,0.5452880859375,"[0,2,6,8,10,21,22,27]",96,0.0009284082631081214,0.6919642857142858,0.15558083706637385,0.08265276990506105
F15-ND01 development diagnostic; original F15 result unchanged,v2/work_logs/F15_ND01_v1_run1/evaluation_attempt_1/search_1_evaluation.json,4987acc9c0803dbf6109fd6a4ab2c3c29e9c4d60ed09cf69a7d5a7ce4cb56a10,1,1500402,1510692,positive_contribution_cov/budget_128/frozen_mse,positive_contribution_cov,128,frozen_mse,1,scale_separating,8192,0.026226964930220063,0.0010611416205976135,0.032575168773125544,0.13253145679687117,0.9385986328125,0.031386255240304646,0.18806879405935023,0.19457780436477234,,,,0.0614013671875,0.013891942415372248,0.00028660480109731596,0.966796875,0.1679470518384586,0.03630352145971401,0.5328369140625,0.14702728605862503,0.030955230360271396,0.5985107421875,"[0,2,6,8,10,21,22,27]",96,0.0009284082631081214,0.6919642857142858,0.15558083706637385,0.08265276990506105
F15-ND01 development diagnostic; original F15 result unchanged,v2/work_logs/F15_ND01_v1_run1/evaluation_attempt_1/search_1_evaluation.json,4987acc9c0803dbf6109fd6a4ab2c3c29e9c4d60ed09cf69a7d5a7ce4cb56a10,1,1500402,1510692,positive_contribution_cov/budget_128/robust,positive_contribution_cov,128,robust,0,mixed_near,8192,0.0399769739764652,0.0026471001263021405,0.05144997693198842,0.18705330289016842,0.652099609375,0.052085525145730366,0.16372034344731234,0.18375892057929685,,,,0.347900390625,0.013877382445922126,0.0002884431031217159,0.99853515625,0.15240298701480035,0.028589177747052653,0.4842529296875,0.15160845237959014,0.028330434003952083,0.471435546875,"[2,6,9,12,19,23,24,30]",105,0.0024471320065338796,1.049107142857143,0.18001900993501685,0.16148153991518827
F15-ND01 development diagnostic; original F15 result unchanged,v2/work_logs/F15_ND01_v1_run1/evaluation_attempt_1/search_1_evaluation.json,4987acc9c0803dbf6109fd6a4ab2c3c29e9c4d60ed09cf69a7d5a7ce4cb56a10,1,1500402,1510692,positive_contribution_cov/budget_128/robust,positive_contribution_cov,128,robust,0,mixed_far,8192,0.04507838079519502,0.003097634317946737,0.055656395121735446,0.19158470724844873,0.998779296875,0.05472749668972658,0.1703943794507933,0.1708279506741675,,,,0.001220703125,0.013834841167543835,0.00028418084047228073,0.9637451171875,0.1540506695419378,0.03081563760380392,0.765380859375,0.14736909163293582,0.028196278839152142,0.7911376953125,"[2,6,9,12,19,23,24,30]",105,0.0024471320065338796,1.049107142857143,0.18001900993501685,0.16148153991518827
F15-ND01 development diagnostic; original F15 result unchanged,v2/work_logs/F15_ND01_v1_run1/evaluation_attempt_1/search_1_evaluation.json,4987acc9c0803dbf6109fd6a4ab2c3c29e9c4d60ed09cf69a7d5a7ce4cb56a10,1,1500402,1510692,positive_contribution_cov/budget_128/robust,positive_contribution_cov,128,robust,0,preserve_other,8192,0.03352056348093056,0.0017089796052808886,0.041339806546244126,0.13722147458475836,0.9208984375,0.04296874769763862,0.16974153610916123,0.1768585097542995,,,,0.0791015625,0.014927441506961556,0.00032956080634079563,0.9659423828125,0.1537358055207509,0.03090703594901861,0.53955078125,0.014760453713511729,0.0003299913046500159,0.9656982421875,"[2,6,9,12,19,23,24,30]",105,0.0024471320065338796,1.049107142857143,0.18001900993501685,0.16148153991518827
F15-ND01 development diagnostic; original F15 result unchanged,v2/work_logs/F15_ND01_v1_run1/evaluation_attempt_1/search_1_evaluation.json,4987acc9c0803dbf6109fd6a4ab2c3c29e9c4d60ed09cf69a7d5a7ce4cb56a10,1,1500402,1510692,positive_contribution_cov/budget_128/robust,positive_contribution_cov,128,robust,0,equal_target,8192,0.03786524419635953,0.002470450303991522,0.04970362465647271,0.18779532160841478,0.9024658203125,0.04841978217768743,1.785480517796272e-17,0.04841978217768743,0.04841978217768743,,,0.0975341796875,0.013273760611965266,0.0002680014726357295,0.9661865234375,0.013273760611965266,0.00026800147263572957,0.9661865234375,0.1507144301398678,0.02979317346136231,0.5557861328125,"[2,6,9,12,19,23,24,30]",105,0.0024471320065338796,1.049107142857143,0.18001900993501685,0.16148153991518827
F15-ND01 development diagnostic; original F15 result unchanged,v2/work_logs/F15_ND01_v1_run1/evaluation_attempt_1/search_1_evaluation.json,4987acc9c0803dbf6109fd6a4ab2c3c29e9c4d60ed09cf69a7d5a7ce4cb56a10,1,1500402,1510692,positive_contribution_cov/budget_128/robust,positive_contribution_cov,128,robust,0,scale_separating,8192,0.04210738912876079,0.0028206425596423584,0.053109721893852525,0.1885690262161417,0.8895263671875,0.05347568351701666,0.18767197478923103,0.20301717483799908,,,,0.1104736328125,0.014478858226959362,0.00031054894125244687,0.970703125,0.17078276946071028,0.03737557438620178,0.5267333984375,0.14360131105561877,0.029819049232582426,0.6148681640625,"[2,6,9,12,19,23,24,30]",105,0.0024471320065338796,1.049107142857143,0.18001900993501685,0.16148153991518827
F15-ND01 development diagnostic; original F15 result unchanged,v2/work_logs/F15_ND01_v1_run1/evaluation_attempt_1/search_1_evaluation.json,4987acc9c0803dbf6109fd6a4ab2c3c29e9c4d60ed09cf69a7d5a7ce4cb56a10,1,1500402,1510692,positive_contribution_cov/budget_128/robust,positive_contribution_cov,128,robust,1,mixed_near,8192,0.02374270582241579,0.0009181585541347328,0.030301131235231676,0.13846208287854167,0.7374267578125,0.028662341663172643,0.16419687676696124,0.17019568982082361,,,,0.2625732421875,0.013742167069671627,0.00028725291086048534,0.997314453125,0.1535286002983916,0.02882042591058663,0.4852294921875,0.15252346525990484,0.02861188235614595,0.4683837890625,"[0,2,6,8,10,21,22,27]",96,0.0009284082631081214,0.6919642857142858,0.15558083706637385,0.08265276990506105
F15-ND01 development diagnostic; original F15 result unchanged,v2/work_logs/F15_ND01_v1_run1/evaluation_attempt_1/search_1_evaluation.json,4987acc9c0803dbf6109fd6a4ab2c3c29e9c4d60ed09cf69a7d5a7ce4cb56a10,1,1500402,1510692,positive_contribution_cov/budget_128/robust,positive_contribution_cov,128,robust,1,mixed_far,8192,0.020678351171142372,0.0006814065140126415,0.02610376436479309,0.1044372979768729,1.0,0.02614027820284859,0.1690926769410288,0.1676080513705157,,,,0.0,0.014680309347381505,0.0003194462654590363,0.964111328125,0.14775426195912128,0.028281240569550822,0.794677734375,0.15317871912086511,0.03061607996918897,0.763916015625,"[0,2,6,8,10,21,22,27]",96,0.0009284082631081214,0.6919642857142858,0.15558083706637385,0.08265276990506105
F15-ND01 development diagnostic; original F15 result unchanged,v2/work_logs/F15_ND01_v1_run1/evaluation_attempt_1/search_1_evaluation.json,4987acc9c0803dbf6109fd6a4ab2c3c29e9c4d60ed09cf69a7d5a7ce4cb56a10,1,1500402,1510692,positive_contribution_cov/budget_128/robust,positive_contribution_cov,128,robust,1,preserve_other,8192,0.023990450143934146,0.0008915077583508781,0.029858127174202973,0.14993424029655134,0.9403076171875,0.0262691562935965,0.16811119576760666,0.17082239015643866,,,,0.0596923828125,0.013354682245649724,0.0002711124149086821,0.96630859375,0.14685757077697675,0.02843123846199062,0.5567626953125,0.013594479820319996,0.00028010681010415776,0.96142578125,"[0,2,6,8,10,21,22,27]",96,0.0009284082631081214,0.6919642857142858,0.15558083706637385,0.08265276990506105
F15-ND01 development diagnostic; original F15 result unchanged,v2/work_logs/F15_ND01_v1_run1/evaluation_attempt_1/search_1_evaluation.json,4987acc9c0803dbf6109fd6a4ab2c3c29e9c4d60ed09cf69a7d5a7ce4cb56a10,1,1500402,1510692,positive_contribution_cov/budget_128/robust,positive_contribution_cov,128,robust,1,equal_target,8192,0.024102392821393023,0.0009071943462911297,0.030119667101266737,0.1168529860961866,0.9359130859375,0.030952962585754775,1.6556729224450024e-17,0.030952962585754775,0.030952962585754775,,,0.0640869140625,0.014762498002511565,0.00032263563993039946,0.962890625,0.014762498002511563,0.00032263563993039946,0.962890625,0.1515652955761089,0.030036332437208053,0.5452880859375,"[0,2,6,8,10,21,22,27]",96,0.0009284082631081214,0.6919642857142858,0.15558083706637385,0.08265276990506105
F15-ND01 development diagnostic; original F15 result unchanged,v2/work_logs/F15_ND01_v1_run1/evaluation_attempt_1/search_1_evaluation.json,4987acc9c0803dbf6109fd6a4ab2c3c29e9c4d60ed09cf69a7d5a7ce4cb56a10,1,1500402,1510692,positive_contribution_cov/budget_128/robust,positive_contribution_cov,128,robust,1,scale_separating,8192,0.026226964930220063,0.0010611416205976135,0.032575168773125544,0.13253145679687117,0.9385986328125,0.031386255240304646,0.18806879405935023,0.19457780436477234,,,,0.0614013671875,0.013891942415372248,0.00028660480109731596,0.966796875,0.1679470518384586,0.03630352145971401,0.5328369140625,0.14702728605862503,0.030955230360271396,0.5985107421875,"[0,2,6,8,10,21,22,27]",96,0.0009284082631081214,0.6919642857142858,0.15558083706637385,0.08265276990506105
F15-ND01 development diagnostic; original F15 result unchanged,v2/work_logs/F15_ND01_v1_run1/evaluation_attempt_1/search_1_evaluation.json,4987acc9c0803dbf6109fd6a4ab2c3c29e9c4d60ed09cf69a7d5a7ce4cb56a10,1,1500402,1510692,uniform/budget_1024/frozen_mse,uniform,1024,frozen_mse,0,mixed_near,8192,0.053107896466295046,0.004219240091408657,0.06495567789969293,0.2115914478094134,0.612548828125,0.06238512152654941,0.16372034344731234,0.1497440275609532,,,,0.387451171875,0.013877382445922126,0.0002884431031217159,0.99853515625,0.15240298701480035,0.028589177747052653,0.4842529296875,0.15160845237959014,0.028330434003952083,0.471435546875,"[4,6,9,12,16,24,28,31]",368,0.003493148381491544,1.1607142857142858,0.23002765133173933,0.17893309004358762
F15-ND01 development diagnostic; original F15 result unchanged,v2/work_logs/F15_ND01_v1_run1/evaluation_attempt_1/search_1_evaluation.json,4987acc9c0803dbf6109fd6a4ab2c3c29e9c4d60ed09cf69a7d5a7ce4cb56a10,1,1500402,1510692,uniform/budget_1024/frozen_mse,uniform,1024,frozen_mse,0,mixed_far,8192,0.045695056323408714,0.0033222821262035747,0.05763924120079631,0.20619849015268343,0.997802734375,0.05534172996484611,0.1703943794507933,0.16005067919562024,,,,0.002197265625,0.013834841167543835,0.00028418084047228073,0.9637451171875,0.1540506695419378,0.03081563760380392,0.765380859375,0.14736909163293582,0.028196278839152142,0.7911376953125,"[4,6,9,12,16,24,28,31]",368,0.003493148381491544,1.1607142857142858,0.23002765133173933,0.17893309004358762
F15-ND01 development diagnostic; original F15 result unchanged,v2/work_logs/F15_ND01_v1_run1/evaluation_attempt_1/search_1_evaluation.json,4987acc9c0803dbf6109fd6a4ab2c3c29e9c4d60ed09cf69a7d5a7ce4cb56a10,1,1500402,1510692,uniform/budget_1024/frozen_mse,uniform,1024,frozen_mse,0,preserve_other,8192,0.04749625443512944,0.003432515521054227,0.058587673797943426,0.18379076325037436,0.880859375,0.056466420184946665,0.16974153610916123,0.1610972065430001,,,,0.119140625,0.014927441506961556,0.00032956080634079563,0.9659423828125,0.1537358055207509,0.03090703594901861,0.53955078125,0.014760453713511729,0.0003299913046500159,0.9656982421875,"[4,6,9,12,16,24,28,31]",368,0.003493148381491544,1.1607142857142858,0.23002765133173933,0.17893309004358762
F15-ND01 development diagnostic; original F15 result unchanged,v2/work_logs/F15_ND01_v1_run1/evaluation_attempt_1/search_1_evaluation.json,4987acc9c0803dbf6109fd6a4ab2c3c29e9c4d60ed09cf69a7d5a7ce4cb56a10,1,1500402,1510692,uniform/budget_1024/frozen_mse,uniform,1024,frozen_mse,0,equal_target,8192,0.04189303863763155,0.0027114078249722605,0.05207118036853266,0.20580772795483637,0.9027099609375,0.051989704395439665,1.785480517796272e-17,0.051989704395439665,0.051989704395439665,,,0.0972900390625,0.013273760611965266,0.0002680014726357295,0.9661865234375,0.013273760611965266,0.00026800147263572957,0.9661865234375,0.1507144301398678,0.02979317346136231,0.5557861328125,"[4,6,9,12,16,24,28,31]",368,0.003493148381491544,1.1607142857142858,0.23002765133173933,0.17893309004358762
F15-ND01 development diagnostic; original F15 result unchanged,v2/work_logs/F15_ND01_v1_run1/evaluation_attempt_1/search_1_evaluation.json,4987acc9c0803dbf6109fd6a4ab2c3c29e9c4d60ed09cf69a7d5a7ce4cb56a10,1,1500402,1510692,uniform/budget_1024/frozen_mse,uniform,1024,frozen_mse,0,scale_separating,8192,0.048395061674550335,0.0035397598488190844,0.05949588093993637,0.1843433620780584,0.8697509765625,0.05656405323516208,0.18767197478923103,0.1734967953032911,,,,0.1302490234375,0.014478858226959362,0.00031054894125244687,0.970703125,0.17078276946071028,0.03737557438620178,0.5267333984375,0.14360131105561877,0.029819049232582426,0.6148681640625,"[4,6,9,12,16,24,28,31]",368,0.003493148381491544,1.1607142857142858,0.23002765133173933,0.17893309004358762
F15-ND01 development diagnostic; original F15 result unchanged,v2/work_logs/F15_ND01_v1_run1/evaluation_attempt_1/search_1_evaluation.json,4987acc9c0803dbf6109fd6a4ab2c3c29e9c4d60ed09cf69a7d5a7ce4cb56a10,1,1500402,1510692,uniform/budget_1024/frozen_mse,uniform,1024,frozen_mse,1,mixed_near,8192,0.034304829285305545,0.0018129271083312287,0.042578481752303346,0.18204986374231646,0.669921875,0.03827804749293297,0.16419687676696124,0.1586943773715162,,,,0.330078125,0.013742167069671627,0.00028725291086048534,0.997314453125,0.1535286002983916,0.02882042591058663,0.4852294921875,0.15252346525990484,0.02861188235614595,0.4683837890625,"[5,6,10,13,17,21,23,27]",39,0.0017460425174220342,0.8928571428571429,0.2066306791474502,0.11142756742027131
F15-ND01 development diagnostic; original F15 result unchanged,v2/work_logs/F15_ND01_v1_run1/evaluation_attempt_1/search_1_evaluation.json,4987acc9c0803dbf6109fd6a4ab2c3c29e9c4d60ed09cf69a7d5a7ce4cb56a10,1,1500402,1510692,uniform/budget_1024/frozen_mse,uniform,1024,frozen_mse,1,mixed_far,8192,0.02759050002272885,0.0012110597615817794,0.034800283929614415,0.14335206704462733,1.0,0.035742402705015476,0.1690926769410288,0.1621736179525155,,,,0.0,0.014680309347381505,0.0003194462654590363,0.964111328125,0.14775426195912128,0.028281240569550822,0.794677734375,0.15317871912086511,0.03061607996918897,0.763916015625,"[5,6,10,13,17,21,23,27]",39,0.0017460425174220342,0.8928571428571429,0.2066306791474502,0.11142756742027131
F15-ND01 development diagnostic; original F15 result unchanged,v2/work_logs/F15_ND01_v1_run1/evaluation_attempt_1/search_1_evaluation.json,4987acc9c0803dbf6109fd6a4ab2c3c29e9c4d60ed09cf69a7d5a7ce4cb56a10,1,1500402,1510692,uniform/budget_1024/frozen_mse,uniform,1024,frozen_mse,1,preserve_other,8192,0.035408973678009784,0.0019651260963992174,0.04432974279644782,0.1884213022206384,0.8984375,0.04053357880096561,0.16811119576760666,0.16591478594421488,,,,0.1015625,0.013354682245649724,0.0002711124149086821,0.96630859375,0.14685757077697675,0.02843123846199062,0.5567626953125,0.013594479820319996,0.00028010681010415776,0.96142578125,"[5,6,10,13,17,21,23,27]",39,0.0017460425174220342,0.8928571428571429,0.2066306791474502,0.11142756742027131
F15-ND01 development diagnostic; original F15 result unchanged,v2/work_logs/F15_ND01_v1_run1/evaluation_attempt_1/search_1_evaluation.json,4987acc9c0803dbf6109fd6a4ab2c3c29e9c4d60ed09cf69a7d5a7ce4cb56a10,1,1500402,1510692,uniform/budget_1024/frozen_mse,uniform,1024,frozen_mse,1,equal_target,8192,0.034425090620464914,0.0017935314389511442,0.042350105536481775,0.13653015683152359,0.908447265625,0.043178356488791744,1.6556729224450024e-17,0.043178356488791744,0.043178356488791744,,,0.091552734375,0.014762498002511565,0.00032263563993039946,0.962890625,0.014762498002511563,0.00032263563993039946,0.962890625,0.1515652955761089,0.030036332437208053,0.5452880859375,"[5,6,10,13,17,21,23,27]",39,0.0017460425174220342,0.8928571428571429,0.2066306791474502,0.11142756742027131
F15-ND01 development diagnostic; original F15 result unchanged,v2/work_logs/F15_ND01_v1_run1/evaluation_attempt_1/search_1_evaluation.json,4987acc9c0803dbf6109fd6a4ab2c3c29e9c4d60ed09cf69a7d5a7ce4cb56a10,1,1500402,1510692,uniform/budget_1024/frozen_mse,uniform,1024,frozen_mse,1,scale_separating,8192,0.035539187469140025,0.00197382519912811,0.044427752577956385,0.1929329140378509,0.9119873046875,0.04360393355347143,0.18806879405935023,0.19032006872562912,,,,0.0880126953125,0.013891942415372248,0.00028660480109731596,0.966796875,0.1679470518384586,0.03630352145971401,0.5328369140625,0.14702728605862503,0.030955230360271396,0.5985107421875,"[5,6,10,13,17,21,23,27]",39,0.0017460425174220342,0.8928571428571429,0.2066306791474502,0.11142756742027131
F15-ND01 development diagnostic; original F15 result unchanged,v2/work_logs/F15_ND01_v1_run1/evaluation_attempt_1/search_1_evaluation.json,4987acc9c0803dbf6109fd6a4ab2c3c29e9c4d60ed09cf69a7d5a7ce4cb56a10,1,1500402,1510692,uniform/budget_1024/robust,uniform,1024,robust,0,mixed_near,8192,0.053107896466295046,0.004219240091408657,0.06495567789969293,0.2115914478094134,0.612548828125,0.06238512152654941,0.16372034344731234,0.1497440275609532,,,,0.387451171875,0.013877382445922126,0.0002884431031217159,0.99853515625,0.15240298701480035,0.028589177747052653,0.4842529296875,0.15160845237959014,0.028330434003952083,0.471435546875,"[4,6,9,12,16,24,28,31]",368,0.003493148381491544,1.1607142857142858,0.23002765133173933,0.17893309004358762
F15-ND01 development diagnostic; original F15 result unchanged,v2/work_logs/F15_ND01_v1_run1/evaluation_attempt_1/search_1_evaluation.json,4987acc9c0803dbf6109fd6a4ab2c3c29e9c4d60ed09cf69a7d5a7ce4cb56a10,1,1500402,1510692,uniform/budget_1024/robust,uniform,1024,robust,0,mixed_far,8192,0.045695056323408714,0.0033222821262035747,0.05763924120079631,0.20619849015268343,0.997802734375,0.05534172996484611,0.1703943794507933,0.16005067919562024,,,,0.002197265625,0.013834841167543835,0.00028418084047228073,0.9637451171875,0.1540506695419378,0.03081563760380392,0.765380859375,0.14736909163293582,0.028196278839152142,0.7911376953125,"[4,6,9,12,16,24,28,31]",368,0.003493148381491544,1.1607142857142858,0.23002765133173933,0.17893309004358762
F15-ND01 development diagnostic; original F15 result unchanged,v2/work_logs/F15_ND01_v1_run1/evaluation_attempt_1/search_1_evaluation.json,4987acc9c0803dbf6109fd6a4ab2c3c29e9c4d60ed09cf69a7d5a7ce4cb56a10,1,1500402,1510692,uniform/budget_1024/robust,uniform,1024,robust,0,preserve_other,8192,0.04749625443512944,0.003432515521054227,0.058587673797943426,0.18379076325037436,0.880859375,0.056466420184946665,0.16974153610916123,0.1610972065430001,,,,0.119140625,0.014927441506961556,0.00032956080634079563,0.9659423828125,0.1537358055207509,0.03090703594901861,0.53955078125,0.014760453713511729,0.0003299913046500159,0.9656982421875,"[4,6,9,12,16,24,28,31]",368,0.003493148381491544,1.1607142857142858,0.23002765133173933,0.17893309004358762
F15-ND01 development diagnostic; original F15 result unchanged,v2/work_logs/F15_ND01_v1_run1/evaluation_attempt_1/search_1_evaluation.json,4987acc9c0803dbf6109fd6a4ab2c3c29e9c4d60ed09cf69a7d5a7ce4cb56a10,1,1500402,1510692,uniform/budget_1024/robust,uniform,1024,robust,0,equal_target,8192,0.04189303863763155,0.0027114078249722605,0.05207118036853266,0.20580772795483637,0.9027099609375,0.051989704395439665,1.785480517796272e-17,0.051989704395439665,0.051989704395439665,,,0.0972900390625,0.013273760611965266,0.0002680014726357295,0.9661865234375,0.013273760611965266,0.00026800147263572957,0.9661865234375,0.1507144301398678,0.02979317346136231,0.5557861328125,"[4,6,9,12,16,24,28,31]",368,0.003493148381491544,1.1607142857142858,0.23002765133173933,0.17893309004358762
F15-ND01 development diagnostic; original F15 result unchanged,v2/work_logs/F15_ND01_v1_run1/evaluation_attempt_1/search_1_evaluation.json,4987acc9c0803dbf6109fd6a4ab2c3c29e9c4d60ed09cf69a7d5a7ce4cb56a10,1,1500402,1510692,uniform/budget_1024/robust,uniform,1024,robust,0,scale_separating,8192,0.048395061674550335,0.0035397598488190844,0.05949588093993637,0.1843433620780584,0.8697509765625,0.05656405323516208,0.18767197478923103,0.1734967953032911,,,,0.1302490234375,0.014478858226959362,0.00031054894125244687,0.970703125,0.17078276946071028,0.03737557438620178,0.5267333984375,0.14360131105561877,0.029819049232582426,0.6148681640625,"[4,6,9,12,16,24,28,31]",368,0.003493148381491544,1.1607142857142858,0.23002765133173933,0.17893309004358762
F15-ND01 development diagnostic; original F15 result unchanged,v2/work_logs/F15_ND01_v1_run1/evaluation_attempt_1/search_1_evaluation.json,4987acc9c0803dbf6109fd6a4ab2c3c29e9c4d60ed09cf69a7d5a7ce4cb56a10,1,1500402,1510692,uniform/budget_1024/robust,uniform,1024,robust,1,mixed_near,8192,0.038423027719855944,0.002273478797109691,0.04768101086501513,0.18412170837300834,0.65380859375,0.0426284990517658,0.16419687676696124,0.15414622377559561,,,,0.34619140625,0.013742167069671627,0.00028725291086048534,0.997314453125,0.1535286002983916,0.02882042591058663,0.4852294921875,0.15252346525990484,0.02861188235614595,0.4683837890625,"[3,6,11,13,14,16,23,27]",958,0.0018857537567650872,0.7823484927510818,0.2419672801427933,0.12438537624822169
F15-ND01 development diagnostic; original F15 result unchanged,v2/work_logs/F15_ND01_v1_run1/evaluation_attempt_1/search_1_evaluation.json,4987acc9c0803dbf6109fd6a4ab2c3c29e9c4d60ed09cf69a7d5a7ce4cb56a10,1,1500402,1510692,uniform/budget_1024/robust,uniform,1024,robust,1,mixed_far,8192,0.03125606553812255,0.0015652677038331918,0.039563464254703376,0.141222595588121,1.0,0.03930480714188969,0.1690926769410288,0.1552809466155274,,,,0.0,0.014680309347381505,0.0003194462654590363,0.964111328125,0.14775426195912128,0.028281240569550822,0.794677734375,0.15317871912086511,0.03061607996918897,0.763916015625,"[3,6,11,13,14,16,23,27]",958,0.0018857537567650872,0.7823484927510818,0.2419672801427933,0.12438537624822169
F15-ND01 development diagnostic; original F15 result unchanged,v2/work_logs/F15_ND01_v1_run1/evaluation_attempt_1/search_1_evaluation.json,4987acc9c0803dbf6109fd6a4ab2c3c29e9c4d60ed09cf69a7d5a7ce4cb56a10,1,1500402,1510692,uniform/budget_1024/robust,uniform,1024,robust,1,preserve_other,8192,0.036274395612651576,0.002053830376167417,0.045319205378817236,0.20861540743085077,0.8948974609375,0.042029007507588145,0.16811119576760666,0.15862876862789319,,,,0.1051025390625,0.013354682245649724,0.0002711124149086821,0.96630859375,0.14685757077697675,0.02843123846199062,0.5567626953125,0.013594479820319996,0.00028010681010415776,0.96142578125,"[3,6,11,13,14,16,23,27]",958,0.0018857537567650872,0.7823484927510818,0.2419672801427933,0.12438537624822169
F15-ND01 development diagnostic; original F15 result unchanged,v2/work_logs/F15_ND01_v1_run1/evaluation_attempt_1/search_1_evaluation.json,4987acc9c0803dbf6109fd6a4ab2c3c29e9c4d60ed09cf69a7d5a7ce4cb56a10,1,1500402,1510692,uniform/budget_1024/robust,uniform,1024,robust,1,equal_target,8192,0.03401618605096132,0.0017640424672979859,0.04200050556002851,0.13865638093840266,0.9080810546875,0.04111445057387963,1.6556729224450024e-17,0.04111445057387963,0.04111445057387963,,,0.0919189453125,0.014762498002511565,0.00032263563993039946,0.962890625,0.014762498002511563,0.00032263563993039946,0.962890625,0.1515652955761089,0.030036332437208053,0.5452880859375,"[3,6,11,13,14,16,23,27]",958,0.0018857537567650872,0.7823484927510818,0.2419672801427933,0.12438537624822169
F15-ND01 development diagnostic; original F15 result unchanged,v2/work_logs/F15_ND01_v1_run1/evaluation_attempt_1/search_1_evaluation.json,4987acc9c0803dbf6109fd6a4ab2c3c29e9c4d60ed09cf69a7d5a7ce4cb56a10,1,1500402,1510692,uniform/budget_1024/robust,uniform,1024,robust,1,scale_separating,8192,0.03652306997305194,0.002110270419554195,0.045937679736292675,0.17850797190136855,0.905517578125,0.04338104358885692,0.18806879405935023,0.17864607807379407,,,,0.094482421875,0.013891942415372248,0.00028660480109731596,0.966796875,0.1679470518384586,0.03630352145971401,0.5328369140625,0.14702728605862503,0.030955230360271396,0.5985107421875,"[3,6,11,13,14,16,23,27]",958,0.0018857537567650872,0.7823484927510818,0.2419672801427933,0.12438537624822169
F15-ND01 development diagnostic; original F15 result unchanged,v2/work_logs/F15_ND01_v1_run1/evaluation_attempt_1/search_1_evaluation.json,4987acc9c0803dbf6109fd6a4ab2c3c29e9c4d60ed09cf69a7d5a7ce4cb56a10,1,1500402,1510692,uniform/budget_128/frozen_mse,uniform,128,frozen_mse,0,mixed_near,8192,0.06753778517063522,0.006939577058170694,0.08330412389654364,0.28792443390684747,0.592529296875,0.07981436257976357,0.16372034344731234,0.13052169716482578,,,,0.407470703125,0.013877382445922126,0.0002884431031217159,0.99853515625,0.15240298701480035,0.028589177747052653,0.4842529296875,0.15160845237959014,0.028330434003952083,0.471435546875,"[3,6,9,15,17,18,23,24]",58,0.005667038115109037,1.4194446992723146,0.2866625756077428,0.22507720314453872
F15-ND01 development diagnostic; original F15 result unchanged,v2/work_logs/F15_ND01_v1_run1/evaluation_attempt_1/search_1_evaluation.json,4987acc9c0803dbf6109fd6a4ab2c3c29e9c4d60ed09cf69a7d5a7ce4cb56a10,1,1500402,1510692,uniform/budget_128/frozen_mse,uniform,128,frozen_mse,0,mixed_far,8192,0.06116924823661793,0.006114541749481811,0.07819553535517108,0.3022550189212004,0.9803466796875,0.07459027843783501,0.1703943794507933,0.1431641830621819,,,,0.0196533203125,0.013834841167543835,0.00028418084047228073,0.9637451171875,0.1540506695419378,0.03081563760380392,0.765380859375,0.14736909163293582,0.028196278839152142,0.7911376953125,"[3,6,9,15,17,18,23,24]",58,0.005667038115109037,1.4194446992723146,0.2866625756077428,0.22507720314453872
F15-ND01 development diagnostic; original F15 result unchanged,v2/work_logs/F15_ND01_v1_run1/evaluation_attempt_1/search_1_evaluation.json,4987acc9c0803dbf6109fd6a4ab2c3c29e9c4d60ed09cf69a7d5a7ce4cb56a10,1,1500402,1510692,uniform/budget_128/frozen_mse,uniform,128,frozen_mse,0,preserve_other,8192,0.05770703700083964,0.005241810714113639,0.0724003502347443,0.24700219852456032,0.844970703125,0.07000370932301693,0.16974153610916123,0.14830926242473114,,,,0.155029296875,0.014927441506961556,0.00032956080634079563,0.9659423828125,0.1537358055207509,0.03090703594901861,0.53955078125,0.014760453713511729,0.0003299913046500159,0.9656982421875,"[3,6,9,15,17,18,23,24]",58,0.005667038115109037,1.4194446992723146,0.2866625756077428,0.22507720314453872
F15-ND01 development diagnostic; original F15 result unchanged,v2/work_logs/F15_ND01_v1_run1/evaluation_attempt_1/search_1_evaluation.json,4987acc9c0803dbf6109fd6a4ab2c3c29e9c4d60ed09cf69a7d5a7ce4cb56a10,1,1500402,1510692,uniform/budget_128/frozen_mse,uniform,128,frozen_mse,0,equal_target,8192,0.04787805049222394,0.003544248950074164,0.05953359513815846,0.21431602749806766,0.8848876953125,0.0579258292315023,1.785480517796272e-17,0.0579258292315023,0.0579258292315023,,,0.1151123046875,0.013273760611965266,0.0002680014726357295,0.9661865234375,0.013273760611965266,0.00026800147263572957,0.9661865234375,0.1507144301398678,0.02979317346136231,0.5557861328125,"[3,6,9,15,17,18,23,24]",58,0.005667038115109037,1.4194446992723146,0.2866625756077428,0.22507720314453872
F15-ND01 development diagnostic; original F15 result unchanged,v2/work_logs/F15_ND01_v1_run1/evaluation_attempt_1/search_1_evaluation.json,4987acc9c0803dbf6109fd6a4ab2c3c29e9c4d60ed09cf69a7d5a7ce4cb56a10,1,1500402,1510692,uniform/budget_128/frozen_mse,uniform,128,frozen_mse,0,scale_separating,8192,0.06179072097057088,0.005887247799785056,0.07672840282310753,0.2733952289677504,0.8231201171875,0.07317117436670463,0.18767197478923103,0.15964369718776691,,,,0.1768798828125,0.014478858226959362,0.00031054894125244687,0.970703125,0.17078276946071028,0.03737557438620178,0.5267333984375,0.14360131105561877,0.029819049232582426,0.6148681640625,"[3,6,9,15,17,18,23,24]",58,0.005667038115109037,1.4194446992723146,0.2866625756077428,0.22507720314453872
F15-ND01 development diagnostic; original F15 result unchanged,v2/work_logs/F15_ND01_v1_run1/evaluation_attempt_1/search_1_evaluation.json,4987acc9c0803dbf6109fd6a4ab2c3c29e9c4d60ed09cf69a7d5a7ce4cb56a10,1,1500402,1510692,uniform/budget_128/frozen_mse,uniform,128,frozen_mse,1,mixed_near,8192,0.034304829285305545,0.0018129271083312287,0.042578481752303346,0.18204986374231646,0.669921875,0.03827804749293297,0.16419687676696124,0.1586943773715162,,,,0.330078125,0.013742167069671627,0.00028725291086048534,0.997314453125,0.1535286002983916,0.02882042591058663,0.4852294921875,0.15252346525990484,0.02861188235614595,0.4683837890625,"[5,6,10,13,17,21,23,27]",39,0.0017460425174220342,0.8928571428571429,0.2066306791474502,0.11142756742027131
F15-ND01 development diagnostic; original F15 result unchanged,v2/work_logs/F15_ND01_v1_run1/evaluation_attempt_1/search_1_evaluation.json,4987acc9c0803dbf6109fd6a4ab2c3c29e9c4d60ed09cf69a7d5a7ce4cb56a10,1,1500402,1510692,uniform/budget_128/frozen_mse,uniform,128,frozen_mse,1,mixed_far,8192,0.02759050002272885,0.0012110597615817794,0.034800283929614415,0.14335206704462733,1.0,0.035742402705015476,0.1690926769410288,0.1621736179525155,,,,0.0,0.014680309347381505,0.0003194462654590363,0.964111328125,0.14775426195912128,0.028281240569550822,0.794677734375,0.15317871912086511,0.03061607996918897,0.763916015625,"[5,6,10,13,17,21,23,27]",39,0.0017460425174220342,0.8928571428571429,0.2066306791474502,0.11142756742027131
F15-ND01 development diagnostic; original F15 result unchanged,v2/work_logs/F15_ND01_v1_run1/evaluation_attempt_1/search_1_evaluation.json,4987acc9c0803dbf6109fd6a4ab2c3c29e9c4d60ed09cf69a7d5a7ce4cb56a10,1,1500402,1510692,uniform/budget_128/frozen_mse,uniform,128,frozen_mse,1,preserve_other,8192,0.035408973678009784,0.0019651260963992174,0.04432974279644782,0.1884213022206384,0.8984375,0.04053357880096561,0.16811119576760666,0.16591478594421488,,,,0.1015625,0.013354682245649724,0.0002711124149086821,0.96630859375,0.14685757077697675,0.02843123846199062,0.5567626953125,0.013594479820319996,0.00028010681010415776,0.96142578125,"[5,6,10,13,17,21,23,27]",39,0.0017460425174220342,0.8928571428571429,0.2066306791474502,0.11142756742027131
F15-ND01 development diagnostic; original F15 result unchanged,v2/work_logs/F15_ND01_v1_run1/evaluation_attempt_1/search_1_evaluation.json,4987acc9c0803dbf6109fd6a4ab2c3c29e9c4d60ed09cf69a7d5a7ce4cb56a10,1,1500402,1510692,uniform/budget_128/frozen_mse,uniform,128,frozen_mse,1,equal_target,8192,0.034425090620464914,0.0017935314389511442,0.042350105536481775,0.13653015683152359,0.908447265625,0.043178356488791744,1.6556729224450024e-17,0.043178356488791744,0.043178356488791744,,,0.091552734375,0.014762498002511565,0.00032263563993039946,0.962890625,0.014762498002511563,0.00032263563993039946,0.962890625,0.1515652955761089,0.030036332437208053,0.5452880859375,"[5,6,10,13,17,21,23,27]",39,0.0017460425174220342,0.8928571428571429,0.2066306791474502,0.11142756742027131
F15-ND01 development diagnostic; original F15 result unchanged,v2/work_logs/F15_ND01_v1_run1/evaluation_attempt_1/search_1_evaluation.json,4987acc9c0803dbf6109fd6a4ab2c3c29e9c4d60ed09cf69a7d5a7ce4cb56a10,1,1500402,1510692,uniform/budget_128/frozen_mse,uniform,128,frozen_mse,1,scale_separating,8192,0.035539187469140025,0.00197382519912811,0.044427752577956385,0.1929329140378509,0.9119873046875,0.04360393355347143,0.18806879405935023,0.19032006872562912,,,,0.0880126953125,0.013891942415372248,0.00028660480109731596,0.966796875,0.1679470518384586,0.03630352145971401,0.5328369140625,0.14702728605862503,0.030955230360271396,0.5985107421875,"[5,6,10,13,17,21,23,27]",39,0.0017460425174220342,0.8928571428571429,0.2066306791474502,0.11142756742027131
F15-ND01 development diagnostic; original F15 result unchanged,v2/work_logs/F15_ND01_v1_run1/evaluation_attempt_1/search_1_evaluation.json,4987acc9c0803dbf6109fd6a4ab2c3c29e9c4d60ed09cf69a7d5a7ce4cb56a10,1,1500402,1510692,uniform/budget_128/robust,uniform,128,robust,0,mixed_near,8192,0.06753778517063522,0.006939577058170694,0.08330412389654364,0.28792443390684747,0.592529296875,0.07981436257976357,0.16372034344731234,0.13052169716482578,,,,0.407470703125,0.013877382445922126,0.0002884431031217159,0.99853515625,0.15240298701480035,0.028589177747052653,0.4842529296875,0.15160845237959014,0.028330434003952083,0.471435546875,"[3,6,9,15,17,18,23,24]",58,0.005667038115109037,1.4194446992723146,0.2866625756077428,0.22507720314453872
F15-ND01 development diagnostic; original F15 result unchanged,v2/work_logs/F15_ND01_v1_run1/evaluation_attempt_1/search_1_evaluation.json,4987acc9c0803dbf6109fd6a4ab2c3c29e9c4d60ed09cf69a7d5a7ce4cb56a10,1,1500402,1510692,uniform/budget_128/robust,uniform,128,robust,0,mixed_far,8192,0.06116924823661793,0.006114541749481811,0.07819553535517108,0.3022550189212004,0.9803466796875,0.07459027843783501,0.1703943794507933,0.1431641830621819,,,,0.0196533203125,0.013834841167543835,0.00028418084047228073,0.9637451171875,0.1540506695419378,0.03081563760380392,0.765380859375,0.14736909163293582,0.028196278839152142,0.7911376953125,"[3,6,9,15,17,18,23,24]",58,0.005667038115109037,1.4194446992723146,0.2866625756077428,0.22507720314453872
F15-ND01 development diagnostic; original F15 result unchanged,v2/work_logs/F15_ND01_v1_run1/evaluation_attempt_1/search_1_evaluation.json,4987acc9c0803dbf6109fd6a4ab2c3c29e9c4d60ed09cf69a7d5a7ce4cb56a10,1,1500402,1510692,uniform/budget_128/robust,uniform,128,robust,0,preserve_other,8192,0.05770703700083964,0.005241810714113639,0.0724003502347443,0.24700219852456032,0.844970703125,0.07000370932301693,0.16974153610916123,0.14830926242473114,,,,0.155029296875,0.014927441506961556,0.00032956080634079563,0.9659423828125,0.1537358055207509,0.03090703594901861,0.53955078125,0.014760453713511729,0.0003299913046500159,0.9656982421875,"[3,6,9,15,17,18,23,24]",58,0.005667038115109037,1.4194446992723146,0.2866625756077428,0.22507720314453872
F15-ND01 development diagnostic; original F15 result unchanged,v2/work_logs/F15_ND01_v1_run1/evaluation_attempt_1/search_1_evaluation.json,4987acc9c0803dbf6109fd6a4ab2c3c29e9c4d60ed09cf69a7d5a7ce4cb56a10,1,1500402,1510692,uniform/budget_128/robust,uniform,128,robust,0,equal_target,8192,0.04787805049222394,0.003544248950074164,0.05953359513815846,0.21431602749806766,0.8848876953125,0.0579258292315023,1.785480517796272e-17,0.0579258292315023,0.0579258292315023,,,0.1151123046875,0.013273760611965266,0.0002680014726357295,0.9661865234375,0.013273760611965266,0.00026800147263572957,0.9661865234375,0.1507144301398678,0.02979317346136231,0.5557861328125,"[3,6,9,15,17,18,23,24]",58,0.005667038115109037,1.4194446992723146,0.2866625756077428,0.22507720314453872
F15-ND01 development diagnostic; original F15 result unchanged,v2/work_logs/F15_ND01_v1_run1/evaluation_attempt_1/search_1_evaluation.json,4987acc9c0803dbf6109fd6a4ab2c3c29e9c4d60ed09cf69a7d5a7ce4cb56a10,1,1500402,1510692,uniform/budget_128/robust,uniform,128,robust,0,scale_separating,8192,0.06179072097057088,0.005887247799785056,0.07672840282310753,0.2733952289677504,0.8231201171875,0.07317117436670463,0.18767197478923103,0.15964369718776691,,,,0.1768798828125,0.014478858226959362,0.00031054894125244687,0.970703125,0.17078276946071028,0.03737557438620178,0.5267333984375,0.14360131105561877,0.029819049232582426,0.6148681640625,"[3,6,9,15,17,18,23,24]",58,0.005667038115109037,1.4194446992723146,0.2866625756077428,0.22507720314453872
F15-ND01 development diagnostic; original F15 result unchanged,v2/work_logs/F15_ND01_v1_run1/evaluation_attempt_1/search_1_evaluation.json,4987acc9c0803dbf6109fd6a4ab2c3c29e9c4d60ed09cf69a7d5a7ce4cb56a10,1,1500402,1510692,uniform/budget_128/robust,uniform,128,robust,1,mixed_near,8192,0.034304829285305545,0.0018129271083312287,0.042578481752303346,0.18204986374231646,0.669921875,0.03827804749293297,0.16419687676696124,0.1586943773715162,,,,0.330078125,0.013742167069671627,0.00028725291086048534,0.997314453125,0.1535286002983916,0.02882042591058663,0.4852294921875,0.15252346525990484,0.02861188235614595,0.4683837890625,"[5,6,10,13,17,21,23,27]",39,0.0017460425174220342,0.8928571428571429,0.2066306791474502,0.11142756742027131
F15-ND01 development diagnostic; original F15 result unchanged,v2/work_logs/F15_ND01_v1_run1/evaluation_attempt_1/search_1_evaluation.json,4987acc9c0803dbf6109fd6a4ab2c3c29e9c4d60ed09cf69a7d5a7ce4cb56a10,1,1500402,1510692,uniform/budget_128/robust,uniform,128,robust,1,mixed_far,8192,0.02759050002272885,0.0012110597615817794,0.034800283929614415,0.14335206704462733,1.0,0.035742402705015476,0.1690926769410288,0.1621736179525155,,,,0.0,0.014680309347381505,0.0003194462654590363,0.964111328125,0.14775426195912128,0.028281240569550822,0.794677734375,0.15317871912086511,0.03061607996918897,0.763916015625,"[5,6,10,13,17,21,23,27]",39,0.0017460425174220342,0.8928571428571429,0.2066306791474502,0.11142756742027131
F15-ND01 development diagnostic; original F15 result unchanged,v2/work_logs/F15_ND01_v1_run1/evaluation_attempt_1/search_1_evaluation.json,4987acc9c0803dbf6109fd6a4ab2c3c29e9c4d60ed09cf69a7d5a7ce4cb56a10,1,1500402,1510692,uniform/budget_128/robust,uniform,128,robust,1,preserve_other,8192,0.035408973678009784,0.0019651260963992174,0.04432974279644782,0.1884213022206384,0.8984375,0.04053357880096561,0.16811119576760666,0.16591478594421488,,,,0.1015625,0.013354682245649724,0.0002711124149086821,0.96630859375,0.14685757077697675,0.02843123846199062,0.5567626953125,0.013594479820319996,0.00028010681010415776,0.96142578125,"[5,6,10,13,17,21,23,27]",39,0.0017460425174220342,0.8928571428571429,0.2066306791474502,0.11142756742027131
F15-ND01 development diagnostic; original F15 result unchanged,v2/work_logs/F15_ND01_v1_run1/evaluation_attempt_1/search_1_evaluation.json,4987acc9c0803dbf6109fd6a4ab2c3c29e9c4d60ed09cf69a7d5a7ce4cb56a10,1,1500402,1510692,uniform/budget_128/robust,uniform,128,robust,1,equal_target,8192,0.034425090620464914,0.0017935314389511442,0.042350105536481775,0.13653015683152359,0.908447265625,0.043178356488791744,1.6556729224450024e-17,0.043178356488791744,0.043178356488791744,,,0.091552734375,0.014762498002511565,0.00032263563993039946,0.962890625,0.014762498002511563,0.00032263563993039946,0.962890625,0.1515652955761089,0.030036332437208053,0.5452880859375,"[5,6,10,13,17,21,23,27]",39,0.0017460425174220342,0.8928571428571429,0.2066306791474502,0.11142756742027131
F15-ND01 development diagnostic; original F15 result unchanged,v2/work_logs/F15_ND01_v1_run1/evaluation_attempt_1/search_1_evaluation.json,4987acc9c0803dbf6109fd6a4ab2c3c29e9c4d60ed09cf69a7d5a7ce4cb56a10,1,1500402,1510692,uniform/budget_128/robust,uniform,128,robust,1,scale_separating,8192,0.035539187469140025,0.00197382519912811,0.044427752577956385,0.1929329140378509,0.9119873046875,0.04360393355347143,0.18806879405935023,0.19032006872562912,,,,0.0880126953125,0.013891942415372248,0.00028660480109731596,0.966796875,0.1679470518384586,0.03630352145971401,0.5328369140625,0.14702728605862503,0.030955230360271396,0.5985107421875,"[5,6,10,13,17,21,23,27]",39,0.0017460425174220342,0.8928571428571429,0.2066306791474502,0.11142756742027131
F15-ND01 development diagnostic; original F15 result unchanged,v2/work_logs/F15_ND01_v1_run1/evaluation_attempt_1/search_2_evaluation.json,581d5e03328863f1709c283050074cbc5f6cd25ef22e846e7a8ab511a871e260,2,1500403,1510693,cost_corr/budget_1024/frozen_mse,cost_corr,1024,frozen_mse,0,mixed_near,8192,0.029861514420057023,0.0013044728576282977,0.036117486867559015,0.12224865564932935,0.66162109375,0.03581553171622991,0.16319451810221314,0.13575004203206473,,,,0.33837890625,0.011723144228262036,0.00021844759049057433,0.9989013671875,0.1465970585563905,0.02639495177296053,0.471923828125,0.14652360175972695,0.026268176945721915,0.48291015625,"[0,4,10,12,14,18,19,25]",253,0.001439422421634682,0.7589285714285715,0.17555192394072158,0.10481612554197912
F15-ND01 development diagnostic; original F15 result unchanged,v2/work_logs/F15_ND01_v1_run1/evaluation_attempt_1/search_2_evaluation.json,581d5e03328863f1709c283050074cbc5f6cd25ef22e846e7a8ab511a871e260,2,1500403,1510693,cost_corr/budget_1024/frozen_mse,cost_corr,1024,frozen_mse,0,mixed_far,8192,0.03342892117610971,0.0016754147539222877,0.04093183057135715,0.12840037553477307,1.0,0.040175640721121314,0.1690564693691705,0.1375709126555553,,,,0.0,0.0136778437893276,0.0002960011120982841,0.9693603515625,0.14707055399685123,0.02809983603863074,0.790283203125,0.1528899613925636,0.030063587009188333,0.7701416015625,"[0,4,10,12,14,18,19,25]",253,0.001439422421634682,0.7589285714285715,0.17555192394072158,0.10481612554197912
F15-ND01 development diagnostic; original F15 result unchanged,v2/work_logs/F15_ND01_v1_run1/evaluation_attempt_1/search_2_evaluation.json,581d5e03328863f1709c283050074cbc5f6cd25ef22e846e7a8ab511a871e260,2,1500403,1510693,cost_corr/budget_1024/frozen_mse,cost_corr,1024,frozen_mse,0,preserve_other,8192,0.032201618405744266,0.0015732879607454977,0.03966469413402173,0.1314597625836849,0.906982421875,0.04102762535562379,0.17004098217796912,0.1348393754598724,,,,0.093017578125,0.011909097642441552,0.00022951997898062337,0.968505859375,0.14581440365243814,0.028116841881646454,0.54541015625,0.01154628249286186,0.00021973359789939965,0.968505859375,"[0,4,10,12,14,18,19,25]",253,0.001439422421634682,0.7589285714285715,0.17555192394072158,0.10481612554197912
F15-ND01 development diagnostic; original F15 result unchanged,v2/work_logs/F15_ND01_v1_run1/evaluation_attempt_1/search_2_evaluation.json,581d5e03328863f1709c283050074cbc5f6cd25ef22e846e7a8ab511a871e260,2,1500403,1510693,cost_corr/budget_1024/frozen_mse,cost_corr,1024,frozen_mse,0,equal_target,8192,0.02058933905667746,0.0006752621721992854,0.02598580713003322,0.11378434061021414,0.9488525390625,0.023953506929246013,1.7904770854614538e-17,0.023953506929246013,0.023953506929246013,,,0.0511474609375,0.012895908805091828,0.0002691351276455081,0.97119140625,0.012895908805091828,0.0002691351276455081,0.97119140625,0.14835567107788633,0.02867158456297891,0.541259765625,"[0,4,10,12,14,18,19,25]",253,0.001439422421634682,0.7589285714285715,0.17555192394072158,0.10481612554197912
F15-ND01 development diagnostic; original F15 result unchanged,v2/work_logs/F15_ND01_v1_run1/evaluation_attempt_1/search_2_evaluation.json,581d5e03328863f1709c283050074cbc5f6cd25ef22e846e7a8ab511a871e260,2,1500403,1510693,cost_corr/budget_1024/frozen_mse,cost_corr,1024,frozen_mse,0,scale_separating,8192,0.035088084768428965,0.0017937609875294607,0.04235281557971631,0.16160586691882767,0.9071044921875,0.04370399435053308,0.18721085994498873,0.15185082066442337,,,,0.0928955078125,0.012465583288281196,0.00024942581286656535,0.9725341796875,0.16219802643030448,0.03400876686180113,0.5352783203125,0.14088291994042634,0.028133128498609727,0.6031494140625,"[0,4,10,12,14,18,19,25]",253,0.001439422421634682,0.7589285714285715,0.17555192394072158,0.10481612554197912
F15-ND01 development diagnostic; original F15 result unchanged,v2/work_logs/F15_ND01_v1_run1/evaluation_attempt_1/search_2_evaluation.json,581d5e03328863f1709c283050074cbc5f6cd25ef22e846e7a8ab511a871e260,2,1500403,1510693,cost_corr/budget_1024/frozen_mse,cost_corr,1024,frozen_mse,1,mixed_near,8192,0.028236106293189626,0.0013450214219324409,0.03667453369754605,0.14291594345280173,0.7022705078125,0.03968541623150406,0.16301763629515,0.13839794712070316,,,,0.2977294921875,0.012973565013113184,0.0002643787402042064,0.9979248046875,0.14487294096020542,0.0257976024214485,0.4879150390625,0.1473443479995994,0.026762221778624494,0.477294921875,"[1,9,11,17,20,22,24,31]",15,0.001835222210851494,0.8692276313742461,0.1483037241964218,0.12768067872683844
F15-ND01 development diagnostic; original F15 result unchanged,v2/work_logs/F15_ND01_v1_run1/evaluation_attempt_1/search_2_evaluation.json,581d5e03328863f1709c283050074cbc5f6cd25ef22e846e7a8ab511a871e260,2,1500403,1510693,cost_corr/budget_1024/frozen_mse,cost_corr,1024,frozen_mse,1,mixed_far,8192,0.043331882787847276,0.0027678182569180346,0.05261005851467982,0.1789795367164274,1.0,0.05027927199323443,0.1690406398158507,0.1312126842848197,,,,0.0,0.012275126507300315,0.00024071118177096162,0.970947265625,0.1518409748648722,0.029602607735004158,0.7723388671875,0.1479879695798345,0.028307274533044866,0.779052734375,"[1,9,11,17,20,22,24,31]",15,0.001835222210851494,0.8692276313742461,0.1483037241964218,0.12768067872683844
F15-ND01 development diagnostic; original F15 result unchanged,v2/work_logs/F15_ND01_v1_run1/evaluation_attempt_1/search_2_evaluation.json,581d5e03328863f1709c283050074cbc5f6cd25ef22e846e7a8ab511a871e260,2,1500403,1510693,cost_corr/budget_1024/frozen_mse,cost_corr,1024,frozen_mse,1,preserve_other,8192,0.03344561082237567,0.0017449041068768117,0.041772049349736384,0.14473961138423408,0.91064453125,0.04219946423359657,0.17109253118510054,0.13797255757232477,,,,0.08935546875,0.012811743457551181,0.00026776932223080335,0.971435546875,0.15079477363427485,0.029613819682165088,0.535888671875,0.013247249380269327,0.0002807378636652473,0.9693603515625,"[1,9,11,17,20,22,24,31]",15,0.001835222210851494,0.8692276313742461,0.1483037241964218,0.12768067872683844
F15-ND01 development diagnostic; original F15 result unchanged,v2/work_logs/F15_ND01_v1_run1/evaluation_attempt_1/search_2_evaluation.json,581d5e03328863f1709c283050074cbc5f6cd25ef22e846e7a8ab511a871e260,2,1500403,1510693,cost_corr/budget_1024/frozen_mse,cost_corr,1024,frozen_mse,1,equal_target,8192,0.024106137118230286,0.0009184601452004659,0.030306107391093066,0.11882498750391124,0.938232421875,0.028206532994865672,1.7751803445521776e-17,0.028206532994865672,0.028206532994865672,,,0.061767578125,0.0116857474477421,0.00022235254193761798,0.970458984375,0.0116857474477421,0.00022235254193761798,0.970458984375,0.14445704452164865,0.027523550906569896,0.55517578125,"[1,9,11,17,20,22,24,31]",15,0.001835222210851494,0.8692276313742461,0.1483037241964218,0.12768067872683844
F15-ND01 development diagnostic; original F15 result unchanged,v2/work_logs/F15_ND01_v1_run1/evaluation_attempt_1/search_2_evaluation.json,581d5e03328863f1709c283050074cbc5f6cd25ef22e846e7a8ab511a871e260,2,1500403,1510693,cost_corr/budget_1024/frozen_mse,cost_corr,1024,frozen_mse,1,scale_separating,8192,0.037510548015085146,0.002125476180932808,0.04610288690454002,0.17178194875570352,0.8939208984375,0.04635396965391648,0.18479739205536055,0.15130532557389537,,,,0.1060791015625,0.013181104630499138,0.0002782564698973264,0.9705810546875,0.1629901917910768,0.03406172754699609,0.5296630859375,0.13941972241860667,0.027869210246732015,0.6226806640625,"[1,9,11,17,20,22,24,31]",15,0.001835222210851494,0.8692276313742461,0.1483037241964218,0.12768067872683844
F15-ND01 development diagnostic; original F15 result unchanged,v2/work_logs/F15_ND01_v1_run1/evaluation_attempt_1/search_2_evaluation.json,581d5e03328863f1709c283050074cbc5f6cd25ef22e846e7a8ab511a871e260,2,1500403,1510693,cost_corr/budget_1024/robust,cost_corr,1024,robust,0,mixed_near,8192,0.028040183128584438,0.0012544206450809134,0.035417801245714184,0.14102222119426117,0.6854248046875,0.035957192837181254,0.16319451810221314,0.14546775282624694,,,,0.3145751953125,0.011723144228262036,0.00021844759049057433,0.9989013671875,0.1465970585563905,0.02639495177296053,0.471923828125,0.14652360175972695,0.026268176945721915,0.48291015625,"[2,3,4,10,12,18,25,30]",423,0.001473084679807417,0.7104526218706767,0.18052902009181684,0.10800702319870627
F15-ND01 development diagnostic; original F15 result unchanged,v2/work_logs/F15_ND01_v1_run1/evaluation_attempt_1/search_2_evaluation.json,581d5e03328863f1709c283050074cbc5f6cd25ef22e846e7a8ab511a871e260,2,1500403,1510693,cost_corr/budget_1024/robust,cost_corr,1024,robust,0,mixed_far,8192,0.033794862601697284,0.0017279353078142536,0.04156844124831064,0.14852619549230628,1.0,0.04081569784662247,0.1690564693691705,0.144665581171866,,,,0.0,0.0136778437893276,0.0002960011120982841,0.9693603515625,0.14707055399685123,0.02809983603863074,0.790283203125,0.1528899613925636,0.030063587009188333,0.7701416015625,"[2,3,4,10,12,18,25,30]",423,0.001473084679807417,0.7104526218706767,0.18052902009181684,0.10800702319870627
F15-ND01 development diagnostic; original F15 result unchanged,v2/work_logs/F15_ND01_v1_run1/evaluation_attempt_1/search_2_evaluation.json,581d5e03328863f1709c283050074cbc5f6cd25ef22e846e7a8ab511a871e260,2,1500403,1510693,cost_corr/budget_1024/robust,cost_corr,1024,robust,0,preserve_other,8192,0.029878137021051285,0.001429232824948344,0.037805195740114136,0.16061932395310174,0.9141845703125,0.039503895832416834,0.17004098217796912,0.14135991147767435,,,,0.0858154296875,0.011909097642441552,0.00022951997898062337,0.968505859375,0.14581440365243814,0.028116841881646454,0.54541015625,0.01154628249286186,0.00021973359789939965,0.968505859375,"[2,3,4,10,12,18,25,30]",423,0.001473084679807417,0.7104526218706767,0.18052902009181684,0.10800702319870627
F15-ND01 development diagnostic; original F15 result unchanged,v2/work_logs/F15_ND01_v1_run1/evaluation_attempt_1/search_2_evaluation.json,581d5e03328863f1709c283050074cbc5f6cd25ef22e846e7a8ab511a871e260,2,1500403,1510693,cost_corr/budget_1024/robust,cost_corr,1024,robust,0,equal_target,8192,0.024604330399788675,0.0010408250000260454,0.03226181953991506,0.17759766387287135,0.9471435546875,0.03222770428575116,1.7904770854614538e-17,0.03222770428575116,0.03222770428575116,,,0.0528564453125,0.012895908805091828,0.0002691351276455081,0.97119140625,0.012895908805091828,0.0002691351276455081,0.97119140625,0.14835567107788633,0.02867158456297891,0.541259765625,"[2,3,4,10,12,18,25,30]",423,0.001473084679807417,0.7104526218706767,0.18052902009181684,0.10800702319870627
F15-ND01 development diagnostic; original F15 result unchanged,v2/work_logs/F15_ND01_v1_run1/evaluation_attempt_1/search_2_evaluation.json,581d5e03328863f1709c283050074cbc5f6cd25ef22e846e7a8ab511a871e260,2,1500403,1510693,cost_corr/budget_1024/robust,cost_corr,1024,robust,0,scale_separating,8192,0.032754121599954916,0.0016489757502630852,0.040607582423275154,0.17204005773359698,0.914306640625,0.0423508232089763,0.18721085994498873,0.1622546829549859,,,,0.085693359375,0.012465583288281196,0.00024942581286656535,0.9725341796875,0.16219802643030448,0.03400876686180113,0.5352783203125,0.14088291994042634,0.028133128498609727,0.6031494140625,"[2,3,4,10,12,18,25,30]",423,0.001473084679807417,0.7104526218706767,0.18052902009181684,0.10800702319870627
F15-ND01 development diagnostic; original F15 result unchanged,v2/work_logs/F15_ND01_v1_run1/evaluation_attempt_1/search_2_evaluation.json,581d5e03328863f1709c283050074cbc5f6cd25ef22e846e7a8ab511a871e260,2,1500403,1510693,cost_corr/budget_1024/robust,cost_corr,1024,robust,1,mixed_near,8192,0.028236106293189626,0.0013450214219324409,0.03667453369754605,0.14291594345280173,0.7022705078125,0.03968541623150406,0.16301763629515,0.13839794712070316,,,,0.2977294921875,0.012973565013113184,0.0002643787402042064,0.9979248046875,0.14487294096020542,0.0257976024214485,0.4879150390625,0.1473443479995994,0.026762221778624494,0.477294921875,"[1,9,11,17,20,22,24,31]",15,0.001835222210851494,0.8692276313742461,0.1483037241964218,0.12768067872683844
F15-ND01 development diagnostic; original F15 result unchanged,v2/work_logs/F15_ND01_v1_run1/evaluation_attempt_1/search_2_evaluation.json,581d5e03328863f1709c283050074cbc5f6cd25ef22e846e7a8ab511a871e260,2,1500403,1510693,cost_corr/budget_1024/robust,cost_corr,1024,robust,1,mixed_far,8192,0.043331882787847276,0.0027678182569180346,0.05261005851467982,0.1789795367164274,1.0,0.05027927199323443,0.1690406398158507,0.1312126842848197,,,,0.0,0.012275126507300315,0.00024071118177096162,0.970947265625,0.1518409748648722,0.029602607735004158,0.7723388671875,0.1479879695798345,0.028307274533044866,0.779052734375,"[1,9,11,17,20,22,24,31]",15,0.001835222210851494,0.8692276313742461,0.1483037241964218,0.12768067872683844
F15-ND01 development diagnostic; original F15 result unchanged,v2/work_logs/F15_ND01_v1_run1/evaluation_attempt_1/search_2_evaluation.json,581d5e03328863f1709c283050074cbc5f6cd25ef22e846e7a8ab511a871e260,2,1500403,1510693,cost_corr/budget_1024/robust,cost_corr,1024,robust,1,preserve_other,8192,0.03344561082237567,0.0017449041068768117,0.041772049349736384,0.14473961138423408,0.91064453125,0.04219946423359657,0.17109253118510054,0.13797255757232477,,,,0.08935546875,0.012811743457551181,0.00026776932223080335,0.971435546875,0.15079477363427485,0.029613819682165088,0.535888671875,0.013247249380269327,0.0002807378636652473,0.9693603515625,"[1,9,11,17,20,22,24,31]",15,0.001835222210851494,0.8692276313742461,0.1483037241964218,0.12768067872683844
F15-ND01 development diagnostic; original F15 result unchanged,v2/work_logs/F15_ND01_v1_run1/evaluation_attempt_1/search_2_evaluation.json,581d5e03328863f1709c283050074cbc5f6cd25ef22e846e7a8ab511a871e260,2,1500403,1510693,cost_corr/budget_1024/robust,cost_corr,1024,robust,1,equal_target,8192,0.024106137118230286,0.0009184601452004659,0.030306107391093066,0.11882498750391124,0.938232421875,0.028206532994865672,1.7751803445521776e-17,0.028206532994865672,0.028206532994865672,,,0.061767578125,0.0116857474477421,0.00022235254193761798,0.970458984375,0.0116857474477421,0.00022235254193761798,0.970458984375,0.14445704452164865,0.027523550906569896,0.55517578125,"[1,9,11,17,20,22,24,31]",15,0.001835222210851494,0.8692276313742461,0.1483037241964218,0.12768067872683844
F15-ND01 development diagnostic; original F15 result unchanged,v2/work_logs/F15_ND01_v1_run1/evaluation_attempt_1/search_2_evaluation.json,581d5e03328863f1709c283050074cbc5f6cd25ef22e846e7a8ab511a871e260,2,1500403,1510693,cost_corr/budget_1024/robust,cost_corr,1024,robust,1,scale_separating,8192,0.037510548015085146,0.002125476180932808,0.04610288690454002,0.17178194875570352,0.8939208984375,0.04635396965391648,0.18479739205536055,0.15130532557389537,,,,0.1060791015625,0.013181104630499138,0.0002782564698973264,0.9705810546875,0.1629901917910768,0.03406172754699609,0.5296630859375,0.13941972241860667,0.027869210246732015,0.6226806640625,"[1,9,11,17,20,22,24,31]",15,0.001835222210851494,0.8692276313742461,0.1483037241964218,0.12768067872683844
F15-ND01 development diagnostic; original F15 result unchanged,v2/work_logs/F15_ND01_v1_run1/evaluation_attempt_1/search_2_evaluation.json,581d5e03328863f1709c283050074cbc5f6cd25ef22e846e7a8ab511a871e260,2,1500403,1510693,cost_corr/budget_128/frozen_mse,cost_corr,128,frozen_mse,0,mixed_near,8192,0.04306200871240175,0.0028437033891633282,0.05332638548751761,0.18155398545155105,0.6173095703125,0.056349540123855166,0.16319451810221314,0.1655330418580982,,,,0.3826904296875,0.011723144228262036,0.00021844759049057433,0.9989013671875,0.1465970585563905,0.02639495177296053,0.471923828125,0.14652360175972695,0.026268176945721915,0.48291015625,"[4,5,8,9,12,17,18,19]",78,0.003452803267057834,1.1915694618450725,0.1616408747053796,0.17792182777470575
F15-ND01 development diagnostic; original F15 result unchanged,v2/work_logs/F15_ND01_v1_run1/evaluation_attempt_1/search_2_evaluation.json,581d5e03328863f1709c283050074cbc5f6cd25ef22e846e7a8ab511a871e260,2,1500403,1510693,cost_corr/budget_128/frozen_mse,cost_corr,128,frozen_mse,0,mixed_far,8192,0.058114910778591745,0.004969661262003471,0.07049582442956087,0.20845843483275583,0.996826171875,0.06939557908883776,0.1690564693691705,0.14406925913240762,,,,0.003173828125,0.0136778437893276,0.0002960011120982841,0.9693603515625,0.14707055399685123,0.02809983603863074,0.790283203125,0.1528899613925636,0.030063587009188333,0.7701416015625,"[4,5,8,9,12,17,18,19]",78,0.003452803267057834,1.1915694618450725,0.1616408747053796,0.17792182777470575
F15-ND01 development diagnostic; original F15 result unchanged,v2/work_logs/F15_ND01_v1_run1/evaluation_attempt_1/search_2_evaluation.json,581d5e03328863f1709c283050074cbc5f6cd25ef22e846e7a8ab511a871e260,2,1500403,1510693,cost_corr/budget_128/frozen_mse,cost_corr,128,frozen_mse,0,preserve_other,8192,0.040620647458609896,0.002562471519597308,0.05062086051814319,0.18769975348227236,0.8880615234375,0.05336603845945648,0.17004098217796912,0.14417779176577478,,,,0.1119384765625,0.011909097642441552,0.00022951997898062337,0.968505859375,0.14581440365243814,0.028116841881646454,0.54541015625,0.01154628249286186,0.00021973359789939965,0.968505859375,"[4,5,8,9,12,17,18,19]",78,0.003452803267057834,1.1915694618450725,0.1616408747053796,0.17792182777470575
F15-ND01 development diagnostic; original F15 result unchanged,v2/work_logs/F15_ND01_v1_run1/evaluation_attempt_1/search_2_evaluation.json,581d5e03328863f1709c283050074cbc5f6cd25ef22e846e7a8ab511a871e260,2,1500403,1510693,cost_corr/budget_128/frozen_mse,cost_corr,128,frozen_mse,0,equal_target,8192,0.04635318915752193,0.003283607129671893,0.05730276720780501,0.23144697711838647,0.87744140625,0.05732429509448735,1.7904770854614538e-17,0.05732429509448735,0.05732429509448735,,,0.12255859375,0.012895908805091828,0.0002691351276455081,0.97119140625,0.012895908805091828,0.0002691351276455081,0.97119140625,0.14835567107788633,0.02867158456297891,0.541259765625,"[4,5,8,9,12,17,18,19]",78,0.003452803267057834,1.1915694618450725,0.1616408747053796,0.17792182777470575
F15-ND01 development diagnostic; original F15 result unchanged,v2/work_logs/F15_ND01_v1_run1/evaluation_attempt_1/search_2_evaluation.json,581d5e03328863f1709c283050074cbc5f6cd25ef22e846e7a8ab511a871e260,2,1500403,1510693,cost_corr/budget_128/frozen_mse,cost_corr,128,frozen_mse,0,scale_separating,8192,0.050296706559860224,0.00385640062397904,0.06209992450864204,0.20294100979609897,0.85009765625,0.06397258418026705,0.18721085994498873,0.17096408079465208,,,,0.14990234375,0.012465583288281196,0.00024942581286656535,0.9725341796875,0.16219802643030448,0.03400876686180113,0.5352783203125,0.14088291994042634,0.028133128498609727,0.6031494140625,"[4,5,8,9,12,17,18,19]",78,0.003452803267057834,1.1915694618450725,0.1616408747053796,0.17792182777470575
F15-ND01 development diagnostic; original F15 result unchanged,v2/work_logs/F15_ND01_v1_run1/evaluation_attempt_1/search_2_evaluation.json,581d5e03328863f1709c283050074cbc5f6cd25ef22e846e7a8ab511a871e260,2,1500403,1510693,cost_corr/budget_128/frozen_mse,cost_corr,128,frozen_mse,1,mixed_near,8192,0.028236106293189626,0.0013450214219324409,0.03667453369754605,0.14291594345280173,0.7022705078125,0.03968541623150406,0.16301763629515,0.13839794712070316,,,,0.2977294921875,0.012973565013113184,0.0002643787402042064,0.9979248046875,0.14487294096020542,0.0257976024214485,0.4879150390625,0.1473443479995994,0.026762221778624494,0.477294921875,"[1,9,11,17,20,22,24,31]",15,0.001835222210851494,0.8692276313742461,0.1483037241964218,0.12768067872683844
F15-ND01 development diagnostic; original F15 result unchanged,v2/work_logs/F15_ND01_v1_run1/evaluation_attempt_1/search_2_evaluation.json,581d5e03328863f1709c283050074cbc5f6cd25ef22e846e7a8ab511a871e260,2,1500403,1510693,cost_corr/budget_128/frozen_mse,cost_corr,128,frozen_mse,1,mixed_far,8192,0.043331882787847276,0.0027678182569180346,0.05261005851467982,0.1789795367164274,1.0,0.05027927199323443,0.1690406398158507,0.1312126842848197,,,,0.0,0.012275126507300315,0.00024071118177096162,0.970947265625,0.1518409748648722,0.029602607735004158,0.7723388671875,0.1479879695798345,0.028307274533044866,0.779052734375,"[1,9,11,17,20,22,24,31]",15,0.001835222210851494,0.8692276313742461,0.1483037241964218,0.12768067872683844
F15-ND01 development diagnostic; original F15 result unchanged,v2/work_logs/F15_ND01_v1_run1/evaluation_attempt_1/search_2_evaluation.json,581d5e03328863f1709c283050074cbc5f6cd25ef22e846e7a8ab511a871e260,2,1500403,1510693,cost_corr/budget_128/frozen_mse,cost_corr,128,frozen_mse,1,preserve_other,8192,0.03344561082237567,0.0017449041068768117,0.041772049349736384,0.14473961138423408,0.91064453125,0.04219946423359657,0.17109253118510054,0.13797255757232477,,,,0.08935546875,0.012811743457551181,0.00026776932223080335,0.971435546875,0.15079477363427485,0.029613819682165088,0.535888671875,0.013247249380269327,0.0002807378636652473,0.9693603515625,"[1,9,11,17,20,22,24,31]",15,0.001835222210851494,0.8692276313742461,0.1483037241964218,0.12768067872683844
F15-ND01 development diagnostic; original F15 result unchanged,v2/work_logs/F15_ND01_v1_run1/evaluation_attempt_1/search_2_evaluation.json,581d5e03328863f1709c283050074cbc5f6cd25ef22e846e7a8ab511a871e260,2,1500403,1510693,cost_corr/budget_128/frozen_mse,cost_corr,128,frozen_mse,1,equal_target,8192,0.024106137118230286,0.0009184601452004659,0.030306107391093066,0.11882498750391124,0.938232421875,0.028206532994865672,1.7751803445521776e-17,0.028206532994865672,0.028206532994865672,,,0.061767578125,0.0116857474477421,0.00022235254193761798,0.970458984375,0.0116857474477421,0.00022235254193761798,0.970458984375,0.14445704452164865,0.027523550906569896,0.55517578125,"[1,9,11,17,20,22,24,31]",15,0.001835222210851494,0.8692276313742461,0.1483037241964218,0.12768067872683844
F15-ND01 development diagnostic; original F15 result unchanged,v2/work_logs/F15_ND01_v1_run1/evaluation_attempt_1/search_2_evaluation.json,581d5e03328863f1709c283050074cbc5f6cd25ef22e846e7a8ab511a871e260,2,1500403,1510693,cost_corr/budget_128/frozen_mse,cost_corr,128,frozen_mse,1,scale_separating,8192,0.037510548015085146,0.002125476180932808,0.04610288690454002,0.17178194875570352,0.8939208984375,0.04635396965391648,0.18479739205536055,0.15130532557389537,,,,0.1060791015625,0.013181104630499138,0.0002782564698973264,0.9705810546875,0.1629901917910768,0.03406172754699609,0.5296630859375,0.13941972241860667,0.027869210246732015,0.6226806640625,"[1,9,11,17,20,22,24,31]",15,0.001835222210851494,0.8692276313742461,0.1483037241964218,0.12768067872683844
F15-ND01 development diagnostic; original F15 result unchanged,v2/work_logs/F15_ND01_v1_run1/evaluation_attempt_1/search_2_evaluation.json,581d5e03328863f1709c283050074cbc5f6cd25ef22e846e7a8ab511a871e260,2,1500403,1510693,cost_corr/budget_128/robust,cost_corr,128,robust,0,mixed_near,8192,0.05106983998438369,0.0038922020901999885,0.06238751549949708,0.18855420659366756,0.5982666015625,0.0650501149303716,0.16319451810221314,0.18226180572514222,,,,0.4017333984375,0.011723144228262036,0.00021844759049057433,0.9989013671875,0.1465970585563905,0.02639495177296053,0.471923828125,0.14652360175972695,0.026268176945721915,0.48291015625,"[3,5,9,12,15,18,21,22]",75,0.004029931931179951,1.1492141986267954,0.1941851646022239,0.19239537214111832
F15-ND01 development diagnostic; original F15 result unchanged,v2/work_logs/F15_ND01_v1_run1/evaluation_attempt_1/search_2_evaluation.json,581d5e03328863f1709c283050074cbc5f6cd25ef22e846e7a8ab511a871e260,2,1500403,1510693,cost_corr/budget_128/robust,cost_corr,128,robust,0,mixed_far,8192,0.05636412792656581,0.004939411436418087,0.07028094646785918,0.2427059019837935,0.994873046875,0.06932687864358207,0.1690564693691705,0.15871351297036493,,,,0.005126953125,0.0136778437893276,0.0002960011120982841,0.9693603515625,0.14707055399685123,0.02809983603863074,0.790283203125,0.1528899613925636,0.030063587009188333,0.7701416015625,"[3,5,9,12,15,18,21,22]",75,0.004029931931179951,1.1492141986267954,0.1941851646022239,0.19239537214111832
F15-ND01 development diagnostic; original F15 result unchanged,v2/work_logs/F15_ND01_v1_run1/evaluation_attempt_1/search_2_evaluation.json,581d5e03328863f1709c283050074cbc5f6cd25ef22e846e7a8ab511a871e260,2,1500403,1510693,cost_corr/budget_128/robust,cost_corr,128,robust,0,preserve_other,8192,0.04190093265107075,0.00269678606818341,0.051930588945085246,0.18926727969682716,0.8853759765625,0.054183460160930376,0.17004098217796912,0.1635576895458631,,,,0.1146240234375,0.011909097642441552,0.00022951997898062337,0.968505859375,0.14581440365243814,0.028116841881646454,0.54541015625,0.01154628249286186,0.00021973359789939965,0.968505859375,"[3,5,9,12,15,18,21,22]",75,0.004029931931179951,1.1492141986267954,0.1941851646022239,0.19239537214111832
F15-ND01 development diagnostic; original F15 result unchanged,v2/work_logs/F15_ND01_v1_run1/evaluation_attempt_1/search_2_evaluation.json,581d5e03328863f1709c283050074cbc5f6cd25ef22e846e7a8ab511a871e260,2,1500403,1510693,cost_corr/budget_128/robust,cost_corr,128,robust,0,equal_target,8192,0.05339964707450577,0.004312467040687414,0.06566937673442176,0.20873948894361094,0.85546875,0.06618446258288842,1.7904770854614538e-17,0.06618446258288842,0.06618446258288842,,,0.14453125,0.012895908805091828,0.0002691351276455081,0.97119140625,0.012895908805091828,0.0002691351276455081,0.97119140625,0.14835567107788633,0.02867158456297891,0.541259765625,"[3,5,9,12,15,18,21,22]",75,0.004029931931179951,1.1492141986267954,0.1941851646022239,0.19239537214111832
F15-ND01 development diagnostic; original F15 result unchanged,v2/work_logs/F15_ND01_v1_run1/evaluation_attempt_1/search_2_evaluation.json,581d5e03328863f1709c283050074cbc5f6cd25ef22e846e7a8ab511a871e260,2,1500403,1510693,cost_corr/budget_128/robust,cost_corr,128,robust,0,scale_separating,8192,0.05256093755656841,0.0042599912382949665,0.06526860836799699,0.22944564250080657,0.8426513671875,0.06670744058046364,0.18721085994498873,0.19130503488177633,,,,0.1573486328125,0.012465583288281196,0.00024942581286656535,0.9725341796875,0.16219802643030448,0.03400876686180113,0.5352783203125,0.14088291994042634,0.028133128498609727,0.6031494140625,"[3,5,9,12,15,18,21,22]",75,0.004029931931179951,1.1492141986267954,0.1941851646022239,0.19239537214111832
F15-ND01 development diagnostic; original F15 result unchanged,v2/work_logs/F15_ND01_v1_run1/evaluation_attempt_1/search_2_evaluation.json,581d5e03328863f1709c283050074cbc5f6cd25ef22e846e7a8ab511a871e260,2,1500403,1510693,cost_corr/budget_128/robust,cost_corr,128,robust,1,mixed_near,8192,0.028236106293189626,0.0013450214219324409,0.03667453369754605,0.14291594345280173,0.7022705078125,0.03968541623150406,0.16301763629515,0.13839794712070316,,,,0.2977294921875,0.012973565013113184,0.0002643787402042064,0.9979248046875,0.14487294096020542,0.0257976024214485,0.4879150390625,0.1473443479995994,0.026762221778624494,0.477294921875,"[1,9,11,17,20,22,24,31]",15,0.001835222210851494,0.8692276313742461,0.1483037241964218,0.12768067872683844
F15-ND01 development diagnostic; original F15 result unchanged,v2/work_logs/F15_ND01_v1_run1/evaluation_attempt_1/search_2_evaluation.json,581d5e03328863f1709c283050074cbc5f6cd25ef22e846e7a8ab511a871e260,2,1500403,1510693,cost_corr/budget_128/robust,cost_corr,128,robust,1,mixed_far,8192,0.043331882787847276,0.0027678182569180346,0.05261005851467982,0.1789795367164274,1.0,0.05027927199323443,0.1690406398158507,0.1312126842848197,,,,0.0,0.012275126507300315,0.00024071118177096162,0.970947265625,0.1518409748648722,0.029602607735004158,0.7723388671875,0.1479879695798345,0.028307274533044866,0.779052734375,"[1,9,11,17,20,22,24,31]",15,0.001835222210851494,0.8692276313742461,0.1483037241964218,0.12768067872683844
F15-ND01 development diagnostic; original F15 result unchanged,v2/work_logs/F15_ND01_v1_run1/evaluation_attempt_1/search_2_evaluation.json,581d5e03328863f1709c283050074cbc5f6cd25ef22e846e7a8ab511a871e260,2,1500403,1510693,cost_corr/budget_128/robust,cost_corr,128,robust,1,preserve_other,8192,0.03344561082237567,0.0017449041068768117,0.041772049349736384,0.14473961138423408,0.91064453125,0.04219946423359657,0.17109253118510054,0.13797255757232477,,,,0.08935546875,0.012811743457551181,0.00026776932223080335,0.971435546875,0.15079477363427485,0.029613819682165088,0.535888671875,0.013247249380269327,0.0002807378636652473,0.9693603515625,"[1,9,11,17,20,22,24,31]",15,0.001835222210851494,0.8692276313742461,0.1483037241964218,0.12768067872683844
F15-ND01 development diagnostic; original F15 result unchanged,v2/work_logs/F15_ND01_v1_run1/evaluation_attempt_1/search_2_evaluation.json,581d5e03328863f1709c283050074cbc5f6cd25ef22e846e7a8ab511a871e260,2,1500403,1510693,cost_corr/budget_128/robust,cost_corr,128,robust,1,equal_target,8192,0.024106137118230286,0.0009184601452004659,0.030306107391093066,0.11882498750391124,0.938232421875,0.028206532994865672,1.7751803445521776e-17,0.028206532994865672,0.028206532994865672,,,0.061767578125,0.0116857474477421,0.00022235254193761798,0.970458984375,0.0116857474477421,0.00022235254193761798,0.970458984375,0.14445704452164865,0.027523550906569896,0.55517578125,"[1,9,11,17,20,22,24,31]",15,0.001835222210851494,0.8692276313742461,0.1483037241964218,0.12768067872683844
F15-ND01 development diagnostic; original F15 result unchanged,v2/work_logs/F15_ND01_v1_run1/evaluation_attempt_1/search_2_evaluation.json,581d5e03328863f1709c283050074cbc5f6cd25ef22e846e7a8ab511a871e260,2,1500403,1510693,cost_corr/budget_128/robust,cost_corr,128,robust,1,scale_separating,8192,0.037510548015085146,0.002125476180932808,0.04610288690454002,0.17178194875570352,0.8939208984375,0.04635396965391648,0.18479739205536055,0.15130532557389537,,,,0.1060791015625,0.013181104630499138,0.0002782564698973264,0.9705810546875,0.1629901917910768,0.03406172754699609,0.5296630859375,0.13941972241860667,0.027869210246732015,0.6226806640625,"[1,9,11,17,20,22,24,31]",15,0.001835222210851494,0.8692276313742461,0.1483037241964218,0.12768067872683844
F15-ND01 development diagnostic; original F15 result unchanged,v2/work_logs/F15_ND01_v1_run1/evaluation_attempt_1/search_2_evaluation.json,581d5e03328863f1709c283050074cbc5f6cd25ef22e846e7a8ab511a871e260,2,1500403,1510693,log_cost_corr/budget_1024/frozen_mse,log_cost_corr,1024,frozen_mse,0,mixed_near,8192,0.026398081465500635,0.0011849821149545088,0.034423569178028426,0.1450592893357988,0.706787109375,0.03722571342066054,0.16319451810221314,0.14497017186952713,,,,0.293212890625,0.011723144228262036,0.00021844759049057433,0.9989013671875,0.1465970585563905,0.02639495177296053,0.471923828125,0.14652360175972695,0.026268176945721915,0.48291015625,"[2,5,6,8,9,12,18,25]",5,0.0017100998435853978,0.8745988214225473,0.17558241498598914,0.1232529380456665
F15-ND01 development diagnostic; original F15 result unchanged,v2/work_logs/F15_ND01_v1_run1/evaluation_attempt_1/search_2_evaluation.json,581d5e03328863f1709c283050074cbc5f6cd25ef22e846e7a8ab511a871e260,2,1500403,1510693,log_cost_corr/budget_1024/frozen_mse,log_cost_corr,1024,frozen_mse,0,mixed_far,8192,0.04593649126875449,0.00280873544607076,0.05299750414944802,0.16870189199954133,1.0,0.05178367154540197,0.1690564693691705,0.13608868028647478,,,,0.0,0.0136778437893276,0.0002960011120982841,0.9693603515625,0.14707055399685123,0.02809983603863074,0.790283203125,0.1528899613925636,0.030063587009188333,0.7701416015625,"[2,5,6,8,9,12,18,25]",5,0.0017100998435853978,0.8745988214225473,0.17558241498598914,0.1232529380456665
F15-ND01 development diagnostic; original F15 result unchanged,v2/work_logs/F15_ND01_v1_run1/evaluation_attempt_1/search_2_evaluation.json,581d5e03328863f1709c283050074cbc5f6cd25ef22e846e7a8ab511a871e260,2,1500403,1510693,log_cost_corr/budget_1024/frozen_mse,log_cost_corr,1024,frozen_mse,0,preserve_other,8192,0.032236775338136764,0.001680119377611893,0.04098925929572152,0.15823271269531036,0.9180908203125,0.044062287427705356,0.17004098217796912,0.13516881510206916,,,,0.0819091796875,0.011909097642441552,0.00022951997898062337,0.968505859375,0.14581440365243814,0.028116841881646454,0.54541015625,0.01154628249286186,0.00021973359789939965,0.968505859375,"[2,5,6,8,9,12,18,25]",5,0.0017100998435853978,0.8745988214225473,0.17558241498598914,0.1232529380456665
F15-ND01 development diagnostic; original F15 result unchanged,v2/work_logs/F15_ND01_v1_run1/evaluation_attempt_1/search_2_evaluation.json,581d5e03328863f1709c283050074cbc5f6cd25ef22e846e7a8ab511a871e260,2,1500403,1510693,log_cost_corr/budget_1024/frozen_mse,log_cost_corr,1024,frozen_mse,0,equal_target,8192,0.023251911596928278,0.0009039400141746429,0.030065595190759867,0.1492580964858623,0.950927734375,0.02817552724889222,1.7904770854614538e-17,0.02817552724889222,0.02817552724889222,,,0.049072265625,0.012895908805091828,0.0002691351276455081,0.97119140625,0.012895908805091828,0.0002691351276455081,0.97119140625,0.14835567107788633,0.02867158456297891,0.541259765625,"[2,5,6,8,9,12,18,25]",5,0.0017100998435853978,0.8745988214225473,0.17558241498598914,0.1232529380456665
F15-ND01 development diagnostic; original F15 result unchanged,v2/work_logs/F15_ND01_v1_run1/evaluation_attempt_1/search_2_evaluation.json,581d5e03328863f1709c283050074cbc5f6cd25ef22e846e7a8ab511a871e260,2,1500403,1510693,log_cost_corr/budget_1024/frozen_mse,log_cost_corr,1024,frozen_mse,0,scale_separating,8192,0.037801791461819716,0.002164522984872381,0.046524434277832774,0.16638627477959395,0.9046630859375,0.04842393890487509,0.18721085994498873,0.15513711147631534,,,,0.0953369140625,0.012465583288281196,0.00024942581286656535,0.9725341796875,0.16219802643030448,0.03400876686180113,0.5352783203125,0.14088291994042634,0.028133128498609727,0.6031494140625,"[2,5,6,8,9,12,18,25]",5,0.0017100998435853978,0.8745988214225473,0.17558241498598914,0.1232529380456665
F15-ND01 development diagnostic; original F15 result unchanged,v2/work_logs/F15_ND01_v1_run1/evaluation_attempt_1/search_2_evaluation.json,581d5e03328863f1709c283050074cbc5f6cd25ef22e846e7a8ab511a871e260,2,1500403,1510693,log_cost_corr/budget_1024/frozen_mse,log_cost_corr,1024,frozen_mse,1,mixed_near,8192,0.02839602997391045,0.0013621983966558755,0.03690797199326828,0.18223759041373094,0.6949462890625,0.03915644068440357,0.16301763629515,0.13919082360060692,,,,0.3050537109375,0.012973565013113184,0.0002643787402042064,0.9979248046875,0.14487294096020542,0.0257976024214485,0.4879150390625,0.1473443479995994,0.026762221778624494,0.477294921875,"[0,5,13,17,20,24,28,31]",777,0.002076134135236319,0.9484416172968152,0.19656134073687442,0.12798802063046627
F15-ND01 development diagnostic; original F15 result unchanged,v2/work_logs/F15_ND01_v1_run1/evaluation_attempt_1/search_2_evaluation.json,581d5e03328863f1709c283050074cbc5f6cd25ef22e846e7a8ab511a871e260,2,1500403,1510693,log_cost_corr/budget_1024/frozen_mse,log_cost_corr,1024,frozen_mse,1,mixed_far,8192,0.046749374791518694,0.0030843416651897956,0.05553684961527612,0.1702107343988979,0.999755859375,0.05282291814102906,0.1690406398158507,0.12768767067647074,,,,0.000244140625,0.012275126507300315,0.00024071118177096162,0.970947265625,0.1518409748648722,0.029602607735004158,0.7723388671875,0.1479879695798345,0.028307274533044866,0.779052734375,"[0,5,13,17,20,24,28,31]",777,0.002076134135236319,0.9484416172968152,0.19656134073687442,0.12798802063046627
F15-ND01 development diagnostic; original F15 result unchanged,v2/work_logs/F15_ND01_v1_run1/evaluation_attempt_1/search_2_evaluation.json,581d5e03328863f1709c283050074cbc5f6cd25ef22e846e7a8ab511a871e260,2,1500403,1510693,log_cost_corr/budget_1024/frozen_mse,log_cost_corr,1024,frozen_mse,1,preserve_other,8192,0.03422204852899098,0.0018579922966306514,0.04310443476755787,0.1837135789423584,0.9140625,0.04330491710672163,0.17109253118510054,0.13680157972160117,,,,0.0859375,0.012811743457551181,0.00026776932223080335,0.971435546875,0.15079477363427485,0.029613819682165088,0.535888671875,0.013247249380269327,0.0002807378636652473,0.9693603515625,"[0,5,13,17,20,24,28,31]",777,0.002076134135236319,0.9484416172968152,0.19656134073687442,0.12798802063046627
F15-ND01 development diagnostic; original F15 result unchanged,v2/work_logs/F15_ND01_v1_run1/evaluation_attempt_1/search_2_evaluation.json,581d5e03328863f1709c283050074cbc5f6cd25ef22e846e7a8ab511a871e260,2,1500403,1510693,log_cost_corr/budget_1024/frozen_mse,log_cost_corr,1024,frozen_mse,1,equal_target,8192,0.02920631547319198,0.0013047945994816071,0.0361219406937336,0.13810987461160518,0.920166015625,0.03313985071618626,1.7751803445521776e-17,0.03313985071618626,0.03313985071618626,,,0.079833984375,0.0116857474477421,0.00022235254193761798,0.970458984375,0.0116857474477421,0.00022235254193761798,0.970458984375,0.14445704452164865,0.027523550906569896,0.55517578125,"[0,5,13,17,20,24,28,31]",777,0.002076134135236319,0.9484416172968152,0.19656134073687442,0.12798802063046627
F15-ND01 development diagnostic; original F15 result unchanged,v2/work_logs/F15_ND01_v1_run1/evaluation_attempt_1/search_2_evaluation.json,581d5e03328863f1709c283050074cbc5f6cd25ef22e846e7a8ab511a871e260,2,1500403,1510693,log_cost_corr/budget_1024/frozen_mse,log_cost_corr,1024,frozen_mse,1,scale_separating,8192,0.03930935581351727,0.0023513098088312648,0.04849030633880616,0.17009278968461572,0.893798828125,0.04836767101256775,0.18479739205536055,0.15256679029122733,,,,0.106201171875,0.013181104630499138,0.0002782564698973264,0.9705810546875,0.1629901917910768,0.03406172754699609,0.5296630859375,0.13941972241860667,0.027869210246732015,0.6226806640625,"[0,5,13,17,20,24,28,31]",777,0.002076134135236319,0.9484416172968152,0.19656134073687442,0.12798802063046627
F15-ND01 development diagnostic; original F15 result unchanged,v2/work_logs/F15_ND01_v1_run1/evaluation_attempt_1/search_2_evaluation.json,581d5e03328863f1709c283050074cbc5f6cd25ef22e846e7a8ab511a871e260,2,1500403,1510693,log_cost_corr/budget_1024/robust,log_cost_corr,1024,robust,0,mixed_near,8192,0.03339833355729449,0.0018036510470605194,0.04246941307647799,0.1626273297334343,0.66357421875,0.04472225531151029,0.16319451810221314,0.13839242455975426,,,,0.33642578125,0.011723144228262036,0.00021844759049057433,0.9989013671875,0.1465970585563905,0.02639495177296053,0.471923828125,0.14652360175972695,0.026268176945721915,0.48291015625,"[0,4,6,8,12,14,15,18]",320,0.001956315593027686,0.813889438722645,0.18706468363485879,0.13346771567490096
F15-ND01 development diagnostic; original F15 result unchanged,v2/work_logs/F15_ND01_v1_run1/evaluation_attempt_1/search_2_evaluation.json,581d5e03328863f1709c283050074cbc5f6cd25ef22e846e7a8ab511a871e260,2,1500403,1510693,log_cost_corr/budget_1024/robust,log_cost_corr,1024,robust,0,mixed_far,8192,0.042759522763579874,0.0026304698923523737,0.051288106733943434,0.1886694065436183,0.9998779296875,0.050277743423263535,0.1690564693691705,0.13699765945619646,,,,0.0001220703125,0.0136778437893276,0.0002960011120982841,0.9693603515625,0.14707055399685123,0.02809983603863074,0.790283203125,0.1528899613925636,0.030063587009188333,0.7701416015625,"[0,4,6,8,12,14,15,18]",320,0.001956315593027686,0.813889438722645,0.18706468363485879,0.13346771567490096
F15-ND01 development diagnostic; original F15 result unchanged,v2/work_logs/F15_ND01_v1_run1/evaluation_attempt_1/search_2_evaluation.json,581d5e03328863f1709c283050074cbc5f6cd25ef22e846e7a8ab511a871e260,2,1500403,1510693,log_cost_corr/budget_1024/robust,log_cost_corr,1024,robust,0,preserve_other,8192,0.03761717818779681,0.002174694859995828,0.046633623706461284,0.17923277689271816,0.9071044921875,0.04923982832441899,0.17004098217796912,0.1365088818737903,,,,0.0928955078125,0.011909097642441552,0.00022951997898062337,0.968505859375,0.14581440365243814,0.028116841881646454,0.54541015625,0.01154628249286186,0.00021973359789939965,0.968505859375,"[0,4,6,8,12,14,15,18]",320,0.001956315593027686,0.813889438722645,0.18706468363485879,0.13346771567490096
F15-ND01 development diagnostic; original F15 result unchanged,v2/work_logs/F15_ND01_v1_run1/evaluation_attempt_1/search_2_evaluation.json,581d5e03328863f1709c283050074cbc5f6cd25ef22e846e7a8ab511a871e260,2,1500403,1510693,log_cost_corr/budget_1024/robust,log_cost_corr,1024,robust,0,equal_target,8192,0.023777821321840937,0.0009137906315754454,0.030228970071364412,0.11480967630710992,0.9454345703125,0.028163784974618335,1.7904770854614538e-17,0.028163784974618335,0.028163784974618335,,,0.0545654296875,0.012895908805091828,0.0002691351276455081,0.97119140625,0.012895908805091828,0.0002691351276455081,0.97119140625,0.14835567107788633,0.02867158456297891,0.541259765625,"[0,4,6,8,12,14,15,18]",320,0.001956315593027686,0.813889438722645,0.18706468363485879,0.13346771567490096
F15-ND01 development diagnostic; original F15 result unchanged,v2/work_logs/F15_ND01_v1_run1/evaluation_attempt_1/search_2_evaluation.json,581d5e03328863f1709c283050074cbc5f6cd25ef22e846e7a8ab511a871e260,2,1500403,1510693,log_cost_corr/budget_1024/robust,log_cost_corr,1024,robust,0,scale_separating,8192,0.04029763115721038,0.0025014410687158725,0.05001440861107799,0.16836364604078696,0.8934326171875,0.05177261424078327,0.18721085994498873,0.15128879157525865,,,,0.1065673828125,0.012465583288281196,0.00024942581286656535,0.9725341796875,0.16219802643030448,0.03400876686180113,0.5352783203125,0.14088291994042634,0.028133128498609727,0.6031494140625,"[0,4,6,8,12,14,15,18]",320,0.001956315593027686,0.813889438722645,0.18706468363485879,0.13346771567490096
F15-ND01 development diagnostic; original F15 result unchanged,v2/work_logs/F15_ND01_v1_run1/evaluation_attempt_1/search_2_evaluation.json,581d5e03328863f1709c283050074cbc5f6cd25ef22e846e7a8ab511a871e260,2,1500403,1510693,log_cost_corr/budget_1024/robust,log_cost_corr,1024,robust,1,mixed_near,8192,0.029764724410597805,0.0013707884287317111,0.0370241600678761,0.15645381356626575,0.671142578125,0.038176467918475614,0.16301763629515,0.16139038618693072,,,,0.328857421875,0.012973565013113184,0.0002643787402042064,0.9979248046875,0.14487294096020542,0.0257976024214485,0.4879150390625,0.1473443479995994,0.026762221778624494,0.477294921875,"[2,5,17,20,24,28,29,31]",234,0.0021132495763646576,0.9406271334942731,0.2593383899857914,0.1262545937381145
F15-ND01 development diagnostic; original F15 result unchanged,v2/work_logs/F15_ND01_v1_run1/evaluation_attempt_1/search_2_evaluation.json,581d5e03328863f1709c283050074cbc5f6cd25ef22e846e7a8ab511a871e260,2,1500403,1510693,log_cost_corr/budget_1024/robust,log_cost_corr,1024,robust,1,mixed_far,8192,0.04581811927160582,0.0030080310952934337,0.054845520284645254,0.1636723282199255,1.0,0.05207876931347816,0.1690406398158507,0.14167182633228367,,,,0.0,0.012275126507300315,0.00024071118177096162,0.970947265625,0.1518409748648722,0.029602607735004158,0.7723388671875,0.1479879695798345,0.028307274533044866,0.779052734375,"[2,5,17,20,24,28,29,31]",234,0.0021132495763646576,0.9406271334942731,0.2593383899857914,0.1262545937381145
F15-ND01 development diagnostic; original F15 result unchanged,v2/work_logs/F15_ND01_v1_run1/evaluation_attempt_1/search_2_evaluation.json,581d5e03328863f1709c283050074cbc5f6cd25ef22e846e7a8ab511a871e260,2,1500403,1510693,log_cost_corr/budget_1024/robust,log_cost_corr,1024,robust,1,preserve_other,8192,0.02675305746330984,0.0011616280150786498,0.03408266443631791,0.12423962463440547,0.9266357421875,0.03478160521906575,0.17109253118510054,0.14794013215553484,,,,0.0733642578125,0.012811743457551181,0.00026776932223080335,0.971435546875,0.15079477363427485,0.029613819682165088,0.535888671875,0.013247249380269327,0.0002807378636652473,0.9693603515625,"[2,5,17,20,24,28,29,31]",234,0.0021132495763646576,0.9406271334942731,0.2593383899857914,0.1262545937381145
F15-ND01 development diagnostic; original F15 result unchanged,v2/work_logs/F15_ND01_v1_run1/evaluation_attempt_1/search_2_evaluation.json,581d5e03328863f1709c283050074cbc5f6cd25ef22e846e7a8ab511a871e260,2,1500403,1510693,log_cost_corr/budget_1024/robust,log_cost_corr,1024,robust,1,equal_target,8192,0.03801264772623847,0.0021623868287661027,0.04650147125377973,0.15683824218210674,0.8984375,0.04405662661654962,1.7751803445521776e-17,0.04405662661654962,0.04405662661654962,,,0.1015625,0.0116857474477421,0.00022235254193761798,0.970458984375,0.0116857474477421,0.00022235254193761798,0.970458984375,0.14445704452164865,0.027523550906569896,0.55517578125,"[2,5,17,20,24,28,29,31]",234,0.0021132495763646576,0.9406271334942731,0.2593383899857914,0.1262545937381145
F15-ND01 development diagnostic; original F15 result unchanged,v2/work_logs/F15_ND01_v1_run1/evaluation_attempt_1/search_2_evaluation.json,581d5e03328863f1709c283050074cbc5f6cd25ef22e846e7a8ab511a871e260,2,1500403,1510693,log_cost_corr/budget_1024/robust,log_cost_corr,1024,robust,1,scale_separating,8192,0.039490159592625425,0.0023442253450413173,0.048417200921173846,0.19731115671510413,0.8909912109375,0.047387914076788995,0.18479739205536055,0.16997807248865213,,,,0.1090087890625,0.013181104630499138,0.0002782564698973264,0.9705810546875,0.1629901917910768,0.03406172754699609,0.5296630859375,0.13941972241860667,0.027869210246732015,0.6226806640625,"[2,5,17,20,24,28,29,31]",234,0.0021132495763646576,0.9406271334942731,0.2593383899857914,0.1262545937381145
F15-ND01 development diagnostic; original F15 result unchanged,v2/work_logs/F15_ND01_v1_run1/evaluation_attempt_1/search_2_evaluation.json,581d5e03328863f1709c283050074cbc5f6cd25ef22e846e7a8ab511a871e260,2,1500403,1510693,log_cost_corr/budget_128/frozen_mse,log_cost_corr,128,frozen_mse,0,mixed_near,8192,0.026398081465500635,0.0011849821149545088,0.034423569178028426,0.1450592893357988,0.706787109375,0.03722571342066054,0.16319451810221314,0.14497017186952713,,,,0.293212890625,0.011723144228262036,0.00021844759049057433,0.9989013671875,0.1465970585563905,0.02639495177296053,0.471923828125,0.14652360175972695,0.026268176945721915,0.48291015625,"[2,5,6,8,9,12,18,25]",5,0.0017100998435853978,0.8745988214225473,0.17558241498598914,0.1232529380456665
F15-ND01 development diagnostic; original F15 result unchanged,v2/work_logs/F15_ND01_v1_run1/evaluation_attempt_1/search_2_evaluation.json,581d5e03328863f1709c283050074cbc5f6cd25ef22e846e7a8ab511a871e260,2,1500403,1510693,log_cost_corr/budget_128/frozen_mse,log_cost_corr,128,frozen_mse,0,mixed_far,8192,0.04593649126875449,0.00280873544607076,0.05299750414944802,0.16870189199954133,1.0,0.05178367154540197,0.1690564693691705,0.13608868028647478,,,,0.0,0.0136778437893276,0.0002960011120982841,0.9693603515625,0.14707055399685123,0.02809983603863074,0.790283203125,0.1528899613925636,0.030063587009188333,0.7701416015625,"[2,5,6,8,9,12,18,25]",5,0.0017100998435853978,0.8745988214225473,0.17558241498598914,0.1232529380456665
F15-ND01 development diagnostic; original F15 result unchanged,v2/work_logs/F15_ND01_v1_run1/evaluation_attempt_1/search_2_evaluation.json,581d5e03328863f1709c283050074cbc5f6cd25ef22e846e7a8ab511a871e260,2,1500403,1510693,log_cost_corr/budget_128/frozen_mse,log_cost_corr,128,frozen_mse,0,preserve_other,8192,0.032236775338136764,0.001680119377611893,0.04098925929572152,0.15823271269531036,0.9180908203125,0.044062287427705356,0.17004098217796912,0.13516881510206916,,,,0.0819091796875,0.011909097642441552,0.00022951997898062337,0.968505859375,0.14581440365243814,0.028116841881646454,0.54541015625,0.01154628249286186,0.00021973359789939965,0.968505859375,"[2,5,6,8,9,12,18,25]",5,0.0017100998435853978,0.8745988214225473,0.17558241498598914,0.1232529380456665
F15-ND01 development diagnostic; original F15 result unchanged,v2/work_logs/F15_ND01_v1_run1/evaluation_attempt_1/search_2_evaluation.json,581d5e03328863f1709c283050074cbc5f6cd25ef22e846e7a8ab511a871e260,2,1500403,1510693,log_cost_corr/budget_128/frozen_mse,log_cost_corr,128,frozen_mse,0,equal_target,8192,0.023251911596928278,0.0009039400141746429,0.030065595190759867,0.1492580964858623,0.950927734375,0.02817552724889222,1.7904770854614538e-17,0.02817552724889222,0.02817552724889222,,,0.049072265625,0.012895908805091828,0.0002691351276455081,0.97119140625,0.012895908805091828,0.0002691351276455081,0.97119140625,0.14835567107788633,0.02867158456297891,0.541259765625,"[2,5,6,8,9,12,18,25]",5,0.0017100998435853978,0.8745988214225473,0.17558241498598914,0.1232529380456665
F15-ND01 development diagnostic; original F15 result unchanged,v2/work_logs/F15_ND01_v1_run1/evaluation_attempt_1/search_2_evaluation.json,581d5e03328863f1709c283050074cbc5f6cd25ef22e846e7a8ab511a871e260,2,1500403,1510693,log_cost_corr/budget_128/frozen_mse,log_cost_corr,128,frozen_mse,0,scale_separating,8192,0.037801791461819716,0.002164522984872381,0.046524434277832774,0.16638627477959395,0.9046630859375,0.04842393890487509,0.18721085994498873,0.15513711147631534,,,,0.0953369140625,0.012465583288281196,0.00024942581286656535,0.9725341796875,0.16219802643030448,0.03400876686180113,0.5352783203125,0.14088291994042634,0.028133128498609727,0.6031494140625,"[2,5,6,8,9,12,18,25]",5,0.0017100998435853978,0.8745988214225473,0.17558241498598914,0.1232529380456665
F15-ND01 development diagnostic; original F15 result unchanged,v2/work_logs/F15_ND01_v1_run1/evaluation_attempt_1/search_2_evaluation.json,581d5e03328863f1709c283050074cbc5f6cd25ef22e846e7a8ab511a871e260,2,1500403,1510693,log_cost_corr/budget_128/frozen_mse,log_cost_corr,128,frozen_mse,1,mixed_near,8192,0.0370514033259353,0.0021118486538841347,0.04595485451923589,0.17510336853197433,0.634765625,0.04769261486926226,0.16301763629515,0.1622711729533665,,,,0.365234375,0.012973565013113184,0.0002643787402042064,0.9979248046875,0.14487294096020542,0.0257976024214485,0.4879150390625,0.1473443479995994,0.026762221778624494,0.477294921875,"[8,17,21,22,24,28,29,31]",74,0.0031764076887700193,1.1010997250432397,0.18166646637350392,0.15458077405228496
F15-ND01 development diagnostic; original F15 result unchanged,v2/work_logs/F15_ND01_v1_run1/evaluation_attempt_1/search_2_evaluation.json,581d5e03328863f1709c283050074cbc5f6cd25ef22e846e7a8ab511a871e260,2,1500403,1510693,log_cost_corr/budget_128/frozen_mse,log_cost_corr,128,frozen_mse,1,mixed_far,8192,0.05405364206227619,0.004101020342676169,0.06403920941638934,0.20412021685265425,0.9996337890625,0.06146686041871933,0.1690406398158507,0.13842812491312229,,,,0.0003662109375,0.012275126507300315,0.00024071118177096162,0.970947265625,0.1518409748648722,0.029602607735004158,0.7723388671875,0.1479879695798345,0.028307274533044866,0.779052734375,"[8,17,21,22,24,28,29,31]",74,0.0031764076887700193,1.1010997250432397,0.18166646637350392,0.15458077405228496
F15-ND01 development diagnostic; original F15 result unchanged,v2/work_logs/F15_ND01_v1_run1/evaluation_attempt_1/search_2_evaluation.json,581d5e03328863f1709c283050074cbc5f6cd25ef22e846e7a8ab511a871e260,2,1500403,1510693,log_cost_corr/budget_128/frozen_mse,log_cost_corr,128,frozen_mse,1,preserve_other,8192,0.03347742557360375,0.001972557896217396,0.04441348777361891,0.18695885930448708,0.914306640625,0.04536752794546655,0.17109253118510054,0.14879835211354367,,,,0.085693359375,0.012811743457551181,0.00026776932223080335,0.971435546875,0.15079477363427485,0.029613819682165088,0.535888671875,0.013247249380269327,0.0002807378636652473,0.9693603515625,"[8,17,21,22,24,28,29,31]",74,0.0031764076887700193,1.1010997250432397,0.18166646637350392,0.15458077405228496
F15-ND01 development diagnostic; original F15 result unchanged,v2/work_logs/F15_ND01_v1_run1/evaluation_attempt_1/search_2_evaluation.json,581d5e03328863f1709c283050074cbc5f6cd25ef22e846e7a8ab511a871e260,2,1500403,1510693,log_cost_corr/budget_128/frozen_mse,log_cost_corr,128,frozen_mse,1,equal_target,8192,0.047688922427937916,0.0032570921038946295,0.0570709392238697,0.20013580552158206,0.858642578125,0.05367370418806764,1.7751803445521776e-17,0.05367370418806764,0.05367370418806764,,,0.141357421875,0.0116857474477421,0.00022235254193761798,0.970458984375,0.0116857474477421,0.00022235254193761798,0.970458984375,0.14445704452164865,0.027523550906569896,0.55517578125,"[8,17,21,22,24,28,29,31]",74,0.0031764076887700193,1.1010997250432397,0.18166646637350392,0.15458077405228496
F15-ND01 development diagnostic; original F15 result unchanged,v2/work_logs/F15_ND01_v1_run1/evaluation_attempt_1/search_2_evaluation.json,581d5e03328863f1709c283050074cbc5f6cd25ef22e846e7a8ab511a871e260,2,1500403,1510693,log_cost_corr/budget_128/frozen_mse,log_cost_corr,128,frozen_mse,1,scale_separating,8192,0.04934494925786148,0.003755058820880359,0.06127853474815108,0.21275309831653072,0.8543701171875,0.06111834012492434,0.18479739205536055,0.17161142285826536,,,,0.1456298828125,0.013181104630499138,0.0002782564698973264,0.9705810546875,0.1629901917910768,0.03406172754699609,0.5296630859375,0.13941972241860667,0.027869210246732015,0.6226806640625,"[8,17,21,22,24,28,29,31]",74,0.0031764076887700193,1.1010997250432397,0.18166646637350392,0.15458077405228496
F15-ND01 development diagnostic; original F15 result unchanged,v2/work_logs/F15_ND01_v1_run1/evaluation_attempt_1/search_2_evaluation.json,581d5e03328863f1709c283050074cbc5f6cd25ef22e846e7a8ab511a871e260,2,1500403,1510693,log_cost_corr/budget_128/robust,log_cost_corr,128,robust,0,mixed_near,8192,0.026398081465500635,0.0011849821149545088,0.034423569178028426,0.1450592893357988,0.706787109375,0.03722571342066054,0.16319451810221314,0.14497017186952713,,,,0.293212890625,0.011723144228262036,0.00021844759049057433,0.9989013671875,0.1465970585563905,0.02639495177296053,0.471923828125,0.14652360175972695,0.026268176945721915,0.48291015625,"[2,5,6,8,9,12,18,25]",5,0.0017100998435853978,0.8745988214225473,0.17558241498598914,0.1232529380456665
F15-ND01 development diagnostic; original F15 result unchanged,v2/work_logs/F15_ND01_v1_run1/evaluation_attempt_1/search_2_evaluation.json,581d5e03328863f1709c283050074cbc5f6cd25ef22e846e7a8ab511a871e260,2,1500403,1510693,log_cost_corr/budget_128/robust,log_cost_corr,128,robust,0,mixed_far,8192,0.04593649126875449,0.00280873544607076,0.05299750414944802,0.16870189199954133,1.0,0.05178367154540197,0.1690564693691705,0.13608868028647478,,,,0.0,0.0136778437893276,0.0002960011120982841,0.9693603515625,0.14707055399685123,0.02809983603863074,0.790283203125,0.1528899613925636,0.030063587009188333,0.7701416015625,"[2,5,6,8,9,12,18,25]",5,0.0017100998435853978,0.8745988214225473,0.17558241498598914,0.1232529380456665
F15-ND01 development diagnostic; original F15 result unchanged,v2/work_logs/F15_ND01_v1_run1/evaluation_attempt_1/search_2_evaluation.json,581d5e03328863f1709c283050074cbc5f6cd25ef22e846e7a8ab511a871e260,2,1500403,1510693,log_cost_corr/budget_128/robust,log_cost_corr,128,robust,0,preserve_other,8192,0.032236775338136764,0.001680119377611893,0.04098925929572152,0.15823271269531036,0.9180908203125,0.044062287427705356,0.17004098217796912,0.13516881510206916,,,,0.0819091796875,0.011909097642441552,0.00022951997898062337,0.968505859375,0.14581440365243814,0.028116841881646454,0.54541015625,0.01154628249286186,0.00021973359789939965,0.968505859375,"[2,5,6,8,9,12,18,25]",5,0.0017100998435853978,0.8745988214225473,0.17558241498598914,0.1232529380456665
F15-ND01 development diagnostic; original F15 result unchanged,v2/work_logs/F15_ND01_v1_run1/evaluation_attempt_1/search_2_evaluation.json,581d5e03328863f1709c283050074cbc5f6cd25ef22e846e7a8ab511a871e260,2,1500403,1510693,log_cost_corr/budget_128/robust,log_cost_corr,128,robust,0,equal_target,8192,0.023251911596928278,0.0009039400141746429,0.030065595190759867,0.1492580964858623,0.950927734375,0.02817552724889222,1.7904770854614538e-17,0.02817552724889222,0.02817552724889222,,,0.049072265625,0.012895908805091828,0.0002691351276455081,0.97119140625,0.012895908805091828,0.0002691351276455081,0.97119140625,0.14835567107788633,0.02867158456297891,0.541259765625,"[2,5,6,8,9,12,18,25]",5,0.0017100998435853978,0.8745988214225473,0.17558241498598914,0.1232529380456665
F15-ND01 development diagnostic; original F15 result unchanged,v2/work_logs/F15_ND01_v1_run1/evaluation_attempt_1/search_2_evaluation.json,581d5e03328863f1709c283050074cbc5f6cd25ef22e846e7a8ab511a871e260,2,1500403,1510693,log_cost_corr/budget_128/robust,log_cost_corr,128,robust,0,scale_separating,8192,0.037801791461819716,0.002164522984872381,0.046524434277832774,0.16638627477959395,0.9046630859375,0.04842393890487509,0.18721085994498873,0.15513711147631534,,,,0.0953369140625,0.012465583288281196,0.00024942581286656535,0.9725341796875,0.16219802643030448,0.03400876686180113,0.5352783203125,0.14088291994042634,0.028133128498609727,0.6031494140625,"[2,5,6,8,9,12,18,25]",5,0.0017100998435853978,0.8745988214225473,0.17558241498598914,0.1232529380456665
F15-ND01 development diagnostic; original F15 result unchanged,v2/work_logs/F15_ND01_v1_run1/evaluation_attempt_1/search_2_evaluation.json,581d5e03328863f1709c283050074cbc5f6cd25ef22e846e7a8ab511a871e260,2,1500403,1510693,log_cost_corr/budget_128/robust,log_cost_corr,128,robust,1,mixed_near,8192,0.0370514033259353,0.0021118486538841347,0.04595485451923589,0.17510336853197433,0.634765625,0.04769261486926226,0.16301763629515,0.1622711729533665,,,,0.365234375,0.012973565013113184,0.0002643787402042064,0.9979248046875,0.14487294096020542,0.0257976024214485,0.4879150390625,0.1473443479995994,0.026762221778624494,0.477294921875,"[8,17,21,22,24,28,29,31]",74,0.0031764076887700193,1.1010997250432397,0.18166646637350392,0.15458077405228496
F15-ND01 development diagnostic; original F15 result unchanged,v2/work_logs/F15_ND01_v1_run1/evaluation_attempt_1/search_2_evaluation.json,581d5e03328863f1709c283050074cbc5f6cd25ef22e846e7a8ab511a871e260,2,1500403,1510693,log_cost_corr/budget_128/robust,log_cost_corr,128,robust,1,mixed_far,8192,0.05405364206227619,0.004101020342676169,0.06403920941638934,0.20412021685265425,0.9996337890625,0.06146686041871933,0.1690406398158507,0.13842812491312229,,,,0.0003662109375,0.012275126507300315,0.00024071118177096162,0.970947265625,0.1518409748648722,0.029602607735004158,0.7723388671875,0.1479879695798345,0.028307274533044866,0.779052734375,"[8,17,21,22,24,28,29,31]",74,0.0031764076887700193,1.1010997250432397,0.18166646637350392,0.15458077405228496
F15-ND01 development diagnostic; original F15 result unchanged,v2/work_logs/F15_ND01_v1_run1/evaluation_attempt_1/search_2_evaluation.json,581d5e03328863f1709c283050074cbc5f6cd25ef22e846e7a8ab511a871e260,2,1500403,1510693,log_cost_corr/budget_128/robust,log_cost_corr,128,robust,1,preserve_other,8192,0.03347742557360375,0.001972557896217396,0.04441348777361891,0.18695885930448708,0.914306640625,0.04536752794546655,0.17109253118510054,0.14879835211354367,,,,0.085693359375,0.012811743457551181,0.00026776932223080335,0.971435546875,0.15079477363427485,0.029613819682165088,0.535888671875,0.013247249380269327,0.0002807378636652473,0.9693603515625,"[8,17,21,22,24,28,29,31]",74,0.0031764076887700193,1.1010997250432397,0.18166646637350392,0.15458077405228496
F15-ND01 development diagnostic; original F15 result unchanged,v2/work_logs/F15_ND01_v1_run1/evaluation_attempt_1/search_2_evaluation.json,581d5e03328863f1709c283050074cbc5f6cd25ef22e846e7a8ab511a871e260,2,1500403,1510693,log_cost_corr/budget_128/robust,log_cost_corr,128,robust,1,equal_target,8192,0.047688922427937916,0.0032570921038946295,0.0570709392238697,0.20013580552158206,0.858642578125,0.05367370418806764,1.7751803445521776e-17,0.05367370418806764,0.05367370418806764,,,0.141357421875,0.0116857474477421,0.00022235254193761798,0.970458984375,0.0116857474477421,0.00022235254193761798,0.970458984375,0.14445704452164865,0.027523550906569896,0.55517578125,"[8,17,21,22,24,28,29,31]",74,0.0031764076887700193,1.1010997250432397,0.18166646637350392,0.15458077405228496
F15-ND01 development diagnostic; original F15 result unchanged,v2/work_logs/F15_ND01_v1_run1/evaluation_attempt_1/search_2_evaluation.json,581d5e03328863f1709c283050074cbc5f6cd25ef22e846e7a8ab511a871e260,2,1500403,1510693,log_cost_corr/budget_128/robust,log_cost_corr,128,robust,1,scale_separating,8192,0.04934494925786148,0.003755058820880359,0.06127853474815108,0.21275309831653072,0.8543701171875,0.06111834012492434,0.18479739205536055,0.17161142285826536,,,,0.1456298828125,0.013181104630499138,0.0002782564698973264,0.9705810546875,0.1629901917910768,0.03406172754699609,0.5296630859375,0.13941972241860667,0.027869210246732015,0.6226806640625,"[8,17,21,22,24,28,29,31]",74,0.0031764076887700193,1.1010997250432397,0.18166646637350392,0.15458077405228496
F15-ND01 development diagnostic; original F15 result unchanged,v2/work_logs/F15_ND01_v1_run1/evaluation_attempt_1/search_2_evaluation.json,581d5e03328863f1709c283050074cbc5f6cd25ef22e846e7a8ab511a871e260,2,1500403,1510693,permuted_cost_corr/budget_1024/frozen_mse,permuted_cost_corr,1024,frozen_mse,0,mixed_near,8192,0.03476085920406204,0.0019570235140582218,0.04423825848808045,0.20294987813174137,0.64306640625,0.046790812418434254,0.16319451810221314,0.1450430767331538,,,,0.35693359375,0.011723144228262036,0.00021844759049057433,0.9989013671875,0.1465970585563905,0.02639495177296053,0.471923828125,0.14652360175972695,0.026268176945721915,0.48291015625,"[5,8,11,12,16,18,19,22]",74,0.0029803393106121413,1.0300708746229952,1.0026179416942491,0.15409425533216783
F15-ND01 development diagnostic; original F15 result unchanged,v2/work_logs/F15_ND01_v1_run1/evaluation_attempt_1/search_2_evaluation.json,581d5e03328863f1709c283050074cbc5f6cd25ef22e846e7a8ab511a871e260,2,1500403,1510693,permuted_cost_corr/budget_1024/frozen_mse,permuted_cost_corr,1024,frozen_mse,0,mixed_far,8192,0.054660102357550366,0.004142597997548207,0.06436301731233711,0.22966803273326114,0.9993896484375,0.06358097411413345,0.1690564693691705,0.12581033725939228,,,,0.0006103515625,0.0136778437893276,0.0002960011120982841,0.9693603515625,0.14707055399685123,0.02809983603863074,0.790283203125,0.1528899613925636,0.030063587009188333,0.7701416015625,"[5,8,11,12,16,18,19,22]",74,0.0029803393106121413,1.0300708746229952,1.0026179416942491,0.15409425533216783
F15-ND01 development diagnostic; original F15 result unchanged,v2/work_logs/F15_ND01_v1_run1/evaluation_attempt_1/search_2_evaluation.json,581d5e03328863f1709c283050074cbc5f6cd25ef22e846e7a8ab511a871e260,2,1500403,1510693,permuted_cost_corr/budget_1024/frozen_mse,permuted_cost_corr,1024,frozen_mse,0,preserve_other,8192,0.04718829659282502,0.0033385405481476597,0.05778010512406204,0.19627110732641717,0.8642578125,0.060284643732038554,0.17004098217796912,0.12227448848283946,,,,0.1357421875,0.011909097642441552,0.00022951997898062337,0.968505859375,0.14581440365243814,0.028116841881646454,0.54541015625,0.01154628249286186,0.00021973359789939965,0.968505859375,"[5,8,11,12,16,18,19,22]",74,0.0029803393106121413,1.0300708746229952,1.0026179416942491,0.15409425533216783
F15-ND01 development diagnostic; original F15 result unchanged,v2/work_logs/F15_ND01_v1_run1/evaluation_attempt_1/search_2_evaluation.json,581d5e03328863f1709c283050074cbc5f6cd25ef22e846e7a8ab511a871e260,2,1500403,1510693,permuted_cost_corr/budget_1024/frozen_mse,permuted_cost_corr,1024,frozen_mse,0,equal_target,8192,0.03167530202196882,0.0015813988977415763,0.03976680648155666,0.1492006143403654,0.916259765625,0.038904779961352214,1.7904770854614538e-17,0.038904779961352214,0.038904779961352214,,,0.083740234375,0.012895908805091828,0.0002691351276455081,0.97119140625,0.012895908805091828,0.0002691351276455081,0.97119140625,0.14835567107788633,0.02867158456297891,0.541259765625,"[5,8,11,12,16,18,19,22]",74,0.0029803393106121413,1.0300708746229952,1.0026179416942491,0.15409425533216783
F15-ND01 development diagnostic; original F15 result unchanged,v2/work_logs/F15_ND01_v1_run1/evaluation_attempt_1/search_2_evaluation.json,581d5e03328863f1709c283050074cbc5f6cd25ef22e846e7a8ab511a871e260,2,1500403,1510693,permuted_cost_corr/budget_1024/frozen_mse,permuted_cost_corr,1024,frozen_mse,0,scale_separating,8192,0.05047977186278704,0.0038794135985928046,0.062284938778109145,0.2281940761266379,0.8555908203125,0.06424728521887207,0.18721085994498873,0.14299912266180226,,,,0.1444091796875,0.012465583288281196,0.00024942581286656535,0.9725341796875,0.16219802643030448,0.03400876686180113,0.5352783203125,0.14088291994042634,0.028133128498609727,0.6031494140625,"[5,8,11,12,16,18,19,22]",74,0.0029803393106121413,1.0300708746229952,1.0026179416942491,0.15409425533216783
F15-ND01 development diagnostic; original F15 result unchanged,v2/work_logs/F15_ND01_v1_run1/evaluation_attempt_1/search_2_evaluation.json,581d5e03328863f1709c283050074cbc5f6cd25ef22e846e7a8ab511a871e260,2,1500403,1510693,permuted_cost_corr/budget_1024/frozen_mse,permuted_cost_corr,1024,frozen_mse,1,mixed_near,8192,0.03144396709003068,0.0015405472351588314,0.039249805542942905,0.19550682200199915,0.6607666015625,0.04174806031941709,0.16301763629515,0.15776899398198568,,,,0.3392333984375,0.012973565013113184,0.0002643787402042064,0.9979248046875,0.14487294096020542,0.0257976024214485,0.4879150390625,0.1473443479995994,0.026762221778624494,0.477294921875,"[11,16,17,23,24,26,28,31]",827,0.002515959407256283,1.064448156893883,0.9960834123876108,0.14116591515620236
F15-ND01 development diagnostic; original F15 result unchanged,v2/work_logs/F15_ND01_v1_run1/evaluation_attempt_1/search_2_evaluation.json,581d5e03328863f1709c283050074cbc5f6cd25ef22e846e7a8ab511a871e260,2,1500403,1510693,permuted_cost_corr/budget_1024/frozen_mse,permuted_cost_corr,1024,frozen_mse,1,mixed_far,8192,0.050285992439521754,0.003547423949375455,0.05956025477930274,0.2221402802895484,0.999267578125,0.056784317608752084,0.1690406398158507,0.13542211031853416,,,,0.000732421875,0.012275126507300315,0.00024071118177096162,0.970947265625,0.1518409748648722,0.029602607735004158,0.7723388671875,0.1479879695798345,0.028307274533044866,0.779052734375,"[11,16,17,23,24,26,28,31]",827,0.002515959407256283,1.064448156893883,0.9960834123876108,0.14116591515620236
F15-ND01 development diagnostic; original F15 result unchanged,v2/work_logs/F15_ND01_v1_run1/evaluation_attempt_1/search_2_evaluation.json,581d5e03328863f1709c283050074cbc5f6cd25ef22e846e7a8ab511a871e260,2,1500403,1510693,permuted_cost_corr/budget_1024/frozen_mse,permuted_cost_corr,1024,frozen_mse,1,preserve_other,8192,0.033235023438911514,0.0020171120218746147,0.04491227028190197,0.20466058594612202,0.917724609375,0.045598944852890455,0.17109253118510054,0.1402608277100398,,,,0.082275390625,0.012811743457551181,0.00026776932223080335,0.971435546875,0.15079477363427485,0.029613819682165088,0.535888671875,0.013247249380269327,0.0002807378636652473,0.9693603515625,"[11,16,17,23,24,26,28,31]",827,0.002515959407256283,1.064448156893883,0.9960834123876108,0.14116591515620236
F15-ND01 development diagnostic; original F15 result unchanged,v2/work_logs/F15_ND01_v1_run1/evaluation_attempt_1/search_2_evaluation.json,581d5e03328863f1709c283050074cbc5f6cd25ef22e846e7a8ab511a871e260,2,1500403,1510693,permuted_cost_corr/budget_1024/frozen_mse,permuted_cost_corr,1024,frozen_mse,1,equal_target,8192,0.03400312826774119,0.0017179495041357152,0.04144815441169504,0.14971393775267827,0.904052734375,0.038234336849589365,1.7751803445521776e-17,0.038234336849589365,0.038234336849589365,,,0.095947265625,0.0116857474477421,0.00022235254193761798,0.970458984375,0.0116857474477421,0.00022235254193761798,0.970458984375,0.14445704452164865,0.027523550906569896,0.55517578125,"[11,16,17,23,24,26,28,31]",827,0.002515959407256283,1.064448156893883,0.9960834123876108,0.14116591515620236
F15-ND01 development diagnostic; original F15 result unchanged,v2/work_logs/F15_ND01_v1_run1/evaluation_attempt_1/search_2_evaluation.json,581d5e03328863f1709c283050074cbc5f6cd25ef22e846e7a8ab511a871e260,2,1500403,1510693,permuted_cost_corr/budget_1024/frozen_mse,permuted_cost_corr,1024,frozen_mse,1,scale_separating,8192,0.04401561998673859,0.0029086657666012854,0.05393204767669484,0.1993286991442882,0.8759765625,0.05386564438367173,0.18479739205536055,0.15934035378458708,,,,0.1240234375,0.013181104630499138,0.0002782564698973264,0.9705810546875,0.1629901917910768,0.03406172754699609,0.5296630859375,0.13941972241860667,0.027869210246732015,0.6226806640625,"[11,16,17,23,24,26,28,31]",827,0.002515959407256283,1.064448156893883,0.9960834123876108,0.14116591515620236
F15-ND01 development diagnostic; original F15 result unchanged,v2/work_logs/F15_ND01_v1_run1/evaluation_attempt_1/search_2_evaluation.json,581d5e03328863f1709c283050074cbc5f6cd25ef22e846e7a8ab511a871e260,2,1500403,1510693,permuted_cost_corr/budget_1024/robust,permuted_cost_corr,1024,robust,0,mixed_near,8192,0.03476085920406204,0.0019570235140582218,0.04423825848808045,0.20294987813174137,0.64306640625,0.046790812418434254,0.16319451810221314,0.1450430767331538,,,,0.35693359375,0.011723144228262036,0.00021844759049057433,0.9989013671875,0.1465970585563905,0.02639495177296053,0.471923828125,0.14652360175972695,0.026268176945721915,0.48291015625,"[5,8,11,12,16,18,19,22]",74,0.0029803393106121413,1.0300708746229952,1.0026179416942491,0.15409425533216783
F15-ND01 development diagnostic; original F15 result unchanged,v2/work_logs/F15_ND01_v1_run1/evaluation_attempt_1/search_2_evaluation.json,581d5e03328863f1709c283050074cbc5f6cd25ef22e846e7a8ab511a871e260,2,1500403,1510693,permuted_cost_corr/budget_1024/robust,permuted_cost_corr,1024,robust,0,mixed_far,8192,0.054660102357550366,0.004142597997548207,0.06436301731233711,0.22966803273326114,0.9993896484375,0.06358097411413345,0.1690564693691705,0.12581033725939228,,,,0.0006103515625,0.0136778437893276,0.0002960011120982841,0.9693603515625,0.14707055399685123,0.02809983603863074,0.790283203125,0.1528899613925636,0.030063587009188333,0.7701416015625,"[5,8,11,12,16,18,19,22]",74,0.0029803393106121413,1.0300708746229952,1.0026179416942491,0.15409425533216783
F15-ND01 development diagnostic; original F15 result unchanged,v2/work_logs/F15_ND01_v1_run1/evaluation_attempt_1/search_2_evaluation.json,581d5e03328863f1709c283050074cbc5f6cd25ef22e846e7a8ab511a871e260,2,1500403,1510693,permuted_cost_corr/budget_1024/robust,permuted_cost_corr,1024,robust,0,preserve_other,8192,0.04718829659282502,0.0033385405481476597,0.05778010512406204,0.19627110732641717,0.8642578125,0.060284643732038554,0.17004098217796912,0.12227448848283946,,,,0.1357421875,0.011909097642441552,0.00022951997898062337,0.968505859375,0.14581440365243814,0.028116841881646454,0.54541015625,0.01154628249286186,0.00021973359789939965,0.968505859375,"[5,8,11,12,16,18,19,22]",74,0.0029803393106121413,1.0300708746229952,1.0026179416942491,0.15409425533216783
F15-ND01 development diagnostic; original F15 result unchanged,v2/work_logs/F15_ND01_v1_run1/evaluation_attempt_1/search_2_evaluation.json,581d5e03328863f1709c283050074cbc5f6cd25ef22e846e7a8ab511a871e260,2,1500403,1510693,permuted_cost_corr/budget_1024/robust,permuted_cost_corr,1024,robust,0,equal_target,8192,0.03167530202196882,0.0015813988977415763,0.03976680648155666,0.1492006143403654,0.916259765625,0.038904779961352214,1.7904770854614538e-17,0.038904779961352214,0.038904779961352214,,,0.083740234375,0.012895908805091828,0.0002691351276455081,0.97119140625,0.012895908805091828,0.0002691351276455081,0.97119140625,0.14835567107788633,0.02867158456297891,0.541259765625,"[5,8,11,12,16,18,19,22]",74,0.0029803393106121413,1.0300708746229952,1.0026179416942491,0.15409425533216783
F15-ND01 development diagnostic; original F15 result unchanged,v2/work_logs/F15_ND01_v1_run1/evaluation_attempt_1/search_2_evaluation.json,581d5e03328863f1709c283050074cbc5f6cd25ef22e846e7a8ab511a871e260,2,1500403,1510693,permuted_cost_corr/budget_1024/robust,permuted_cost_corr,1024,robust,0,scale_separating,8192,0.05047977186278704,0.0038794135985928046,0.062284938778109145,0.2281940761266379,0.8555908203125,0.06424728521887207,0.18721085994498873,0.14299912266180226,,,,0.1444091796875,0.012465583288281196,0.00024942581286656535,0.9725341796875,0.16219802643030448,0.03400876686180113,0.5352783203125,0.14088291994042634,0.028133128498609727,0.6031494140625,"[5,8,11,12,16,18,19,22]",74,0.0029803393106121413,1.0300708746229952,1.0026179416942491,0.15409425533216783
F15-ND01 development diagnostic; original F15 result unchanged,v2/work_logs/F15_ND01_v1_run1/evaluation_attempt_1/search_2_evaluation.json,581d5e03328863f1709c283050074cbc5f6cd25ef22e846e7a8ab511a871e260,2,1500403,1510693,permuted_cost_corr/budget_1024/robust,permuted_cost_corr,1024,robust,1,mixed_near,8192,0.03144396709003068,0.0015405472351588314,0.039249805542942905,0.19550682200199915,0.6607666015625,0.04174806031941709,0.16301763629515,0.15776899398198568,,,,0.3392333984375,0.012973565013113184,0.0002643787402042064,0.9979248046875,0.14487294096020542,0.0257976024214485,0.4879150390625,0.1473443479995994,0.026762221778624494,0.477294921875,"[11,16,17,23,24,26,28,31]",827,0.002515959407256283,1.064448156893883,0.9960834123876108,0.14116591515620236
F15-ND01 development diagnostic; original F15 result unchanged,v2/work_logs/F15_ND01_v1_run1/evaluation_attempt_1/search_2_evaluation.json,581d5e03328863f1709c283050074cbc5f6cd25ef22e846e7a8ab511a871e260,2,1500403,1510693,permuted_cost_corr/budget_1024/robust,permuted_cost_corr,1024,robust,1,mixed_far,8192,0.050285992439521754,0.003547423949375455,0.05956025477930274,0.2221402802895484,0.999267578125,0.056784317608752084,0.1690406398158507,0.13542211031853416,,,,0.000732421875,0.012275126507300315,0.00024071118177096162,0.970947265625,0.1518409748648722,0.029602607735004158,0.7723388671875,0.1479879695798345,0.028307274533044866,0.779052734375,"[11,16,17,23,24,26,28,31]",827,0.002515959407256283,1.064448156893883,0.9960834123876108,0.14116591515620236
F15-ND01 development diagnostic; original F15 result unchanged,v2/work_logs/F15_ND01_v1_run1/evaluation_attempt_1/search_2_evaluation.json,581d5e03328863f1709c283050074cbc5f6cd25ef22e846e7a8ab511a871e260,2,1500403,1510693,permuted_cost_corr/budget_1024/robust,permuted_cost_corr,1024,robust,1,preserve_other,8192,0.033235023438911514,0.0020171120218746147,0.04491227028190197,0.20466058594612202,0.917724609375,0.045598944852890455,0.17109253118510054,0.1402608277100398,,,,0.082275390625,0.012811743457551181,0.00026776932223080335,0.971435546875,0.15079477363427485,0.029613819682165088,0.535888671875,0.013247249380269327,0.0002807378636652473,0.9693603515625,"[11,16,17,23,24,26,28,31]",827,0.002515959407256283,1.064448156893883,0.9960834123876108,0.14116591515620236
F15-ND01 development diagnostic; original F15 result unchanged,v2/work_logs/F15_ND01_v1_run1/evaluation_attempt_1/search_2_evaluation.json,581d5e03328863f1709c283050074cbc5f6cd25ef22e846e7a8ab511a871e260,2,1500403,1510693,permuted_cost_corr/budget_1024/robust,permuted_cost_corr,1024,robust,1,equal_target,8192,0.03400312826774119,0.0017179495041357152,0.04144815441169504,0.14971393775267827,0.904052734375,0.038234336849589365,1.7751803445521776e-17,0.038234336849589365,0.038234336849589365,,,0.095947265625,0.0116857474477421,0.00022235254193761798,0.970458984375,0.0116857474477421,0.00022235254193761798,0.970458984375,0.14445704452164865,0.027523550906569896,0.55517578125,"[11,16,17,23,24,26,28,31]",827,0.002515959407256283,1.064448156893883,0.9960834123876108,0.14116591515620236
F15-ND01 development diagnostic; original F15 result unchanged,v2/work_logs/F15_ND01_v1_run1/evaluation_attempt_1/search_2_evaluation.json,581d5e03328863f1709c283050074cbc5f6cd25ef22e846e7a8ab511a871e260,2,1500403,1510693,permuted_cost_corr/budget_1024/robust,permuted_cost_corr,1024,robust,1,scale_separating,8192,0.04401561998673859,0.0029086657666012854,0.05393204767669484,0.1993286991442882,0.8759765625,0.05386564438367173,0.18479739205536055,0.15934035378458708,,,,0.1240234375,0.013181104630499138,0.0002782564698973264,0.9705810546875,0.1629901917910768,0.03406172754699609,0.5296630859375,0.13941972241860667,0.027869210246732015,0.6226806640625,"[11,16,17,23,24,26,28,31]",827,0.002515959407256283,1.064448156893883,0.9960834123876108,0.14116591515620236
F15-ND01 development diagnostic; original F15 result unchanged,v2/work_logs/F15_ND01_v1_run1/evaluation_attempt_1/search_2_evaluation.json,581d5e03328863f1709c283050074cbc5f6cd25ef22e846e7a8ab511a871e260,2,1500403,1510693,permuted_cost_corr/budget_128/frozen_mse,permuted_cost_corr,128,frozen_mse,0,mixed_near,8192,0.03476085920406204,0.0019570235140582218,0.04423825848808045,0.20294987813174137,0.64306640625,0.046790812418434254,0.16319451810221314,0.1450430767331538,,,,0.35693359375,0.011723144228262036,0.00021844759049057433,0.9989013671875,0.1465970585563905,0.02639495177296053,0.471923828125,0.14652360175972695,0.026268176945721915,0.48291015625,"[5,8,11,12,16,18,19,22]",74,0.0029803393106121413,1.0300708746229952,1.0026179416942491,0.15409425533216783
F15-ND01 development diagnostic; original F15 result unchanged,v2/work_logs/F15_ND01_v1_run1/evaluation_attempt_1/search_2_evaluation.json,581d5e03328863f1709c283050074cbc5f6cd25ef22e846e7a8ab511a871e260,2,1500403,1510693,permuted_cost_corr/budget_128/frozen_mse,permuted_cost_corr,128,frozen_mse,0,mixed_far,8192,0.054660102357550366,0.004142597997548207,0.06436301731233711,0.22966803273326114,0.9993896484375,0.06358097411413345,0.1690564693691705,0.12581033725939228,,,,0.0006103515625,0.0136778437893276,0.0002960011120982841,0.9693603515625,0.14707055399685123,0.02809983603863074,0.790283203125,0.1528899613925636,0.030063587009188333,0.7701416015625,"[5,8,11,12,16,18,19,22]",74,0.0029803393106121413,1.0300708746229952,1.0026179416942491,0.15409425533216783
F15-ND01 development diagnostic; original F15 result unchanged,v2/work_logs/F15_ND01_v1_run1/evaluation_attempt_1/search_2_evaluation.json,581d5e03328863f1709c283050074cbc5f6cd25ef22e846e7a8ab511a871e260,2,1500403,1510693,permuted_cost_corr/budget_128/frozen_mse,permuted_cost_corr,128,frozen_mse,0,preserve_other,8192,0.04718829659282502,0.0033385405481476597,0.05778010512406204,0.19627110732641717,0.8642578125,0.060284643732038554,0.17004098217796912,0.12227448848283946,,,,0.1357421875,0.011909097642441552,0.00022951997898062337,0.968505859375,0.14581440365243814,0.028116841881646454,0.54541015625,0.01154628249286186,0.00021973359789939965,0.968505859375,"[5,8,11,12,16,18,19,22]",74,0.0029803393106121413,1.0300708746229952,1.0026179416942491,0.15409425533216783
F15-ND01 development diagnostic; original F15 result unchanged,v2/work_logs/F15_ND01_v1_run1/evaluation_attempt_1/search_2_evaluation.json,581d5e03328863f1709c283050074cbc5f6cd25ef22e846e7a8ab511a871e260,2,1500403,1510693,permuted_cost_corr/budget_128/frozen_mse,permuted_cost_corr,128,frozen_mse,0,equal_target,8192,0.03167530202196882,0.0015813988977415763,0.03976680648155666,0.1492006143403654,0.916259765625,0.038904779961352214,1.7904770854614538e-17,0.038904779961352214,0.038904779961352214,,,0.083740234375,0.012895908805091828,0.0002691351276455081,0.97119140625,0.012895908805091828,0.0002691351276455081,0.97119140625,0.14835567107788633,0.02867158456297891,0.541259765625,"[5,8,11,12,16,18,19,22]",74,0.0029803393106121413,1.0300708746229952,1.0026179416942491,0.15409425533216783
F15-ND01 development diagnostic; original F15 result unchanged,v2/work_logs/F15_ND01_v1_run1/evaluation_attempt_1/search_2_evaluation.json,581d5e03328863f1709c283050074cbc5f6cd25ef22e846e7a8ab511a871e260,2,1500403,1510693,permuted_cost_corr/budget_128/frozen_mse,permuted_cost_corr,128,frozen_mse,0,scale_separating,8192,0.05047977186278704,0.0038794135985928046,0.062284938778109145,0.2281940761266379,0.8555908203125,0.06424728521887207,0.18721085994498873,0.14299912266180226,,,,0.1444091796875,0.012465583288281196,0.00024942581286656535,0.9725341796875,0.16219802643030448,0.03400876686180113,0.5352783203125,0.14088291994042634,0.028133128498609727,0.6031494140625,"[5,8,11,12,16,18,19,22]",74,0.0029803393106121413,1.0300708746229952,1.0026179416942491,0.15409425533216783
F15-ND01 development diagnostic; original F15 result unchanged,v2/work_logs/F15_ND01_v1_run1/evaluation_attempt_1/search_2_evaluation.json,581d5e03328863f1709c283050074cbc5f6cd25ef22e846e7a8ab511a871e260,2,1500403,1510693,permuted_cost_corr/budget_128/frozen_mse,permuted_cost_corr,128,frozen_mse,1,mixed_near,8192,0.057844265519644195,0.004853006280675901,0.06966352187964589,0.2110994037779672,0.57568359375,0.07148203042141572,0.16301763629515,0.11723912497850511,,,,0.42431640625,0.012973565013113184,0.0002643787402042064,0.9979248046875,0.14487294096020542,0.0257976024214485,0.4879150390625,0.1473443479995994,0.026762221778624494,0.477294921875,"[5,10,11,17,19,22,23,24]",68,0.007198839673510168,1.8807298630729252,0.997572675390436,0.23084341181015505
F15-ND01 development diagnostic; original F15 result unchanged,v2/work_logs/F15_ND01_v1_run1/evaluation_attempt_1/search_2_evaluation.json,581d5e03328863f1709c283050074cbc5f6cd25ef22e846e7a8ab511a871e260,2,1500403,1510693,permuted_cost_corr/budget_128/frozen_mse,permuted_cost_corr,128,frozen_mse,1,mixed_far,8192,0.08520999759551018,0.009849466649951823,0.0992444791912972,0.25841888064309965,0.97802734375,0.09549762457166341,0.1690406398158507,0.09835698431674686,,,,0.02197265625,0.012275126507300315,0.00024071118177096162,0.970947265625,0.1518409748648722,0.029602607735004158,0.7723388671875,0.1479879695798345,0.028307274533044866,0.779052734375,"[5,10,11,17,19,22,23,24]",68,0.007198839673510168,1.8807298630729252,0.997572675390436,0.23084341181015505
F15-ND01 development diagnostic; original F15 result unchanged,v2/work_logs/F15_ND01_v1_run1/evaluation_attempt_1/search_2_evaluation.json,581d5e03328863f1709c283050074cbc5f6cd25ef22e846e7a8ab511a871e260,2,1500403,1510693,permuted_cost_corr/budget_128/frozen_mse,permuted_cost_corr,128,frozen_mse,1,preserve_other,8192,0.07475865139526966,0.007549506576516669,0.08688789660543446,0.2793252587132075,0.77685546875,0.08651004355774197,0.17109253118510054,0.09242226009876954,,,,0.22314453125,0.012811743457551181,0.00026776932223080335,0.971435546875,0.15079477363427485,0.029613819682165088,0.535888671875,0.013247249380269327,0.0002807378636652473,0.9693603515625,"[5,10,11,17,19,22,23,24]",68,0.007198839673510168,1.8807298630729252,0.997572675390436,0.23084341181015505
F15-ND01 development diagnostic; original F15 result unchanged,v2/work_logs/F15_ND01_v1_run1/evaluation_attempt_1/search_2_evaluation.json,581d5e03328863f1709c283050074cbc5f6cd25ef22e846e7a8ab511a871e260,2,1500403,1510693,permuted_cost_corr/budget_128/frozen_mse,permuted_cost_corr,128,frozen_mse,1,equal_target,8192,0.036635669308614206,0.002189314327798638,0.04679010929457889,0.1644695782517564,0.9102783203125,0.04298233790277524,1.7751803445521776e-17,0.04298233790277524,0.04298233790277524,,,0.0897216796875,0.0116857474477421,0.00022235254193761798,0.970458984375,0.0116857474477421,0.00022235254193761798,0.970458984375,0.14445704452164865,0.027523550906569896,0.55517578125,"[5,10,11,17,19,22,23,24]",68,0.007198839673510168,1.8807298630729252,0.997572675390436,0.23084341181015505
F15-ND01 development diagnostic; original F15 result unchanged,v2/work_logs/F15_ND01_v1_run1/evaluation_attempt_1/search_2_evaluation.json,581d5e03328863f1709c283050074cbc5f6cd25ef22e846e7a8ab511a871e260,2,1500403,1510693,permuted_cost_corr/budget_128/frozen_mse,permuted_cost_corr,128,frozen_mse,1,scale_separating,8192,0.08180540119968366,0.008980071649763242,0.09476323997079902,0.25388203510446977,0.7242431640625,0.09411083345474905,0.18479739205536055,0.11295130797526076,,,,0.2757568359375,0.013181104630499138,0.0002782564698973264,0.9705810546875,0.1629901917910768,0.03406172754699609,0.5296630859375,0.13941972241860667,0.027869210246732015,0.6226806640625,"[5,10,11,17,19,22,23,24]",68,0.007198839673510168,1.8807298630729252,0.997572675390436,0.23084341181015505
F15-ND01 development diagnostic; original F15 result unchanged,v2/work_logs/F15_ND01_v1_run1/evaluation_attempt_1/search_2_evaluation.json,581d5e03328863f1709c283050074cbc5f6cd25ef22e846e7a8ab511a871e260,2,1500403,1510693,permuted_cost_corr/budget_128/robust,permuted_cost_corr,128,robust,0,mixed_near,8192,0.03476085920406204,0.0019570235140582218,0.04423825848808045,0.20294987813174137,0.64306640625,0.046790812418434254,0.16319451810221314,0.1450430767331538,,,,0.35693359375,0.011723144228262036,0.00021844759049057433,0.9989013671875,0.1465970585563905,0.02639495177296053,0.471923828125,0.14652360175972695,0.026268176945721915,0.48291015625,"[5,8,11,12,16,18,19,22]",74,0.0029803393106121413,1.0300708746229952,1.0026179416942491,0.15409425533216783
F15-ND01 development diagnostic; original F15 result unchanged,v2/work_logs/F15_ND01_v1_run1/evaluation_attempt_1/search_2_evaluation.json,581d5e03328863f1709c283050074cbc5f6cd25ef22e846e7a8ab511a871e260,2,1500403,1510693,permuted_cost_corr/budget_128/robust,permuted_cost_corr,128,robust,0,mixed_far,8192,0.054660102357550366,0.004142597997548207,0.06436301731233711,0.22966803273326114,0.9993896484375,0.06358097411413345,0.1690564693691705,0.12581033725939228,,,,0.0006103515625,0.0136778437893276,0.0002960011120982841,0.9693603515625,0.14707055399685123,0.02809983603863074,0.790283203125,0.1528899613925636,0.030063587009188333,0.7701416015625,"[5,8,11,12,16,18,19,22]",74,0.0029803393106121413,1.0300708746229952,1.0026179416942491,0.15409425533216783
F15-ND01 development diagnostic; original F15 result unchanged,v2/work_logs/F15_ND01_v1_run1/evaluation_attempt_1/search_2_evaluation.json,581d5e03328863f1709c283050074cbc5f6cd25ef22e846e7a8ab511a871e260,2,1500403,1510693,permuted_cost_corr/budget_128/robust,permuted_cost_corr,128,robust,0,preserve_other,8192,0.04718829659282502,0.0033385405481476597,0.05778010512406204,0.19627110732641717,0.8642578125,0.060284643732038554,0.17004098217796912,0.12227448848283946,,,,0.1357421875,0.011909097642441552,0.00022951997898062337,0.968505859375,0.14581440365243814,0.028116841881646454,0.54541015625,0.01154628249286186,0.00021973359789939965,0.968505859375,"[5,8,11,12,16,18,19,22]",74,0.0029803393106121413,1.0300708746229952,1.0026179416942491,0.15409425533216783
F15-ND01 development diagnostic; original F15 result unchanged,v2/work_logs/F15_ND01_v1_run1/evaluation_attempt_1/search_2_evaluation.json,581d5e03328863f1709c283050074cbc5f6cd25ef22e846e7a8ab511a871e260,2,1500403,1510693,permuted_cost_corr/budget_128/robust,permuted_cost_corr,128,robust,0,equal_target,8192,0.03167530202196882,0.0015813988977415763,0.03976680648155666,0.1492006143403654,0.916259765625,0.038904779961352214,1.7904770854614538e-17,0.038904779961352214,0.038904779961352214,,,0.083740234375,0.012895908805091828,0.0002691351276455081,0.97119140625,0.012895908805091828,0.0002691351276455081,0.97119140625,0.14835567107788633,0.02867158456297891,0.541259765625,"[5,8,11,12,16,18,19,22]",74,0.0029803393106121413,1.0300708746229952,1.0026179416942491,0.15409425533216783
F15-ND01 development diagnostic; original F15 result unchanged,v2/work_logs/F15_ND01_v1_run1/evaluation_attempt_1/search_2_evaluation.json,581d5e03328863f1709c283050074cbc5f6cd25ef22e846e7a8ab511a871e260,2,1500403,1510693,permuted_cost_corr/budget_128/robust,permuted_cost_corr,128,robust,0,scale_separating,8192,0.05047977186278704,0.0038794135985928046,0.062284938778109145,0.2281940761266379,0.8555908203125,0.06424728521887207,0.18721085994498873,0.14299912266180226,,,,0.1444091796875,0.012465583288281196,0.00024942581286656535,0.9725341796875,0.16219802643030448,0.03400876686180113,0.5352783203125,0.14088291994042634,0.028133128498609727,0.6031494140625,"[5,8,11,12,16,18,19,22]",74,0.0029803393106121413,1.0300708746229952,1.0026179416942491,0.15409425533216783
F15-ND01 development diagnostic; original F15 result unchanged,v2/work_logs/F15_ND01_v1_run1/evaluation_attempt_1/search_2_evaluation.json,581d5e03328863f1709c283050074cbc5f6cd25ef22e846e7a8ab511a871e260,2,1500403,1510693,permuted_cost_corr/budget_128/robust,permuted_cost_corr,128,robust,1,mixed_near,8192,0.0733010729427874,0.007710421940494221,0.08780900831061823,0.26506156318104923,0.55419921875,0.09050210142371788,0.16301763629515,0.08912715306940881,,,,0.44580078125,0.012973565013113184,0.0002643787402042064,0.9979248046875,0.14487294096020542,0.0257976024214485,0.4879150390625,0.1473443479995994,0.026762221778624494,0.477294921875,"[6,9,11,19,23,24,28,30]",67,0.00785605360911614,1.6938866680927633,0.9856249387775121,0.2533517978888152
F15-ND01 development diagnostic; original F15 result unchanged,v2/work_logs/F15_ND01_v1_run1/evaluation_attempt_1/search_2_evaluation.json,581d5e03328863f1709c283050074cbc5f6cd25ef22e846e7a8ab511a871e260,2,1500403,1510693,permuted_cost_corr/budget_128/robust,permuted_cost_corr,128,robust,1,mixed_far,8192,0.08329747934035747,0.009812017828821828,0.09905562997034459,0.3463262594500957,0.965087890625,0.09653165640212417,0.1690406398158507,0.08633647387829087,,,,0.034912109375,0.012275126507300315,0.00024071118177096162,0.970947265625,0.1518409748648722,0.029602607735004158,0.7723388671875,0.1479879695798345,0.028307274533044866,0.779052734375,"[6,9,11,19,23,24,28,30]",67,0.00785605360911614,1.6938866680927633,0.9856249387775121,0.2533517978888152
F15-ND01 development diagnostic; original F15 result unchanged,v2/work_logs/F15_ND01_v1_run1/evaluation_attempt_1/search_2_evaluation.json,581d5e03328863f1709c283050074cbc5f6cd25ef22e846e7a8ab511a871e260,2,1500403,1510693,permuted_cost_corr/budget_128/robust,permuted_cost_corr,128,robust,1,preserve_other,8192,0.08161133856766149,0.009551408357962695,0.09773130694901555,0.3195367015060787,0.7469482421875,0.09714674117963414,0.17109253118510054,0.08806580991155631,,,,0.2530517578125,0.012811743457551181,0.00026776932223080335,0.971435546875,0.15079477363427485,0.029613819682165088,0.535888671875,0.013247249380269327,0.0002807378636652473,0.9693603515625,"[6,9,11,19,23,24,28,30]",67,0.00785605360911614,1.6938866680927633,0.9856249387775121,0.2533517978888152
F15-ND01 development diagnostic; original F15 result unchanged,v2/work_logs/F15_ND01_v1_run1/evaluation_attempt_1/search_2_evaluation.json,581d5e03328863f1709c283050074cbc5f6cd25ef22e846e7a8ab511a871e260,2,1500403,1510693,permuted_cost_corr/budget_128/robust,permuted_cost_corr,128,robust,1,equal_target,8192,0.03027731176397619,0.001404385889000726,0.037475136944389226,0.12983215395300957,0.919189453125,0.035766747993491804,1.7751803445521776e-17,0.035766747993491804,0.035766747993491804,,,0.080810546875,0.0116857474477421,0.00022235254193761798,0.970458984375,0.0116857474477421,0.00022235254193761798,0.970458984375,0.14445704452164865,0.027523550906569896,0.55517578125,"[6,9,11,19,23,24,28,30]",67,0.00785605360911614,1.6938866680927633,0.9856249387775121,0.2533517978888152
F15-ND01 development diagnostic; original F15 result unchanged,v2/work_logs/F15_ND01_v1_run1/evaluation_attempt_1/search_2_evaluation.json,581d5e03328863f1709c283050074cbc5f6cd25ef22e846e7a8ab511a871e260,2,1500403,1510693,permuted_cost_corr/budget_128/robust,permuted_cost_corr,128,robust,1,scale_separating,8192,0.08571226819221828,0.010326400683369326,0.10161889924305087,0.339902903165111,0.72900390625,0.10190647427650103,0.18479739205536055,0.09575342983423524,,,,0.27099609375,0.013181104630499138,0.0002782564698973264,0.9705810546875,0.1629901917910768,0.03406172754699609,0.5296630859375,0.13941972241860667,0.027869210246732015,0.6226806640625,"[6,9,11,19,23,24,28,30]",67,0.00785605360911614,1.6938866680927633,0.9856249387775121,0.2533517978888152
F15-ND01 development diagnostic; original F15 result unchanged,v2/work_logs/F15_ND01_v1_run1/evaluation_attempt_1/search_2_evaluation.json,581d5e03328863f1709c283050074cbc5f6cd25ef22e846e7a8ab511a871e260,2,1500403,1510693,positive_contribution_cov/budget_1024/frozen_mse,positive_contribution_cov,1024,frozen_mse,0,mixed_near,8192,0.03293282613824618,0.0017294340931781494,0.041586465264291814,0.16895274963559398,0.6650390625,0.04355855774016102,0.16319451810221314,0.17348307162671872,,,,0.3349609375,0.011723144228262036,0.00021844759049057433,0.9989013671875,0.1465970585563905,0.02639495177296053,0.471923828125,0.14652360175972695,0.026268176945721915,0.48291015625,"[0,2,10,12,14,15,17,18]",999,0.0018447127839963944,0.9375000000000001,0.16197415355360253,0.12901183789288823
F15-ND01 development diagnostic; original F15 result unchanged,v2/work_logs/F15_ND01_v1_run1/evaluation_attempt_1/search_2_evaluation.json,581d5e03328863f1709c283050074cbc5f6cd25ef22e846e7a8ab511a871e260,2,1500403,1510693,positive_contribution_cov/budget_1024/frozen_mse,positive_contribution_cov,1024,frozen_mse,0,mixed_far,8192,0.03891290224897953,0.0023410807842922238,0.048384716432900834,0.17513823609353119,0.9996337890625,0.04641107896805647,0.1690564693691705,0.15885557541911285,,,,0.0003662109375,0.0136778437893276,0.0002960011120982841,0.9693603515625,0.14707055399685123,0.02809983603863074,0.790283203125,0.1528899613925636,0.030063587009188333,0.7701416015625,"[0,2,10,12,14,15,17,18]",999,0.0018447127839963944,0.9375000000000001,0.16197415355360253,0.12901183789288823
F15-ND01 development diagnostic; original F15 result unchanged,v2/work_logs/F15_ND01_v1_run1/evaluation_attempt_1/search_2_evaluation.json,581d5e03328863f1709c283050074cbc5f6cd25ef22e846e7a8ab511a871e260,2,1500403,1510693,positive_contribution_cov/budget_1024/frozen_mse,positive_contribution_cov,1024,frozen_mse,0,preserve_other,8192,0.030673737689849694,0.001425753570723799,0.03775915214519255,0.13641904143825356,0.9149169921875,0.04041897597457033,0.17004098217796912,0.15447909930659945,,,,0.0850830078125,0.011909097642441552,0.00022951997898062337,0.968505859375,0.14581440365243814,0.028116841881646454,0.54541015625,0.01154628249286186,0.00021973359789939965,0.968505859375,"[0,2,10,12,14,15,17,18]",999,0.0018447127839963944,0.9375000000000001,0.16197415355360253,0.12901183789288823
F15-ND01 development diagnostic; original F15 result unchanged,v2/work_logs/F15_ND01_v1_run1/evaluation_attempt_1/search_2_evaluation.json,581d5e03328863f1709c283050074cbc5f6cd25ef22e846e7a8ab511a871e260,2,1500403,1510693,positive_contribution_cov/budget_1024/frozen_mse,positive_contribution_cov,1024,frozen_mse,0,equal_target,8192,0.03380147774637086,0.0018328753474902342,0.0428120934724084,0.19005824339337474,0.92041015625,0.0433530673197059,1.7904770854614538e-17,0.0433530673197059,0.0433530673197059,,,0.07958984375,0.012895908805091828,0.0002691351276455081,0.97119140625,0.012895908805091828,0.0002691351276455081,0.97119140625,0.14835567107788633,0.02867158456297891,0.541259765625,"[0,2,10,12,14,15,17,18]",999,0.0018447127839963944,0.9375000000000001,0.16197415355360253,0.12901183789288823
F15-ND01 development diagnostic; original F15 result unchanged,v2/work_logs/F15_ND01_v1_run1/evaluation_attempt_1/search_2_evaluation.json,581d5e03328863f1709c283050074cbc5f6cd25ef22e846e7a8ab511a871e260,2,1500403,1510693,positive_contribution_cov/budget_1024/frozen_mse,positive_contribution_cov,1024,frozen_mse,0,scale_separating,8192,0.035087266166779284,0.001932269235116472,0.04395758450047582,0.1825032010076481,0.9078369140625,0.0450496719446237,0.18721085994498873,0.17913545305764297,,,,0.0921630859375,0.012465583288281196,0.00024942581286656535,0.9725341796875,0.16219802643030448,0.03400876686180113,0.5352783203125,0.14088291994042634,0.028133128498609727,0.6031494140625,"[0,2,10,12,14,15,17,18]",999,0.0018447127839963944,0.9375000000000001,0.16197415355360253,0.12901183789288823
F15-ND01 development diagnostic; original F15 result unchanged,v2/work_logs/F15_ND01_v1_run1/evaluation_attempt_1/search_2_evaluation.json,581d5e03328863f1709c283050074cbc5f6cd25ef22e846e7a8ab511a871e260,2,1500403,1510693,positive_contribution_cov/budget_1024/frozen_mse,positive_contribution_cov,1024,frozen_mse,1,mixed_near,8192,0.028979687719674865,0.001292969550978886,0.03595788579684415,0.14266476224257296,0.6771240234375,0.038279794620412824,0.16301763629515,0.15393296077050606,,,,0.3228759765625,0.012973565013113184,0.0002643787402042064,0.9979248046875,0.14487294096020542,0.0257976024214485,0.4879150390625,0.1473443479995994,0.026762221778624494,0.477294921875,"[8,13,20,23,24,26,28,31]",711,0.00221198076973139,1.0020204444104914,0.1576355716869315,0.1318448673006363
F15-ND01 development diagnostic; original F15 result unchanged,v2/work_logs/F15_ND01_v1_run1/evaluation_attempt_1/search_2_evaluation.json,581d5e03328863f1709c283050074cbc5f6cd25ef22e846e7a8ab511a871e260,2,1500403,1510693,positive_contribution_cov/budget_1024/frozen_mse,positive_contribution_cov,1024,frozen_mse,1,mixed_far,8192,0.049080014090384746,0.0033160138681296502,0.05758484061043887,0.15836465305722836,1.0,0.05453264722106503,0.1690406398158507,0.1331566907444879,,,,0.0,0.012275126507300315,0.00024071118177096162,0.970947265625,0.1518409748648722,0.029602607735004158,0.7723388671875,0.1479879695798345,0.028307274533044866,0.779052734375,"[8,13,20,23,24,26,28,31]",711,0.00221198076973139,1.0020204444104914,0.1576355716869315,0.1318448673006363
F15-ND01 development diagnostic; original F15 result unchanged,v2/work_logs/F15_ND01_v1_run1/evaluation_attempt_1/search_2_evaluation.json,581d5e03328863f1709c283050074cbc5f6cd25ef22e846e7a8ab511a871e260,2,1500403,1510693,positive_contribution_cov/budget_1024/frozen_mse,positive_contribution_cov,1024,frozen_mse,1,preserve_other,8192,0.029667753068542833,0.0014404792352516811,0.03795364587561623,0.1414512627019494,0.9259033203125,0.03888999230742943,0.17109253118510054,0.1412380719681579,,,,0.0740966796875,0.012811743457551181,0.00026776932223080335,0.971435546875,0.15079477363427485,0.029613819682165088,0.535888671875,0.013247249380269327,0.0002807378636652473,0.9693603515625,"[8,13,20,23,24,26,28,31]",711,0.00221198076973139,1.0020204444104914,0.1576355716869315,0.1318448673006363
F15-ND01 development diagnostic; original F15 result unchanged,v2/work_logs/F15_ND01_v1_run1/evaluation_attempt_1/search_2_evaluation.json,581d5e03328863f1709c283050074cbc5f6cd25ef22e846e7a8ab511a871e260,2,1500403,1510693,positive_contribution_cov/budget_1024/frozen_mse,positive_contribution_cov,1024,frozen_mse,1,equal_target,8192,0.03333025877803539,0.0016194772093712476,0.04024272865215836,0.14703890996425095,0.9095458984375,0.037025329332348186,1.7751803445521776e-17,0.037025329332348186,0.037025329332348186,,,0.0904541015625,0.0116857474477421,0.00022235254193761798,0.970458984375,0.0116857474477421,0.00022235254193761798,0.970458984375,0.14445704452164865,0.027523550906569896,0.55517578125,"[8,13,20,23,24,26,28,31]",711,0.00221198076973139,1.0020204444104914,0.1576355716869315,0.1318448673006363
F15-ND01 development diagnostic; original F15 result unchanged,v2/work_logs/F15_ND01_v1_run1/evaluation_attempt_1/search_2_evaluation.json,581d5e03328863f1709c283050074cbc5f6cd25ef22e846e7a8ab511a871e260,2,1500403,1510693,positive_contribution_cov/budget_1024/frozen_mse,positive_contribution_cov,1024,frozen_mse,1,scale_separating,8192,0.04026983416646286,0.002314564000758651,0.04810991582572818,0.15610755535916387,0.8873291015625,0.04781549243102426,0.18479739205536055,0.15961370601139735,,,,0.1126708984375,0.013181104630499138,0.0002782564698973264,0.9705810546875,0.1629901917910768,0.03406172754699609,0.5296630859375,0.13941972241860667,0.027869210246732015,0.6226806640625,"[8,13,20,23,24,26,28,31]",711,0.00221198076973139,1.0020204444104914,0.1576355716869315,0.1318448673006363
F15-ND01 development diagnostic; original F15 result unchanged,v2/work_logs/F15_ND01_v1_run1/evaluation_attempt_1/search_2_evaluation.json,581d5e03328863f1709c283050074cbc5f6cd25ef22e846e7a8ab511a871e260,2,1500403,1510693,positive_contribution_cov/budget_1024/robust,positive_contribution_cov,1024,robust,0,mixed_near,8192,0.042432997548330804,0.0027902374009097074,0.05282269778144342,0.1846996848742556,0.630859375,0.05471512496826321,0.16319451810221314,0.16211745935880717,,,,0.369140625,0.011723144228262036,0.00021844759049057433,0.9989013671875,0.1465970585563905,0.02639495177296053,0.471923828125,0.14652360175972695,0.026268176945721915,0.48291015625,"[7,9,12,15,18,21,25,30]",187,0.0028416543791559465,0.9160047674890159,0.16652490370902318,0.1603592356213418
F15-ND01 development diagnostic; original F15 result unchanged,v2/work_logs/F15_ND01_v1_run1/evaluation_attempt_1/search_2_evaluation.json,581d5e03328863f1709c283050074cbc5f6cd25ef22e846e7a8ab511a871e260,2,1500403,1510693,positive_contribution_cov/budget_1024/robust,positive_contribution_cov,1024,robust,0,mixed_far,8192,0.044141578672291085,0.0030227990714198336,0.054979987917603564,0.2042200735403331,0.999267578125,0.05499340828305624,0.1690564693691705,0.1539375863262111,,,,0.000732421875,0.0136778437893276,0.0002960011120982841,0.9693603515625,0.14707055399685123,0.02809983603863074,0.790283203125,0.1528899613925636,0.030063587009188333,0.7701416015625,"[7,9,12,15,18,21,25,30]",187,0.0028416543791559465,0.9160047674890159,0.16652490370902318,0.1603592356213418
F15-ND01 development diagnostic; original F15 result unchanged,v2/work_logs/F15_ND01_v1_run1/evaluation_attempt_1/search_2_evaluation.json,581d5e03328863f1709c283050074cbc5f6cd25ef22e846e7a8ab511a871e260,2,1500403,1510693,positive_contribution_cov/budget_1024/robust,positive_contribution_cov,1024,robust,0,preserve_other,8192,0.03986285659712688,0.0025337276504259695,0.050336146559167294,0.19400438459331254,0.888427734375,0.051386627453726866,0.17004098217796912,0.16672533486686772,,,,0.111572265625,0.011909097642441552,0.00022951997898062337,0.968505859375,0.14581440365243814,0.028116841881646454,0.54541015625,0.01154628249286186,0.00021973359789939965,0.968505859375,"[7,9,12,15,18,21,25,30]",187,0.0028416543791559465,0.9160047674890159,0.16652490370902318,0.1603592356213418
F15-ND01 development diagnostic; original F15 result unchanged,v2/work_logs/F15_ND01_v1_run1/evaluation_attempt_1/search_2_evaluation.json,581d5e03328863f1709c283050074cbc5f6cd25ef22e846e7a8ab511a871e260,2,1500403,1510693,positive_contribution_cov/budget_1024/robust,positive_contribution_cov,1024,robust,0,equal_target,8192,0.04481751557675094,0.003049297954662322,0.05522044870029871,0.17484774503614564,0.8880615234375,0.055486122466716005,1.7904770854614538e-17,0.055486122466716005,0.055486122466716005,,,0.1119384765625,0.012895908805091828,0.0002691351276455081,0.97119140625,0.012895908805091828,0.0002691351276455081,0.97119140625,0.14835567107788633,0.02867158456297891,0.541259765625,"[7,9,12,15,18,21,25,30]",187,0.0028416543791559465,0.9160047674890159,0.16652490370902318,0.1603592356213418
F15-ND01 development diagnostic; original F15 result unchanged,v2/work_logs/F15_ND01_v1_run1/evaluation_attempt_1/search_2_evaluation.json,581d5e03328863f1709c283050074cbc5f6cd25ef22e846e7a8ab511a871e260,2,1500403,1510693,positive_contribution_cov/budget_1024/robust,positive_contribution_cov,1024,robust,0,scale_separating,8192,0.04441549052435923,0.0030739413243026556,0.055443135952998324,0.18663695353884818,0.8729248046875,0.056936721581992776,0.18721085994498873,0.18610689530511407,,,,0.1270751953125,0.012465583288281196,0.00024942581286656535,0.9725341796875,0.16219802643030448,0.03400876686180113,0.5352783203125,0.14088291994042634,0.028133128498609727,0.6031494140625,"[7,9,12,15,18,21,25,30]",187,0.0028416543791559465,0.9160047674890159,0.16652490370902318,0.1603592356213418
F15-ND01 development diagnostic; original F15 result unchanged,v2/work_logs/F15_ND01_v1_run1/evaluation_attempt_1/search_2_evaluation.json,581d5e03328863f1709c283050074cbc5f6cd25ef22e846e7a8ab511a871e260,2,1500403,1510693,positive_contribution_cov/budget_1024/robust,positive_contribution_cov,1024,robust,1,mixed_near,8192,0.03346153474156507,0.0017944857519601731,0.04236137098773095,0.1963800800260424,0.6591796875,0.043624110262459666,0.16301763629515,0.13774570489237928,,,,0.3408203125,0.012973565013113184,0.0002643787402042064,0.9979248046875,0.14487294096020542,0.0257976024214485,0.4879150390625,0.1473443479995994,0.026762221778624494,0.477294921875,"[0,5,11,20,24,26,28,31]",131,0.0025573021500950466,0.9985236722666724,0.21693861417066213,0.13995688592076416
F15-ND01 development diagnostic; original F15 result unchanged,v2/work_logs/F15_ND01_v1_run1/evaluation_attempt_1/search_2_evaluation.json,581d5e03328863f1709c283050074cbc5f6cd25ef22e846e7a8ab511a871e260,2,1500403,1510693,positive_contribution_cov/budget_1024/robust,positive_contribution_cov,1024,robust,1,mixed_far,8192,0.04966010792023567,0.003527516970047439,0.05939290336435355,0.1856678572667343,0.999755859375,0.056147666094317907,0.1690406398158507,0.12604508471538944,,,,0.000244140625,0.012275126507300315,0.00024071118177096162,0.970947265625,0.1518409748648722,0.029602607735004158,0.7723388671875,0.1479879695798345,0.028307274533044866,0.779052734375,"[0,5,11,20,24,26,28,31]",131,0.0025573021500950466,0.9985236722666724,0.21693861417066213,0.13995688592076416
F15-ND01 development diagnostic; original F15 result unchanged,v2/work_logs/F15_ND01_v1_run1/evaluation_attempt_1/search_2_evaluation.json,581d5e03328863f1709c283050074cbc5f6cd25ef22e846e7a8ab511a871e260,2,1500403,1510693,positive_contribution_cov/budget_1024/robust,positive_contribution_cov,1024,robust,1,preserve_other,8192,0.04020593982407325,0.0024404596060234787,0.04940100814784531,0.2088943162302963,0.89111328125,0.04875498533601591,0.17109253118510054,0.13218369468141106,,,,0.10888671875,0.012811743457551181,0.00026776932223080335,0.971435546875,0.15079477363427485,0.029613819682165088,0.535888671875,0.013247249380269327,0.0002807378636652473,0.9693603515625,"[0,5,11,20,24,26,28,31]",131,0.0025573021500950466,0.9985236722666724,0.21693861417066213,0.13995688592076416
F15-ND01 development diagnostic; original F15 result unchanged,v2/work_logs/F15_ND01_v1_run1/evaluation_attempt_1/search_2_evaluation.json,581d5e03328863f1709c283050074cbc5f6cd25ef22e846e7a8ab511a871e260,2,1500403,1510693,positive_contribution_cov/budget_1024/robust,positive_contribution_cov,1024,robust,1,equal_target,8192,0.030153390722949917,0.001410962855640528,0.03756278551492857,0.1293679552506274,0.916015625,0.0347036122858842,1.7751803445521776e-17,0.0347036122858842,0.0347036122858842,,,0.083984375,0.0116857474477421,0.00022235254193761798,0.970458984375,0.0116857474477421,0.00022235254193761798,0.970458984375,0.14445704452164865,0.027523550906569896,0.55517578125,"[0,5,11,20,24,26,28,31]",131,0.0025573021500950466,0.9985236722666724,0.21693861417066213,0.13995688592076416
F15-ND01 development diagnostic; original F15 result unchanged,v2/work_logs/F15_ND01_v1_run1/evaluation_attempt_1/search_2_evaluation.json,581d5e03328863f1709c283050074cbc5f6cd25ef22e846e7a8ab511a871e260,2,1500403,1510693,positive_contribution_cov/budget_1024/robust,positive_contribution_cov,1024,robust,1,scale_separating,8192,0.04454765988217617,0.002928119605426424,0.05411210220853025,0.18815827720989453,0.8785400390625,0.053375305678397385,0.18479739205536055,0.14694970204816993,,,,0.1214599609375,0.013181104630499138,0.0002782564698973264,0.9705810546875,0.1629901917910768,0.03406172754699609,0.5296630859375,0.13941972241860667,0.027869210246732015,0.6226806640625,"[0,5,11,20,24,26,28,31]",131,0.0025573021500950466,0.9985236722666724,0.21693861417066213,0.13995688592076416
F15-ND01 development diagnostic; original F15 result unchanged,v2/work_logs/F15_ND01_v1_run1/evaluation_attempt_1/search_2_evaluation.json,581d5e03328863f1709c283050074cbc5f6cd25ef22e846e7a8ab511a871e260,2,1500403,1510693,positive_contribution_cov/budget_128/frozen_mse,positive_contribution_cov,128,frozen_mse,0,mixed_near,8192,0.0480758633702844,0.0037726216549076857,0.061421670889904044,0.22752935073192937,0.6240234375,0.06309781690014035,0.16319451810221314,0.1961777505394397,,,,0.3759765625,0.011723144228262036,0.00021844759049057433,0.9989013671875,0.1465970585563905,0.02639495177296053,0.471923828125,0.14652360175972695,0.026268176945721915,0.48291015625,"[4,8,10,12,14,15,18,19]",67,0.0030484285452893694,1.1160714285714286,0.18055824935054887,0.17220285520361128
F15-ND01 development diagnostic; original F15 result unchanged,v2/work_logs/F15_ND01_v1_run1/evaluation_attempt_1/search_2_evaluation.json,581d5e03328863f1709c283050074cbc5f6cd25ef22e846e7a8ab511a871e260,2,1500403,1510693,positive_contribution_cov/budget_128/frozen_mse,positive_contribution_cov,128,frozen_mse,0,mixed_far,8192,0.0450299436452075,0.0031948845485646597,0.0565233097806972,0.2457126840983887,0.9974365234375,0.05452978516070312,0.1690564693691705,0.1720504294602643,,,,0.0025634765625,0.0136778437893276,0.0002960011120982841,0.9693603515625,0.14707055399685123,0.02809983603863074,0.790283203125,0.1528899613925636,0.030063587009188333,0.7701416015625,"[4,8,10,12,14,15,18,19]",67,0.0030484285452893694,1.1160714285714286,0.18055824935054887,0.17220285520361128
F15-ND01 development diagnostic; original F15 result unchanged,v2/work_logs/F15_ND01_v1_run1/evaluation_attempt_1/search_2_evaluation.json,581d5e03328863f1709c283050074cbc5f6cd25ef22e846e7a8ab511a871e260,2,1500403,1510693,positive_contribution_cov/budget_128/frozen_mse,positive_contribution_cov,128,frozen_mse,0,preserve_other,8192,0.03922761300946138,0.0023555314862242294,0.04853381796463399,0.1651445824520732,0.8956298828125,0.05044322027985856,0.17004098217796912,0.16439223263856448,,,,0.1043701171875,0.011909097642441552,0.00022951997898062337,0.968505859375,0.14581440365243814,0.028116841881646454,0.54541015625,0.01154628249286186,0.00021973359789939965,0.968505859375,"[4,8,10,12,14,15,18,19]",67,0.0030484285452893694,1.1160714285714286,0.18055824935054887,0.17220285520361128
F15-ND01 development diagnostic; original F15 result unchanged,v2/work_logs/F15_ND01_v1_run1/evaluation_attempt_1/search_2_evaluation.json,581d5e03328863f1709c283050074cbc5f6cd25ef22e846e7a8ab511a871e260,2,1500403,1510693,positive_contribution_cov/budget_128/frozen_mse,positive_contribution_cov,128,frozen_mse,0,equal_target,8192,0.045242087466331043,0.003360874263906477,0.057973047736913724,0.2505492354640699,0.8873291015625,0.05909619909775329,1.7904770854614538e-17,0.059096199097753294,0.059096199097753294,,,0.1126708984375,0.012895908805091828,0.0002691351276455081,0.97119140625,0.012895908805091828,0.0002691351276455081,0.97119140625,0.14835567107788633,0.02867158456297891,0.541259765625,"[4,8,10,12,14,15,18,19]",67,0.0030484285452893694,1.1160714285714286,0.18055824935054887,0.17220285520361128
F15-ND01 development diagnostic; original F15 result unchanged,v2/work_logs/F15_ND01_v1_run1/evaluation_attempt_1/search_2_evaluation.json,581d5e03328863f1709c283050074cbc5f6cd25ef22e846e7a8ab511a871e260,2,1500403,1510693,positive_contribution_cov/budget_128/frozen_mse,positive_contribution_cov,128,frozen_mse,0,scale_separating,8192,0.04468821518105434,0.003190510266685209,0.05648460203175029,0.24706820942416363,0.8807373046875,0.056860197531691,0.18721085994498873,0.19283174507218345,,,,0.1192626953125,0.012465583288281196,0.00024942581286656535,0.9725341796875,0.16219802643030448,0.03400876686180113,0.5352783203125,0.14088291994042634,0.028133128498609727,0.6031494140625,"[4,8,10,12,14,15,18,19]",67,0.0030484285452893694,1.1160714285714286,0.18055824935054887,0.17220285520361128
F15-ND01 development diagnostic; original F15 result unchanged,v2/work_logs/F15_ND01_v1_run1/evaluation_attempt_1/search_2_evaluation.json,581d5e03328863f1709c283050074cbc5f6cd25ef22e846e7a8ab511a871e260,2,1500403,1510693,positive_contribution_cov/budget_128/frozen_mse,positive_contribution_cov,128,frozen_mse,1,mixed_near,8192,0.029385654723968875,0.001360473763437062,0.03688460062732226,0.1684416934651114,0.6763916015625,0.038731344632788135,0.16301763629515,0.14908678986675172,,,,0.3236083984375,0.012973565013113184,0.0002643787402042064,0.9979248046875,0.14487294096020542,0.0257976024214485,0.4879150390625,0.1473443479995994,0.026762221778624494,0.477294921875,"[5,11,14,20,24,28,30,31]",69,0.0024212196944404635,1.0660627405467697,0.16775958164649105,0.13472648341952806
F15-ND01 development diagnostic; original F15 result unchanged,v2/work_logs/F15_ND01_v1_run1/evaluation_attempt_1/search_2_evaluation.json,581d5e03328863f1709c283050074cbc5f6cd25ef22e846e7a8ab511a871e260,2,1500403,1510693,positive_contribution_cov/budget_128/frozen_mse,positive_contribution_cov,128,frozen_mse,1,mixed_far,8192,0.050739128965919575,0.0035902338956720174,0.05991856052736929,0.17647142459163856,1.0,0.05692202501747175,0.1690406398158507,0.1310683427110801,,,,0.0,0.012275126507300315,0.00024071118177096162,0.970947265625,0.1518409748648722,0.029602607735004158,0.7723388671875,0.1479879695798345,0.028307274533044866,0.779052734375,"[5,11,14,20,24,28,30,31]",69,0.0024212196944404635,1.0660627405467697,0.16775958164649105,0.13472648341952806
F15-ND01 development diagnostic; original F15 result unchanged,v2/work_logs/F15_ND01_v1_run1/evaluation_attempt_1/search_2_evaluation.json,581d5e03328863f1709c283050074cbc5f6cd25ef22e846e7a8ab511a871e260,2,1500403,1510693,positive_contribution_cov/budget_128/frozen_mse,positive_contribution_cov,128,frozen_mse,1,preserve_other,8192,0.03148040186313325,0.001591910240733345,0.03989874986429205,0.13257676648519,0.919921875,0.04084734013428892,0.17109253118510054,0.1394106286143752,,,,0.080078125,0.012811743457551181,0.00026776932223080335,0.971435546875,0.15079477363427485,0.029613819682165088,0.535888671875,0.013247249380269327,0.0002807378636652473,0.9693603515625,"[5,11,14,20,24,28,30,31]",69,0.0024212196944404635,1.0660627405467697,0.16775958164649105,0.13472648341952806
F15-ND01 development diagnostic; original F15 result unchanged,v2/work_logs/F15_ND01_v1_run1/evaluation_attempt_1/search_2_evaluation.json,581d5e03328863f1709c283050074cbc5f6cd25ef22e846e7a8ab511a871e260,2,1500403,1510693,positive_contribution_cov/budget_128/frozen_mse,positive_contribution_cov,128,frozen_mse,1,equal_target,8192,0.035542483158832044,0.0018558877707392334,0.04308001590922679,0.1611837375977453,0.9051513671875,0.039780516121299375,1.7751803445521776e-17,0.039780516121299375,0.039780516121299375,,,0.0948486328125,0.0116857474477421,0.00022235254193761798,0.970458984375,0.0116857474477421,0.00022235254193761798,0.970458984375,0.14445704452164865,0.027523550906569896,0.55517578125,"[5,11,14,20,24,28,30,31]",69,0.0024212196944404635,1.0660627405467697,0.16775958164649105,0.13472648341952806
F15-ND01 development diagnostic; original F15 result unchanged,v2/work_logs/F15_ND01_v1_run1/evaluation_attempt_1/search_2_evaluation.json,581d5e03328863f1709c283050074cbc5f6cd25ef22e846e7a8ab511a871e260,2,1500403,1510693,positive_contribution_cov/budget_128/frozen_mse,positive_contribution_cov,128,frozen_mse,1,scale_separating,8192,0.04200782799259027,0.002602950228659239,0.05101911630613802,0.1812265259095528,0.882568359375,0.050642671933695434,0.18479739205536055,0.15901451394134086,,,,0.117431640625,0.013181104630499138,0.0002782564698973264,0.9705810546875,0.1629901917910768,0.03406172754699609,0.5296630859375,0.13941972241860667,0.027869210246732015,0.6226806640625,"[5,11,14,20,24,28,30,31]",69,0.0024212196944404635,1.0660627405467697,0.16775958164649105,0.13472648341952806
F15-ND01 development diagnostic; original F15 result unchanged,v2/work_logs/F15_ND01_v1_run1/evaluation_attempt_1/search_2_evaluation.json,581d5e03328863f1709c283050074cbc5f6cd25ef22e846e7a8ab511a871e260,2,1500403,1510693,positive_contribution_cov/budget_128/robust,positive_contribution_cov,128,robust,0,mixed_near,8192,0.04697947393535089,0.0034272098348724286,0.058542376402674574,0.22644860224735913,0.60546875,0.06036338939781109,0.16319451810221314,0.189368376996908,,,,0.39453125,0.011723144228262036,0.00021844759049057433,0.9989013671875,0.1465970585563905,0.02639495177296053,0.471923828125,0.14652360175972695,0.026268176945721915,0.48291015625,"[8,9,10,12,17,18,23,27]",4,0.0033592080832029066,1.113210711024772,0.15358407846337954,0.17398751750346966
F15-ND01 development diagnostic; original F15 result unchanged,v2/work_logs/F15_ND01_v1_run1/evaluation_attempt_1/search_2_evaluation.json,581d5e03328863f1709c283050074cbc5f6cd25ef22e846e7a8ab511a871e260,2,1500403,1510693,positive_contribution_cov/budget_128/robust,positive_contribution_cov,128,robust,0,mixed_far,8192,0.05366374740818182,0.004316726296953262,0.06570179827792587,0.25382068763274757,0.99658203125,0.06464440997522987,0.1690564693691705,0.16082780075674163,,,,0.00341796875,0.0136778437893276,0.0002960011120982841,0.9693603515625,0.14707055399685123,0.02809983603863074,0.790283203125,0.1528899613925636,0.030063587009188333,0.7701416015625,"[8,9,10,12,17,18,23,27]",4,0.0033592080832029066,1.113210711024772,0.15358407846337954,0.17398751750346966
F15-ND01 development diagnostic; original F15 result unchanged,v2/work_logs/F15_ND01_v1_run1/evaluation_attempt_1/search_2_evaluation.json,581d5e03328863f1709c283050074cbc5f6cd25ef22e846e7a8ab511a871e260,2,1500403,1510693,positive_contribution_cov/budget_128/robust,positive_contribution_cov,128,robust,0,preserve_other,8192,0.03300001688300763,0.0016818732797684102,0.04101064837049532,0.15428061058192144,0.9100341796875,0.04295784326790488,0.17004098217796912,0.15768035468888694,,,,0.0899658203125,0.011909097642441552,0.00022951997898062337,0.968505859375,0.14581440365243814,0.028116841881646454,0.54541015625,0.01154628249286186,0.00021973359789939965,0.968505859375,"[8,9,10,12,17,18,23,27]",4,0.0033592080832029066,1.113210711024772,0.15358407846337954,0.17398751750346966
F15-ND01 development diagnostic; original F15 result unchanged,v2/work_logs/F15_ND01_v1_run1/evaluation_attempt_1/search_2_evaluation.json,581d5e03328863f1709c283050074cbc5f6cd25ef22e846e7a8ab511a871e260,2,1500403,1510693,positive_contribution_cov/budget_128/robust,positive_contribution_cov,128,robust,0,equal_target,8192,0.0514376180581675,0.004035881119973835,0.0635285850619533,0.26352031938128156,0.86572265625,0.06444066212590936,1.7904770854614538e-17,0.06444066212590936,0.06444066212590936,,,0.13427734375,0.012895908805091828,0.0002691351276455081,0.97119140625,0.012895908805091828,0.0002691351276455081,0.97119140625,0.14835567107788633,0.02867158456297891,0.541259765625,"[8,9,10,12,17,18,23,27]",4,0.0033592080832029066,1.113210711024772,0.15358407846337954,0.17398751750346966
F15-ND01 development diagnostic; original F15 result unchanged,v2/work_logs/F15_ND01_v1_run1/evaluation_attempt_1/search_2_evaluation.json,581d5e03328863f1709c283050074cbc5f6cd25ef22e846e7a8ab511a871e260,2,1500403,1510693,positive_contribution_cov/budget_128/robust,positive_contribution_cov,128,robust,0,scale_separating,8192,0.049554818671322415,0.003815999088480543,0.06177377346803854,0.23701481772649846,0.8621826171875,0.06289707703795903,0.18721085994498873,0.19126262880161182,,,,0.1378173828125,0.012465583288281196,0.00024942581286656535,0.9725341796875,0.16219802643030448,0.03400876686180113,0.5352783203125,0.14088291994042634,0.028133128498609727,0.6031494140625,"[8,9,10,12,17,18,23,27]",4,0.0033592080832029066,1.113210711024772,0.15358407846337954,0.17398751750346966
F15-ND01 development diagnostic; original F15 result unchanged,v2/work_logs/F15_ND01_v1_run1/evaluation_attempt_1/search_2_evaluation.json,581d5e03328863f1709c283050074cbc5f6cd25ef22e846e7a8ab511a871e260,2,1500403,1510693,positive_contribution_cov/budget_128/robust,positive_contribution_cov,128,robust,1,mixed_near,8192,0.04168895928009462,0.0027294773141069125,0.05224439983488099,0.2156644243026674,0.6329345703125,0.05380141375676127,0.16301763629515,0.14810414916307363,,,,0.3670654296875,0.012973565013113184,0.0002643787402042064,0.9979248046875,0.14487294096020542,0.0257976024214485,0.4879150390625,0.1473443479995994,0.026762221778624494,0.477294921875,"[1,9,11,19,21,23,24,31]",40,0.0034347780200750257,1.026592707586324,0.14988167618599685,0.1639489591554771
F15-ND01 development diagnostic; original F15 result unchanged,v2/work_logs/F15_ND01_v1_run1/evaluation_attempt_1/search_2_evaluation.json,581d5e03328863f1709c283050074cbc5f6cd25ef22e846e7a8ab511a871e260,2,1500403,1510693,positive_contribution_cov/budget_128/robust,positive_contribution_cov,128,robust,1,mixed_far,8192,0.05023004836327988,0.0038418248399912343,0.06198245590480611,0.21608646415932004,0.9974365234375,0.059893832355894655,0.1690406398158507,0.14026930289395312,,,,0.0025634765625,0.012275126507300315,0.00024071118177096162,0.970947265625,0.1518409748648722,0.029602607735004158,0.7723388671875,0.1479879695798345,0.028307274533044866,0.779052734375,"[1,9,11,19,21,23,24,31]",40,0.0034347780200750257,1.026592707586324,0.14988167618599685,0.1639489591554771
F15-ND01 development diagnostic; original F15 result unchanged,v2/work_logs/F15_ND01_v1_run1/evaluation_attempt_1/search_2_evaluation.json,581d5e03328863f1709c283050074cbc5f6cd25ef22e846e7a8ab511a871e260,2,1500403,1510693,positive_contribution_cov/budget_128/robust,positive_contribution_cov,128,robust,1,preserve_other,8192,0.04378456219059722,0.00310269777778107,0.05570186511941113,0.22278812235433554,0.88232421875,0.05596374253201298,0.17109253118510054,0.15528975092320318,,,,0.11767578125,0.012811743457551181,0.00026776932223080335,0.971435546875,0.15079477363427485,0.029613819682165088,0.535888671875,0.013247249380269327,0.0002807378636652473,0.9693603515625,"[1,9,11,19,21,23,24,31]",40,0.0034347780200750257,1.026592707586324,0.14988167618599685,0.1639489591554771
F15-ND01 development diagnostic; original F15 result unchanged,v2/work_logs/F15_ND01_v1_run1/evaluation_attempt_1/search_2_evaluation.json,581d5e03328863f1709c283050074cbc5f6cd25ef22e846e7a8ab511a871e260,2,1500403,1510693,positive_contribution_cov/budget_128/robust,positive_contribution_cov,128,robust,1,equal_target,8192,0.04811931101806878,0.0034252175700581304,0.05852535835053153,0.20416690397635295,0.8621826171875,0.05525242615633911,1.7751803445521776e-17,0.05525242615633911,0.05525242615633911,,,0.1378173828125,0.0116857474477421,0.00022235254193761798,0.970458984375,0.0116857474477421,0.00022235254193761798,0.970458984375,0.14445704452164865,0.027523550906569896,0.55517578125,"[1,9,11,19,21,23,24,31]",40,0.0034347780200750257,1.026592707586324,0.14988167618599685,0.1639489591554771
F15-ND01 development diagnostic; original F15 result unchanged,v2/work_logs/F15_ND01_v1_run1/evaluation_attempt_1/search_2_evaluation.json,581d5e03328863f1709c283050074cbc5f6cd25ef22e846e7a8ab511a871e260,2,1500403,1510693,positive_contribution_cov/budget_128/robust,positive_contribution_cov,128,robust,1,scale_separating,8192,0.050150375784568296,0.004093350476273754,0.06397929724742023,0.22935774436413336,0.84912109375,0.06424547528853038,0.18479739205536055,0.171745310235307,,,,0.15087890625,0.013181104630499138,0.0002782564698973264,0.9705810546875,0.1629901917910768,0.03406172754699609,0.5296630859375,0.13941972241860667,0.027869210246732015,0.6226806640625,"[1,9,11,19,21,23,24,31]",40,0.0034347780200750257,1.026592707586324,0.14988167618599685,0.1639489591554771
F15-ND01 development diagnostic; original F15 result unchanged,v2/work_logs/F15_ND01_v1_run1/evaluation_attempt_1/search_2_evaluation.json,581d5e03328863f1709c283050074cbc5f6cd25ef22e846e7a8ab511a871e260,2,1500403,1510693,uniform/budget_1024/frozen_mse,uniform,1024,frozen_mse,0,mixed_near,8192,0.03419136950648487,0.0018649037664469985,0.0431845315645197,0.14798130510303092,0.6568603515625,0.04515656044001056,0.16319451810221314,0.13462738227145518,,,,0.3431396484375,0.011723144228262036,0.00021844759049057433,0.9989013671875,0.1465970585563905,0.02639495177296053,0.471923828125,0.14652360175972695,0.026268176945721915,0.48291015625,"[2,6,12,15,18,25,26,30]",163,0.001844587856123199,0.7722196101727571,0.17091594923534398,0.12837188004943295
F15-ND01 development diagnostic; original F15 result unchanged,v2/work_logs/F15_ND01_v1_run1/evaluation_attempt_1/search_2_evaluation.json,581d5e03328863f1709c283050074cbc5f6cd25ef22e846e7a8ab511a871e260,2,1500403,1510693,uniform/budget_1024/frozen_mse,uniform,1024,frozen_mse,0,mixed_far,8192,0.03692595156530172,0.002132910771520773,0.046183446942825446,0.1699062519000597,1.0,0.046153140770589796,0.1690564693691705,0.13975557560996701,,,,0.0,0.0136778437893276,0.0002960011120982841,0.9693603515625,0.14707055399685123,0.02809983603863074,0.790283203125,0.1528899613925636,0.030063587009188333,0.7701416015625,"[2,6,12,15,18,25,26,30]",163,0.001844587856123199,0.7722196101727571,0.17091594923534398,0.12837188004943295
F15-ND01 development diagnostic; original F15 result unchanged,v2/work_logs/F15_ND01_v1_run1/evaluation_attempt_1/search_2_evaluation.json,581d5e03328863f1709c283050074cbc5f6cd25ef22e846e7a8ab511a871e260,2,1500403,1510693,uniform/budget_1024/frozen_mse,uniform,1024,frozen_mse,0,preserve_other,8192,0.033726972866073804,0.001820893676206139,0.04267193077663745,0.160119571979506,0.90576171875,0.04539072693644102,0.17004098217796912,0.14041862116883094,,,,0.09423828125,0.011909097642441552,0.00022951997898062337,0.968505859375,0.14581440365243814,0.028116841881646454,0.54541015625,0.01154628249286186,0.00021973359789939965,0.968505859375,"[2,6,12,15,18,25,26,30]",163,0.001844587856123199,0.7722196101727571,0.17091594923534398,0.12837188004943295
F15-ND01 development diagnostic; original F15 result unchanged,v2/work_logs/F15_ND01_v1_run1/evaluation_attempt_1/search_2_evaluation.json,581d5e03328863f1709c283050074cbc5f6cd25ef22e846e7a8ab511a871e260,2,1500403,1510693,uniform/budget_1024/frozen_mse,uniform,1024,frozen_mse,0,equal_target,8192,0.02443114309114764,0.000925587231583332,0.030423465147535907,0.11406387128009277,0.9407958984375,0.029968545532301848,1.7904770854614538e-17,0.029968545532301844,0.029968545532301844,,,0.0592041015625,0.012895908805091828,0.0002691351276455081,0.97119140625,0.012895908805091828,0.0002691351276455081,0.97119140625,0.14835567107788633,0.02867158456297891,0.541259765625,"[2,6,12,15,18,25,26,30]",163,0.001844587856123199,0.7722196101727571,0.17091594923534398,0.12837188004943295
F15-ND01 development diagnostic; original F15 result unchanged,v2/work_logs/F15_ND01_v1_run1/evaluation_attempt_1/search_2_evaluation.json,581d5e03328863f1709c283050074cbc5f6cd25ef22e846e7a8ab511a871e260,2,1500403,1510693,uniform/budget_1024/frozen_mse,uniform,1024,frozen_mse,0,scale_separating,8192,0.03664645773420284,0.0021061943601640085,0.04589329319371196,0.1521574724655485,0.90283203125,0.04821175728563924,0.18721085994498873,0.1539985415534885,,,,0.09716796875,0.012465583288281196,0.00024942581286656535,0.9725341796875,0.16219802643030448,0.03400876686180113,0.5352783203125,0.14088291994042634,0.028133128498609727,0.6031494140625,"[2,6,12,15,18,25,26,30]",163,0.001844587856123199,0.7722196101727571,0.17091594923534398,0.12837188004943295
F15-ND01 development diagnostic; original F15 result unchanged,v2/work_logs/F15_ND01_v1_run1/evaluation_attempt_1/search_2_evaluation.json,581d5e03328863f1709c283050074cbc5f6cd25ef22e846e7a8ab511a871e260,2,1500403,1510693,uniform/budget_1024/frozen_mse,uniform,1024,frozen_mse,1,mixed_near,8192,0.03414519409232036,0.0018715379309956755,0.04326127518919982,0.1963800800260424,0.6588134765625,0.04458937815699874,0.16301763629515,0.1354519108947347,,,,0.3411865234375,0.012973565013113184,0.0002643787402042064,0.9979248046875,0.14487294096020542,0.0257976024214485,0.4879150390625,0.1473443479995994,0.026762221778624494,0.477294921875,"[0,4,6,11,20,24,28,31]",47,0.002590121840189451,1.0052776495594202,0.20943656882407644,0.1415307431731374
F15-ND01 development diagnostic; original F15 result unchanged,v2/work_logs/F15_ND01_v1_run1/evaluation_attempt_1/search_2_evaluation.json,581d5e03328863f1709c283050074cbc5f6cd25ef22e846e7a8ab511a871e260,2,1500403,1510693,uniform/budget_1024/frozen_mse,uniform,1024,frozen_mse,1,mixed_far,8192,0.05009581486398381,0.0035847855001832165,0.05987307825879021,0.187051487335836,0.999755859375,0.05658113730219499,0.1690406398158507,0.1251362245175378,,,,0.000244140625,0.012275126507300315,0.00024071118177096162,0.970947265625,0.1518409748648722,0.029602607735004158,0.7723388671875,0.1479879695798345,0.028307274533044866,0.779052734375,"[0,4,6,11,20,24,28,31]",47,0.002590121840189451,1.0052776495594202,0.20943656882407644,0.1415307431731374
F15-ND01 development diagnostic; original F15 result unchanged,v2/work_logs/F15_ND01_v1_run1/evaluation_attempt_1/search_2_evaluation.json,581d5e03328863f1709c283050074cbc5f6cd25ef22e846e7a8ab511a871e260,2,1500403,1510693,uniform/budget_1024/frozen_mse,uniform,1024,frozen_mse,1,preserve_other,8192,0.04124583987858618,0.002544329331586901,0.050441345457738346,0.20204993402146898,0.88623046875,0.04977739387301458,0.17109253118510054,0.13067984894696744,,,,0.11376953125,0.012811743457551181,0.00026776932223080335,0.971435546875,0.15079477363427485,0.029613819682165088,0.535888671875,0.013247249380269327,0.0002807378636652473,0.9693603515625,"[0,4,6,11,20,24,28,31]",47,0.002590121840189451,1.0052776495594202,0.20943656882407644,0.1415307431731374
F15-ND01 development diagnostic; original F15 result unchanged,v2/work_logs/F15_ND01_v1_run1/evaluation_attempt_1/search_2_evaluation.json,581d5e03328863f1709c283050074cbc5f6cd25ef22e846e7a8ab511a871e260,2,1500403,1510693,uniform/budget_1024/frozen_mse,uniform,1024,frozen_mse,1,equal_target,8192,0.029372561470221128,0.0013311109559461672,0.03648439332024266,0.12436823014794218,0.919677734375,0.03359713576123271,1.7751803445521776e-17,0.03359713576123271,0.03359713576123271,,,0.080322265625,0.0116857474477421,0.00022235254193761798,0.970458984375,0.0116857474477421,0.00022235254193761798,0.970458984375,0.14445704452164865,0.027523550906569896,0.55517578125,"[0,4,6,11,20,24,28,31]",47,0.002590121840189451,1.0052776495594202,0.20943656882407644,0.1415307431731374
F15-ND01 development diagnostic; original F15 result unchanged,v2/work_logs/F15_ND01_v1_run1/evaluation_attempt_1/search_2_evaluation.json,581d5e03328863f1709c283050074cbc5f6cd25ef22e846e7a8ab511a871e260,2,1500403,1510693,uniform/budget_1024/frozen_mse,uniform,1024,frozen_mse,1,scale_separating,8192,0.04526809559947646,0.003006192911256731,0.054828759891654776,0.18815827720989453,0.87548828125,0.05408277311792723,0.18479739205536055,0.14540435680995017,,,,0.12451171875,0.013181104630499138,0.0002782564698973264,0.9705810546875,0.1629901917910768,0.03406172754699609,0.5296630859375,0.13941972241860667,0.027869210246732015,0.6226806640625,"[0,4,6,11,20,24,28,31]",47,0.002590121840189451,1.0052776495594202,0.20943656882407644,0.1415307431731374
F15-ND01 development diagnostic; original F15 result unchanged,v2/work_logs/F15_ND01_v1_run1/evaluation_attempt_1/search_2_evaluation.json,581d5e03328863f1709c283050074cbc5f6cd25ef22e846e7a8ab511a871e260,2,1500403,1510693,uniform/budget_1024/robust,uniform,1024,robust,0,mixed_near,8192,0.03419136950648487,0.0018649037664469985,0.0431845315645197,0.14798130510303092,0.6568603515625,0.04515656044001056,0.16319451810221314,0.13462738227145518,,,,0.3431396484375,0.011723144228262036,0.00021844759049057433,0.9989013671875,0.1465970585563905,0.02639495177296053,0.471923828125,0.14652360175972695,0.026268176945721915,0.48291015625,"[2,6,12,15,18,25,26,30]",163,0.001844587856123199,0.7722196101727571,0.17091594923534398,0.12837188004943295
F15-ND01 development diagnostic; original F15 result unchanged,v2/work_logs/F15_ND01_v1_run1/evaluation_attempt_1/search_2_evaluation.json,581d5e03328863f1709c283050074cbc5f6cd25ef22e846e7a8ab511a871e260,2,1500403,1510693,uniform/budget_1024/robust,uniform,1024,robust,0,mixed_far,8192,0.03692595156530172,0.002132910771520773,0.046183446942825446,0.1699062519000597,1.0,0.046153140770589796,0.1690564693691705,0.13975557560996701,,,,0.0,0.0136778437893276,0.0002960011120982841,0.9693603515625,0.14707055399685123,0.02809983603863074,0.790283203125,0.1528899613925636,0.030063587009188333,0.7701416015625,"[2,6,12,15,18,25,26,30]",163,0.001844587856123199,0.7722196101727571,0.17091594923534398,0.12837188004943295
F15-ND01 development diagnostic; original F15 result unchanged,v2/work_logs/F15_ND01_v1_run1/evaluation_attempt_1/search_2_evaluation.json,581d5e03328863f1709c283050074cbc5f6cd25ef22e846e7a8ab511a871e260,2,1500403,1510693,uniform/budget_1024/robust,uniform,1024,robust,0,preserve_other,8192,0.033726972866073804,0.001820893676206139,0.04267193077663745,0.160119571979506,0.90576171875,0.04539072693644102,0.17004098217796912,0.14041862116883094,,,,0.09423828125,0.011909097642441552,0.00022951997898062337,0.968505859375,0.14581440365243814,0.028116841881646454,0.54541015625,0.01154628249286186,0.00021973359789939965,0.968505859375,"[2,6,12,15,18,25,26,30]",163,0.001844587856123199,0.7722196101727571,0.17091594923534398,0.12837188004943295
F15-ND01 development diagnostic; original F15 result unchanged,v2/work_logs/F15_ND01_v1_run1/evaluation_attempt_1/search_2_evaluation.json,581d5e03328863f1709c283050074cbc5f6cd25ef22e846e7a8ab511a871e260,2,1500403,1510693,uniform/budget_1024/robust,uniform,1024,robust,0,equal_target,8192,0.02443114309114764,0.000925587231583332,0.030423465147535907,0.11406387128009277,0.9407958984375,0.029968545532301848,1.7904770854614538e-17,0.029968545532301844,0.029968545532301844,,,0.0592041015625,0.012895908805091828,0.0002691351276455081,0.97119140625,0.012895908805091828,0.0002691351276455081,0.97119140625,0.14835567107788633,0.02867158456297891,0.541259765625,"[2,6,12,15,18,25,26,30]",163,0.001844587856123199,0.7722196101727571,0.17091594923534398,0.12837188004943295
F15-ND01 development diagnostic; original F15 result unchanged,v2/work_logs/F15_ND01_v1_run1/evaluation_attempt_1/search_2_evaluation.json,581d5e03328863f1709c283050074cbc5f6cd25ef22e846e7a8ab511a871e260,2,1500403,1510693,uniform/budget_1024/robust,uniform,1024,robust,0,scale_separating,8192,0.03664645773420284,0.0021061943601640085,0.04589329319371196,0.1521574724655485,0.90283203125,0.04821175728563924,0.18721085994498873,0.1539985415534885,,,,0.09716796875,0.012465583288281196,0.00024942581286656535,0.9725341796875,0.16219802643030448,0.03400876686180113,0.5352783203125,0.14088291994042634,0.028133128498609727,0.6031494140625,"[2,6,12,15,18,25,26,30]",163,0.001844587856123199,0.7722196101727571,0.17091594923534398,0.12837188004943295
F15-ND01 development diagnostic; original F15 result unchanged,v2/work_logs/F15_ND01_v1_run1/evaluation_attempt_1/search_2_evaluation.json,581d5e03328863f1709c283050074cbc5f6cd25ef22e846e7a8ab511a871e260,2,1500403,1510693,uniform/budget_1024/robust,uniform,1024,robust,1,mixed_near,8192,0.03414519409232036,0.0018715379309956755,0.04326127518919982,0.1963800800260424,0.6588134765625,0.04458937815699874,0.16301763629515,0.1354519108947347,,,,0.3411865234375,0.012973565013113184,0.0002643787402042064,0.9979248046875,0.14487294096020542,0.0257976024214485,0.4879150390625,0.1473443479995994,0.026762221778624494,0.477294921875,"[0,4,6,11,20,24,28,31]",47,0.002590121840189451,1.0052776495594202,0.20943656882407644,0.1415307431731374
F15-ND01 development diagnostic; original F15 result unchanged,v2/work_logs/F15_ND01_v1_run1/evaluation_attempt_1/search_2_evaluation.json,581d5e03328863f1709c283050074cbc5f6cd25ef22e846e7a8ab511a871e260,2,1500403,1510693,uniform/budget_1024/robust,uniform,1024,robust,1,mixed_far,8192,0.05009581486398381,0.0035847855001832165,0.05987307825879021,0.187051487335836,0.999755859375,0.05658113730219499,0.1690406398158507,0.1251362245175378,,,,0.000244140625,0.012275126507300315,0.00024071118177096162,0.970947265625,0.1518409748648722,0.029602607735004158,0.7723388671875,0.1479879695798345,0.028307274533044866,0.779052734375,"[0,4,6,11,20,24,28,31]",47,0.002590121840189451,1.0052776495594202,0.20943656882407644,0.1415307431731374
F15-ND01 development diagnostic; original F15 result unchanged,v2/work_logs/F15_ND01_v1_run1/evaluation_attempt_1/search_2_evaluation.json,581d5e03328863f1709c283050074cbc5f6cd25ef22e846e7a8ab511a871e260,2,1500403,1510693,uniform/budget_1024/robust,uniform,1024,robust,1,preserve_other,8192,0.04124583987858618,0.002544329331586901,0.050441345457738346,0.20204993402146898,0.88623046875,0.04977739387301458,0.17109253118510054,0.13067984894696744,,,,0.11376953125,0.012811743457551181,0.00026776932223080335,0.971435546875,0.15079477363427485,0.029613819682165088,0.535888671875,0.013247249380269327,0.0002807378636652473,0.9693603515625,"[0,4,6,11,20,24,28,31]",47,0.002590121840189451,1.0052776495594202,0.20943656882407644,0.1415307431731374
F15-ND01 development diagnostic; original F15 result unchanged,v2/work_logs/F15_ND01_v1_run1/evaluation_attempt_1/search_2_evaluation.json,581d5e03328863f1709c283050074cbc5f6cd25ef22e846e7a8ab511a871e260,2,1500403,1510693,uniform/budget_1024/robust,uniform,1024,robust,1,equal_target,8192,0.029372561470221128,0.0013311109559461672,0.03648439332024266,0.12436823014794218,0.919677734375,0.03359713576123271,1.7751803445521776e-17,0.03359713576123271,0.03359713576123271,,,0.080322265625,0.0116857474477421,0.00022235254193761798,0.970458984375,0.0116857474477421,0.00022235254193761798,0.970458984375,0.14445704452164865,0.027523550906569896,0.55517578125,"[0,4,6,11,20,24,28,31]",47,0.002590121840189451,1.0052776495594202,0.20943656882407644,0.1415307431731374
F15-ND01 development diagnostic; original F15 result unchanged,v2/work_logs/F15_ND01_v1_run1/evaluation_attempt_1/search_2_evaluation.json,581d5e03328863f1709c283050074cbc5f6cd25ef22e846e7a8ab511a871e260,2,1500403,1510693,uniform/budget_1024/robust,uniform,1024,robust,1,scale_separating,8192,0.04526809559947646,0.003006192911256731,0.054828759891654776,0.18815827720989453,0.87548828125,0.05408277311792723,0.18479739205536055,0.14540435680995017,,,,0.12451171875,0.013181104630499138,0.0002782564698973264,0.9705810546875,0.1629901917910768,0.03406172754699609,0.5296630859375,0.13941972241860667,0.027869210246732015,0.6226806640625,"[0,4,6,11,20,24,28,31]",47,0.002590121840189451,1.0052776495594202,0.20943656882407644,0.1415307431731374
F15-ND01 development diagnostic; original F15 result unchanged,v2/work_logs/F15_ND01_v1_run1/evaluation_attempt_1/search_2_evaluation.json,581d5e03328863f1709c283050074cbc5f6cd25ef22e846e7a8ab511a871e260,2,1500403,1510693,uniform/budget_128/frozen_mse,uniform,128,frozen_mse,0,mixed_near,8192,0.046533484434584466,0.003325573972694484,0.057667789733043213,0.21675721459185976,0.6156005859375,0.06007641411949353,0.16319451810221314,0.15383747855794294,,,,0.3843994140625,0.011723144228262036,0.00021844759049057433,0.9989013671875,0.1465970585563905,0.02639495177296053,0.471923828125,0.14652360175972695,0.026268176945721915,0.48291015625,"[0,7,9,12,15,18,20,27]",120,0.003526081625985346,1.0771445466516765,0.17561861839315626,0.18420834571308556
F15-ND01 development diagnostic; original F15 result unchanged,v2/work_logs/F15_ND01_v1_run1/evaluation_attempt_1/search_2_evaluation.json,581d5e03328863f1709c283050074cbc5f6cd25ef22e846e7a8ab511a871e260,2,1500403,1510693,uniform/budget_128/frozen_mse,uniform,128,frozen_mse,0,mixed_far,8192,0.0548732781170535,0.004496215948188151,0.06705382873623363,0.2174528238670944,0.9981689453125,0.0660298317758318,0.1690564693691705,0.14646489133237126,,,,0.0018310546875,0.0136778437893276,0.0002960011120982841,0.9693603515625,0.14707055399685123,0.02809983603863074,0.790283203125,0.1528899613925636,0.030063587009188333,0.7701416015625,"[0,7,9,12,15,18,20,27]",120,0.003526081625985346,1.0771445466516765,0.17561861839315626,0.18420834571308556
F15-ND01 development diagnostic; original F15 result unchanged,v2/work_logs/F15_ND01_v1_run1/evaluation_attempt_1/search_2_evaluation.json,581d5e03328863f1709c283050074cbc5f6cd25ef22e846e7a8ab511a871e260,2,1500403,1510693,uniform/budget_128/frozen_mse,uniform,128,frozen_mse,0,preserve_other,8192,0.046579085760955125,0.0033116209787647666,0.05754668521092042,0.19884049432426248,0.8695068359375,0.06031353705505882,0.17004098217796912,0.1500731635265232,,,,0.1304931640625,0.011909097642441552,0.00022951997898062337,0.968505859375,0.14581440365243814,0.028116841881646454,0.54541015625,0.01154628249286186,0.00021973359789939965,0.968505859375,"[0,7,9,12,15,18,20,27]",120,0.003526081625985346,1.0771445466516765,0.17561861839315626,0.18420834571308556
F15-ND01 development diagnostic; original F15 result unchanged,v2/work_logs/F15_ND01_v1_run1/evaluation_attempt_1/search_2_evaluation.json,581d5e03328863f1709c283050074cbc5f6cd25ef22e846e7a8ab511a871e260,2,1500403,1510693,uniform/budget_128/frozen_mse,uniform,128,frozen_mse,0,equal_target,8192,0.04406174004839622,0.003026969102888595,0.05501789802317601,0.1987908523799099,0.890380859375,0.05463517105015825,1.7904770854614538e-17,0.05463517105015825,0.05463517105015825,,,0.109619140625,0.012895908805091828,0.0002691351276455081,0.97119140625,0.012895908805091828,0.0002691351276455081,0.97119140625,0.14835567107788633,0.02867158456297891,0.541259765625,"[0,7,9,12,15,18,20,27]",120,0.003526081625985346,1.0771445466516765,0.17561861839315626,0.18420834571308556
F15-ND01 development diagnostic; original F15 result unchanged,v2/work_logs/F15_ND01_v1_run1/evaluation_attempt_1/search_2_evaluation.json,581d5e03328863f1709c283050074cbc5f6cd25ef22e846e7a8ab511a871e260,2,1500403,1510693,uniform/budget_128/frozen_mse,uniform,128,frozen_mse,0,scale_separating,8192,0.04954014986179355,0.003742954267703133,0.06117968835898997,0.2117911496141502,0.859130859375,0.06297423810775396,0.18721085994498873,0.1681974642348402,,,,0.140869140625,0.012465583288281196,0.00024942581286656535,0.9725341796875,0.16219802643030448,0.03400876686180113,0.5352783203125,0.14088291994042634,0.028133128498609727,0.6031494140625,"[0,7,9,12,15,18,20,27]",120,0.003526081625985346,1.0771445466516765,0.17561861839315626,0.18420834571308556
F15-ND01 development diagnostic; original F15 result unchanged,v2/work_logs/F15_ND01_v1_run1/evaluation_attempt_1/search_2_evaluation.json,581d5e03328863f1709c283050074cbc5f6cd25ef22e846e7a8ab511a871e260,2,1500403,1510693,uniform/budget_128/frozen_mse,uniform,128,frozen_mse,1,mixed_near,8192,0.03414519409232036,0.0018715379309956755,0.04326127518919982,0.1963800800260424,0.6588134765625,0.04458937815699874,0.16301763629515,0.1354519108947347,,,,0.3411865234375,0.012973565013113184,0.0002643787402042064,0.9979248046875,0.14487294096020542,0.0257976024214485,0.4879150390625,0.1473443479995994,0.026762221778624494,0.477294921875,"[0,4,6,11,20,24,28,31]",47,0.002590121840189451,1.0052776495594202,0.20943656882407644,0.1415307431731374
F15-ND01 development diagnostic; original F15 result unchanged,v2/work_logs/F15_ND01_v1_run1/evaluation_attempt_1/search_2_evaluation.json,581d5e03328863f1709c283050074cbc5f6cd25ef22e846e7a8ab511a871e260,2,1500403,1510693,uniform/budget_128/frozen_mse,uniform,128,frozen_mse,1,mixed_far,8192,0.05009581486398381,0.0035847855001832165,0.05987307825879021,0.187051487335836,0.999755859375,0.05658113730219499,0.1690406398158507,0.1251362245175378,,,,0.000244140625,0.012275126507300315,0.00024071118177096162,0.970947265625,0.1518409748648722,0.029602607735004158,0.7723388671875,0.1479879695798345,0.028307274533044866,0.779052734375,"[0,4,6,11,20,24,28,31]",47,0.002590121840189451,1.0052776495594202,0.20943656882407644,0.1415307431731374
F15-ND01 development diagnostic; original F15 result unchanged,v2/work_logs/F15_ND01_v1_run1/evaluation_attempt_1/search_2_evaluation.json,581d5e03328863f1709c283050074cbc5f6cd25ef22e846e7a8ab511a871e260,2,1500403,1510693,uniform/budget_128/frozen_mse,uniform,128,frozen_mse,1,preserve_other,8192,0.04124583987858618,0.002544329331586901,0.050441345457738346,0.20204993402146898,0.88623046875,0.04977739387301458,0.17109253118510054,0.13067984894696744,,,,0.11376953125,0.012811743457551181,0.00026776932223080335,0.971435546875,0.15079477363427485,0.029613819682165088,0.535888671875,0.013247249380269327,0.0002807378636652473,0.9693603515625,"[0,4,6,11,20,24,28,31]",47,0.002590121840189451,1.0052776495594202,0.20943656882407644,0.1415307431731374
F15-ND01 development diagnostic; original F15 result unchanged,v2/work_logs/F15_ND01_v1_run1/evaluation_attempt_1/search_2_evaluation.json,581d5e03328863f1709c283050074cbc5f6cd25ef22e846e7a8ab511a871e260,2,1500403,1510693,uniform/budget_128/frozen_mse,uniform,128,frozen_mse,1,equal_target,8192,0.029372561470221128,0.0013311109559461672,0.03648439332024266,0.12436823014794218,0.919677734375,0.03359713576123271,1.7751803445521776e-17,0.03359713576123271,0.03359713576123271,,,0.080322265625,0.0116857474477421,0.00022235254193761798,0.970458984375,0.0116857474477421,0.00022235254193761798,0.970458984375,0.14445704452164865,0.027523550906569896,0.55517578125,"[0,4,6,11,20,24,28,31]",47,0.002590121840189451,1.0052776495594202,0.20943656882407644,0.1415307431731374
F15-ND01 development diagnostic; original F15 result unchanged,v2/work_logs/F15_ND01_v1_run1/evaluation_attempt_1/search_2_evaluation.json,581d5e03328863f1709c283050074cbc5f6cd25ef22e846e7a8ab511a871e260,2,1500403,1510693,uniform/budget_128/frozen_mse,uniform,128,frozen_mse,1,scale_separating,8192,0.04526809559947646,0.003006192911256731,0.054828759891654776,0.18815827720989453,0.87548828125,0.05408277311792723,0.18479739205536055,0.14540435680995017,,,,0.12451171875,0.013181104630499138,0.0002782564698973264,0.9705810546875,0.1629901917910768,0.03406172754699609,0.5296630859375,0.13941972241860667,0.027869210246732015,0.6226806640625,"[0,4,6,11,20,24,28,31]",47,0.002590121840189451,1.0052776495594202,0.20943656882407644,0.1415307431731374
F15-ND01 development diagnostic; original F15 result unchanged,v2/work_logs/F15_ND01_v1_run1/evaluation_attempt_1/search_2_evaluation.json,581d5e03328863f1709c283050074cbc5f6cd25ef22e846e7a8ab511a871e260,2,1500403,1510693,uniform/budget_128/robust,uniform,128,robust,0,mixed_near,8192,0.046533484434584466,0.003325573972694484,0.057667789733043213,0.21675721459185976,0.6156005859375,0.06007641411949353,0.16319451810221314,0.15383747855794294,,,,0.3843994140625,0.011723144228262036,0.00021844759049057433,0.9989013671875,0.1465970585563905,0.02639495177296053,0.471923828125,0.14652360175972695,0.026268176945721915,0.48291015625,"[0,7,9,12,15,18,20,27]",120,0.003526081625985346,1.0771445466516765,0.17561861839315626,0.18420834571308556
F15-ND01 development diagnostic; original F15 result unchanged,v2/work_logs/F15_ND01_v1_run1/evaluation_attempt_1/search_2_evaluation.json,581d5e03328863f1709c283050074cbc5f6cd25ef22e846e7a8ab511a871e260,2,1500403,1510693,uniform/budget_128/robust,uniform,128,robust,0,mixed_far,8192,0.0548732781170535,0.004496215948188151,0.06705382873623363,0.2174528238670944,0.9981689453125,0.0660298317758318,0.1690564693691705,0.14646489133237126,,,,0.0018310546875,0.0136778437893276,0.0002960011120982841,0.9693603515625,0.14707055399685123,0.02809983603863074,0.790283203125,0.1528899613925636,0.030063587009188333,0.7701416015625,"[0,7,9,12,15,18,20,27]",120,0.003526081625985346,1.0771445466516765,0.17561861839315626,0.18420834571308556
F15-ND01 development diagnostic; original F15 result unchanged,v2/work_logs/F15_ND01_v1_run1/evaluation_attempt_1/search_2_evaluation.json,581d5e03328863f1709c283050074cbc5f6cd25ef22e846e7a8ab511a871e260,2,1500403,1510693,uniform/budget_128/robust,uniform,128,robust,0,preserve_other,8192,0.046579085760955125,0.0033116209787647666,0.05754668521092042,0.19884049432426248,0.8695068359375,0.06031353705505882,0.17004098217796912,0.1500731635265232,,,,0.1304931640625,0.011909097642441552,0.00022951997898062337,0.968505859375,0.14581440365243814,0.028116841881646454,0.54541015625,0.01154628249286186,0.00021973359789939965,0.968505859375,"[0,7,9,12,15,18,20,27]",120,0.003526081625985346,1.0771445466516765,0.17561861839315626,0.18420834571308556
F15-ND01 development diagnostic; original F15 result unchanged,v2/work_logs/F15_ND01_v1_run1/evaluation_attempt_1/search_2_evaluation.json,581d5e03328863f1709c283050074cbc5f6cd25ef22e846e7a8ab511a871e260,2,1500403,1510693,uniform/budget_128/robust,uniform,128,robust,0,equal_target,8192,0.04406174004839622,0.003026969102888595,0.05501789802317601,0.1987908523799099,0.890380859375,0.05463517105015825,1.7904770854614538e-17,0.05463517105015825,0.05463517105015825,,,0.109619140625,0.012895908805091828,0.0002691351276455081,0.97119140625,0.012895908805091828,0.0002691351276455081,0.97119140625,0.14835567107788633,0.02867158456297891,0.541259765625,"[0,7,9,12,15,18,20,27]",120,0.003526081625985346,1.0771445466516765,0.17561861839315626,0.18420834571308556
F15-ND01 development diagnostic; original F15 result unchanged,v2/work_logs/F15_ND01_v1_run1/evaluation_attempt_1/search_2_evaluation.json,581d5e03328863f1709c283050074cbc5f6cd25ef22e846e7a8ab511a871e260,2,1500403,1510693,uniform/budget_128/robust,uniform,128,robust,0,scale_separating,8192,0.04954014986179355,0.003742954267703133,0.06117968835898997,0.2117911496141502,0.859130859375,0.06297423810775396,0.18721085994498873,0.1681974642348402,,,,0.140869140625,0.012465583288281196,0.00024942581286656535,0.9725341796875,0.16219802643030448,0.03400876686180113,0.5352783203125,0.14088291994042634,0.028133128498609727,0.6031494140625,"[0,7,9,12,15,18,20,27]",120,0.003526081625985346,1.0771445466516765,0.17561861839315626,0.18420834571308556
F15-ND01 development diagnostic; original F15 result unchanged,v2/work_logs/F15_ND01_v1_run1/evaluation_attempt_1/search_2_evaluation.json,581d5e03328863f1709c283050074cbc5f6cd25ef22e846e7a8ab511a871e260,2,1500403,1510693,uniform/budget_128/robust,uniform,128,robust,1,mixed_near,8192,0.03414519409232036,0.0018715379309956755,0.04326127518919982,0.1963800800260424,0.6588134765625,0.04458937815699874,0.16301763629515,0.1354519108947347,,,,0.3411865234375,0.012973565013113184,0.0002643787402042064,0.9979248046875,0.14487294096020542,0.0257976024214485,0.4879150390625,0.1473443479995994,0.026762221778624494,0.477294921875,"[0,4,6,11,20,24,28,31]",47,0.002590121840189451,1.0052776495594202,0.20943656882407644,0.1415307431731374
F15-ND01 development diagnostic; original F15 result unchanged,v2/work_logs/F15_ND01_v1_run1/evaluation_attempt_1/search_2_evaluation.json,581d5e03328863f1709c283050074cbc5f6cd25ef22e846e7a8ab511a871e260,2,1500403,1510693,uniform/budget_128/robust,uniform,128,robust,1,mixed_far,8192,0.05009581486398381,0.0035847855001832165,0.05987307825879021,0.187051487335836,0.999755859375,0.05658113730219499,0.1690406398158507,0.1251362245175378,,,,0.000244140625,0.012275126507300315,0.00024071118177096162,0.970947265625,0.1518409748648722,0.029602607735004158,0.7723388671875,0.1479879695798345,0.028307274533044866,0.779052734375,"[0,4,6,11,20,24,28,31]",47,0.002590121840189451,1.0052776495594202,0.20943656882407644,0.1415307431731374
F15-ND01 development diagnostic; original F15 result unchanged,v2/work_logs/F15_ND01_v1_run1/evaluation_attempt_1/search_2_evaluation.json,581d5e03328863f1709c283050074cbc5f6cd25ef22e846e7a8ab511a871e260,2,1500403,1510693,uniform/budget_128/robust,uniform,128,robust,1,preserve_other,8192,0.04124583987858618,0.002544329331586901,0.050441345457738346,0.20204993402146898,0.88623046875,0.04977739387301458,0.17109253118510054,0.13067984894696744,,,,0.11376953125,0.012811743457551181,0.00026776932223080335,0.971435546875,0.15079477363427485,0.029613819682165088,0.535888671875,0.013247249380269327,0.0002807378636652473,0.9693603515625,"[0,4,6,11,20,24,28,31]",47,0.002590121840189451,1.0052776495594202,0.20943656882407644,0.1415307431731374
F15-ND01 development diagnostic; original F15 result unchanged,v2/work_logs/F15_ND01_v1_run1/evaluation_attempt_1/search_2_evaluation.json,581d5e03328863f1709c283050074cbc5f6cd25ef22e846e7a8ab511a871e260,2,1500403,1510693,uniform/budget_128/robust,uniform,128,robust,1,equal_target,8192,0.029372561470221128,0.0013311109559461672,0.03648439332024266,0.12436823014794218,0.919677734375,0.03359713576123271,1.7751803445521776e-17,0.03359713576123271,0.03359713576123271,,,0.080322265625,0.0116857474477421,0.00022235254193761798,0.970458984375,0.0116857474477421,0.00022235254193761798,0.970458984375,0.14445704452164865,0.027523550906569896,0.55517578125,"[0,4,6,11,20,24,28,31]",47,0.002590121840189451,1.0052776495594202,0.20943656882407644,0.1415307431731374
F15-ND01 development diagnostic; original F15 result unchanged,v2/work_logs/F15_ND01_v1_run1/evaluation_attempt_1/search_2_evaluation.json,581d5e03328863f1709c283050074cbc5f6cd25ef22e846e7a8ab511a871e260,2,1500403,1510693,uniform/budget_128/robust,uniform,128,robust,1,scale_separating,8192,0.04526809559947646,0.003006192911256731,0.054828759891654776,0.18815827720989453,0.87548828125,0.05408277311792723,0.18479739205536055,0.14540435680995017,,,,0.12451171875,0.013181104630499138,0.0002782564698973264,0.9705810546875,0.1629901917910768,0.03406172754699609,0.5296630859375,0.13941972241860667,0.027869210246732015,0.6226806640625,"[0,4,6,11,20,24,28,31]",47,0.002590121840189451,1.0052776495594202,0.20943656882407644,0.1415307431731374
F15-ND01 development diagnostic; original F15 result unchanged,v2/work_logs/F15_ND01_v1_run1/evaluation_attempt_1/search_3_evaluation.json,8999cdcf297b657599bad7d9bb6e4ad6ca719e15aec06eeccf9689718fa70e24,3,1500404,1510694,cost_corr/budget_1024/frozen_mse,cost_corr,1024,frozen_mse,0,mixed_near,8192,0.039437197723364154,0.0022374529487403025,0.047301722471177546,0.14818882240933307,0.6181640625,0.05159905078511027,0.16421298745975088,0.12195335100466902,,,,0.3818359375,0.016233116092853002,0.0004175178754422046,0.9969482421875,0.14422842083839085,0.02564159651962148,0.475830078125,0.14377794111145858,0.025603356271096084,0.4854736328125,"[4,10,12,13,16,18,21,23]",785,0.0023090605257157053,0.9543320478886975,0.16368157273302014,0.14392134225794076
F15-ND01 development diagnostic; original F15 result unchanged,v2/work_logs/F15_ND01_v1_run1/evaluation_attempt_1/search_3_evaluation.json,8999cdcf297b657599bad7d9bb6e4ad6ca719e15aec06eeccf9689718fa70e24,3,1500404,1510694,cost_corr/budget_1024/frozen_mse,cost_corr,1024,frozen_mse,0,mixed_far,8192,0.04646700890748987,0.003063778457858003,0.05535140881547644,0.17490027068793618,0.9998779296875,0.052838809614342785,0.1683553377550687,0.12481664417778963,,,,0.0001220703125,0.016400169160967853,0.0004165826977952763,0.9610595703125,0.1507911522619545,0.02912688449567992,0.7698974609375,0.14894699815130172,0.028796530494242304,0.7767333984375,"[4,10,12,13,16,18,21,23]",785,0.0023090605257157053,0.9543320478886975,0.16368157273302014,0.14392134225794076
F15-ND01 development diagnostic; original F15 result unchanged,v2/work_logs/F15_ND01_v1_run1/evaluation_attempt_1/search_3_evaluation.json,8999cdcf297b657599bad7d9bb6e4ad6ca719e15aec06eeccf9689718fa70e24,3,1500404,1510694,cost_corr/budget_1024/frozen_mse,cost_corr,1024,frozen_mse,0,preserve_other,8192,0.04243727963780357,0.002683010932131533,0.051797788872996624,0.198699666699858,0.8807373046875,0.05435123550814738,0.16789581766364658,0.1227801099129885,,,,0.1192626953125,0.01656282728137523,0.0004330271670804061,0.959716796875,0.14378141308739636,0.0273257690999317,0.5565185546875,0.017218909353774077,0.0004737774910551052,0.95751953125,"[4,10,12,13,16,18,21,23]",785,0.0023090605257157053,0.9543320478886975,0.16368157273302014,0.14392134225794076
F15-ND01 development diagnostic; original F15 result unchanged,v2/work_logs/F15_ND01_v1_run1/evaluation_attempt_1/search_3_evaluation.json,8999cdcf297b657599bad7d9bb6e4ad6ca719e15aec06eeccf9689718fa70e24,3,1500404,1510694,cost_corr/budget_1024/frozen_mse,cost_corr,1024,frozen_mse,0,equal_target,8192,0.021934940955666088,0.0007568634307844684,0.02751115102616516,0.0963620813705729,0.9473876953125,0.0261937131538563,1.771999015213184e-17,0.0261937131538563,0.0261937131538563,,,0.0526123046875,0.016470882319356464,0.0004241751923064615,0.96044921875,0.016470882319356464,0.0004241751923064615,0.96044921875,0.14606776799112145,0.02799267675531259,0.545166015625,"[4,10,12,13,16,18,21,23]",785,0.0023090605257157053,0.9543320478886975,0.16368157273302014,0.14392134225794076
F15-ND01 development diagnostic; original F15 result unchanged,v2/work_logs/F15_ND01_v1_run1/evaluation_attempt_1/search_3_evaluation.json,8999cdcf297b657599bad7d9bb6e4ad6ca719e15aec06eeccf9689718fa70e24,3,1500404,1510694,cost_corr/budget_1024/frozen_mse,cost_corr,1024,frozen_mse,0,scale_separating,8192,0.04599906205454679,0.003003831337179322,0.054807219754146645,0.17578411100509575,0.875,0.059078193864095435,0.1863362617535183,0.13601481427198542,,,,0.125,0.01684122277048776,0.000440697067397664,0.96435546875,0.15953952963935175,0.03288361449831636,0.5328369140625,0.13857848614030774,0.027347560479848772,0.6104736328125,"[4,10,12,13,16,18,21,23]",785,0.0023090605257157053,0.9543320478886975,0.16368157273302014,0.14392134225794076
F15-ND01 development diagnostic; original F15 result unchanged,v2/work_logs/F15_ND01_v1_run1/evaluation_attempt_1/search_3_evaluation.json,8999cdcf297b657599bad7d9bb6e4ad6ca719e15aec06eeccf9689718fa70e24,3,1500404,1510694,cost_corr/budget_1024/frozen_mse,cost_corr,1024,frozen_mse,1,mixed_near,8192,0.03155684757743847,0.0014612085896089123,0.038225758195344045,0.14827734445769325,0.66162109375,0.040989249799483034,0.16242991047047156,0.17414920751196095,,,,0.33837890625,0.01645320247032152,0.00042060948634199414,0.997802734375,0.1428580832325109,0.025336589008257478,0.475341796875,0.14316916727356513,0.025374539817305822,0.4822998046875,"[1,2,3,8,14,19,26,28]",779,0.001802148808677808,1.1607142857142858,0.15403308203417412,0.12463950283259043
F15-ND01 development diagnostic; original F15 result unchanged,v2/work_logs/F15_ND01_v1_run1/evaluation_attempt_1/search_3_evaluation.json,8999cdcf297b657599bad7d9bb6e4ad6ca719e15aec06eeccf9689718fa70e24,3,1500404,1510694,cost_corr/budget_1024/frozen_mse,cost_corr,1024,frozen_mse,1,mixed_far,8192,0.042424718083103,0.002539958513961744,0.0503980010909336,0.16861098503264665,1.0,0.04704719846037146,0.16865640138955607,0.150541042253329,,,,0.0,0.016685494684654967,0.0004371206047027829,0.962646484375,0.14836189350312856,0.028348562598707928,0.785400390625,0.14992815316129587,0.02903779042352292,0.779296875,"[1,2,3,8,14,19,26,28]",779,0.001802148808677808,1.1607142857142858,0.15403308203417412,0.12463950283259043
F15-ND01 development diagnostic; original F15 result unchanged,v2/work_logs/F15_ND01_v1_run1/evaluation_attempt_1/search_3_evaluation.json,8999cdcf297b657599bad7d9bb6e4ad6ca719e15aec06eeccf9689718fa70e24,3,1500404,1510694,cost_corr/budget_1024/frozen_mse,cost_corr,1024,frozen_mse,1,preserve_other,8192,0.0239386925521547,0.0009155523228975955,0.030258095163073227,0.1106143156443321,0.9434814453125,0.03473647132606516,0.16941657395751125,0.15127465883513488,,,,0.0565185546875,0.016206382678652168,0.0004102185252347579,0.9581298828125,0.1444201767709383,0.02751181448052705,0.556640625,0.016744088607173708,0.0004311187058250794,0.9586181640625,"[1,2,3,8,14,19,26,28]",779,0.001802148808677808,1.1607142857142858,0.15403308203417412,0.12463950283259043
F15-ND01 development diagnostic; original F15 result unchanged,v2/work_logs/F15_ND01_v1_run1/evaluation_attempt_1/search_3_evaluation.json,8999cdcf297b657599bad7d9bb6e4ad6ca719e15aec06eeccf9689718fa70e24,3,1500404,1510694,cost_corr/budget_1024/frozen_mse,cost_corr,1024,frozen_mse,1,equal_target,8192,0.034838353205094444,0.001878742309594764,0.043344461117826395,0.17108123279172666,0.90869140625,0.04076010558028904,1.665300655275179e-17,0.04076010558028904,0.04076010558028904,,,0.09130859375,0.016593199283359353,0.0004336511402146565,0.96142578125,0.016593199283359353,0.0004336511402146565,0.96142578125,0.14601515707360196,0.028092456315721458,0.549072265625,"[1,2,3,8,14,19,26,28]",779,0.001802148808677808,1.1607142857142858,0.15403308203417412,0.12463950283259043
F15-ND01 development diagnostic; original F15 result unchanged,v2/work_logs/F15_ND01_v1_run1/evaluation_attempt_1/search_3_evaluation.json,8999cdcf297b657599bad7d9bb6e4ad6ca719e15aec06eeccf9689718fa70e24,3,1500404,1510694,cost_corr/budget_1024/frozen_mse,cost_corr,1024,frozen_mse,1,scale_separating,8192,0.03596520828388401,0.001951937001266576,0.0441807311083302,0.16329929079137168,0.8995361328125,0.0445245919682382,0.18973299950745906,0.17746395351581365,,,,0.1004638671875,0.01681829627584523,0.0004396130038624833,0.9652099609375,0.16263970446919065,0.03396930026419821,0.5224609375,0.13622945456642588,0.02664849177073302,0.617431640625,"[1,2,3,8,14,19,26,28]",779,0.001802148808677808,1.1607142857142858,0.15403308203417412,0.12463950283259043
F15-ND01 development diagnostic; original F15 result unchanged,v2/work_logs/F15_ND01_v1_run1/evaluation_attempt_1/search_3_evaluation.json,8999cdcf297b657599bad7d9bb6e4ad6ca719e15aec06eeccf9689718fa70e24,3,1500404,1510694,cost_corr/budget_1024/robust,cost_corr,1024,robust,0,mixed_near,8192,0.039437197723364154,0.0022374529487403025,0.047301722471177546,0.14818882240933307,0.6181640625,0.05159905078511027,0.16421298745975088,0.12195335100466902,,,,0.3818359375,0.016233116092853002,0.0004175178754422046,0.9969482421875,0.14422842083839085,0.02564159651962148,0.475830078125,0.14377794111145858,0.025603356271096084,0.4854736328125,"[4,10,12,13,16,18,21,23]",785,0.0023090605257157053,0.9543320478886975,0.16368157273302014,0.14392134225794076
F15-ND01 development diagnostic; original F15 result unchanged,v2/work_logs/F15_ND01_v1_run1/evaluation_attempt_1/search_3_evaluation.json,8999cdcf297b657599bad7d9bb6e4ad6ca719e15aec06eeccf9689718fa70e24,3,1500404,1510694,cost_corr/budget_1024/robust,cost_corr,1024,robust,0,mixed_far,8192,0.04646700890748987,0.003063778457858003,0.05535140881547644,0.17490027068793618,0.9998779296875,0.052838809614342785,0.1683553377550687,0.12481664417778963,,,,0.0001220703125,0.016400169160967853,0.0004165826977952763,0.9610595703125,0.1507911522619545,0.02912688449567992,0.7698974609375,0.14894699815130172,0.028796530494242304,0.7767333984375,"[4,10,12,13,16,18,21,23]",785,0.0023090605257157053,0.9543320478886975,0.16368157273302014,0.14392134225794076
F15-ND01 development diagnostic; original F15 result unchanged,v2/work_logs/F15_ND01_v1_run1/evaluation_attempt_1/search_3_evaluation.json,8999cdcf297b657599bad7d9bb6e4ad6ca719e15aec06eeccf9689718fa70e24,3,1500404,1510694,cost_corr/budget_1024/robust,cost_corr,1024,robust,0,preserve_other,8192,0.04243727963780357,0.002683010932131533,0.051797788872996624,0.198699666699858,0.8807373046875,0.05435123550814738,0.16789581766364658,0.1227801099129885,,,,0.1192626953125,0.01656282728137523,0.0004330271670804061,0.959716796875,0.14378141308739636,0.0273257690999317,0.5565185546875,0.017218909353774077,0.0004737774910551052,0.95751953125,"[4,10,12,13,16,18,21,23]",785,0.0023090605257157053,0.9543320478886975,0.16368157273302014,0.14392134225794076
F15-ND01 development diagnostic; original F15 result unchanged,v2/work_logs/F15_ND01_v1_run1/evaluation_attempt_1/search_3_evaluation.json,8999cdcf297b657599bad7d9bb6e4ad6ca719e15aec06eeccf9689718fa70e24,3,1500404,1510694,cost_corr/budget_1024/robust,cost_corr,1024,robust,0,equal_target,8192,0.021934940955666088,0.0007568634307844684,0.02751115102616516,0.0963620813705729,0.9473876953125,0.0261937131538563,1.771999015213184e-17,0.0261937131538563,0.0261937131538563,,,0.0526123046875,0.016470882319356464,0.0004241751923064615,0.96044921875,0.016470882319356464,0.0004241751923064615,0.96044921875,0.14606776799112145,0.02799267675531259,0.545166015625,"[4,10,12,13,16,18,21,23]",785,0.0023090605257157053,0.9543320478886975,0.16368157273302014,0.14392134225794076
F15-ND01 development diagnostic; original F15 result unchanged,v2/work_logs/F15_ND01_v1_run1/evaluation_attempt_1/search_3_evaluation.json,8999cdcf297b657599bad7d9bb6e4ad6ca719e15aec06eeccf9689718fa70e24,3,1500404,1510694,cost_corr/budget_1024/robust,cost_corr,1024,robust,0,scale_separating,8192,0.04599906205454679,0.003003831337179322,0.054807219754146645,0.17578411100509575,0.875,0.059078193864095435,0.1863362617535183,0.13601481427198542,,,,0.125,0.01684122277048776,0.000440697067397664,0.96435546875,0.15953952963935175,0.03288361449831636,0.5328369140625,0.13857848614030774,0.027347560479848772,0.6104736328125,"[4,10,12,13,16,18,21,23]",785,0.0023090605257157053,0.9543320478886975,0.16368157273302014,0.14392134225794076
F15-ND01 development diagnostic; original F15 result unchanged,v2/work_logs/F15_ND01_v1_run1/evaluation_attempt_1/search_3_evaluation.json,8999cdcf297b657599bad7d9bb6e4ad6ca719e15aec06eeccf9689718fa70e24,3,1500404,1510694,cost_corr/budget_1024/robust,cost_corr,1024,robust,1,mixed_near,8192,0.03537146518041331,0.0019404679092023718,0.044050742436449034,0.17777199218870005,0.6451416015625,0.04858123200726447,0.16242991047047156,0.15468811185805523,,,,0.3548583984375,0.01645320247032152,0.00042060948634199414,0.997802734375,0.1428580832325109,0.025336589008257478,0.475341796875,0.14316916727356513,0.025374539817305822,0.4822998046875,"[1,7,15,19,24,27,28,29]",264,0.0025764005180501787,1.036326375600696,0.2151117993150073,0.15370212633779382
F15-ND01 development diagnostic; original F15 result unchanged,v2/work_logs/F15_ND01_v1_run1/evaluation_attempt_1/search_3_evaluation.json,8999cdcf297b657599bad7d9bb6e4ad6ca719e15aec06eeccf9689718fa70e24,3,1500404,1510694,cost_corr/budget_1024/robust,cost_corr,1024,robust,1,mixed_far,8192,0.04791106337212389,0.0033913858508367173,0.058235606383352075,0.19626501768289772,0.998779296875,0.05667025679625325,0.16865640138955607,0.13639399259353593,,,,0.001220703125,0.016685494684654967,0.0004371206047027829,0.962646484375,0.14836189350312856,0.028348562598707928,0.785400390625,0.14992815316129587,0.02903779042352292,0.779296875,"[1,7,15,19,24,27,28,29]",264,0.0025764005180501787,1.036326375600696,0.2151117993150073,0.15370212633779382
F15-ND01 development diagnostic; original F15 result unchanged,v2/work_logs/F15_ND01_v1_run1/evaluation_attempt_1/search_3_evaluation.json,8999cdcf297b657599bad7d9bb6e4ad6ca719e15aec06eeccf9689718fa70e24,3,1500404,1510694,cost_corr/budget_1024/robust,cost_corr,1024,robust,1,preserve_other,8192,0.044731596596396646,0.0028590817738927713,0.05347038221195703,0.1699356863206145,0.87158203125,0.05874844214648894,0.16941657395751125,0.1339561533411495,,,,0.12841796875,0.016206382678652168,0.0004102185252347579,0.9581298828125,0.1444201767709383,0.02751181448052705,0.556640625,0.016744088607173708,0.0004311187058250794,0.9586181640625,"[1,7,15,19,24,27,28,29]",264,0.0025764005180501787,1.036326375600696,0.2151117993150073,0.15370212633779382
F15-ND01 development diagnostic; original F15 result unchanged,v2/work_logs/F15_ND01_v1_run1/evaluation_attempt_1/search_3_evaluation.json,8999cdcf297b657599bad7d9bb6e4ad6ca719e15aec06eeccf9689718fa70e24,3,1500404,1510694,cost_corr/budget_1024/robust,cost_corr,1024,robust,1,equal_target,8192,0.03477050598895287,0.002013314525255114,0.044869973537490684,0.18830159696241616,0.9051513671875,0.04511905709459818,1.665300655275179e-17,0.04511905709459818,0.04511905709459818,,,0.0948486328125,0.016593199283359353,0.0004336511402146565,0.96142578125,0.016593199283359353,0.0004336511402146565,0.96142578125,0.14601515707360196,0.028092456315721458,0.549072265625,"[1,7,15,19,24,27,28,29]",264,0.0025764005180501787,1.036326375600696,0.2151117993150073,0.15370212633779382
F15-ND01 development diagnostic; original F15 result unchanged,v2/work_logs/F15_ND01_v1_run1/evaluation_attempt_1/search_3_evaluation.json,8999cdcf297b657599bad7d9bb6e4ad6ca719e15aec06eeccf9689718fa70e24,3,1500404,1510694,cost_corr/budget_1024/robust,cost_corr,1024,robust,1,scale_separating,8192,0.04566257959910858,0.0032046713049955306,0.05660981633069949,0.187389522674567,0.86376953125,0.060698458328917355,0.18973299950745906,0.1542319932367475,,,,0.13623046875,0.01681829627584523,0.0004396130038624833,0.9652099609375,0.16263970446919065,0.03396930026419821,0.5224609375,0.13622945456642588,0.02664849177073302,0.617431640625,"[1,7,15,19,24,27,28,29]",264,0.0025764005180501787,1.036326375600696,0.2151117993150073,0.15370212633779382
F15-ND01 development diagnostic; original F15 result unchanged,v2/work_logs/F15_ND01_v1_run1/evaluation_attempt_1/search_3_evaluation.json,8999cdcf297b657599bad7d9bb6e4ad6ca719e15aec06eeccf9689718fa70e24,3,1500404,1510694,cost_corr/budget_128/frozen_mse,cost_corr,128,frozen_mse,0,mixed_near,8192,0.04433279487914022,0.003063057799670118,0.05534489858758545,0.19940752703203768,0.612548828125,0.057254160140258,0.16421298745975088,0.1208362413119213,,,,0.387451171875,0.016233116092853002,0.0004175178754422046,0.9969482421875,0.14422842083839085,0.02564159651962148,0.475830078125,0.14377794111145858,0.025603356271096084,0.4854736328125,"[0,4,12,13,14,18,20,31]",101,0.0034875660961138227,1.2174965079729045,0.15817628468961153,0.1643988027630576
F15-ND01 development diagnostic; original F15 result unchanged,v2/work_logs/F15_ND01_v1_run1/evaluation_attempt_1/search_3_evaluation.json,8999cdcf297b657599bad7d9bb6e4ad6ca719e15aec06eeccf9689718fa70e24,3,1500404,1510694,cost_corr/budget_128/frozen_mse,cost_corr,128,frozen_mse,0,mixed_far,8192,0.0558757094132587,0.004422021881805255,0.06649828480348388,0.20201016239951364,0.998046875,0.06261392281906487,0.1683553377550687,0.11758524886907629,,,,0.001953125,0.016400169160967853,0.0004165826977952763,0.9610595703125,0.1507911522619545,0.02912688449567992,0.7698974609375,0.14894699815130172,0.028796530494242304,0.7767333984375,"[0,4,12,13,14,18,20,31]",101,0.0034875660961138227,1.2174965079729045,0.15817628468961153,0.1643988027630576
F15-ND01 development diagnostic; original F15 result unchanged,v2/work_logs/F15_ND01_v1_run1/evaluation_attempt_1/search_3_evaluation.json,8999cdcf297b657599bad7d9bb6e4ad6ca719e15aec06eeccf9689718fa70e24,3,1500404,1510694,cost_corr/budget_128/frozen_mse,cost_corr,128,frozen_mse,0,preserve_other,8192,0.04574364673759013,0.0033062215944395074,0.057499752994595615,0.20456508991036998,0.8687744140625,0.057172005847218835,0.16789581766364658,0.12470925571846521,,,,0.1312255859375,0.01656282728137523,0.0004330271670804061,0.959716796875,0.14378141308739636,0.0273257690999317,0.5565185546875,0.017218909353774077,0.0004737774910551052,0.95751953125,"[0,4,12,13,14,18,20,31]",101,0.0034875660961138227,1.2174965079729045,0.15817628468961153,0.1643988027630576
F15-ND01 development diagnostic; original F15 result unchanged,v2/work_logs/F15_ND01_v1_run1/evaluation_attempt_1/search_3_evaluation.json,8999cdcf297b657599bad7d9bb6e4ad6ca719e15aec06eeccf9689718fa70e24,3,1500404,1510694,cost_corr/budget_128/frozen_mse,cost_corr,128,frozen_mse,0,equal_target,8192,0.03808201045973852,0.001969049611511642,0.044373974484055875,0.15326404819874656,0.906982421875,0.03683106435412943,1.771999015213184e-17,0.03683106435412943,0.03683106435412943,,,0.093017578125,0.016470882319356464,0.0004241751923064615,0.96044921875,0.016470882319356464,0.0004241751923064615,0.96044921875,0.14606776799112145,0.02799267675531259,0.545166015625,"[0,4,12,13,14,18,20,31]",101,0.0034875660961138227,1.2174965079729045,0.15817628468961153,0.1643988027630576
F15-ND01 development diagnostic; original F15 result unchanged,v2/work_logs/F15_ND01_v1_run1/evaluation_attempt_1/search_3_evaluation.json,8999cdcf297b657599bad7d9bb6e4ad6ca719e15aec06eeccf9689718fa70e24,3,1500404,1510694,cost_corr/budget_128/frozen_mse,cost_corr,128,frozen_mse,0,scale_separating,8192,0.05054116611076473,0.003907179483171444,0.06250743542308743,0.2159839017632007,0.8646240234375,0.06349875469403689,0.1863362617535183,0.14023052657560406,,,,0.1353759765625,0.01684122277048776,0.000440697067397664,0.96435546875,0.15953952963935175,0.03288361449831636,0.5328369140625,0.13857848614030774,0.027347560479848772,0.6104736328125,"[0,4,12,13,14,18,20,31]",101,0.0034875660961138227,1.2174965079729045,0.15817628468961153,0.1643988027630576
F15-ND01 development diagnostic; original F15 result unchanged,v2/work_logs/F15_ND01_v1_run1/evaluation_attempt_1/search_3_evaluation.json,8999cdcf297b657599bad7d9bb6e4ad6ca719e15aec06eeccf9689718fa70e24,3,1500404,1510694,cost_corr/budget_128/frozen_mse,cost_corr,128,frozen_mse,1,mixed_near,8192,0.04042245576267653,0.0023597378905213027,0.04857713341193882,0.15511014170080345,0.6270751953125,0.05076905055352519,0.16242991047047156,0.18977513455760342,,,,0.3729248046875,0.01645320247032152,0.00042060948634199414,0.997802734375,0.1428580832325109,0.025336589008257478,0.475341796875,0.14316916727356513,0.025374539817305822,0.4822998046875,"[1,3,9,10,14,19,28,29]",13,0.002264266167026012,1.1160714285714286,0.14694909624455146,0.13795002660886893
F15-ND01 development diagnostic; original F15 result unchanged,v2/work_logs/F15_ND01_v1_run1/evaluation_attempt_1/search_3_evaluation.json,8999cdcf297b657599bad7d9bb6e4ad6ca719e15aec06eeccf9689718fa70e24,3,1500404,1510694,cost_corr/budget_128/frozen_mse,cost_corr,128,frozen_mse,1,mixed_far,8192,0.04247195051811341,0.0026307906870877786,0.05129123401798575,0.1781301951078461,0.9996337890625,0.04820044346446264,0.16865640138955607,0.1597438223821635,,,,0.0003662109375,0.016685494684654967,0.0004371206047027829,0.962646484375,0.14836189350312856,0.028348562598707928,0.785400390625,0.14992815316129587,0.02903779042352292,0.779296875,"[1,3,9,10,14,19,28,29]",13,0.002264266167026012,1.1160714285714286,0.14694909624455146,0.13795002660886893
F15-ND01 development diagnostic; original F15 result unchanged,v2/work_logs/F15_ND01_v1_run1/evaluation_attempt_1/search_3_evaluation.json,8999cdcf297b657599bad7d9bb6e4ad6ca719e15aec06eeccf9689718fa70e24,3,1500404,1510694,cost_corr/budget_128/frozen_mse,cost_corr,128,frozen_mse,1,preserve_other,8192,0.02430765537301713,0.0009256937455455832,0.03042521562036304,0.11009100522736837,0.942626953125,0.03605248586618431,0.16941657395751125,0.15800954617334645,,,,0.057373046875,0.016206382678652168,0.0004102185252347579,0.9581298828125,0.1444201767709383,0.02751181448052705,0.556640625,0.016744088607173708,0.0004311187058250794,0.9586181640625,"[1,3,9,10,14,19,28,29]",13,0.002264266167026012,1.1160714285714286,0.14694909624455146,0.13795002660886893
F15-ND01 development diagnostic; original F15 result unchanged,v2/work_logs/F15_ND01_v1_run1/evaluation_attempt_1/search_3_evaluation.json,8999cdcf297b657599bad7d9bb6e4ad6ca719e15aec06eeccf9689718fa70e24,3,1500404,1510694,cost_corr/budget_128/frozen_mse,cost_corr,128,frozen_mse,1,equal_target,8192,0.03948223252875725,0.0024039985275109543,0.0490305876725025,0.2040638392879207,0.89697265625,0.048289222196448905,1.665300655275179e-17,0.048289222196448905,0.048289222196448905,,,0.10302734375,0.016593199283359353,0.0004336511402146565,0.96142578125,0.016593199283359353,0.0004336511402146565,0.96142578125,0.14601515707360196,0.028092456315721458,0.549072265625,"[1,3,9,10,14,19,28,29]",13,0.002264266167026012,1.1160714285714286,0.14694909624455146,0.13795002660886893
F15-ND01 development diagnostic; original F15 result unchanged,v2/work_logs/F15_ND01_v1_run1/evaluation_attempt_1/search_3_evaluation.json,8999cdcf297b657599bad7d9bb6e4ad6ca719e15aec06eeccf9689718fa70e24,3,1500404,1510694,cost_corr/budget_128/frozen_mse,cost_corr,128,frozen_mse,1,scale_separating,8192,0.03890255535279327,0.0022871501505126648,0.047824158649292146,0.19987569884640777,0.8917236328125,0.04820376752095573,0.18973299950745906,0.1877316621773806,,,,0.1082763671875,0.01681829627584523,0.0004396130038624833,0.9652099609375,0.16263970446919065,0.03396930026419821,0.5224609375,0.13622945456642588,0.02664849177073302,0.617431640625,"[1,3,9,10,14,19,28,29]",13,0.002264266167026012,1.1160714285714286,0.14694909624455146,0.13795002660886893
F15-ND01 development diagnostic; original F15 result unchanged,v2/work_logs/F15_ND01_v1_run1/evaluation_attempt_1/search_3_evaluation.json,8999cdcf297b657599bad7d9bb6e4ad6ca719e15aec06eeccf9689718fa70e24,3,1500404,1510694,cost_corr/budget_128/robust,cost_corr,128,robust,0,mixed_near,8192,0.05762272171049859,0.0049782504373695625,0.07055671787554721,0.2238672877812395,0.580810546875,0.07372074584460422,0.16421298745975088,0.10216521345515432,,,,0.419189453125,0.016233116092853002,0.0004175178754422046,0.9969482421875,0.14422842083839085,0.02564159651962148,0.475830078125,0.14377794111145858,0.025603356271096084,0.4854736328125,"[3,4,12,13,16,18,27,31]",0,0.004006534476030476,1.171517952480491,0.14625493133537934,0.1922321576171069
F15-ND01 development diagnostic; original F15 result unchanged,v2/work_logs/F15_ND01_v1_run1/evaluation_attempt_1/search_3_evaluation.json,8999cdcf297b657599bad7d9bb6e4ad6ca719e15aec06eeccf9689718fa70e24,3,1500404,1510694,cost_corr/budget_128/robust,cost_corr,128,robust,0,mixed_far,8192,0.05804184014047943,0.004954919112569008,0.07039118632733084,0.24278844904301322,0.994384765625,0.06845879205730712,0.1683553377550687,0.11094443486536336,,,,0.005615234375,0.016400169160967853,0.0004165826977952763,0.9610595703125,0.1507911522619545,0.02912688449567992,0.7698974609375,0.14894699815130172,0.028796530494242304,0.7767333984375,"[3,4,12,13,16,18,27,31]",0,0.004006534476030476,1.171517952480491,0.14625493133537934,0.1922321576171069
F15-ND01 development diagnostic; original F15 result unchanged,v2/work_logs/F15_ND01_v1_run1/evaluation_attempt_1/search_3_evaluation.json,8999cdcf297b657599bad7d9bb6e4ad6ca719e15aec06eeccf9689718fa70e24,3,1500404,1510694,cost_corr/budget_128/robust,cost_corr,128,robust,0,preserve_other,8192,0.053082254490762676,0.004312719530772479,0.06567129914028258,0.23817897142734645,0.84765625,0.06765935366131362,0.16789581766364658,0.11083543271434677,,,,0.15234375,0.01656282728137523,0.0004330271670804061,0.959716796875,0.14378141308739636,0.0273257690999317,0.5565185546875,0.017218909353774077,0.0004737774910551052,0.95751953125,"[3,4,12,13,16,18,27,31]",0,0.004006534476030476,1.171517952480491,0.14625493133537934,0.1922321576171069
F15-ND01 development diagnostic; original F15 result unchanged,v2/work_logs/F15_ND01_v1_run1/evaluation_attempt_1/search_3_evaluation.json,8999cdcf297b657599bad7d9bb6e4ad6ca719e15aec06eeccf9689718fa70e24,3,1500404,1510694,cost_corr/budget_128/robust,cost_corr,128,robust,0,equal_target,8192,0.025903189340375617,0.0010483293285758095,0.03237791420977901,0.12291416810129074,0.9364013671875,0.029219215785411964,1.771999015213184e-17,0.029219215785411964,0.029219215785411964,,,0.0635986328125,0.016470882319356464,0.0004241751923064615,0.96044921875,0.016470882319356464,0.0004241751923064615,0.96044921875,0.14606776799112145,0.02799267675531259,0.545166015625,"[3,4,12,13,16,18,27,31]",0,0.004006534476030476,1.171517952480491,0.14625493133537934,0.1922321576171069
F15-ND01 development diagnostic; original F15 result unchanged,v2/work_logs/F15_ND01_v1_run1/evaluation_attempt_1/search_3_evaluation.json,8999cdcf297b657599bad7d9bb6e4ad6ca719e15aec06eeccf9689718fa70e24,3,1500404,1510694,cost_corr/budget_128/robust,cost_corr,128,robust,0,scale_separating,8192,0.05936618485018632,0.0051548477460601535,0.07179726837464051,0.2485755983754705,0.8319091796875,0.07613236062143566,0.1863362617535183,0.12009789183913616,,,,0.1680908203125,0.01684122277048776,0.000440697067397664,0.96435546875,0.15953952963935175,0.03288361449831636,0.5328369140625,0.13857848614030774,0.027347560479848772,0.6104736328125,"[3,4,12,13,16,18,27,31]",0,0.004006534476030476,1.171517952480491,0.14625493133537934,0.1922321576171069
F15-ND01 development diagnostic; original F15 result unchanged,v2/work_logs/F15_ND01_v1_run1/evaluation_attempt_1/search_3_evaluation.json,8999cdcf297b657599bad7d9bb6e4ad6ca719e15aec06eeccf9689718fa70e24,3,1500404,1510694,cost_corr/budget_128/robust,cost_corr,128,robust,1,mixed_near,8192,0.039972857506499454,0.0025207137809980995,0.05020671051760013,0.2043329412844262,0.6312255859375,0.054525845311578156,0.16242991047047156,0.17060506980876808,,,,0.3687744140625,0.01645320247032152,0.00042060948634199414,0.997802734375,0.1428580832325109,0.025336589008257478,0.475341796875,0.14316916727356513,0.025374539817305822,0.4822998046875,"[3,10,15,16,19,27,28,29]",75,0.003301083874250639,1.0682813650523615,0.1740062608686543,0.16695969885927783
F15-ND01 development diagnostic; original F15 result unchanged,v2/work_logs/F15_ND01_v1_run1/evaluation_attempt_1/search_3_evaluation.json,8999cdcf297b657599bad7d9bb6e4ad6ca719e15aec06eeccf9689718fa70e24,3,1500404,1510694,cost_corr/budget_128/robust,cost_corr,128,robust,1,mixed_far,8192,0.049938646914150855,0.003740132613327397,0.061156623625960554,0.22436694025204185,0.997802734375,0.05966630764080452,0.16865640138955607,0.14198403268621107,,,,0.002197265625,0.016685494684654967,0.0004371206047027829,0.962646484375,0.14836189350312856,0.028348562598707928,0.785400390625,0.14992815316129587,0.02903779042352292,0.779296875,"[3,10,15,16,19,27,28,29]",75,0.003301083874250639,1.0682813650523615,0.1740062608686543,0.16695969885927783
F15-ND01 development diagnostic; original F15 result unchanged,v2/work_logs/F15_ND01_v1_run1/evaluation_attempt_1/search_3_evaluation.json,8999cdcf297b657599bad7d9bb6e4ad6ca719e15aec06eeccf9689718fa70e24,3,1500404,1510694,cost_corr/budget_128/robust,cost_corr,128,robust,1,preserve_other,8192,0.0487490524021197,0.0033090379378126478,0.05752423782904601,0.17707389204072715,0.863525390625,0.0631966374202259,0.16941657395751125,0.1377195586486568,,,,0.136474609375,0.016206382678652168,0.0004102185252347579,0.9581298828125,0.1444201767709383,0.02751181448052705,0.556640625,0.016744088607173708,0.0004311187058250794,0.9586181640625,"[3,10,15,16,19,27,28,29]",75,0.003301083874250639,1.0682813650523615,0.1740062608686543,0.16695969885927783
F15-ND01 development diagnostic; original F15 result unchanged,v2/work_logs/F15_ND01_v1_run1/evaluation_attempt_1/search_3_evaluation.json,8999cdcf297b657599bad7d9bb6e4ad6ca719e15aec06eeccf9689718fa70e24,3,1500404,1510694,cost_corr/budget_128/robust,cost_corr,128,robust,1,equal_target,8192,0.04288648387731189,0.0030350744255770476,0.055091509559795575,0.22653617235041962,0.884033203125,0.05632100168718761,1.665300655275179e-17,0.05632100168718761,0.05632100168718761,,,0.115966796875,0.016593199283359353,0.0004336511402146565,0.96142578125,0.016593199283359353,0.0004336511402146565,0.96142578125,0.14601515707360196,0.028092456315721458,0.549072265625,"[3,10,15,16,19,27,28,29]",75,0.003301083874250639,1.0682813650523615,0.1740062608686543,0.16695969885927783
F15-ND01 development diagnostic; original F15 result unchanged,v2/work_logs/F15_ND01_v1_run1/evaluation_attempt_1/search_3_evaluation.json,8999cdcf297b657599bad7d9bb6e4ad6ca719e15aec06eeccf9689718fa70e24,3,1500404,1510694,cost_corr/budget_128/robust,cost_corr,128,robust,1,scale_separating,8192,0.049961949917536885,0.003916057156447654,0.06257840806897898,0.2208472825605589,0.8548583984375,0.06644448055807171,0.18973299950745906,0.16113597852034844,,,,0.1451416015625,0.01681829627584523,0.0004396130038624833,0.9652099609375,0.16263970446919065,0.03396930026419821,0.5224609375,0.13622945456642588,0.02664849177073302,0.617431640625,"[3,10,15,16,19,27,28,29]",75,0.003301083874250639,1.0682813650523615,0.1740062608686543,0.16695969885927783
F15-ND01 development diagnostic; original F15 result unchanged,v2/work_logs/F15_ND01_v1_run1/evaluation_attempt_1/search_3_evaluation.json,8999cdcf297b657599bad7d9bb6e4ad6ca719e15aec06eeccf9689718fa70e24,3,1500404,1510694,log_cost_corr/budget_1024/frozen_mse,log_cost_corr,1024,frozen_mse,0,mixed_near,8192,0.03591836518284376,0.002011212292271948,0.04484654158652535,0.19942114008918227,0.6387939453125,0.04845282636457784,0.16421298745975088,0.129887854484722,,,,0.3612060546875,0.016233116092853002,0.0004175178754422046,0.9969482421875,0.14422842083839085,0.02564159651962148,0.475830078125,0.14377794111145858,0.025603356271096084,0.4854736328125,"[4,8,12,13,14,18,23,31]",300,0.0027480565983068563,1.0959004714352159,0.16489966488527558,0.144313384323566
F15-ND01 development diagnostic; original F15 result unchanged,v2/work_logs/F15_ND01_v1_run1/evaluation_attempt_1/search_3_evaluation.json,8999cdcf297b657599bad7d9bb6e4ad6ca719e15aec06eeccf9689718fa70e24,3,1500404,1510694,log_cost_corr/budget_1024/frozen_mse,log_cost_corr,1024,frozen_mse,0,mixed_far,8192,0.05001501870852043,0.003552305909051431,0.05960122405665366,0.1950516420452696,0.99951171875,0.056385717276365405,0.1683553377550687,0.1237207764006308,,,,0.00048828125,0.016400169160967853,0.0004165826977952763,0.9610595703125,0.1507911522619545,0.02912688449567992,0.7698974609375,0.14894699815130172,0.028796530494242304,0.7767333984375,"[4,8,12,13,14,18,23,31]",300,0.0027480565983068563,1.0959004714352159,0.16489966488527558,0.144313384323566
F15-ND01 development diagnostic; original F15 result unchanged,v2/work_logs/F15_ND01_v1_run1/evaluation_attempt_1/search_3_evaluation.json,8999cdcf297b657599bad7d9bb6e4ad6ca719e15aec06eeccf9689718fa70e24,3,1500404,1510694,log_cost_corr/budget_1024/frozen_mse,log_cost_corr,1024,frozen_mse,0,preserve_other,8192,0.041257491474006563,0.0026545915546247432,0.05152272852464962,0.20054402864789594,0.884765625,0.0523036183625844,0.16789581766364658,0.12514972454422643,,,,0.115234375,0.01656282728137523,0.0004330271670804061,0.959716796875,0.14378141308739636,0.0273257690999317,0.5565185546875,0.017218909353774077,0.0004737774910551052,0.95751953125,"[4,8,12,13,14,18,23,31]",300,0.0027480565983068563,1.0959004714352159,0.16489966488527558,0.144313384323566
F15-ND01 development diagnostic; original F15 result unchanged,v2/work_logs/F15_ND01_v1_run1/evaluation_attempt_1/search_3_evaluation.json,8999cdcf297b657599bad7d9bb6e4ad6ca719e15aec06eeccf9689718fa70e24,3,1500404,1510694,log_cost_corr/budget_1024/frozen_mse,log_cost_corr,1024,frozen_mse,0,equal_target,8192,0.03265761687507352,0.001542661419056561,0.0392767287214269,0.1359631413673239,0.91650390625,0.03522450726148289,1.771999015213184e-17,0.03522450726148289,0.03522450726148289,,,0.08349609375,0.016470882319356464,0.0004241751923064615,0.96044921875,0.016470882319356464,0.0004241751923064615,0.96044921875,0.14606776799112145,0.02799267675531259,0.545166015625,"[4,8,12,13,14,18,23,31]",300,0.0027480565983068563,1.0959004714352159,0.16489966488527558,0.144313384323566
F15-ND01 development diagnostic; original F15 result unchanged,v2/work_logs/F15_ND01_v1_run1/evaluation_attempt_1/search_3_evaluation.json,8999cdcf297b657599bad7d9bb6e4ad6ca719e15aec06eeccf9689718fa70e24,3,1500404,1510694,log_cost_corr/budget_1024/frozen_mse,log_cost_corr,1024,frozen_mse,0,scale_separating,8192,0.04597250230400216,0.0031746538572731626,0.0563440667441849,0.20469145603675354,0.8785400390625,0.05835700867490396,0.1863362617535183,0.14320763681134482,,,,0.1214599609375,0.01684122277048776,0.000440697067397664,0.96435546875,0.15953952963935175,0.03288361449831636,0.5328369140625,0.13857848614030774,0.027347560479848772,0.6104736328125,"[4,8,12,13,14,18,23,31]",300,0.0027480565983068563,1.0959004714352159,0.16489966488527558,0.144313384323566
F15-ND01 development diagnostic; original F15 result unchanged,v2/work_logs/F15_ND01_v1_run1/evaluation_attempt_1/search_3_evaluation.json,8999cdcf297b657599bad7d9bb6e4ad6ca719e15aec06eeccf9689718fa70e24,3,1500404,1510694,log_cost_corr/budget_1024/frozen_mse,log_cost_corr,1024,frozen_mse,1,mixed_near,8192,0.03325955698009991,0.0016036138640157058,0.04004514782112442,0.13319271126040433,0.65087890625,0.042348276845480606,0.16242991047047156,0.17735820326529037,,,,0.34912109375,0.01645320247032152,0.00042060948634199414,0.997802734375,0.1428580832325109,0.025336589008257478,0.475341796875,0.14316916727356513,0.025374539817305822,0.4822998046875,"[1,11,14,15,19,24,26,28]",697,0.0019013080091318947,1.205357142857143,0.15241311790742054,0.12495843838326318
F15-ND01 development diagnostic; original F15 result unchanged,v2/work_logs/F15_ND01_v1_run1/evaluation_attempt_1/search_3_evaluation.json,8999cdcf297b657599bad7d9bb6e4ad6ca719e15aec06eeccf9689718fa70e24,3,1500404,1510694,log_cost_corr/budget_1024/frozen_mse,log_cost_corr,1024,frozen_mse,1,mixed_far,8192,0.042401373657560124,0.0025703085246962104,0.05069821027113492,0.1732708717531708,1.0,0.0473180573379464,0.16865640138955607,0.1537265572203786,,,,0.0,0.016685494684654967,0.0004371206047027829,0.962646484375,0.14836189350312856,0.028348562598707928,0.785400390625,0.14992815316129587,0.02903779042352292,0.779296875,"[1,11,14,15,19,24,26,28]",697,0.0019013080091318947,1.205357142857143,0.15241311790742054,0.12495843838326318
F15-ND01 development diagnostic; original F15 result unchanged,v2/work_logs/F15_ND01_v1_run1/evaluation_attempt_1/search_3_evaluation.json,8999cdcf297b657599bad7d9bb6e4ad6ca719e15aec06eeccf9689718fa70e24,3,1500404,1510694,log_cost_corr/budget_1024/frozen_mse,log_cost_corr,1024,frozen_mse,1,preserve_other,8192,0.022406513199920368,0.0007754700552038763,0.02784726297509104,0.09599371348530156,0.9464111328125,0.032626758480490604,0.16941657395751125,0.152879297831812,,,,0.0535888671875,0.016206382678652168,0.0004102185252347579,0.9581298828125,0.1444201767709383,0.02751181448052705,0.556640625,0.016744088607173708,0.0004311187058250794,0.9586181640625,"[1,11,14,15,19,24,26,28]",697,0.0019013080091318947,1.205357142857143,0.15241311790742054,0.12495843838326318
F15-ND01 development diagnostic; original F15 result unchanged,v2/work_logs/F15_ND01_v1_run1/evaluation_attempt_1/search_3_evaluation.json,8999cdcf297b657599bad7d9bb6e4ad6ca719e15aec06eeccf9689718fa70e24,3,1500404,1510694,log_cost_corr/budget_1024/frozen_mse,log_cost_corr,1024,frozen_mse,1,equal_target,8192,0.03679718280660084,0.002061028756062501,0.045398554559176234,0.17466361016057785,0.9036865234375,0.043092816552996106,1.665300655275179e-17,0.043092816552996106,0.043092816552996106,,,0.0963134765625,0.016593199283359353,0.0004336511402146565,0.96142578125,0.016593199283359353,0.0004336511402146565,0.96142578125,0.14601515707360196,0.028092456315721458,0.549072265625,"[1,11,14,15,19,24,26,28]",697,0.0019013080091318947,1.205357142857143,0.15241311790742054,0.12495843838326318
F15-ND01 development diagnostic; original F15 result unchanged,v2/work_logs/F15_ND01_v1_run1/evaluation_attempt_1/search_3_evaluation.json,8999cdcf297b657599bad7d9bb6e4ad6ca719e15aec06eeccf9689718fa70e24,3,1500404,1510694,log_cost_corr/budget_1024/frozen_mse,log_cost_corr,1024,frozen_mse,1,scale_separating,8192,0.036657324474281106,0.0020002333178195967,0.04472396804644683,0.16607254061633275,0.8980712890625,0.04460251281379462,0.18973299950745906,0.181294042189605,,,,0.1019287109375,0.01681829627584523,0.0004396130038624833,0.9652099609375,0.16263970446919065,0.03396930026419821,0.5224609375,0.13622945456642588,0.02664849177073302,0.617431640625,"[1,11,14,15,19,24,26,28]",697,0.0019013080091318947,1.205357142857143,0.15241311790742054,0.12495843838326318
F15-ND01 development diagnostic; original F15 result unchanged,v2/work_logs/F15_ND01_v1_run1/evaluation_attempt_1/search_3_evaluation.json,8999cdcf297b657599bad7d9bb6e4ad6ca719e15aec06eeccf9689718fa70e24,3,1500404,1510694,log_cost_corr/budget_1024/robust,log_cost_corr,1024,robust,0,mixed_near,8192,0.05203342654029969,0.0038082034182003455,0.06171064266559169,0.18922443291660018,0.580810546875,0.06522046892391614,0.16421298745975088,0.10582060491453392,,,,0.419189453125,0.016233116092853002,0.0004175178754422046,0.9969482421875,0.14422842083839085,0.02564159651962148,0.475830078125,0.14377794111145858,0.025603356271096084,0.4854736328125,"[0,4,12,16,18,23,27,31]",960,0.0031792281771628058,1.085367355694115,0.16200567582339062,0.16826831776056414
F15-ND01 development diagnostic; original F15 result unchanged,v2/work_logs/F15_ND01_v1_run1/evaluation_attempt_1/search_3_evaluation.json,8999cdcf297b657599bad7d9bb6e4ad6ca719e15aec06eeccf9689718fa70e24,3,1500404,1510694,log_cost_corr/budget_1024/robust,log_cost_corr,1024,robust,0,mixed_far,8192,0.05245414936264289,0.00386475208111176,0.062167130230627185,0.2157178477422968,0.9974365234375,0.06001795096412042,0.1683553377550687,0.1153235909549681,,,,0.0025634765625,0.016400169160967853,0.0004165826977952763,0.9610595703125,0.1507911522619545,0.02912688449567992,0.7698974609375,0.14894699815130172,0.028796530494242304,0.7767333984375,"[0,4,12,16,18,23,27,31]",960,0.0031792281771628058,1.085367355694115,0.16200567582339062,0.16826831776056414
F15-ND01 development diagnostic; original F15 result unchanged,v2/work_logs/F15_ND01_v1_run1/evaluation_attempt_1/search_3_evaluation.json,8999cdcf297b657599bad7d9bb6e4ad6ca719e15aec06eeccf9689718fa70e24,3,1500404,1510694,log_cost_corr/budget_1024/robust,log_cost_corr,1024,robust,0,preserve_other,8192,0.0485235527820871,0.0035051930435148486,0.05920467079137295,0.2272318948470915,0.85986328125,0.060714976912071006,0.16789581766364658,0.11478661662728444,,,,0.14013671875,0.01656282728137523,0.0004330271670804061,0.959716796875,0.14378141308739636,0.0273257690999317,0.5565185546875,0.017218909353774077,0.0004737774910551052,0.95751953125,"[0,4,12,16,18,23,27,31]",960,0.0031792281771628058,1.085367355694115,0.16200567582339062,0.16826831776056414
F15-ND01 development diagnostic; original F15 result unchanged,v2/work_logs/F15_ND01_v1_run1/evaluation_attempt_1/search_3_evaluation.json,8999cdcf297b657599bad7d9bb6e4ad6ca719e15aec06eeccf9689718fa70e24,3,1500404,1510694,log_cost_corr/budget_1024/robust,log_cost_corr,1024,robust,0,equal_target,8192,0.021926447122806326,0.0007565012342810198,0.027504567516705655,0.10249652611069837,0.94580078125,0.023475180933306274,1.771999015213184e-17,0.023475180933306274,0.023475180933306274,,,0.05419921875,0.016470882319356464,0.0004241751923064615,0.96044921875,0.016470882319356464,0.0004241751923064615,0.96044921875,0.14606776799112145,0.02799267675531259,0.545166015625,"[0,4,12,16,18,23,27,31]",960,0.0031792281771628058,1.085367355694115,0.16200567582339062,0.16826831776056414
F15-ND01 development diagnostic; original F15 result unchanged,v2/work_logs/F15_ND01_v1_run1/evaluation_attempt_1/search_3_evaluation.json,8999cdcf297b657599bad7d9bb6e4ad6ca719e15aec06eeccf9689718fa70e24,3,1500404,1510694,log_cost_corr/budget_1024/robust,log_cost_corr,1024,robust,0,scale_separating,8192,0.0537358680414792,0.004111235590717122,0.06411891757287487,0.20980466120314217,0.851318359375,0.06812887369118406,0.1863362617535183,0.12528935734494212,,,,0.148681640625,0.01684122277048776,0.000440697067397664,0.96435546875,0.15953952963935175,0.03288361449831636,0.5328369140625,0.13857848614030774,0.027347560479848772,0.6104736328125,"[0,4,12,16,18,23,27,31]",960,0.0031792281771628058,1.085367355694115,0.16200567582339062,0.16826831776056414
F15-ND01 development diagnostic; original F15 result unchanged,v2/work_logs/F15_ND01_v1_run1/evaluation_attempt_1/search_3_evaluation.json,8999cdcf297b657599bad7d9bb6e4ad6ca719e15aec06eeccf9689718fa70e24,3,1500404,1510694,log_cost_corr/budget_1024/robust,log_cost_corr,1024,robust,1,mixed_near,8192,0.038022600629014275,0.002273163007828589,0.0476776992715524,0.18794853625351088,0.638671875,0.050638902132236284,0.16242991047047156,0.1749321834447602,,,,0.361328125,0.01645320247032152,0.00042060948634199414,0.997802734375,0.1428580832325109,0.025336589008257478,0.475341796875,0.14316916727356513,0.025374539817305822,0.4822998046875,"[0,1,3,10,15,16,19,28]",919,0.0028094561153124546,1.049107142857143,0.2579848663384301,0.15313115615103395
F15-ND01 development diagnostic; original F15 result unchanged,v2/work_logs/F15_ND01_v1_run1/evaluation_attempt_1/search_3_evaluation.json,8999cdcf297b657599bad7d9bb6e4ad6ca719e15aec06eeccf9689718fa70e24,3,1500404,1510694,log_cost_corr/budget_1024/robust,log_cost_corr,1024,robust,1,mixed_far,8192,0.047871626798391784,0.003397334673488512,0.05828665948129565,0.20009911958709264,0.998291015625,0.05606375724450679,0.16865640138955607,0.1460600399919781,,,,0.001708984375,0.016685494684654967,0.0004371206047027829,0.962646484375,0.14836189350312856,0.028348562598707928,0.785400390625,0.14992815316129587,0.02903779042352292,0.779296875,"[0,1,3,10,15,16,19,28]",919,0.0028094561153124546,1.049107142857143,0.2579848663384301,0.15313115615103395
F15-ND01 development diagnostic; original F15 result unchanged,v2/work_logs/F15_ND01_v1_run1/evaluation_attempt_1/search_3_evaluation.json,8999cdcf297b657599bad7d9bb6e4ad6ca719e15aec06eeccf9689718fa70e24,3,1500404,1510694,log_cost_corr/budget_1024/robust,log_cost_corr,1024,robust,1,preserve_other,8192,0.03916462506675426,0.0021982359032841027,0.04688534849272321,0.1528295851478162,0.8919677734375,0.05183253851451312,0.16941657395751125,0.14173337707911526,,,,0.1080322265625,0.016206382678652168,0.0004102185252347579,0.9581298828125,0.1444201767709383,0.02751181448052705,0.556640625,0.016744088607173708,0.0004311187058250794,0.9586181640625,"[0,1,3,10,15,16,19,28]",919,0.0028094561153124546,1.049107142857143,0.2579848663384301,0.15313115615103395
F15-ND01 development diagnostic; original F15 result unchanged,v2/work_logs/F15_ND01_v1_run1/evaluation_attempt_1/search_3_evaluation.json,8999cdcf297b657599bad7d9bb6e4ad6ca719e15aec06eeccf9689718fa70e24,3,1500404,1510694,log_cost_corr/budget_1024/robust,log_cost_corr,1024,robust,1,equal_target,8192,0.041887127736750115,0.0028317930338344383,0.0532145941808677,0.21681356493322773,0.8861083984375,0.0532723312452778,1.665300655275179e-17,0.0532723312452778,0.0532723312452778,,,0.1138916015625,0.016593199283359353,0.0004336511402146565,0.96142578125,0.016593199283359353,0.0004336511402146565,0.96142578125,0.14601515707360196,0.028092456315721458,0.549072265625,"[0,1,3,10,15,16,19,28]",919,0.0028094561153124546,1.049107142857143,0.2579848663384301,0.15313115615103395
F15-ND01 development diagnostic; original F15 result unchanged,v2/work_logs/F15_ND01_v1_run1/evaluation_attempt_1/search_3_evaluation.json,8999cdcf297b657599bad7d9bb6e4ad6ca719e15aec06eeccf9689718fa70e24,3,1500404,1510694,log_cost_corr/budget_1024/robust,log_cost_corr,1024,robust,1,scale_separating,8192,0.045234196491905035,0.003152976607044289,0.05615137226323404,0.18886640698285673,0.8699951171875,0.05841529152134782,0.18973299950745906,0.16867906781184763,,,,0.1300048828125,0.01681829627584523,0.0004396130038624833,0.9652099609375,0.16263970446919065,0.03396930026419821,0.5224609375,0.13622945456642588,0.02664849177073302,0.617431640625,"[0,1,3,10,15,16,19,28]",919,0.0028094561153124546,1.049107142857143,0.2579848663384301,0.15313115615103395
F15-ND01 development diagnostic; original F15 result unchanged,v2/work_logs/F15_ND01_v1_run1/evaluation_attempt_1/search_3_evaluation.json,8999cdcf297b657599bad7d9bb6e4ad6ca719e15aec06eeccf9689718fa70e24,3,1500404,1510694,log_cost_corr/budget_128/frozen_mse,log_cost_corr,128,frozen_mse,0,mixed_near,8192,0.04547465190271367,0.0032268393998941373,0.056805276162466965,0.2102240392596697,0.6103515625,0.05877387728534313,0.16421298745975088,0.1196743474719134,,,,0.3896484375,0.016233116092853002,0.0004175178754422046,0.9969482421875,0.14422842083839085,0.02564159651962148,0.475830078125,0.14377794111145858,0.025603356271096084,0.4854736328125,"[0,2,4,12,13,14,18,31]",100,0.0036608904552589555,1.2470430598856859,0.15816327317128825,0.16880397481238205
F15-ND01 development diagnostic; original F15 result unchanged,v2/work_logs/F15_ND01_v1_run1/evaluation_attempt_1/search_3_evaluation.json,8999cdcf297b657599bad7d9bb6e4ad6ca719e15aec06eeccf9689718fa70e24,3,1500404,1510694,log_cost_corr/budget_128/frozen_mse,log_cost_corr,128,frozen_mse,0,mixed_far,8192,0.05726699516100624,0.00466538792759739,0.06830364505352104,0.20099543335853998,0.99755859375,0.06443387766253476,0.1683553377550687,0.11614069709664131,,,,0.00244140625,0.016400169160967853,0.0004165826977952763,0.9610595703125,0.1507911522619545,0.02912688449567992,0.7698974609375,0.14894699815130172,0.028796530494242304,0.7767333984375,"[0,2,4,12,13,14,18,31]",100,0.0036608904552589555,1.2470430598856859,0.15816327317128825,0.16880397481238205
F15-ND01 development diagnostic; original F15 result unchanged,v2/work_logs/F15_ND01_v1_run1/evaluation_attempt_1/search_3_evaluation.json,8999cdcf297b657599bad7d9bb6e4ad6ca719e15aec06eeccf9689718fa70e24,3,1500404,1510694,log_cost_corr/budget_128/frozen_mse,log_cost_corr,128,frozen_mse,0,preserve_other,8192,0.04678009424698292,0.003461151529531228,0.05883155215979966,0.20456508991036998,0.8663330078125,0.05860487567515017,0.16789581766364658,0.12346574395855218,,,,0.1336669921875,0.01656282728137523,0.0004330271670804061,0.959716796875,0.14378141308739636,0.0273257690999317,0.5565185546875,0.017218909353774077,0.0004737774910551052,0.95751953125,"[0,2,4,12,13,14,18,31]",100,0.0036608904552589555,1.2470430598856859,0.15816327317128825,0.16880397481238205
F15-ND01 development diagnostic; original F15 result unchanged,v2/work_logs/F15_ND01_v1_run1/evaluation_attempt_1/search_3_evaluation.json,8999cdcf297b657599bad7d9bb6e4ad6ca719e15aec06eeccf9689718fa70e24,3,1500404,1510694,log_cost_corr/budget_128/frozen_mse,log_cost_corr,128,frozen_mse,0,equal_target,8192,0.03837763957472509,0.002004600907604783,0.04477276971111775,0.15326404819874656,0.90625,0.03702083138254891,1.771999015213184e-17,0.03702083138254891,0.03702083138254891,,,0.09375,0.016470882319356464,0.0004241751923064615,0.96044921875,0.016470882319356464,0.0004241751923064615,0.96044921875,0.14606776799112145,0.02799267675531259,0.545166015625,"[0,2,4,12,13,14,18,31]",100,0.0036608904552589555,1.2470430598856859,0.15816327317128825,0.16880397481238205
F15-ND01 development diagnostic; original F15 result unchanged,v2/work_logs/F15_ND01_v1_run1/evaluation_attempt_1/search_3_evaluation.json,8999cdcf297b657599bad7d9bb6e4ad6ca719e15aec06eeccf9689718fa70e24,3,1500404,1510694,log_cost_corr/budget_128/frozen_mse,log_cost_corr,128,frozen_mse,0,scale_separating,8192,0.05168547986471074,0.00407747036359758,0.06385507312342208,0.2159839017632007,0.8607177734375,0.06492563275087124,0.1863362617535183,0.1388617088726435,,,,0.1392822265625,0.01684122277048776,0.000440697067397664,0.96435546875,0.15953952963935175,0.03288361449831636,0.5328369140625,0.13857848614030774,0.027347560479848772,0.6104736328125,"[0,2,4,12,13,14,18,31]",100,0.0036608904552589555,1.2470430598856859,0.15816327317128825,0.16880397481238205
F15-ND01 development diagnostic; original F15 result unchanged,v2/work_logs/F15_ND01_v1_run1/evaluation_attempt_1/search_3_evaluation.json,8999cdcf297b657599bad7d9bb6e4ad6ca719e15aec06eeccf9689718fa70e24,3,1500404,1510694,log_cost_corr/budget_128/frozen_mse,log_cost_corr,128,frozen_mse,1,mixed_near,8192,0.03301069043935133,0.0015990132783950785,0.03998766407775126,0.15709756095915872,0.654541015625,0.04247414599701252,0.16242991047047156,0.17493264275435574,,,,0.345458984375,0.01645320247032152,0.00042060948634199414,0.997802734375,0.1428580832325109,0.025336589008257478,0.475341796875,0.14316916727356513,0.025374539817305822,0.4822998046875,"[0,7,14,15,19,22,27,28]",95,0.00205377661706625,1.1160714285714286,0.12224221213650922,0.12922023472514496
F15-ND01 development diagnostic; original F15 result unchanged,v2/work_logs/F15_ND01_v1_run1/evaluation_attempt_1/search_3_evaluation.json,8999cdcf297b657599bad7d9bb6e4ad6ca719e15aec06eeccf9689718fa70e24,3,1500404,1510694,log_cost_corr/budget_128/frozen_mse,log_cost_corr,128,frozen_mse,1,mixed_far,8192,0.04451797301001506,0.002763667719393237,0.0525705974798959,0.16254752160927038,1.0,0.04908684197641678,0.16865640138955607,0.14970524529215334,,,,0.0,0.016685494684654967,0.0004371206047027829,0.962646484375,0.14836189350312856,0.028348562598707928,0.785400390625,0.14992815316129587,0.02903779042352292,0.779296875,"[0,7,14,15,19,22,27,28]",95,0.00205377661706625,1.1160714285714286,0.12224221213650922,0.12922023472514496
F15-ND01 development diagnostic; original F15 result unchanged,v2/work_logs/F15_ND01_v1_run1/evaluation_attempt_1/search_3_evaluation.json,8999cdcf297b657599bad7d9bb6e4ad6ca719e15aec06eeccf9689718fa70e24,3,1500404,1510694,log_cost_corr/budget_128/frozen_mse,log_cost_corr,128,frozen_mse,1,preserve_other,8192,0.025857527936504685,0.001091730413249085,0.033041343998831,0.13435781799098556,0.9395751953125,0.0363283788143883,0.16941657395751125,0.1503292328429861,,,,0.0604248046875,0.016206382678652168,0.0004102185252347579,0.9581298828125,0.1444201767709383,0.02751181448052705,0.556640625,0.016744088607173708,0.0004311187058250794,0.9586181640625,"[0,7,14,15,19,22,27,28]",95,0.00205377661706625,1.1160714285714286,0.12224221213650922,0.12922023472514496
F15-ND01 development diagnostic; original F15 result unchanged,v2/work_logs/F15_ND01_v1_run1/evaluation_attempt_1/search_3_evaluation.json,8999cdcf297b657599bad7d9bb6e4ad6ca719e15aec06eeccf9689718fa70e24,3,1500404,1510694,log_cost_corr/budget_128/frozen_mse,log_cost_corr,128,frozen_mse,1,equal_target,8192,0.03649321985468214,0.002036557675700948,0.045128235902824165,0.1652145094643223,0.901611328125,0.042233881265092706,1.665300655275179e-17,0.042233881265092706,0.042233881265092706,,,0.098388671875,0.016593199283359353,0.0004336511402146565,0.96142578125,0.016593199283359353,0.0004336511402146565,0.96142578125,0.14601515707360196,0.028092456315721458,0.549072265625,"[0,7,14,15,19,22,27,28]",95,0.00205377661706625,1.1160714285714286,0.12224221213650922,0.12922023472514496
F15-ND01 development diagnostic; original F15 result unchanged,v2/work_logs/F15_ND01_v1_run1/evaluation_attempt_1/search_3_evaluation.json,8999cdcf297b657599bad7d9bb6e4ad6ca719e15aec06eeccf9689718fa70e24,3,1500404,1510694,log_cost_corr/budget_128/frozen_mse,log_cost_corr,128,frozen_mse,1,scale_separating,8192,0.037947989135791865,0.0021687251835040334,0.04656957358086966,0.15475289134189923,0.8924560546875,0.04652797077224869,0.18973299950745906,0.1773735984754885,,,,0.1075439453125,0.01681829627584523,0.0004396130038624833,0.9652099609375,0.16263970446919065,0.03396930026419821,0.5224609375,0.13622945456642588,0.02664849177073302,0.617431640625,"[0,7,14,15,19,22,27,28]",95,0.00205377661706625,1.1160714285714286,0.12224221213650922,0.12922023472514496
F15-ND01 development diagnostic; original F15 result unchanged,v2/work_logs/F15_ND01_v1_run1/evaluation_attempt_1/search_3_evaluation.json,8999cdcf297b657599bad7d9bb6e4ad6ca719e15aec06eeccf9689718fa70e24,3,1500404,1510694,log_cost_corr/budget_128/robust,log_cost_corr,128,robust,0,mixed_near,8192,0.05624048431446189,0.004828413416185058,0.0694867859105964,0.22449710973930204,0.5870361328125,0.07260871715175918,0.16421298745975088,0.11371676172030547,,,,0.4129638671875,0.016233116092853002,0.0004175178754422046,0.9969482421875,0.14422842083839085,0.02564159651962148,0.475830078125,0.14377794111145858,0.025603356271096084,0.4854736328125,"[1,4,6,10,12,13,18,31]",98,0.004236223181258844,1.1978757028167137,0.16594877915725034,0.20113526690915043
F15-ND01 development diagnostic; original F15 result unchanged,v2/work_logs/F15_ND01_v1_run1/evaluation_attempt_1/search_3_evaluation.json,8999cdcf297b657599bad7d9bb6e4ad6ca719e15aec06eeccf9689718fa70e24,3,1500404,1510694,log_cost_corr/budget_128/robust,log_cost_corr,128,robust,0,mixed_far,8192,0.05991086442736182,0.005399891420337749,0.07348395348875664,0.2488961972202417,0.99169921875,0.07131924110325252,0.1683553377550687,0.11704923407905812,,,,0.00830078125,0.016400169160967853,0.0004165826977952763,0.9610595703125,0.1507911522619545,0.02912688449567992,0.7698974609375,0.14894699815130172,0.028796530494242304,0.7767333984375,"[1,4,6,10,12,13,18,31]",98,0.004236223181258844,1.1978757028167137,0.16594877915725034,0.20113526690915043
F15-ND01 development diagnostic; original F15 result unchanged,v2/work_logs/F15_ND01_v1_run1/evaluation_attempt_1/search_3_evaluation.json,8999cdcf297b657599bad7d9bb6e4ad6ca719e15aec06eeccf9689718fa70e24,3,1500404,1510694,log_cost_corr/budget_128/robust,log_cost_corr,128,robust,0,preserve_other,8192,0.05616507997164344,0.004789082476384962,0.06920319700985614,0.23924859480463734,0.837890625,0.0718057248271719,0.16789581766364658,0.11641597257872015,,,,0.162109375,0.01656282728137523,0.0004330271670804061,0.959716796875,0.14378141308739636,0.0273257690999317,0.5565185546875,0.017218909353774077,0.0004737774910551052,0.95751953125,"[1,4,6,10,12,13,18,31]",98,0.004236223181258844,1.1978757028167137,0.16594877915725034,0.20113526690915043
F15-ND01 development diagnostic; original F15 result unchanged,v2/work_logs/F15_ND01_v1_run1/evaluation_attempt_1/search_3_evaluation.json,8999cdcf297b657599bad7d9bb6e4ad6ca719e15aec06eeccf9689718fa70e24,3,1500404,1510694,log_cost_corr/budget_128/robust,log_cost_corr,128,robust,0,equal_target,8192,0.03393190833868551,0.0017421359238636363,0.04173890180471494,0.12868413751339675,0.915283203125,0.040334933690365886,1.771999015213184e-17,0.040334933690365886,0.040334933690365886,,,0.084716796875,0.016470882319356464,0.0004241751923064615,0.96044921875,0.016470882319356464,0.0004241751923064615,0.96044921875,0.14606776799112145,0.02799267675531259,0.545166015625,"[1,4,6,10,12,13,18,31]",98,0.004236223181258844,1.1978757028167137,0.16594877915725034,0.20113526690915043
F15-ND01 development diagnostic; original F15 result unchanged,v2/work_logs/F15_ND01_v1_run1/evaluation_attempt_1/search_3_evaluation.json,8999cdcf297b657599bad7d9bb6e4ad6ca719e15aec06eeccf9689718fa70e24,3,1500404,1510694,log_cost_corr/budget_128/robust,log_cost_corr,128,robust,0,scale_separating,8192,0.06010772467679301,0.005345672217045322,0.07311410409110763,0.2235573247329536,0.82373046875,0.07729984924530942,0.1863362617535183,0.12668483716145104,,,,0.17626953125,0.01684122277048776,0.000440697067397664,0.96435546875,0.15953952963935175,0.03288361449831636,0.5328369140625,0.13857848614030774,0.027347560479848772,0.6104736328125,"[1,4,6,10,12,13,18,31]",98,0.004236223181258844,1.1978757028167137,0.16594877915725034,0.20113526690915043
F15-ND01 development diagnostic; original F15 result unchanged,v2/work_logs/F15_ND01_v1_run1/evaluation_attempt_1/search_3_evaluation.json,8999cdcf297b657599bad7d9bb6e4ad6ca719e15aec06eeccf9689718fa70e24,3,1500404,1510694,log_cost_corr/budget_128/robust,log_cost_corr,128,robust,1,mixed_near,8192,0.047026094337984436,0.003205171138878812,0.05661423088657844,0.17783248824295994,0.60693359375,0.0585341671596441,0.16242991047047156,0.19625707187849112,,,,0.39306640625,0.01645320247032152,0.00042060948634199414,0.997802734375,0.1428580832325109,0.025336589008257478,0.475341796875,0.14316916727356513,0.025374539817305822,0.4822998046875,"[3,10,14,16,19,26,28,29]",118,0.002893783529140195,1.049107142857143,0.15730998699679283,0.1564977673796483
F15-ND01 development diagnostic; original F15 result unchanged,v2/work_logs/F15_ND01_v1_run1/evaluation_attempt_1/search_3_evaluation.json,8999cdcf297b657599bad7d9bb6e4ad6ca719e15aec06eeccf9689718fa70e24,3,1500404,1510694,log_cost_corr/budget_128/robust,log_cost_corr,128,robust,1,mixed_far,8192,0.04595649758351819,0.0031025760357676654,0.05570077230853864,0.2074193253935484,0.9981689453125,0.05274614371565933,0.16865640138955607,0.16224175343420713,,,,0.0018310546875,0.016685494684654967,0.0004371206047027829,0.962646484375,0.14836189350312856,0.028348562598707928,0.785400390625,0.14992815316129587,0.02903779042352292,0.779296875,"[3,10,14,16,19,26,28,29]",118,0.002893783529140195,1.049107142857143,0.15730998699679283,0.1564977673796483
F15-ND01 development diagnostic; original F15 result unchanged,v2/work_logs/F15_ND01_v1_run1/evaluation_attempt_1/search_3_evaluation.json,8999cdcf297b657599bad7d9bb6e4ad6ca719e15aec06eeccf9689718fa70e24,3,1500404,1510694,log_cost_corr/budget_128/robust,log_cost_corr,128,robust,1,preserve_other,8192,0.028877446468802703,0.0013090357897962888,0.03618059963290118,0.1339264612837019,0.928955078125,0.04099987854434387,0.16941657395751125,0.1592877733680298,,,,0.071044921875,0.016206382678652168,0.0004102185252347579,0.9581298828125,0.1444201767709383,0.02751181448052705,0.556640625,0.016744088607173708,0.0004311187058250794,0.9586181640625,"[3,10,14,16,19,26,28,29]",118,0.002893783529140195,1.049107142857143,0.15730998699679283,0.1564977673796483
F15-ND01 development diagnostic; original F15 result unchanged,v2/work_logs/F15_ND01_v1_run1/evaluation_attempt_1/search_3_evaluation.json,8999cdcf297b657599bad7d9bb6e4ad6ca719e15aec06eeccf9689718fa70e24,3,1500404,1510694,log_cost_corr/budget_128/robust,log_cost_corr,128,robust,1,equal_target,8192,0.04467626857169579,0.0031112274216214286,0.05577837772489828,0.20944083224061116,0.8778076171875,0.055238627396994255,1.665300655275179e-17,0.055238627396994255,0.055238627396994255,,,0.1221923828125,0.016593199283359353,0.0004336511402146565,0.96142578125,0.016593199283359353,0.0004336511402146565,0.96142578125,0.14601515707360196,0.028092456315721458,0.549072265625,"[3,10,14,16,19,26,28,29]",118,0.002893783529140195,1.049107142857143,0.15730998699679283,0.1564977673796483
F15-ND01 development diagnostic; original F15 result unchanged,v2/work_logs/F15_ND01_v1_run1/evaluation_attempt_1/search_3_evaluation.json,8999cdcf297b657599bad7d9bb6e4ad6ca719e15aec06eeccf9689718fa70e24,3,1500404,1510694,log_cost_corr/budget_128/robust,log_cost_corr,128,robust,1,scale_separating,8192,0.04362472717003882,0.002907079186100843,0.05391733660058556,0.22624084685856133,0.8768310546875,0.05405379487431667,0.18973299950745906,0.19063472125274666,,,,0.1231689453125,0.01681829627584523,0.0004396130038624833,0.9652099609375,0.16263970446919065,0.03396930026419821,0.5224609375,0.13622945456642588,0.02664849177073302,0.617431640625,"[3,10,14,16,19,26,28,29]",118,0.002893783529140195,1.049107142857143,0.15730998699679283,0.1564977673796483
F15-ND01 development diagnostic; original F15 result unchanged,v2/work_logs/F15_ND01_v1_run1/evaluation_attempt_1/search_3_evaluation.json,8999cdcf297b657599bad7d9bb6e4ad6ca719e15aec06eeccf9689718fa70e24,3,1500404,1510694,permuted_cost_corr/budget_1024/frozen_mse,permuted_cost_corr,1024,frozen_mse,0,mixed_near,8192,0.04888508032661088,0.0035673644718872896,0.059727418091587464,0.21836031521690036,0.5926513671875,0.06292769878105549,0.16421298745975088,0.11604749376124751,,,,0.4073486328125,0.016233116092853002,0.0004175178754422046,0.9969482421875,0.14422842083839085,0.02564159651962148,0.475830078125,0.14377794111145858,0.025603356271096084,0.4854736328125,"[4,7,12,14,18,21,23,27]",94,0.0041918310754533745,1.2409928709043632,0.9697098376095836,0.17667766398562806
F15-ND01 development diagnostic; original F15 result unchanged,v2/work_logs/F15_ND01_v1_run1/evaluation_attempt_1/search_3_evaluation.json,8999cdcf297b657599bad7d9bb6e4ad6ca719e15aec06eeccf9689718fa70e24,3,1500404,1510694,permuted_cost_corr/budget_1024/frozen_mse,permuted_cost_corr,1024,frozen_mse,0,mixed_far,8192,0.058421161238324165,0.004848989080205354,0.06963468302653035,0.21469030602905476,0.9969482421875,0.0666288750988885,0.1683553377550687,0.11348111726160003,,,,0.0030517578125,0.016400169160967853,0.0004165826977952763,0.9610595703125,0.1507911522619545,0.02912688449567992,0.7698974609375,0.14894699815130172,0.028796530494242304,0.7767333984375,"[4,7,12,14,18,21,23,27]",94,0.0041918310754533745,1.2409928709043632,0.9697098376095836,0.17667766398562806
F15-ND01 development diagnostic; original F15 result unchanged,v2/work_logs/F15_ND01_v1_run1/evaluation_attempt_1/search_3_evaluation.json,8999cdcf297b657599bad7d9bb6e4ad6ca719e15aec06eeccf9689718fa70e24,3,1500404,1510694,permuted_cost_corr/budget_1024/frozen_mse,permuted_cost_corr,1024,frozen_mse,0,preserve_other,8192,0.0518620894595825,0.004187373861638342,0.06470992089037307,0.2503558267789811,0.85107421875,0.06484327374725134,0.16789581766364658,0.11656809805869148,,,,0.14892578125,0.01656282728137523,0.0004330271670804061,0.959716796875,0.14378141308739636,0.0273257690999317,0.5565185546875,0.017218909353774077,0.0004737774910551052,0.95751953125,"[4,7,12,14,18,21,23,27]",94,0.0041918310754533745,1.2409928709043632,0.9697098376095836,0.17667766398562806
F15-ND01 development diagnostic; original F15 result unchanged,v2/work_logs/F15_ND01_v1_run1/evaluation_attempt_1/search_3_evaluation.json,8999cdcf297b657599bad7d9bb6e4ad6ca719e15aec06eeccf9689718fa70e24,3,1500404,1510694,permuted_cost_corr/budget_1024/frozen_mse,permuted_cost_corr,1024,frozen_mse,0,equal_target,8192,0.0362509142756983,0.001849579743165053,0.043006740671260514,0.15262372636226434,0.9058837890625,0.03825493449945708,1.771999015213184e-17,0.03825493449945708,0.03825493449945708,,,0.0941162109375,0.016470882319356464,0.0004241751923064615,0.96044921875,0.016470882319356464,0.0004241751923064615,0.96044921875,0.14606776799112145,0.02799267675531259,0.545166015625,"[4,7,12,14,18,21,23,27]",94,0.0041918310754533745,1.2409928709043632,0.9697098376095836,0.17667766398562806
F15-ND01 development diagnostic; original F15 result unchanged,v2/work_logs/F15_ND01_v1_run1/evaluation_attempt_1/search_3_evaluation.json,8999cdcf297b657599bad7d9bb6e4ad6ca719e15aec06eeccf9689718fa70e24,3,1500404,1510694,permuted_cost_corr/budget_1024/frozen_mse,permuted_cost_corr,1024,frozen_mse,0,scale_separating,8192,0.05628586901895108,0.0047131254992126784,0.06865220680511791,0.22443835137609064,0.8359375,0.07101507142326374,0.1863362617535183,0.13185256348789162,,,,0.1640625,0.01684122277048776,0.000440697067397664,0.96435546875,0.15953952963935175,0.03288361449831636,0.5328369140625,0.13857848614030774,0.027347560479848772,0.6104736328125,"[4,7,12,14,18,21,23,27]",94,0.0041918310754533745,1.2409928709043632,0.9697098376095836,0.17667766398562806
F15-ND01 development diagnostic; original F15 result unchanged,v2/work_logs/F15_ND01_v1_run1/evaluation_attempt_1/search_3_evaluation.json,8999cdcf297b657599bad7d9bb6e4ad6ca719e15aec06eeccf9689718fa70e24,3,1500404,1510694,permuted_cost_corr/budget_1024/frozen_mse,permuted_cost_corr,1024,frozen_mse,1,mixed_near,8192,0.03205102093826283,0.0015202900411622306,0.038990896901228506,0.1577748361666279,0.657470703125,0.04145720414212617,0.16242991047047156,0.17139238187174569,,,,0.342529296875,0.01645320247032152,0.00042060948634199414,0.997802734375,0.1428580832325109,0.025336589008257478,0.475341796875,0.14316916727356513,0.025374539817305822,0.4822998046875,"[0,3,9,14,19,26,27,28]",754,0.0021046366391986883,1.049107142857143,1.0456173766964703,0.13064562607882751
F15-ND01 development diagnostic; original F15 result unchanged,v2/work_logs/F15_ND01_v1_run1/evaluation_attempt_1/search_3_evaluation.json,8999cdcf297b657599bad7d9bb6e4ad6ca719e15aec06eeccf9689718fa70e24,3,1500404,1510694,permuted_cost_corr/budget_1024/frozen_mse,permuted_cost_corr,1024,frozen_mse,1,mixed_far,8192,0.04576558532613552,0.002904852708665107,0.05389668550722861,0.1767338668518072,0.9998779296875,0.05043229598560563,0.16865640138955607,0.1470832758962049,,,,0.0001220703125,0.016685494684654967,0.0004371206047027829,0.962646484375,0.14836189350312856,0.028348562598707928,0.785400390625,0.14992815316129587,0.02903779042352292,0.779296875,"[0,3,9,14,19,26,27,28]",754,0.0021046366391986883,1.049107142857143,1.0456173766964703,0.13064562607882751
F15-ND01 development diagnostic; original F15 result unchanged,v2/work_logs/F15_ND01_v1_run1/evaluation_attempt_1/search_3_evaluation.json,8999cdcf297b657599bad7d9bb6e4ad6ca719e15aec06eeccf9689718fa70e24,3,1500404,1510694,permuted_cost_corr/budget_1024/frozen_mse,permuted_cost_corr,1024,frozen_mse,1,preserve_other,8192,0.026743341686173067,0.0011588771270272824,0.03404228439789672,0.12383312464216228,0.933837890625,0.03718834290226664,0.16941657395751125,0.14788481179216403,,,,0.066162109375,0.016206382678652168,0.0004102185252347579,0.9581298828125,0.1444201767709383,0.02751181448052705,0.556640625,0.016744088607173708,0.0004311187058250794,0.9586181640625,"[0,3,9,14,19,26,27,28]",754,0.0021046366391986883,1.049107142857143,1.0456173766964703,0.13064562607882751
F15-ND01 development diagnostic; original F15 result unchanged,v2/work_logs/F15_ND01_v1_run1/evaluation_attempt_1/search_3_evaluation.json,8999cdcf297b657599bad7d9bb6e4ad6ca719e15aec06eeccf9689718fa70e24,3,1500404,1510694,permuted_cost_corr/budget_1024/frozen_mse,permuted_cost_corr,1024,frozen_mse,1,equal_target,8192,0.037422489775271676,0.002148056283727467,0.04634712810657708,0.18124123882455873,0.8978271484375,0.043109507546455025,1.665300655275179e-17,0.043109507546455025,0.043109507546455025,,,0.1021728515625,0.016593199283359353,0.0004336511402146565,0.96142578125,0.016593199283359353,0.0004336511402146565,0.96142578125,0.14601515707360196,0.028092456315721458,0.549072265625,"[0,3,9,14,19,26,27,28]",754,0.0021046366391986883,1.049107142857143,1.0456173766964703,0.13064562607882751
F15-ND01 development diagnostic; original F15 result unchanged,v2/work_logs/F15_ND01_v1_run1/evaluation_attempt_1/search_3_evaluation.json,8999cdcf297b657599bad7d9bb6e4ad6ca719e15aec06eeccf9689718fa70e24,3,1500404,1510694,permuted_cost_corr/budget_1024/frozen_mse,permuted_cost_corr,1024,frozen_mse,1,scale_separating,8192,0.03882248869500152,0.002284007216064734,0.04779128807706206,0.17003734897841222,0.8896484375,0.04768315092184005,0.18973299950745906,0.17456564410470687,,,,0.1103515625,0.01681829627584523,0.0004396130038624833,0.9652099609375,0.16263970446919065,0.03396930026419821,0.5224609375,0.13622945456642588,0.02664849177073302,0.617431640625,"[0,3,9,14,19,26,27,28]",754,0.0021046366391986883,1.049107142857143,1.0456173766964703,0.13064562607882751
F15-ND01 development diagnostic; original F15 result unchanged,v2/work_logs/F15_ND01_v1_run1/evaluation_attempt_1/search_3_evaluation.json,8999cdcf297b657599bad7d9bb6e4ad6ca719e15aec06eeccf9689718fa70e24,3,1500404,1510694,permuted_cost_corr/budget_1024/robust,permuted_cost_corr,1024,robust,0,mixed_near,8192,0.04888508032661088,0.0035673644718872896,0.059727418091587464,0.21836031521690036,0.5926513671875,0.06292769878105549,0.16421298745975088,0.11604749376124751,,,,0.4073486328125,0.016233116092853002,0.0004175178754422046,0.9969482421875,0.14422842083839085,0.02564159651962148,0.475830078125,0.14377794111145858,0.025603356271096084,0.4854736328125,"[4,7,12,14,18,21,23,27]",94,0.0041918310754533745,1.2409928709043632,0.9697098376095836,0.17667766398562806
F15-ND01 development diagnostic; original F15 result unchanged,v2/work_logs/F15_ND01_v1_run1/evaluation_attempt_1/search_3_evaluation.json,8999cdcf297b657599bad7d9bb6e4ad6ca719e15aec06eeccf9689718fa70e24,3,1500404,1510694,permuted_cost_corr/budget_1024/robust,permuted_cost_corr,1024,robust,0,mixed_far,8192,0.058421161238324165,0.004848989080205354,0.06963468302653035,0.21469030602905476,0.9969482421875,0.0666288750988885,0.1683553377550687,0.11348111726160003,,,,0.0030517578125,0.016400169160967853,0.0004165826977952763,0.9610595703125,0.1507911522619545,0.02912688449567992,0.7698974609375,0.14894699815130172,0.028796530494242304,0.7767333984375,"[4,7,12,14,18,21,23,27]",94,0.0041918310754533745,1.2409928709043632,0.9697098376095836,0.17667766398562806
F15-ND01 development diagnostic; original F15 result unchanged,v2/work_logs/F15_ND01_v1_run1/evaluation_attempt_1/search_3_evaluation.json,8999cdcf297b657599bad7d9bb6e4ad6ca719e15aec06eeccf9689718fa70e24,3,1500404,1510694,permuted_cost_corr/budget_1024/robust,permuted_cost_corr,1024,robust,0,preserve_other,8192,0.0518620894595825,0.004187373861638342,0.06470992089037307,0.2503558267789811,0.85107421875,0.06484327374725134,0.16789581766364658,0.11656809805869148,,,,0.14892578125,0.01656282728137523,0.0004330271670804061,0.959716796875,0.14378141308739636,0.0273257690999317,0.5565185546875,0.017218909353774077,0.0004737774910551052,0.95751953125,"[4,7,12,14,18,21,23,27]",94,0.0041918310754533745,1.2409928709043632,0.9697098376095836,0.17667766398562806
F15-ND01 development diagnostic; original F15 result unchanged,v2/work_logs/F15_ND01_v1_run1/evaluation_attempt_1/search_3_evaluation.json,8999cdcf297b657599bad7d9bb6e4ad6ca719e15aec06eeccf9689718fa70e24,3,1500404,1510694,permuted_cost_corr/budget_1024/robust,permuted_cost_corr,1024,robust,0,equal_target,8192,0.0362509142756983,0.001849579743165053,0.043006740671260514,0.15262372636226434,0.9058837890625,0.03825493449945708,1.771999015213184e-17,0.03825493449945708,0.03825493449945708,,,0.0941162109375,0.016470882319356464,0.0004241751923064615,0.96044921875,0.016470882319356464,0.0004241751923064615,0.96044921875,0.14606776799112145,0.02799267675531259,0.545166015625,"[4,7,12,14,18,21,23,27]",94,0.0041918310754533745,1.2409928709043632,0.9697098376095836,0.17667766398562806
F15-ND01 development diagnostic; original F15 result unchanged,v2/work_logs/F15_ND01_v1_run1/evaluation_attempt_1/search_3_evaluation.json,8999cdcf297b657599bad7d9bb6e4ad6ca719e15aec06eeccf9689718fa70e24,3,1500404,1510694,permuted_cost_corr/budget_1024/robust,permuted_cost_corr,1024,robust,0,scale_separating,8192,0.05628586901895108,0.0047131254992126784,0.06865220680511791,0.22443835137609064,0.8359375,0.07101507142326374,0.1863362617535183,0.13185256348789162,,,,0.1640625,0.01684122277048776,0.000440697067397664,0.96435546875,0.15953952963935175,0.03288361449831636,0.5328369140625,0.13857848614030774,0.027347560479848772,0.6104736328125,"[4,7,12,14,18,21,23,27]",94,0.0041918310754533745,1.2409928709043632,0.9697098376095836,0.17667766398562806
F15-ND01 development diagnostic; original F15 result unchanged,v2/work_logs/F15_ND01_v1_run1/evaluation_attempt_1/search_3_evaluation.json,8999cdcf297b657599bad7d9bb6e4ad6ca719e15aec06eeccf9689718fa70e24,3,1500404,1510694,permuted_cost_corr/budget_1024/robust,permuted_cost_corr,1024,robust,1,mixed_near,8192,0.03205102093826283,0.0015202900411622306,0.038990896901228506,0.1577748361666279,0.657470703125,0.04145720414212617,0.16242991047047156,0.17139238187174569,,,,0.342529296875,0.01645320247032152,0.00042060948634199414,0.997802734375,0.1428580832325109,0.025336589008257478,0.475341796875,0.14316916727356513,0.025374539817305822,0.4822998046875,"[0,3,9,14,19,26,27,28]",754,0.0021046366391986883,1.049107142857143,1.0456173766964703,0.13064562607882751
F15-ND01 development diagnostic; original F15 result unchanged,v2/work_logs/F15_ND01_v1_run1/evaluation_attempt_1/search_3_evaluation.json,8999cdcf297b657599bad7d9bb6e4ad6ca719e15aec06eeccf9689718fa70e24,3,1500404,1510694,permuted_cost_corr/budget_1024/robust,permuted_cost_corr,1024,robust,1,mixed_far,8192,0.04576558532613552,0.002904852708665107,0.05389668550722861,0.1767338668518072,0.9998779296875,0.05043229598560563,0.16865640138955607,0.1470832758962049,,,,0.0001220703125,0.016685494684654967,0.0004371206047027829,0.962646484375,0.14836189350312856,0.028348562598707928,0.785400390625,0.14992815316129587,0.02903779042352292,0.779296875,"[0,3,9,14,19,26,27,28]",754,0.0021046366391986883,1.049107142857143,1.0456173766964703,0.13064562607882751
F15-ND01 development diagnostic; original F15 result unchanged,v2/work_logs/F15_ND01_v1_run1/evaluation_attempt_1/search_3_evaluation.json,8999cdcf297b657599bad7d9bb6e4ad6ca719e15aec06eeccf9689718fa70e24,3,1500404,1510694,permuted_cost_corr/budget_1024/robust,permuted_cost_corr,1024,robust,1,preserve_other,8192,0.026743341686173067,0.0011588771270272824,0.03404228439789672,0.12383312464216228,0.933837890625,0.03718834290226664,0.16941657395751125,0.14788481179216403,,,,0.066162109375,0.016206382678652168,0.0004102185252347579,0.9581298828125,0.1444201767709383,0.02751181448052705,0.556640625,0.016744088607173708,0.0004311187058250794,0.9586181640625,"[0,3,9,14,19,26,27,28]",754,0.0021046366391986883,1.049107142857143,1.0456173766964703,0.13064562607882751
F15-ND01 development diagnostic; original F15 result unchanged,v2/work_logs/F15_ND01_v1_run1/evaluation_attempt_1/search_3_evaluation.json,8999cdcf297b657599bad7d9bb6e4ad6ca719e15aec06eeccf9689718fa70e24,3,1500404,1510694,permuted_cost_corr/budget_1024/robust,permuted_cost_corr,1024,robust,1,equal_target,8192,0.037422489775271676,0.002148056283727467,0.04634712810657708,0.18124123882455873,0.8978271484375,0.043109507546455025,1.665300655275179e-17,0.043109507546455025,0.043109507546455025,,,0.1021728515625,0.016593199283359353,0.0004336511402146565,0.96142578125,0.016593199283359353,0.0004336511402146565,0.96142578125,0.14601515707360196,0.028092456315721458,0.549072265625,"[0,3,9,14,19,26,27,28]",754,0.0021046366391986883,1.049107142857143,1.0456173766964703,0.13064562607882751
F15-ND01 development diagnostic; original F15 result unchanged,v2/work_logs/F15_ND01_v1_run1/evaluation_attempt_1/search_3_evaluation.json,8999cdcf297b657599bad7d9bb6e4ad6ca719e15aec06eeccf9689718fa70e24,3,1500404,1510694,permuted_cost_corr/budget_1024/robust,permuted_cost_corr,1024,robust,1,scale_separating,8192,0.03882248869500152,0.002284007216064734,0.04779128807706206,0.17003734897841222,0.8896484375,0.04768315092184005,0.18973299950745906,0.17456564410470687,,,,0.1103515625,0.01681829627584523,0.0004396130038624833,0.9652099609375,0.16263970446919065,0.03396930026419821,0.5224609375,0.13622945456642588,0.02664849177073302,0.617431640625,"[0,3,9,14,19,26,27,28]",754,0.0021046366391986883,1.049107142857143,1.0456173766964703,0.13064562607882751
F15-ND01 development diagnostic; original F15 result unchanged,v2/work_logs/F15_ND01_v1_run1/evaluation_attempt_1/search_3_evaluation.json,8999cdcf297b657599bad7d9bb6e4ad6ca719e15aec06eeccf9689718fa70e24,3,1500404,1510694,permuted_cost_corr/budget_128/frozen_mse,permuted_cost_corr,128,frozen_mse,0,mixed_near,8192,0.04888508032661088,0.0035673644718872896,0.059727418091587464,0.21836031521690036,0.5926513671875,0.06292769878105549,0.16421298745975088,0.11604749376124751,,,,0.4073486328125,0.016233116092853002,0.0004175178754422046,0.9969482421875,0.14422842083839085,0.02564159651962148,0.475830078125,0.14377794111145858,0.025603356271096084,0.4854736328125,"[4,7,12,14,18,21,23,27]",94,0.0041918310754533745,1.2409928709043632,0.9697098376095836,0.17667766398562806
F15-ND01 development diagnostic; original F15 result unchanged,v2/work_logs/F15_ND01_v1_run1/evaluation_attempt_1/search_3_evaluation.json,8999cdcf297b657599bad7d9bb6e4ad6ca719e15aec06eeccf9689718fa70e24,3,1500404,1510694,permuted_cost_corr/budget_128/frozen_mse,permuted_cost_corr,128,frozen_mse,0,mixed_far,8192,0.058421161238324165,0.004848989080205354,0.06963468302653035,0.21469030602905476,0.9969482421875,0.0666288750988885,0.1683553377550687,0.11348111726160003,,,,0.0030517578125,0.016400169160967853,0.0004165826977952763,0.9610595703125,0.1507911522619545,0.02912688449567992,0.7698974609375,0.14894699815130172,0.028796530494242304,0.7767333984375,"[4,7,12,14,18,21,23,27]",94,0.0041918310754533745,1.2409928709043632,0.9697098376095836,0.17667766398562806
F15-ND01 development diagnostic; original F15 result unchanged,v2/work_logs/F15_ND01_v1_run1/evaluation_attempt_1/search_3_evaluation.json,8999cdcf297b657599bad7d9bb6e4ad6ca719e15aec06eeccf9689718fa70e24,3,1500404,1510694,permuted_cost_corr/budget_128/frozen_mse,permuted_cost_corr,128,frozen_mse,0,preserve_other,8192,0.0518620894595825,0.004187373861638342,0.06470992089037307,0.2503558267789811,0.85107421875,0.06484327374725134,0.16789581766364658,0.11656809805869148,,,,0.14892578125,0.01656282728137523,0.0004330271670804061,0.959716796875,0.14378141308739636,0.0273257690999317,0.5565185546875,0.017218909353774077,0.0004737774910551052,0.95751953125,"[4,7,12,14,18,21,23,27]",94,0.0041918310754533745,1.2409928709043632,0.9697098376095836,0.17667766398562806
F15-ND01 development diagnostic; original F15 result unchanged,v2/work_logs/F15_ND01_v1_run1/evaluation_attempt_1/search_3_evaluation.json,8999cdcf297b657599bad7d9bb6e4ad6ca719e15aec06eeccf9689718fa70e24,3,1500404,1510694,permuted_cost_corr/budget_128/frozen_mse,permuted_cost_corr,128,frozen_mse,0,equal_target,8192,0.0362509142756983,0.001849579743165053,0.043006740671260514,0.15262372636226434,0.9058837890625,0.03825493449945708,1.771999015213184e-17,0.03825493449945708,0.03825493449945708,,,0.0941162109375,0.016470882319356464,0.0004241751923064615,0.96044921875,0.016470882319356464,0.0004241751923064615,0.96044921875,0.14606776799112145,0.02799267675531259,0.545166015625,"[4,7,12,14,18,21,23,27]",94,0.0041918310754533745,1.2409928709043632,0.9697098376095836,0.17667766398562806
F15-ND01 development diagnostic; original F15 result unchanged,v2/work_logs/F15_ND01_v1_run1/evaluation_attempt_1/search_3_evaluation.json,8999cdcf297b657599bad7d9bb6e4ad6ca719e15aec06eeccf9689718fa70e24,3,1500404,1510694,permuted_cost_corr/budget_128/frozen_mse,permuted_cost_corr,128,frozen_mse,0,scale_separating,8192,0.05628586901895108,0.0047131254992126784,0.06865220680511791,0.22443835137609064,0.8359375,0.07101507142326374,0.1863362617535183,0.13185256348789162,,,,0.1640625,0.01684122277048776,0.000440697067397664,0.96435546875,0.15953952963935175,0.03288361449831636,0.5328369140625,0.13857848614030774,0.027347560479848772,0.6104736328125,"[4,7,12,14,18,21,23,27]",94,0.0041918310754533745,1.2409928709043632,0.9697098376095836,0.17667766398562806
F15-ND01 development diagnostic; original F15 result unchanged,v2/work_logs/F15_ND01_v1_run1/evaluation_attempt_1/search_3_evaluation.json,8999cdcf297b657599bad7d9bb6e4ad6ca719e15aec06eeccf9689718fa70e24,3,1500404,1510694,permuted_cost_corr/budget_128/frozen_mse,permuted_cost_corr,128,frozen_mse,1,mixed_near,8192,0.04013776373862612,0.002486486171020285,0.04986467859136651,0.20171417844184286,0.6185302734375,0.054998269062925334,0.16242991047047156,0.15769587924511247,,,,0.3814697265625,0.01645320247032152,0.00042060948634199414,0.997802734375,0.1428580832325109,0.025336589008257478,0.475341796875,0.14316916727356513,0.025374539817305822,0.4822998046875,"[2,3,11,13,17,19,28,31]",11,0.0036728896356852366,1.2978006387304624,1.0446788277818875,0.18002881409853577
F15-ND01 development diagnostic; original F15 result unchanged,v2/work_logs/F15_ND01_v1_run1/evaluation_attempt_1/search_3_evaluation.json,8999cdcf297b657599bad7d9bb6e4ad6ca719e15aec06eeccf9689718fa70e24,3,1500404,1510694,permuted_cost_corr/budget_128/frozen_mse,permuted_cost_corr,128,frozen_mse,1,mixed_far,8192,0.060502517285230206,0.0051671044878079594,0.07188257429869885,0.23383283922989606,0.99658203125,0.06996914168690511,0.16865640138955607,0.128812086119991,,,,0.00341796875,0.016685494684654967,0.0004371206047027829,0.962646484375,0.14836189350312856,0.028348562598707928,0.785400390625,0.14992815316129587,0.02903779042352292,0.779296875,"[2,3,11,13,17,19,28,31]",11,0.0036728896356852366,1.2978006387304624,1.0446788277818875,0.18002881409853577
F15-ND01 development diagnostic; original F15 result unchanged,v2/work_logs/F15_ND01_v1_run1/evaluation_attempt_1/search_3_evaluation.json,8999cdcf297b657599bad7d9bb6e4ad6ca719e15aec06eeccf9689718fa70e24,3,1500404,1510694,permuted_cost_corr/budget_128/frozen_mse,permuted_cost_corr,128,frozen_mse,1,preserve_other,8192,0.050741006100834506,0.0036430425998243187,0.06035762254947024,0.18853081825055107,0.8575439453125,0.06610145230107589,0.16941657395751125,0.1258716064633746,,,,0.1424560546875,0.016206382678652168,0.0004102185252347579,0.9581298828125,0.1444201767709383,0.02751181448052705,0.556640625,0.016744088607173708,0.0004311187058250794,0.9586181640625,"[2,3,11,13,17,19,28,31]",11,0.0036728896356852366,1.2978006387304624,1.0446788277818875,0.18002881409853577
F15-ND01 development diagnostic; original F15 result unchanged,v2/work_logs/F15_ND01_v1_run1/evaluation_attempt_1/search_3_evaluation.json,8999cdcf297b657599bad7d9bb6e4ad6ca719e15aec06eeccf9689718fa70e24,3,1500404,1510694,permuted_cost_corr/budget_128/frozen_mse,permuted_cost_corr,128,frozen_mse,1,equal_target,8192,0.04175154674506765,0.0028350464485406347,0.053245154225907115,0.2083496713775213,0.8837890625,0.05263121214500623,1.665300655275179e-17,0.05263121214500623,0.05263121214500623,,,0.1162109375,0.016593199283359353,0.0004336511402146565,0.96142578125,0.016593199283359353,0.0004336511402146565,0.96142578125,0.14601515707360196,0.028092456315721458,0.549072265625,"[2,3,11,13,17,19,28,31]",11,0.0036728896356852366,1.2978006387304624,1.0446788277818875,0.18002881409853577
F15-ND01 development diagnostic; original F15 result unchanged,v2/work_logs/F15_ND01_v1_run1/evaluation_attempt_1/search_3_evaluation.json,8999cdcf297b657599bad7d9bb6e4ad6ca719e15aec06eeccf9689718fa70e24,3,1500404,1510694,permuted_cost_corr/budget_128/frozen_mse,permuted_cost_corr,128,frozen_mse,1,scale_separating,8192,0.055931137648898996,0.004692919054501555,0.06850488343542784,0.24357087915035874,0.8277587890625,0.07234920063825119,0.18973299950745906,0.14864551846868346,,,,0.1722412109375,0.01681829627584523,0.0004396130038624833,0.9652099609375,0.16263970446919065,0.03396930026419821,0.5224609375,0.13622945456642588,0.02664849177073302,0.617431640625,"[2,3,11,13,17,19,28,31]",11,0.0036728896356852366,1.2978006387304624,1.0446788277818875,0.18002881409853577
F15-ND01 development diagnostic; original F15 result unchanged,v2/work_logs/F15_ND01_v1_run1/evaluation_attempt_1/search_3_evaluation.json,8999cdcf297b657599bad7d9bb6e4ad6ca719e15aec06eeccf9689718fa70e24,3,1500404,1510694,permuted_cost_corr/budget_128/robust,permuted_cost_corr,128,robust,0,mixed_near,8192,0.04888508032661088,0.0035673644718872896,0.059727418091587464,0.21836031521690036,0.5926513671875,0.06292769878105549,0.16421298745975088,0.11604749376124751,,,,0.4073486328125,0.016233116092853002,0.0004175178754422046,0.9969482421875,0.14422842083839085,0.02564159651962148,0.475830078125,0.14377794111145858,0.025603356271096084,0.4854736328125,"[4,7,12,14,18,21,23,27]",94,0.0041918310754533745,1.2409928709043632,0.9697098376095836,0.17667766398562806
F15-ND01 development diagnostic; original F15 result unchanged,v2/work_logs/F15_ND01_v1_run1/evaluation_attempt_1/search_3_evaluation.json,8999cdcf297b657599bad7d9bb6e4ad6ca719e15aec06eeccf9689718fa70e24,3,1500404,1510694,permuted_cost_corr/budget_128/robust,permuted_cost_corr,128,robust,0,mixed_far,8192,0.058421161238324165,0.004848989080205354,0.06963468302653035,0.21469030602905476,0.9969482421875,0.0666288750988885,0.1683553377550687,0.11348111726160003,,,,0.0030517578125,0.016400169160967853,0.0004165826977952763,0.9610595703125,0.1507911522619545,0.02912688449567992,0.7698974609375,0.14894699815130172,0.028796530494242304,0.7767333984375,"[4,7,12,14,18,21,23,27]",94,0.0041918310754533745,1.2409928709043632,0.9697098376095836,0.17667766398562806
F15-ND01 development diagnostic; original F15 result unchanged,v2/work_logs/F15_ND01_v1_run1/evaluation_attempt_1/search_3_evaluation.json,8999cdcf297b657599bad7d9bb6e4ad6ca719e15aec06eeccf9689718fa70e24,3,1500404,1510694,permuted_cost_corr/budget_128/robust,permuted_cost_corr,128,robust,0,preserve_other,8192,0.0518620894595825,0.004187373861638342,0.06470992089037307,0.2503558267789811,0.85107421875,0.06484327374725134,0.16789581766364658,0.11656809805869148,,,,0.14892578125,0.01656282728137523,0.0004330271670804061,0.959716796875,0.14378141308739636,0.0273257690999317,0.5565185546875,0.017218909353774077,0.0004737774910551052,0.95751953125,"[4,7,12,14,18,21,23,27]",94,0.0041918310754533745,1.2409928709043632,0.9697098376095836,0.17667766398562806
F15-ND01 development diagnostic; original F15 result unchanged,v2/work_logs/F15_ND01_v1_run1/evaluation_attempt_1/search_3_evaluation.json,8999cdcf297b657599bad7d9bb6e4ad6ca719e15aec06eeccf9689718fa70e24,3,1500404,1510694,permuted_cost_corr/budget_128/robust,permuted_cost_corr,128,robust,0,equal_target,8192,0.0362509142756983,0.001849579743165053,0.043006740671260514,0.15262372636226434,0.9058837890625,0.03825493449945708,1.771999015213184e-17,0.03825493449945708,0.03825493449945708,,,0.0941162109375,0.016470882319356464,0.0004241751923064615,0.96044921875,0.016470882319356464,0.0004241751923064615,0.96044921875,0.14606776799112145,0.02799267675531259,0.545166015625,"[4,7,12,14,18,21,23,27]",94,0.0041918310754533745,1.2409928709043632,0.9697098376095836,0.17667766398562806
F15-ND01 development diagnostic; original F15 result unchanged,v2/work_logs/F15_ND01_v1_run1/evaluation_attempt_1/search_3_evaluation.json,8999cdcf297b657599bad7d9bb6e4ad6ca719e15aec06eeccf9689718fa70e24,3,1500404,1510694,permuted_cost_corr/budget_128/robust,permuted_cost_corr,128,robust,0,scale_separating,8192,0.05628586901895108,0.0047131254992126784,0.06865220680511791,0.22443835137609064,0.8359375,0.07101507142326374,0.1863362617535183,0.13185256348789162,,,,0.1640625,0.01684122277048776,0.000440697067397664,0.96435546875,0.15953952963935175,0.03288361449831636,0.5328369140625,0.13857848614030774,0.027347560479848772,0.6104736328125,"[4,7,12,14,18,21,23,27]",94,0.0041918310754533745,1.2409928709043632,0.9697098376095836,0.17667766398562806
F15-ND01 development diagnostic; original F15 result unchanged,v2/work_logs/F15_ND01_v1_run1/evaluation_attempt_1/search_3_evaluation.json,8999cdcf297b657599bad7d9bb6e4ad6ca719e15aec06eeccf9689718fa70e24,3,1500404,1510694,permuted_cost_corr/budget_128/robust,permuted_cost_corr,128,robust,1,mixed_near,8192,0.04013776373862612,0.002486486171020285,0.04986467859136651,0.20171417844184286,0.6185302734375,0.054998269062925334,0.16242991047047156,0.15769587924511247,,,,0.3814697265625,0.01645320247032152,0.00042060948634199414,0.997802734375,0.1428580832325109,0.025336589008257478,0.475341796875,0.14316916727356513,0.025374539817305822,0.4822998046875,"[2,3,11,13,17,19,28,31]",11,0.0036728896356852366,1.2978006387304624,1.0446788277818875,0.18002881409853577
F15-ND01 development diagnostic; original F15 result unchanged,v2/work_logs/F15_ND01_v1_run1/evaluation_attempt_1/search_3_evaluation.json,8999cdcf297b657599bad7d9bb6e4ad6ca719e15aec06eeccf9689718fa70e24,3,1500404,1510694,permuted_cost_corr/budget_128/robust,permuted_cost_corr,128,robust,1,mixed_far,8192,0.060502517285230206,0.0051671044878079594,0.07188257429869885,0.23383283922989606,0.99658203125,0.06996914168690511,0.16865640138955607,0.128812086119991,,,,0.00341796875,0.016685494684654967,0.0004371206047027829,0.962646484375,0.14836189350312856,0.028348562598707928,0.785400390625,0.14992815316129587,0.02903779042352292,0.779296875,"[2,3,11,13,17,19,28,31]",11,0.0036728896356852366,1.2978006387304624,1.0446788277818875,0.18002881409853577
F15-ND01 development diagnostic; original F15 result unchanged,v2/work_logs/F15_ND01_v1_run1/evaluation_attempt_1/search_3_evaluation.json,8999cdcf297b657599bad7d9bb6e4ad6ca719e15aec06eeccf9689718fa70e24,3,1500404,1510694,permuted_cost_corr/budget_128/robust,permuted_cost_corr,128,robust,1,preserve_other,8192,0.050741006100834506,0.0036430425998243187,0.06035762254947024,0.18853081825055107,0.8575439453125,0.06610145230107589,0.16941657395751125,0.1258716064633746,,,,0.1424560546875,0.016206382678652168,0.0004102185252347579,0.9581298828125,0.1444201767709383,0.02751181448052705,0.556640625,0.016744088607173708,0.0004311187058250794,0.9586181640625,"[2,3,11,13,17,19,28,31]",11,0.0036728896356852366,1.2978006387304624,1.0446788277818875,0.18002881409853577
F15-ND01 development diagnostic; original F15 result unchanged,v2/work_logs/F15_ND01_v1_run1/evaluation_attempt_1/search_3_evaluation.json,8999cdcf297b657599bad7d9bb6e4ad6ca719e15aec06eeccf9689718fa70e24,3,1500404,1510694,permuted_cost_corr/budget_128/robust,permuted_cost_corr,128,robust,1,equal_target,8192,0.04175154674506765,0.0028350464485406347,0.053245154225907115,0.2083496713775213,0.8837890625,0.05263121214500623,1.665300655275179e-17,0.05263121214500623,0.05263121214500623,,,0.1162109375,0.016593199283359353,0.0004336511402146565,0.96142578125,0.016593199283359353,0.0004336511402146565,0.96142578125,0.14601515707360196,0.028092456315721458,0.549072265625,"[2,3,11,13,17,19,28,31]",11,0.0036728896356852366,1.2978006387304624,1.0446788277818875,0.18002881409853577
F15-ND01 development diagnostic; original F15 result unchanged,v2/work_logs/F15_ND01_v1_run1/evaluation_attempt_1/search_3_evaluation.json,8999cdcf297b657599bad7d9bb6e4ad6ca719e15aec06eeccf9689718fa70e24,3,1500404,1510694,permuted_cost_corr/budget_128/robust,permuted_cost_corr,128,robust,1,scale_separating,8192,0.055931137648898996,0.004692919054501555,0.06850488343542784,0.24357087915035874,0.8277587890625,0.07234920063825119,0.18973299950745906,0.14864551846868346,,,,0.1722412109375,0.01681829627584523,0.0004396130038624833,0.9652099609375,0.16263970446919065,0.03396930026419821,0.5224609375,0.13622945456642588,0.02664849177073302,0.617431640625,"[2,3,11,13,17,19,28,31]",11,0.0036728896356852366,1.2978006387304624,1.0446788277818875,0.18002881409853577
F15-ND01 development diagnostic; original F15 result unchanged,v2/work_logs/F15_ND01_v1_run1/evaluation_attempt_1/search_3_evaluation.json,8999cdcf297b657599bad7d9bb6e4ad6ca719e15aec06eeccf9689718fa70e24,3,1500404,1510694,positive_contribution_cov/budget_1024/frozen_mse,positive_contribution_cov,1024,frozen_mse,0,mixed_near,8192,0.03403422731148881,0.0017791811177576722,0.042180340417754716,0.18096179190447853,0.6417236328125,0.04630423692043068,0.16421298745975088,0.13112031471023725,,,,0.3582763671875,0.016233116092853002,0.0004175178754422046,0.9969482421875,0.14422842083839085,0.02564159651962148,0.475830078125,0.14377794111145858,0.025603356271096084,0.4854736328125,"[4,9,12,13,14,16,18,23]",854,0.002799321067282429,1.1472302027584331,0.16381922065218152,0.14506249472742958
F15-ND01 development diagnostic; original F15 result unchanged,v2/work_logs/F15_ND01_v1_run1/evaluation_attempt_1/search_3_evaluation.json,8999cdcf297b657599bad7d9bb6e4ad6ca719e15aec06eeccf9689718fa70e24,3,1500404,1510694,positive_contribution_cov/budget_1024/frozen_mse,positive_contribution_cov,1024,frozen_mse,0,mixed_far,8192,0.05330651504438568,0.003969689589468455,0.06300547269458785,0.1804742073243315,0.999755859375,0.05948379213347571,0.1683553377550687,0.12076855471760475,,,,0.000244140625,0.016400169160967853,0.0004165826977952763,0.9610595703125,0.1507911522619545,0.02912688449567992,0.7698974609375,0.14894699815130172,0.028796530494242304,0.7767333984375,"[4,9,12,13,14,16,18,23]",854,0.002799321067282429,1.1472302027584331,0.16381922065218152,0.14506249472742958
F15-ND01 development diagnostic; original F15 result unchanged,v2/work_logs/F15_ND01_v1_run1/evaluation_attempt_1/search_3_evaluation.json,8999cdcf297b657599bad7d9bb6e4ad6ca719e15aec06eeccf9689718fa70e24,3,1500404,1510694,positive_contribution_cov/budget_1024/frozen_mse,positive_contribution_cov,1024,frozen_mse,0,preserve_other,8192,0.04164649568185119,0.0026238471439089914,0.05122350187081113,0.20086738834669837,0.8836669921875,0.05288774129861621,0.16789581766364658,0.12115799858155617,,,,0.1163330078125,0.01656282728137523,0.0004330271670804061,0.959716796875,0.14378141308739636,0.0273257690999317,0.5565185546875,0.017218909353774077,0.0004737774910551052,0.95751953125,"[4,9,12,13,14,16,18,23]",854,0.002799321067282429,1.1472302027584331,0.16381922065218152,0.14506249472742958
F15-ND01 development diagnostic; original F15 result unchanged,v2/work_logs/F15_ND01_v1_run1/evaluation_attempt_1/search_3_evaluation.json,8999cdcf297b657599bad7d9bb6e4ad6ca719e15aec06eeccf9689718fa70e24,3,1500404,1510694,positive_contribution_cov/budget_1024/frozen_mse,positive_contribution_cov,1024,frozen_mse,0,equal_target,8192,0.03240530486413214,0.0015132069946262262,0.038899961370497865,0.13289373486444206,0.9178466796875,0.034249822846813285,1.771999015213184e-17,0.034249822846813285,0.034249822846813285,,,0.0821533203125,0.016470882319356464,0.0004241751923064615,0.96044921875,0.016470882319356464,0.0004241751923064615,0.96044921875,0.14606776799112145,0.02799267675531259,0.545166015625,"[4,9,12,13,14,16,18,23]",854,0.002799321067282429,1.1472302027584331,0.16381922065218152,0.14506249472742958
F15-ND01 development diagnostic; original F15 result unchanged,v2/work_logs/F15_ND01_v1_run1/evaluation_attempt_1/search_3_evaluation.json,8999cdcf297b657599bad7d9bb6e4ad6ca719e15aec06eeccf9689718fa70e24,3,1500404,1510694,positive_contribution_cov/budget_1024/frozen_mse,positive_contribution_cov,1024,frozen_mse,0,scale_separating,8192,0.04783284732225895,0.0033154248281682223,0.05757972584311445,0.1967641088111054,0.870361328125,0.059865636847455404,0.1863362617535183,0.1406606393226016,,,,0.129638671875,0.01684122277048776,0.000440697067397664,0.96435546875,0.15953952963935175,0.03288361449831636,0.5328369140625,0.13857848614030774,0.027347560479848772,0.6104736328125,"[4,9,12,13,14,16,18,23]",854,0.002799321067282429,1.1472302027584331,0.16381922065218152,0.14506249472742958
F15-ND01 development diagnostic; original F15 result unchanged,v2/work_logs/F15_ND01_v1_run1/evaluation_attempt_1/search_3_evaluation.json,8999cdcf297b657599bad7d9bb6e4ad6ca719e15aec06eeccf9689718fa70e24,3,1500404,1510694,positive_contribution_cov/budget_1024/frozen_mse,positive_contribution_cov,1024,frozen_mse,1,mixed_near,8192,0.03357612750589581,0.0016306097096704594,0.04038080868024388,0.13055730512689234,0.651611328125,0.042642630713275474,0.16242991047047156,0.179959892833833,,,,0.348388671875,0.01645320247032152,0.00042060948634199414,0.997802734375,0.1428580832325109,0.025336589008257478,0.475341796875,0.14316916727356513,0.025374539817305822,0.4822998046875,"[1,7,14,19,24,27,28,29]",496,0.0017969986216669286,1.1830357142857144,0.12743869860090606,0.1218827451945327
F15-ND01 development diagnostic; original F15 result unchanged,v2/work_logs/F15_ND01_v1_run1/evaluation_attempt_1/search_3_evaluation.json,8999cdcf297b657599bad7d9bb6e4ad6ca719e15aec06eeccf9689718fa70e24,3,1500404,1510694,positive_contribution_cov/budget_1024/frozen_mse,positive_contribution_cov,1024,frozen_mse,1,mixed_far,8192,0.04043752082440727,0.0023616847064886265,0.048597167679697406,0.16390787796288075,1.0,0.0451671333793263,0.16865640138955607,0.1563624724991622,,,,0.0,0.016685494684654967,0.0004371206047027829,0.962646484375,0.14836189350312856,0.028348562598707928,0.785400390625,0.14992815316129587,0.02903779042352292,0.779296875,"[1,7,14,19,24,27,28,29]",496,0.0017969986216669286,1.1830357142857144,0.12743869860090606,0.1218827451945327
F15-ND01 development diagnostic; original F15 result unchanged,v2/work_logs/F15_ND01_v1_run1/evaluation_attempt_1/search_3_evaluation.json,8999cdcf297b657599bad7d9bb6e4ad6ca719e15aec06eeccf9689718fa70e24,3,1500404,1510694,positive_contribution_cov/budget_1024/frozen_mse,positive_contribution_cov,1024,frozen_mse,1,preserve_other,8192,0.021656508890664575,0.0007318699982249161,0.02705309590832288,0.09962931883917897,0.949462890625,0.03175924137218374,0.16941657395751125,0.15567847064680157,,,,0.050537109375,0.016206382678652168,0.0004102185252347579,0.9581298828125,0.1444201767709383,0.02751181448052705,0.556640625,0.016744088607173708,0.0004311187058250794,0.9586181640625,"[1,7,14,19,24,27,28,29]",496,0.0017969986216669286,1.1830357142857144,0.12743869860090606,0.1218827451945327
F15-ND01 development diagnostic; original F15 result unchanged,v2/work_logs/F15_ND01_v1_run1/evaluation_attempt_1/search_3_evaluation.json,8999cdcf297b657599bad7d9bb6e4ad6ca719e15aec06eeccf9689718fa70e24,3,1500404,1510694,positive_contribution_cov/budget_1024/frozen_mse,positive_contribution_cov,1024,frozen_mse,1,equal_target,8192,0.034986913588834545,0.0018681724002772156,0.043222359957286176,0.15063656021860006,0.907958984375,0.04115142956040131,1.665300655275179e-17,0.04115142956040131,0.04115142956040131,,,0.092041015625,0.016593199283359353,0.0004336511402146565,0.96142578125,0.016593199283359353,0.0004336511402146565,0.96142578125,0.14601515707360196,0.028092456315721458,0.549072265625,"[1,7,14,19,24,27,28,29]",496,0.0017969986216669286,1.1830357142857144,0.12743869860090606,0.1218827451945327
F15-ND01 development diagnostic; original F15 result unchanged,v2/work_logs/F15_ND01_v1_run1/evaluation_attempt_1/search_3_evaluation.json,8999cdcf297b657599bad7d9bb6e4ad6ca719e15aec06eeccf9689718fa70e24,3,1500404,1510694,positive_contribution_cov/budget_1024/frozen_mse,positive_contribution_cov,1024,frozen_mse,1,scale_separating,8192,0.03509851128098819,0.0018407630244718946,0.04290411430704397,0.1416335784341914,0.9024658203125,0.04280770773587736,0.18973299950745906,0.18399147547583372,,,,0.0975341796875,0.01681829627584523,0.0004396130038624833,0.9652099609375,0.16263970446919065,0.03396930026419821,0.5224609375,0.13622945456642588,0.02664849177073302,0.617431640625,"[1,7,14,19,24,27,28,29]",496,0.0017969986216669286,1.1830357142857144,0.12743869860090606,0.1218827451945327
F15-ND01 development diagnostic; original F15 result unchanged,v2/work_logs/F15_ND01_v1_run1/evaluation_attempt_1/search_3_evaluation.json,8999cdcf297b657599bad7d9bb6e4ad6ca719e15aec06eeccf9689718fa70e24,3,1500404,1510694,positive_contribution_cov/budget_1024/robust,positive_contribution_cov,1024,robust,0,mixed_near,8192,0.04961673178639264,0.0034833508293075433,0.05901991891986589,0.19337555063056933,0.585205078125,0.06276040987664311,0.16421298745975088,0.1105909042472707,,,,0.414794921875,0.016233116092853002,0.0004175178754422046,0.9969482421875,0.14422842083839085,0.02564159651962148,0.475830078125,0.14377794111145858,0.025603356271096084,0.4854736328125,"[4,10,12,18,20,21,23,31]",149,0.002973226621871658,1.084510256188375,0.16708041075391752,0.16207694750823268
F15-ND01 development diagnostic; original F15 result unchanged,v2/work_logs/F15_ND01_v1_run1/evaluation_attempt_1/search_3_evaluation.json,8999cdcf297b657599bad7d9bb6e4ad6ca719e15aec06eeccf9689718fa70e24,3,1500404,1510694,positive_contribution_cov/budget_1024/robust,positive_contribution_cov,1024,robust,0,mixed_far,8192,0.0484994577135341,0.003387677599832423,0.05820375932731856,0.2010512447372299,0.998291015625,0.056225947812524914,0.1683553377550687,0.12078513434302623,,,,0.001708984375,0.016400169160967853,0.0004165826977952763,0.9610595703125,0.1507911522619545,0.02912688449567992,0.7698974609375,0.14894699815130172,0.028796530494242304,0.7767333984375,"[4,10,12,18,20,21,23,31]",149,0.002973226621871658,1.084510256188375,0.16708041075391752,0.16207694750823268
F15-ND01 development diagnostic; original F15 result unchanged,v2/work_logs/F15_ND01_v1_run1/evaluation_attempt_1/search_3_evaluation.json,8999cdcf297b657599bad7d9bb6e4ad6ca719e15aec06eeccf9689718fa70e24,3,1500404,1510694,positive_contribution_cov/budget_1024/robust,positive_contribution_cov,1024,robust,0,preserve_other,8192,0.04727532933426839,0.0033608850501012826,0.05797314076450648,0.22282780168368221,0.8638916015625,0.05965966201574982,0.16789581766364658,0.11880978462042875,,,,0.1361083984375,0.01656282728137523,0.0004330271670804061,0.959716796875,0.14378141308739636,0.0273257690999317,0.5565185546875,0.017218909353774077,0.0004737774910551052,0.95751953125,"[4,10,12,18,20,21,23,31]",149,0.002973226621871658,1.084510256188375,0.16708041075391752,0.16207694750823268
F15-ND01 development diagnostic; original F15 result unchanged,v2/work_logs/F15_ND01_v1_run1/evaluation_attempt_1/search_3_evaluation.json,8999cdcf297b657599bad7d9bb6e4ad6ca719e15aec06eeccf9689718fa70e24,3,1500404,1510694,positive_contribution_cov/budget_1024/robust,positive_contribution_cov,1024,robust,0,equal_target,8192,0.022608357049742237,0.0008264083578092764,0.02874731914125692,0.10829704162037962,0.9429931640625,0.028099127205531024,1.771999015213184e-17,0.028099127205531024,0.028099127205531024,,,0.0570068359375,0.016470882319356464,0.0004241751923064615,0.96044921875,0.016470882319356464,0.0004241751923064615,0.96044921875,0.14606776799112145,0.02799267675531259,0.545166015625,"[4,10,12,18,20,21,23,31]",149,0.002973226621871658,1.084510256188375,0.16708041075391752,0.16207694750823268
F15-ND01 development diagnostic; original F15 result unchanged,v2/work_logs/F15_ND01_v1_run1/evaluation_attempt_1/search_3_evaluation.json,8999cdcf297b657599bad7d9bb6e4ad6ca719e15aec06eeccf9689718fa70e24,3,1500404,1510694,positive_contribution_cov/budget_1024/robust,positive_contribution_cov,1024,robust,0,scale_separating,8192,0.05188264208504302,0.003808621636772238,0.061714031117503884,0.2007059410560736,0.8524169921875,0.06602182884917844,0.1863362617535183,0.1294115636379424,,,,0.1475830078125,0.01684122277048776,0.000440697067397664,0.96435546875,0.15953952963935175,0.03288361449831636,0.5328369140625,0.13857848614030774,0.027347560479848772,0.6104736328125,"[4,10,12,18,20,21,23,31]",149,0.002973226621871658,1.084510256188375,0.16708041075391752,0.16207694750823268
F15-ND01 development diagnostic; original F15 result unchanged,v2/work_logs/F15_ND01_v1_run1/evaluation_attempt_1/search_3_evaluation.json,8999cdcf297b657599bad7d9bb6e4ad6ca719e15aec06eeccf9689718fa70e24,3,1500404,1510694,positive_contribution_cov/budget_1024/robust,positive_contribution_cov,1024,robust,1,mixed_near,8192,0.04066841725903252,0.002608046975111848,0.05106904125898437,0.21586527455287824,0.6318359375,0.054119267359474824,0.16242991047047156,0.1771820522317763,,,,0.3681640625,0.01645320247032152,0.00042060948634199414,0.997802734375,0.1428580832325109,0.025336589008257478,0.475341796875,0.14316916727356513,0.025374539817305822,0.4822998046875,"[0,2,7,10,16,19,24,28]",778,0.0031018886297549133,1.0267857142857144,0.27290572134080066,0.15953427772157727
F15-ND01 development diagnostic; original F15 result unchanged,v2/work_logs/F15_ND01_v1_run1/evaluation_attempt_1/search_3_evaluation.json,8999cdcf297b657599bad7d9bb6e4ad6ca719e15aec06eeccf9689718fa70e24,3,1500404,1510694,positive_contribution_cov/budget_1024/robust,positive_contribution_cov,1024,robust,1,mixed_far,8192,0.04766134817470822,0.0034254570643861867,0.05852740438791205,0.20086769942559862,0.9981689453125,0.056499277387461196,0.16865640138955607,0.14964564140626033,,,,0.0018310546875,0.016685494684654967,0.0004371206047027829,0.962646484375,0.14836189350312856,0.028348562598707928,0.785400390625,0.14992815316129587,0.02903779042352292,0.779296875,"[0,2,7,10,16,19,24,28]",778,0.0031018886297549133,1.0267857142857144,0.27290572134080066,0.15953427772157727
F15-ND01 development diagnostic; original F15 result unchanged,v2/work_logs/F15_ND01_v1_run1/evaluation_attempt_1/search_3_evaluation.json,8999cdcf297b657599bad7d9bb6e4ad6ca719e15aec06eeccf9689718fa70e24,3,1500404,1510694,positive_contribution_cov/budget_1024/robust,positive_contribution_cov,1024,robust,1,preserve_other,8192,0.04371995714915182,0.0027407312960573294,0.05235199419370125,0.16457626208524928,0.876220703125,0.05695811060373327,0.16941657395751125,0.14355755028707007,,,,0.123779296875,0.016206382678652168,0.0004102185252347579,0.9581298828125,0.1444201767709383,0.02751181448052705,0.556640625,0.016744088607173708,0.0004311187058250794,0.9586181640625,"[0,2,7,10,16,19,24,28]",778,0.0031018886297549133,1.0267857142857144,0.27290572134080066,0.15953427772157727
F15-ND01 development diagnostic; original F15 result unchanged,v2/work_logs/F15_ND01_v1_run1/evaluation_attempt_1/search_3_evaluation.json,8999cdcf297b657599bad7d9bb6e4ad6ca719e15aec06eeccf9689718fa70e24,3,1500404,1510694,positive_contribution_cov/budget_1024/robust,positive_contribution_cov,1024,robust,1,equal_target,8192,0.042947195502779645,0.003018381854880456,0.05493980210084903,0.22462637327231677,0.8843994140625,0.05570708883800898,1.665300655275179e-17,0.05570708883800898,0.05570708883800898,,,0.1156005859375,0.016593199283359353,0.0004336511402146565,0.96142578125,0.016593199283359353,0.0004336511402146565,0.96142578125,0.14601515707360196,0.028092456315721458,0.549072265625,"[0,2,7,10,16,19,24,28]",778,0.0031018886297549133,1.0267857142857144,0.27290572134080066,0.15953427772157727
F15-ND01 development diagnostic; original F15 result unchanged,v2/work_logs/F15_ND01_v1_run1/evaluation_attempt_1/search_3_evaluation.json,8999cdcf297b657599bad7d9bb6e4ad6ca719e15aec06eeccf9689718fa70e24,3,1500404,1510694,positive_contribution_cov/budget_1024/robust,positive_contribution_cov,1024,robust,1,scale_separating,8192,0.04673604539834714,0.0034543603240372177,0.05877380644502462,0.20353656661729852,0.8643798828125,0.06127592393215077,0.18973299950745906,0.17039966916659663,,,,0.1356201171875,0.01681829627584523,0.0004396130038624833,0.9652099609375,0.16263970446919065,0.03396930026419821,0.5224609375,0.13622945456642588,0.02664849177073302,0.617431640625,"[0,2,7,10,16,19,24,28]",778,0.0031018886297549133,1.0267857142857144,0.27290572134080066,0.15953427772157727
F15-ND01 development diagnostic; original F15 result unchanged,v2/work_logs/F15_ND01_v1_run1/evaluation_attempt_1/search_3_evaluation.json,8999cdcf297b657599bad7d9bb6e4ad6ca719e15aec06eeccf9689718fa70e24,3,1500404,1510694,positive_contribution_cov/budget_128/frozen_mse,positive_contribution_cov,128,frozen_mse,0,mixed_near,8192,0.039279798029535865,0.0023980962390694593,0.04897036082233272,0.1718128927524551,0.6280517578125,0.050781720429804174,0.16421298745975088,0.12933850663855628,,,,0.3719482421875,0.016233116092853002,0.0004175178754422046,0.9969482421875,0.14422842083839085,0.02564159651962148,0.475830078125,0.14377794111145858,0.025603356271096084,0.4854736328125,"[0,4,12,13,14,16,18,31]",76,0.003190829799784587,1.188049161130202,0.1592998204934162,0.15307546115560647
F15-ND01 development diagnostic; original F15 result unchanged,v2/work_logs/F15_ND01_v1_run1/evaluation_attempt_1/search_3_evaluation.json,8999cdcf297b657599bad7d9bb6e4ad6ca719e15aec06eeccf9689718fa70e24,3,1500404,1510694,positive_contribution_cov/budget_128/frozen_mse,positive_contribution_cov,128,frozen_mse,0,mixed_far,8192,0.054246112677908145,0.004173675014970197,0.06460398606100244,0.19390219058004127,0.998779296875,0.06024238103129534,0.1683553377550687,0.12186530476585479,,,,0.001220703125,0.016400169160967853,0.0004165826977952763,0.9610595703125,0.1507911522619545,0.02912688449567992,0.7698974609375,0.14894699815130172,0.028796530494242304,0.7767333984375,"[0,4,12,13,14,16,18,31]",76,0.003190829799784587,1.188049161130202,0.1592998204934162,0.15307546115560647
F15-ND01 development diagnostic; original F15 result unchanged,v2/work_logs/F15_ND01_v1_run1/evaluation_attempt_1/search_3_evaluation.json,8999cdcf297b657599bad7d9bb6e4ad6ca719e15aec06eeccf9689718fa70e24,3,1500404,1510694,positive_contribution_cov/budget_128/frozen_mse,positive_contribution_cov,128,frozen_mse,0,preserve_other,8192,0.04184846737868698,0.0027903478236043742,0.05282374299123808,0.19269392987084416,0.8818359375,0.052500479287992834,0.16789581766364658,0.12925899797743914,,,,0.1181640625,0.01656282728137523,0.0004330271670804061,0.959716796875,0.14378141308739636,0.0273257690999317,0.5565185546875,0.017218909353774077,0.0004737774910551052,0.95751953125,"[0,4,12,13,14,16,18,31]",76,0.003190829799784587,1.188049161130202,0.1592998204934162,0.15307546115560647
F15-ND01 development diagnostic; original F15 result unchanged,v2/work_logs/F15_ND01_v1_run1/evaluation_attempt_1/search_3_evaluation.json,8999cdcf297b657599bad7d9bb6e4ad6ca719e15aec06eeccf9689718fa70e24,3,1500404,1510694,positive_contribution_cov/budget_128/frozen_mse,positive_contribution_cov,128,frozen_mse,0,equal_target,8192,0.04028778230631651,0.002144844804155827,0.04631246920814984,0.15890327518122477,0.8988037109375,0.03811727541103954,1.771999015213184e-17,0.03811727541103954,0.03811727541103954,,,0.1011962890625,0.016470882319356464,0.0004241751923064615,0.96044921875,0.016470882319356464,0.0004241751923064615,0.96044921875,0.14606776799112145,0.02799267675531259,0.545166015625,"[0,4,12,13,14,16,18,31]",76,0.003190829799784587,1.188049161130202,0.1592998204934162,0.15307546115560647
F15-ND01 development diagnostic; original F15 result unchanged,v2/work_logs/F15_ND01_v1_run1/evaluation_attempt_1/search_3_evaluation.json,8999cdcf297b657599bad7d9bb6e4ad6ca719e15aec06eeccf9689718fa70e24,3,1500404,1510694,positive_contribution_cov/budget_128/frozen_mse,positive_contribution_cov,128,frozen_mse,0,scale_separating,8192,0.0473817099173401,0.003465211444676752,0.058866046620074226,0.2052147178408571,0.872802734375,0.059189387495018085,0.1863362617535183,0.14737470024838328,,,,0.127197265625,0.01684122277048776,0.000440697067397664,0.96435546875,0.15953952963935175,0.03288361449831636,0.5328369140625,0.13857848614030774,0.027347560479848772,0.6104736328125,"[0,4,12,13,14,16,18,31]",76,0.003190829799784587,1.188049161130202,0.1592998204934162,0.15307546115560647
F15-ND01 development diagnostic; original F15 result unchanged,v2/work_logs/F15_ND01_v1_run1/evaluation_attempt_1/search_3_evaluation.json,8999cdcf297b657599bad7d9bb6e4ad6ca719e15aec06eeccf9689718fa70e24,3,1500404,1510694,positive_contribution_cov/budget_128/frozen_mse,positive_contribution_cov,128,frozen_mse,1,mixed_near,8192,0.03427250723847407,0.0017726739927029075,0.042103135188521386,0.16196036678235182,0.6513671875,0.04467624265258154,0.16242991047047156,0.1711247476572966,,,,0.3486328125,0.01645320247032152,0.00042060948634199414,0.997802734375,0.1428580832325109,0.025336589008257478,0.475341796875,0.14316916727356513,0.025374539817305822,0.4822998046875,"[3,5,7,14,19,21,26,28]",126,0.0023664628598698938,1.1383928571428572,0.13703990535323715,0.14201968782138932
F15-ND01 development diagnostic; original F15 result unchanged,v2/work_logs/F15_ND01_v1_run1/evaluation_attempt_1/search_3_evaluation.json,8999cdcf297b657599bad7d9bb6e4ad6ca719e15aec06eeccf9689718fa70e24,3,1500404,1510694,positive_contribution_cov/budget_128/frozen_mse,positive_contribution_cov,128,frozen_mse,1,mixed_far,8192,0.04922288720868068,0.0033615764696218785,0.057979103732481746,0.16905686122843328,1.0,0.05466745280516029,0.16865640138955607,0.14598468404359596,,,,0.0,0.016685494684654967,0.0004371206047027829,0.962646484375,0.14836189350312856,0.028348562598707928,0.785400390625,0.14992815316129587,0.02903779042352292,0.779296875,"[3,5,7,14,19,21,26,28]",126,0.0023664628598698938,1.1383928571428572,0.13703990535323715,0.14201968782138932
F15-ND01 development diagnostic; original F15 result unchanged,v2/work_logs/F15_ND01_v1_run1/evaluation_attempt_1/search_3_evaluation.json,8999cdcf297b657599bad7d9bb6e4ad6ca719e15aec06eeccf9689718fa70e24,3,1500404,1510694,positive_contribution_cov/budget_128/frozen_mse,positive_contribution_cov,128,frozen_mse,1,preserve_other,8192,0.02847070966901542,0.0012860610253135393,0.035861693006794024,0.15648298644940772,0.932373046875,0.03911283905599097,0.16941657395751125,0.14770188151633729,,,,0.067626953125,0.016206382678652168,0.0004102185252347579,0.9581298828125,0.1444201767709383,0.02751181448052705,0.556640625,0.016744088607173708,0.0004311187058250794,0.9586181640625,"[3,5,7,14,19,21,26,28]",126,0.0023664628598698938,1.1383928571428572,0.13703990535323715,0.14201968782138932
F15-ND01 development diagnostic; original F15 result unchanged,v2/work_logs/F15_ND01_v1_run1/evaluation_attempt_1/search_3_evaluation.json,8999cdcf297b657599bad7d9bb6e4ad6ca719e15aec06eeccf9689718fa70e24,3,1500404,1510694,positive_contribution_cov/budget_128/frozen_mse,positive_contribution_cov,128,frozen_mse,1,equal_target,8192,0.03977216941039999,0.0023556955542675005,0.04853550817975949,0.15838853432938838,0.8907470703125,0.04446384419612368,1.665300655275179e-17,0.04446384419612368,0.04446384419612368,,,0.1092529296875,0.016593199283359353,0.0004336511402146565,0.96142578125,0.016593199283359353,0.0004336511402146565,0.96142578125,0.14601515707360196,0.028092456315721458,0.549072265625,"[3,5,7,14,19,21,26,28]",126,0.0023664628598698938,1.1383928571428572,0.13703990535323715,0.14201968782138932
F15-ND01 development diagnostic; original F15 result unchanged,v2/work_logs/F15_ND01_v1_run1/evaluation_attempt_1/search_3_evaluation.json,8999cdcf297b657599bad7d9bb6e4ad6ca719e15aec06eeccf9689718fa70e24,3,1500404,1510694,positive_contribution_cov/budget_128/frozen_mse,positive_contribution_cov,128,frozen_mse,1,scale_separating,8192,0.04064589081502472,0.002475670994987173,0.049756115151679325,0.1623206185460323,0.88720703125,0.049988009704305156,0.18973299950745906,0.17507541653656217,,,,0.11279296875,0.01681829627584523,0.0004396130038624833,0.9652099609375,0.16263970446919065,0.03396930026419821,0.5224609375,0.13622945456642588,0.02664849177073302,0.617431640625,"[3,5,7,14,19,21,26,28]",126,0.0023664628598698938,1.1383928571428572,0.13703990535323715,0.14201968782138932
F15-ND01 development diagnostic; original F15 result unchanged,v2/work_logs/F15_ND01_v1_run1/evaluation_attempt_1/search_3_evaluation.json,8999cdcf297b657599bad7d9bb6e4ad6ca719e15aec06eeccf9689718fa70e24,3,1500404,1510694,positive_contribution_cov/budget_128/robust,positive_contribution_cov,128,robust,0,mixed_near,8192,0.039279798029535865,0.0023980962390694593,0.04897036082233272,0.1718128927524551,0.6280517578125,0.050781720429804174,0.16421298745975088,0.12933850663855628,,,,0.3719482421875,0.016233116092853002,0.0004175178754422046,0.9969482421875,0.14422842083839085,0.02564159651962148,0.475830078125,0.14377794111145858,0.025603356271096084,0.4854736328125,"[0,4,12,13,14,16,18,31]",76,0.003190829799784587,1.188049161130202,0.1592998204934162,0.15307546115560647
F15-ND01 development diagnostic; original F15 result unchanged,v2/work_logs/F15_ND01_v1_run1/evaluation_attempt_1/search_3_evaluation.json,8999cdcf297b657599bad7d9bb6e4ad6ca719e15aec06eeccf9689718fa70e24,3,1500404,1510694,positive_contribution_cov/budget_128/robust,positive_contribution_cov,128,robust,0,mixed_far,8192,0.054246112677908145,0.004173675014970197,0.06460398606100244,0.19390219058004127,0.998779296875,0.06024238103129534,0.1683553377550687,0.12186530476585479,,,,0.001220703125,0.016400169160967853,0.0004165826977952763,0.9610595703125,0.1507911522619545,0.02912688449567992,0.7698974609375,0.14894699815130172,0.028796530494242304,0.7767333984375,"[0,4,12,13,14,16,18,31]",76,0.003190829799784587,1.188049161130202,0.1592998204934162,0.15307546115560647
F15-ND01 development diagnostic; original F15 result unchanged,v2/work_logs/F15_ND01_v1_run1/evaluation_attempt_1/search_3_evaluation.json,8999cdcf297b657599bad7d9bb6e4ad6ca719e15aec06eeccf9689718fa70e24,3,1500404,1510694,positive_contribution_cov/budget_128/robust,positive_contribution_cov,128,robust,0,preserve_other,8192,0.04184846737868698,0.0027903478236043742,0.05282374299123808,0.19269392987084416,0.8818359375,0.052500479287992834,0.16789581766364658,0.12925899797743914,,,,0.1181640625,0.01656282728137523,0.0004330271670804061,0.959716796875,0.14378141308739636,0.0273257690999317,0.5565185546875,0.017218909353774077,0.0004737774910551052,0.95751953125,"[0,4,12,13,14,16,18,31]",76,0.003190829799784587,1.188049161130202,0.1592998204934162,0.15307546115560647
F15-ND01 development diagnostic; original F15 result unchanged,v2/work_logs/F15_ND01_v1_run1/evaluation_attempt_1/search_3_evaluation.json,8999cdcf297b657599bad7d9bb6e4ad6ca719e15aec06eeccf9689718fa70e24,3,1500404,1510694,positive_contribution_cov/budget_128/robust,positive_contribution_cov,128,robust,0,equal_target,8192,0.04028778230631651,0.002144844804155827,0.04631246920814984,0.15890327518122477,0.8988037109375,0.03811727541103954,1.771999015213184e-17,0.03811727541103954,0.03811727541103954,,,0.1011962890625,0.016470882319356464,0.0004241751923064615,0.96044921875,0.016470882319356464,0.0004241751923064615,0.96044921875,0.14606776799112145,0.02799267675531259,0.545166015625,"[0,4,12,13,14,16,18,31]",76,0.003190829799784587,1.188049161130202,0.1592998204934162,0.15307546115560647
F15-ND01 development diagnostic; original F15 result unchanged,v2/work_logs/F15_ND01_v1_run1/evaluation_attempt_1/search_3_evaluation.json,8999cdcf297b657599bad7d9bb6e4ad6ca719e15aec06eeccf9689718fa70e24,3,1500404,1510694,positive_contribution_cov/budget_128/robust,positive_contribution_cov,128,robust,0,scale_separating,8192,0.0473817099173401,0.003465211444676752,0.058866046620074226,0.2052147178408571,0.872802734375,0.059189387495018085,0.1863362617535183,0.14737470024838328,,,,0.127197265625,0.01684122277048776,0.000440697067397664,0.96435546875,0.15953952963935175,0.03288361449831636,0.5328369140625,0.13857848614030774,0.027347560479848772,0.6104736328125,"[0,4,12,13,14,16,18,31]",76,0.003190829799784587,1.188049161130202,0.1592998204934162,0.15307546115560647
F15-ND01 development diagnostic; original F15 result unchanged,v2/work_logs/F15_ND01_v1_run1/evaluation_attempt_1/search_3_evaluation.json,8999cdcf297b657599bad7d9bb6e4ad6ca719e15aec06eeccf9689718fa70e24,3,1500404,1510694,positive_contribution_cov/budget_128/robust,positive_contribution_cov,128,robust,1,mixed_near,8192,0.04904070772977194,0.003511340725091039,0.05925656693642519,0.1893197757256207,0.6048583984375,0.06139832569427287,0.16242991047047156,0.19917870713766425,,,,0.3951416015625,0.01645320247032152,0.00042060948634199414,0.997802734375,0.1428580832325109,0.025336589008257478,0.475341796875,0.14316916727356513,0.025374539817305822,0.4822998046875,"[2,7,10,14,16,17,19,28]",119,0.0030369226557594455,1.0714285714285714,0.13704664137095324,0.16069397863095713
F15-ND01 development diagnostic; original F15 result unchanged,v2/work_logs/F15_ND01_v1_run1/evaluation_attempt_1/search_3_evaluation.json,8999cdcf297b657599bad7d9bb6e4ad6ca719e15aec06eeccf9689718fa70e24,3,1500404,1510694,positive_contribution_cov/budget_128/robust,positive_contribution_cov,128,robust,1,mixed_far,8192,0.04564959175400844,0.003090236049365417,0.05558989161138396,0.21248808882304993,0.997802734375,0.052800122050630366,0.16865640138955607,0.16423276181731414,,,,0.002197265625,0.016685494684654967,0.0004371206047027829,0.962646484375,0.14836189350312856,0.028348562598707928,0.785400390625,0.14992815316129587,0.02903779042352292,0.779296875,"[2,7,10,14,16,17,19,28]",119,0.0030369226557594455,1.0714285714285714,0.13704664137095324,0.16069397863095713
F15-ND01 development diagnostic; original F15 result unchanged,v2/work_logs/F15_ND01_v1_run1/evaluation_attempt_1/search_3_evaluation.json,8999cdcf297b657599bad7d9bb6e4ad6ca719e15aec06eeccf9689718fa70e24,3,1500404,1510694,positive_contribution_cov/budget_128/robust,positive_contribution_cov,128,robust,1,preserve_other,8192,0.031387339781913555,0.0015436036672425743,0.03928872188354534,0.14799375806245774,0.922607421875,0.04419497371052651,0.16941657395751125,0.16096227984202602,,,,0.077392578125,0.016206382678652168,0.0004102185252347579,0.9581298828125,0.1444201767709383,0.02751181448052705,0.556640625,0.016744088607173708,0.0004311187058250794,0.9586181640625,"[2,7,10,14,16,17,19,28]",119,0.0030369226557594455,1.0714285714285714,0.13704664137095324,0.16069397863095713
F15-ND01 development diagnostic; original F15 result unchanged,v2/work_logs/F15_ND01_v1_run1/evaluation_attempt_1/search_3_evaluation.json,8999cdcf297b657599bad7d9bb6e4ad6ca719e15aec06eeccf9689718fa70e24,3,1500404,1510694,positive_contribution_cov/budget_128/robust,positive_contribution_cov,128,robust,1,equal_target,8192,0.04441877217098511,0.003120903243421747,0.05586504491559769,0.20650584676805706,0.880126953125,0.05595940219867545,1.665300655275179e-17,0.05595940219867545,0.05595940219867545,,,0.119873046875,0.016593199283359353,0.0004336511402146565,0.96142578125,0.016593199283359353,0.0004336511402146565,0.96142578125,0.14601515707360196,0.028092456315721458,0.549072265625,"[2,7,10,14,16,17,19,28]",119,0.0030369226557594455,1.0714285714285714,0.13704664137095324,0.16069397863095713
F15-ND01 development diagnostic; original F15 result unchanged,v2/work_logs/F15_ND01_v1_run1/evaluation_attempt_1/search_3_evaluation.json,8999cdcf297b657599bad7d9bb6e4ad6ca719e15aec06eeccf9689718fa70e24,3,1500404,1510694,positive_contribution_cov/budget_128/robust,positive_contribution_cov,128,robust,1,scale_separating,8192,0.04450178815858569,0.003023623996931771,0.054987489458346535,0.2152212434737169,0.8741455078125,0.05557148806428732,0.18973299950745906,0.19202478690801542,,,,0.1258544921875,0.01681829627584523,0.0004396130038624833,0.9652099609375,0.16263970446919065,0.03396930026419821,0.5224609375,0.13622945456642588,0.02664849177073302,0.617431640625,"[2,7,10,14,16,17,19,28]",119,0.0030369226557594455,1.0714285714285714,0.13704664137095324,0.16069397863095713
F15-ND01 development diagnostic; original F15 result unchanged,v2/work_logs/F15_ND01_v1_run1/evaluation_attempt_1/search_3_evaluation.json,8999cdcf297b657599bad7d9bb6e4ad6ca719e15aec06eeccf9689718fa70e24,3,1500404,1510694,uniform/budget_1024/frozen_mse,uniform,1024,frozen_mse,0,mixed_near,8192,0.04118931075713233,0.002542824318877518,0.050426424807609734,0.21589466282111608,0.6082763671875,0.05457781677274866,0.16421298745975088,0.12081132847537848,,,,0.3917236328125,0.016233116092853002,0.0004175178754422046,0.9969482421875,0.14422842083839085,0.02564159651962148,0.475830078125,0.14377794111145858,0.025603356271096084,0.4854736328125,"[4,11,12,13,14,18,23,27]",254,0.003197417681004912,1.195642758941244,0.1525136402620537,0.15931597463527059
F15-ND01 development diagnostic; original F15 result unchanged,v2/work_logs/F15_ND01_v1_run1/evaluation_attempt_1/search_3_evaluation.json,8999cdcf297b657599bad7d9bb6e4ad6ca719e15aec06eeccf9689718fa70e24,3,1500404,1510694,uniform/budget_1024/frozen_mse,uniform,1024,frozen_mse,0,mixed_far,8192,0.05549420491226883,0.004272935386685427,0.06536769375376056,0.21132045858816884,0.998779296875,0.0625089248563308,0.1683553377550687,0.11563982956599375,,,,0.001220703125,0.016400169160967853,0.0004165826977952763,0.9610595703125,0.1507911522619545,0.02912688449567992,0.7698974609375,0.14894699815130172,0.028796530494242304,0.7767333984375,"[4,11,12,13,14,18,23,27]",254,0.003197417681004912,1.195642758941244,0.1525136402620537,0.15931597463527059
F15-ND01 development diagnostic; original F15 result unchanged,v2/work_logs/F15_ND01_v1_run1/evaluation_attempt_1/search_3_evaluation.json,8999cdcf297b657599bad7d9bb6e4ad6ca719e15aec06eeccf9689718fa70e24,3,1500404,1510694,uniform/budget_1024/frozen_mse,uniform,1024,frozen_mse,0,preserve_other,8192,0.04737695404937115,0.003372557326922405,0.05807372320527077,0.22726628010665034,0.8646240234375,0.05977459253123017,0.16789581766364658,0.11543969381884622,,,,0.1353759765625,0.01656282728137523,0.0004330271670804061,0.959716796875,0.14378141308739636,0.0273257690999317,0.5565185546875,0.017218909353774077,0.0004737774910551052,0.95751953125,"[4,11,12,13,14,18,23,27]",254,0.003197417681004912,1.195642758941244,0.1525136402620537,0.15931597463527059
F15-ND01 development diagnostic; original F15 result unchanged,v2/work_logs/F15_ND01_v1_run1/evaluation_attempt_1/search_3_evaluation.json,8999cdcf297b657599bad7d9bb6e4ad6ca719e15aec06eeccf9689718fa70e24,3,1500404,1510694,uniform/budget_1024/frozen_mse,uniform,1024,frozen_mse,0,equal_target,8192,0.028664725818712704,0.0012377519671215515,0.035181699321117955,0.13289373486444206,0.928466796875,0.03179527176665994,1.771999015213184e-17,0.03179527176665994,0.03179527176665994,,,0.071533203125,0.016470882319356464,0.0004241751923064615,0.96044921875,0.016470882319356464,0.0004241751923064615,0.96044921875,0.14606776799112145,0.02799267675531259,0.545166015625,"[4,11,12,13,14,18,23,27]",254,0.003197417681004912,1.195642758941244,0.1525136402620537,0.15931597463527059
F15-ND01 development diagnostic; original F15 result unchanged,v2/work_logs/F15_ND01_v1_run1/evaluation_attempt_1/search_3_evaluation.json,8999cdcf297b657599bad7d9bb6e4ad6ca719e15aec06eeccf9689718fa70e24,3,1500404,1510694,uniform/budget_1024/frozen_mse,uniform,1024,frozen_mse,0,scale_separating,8192,0.052481322151354384,0.003948917162079495,0.06284041026345623,0.2108606421171489,0.855712890625,0.06598739934832418,0.1863362617535183,0.13156406942468085,,,,0.144287109375,0.01684122277048776,0.000440697067397664,0.96435546875,0.15953952963935175,0.03288361449831636,0.5328369140625,0.13857848614030774,0.027347560479848772,0.6104736328125,"[4,11,12,13,14,18,23,27]",254,0.003197417681004912,1.195642758941244,0.1525136402620537,0.15931597463527059
F15-ND01 development diagnostic; original F15 result unchanged,v2/work_logs/F15_ND01_v1_run1/evaluation_attempt_1/search_3_evaluation.json,8999cdcf297b657599bad7d9bb6e4ad6ca719e15aec06eeccf9689718fa70e24,3,1500404,1510694,uniform/budget_1024/frozen_mse,uniform,1024,frozen_mse,1,mixed_near,8192,0.031044694466910723,0.00144379617437595,0.03799731798924695,0.15773973086588167,0.667236328125,0.04190922153031069,0.16242991047047156,0.17174998859807203,,,,0.332763671875,0.01645320247032152,0.00042060948634199414,0.997802734375,0.1428580832325109,0.025336589008257478,0.475341796875,0.14316916727356513,0.025374539817305822,0.4822998046875,"[3,6,7,14,19,26,28,29]",1009,0.0019153209174404035,1.0267857142857144,0.14327204052125436,0.13083189618817354
F15-ND01 development diagnostic; original F15 result unchanged,v2/work_logs/F15_ND01_v1_run1/evaluation_attempt_1/search_3_evaluation.json,8999cdcf297b657599bad7d9bb6e4ad6ca719e15aec06eeccf9689718fa70e24,3,1500404,1510694,uniform/budget_1024/frozen_mse,uniform,1024,frozen_mse,1,mixed_far,8192,0.043385993595896344,0.0026515946081591543,0.051493636579281854,0.16941031074351498,0.9998779296875,0.04869274384950372,0.16865640138955607,0.14824881627781628,,,,0.0001220703125,0.016685494684654967,0.0004371206047027829,0.962646484375,0.14836189350312856,0.028348562598707928,0.785400390625,0.14992815316129587,0.02903779042352292,0.779296875,"[3,6,7,14,19,26,28,29]",1009,0.0019153209174404035,1.0267857142857144,0.14327204052125436,0.13083189618817354
F15-ND01 development diagnostic; original F15 result unchanged,v2/work_logs/F15_ND01_v1_run1/evaluation_attempt_1/search_3_evaluation.json,8999cdcf297b657599bad7d9bb6e4ad6ca719e15aec06eeccf9689718fa70e24,3,1500404,1510694,uniform/budget_1024/frozen_mse,uniform,1024,frozen_mse,1,preserve_other,8192,0.028586825767055374,0.0013093541380056275,0.03618499879792215,0.13907174738215689,0.9306640625,0.04119552261635406,0.16941657395751125,0.14840014081063163,,,,0.0693359375,0.016206382678652168,0.0004102185252347579,0.9581298828125,0.1444201767709383,0.02751181448052705,0.556640625,0.016744088607173708,0.0004311187058250794,0.9586181640625,"[3,6,7,14,19,26,28,29]",1009,0.0019153209174404035,1.0267857142857144,0.14327204052125436,0.13083189618817354
F15-ND01 development diagnostic; original F15 result unchanged,v2/work_logs/F15_ND01_v1_run1/evaluation_attempt_1/search_3_evaluation.json,8999cdcf297b657599bad7d9bb6e4ad6ca719e15aec06eeccf9689718fa70e24,3,1500404,1510694,uniform/budget_1024/frozen_mse,uniform,1024,frozen_mse,1,equal_target,8192,0.03311266898599558,0.001734871994534912,0.04165179461361673,0.1564737815678095,0.9112548828125,0.040002605037432006,1.665300655275179e-17,0.040002605037432006,0.040002605037432006,,,0.0887451171875,0.016593199283359353,0.0004336511402146565,0.96142578125,0.016593199283359353,0.0004336511402146565,0.96142578125,0.14601515707360196,0.028092456315721458,0.549072265625,"[3,6,7,14,19,26,28,29]",1009,0.0019153209174404035,1.0267857142857144,0.14327204052125436,0.13083189618817354
F15-ND01 development diagnostic; original F15 result unchanged,v2/work_logs/F15_ND01_v1_run1/evaluation_attempt_1/search_3_evaluation.json,8999cdcf297b657599bad7d9bb6e4ad6ca719e15aec06eeccf9689718fa70e24,3,1500404,1510694,uniform/budget_1024/frozen_mse,uniform,1024,frozen_mse,1,scale_separating,8192,0.036479489198369006,0.002056820744142215,0.04535218566003423,0.17002551249581888,0.9005126953125,0.04725215909643094,0.18973299950745906,0.17284942253884122,,,,0.0994873046875,0.01681829627584523,0.0004396130038624833,0.9652099609375,0.16263970446919065,0.03396930026419821,0.5224609375,0.13622945456642588,0.02664849177073302,0.617431640625,"[3,6,7,14,19,26,28,29]",1009,0.0019153209174404035,1.0267857142857144,0.14327204052125436,0.13083189618817354
F15-ND01 development diagnostic; original F15 result unchanged,v2/work_logs/F15_ND01_v1_run1/evaluation_attempt_1/search_3_evaluation.json,8999cdcf297b657599bad7d9bb6e4ad6ca719e15aec06eeccf9689718fa70e24,3,1500404,1510694,uniform/budget_1024/robust,uniform,1024,robust,0,mixed_near,8192,0.04118931075713233,0.002542824318877518,0.050426424807609734,0.21589466282111608,0.6082763671875,0.05457781677274866,0.16421298745975088,0.12081132847537848,,,,0.3917236328125,0.016233116092853002,0.0004175178754422046,0.9969482421875,0.14422842083839085,0.02564159651962148,0.475830078125,0.14377794111145858,0.025603356271096084,0.4854736328125,"[4,11,12,13,14,18,23,27]",254,0.003197417681004912,1.195642758941244,0.1525136402620537,0.15931597463527059
F15-ND01 development diagnostic; original F15 result unchanged,v2/work_logs/F15_ND01_v1_run1/evaluation_attempt_1/search_3_evaluation.json,8999cdcf297b657599bad7d9bb6e4ad6ca719e15aec06eeccf9689718fa70e24,3,1500404,1510694,uniform/budget_1024/robust,uniform,1024,robust,0,mixed_far,8192,0.05549420491226883,0.004272935386685427,0.06536769375376056,0.21132045858816884,0.998779296875,0.0625089248563308,0.1683553377550687,0.11563982956599375,,,,0.001220703125,0.016400169160967853,0.0004165826977952763,0.9610595703125,0.1507911522619545,0.02912688449567992,0.7698974609375,0.14894699815130172,0.028796530494242304,0.7767333984375,"[4,11,12,13,14,18,23,27]",254,0.003197417681004912,1.195642758941244,0.1525136402620537,0.15931597463527059
F15-ND01 development diagnostic; original F15 result unchanged,v2/work_logs/F15_ND01_v1_run1/evaluation_attempt_1/search_3_evaluation.json,8999cdcf297b657599bad7d9bb6e4ad6ca719e15aec06eeccf9689718fa70e24,3,1500404,1510694,uniform/budget_1024/robust,uniform,1024,robust,0,preserve_other,8192,0.04737695404937115,0.003372557326922405,0.05807372320527077,0.22726628010665034,0.8646240234375,0.05977459253123017,0.16789581766364658,0.11543969381884622,,,,0.1353759765625,0.01656282728137523,0.0004330271670804061,0.959716796875,0.14378141308739636,0.0273257690999317,0.5565185546875,0.017218909353774077,0.0004737774910551052,0.95751953125,"[4,11,12,13,14,18,23,27]",254,0.003197417681004912,1.195642758941244,0.1525136402620537,0.15931597463527059
F15-ND01 development diagnostic; original F15 result unchanged,v2/work_logs/F15_ND01_v1_run1/evaluation_attempt_1/search_3_evaluation.json,8999cdcf297b657599bad7d9bb6e4ad6ca719e15aec06eeccf9689718fa70e24,3,1500404,1510694,uniform/budget_1024/robust,uniform,1024,robust,0,equal_target,8192,0.028664725818712704,0.0012377519671215515,0.035181699321117955,0.13289373486444206,0.928466796875,0.03179527176665994,1.771999015213184e-17,0.03179527176665994,0.03179527176665994,,,0.071533203125,0.016470882319356464,0.0004241751923064615,0.96044921875,0.016470882319356464,0.0004241751923064615,0.96044921875,0.14606776799112145,0.02799267675531259,0.545166015625,"[4,11,12,13,14,18,23,27]",254,0.003197417681004912,1.195642758941244,0.1525136402620537,0.15931597463527059
F15-ND01 development diagnostic; original F15 result unchanged,v2/work_logs/F15_ND01_v1_run1/evaluation_attempt_1/search_3_evaluation.json,8999cdcf297b657599bad7d9bb6e4ad6ca719e15aec06eeccf9689718fa70e24,3,1500404,1510694,uniform/budget_1024/robust,uniform,1024,robust,0,scale_separating,8192,0.052481322151354384,0.003948917162079495,0.06284041026345623,0.2108606421171489,0.855712890625,0.06598739934832418,0.1863362617535183,0.13156406942468085,,,,0.144287109375,0.01684122277048776,0.000440697067397664,0.96435546875,0.15953952963935175,0.03288361449831636,0.5328369140625,0.13857848614030774,0.027347560479848772,0.6104736328125,"[4,11,12,13,14,18,23,27]",254,0.003197417681004912,1.195642758941244,0.1525136402620537,0.15931597463527059
F15-ND01 development diagnostic; original F15 result unchanged,v2/work_logs/F15_ND01_v1_run1/evaluation_attempt_1/search_3_evaluation.json,8999cdcf297b657599bad7d9bb6e4ad6ca719e15aec06eeccf9689718fa70e24,3,1500404,1510694,uniform/budget_1024/robust,uniform,1024,robust,1,mixed_near,8192,0.031044694466910723,0.00144379617437595,0.03799731798924695,0.15773973086588167,0.667236328125,0.04190922153031069,0.16242991047047156,0.17174998859807203,,,,0.332763671875,0.01645320247032152,0.00042060948634199414,0.997802734375,0.1428580832325109,0.025336589008257478,0.475341796875,0.14316916727356513,0.025374539817305822,0.4822998046875,"[3,6,7,14,19,26,28,29]",1009,0.0019153209174404035,1.0267857142857144,0.14327204052125436,0.13083189618817354
F15-ND01 development diagnostic; original F15 result unchanged,v2/work_logs/F15_ND01_v1_run1/evaluation_attempt_1/search_3_evaluation.json,8999cdcf297b657599bad7d9bb6e4ad6ca719e15aec06eeccf9689718fa70e24,3,1500404,1510694,uniform/budget_1024/robust,uniform,1024,robust,1,mixed_far,8192,0.043385993595896344,0.0026515946081591543,0.051493636579281854,0.16941031074351498,0.9998779296875,0.04869274384950372,0.16865640138955607,0.14824881627781628,,,,0.0001220703125,0.016685494684654967,0.0004371206047027829,0.962646484375,0.14836189350312856,0.028348562598707928,0.785400390625,0.14992815316129587,0.02903779042352292,0.779296875,"[3,6,7,14,19,26,28,29]",1009,0.0019153209174404035,1.0267857142857144,0.14327204052125436,0.13083189618817354
F15-ND01 development diagnostic; original F15 result unchanged,v2/work_logs/F15_ND01_v1_run1/evaluation_attempt_1/search_3_evaluation.json,8999cdcf297b657599bad7d9bb6e4ad6ca719e15aec06eeccf9689718fa70e24,3,1500404,1510694,uniform/budget_1024/robust,uniform,1024,robust,1,preserve_other,8192,0.028586825767055374,0.0013093541380056275,0.03618499879792215,0.13907174738215689,0.9306640625,0.04119552261635406,0.16941657395751125,0.14840014081063163,,,,0.0693359375,0.016206382678652168,0.0004102185252347579,0.9581298828125,0.1444201767709383,0.02751181448052705,0.556640625,0.016744088607173708,0.0004311187058250794,0.9586181640625,"[3,6,7,14,19,26,28,29]",1009,0.0019153209174404035,1.0267857142857144,0.14327204052125436,0.13083189618817354
F15-ND01 development diagnostic; original F15 result unchanged,v2/work_logs/F15_ND01_v1_run1/evaluation_attempt_1/search_3_evaluation.json,8999cdcf297b657599bad7d9bb6e4ad6ca719e15aec06eeccf9689718fa70e24,3,1500404,1510694,uniform/budget_1024/robust,uniform,1024,robust,1,equal_target,8192,0.03311266898599558,0.001734871994534912,0.04165179461361673,0.1564737815678095,0.9112548828125,0.040002605037432006,1.665300655275179e-17,0.040002605037432006,0.040002605037432006,,,0.0887451171875,0.016593199283359353,0.0004336511402146565,0.96142578125,0.016593199283359353,0.0004336511402146565,0.96142578125,0.14601515707360196,0.028092456315721458,0.549072265625,"[3,6,7,14,19,26,28,29]",1009,0.0019153209174404035,1.0267857142857144,0.14327204052125436,0.13083189618817354
F15-ND01 development diagnostic; original F15 result unchanged,v2/work_logs/F15_ND01_v1_run1/evaluation_attempt_1/search_3_evaluation.json,8999cdcf297b657599bad7d9bb6e4ad6ca719e15aec06eeccf9689718fa70e24,3,1500404,1510694,uniform/budget_1024/robust,uniform,1024,robust,1,scale_separating,8192,0.036479489198369006,0.002056820744142215,0.04535218566003423,0.17002551249581888,0.9005126953125,0.04725215909643094,0.18973299950745906,0.17284942253884122,,,,0.0994873046875,0.01681829627584523,0.0004396130038624833,0.9652099609375,0.16263970446919065,0.03396930026419821,0.5224609375,0.13622945456642588,0.02664849177073302,0.617431640625,"[3,6,7,14,19,26,28,29]",1009,0.0019153209174404035,1.0267857142857144,0.14327204052125436,0.13083189618817354
F15-ND01 development diagnostic; original F15 result unchanged,v2/work_logs/F15_ND01_v1_run1/evaluation_attempt_1/search_3_evaluation.json,8999cdcf297b657599bad7d9bb6e4ad6ca719e15aec06eeccf9689718fa70e24,3,1500404,1510694,uniform/budget_128/frozen_mse,uniform,128,frozen_mse,0,mixed_near,8192,0.04835122784541423,0.0034168727119305384,0.058454022204896545,0.22928876013833505,0.5863037109375,0.061812738100993726,0.16421298745975088,0.11327723404019832,,,,0.4136962890625,0.016233116092853002,0.0004175178754422046,0.9969482421875,0.14422842083839085,0.02564159651962148,0.475830078125,0.14377794111145858,0.025603356271096084,0.4854736328125,"[0,4,9,12,14,18,23,27]",112,0.00391443781394806,1.304295040065137,0.18357990160476087,0.1749819066655783
F15-ND01 development diagnostic; original F15 result unchanged,v2/work_logs/F15_ND01_v1_run1/evaluation_attempt_1/search_3_evaluation.json,8999cdcf297b657599bad7d9bb6e4ad6ca719e15aec06eeccf9689718fa70e24,3,1500404,1510694,uniform/budget_128/frozen_mse,uniform,128,frozen_mse,0,mixed_far,8192,0.060121016796053396,0.005018382384224674,0.07084054195321118,0.2267948661285556,0.9964599609375,0.06756841512064918,0.1683553377550687,0.11058525215579212,,,,0.0035400390625,0.016400169160967853,0.0004165826977952763,0.9610595703125,0.1507911522619545,0.02912688449567992,0.7698974609375,0.14894699815130172,0.028796530494242304,0.7767333984375,"[0,4,9,12,14,18,23,27]",112,0.00391443781394806,1.304295040065137,0.18357990160476087,0.1749819066655783
F15-ND01 development diagnostic; original F15 result unchanged,v2/work_logs/F15_ND01_v1_run1/evaluation_attempt_1/search_3_evaluation.json,8999cdcf297b657599bad7d9bb6e4ad6ca719e15aec06eeccf9689718fa70e24,3,1500404,1510694,uniform/budget_128/frozen_mse,uniform,128,frozen_mse,0,preserve_other,8192,0.05152953980334825,0.004016505093440268,0.06337590309763064,0.2305229000661715,0.848876953125,0.06417434989379907,0.16789581766364658,0.11305180552510039,,,,0.151123046875,0.01656282728137523,0.0004330271670804061,0.959716796875,0.14378141308739636,0.0273257690999317,0.5565185546875,0.017218909353774077,0.0004737774910551052,0.95751953125,"[0,4,9,12,14,18,23,27]",112,0.00391443781394806,1.304295040065137,0.18357990160476087,0.1749819066655783
F15-ND01 development diagnostic; original F15 result unchanged,v2/work_logs/F15_ND01_v1_run1/evaluation_attempt_1/search_3_evaluation.json,8999cdcf297b657599bad7d9bb6e4ad6ca719e15aec06eeccf9689718fa70e24,3,1500404,1510694,uniform/budget_128/frozen_mse,uniform,128,frozen_mse,0,equal_target,8192,0.03283875553968287,0.0015340713885616387,0.03916722339612088,0.13932356634815518,0.914794921875,0.033317766440037234,1.771999015213184e-17,0.033317766440037234,0.033317766440037234,,,0.085205078125,0.016470882319356464,0.0004241751923064615,0.96044921875,0.016470882319356464,0.0004241751923064615,0.96044921875,0.14606776799112145,0.02799267675531259,0.545166015625,"[0,4,9,12,14,18,23,27]",112,0.00391443781394806,1.304295040065137,0.18357990160476087,0.1749819066655783
F15-ND01 development diagnostic; original F15 result unchanged,v2/work_logs/F15_ND01_v1_run1/evaluation_attempt_1/search_3_evaluation.json,8999cdcf297b657599bad7d9bb6e4ad6ca719e15aec06eeccf9689718fa70e24,3,1500404,1510694,uniform/budget_128/frozen_mse,uniform,128,frozen_mse,0,scale_separating,8192,0.05695580406401128,0.004705571281460673,0.06859716671598523,0.23355756461892202,0.841796875,0.07105086662761323,0.1863362617535183,0.12788229765126127,,,,0.158203125,0.01684122277048776,0.000440697067397664,0.96435546875,0.15953952963935175,0.03288361449831636,0.5328369140625,0.13857848614030774,0.027347560479848772,0.6104736328125,"[0,4,9,12,14,18,23,27]",112,0.00391443781394806,1.304295040065137,0.18357990160476087,0.1749819066655783
F15-ND01 development diagnostic; original F15 result unchanged,v2/work_logs/F15_ND01_v1_run1/evaluation_attempt_1/search_3_evaluation.json,8999cdcf297b657599bad7d9bb6e4ad6ca719e15aec06eeccf9689718fa70e24,3,1500404,1510694,uniform/budget_128/frozen_mse,uniform,128,frozen_mse,1,mixed_near,8192,0.031633641715687166,0.0015999975392834212,0.03999996924103094,0.17263091413771503,0.6524658203125,0.04526213464193434,0.16242991047047156,0.14426586496722096,,,,0.3475341796875,0.01645320247032152,0.00042060948634199414,0.997802734375,0.1428580832325109,0.025336589008257478,0.475341796875,0.14316916727356513,0.025374539817305822,0.4822998046875,"[7,8,9,19,21,26,28,29]",102,0.0026524529492979107,1.1788656849544898,0.15405640064590007,0.1552083529848501
F15-ND01 development diagnostic; original F15 result unchanged,v2/work_logs/F15_ND01_v1_run1/evaluation_attempt_1/search_3_evaluation.json,8999cdcf297b657599bad7d9bb6e4ad6ca719e15aec06eeccf9689718fa70e24,3,1500404,1510694,uniform/budget_128/frozen_mse,uniform,128,frozen_mse,1,mixed_far,8192,0.05569225529992469,0.004183251479118286,0.06467806026094386,0.20871050781726452,0.9990234375,0.0627759935378365,0.16865640138955607,0.12344302049596431,,,,0.0009765625,0.016685494684654967,0.0004371206047027829,0.962646484375,0.14836189350312856,0.028348562598707928,0.785400390625,0.14992815316129587,0.02903779042352292,0.779296875,"[7,8,9,19,21,26,28,29]",102,0.0026524529492979107,1.1788656849544898,0.15405640064590007,0.1552083529848501
F15-ND01 development diagnostic; original F15 result unchanged,v2/work_logs/F15_ND01_v1_run1/evaluation_attempt_1/search_3_evaluation.json,8999cdcf297b657599bad7d9bb6e4ad6ca719e15aec06eeccf9689718fa70e24,3,1500404,1510694,uniform/budget_128/frozen_mse,uniform,128,frozen_mse,1,preserve_other,8192,0.0433766768975144,0.0028121360170098968,0.05302957681341514,0.18125069282021888,0.880126953125,0.05796085587630024,0.16941657395751125,0.12259639473193211,,,,0.119873046875,0.016206382678652168,0.0004102185252347579,0.9581298828125,0.1444201767709383,0.02751181448052705,0.556640625,0.016744088607173708,0.0004311187058250794,0.9586181640625,"[7,8,9,19,21,26,28,29]",102,0.0026524529492979107,1.1788656849544898,0.15405640064590007,0.1552083529848501
F15-ND01 development diagnostic; original F15 result unchanged,v2/work_logs/F15_ND01_v1_run1/evaluation_attempt_1/search_3_evaluation.json,8999cdcf297b657599bad7d9bb6e4ad6ca719e15aec06eeccf9689718fa70e24,3,1500404,1510694,uniform/budget_128/frozen_mse,uniform,128,frozen_mse,1,equal_target,8192,0.031075488996904856,0.001554584277807515,0.03942821677184393,0.16169919263686455,0.9166259765625,0.03693079492673528,1.665300655275179e-17,0.03693079492673528,0.03693079492673528,,,0.0833740234375,0.016593199283359353,0.0004336511402146565,0.96142578125,0.016593199283359353,0.0004336511402146565,0.96142578125,0.14601515707360196,0.028092456315721458,0.549072265625,"[7,8,9,19,21,26,28,29]",102,0.0026524529492979107,1.1788656849544898,0.15405640064590007,0.1552083529848501
F15-ND01 development diagnostic; original F15 result unchanged,v2/work_logs/F15_ND01_v1_run1/evaluation_attempt_1/search_3_evaluation.json,8999cdcf297b657599bad7d9bb6e4ad6ca719e15aec06eeccf9689718fa70e24,3,1500404,1510694,uniform/budget_128/frozen_mse,uniform,128,frozen_mse,1,scale_separating,8192,0.0492016456388617,0.0035749167753949896,0.05979060775234677,0.21957709872102776,0.8580322265625,0.06378262474598435,0.18973299950745906,0.14352471488096016,,,,0.1419677734375,0.01681829627584523,0.0004396130038624833,0.9652099609375,0.16263970446919065,0.03396930026419821,0.5224609375,0.13622945456642588,0.02664849177073302,0.617431640625,"[7,8,9,19,21,26,28,29]",102,0.0026524529492979107,1.1788656849544898,0.15405640064590007,0.1552083529848501
F15-ND01 development diagnostic; original F15 result unchanged,v2/work_logs/F15_ND01_v1_run1/evaluation_attempt_1/search_3_evaluation.json,8999cdcf297b657599bad7d9bb6e4ad6ca719e15aec06eeccf9689718fa70e24,3,1500404,1510694,uniform/budget_128/robust,uniform,128,robust,0,mixed_near,8192,0.04835122784541423,0.0034168727119305384,0.058454022204896545,0.22928876013833505,0.5863037109375,0.061812738100993726,0.16421298745975088,0.11327723404019832,,,,0.4136962890625,0.016233116092853002,0.0004175178754422046,0.9969482421875,0.14422842083839085,0.02564159651962148,0.475830078125,0.14377794111145858,0.025603356271096084,0.4854736328125,"[0,4,9,12,14,18,23,27]",112,0.00391443781394806,1.304295040065137,0.18357990160476087,0.1749819066655783
F15-ND01 development diagnostic; original F15 result unchanged,v2/work_logs/F15_ND01_v1_run1/evaluation_attempt_1/search_3_evaluation.json,8999cdcf297b657599bad7d9bb6e4ad6ca719e15aec06eeccf9689718fa70e24,3,1500404,1510694,uniform/budget_128/robust,uniform,128,robust,0,mixed_far,8192,0.060121016796053396,0.005018382384224674,0.07084054195321118,0.2267948661285556,0.9964599609375,0.06756841512064918,0.1683553377550687,0.11058525215579212,,,,0.0035400390625,0.016400169160967853,0.0004165826977952763,0.9610595703125,0.1507911522619545,0.02912688449567992,0.7698974609375,0.14894699815130172,0.028796530494242304,0.7767333984375,"[0,4,9,12,14,18,23,27]",112,0.00391443781394806,1.304295040065137,0.18357990160476087,0.1749819066655783
F15-ND01 development diagnostic; original F15 result unchanged,v2/work_logs/F15_ND01_v1_run1/evaluation_attempt_1/search_3_evaluation.json,8999cdcf297b657599bad7d9bb6e4ad6ca719e15aec06eeccf9689718fa70e24,3,1500404,1510694,uniform/budget_128/robust,uniform,128,robust,0,preserve_other,8192,0.05152953980334825,0.004016505093440268,0.06337590309763064,0.2305229000661715,0.848876953125,0.06417434989379907,0.16789581766364658,0.11305180552510039,,,,0.151123046875,0.01656282728137523,0.0004330271670804061,0.959716796875,0.14378141308739636,0.0273257690999317,0.5565185546875,0.017218909353774077,0.0004737774910551052,0.95751953125,"[0,4,9,12,14,18,23,27]",112,0.00391443781394806,1.304295040065137,0.18357990160476087,0.1749819066655783
F15-ND01 development diagnostic; original F15 result unchanged,v2/work_logs/F15_ND01_v1_run1/evaluation_attempt_1/search_3_evaluation.json,8999cdcf297b657599bad7d9bb6e4ad6ca719e15aec06eeccf9689718fa70e24,3,1500404,1510694,uniform/budget_128/robust,uniform,128,robust,0,equal_target,8192,0.03283875553968287,0.0015340713885616387,0.03916722339612088,0.13932356634815518,0.914794921875,0.033317766440037234,1.771999015213184e-17,0.033317766440037234,0.033317766440037234,,,0.085205078125,0.016470882319356464,0.0004241751923064615,0.96044921875,0.016470882319356464,0.0004241751923064615,0.96044921875,0.14606776799112145,0.02799267675531259,0.545166015625,"[0,4,9,12,14,18,23,27]",112,0.00391443781394806,1.304295040065137,0.18357990160476087,0.1749819066655783
F15-ND01 development diagnostic; original F15 result unchanged,v2/work_logs/F15_ND01_v1_run1/evaluation_attempt_1/search_3_evaluation.json,8999cdcf297b657599bad7d9bb6e4ad6ca719e15aec06eeccf9689718fa70e24,3,1500404,1510694,uniform/budget_128/robust,uniform,128,robust,0,scale_separating,8192,0.05695580406401128,0.004705571281460673,0.06859716671598523,0.23355756461892202,0.841796875,0.07105086662761323,0.1863362617535183,0.12788229765126127,,,,0.158203125,0.01684122277048776,0.000440697067397664,0.96435546875,0.15953952963935175,0.03288361449831636,0.5328369140625,0.13857848614030774,0.027347560479848772,0.6104736328125,"[0,4,9,12,14,18,23,27]",112,0.00391443781394806,1.304295040065137,0.18357990160476087,0.1749819066655783
F15-ND01 development diagnostic; original F15 result unchanged,v2/work_logs/F15_ND01_v1_run1/evaluation_attempt_1/search_3_evaluation.json,8999cdcf297b657599bad7d9bb6e4ad6ca719e15aec06eeccf9689718fa70e24,3,1500404,1510694,uniform/budget_128/robust,uniform,128,robust,1,mixed_near,8192,0.03712638056242021,0.0021455816542648425,0.046320423727172905,0.1957337853394237,0.63720703125,0.05131511389493803,0.16242991047047156,0.15090125198583906,,,,0.36279296875,0.01645320247032152,0.00042060948634199414,0.997802734375,0.1428580832325109,0.025336589008257478,0.475341796875,0.14316916727356513,0.025374539817305822,0.4822998046875,"[6,7,8,15,19,24,25,28]",108,0.0029282516130558814,1.09375,0.3043015656749728,0.16253782234142505
F15-ND01 development diagnostic; original F15 result unchanged,v2/work_logs/F15_ND01_v1_run1/evaluation_attempt_1/search_3_evaluation.json,8999cdcf297b657599bad7d9bb6e4ad6ca719e15aec06eeccf9689718fa70e24,3,1500404,1510694,uniform/budget_128/robust,uniform,128,robust,1,mixed_far,8192,0.05045423398239056,0.0037370889371161125,0.061131734288470116,0.2013634347959935,0.9981689453125,0.05980923010384584,0.16865640138955607,0.13274237786935686,,,,0.0018310546875,0.016685494684654967,0.0004371206047027829,0.962646484375,0.14836189350312856,0.028348562598707928,0.785400390625,0.14992815316129587,0.02903779042352292,0.779296875,"[6,7,8,15,19,24,25,28]",108,0.0029282516130558814,1.09375,0.3043015656749728,0.16253782234142505
F15-ND01 development diagnostic; original F15 result unchanged,v2/work_logs/F15_ND01_v1_run1/evaluation_attempt_1/search_3_evaluation.json,8999cdcf297b657599bad7d9bb6e4ad6ca719e15aec06eeccf9689718fa70e24,3,1500404,1510694,uniform/budget_128/robust,uniform,128,robust,1,preserve_other,8192,0.04962650777267649,0.003505696107415292,0.05920891915425658,0.17711040133699935,0.8560791015625,0.06446397627974577,0.16941657395751125,0.1299921317128723,,,,0.1439208984375,0.016206382678652168,0.0004102185252347579,0.9581298828125,0.1444201767709383,0.02751181448052705,0.556640625,0.016744088607173708,0.0004311187058250794,0.9586181640625,"[6,7,8,15,19,24,25,28]",108,0.0029282516130558814,1.09375,0.3043015656749728,0.16253782234142505
F15-ND01 development diagnostic; original F15 result unchanged,v2/work_logs/F15_ND01_v1_run1/evaluation_attempt_1/search_3_evaluation.json,8999cdcf297b657599bad7d9bb6e4ad6ca719e15aec06eeccf9689718fa70e24,3,1500404,1510694,uniform/budget_128/robust,uniform,128,robust,1,equal_target,8192,0.035518486754848325,0.0021258574360941943,0.04610702154872069,0.20297761846122314,0.901611328125,0.04668911084401802,1.665300655275179e-17,0.04668911084401802,0.04668911084401802,,,0.098388671875,0.016593199283359353,0.0004336511402146565,0.96142578125,0.016593199283359353,0.0004336511402146565,0.96142578125,0.14601515707360196,0.028092456315721458,0.549072265625,"[6,7,8,15,19,24,25,28]",108,0.0029282516130558814,1.09375,0.3043015656749728,0.16253782234142505
F15-ND01 development diagnostic; original F15 result unchanged,v2/work_logs/F15_ND01_v1_run1/evaluation_attempt_1/search_3_evaluation.json,8999cdcf297b657599bad7d9bb6e4ad6ca719e15aec06eeccf9689718fa70e24,3,1500404,1510694,uniform/budget_128/robust,uniform,128,robust,1,scale_separating,8192,0.049836373506622,0.0038162309476002304,0.061775650118798674,0.20568672488363937,0.853515625,0.0662576081449224,0.18973299950745906,0.14877596130428977,,,,0.146484375,0.01681829627584523,0.0004396130038624833,0.9652099609375,0.16263970446919065,0.03396930026419821,0.5224609375,0.13622945456642588,0.02664849177073302,0.617431640625,"[6,7,8,15,19,24,25,28]",108,0.0029282516130558814,1.09375,0.3043015656749728,0.16253782234142505
F15-ND01 development diagnostic; original F15 result unchanged,v2/work_logs/F15_ND01_v1_run1/evaluation_attempt_1/search_4_evaluation.json,1b308434f23fa8ef4385d1ddbd623db5eec63efd5c6d1eb177999ab1f32ad520,4,1500405,1510695,cost_corr/budget_1024/frozen_mse,cost_corr,1024,frozen_mse,0,mixed_near,8192,0.028333931823012748,0.0013106582345633632,0.036203014164063234,0.16226004490673795,0.6904296875,0.036808131682096935,0.1624101649764094,0.1668691419167992,,,,0.3095703125,0.012782371225776353,0.00026082794669326034,0.998291015625,0.14831254032879476,0.026976839032615607,0.478271484375,0.14881625761842618,0.02701036242330702,0.4891357421875,"[0,8,15,17,21,24,27,30]",554,0.0015491792178120144,0.8482142857142858,0.1802622568143033,0.11630502906170459
F15-ND01 development diagnostic; original F15 result unchanged,v2/work_logs/F15_ND01_v1_run1/evaluation_attempt_1/search_4_evaluation.json,1b308434f23fa8ef4385d1ddbd623db5eec63efd5c6d1eb177999ab1f32ad520,4,1500405,1510695,cost_corr/budget_1024/frozen_mse,cost_corr,1024,frozen_mse,0,mixed_far,8192,0.034353120153325575,0.0019435070460281693,0.044085224804101535,0.1786990050265233,1.0,0.04395000461569587,0.16903000072314758,0.1570207673546979,,,,0.0,0.013772665803905019,0.0003103124224794476,0.9644775390625,0.15083174604217925,0.02948960627122032,0.7781982421875,0.14807061522411447,0.028590994312645907,0.7769775390625,"[0,8,15,17,21,24,27,30]",554,0.0015491792178120144,0.8482142857142858,0.1802622568143033,0.11630502906170459
F15-ND01 development diagnostic; original F15 result unchanged,v2/work_logs/F15_ND01_v1_run1/evaluation_attempt_1/search_4_evaluation.json,1b308434f23fa8ef4385d1ddbd623db5eec63efd5c6d1eb177999ab1f32ad520,4,1500405,1510695,cost_corr/budget_1024/frozen_mse,cost_corr,1024,frozen_mse,0,preserve_other,8192,0.025361412845623717,0.0010707285019248465,0.03272198804970209,0.14936662583907045,0.9312744140625,0.033790563741098754,0.16959324633224845,0.16043588264132616,,,,0.0687255859375,0.014397284575557397,0.00031688164570510373,0.9661865234375,0.1513733071310934,0.030083013198370007,0.554931640625,0.014351024200771924,0.0003265947267926525,0.9644775390625,"[0,8,15,17,21,24,27,30]",554,0.0015491792178120144,0.8482142857142858,0.1802622568143033,0.11630502906170459
F15-ND01 development diagnostic; original F15 result unchanged,v2/work_logs/F15_ND01_v1_run1/evaluation_attempt_1/search_4_evaluation.json,1b308434f23fa8ef4385d1ddbd623db5eec63efd5c6d1eb177999ab1f32ad520,4,1500405,1510695,cost_corr/budget_1024/frozen_mse,cost_corr,1024,frozen_mse,0,equal_target,8192,0.03445316643687957,0.0018580532805397003,0.04310514215890838,0.1681740004088288,0.906005859375,0.044490158598225985,1.8381623872780074e-17,0.044490158598225985,0.044490158598225985,,,0.093994140625,0.013016282509996834,0.0002791307861422386,0.9644775390625,0.013016282509996834,0.0002791307861422386,0.9644775390625,0.1486450767540133,0.028775634683346943,0.5413818359375,"[0,8,15,17,21,24,27,30]",554,0.0015491792178120144,0.8482142857142858,0.1802622568143033,0.11630502906170459
F15-ND01 development diagnostic; original F15 result unchanged,v2/work_logs/F15_ND01_v1_run1/evaluation_attempt_1/search_4_evaluation.json,1b308434f23fa8ef4385d1ddbd623db5eec63efd5c6d1eb177999ab1f32ad520,4,1500405,1510695,cost_corr/budget_1024/frozen_mse,cost_corr,1024,frozen_mse,0,scale_separating,8192,0.033533236578048714,0.0018483807444900102,0.04299279875153524,0.17509244328034335,0.9056396484375,0.04375178515244049,0.1877894813460367,0.18690776584627894,,,,0.0943603515625,0.014025777914457117,0.00031512726284084534,0.9671630859375,0.16902464039167067,0.03663472391348818,0.5250244140625,0.1418000247011423,0.028873798172309888,0.6072998046875,"[0,8,15,17,21,24,27,30]",554,0.0015491792178120144,0.8482142857142858,0.1802622568143033,0.11630502906170459
F15-ND01 development diagnostic; original F15 result unchanged,v2/work_logs/F15_ND01_v1_run1/evaluation_attempt_1/search_4_evaluation.json,1b308434f23fa8ef4385d1ddbd623db5eec63efd5c6d1eb177999ab1f32ad520,4,1500405,1510695,cost_corr/budget_1024/frozen_mse,cost_corr,1024,frozen_mse,1,mixed_near,8192,0.033158513877384485,0.0016878948649437732,0.041083997674809754,0.1534027463305982,0.6553955078125,0.043037939834413244,0.16477554109760745,0.16762437749164766,,,,0.3446044921875,0.01310043003685606,0.0002708956406193663,0.998291015625,0.15013786344060748,0.02746641356922014,0.4833984375,0.14965956674925454,0.027453512313091333,0.4810791015625,"[1,5,7,8,18,20,28,29]",196,0.0022120898895647543,1.1607142857142858,0.11994394573943548,0.1382006715650968
F15-ND01 development diagnostic; original F15 result unchanged,v2/work_logs/F15_ND01_v1_run1/evaluation_attempt_1/search_4_evaluation.json,1b308434f23fa8ef4385d1ddbd623db5eec63efd5c6d1eb177999ab1f32ad520,4,1500405,1510695,cost_corr/budget_1024/frozen_mse,cost_corr,1024,frozen_mse,1,mixed_far,8192,0.045599184565163896,0.002952859063842515,0.05434021589801162,0.18672230993521993,0.9998779296875,0.055509539104890156,0.1695424770842864,0.14221004114105387,,,,0.0001220703125,0.014173920797877436,0.0003226377558857316,0.963134765625,0.1482482425350533,0.028647305851232922,0.781982421875,0.1491271531560298,0.028919034017115097,0.7835693359375,"[1,5,7,8,18,20,28,29]",196,0.0022120898895647543,1.1607142857142858,0.11994394573943548,0.1382006715650968
F15-ND01 development diagnostic; original F15 result unchanged,v2/work_logs/F15_ND01_v1_run1/evaluation_attempt_1/search_4_evaluation.json,1b308434f23fa8ef4385d1ddbd623db5eec63efd5c6d1eb177999ab1f32ad520,4,1500405,1510695,cost_corr/budget_1024/frozen_mse,cost_corr,1024,frozen_mse,1,preserve_other,8192,0.03538474624244701,0.0018961857666423962,0.04354521519802602,0.15910995203541878,0.8988037109375,0.04386079587277545,0.1698118231648395,0.13857519513325572,,,,0.1011962890625,0.012977125567328761,0.00028027514112903654,0.9644775390625,0.14778164654360415,0.02892109059862956,0.5538330078125,0.013260707474684427,0.000282173096020466,0.96337890625,"[1,5,7,8,18,20,28,29]",196,0.0022120898895647543,1.1607142857142858,0.11994394573943548,0.1382006715650968
F15-ND01 development diagnostic; original F15 result unchanged,v2/work_logs/F15_ND01_v1_run1/evaluation_attempt_1/search_4_evaluation.json,1b308434f23fa8ef4385d1ddbd623db5eec63efd5c6d1eb177999ab1f32ad520,4,1500405,1510695,cost_corr/budget_1024/frozen_mse,cost_corr,1024,frozen_mse,1,equal_target,8192,0.034035951559557166,0.0017865529264140276,0.0422676345022291,0.145677296852813,0.9017333984375,0.043049029774791206,1.7912647431366798e-17,0.043049029774791206,0.043049029774791206,,,0.0982666015625,0.014353377308446727,0.00031958368631290475,0.964111328125,0.014353377308446727,0.00031958368631290475,0.964111328125,0.14961867045678845,0.02952356690608639,0.5577392578125,"[1,5,7,8,18,20,28,29]",196,0.0022120898895647543,1.1607142857142858,0.11994394573943548,0.1382006715650968
F15-ND01 development diagnostic; original F15 result unchanged,v2/work_logs/F15_ND01_v1_run1/evaluation_attempt_1/search_4_evaluation.json,1b308434f23fa8ef4385d1ddbd623db5eec63efd5c6d1eb177999ab1f32ad520,4,1500405,1510695,cost_corr/budget_1024/frozen_mse,cost_corr,1024,frozen_mse,1,scale_separating,8192,0.042301416485094355,0.0027258587667193324,0.05220975738996814,0.17298670535765892,0.8792724609375,0.052976531164197156,0.18812819643501238,0.16561961027773,,,,0.1207275390625,0.013817871986454438,0.0003086416383061722,0.9666748046875,0.16602295174503112,0.03570171995885054,0.529052734375,0.1418202559357981,0.028986850851133394,0.6160888671875,"[1,5,7,8,18,20,28,29]",196,0.0022120898895647543,1.1607142857142858,0.11994394573943548,0.1382006715650968
F15-ND01 development diagnostic; original F15 result unchanged,v2/work_logs/F15_ND01_v1_run1/evaluation_attempt_1/search_4_evaluation.json,1b308434f23fa8ef4385d1ddbd623db5eec63efd5c6d1eb177999ab1f32ad520,4,1500405,1510695,cost_corr/budget_1024/robust,cost_corr,1024,robust,0,mixed_near,8192,0.029786105883135752,0.001456899939780457,0.038169358650368454,0.18483012956552913,0.6785888671875,0.03813438258195616,0.1624101649764094,0.16854365273411792,,,,0.3214111328125,0.012782371225776353,0.00026082794669326034,0.998291015625,0.14831254032879476,0.026976839032615607,0.478271484375,0.14881625761842618,0.02701036242330702,0.4891357421875,"[0,3,17,23,24,26,27,30]",20,0.001779419104831298,0.7769272950135636,0.14385247767811057,0.12065116128719192
F15-ND01 development diagnostic; original F15 result unchanged,v2/work_logs/F15_ND01_v1_run1/evaluation_attempt_1/search_4_evaluation.json,1b308434f23fa8ef4385d1ddbd623db5eec63efd5c6d1eb177999ab1f32ad520,4,1500405,1510695,cost_corr/budget_1024/robust,cost_corr,1024,robust,0,mixed_far,8192,0.03813856751124412,0.0022926016963627296,0.04788112045851402,0.18036297185410916,1.0,0.04750003370537958,0.16903000072314758,0.15582526267375982,,,,0.0,0.013772665803905019,0.0003103124224794476,0.9644775390625,0.15083174604217925,0.02948960627122032,0.7781982421875,0.14807061522411447,0.028590994312645907,0.7769775390625,"[0,3,17,23,24,26,27,30]",20,0.001779419104831298,0.7769272950135636,0.14385247767811057,0.12065116128719192
F15-ND01 development diagnostic; original F15 result unchanged,v2/work_logs/F15_ND01_v1_run1/evaluation_attempt_1/search_4_evaluation.json,1b308434f23fa8ef4385d1ddbd623db5eec63efd5c6d1eb177999ab1f32ad520,4,1500405,1510695,cost_corr/budget_1024/robust,cost_corr,1024,robust,0,preserve_other,8192,0.025312516797249496,0.0010953471037454159,0.033096028519225926,0.14013361863236234,0.9327392578125,0.03379717451226797,0.16959324633224845,0.15887274143732816,,,,0.0672607421875,0.014397284575557397,0.00031688164570510373,0.9661865234375,0.1513733071310934,0.030083013198370007,0.554931640625,0.014351024200771924,0.0003265947267926525,0.9644775390625,"[0,3,17,23,24,26,27,30]",20,0.001779419104831298,0.7769272950135636,0.14385247767811057,0.12065116128719192
F15-ND01 development diagnostic; original F15 result unchanged,v2/work_logs/F15_ND01_v1_run1/evaluation_attempt_1/search_4_evaluation.json,1b308434f23fa8ef4385d1ddbd623db5eec63efd5c6d1eb177999ab1f32ad520,4,1500405,1510695,cost_corr/budget_1024/robust,cost_corr,1024,robust,0,equal_target,8192,0.03862599358452121,0.0023110626205456748,0.04807351267117554,0.16650736717094805,0.8912353515625,0.04908250571236534,1.8381623872780074e-17,0.04908250571236534,0.04908250571236534,,,0.1087646484375,0.013016282509996834,0.0002791307861422386,0.9644775390625,0.013016282509996834,0.0002791307861422386,0.9644775390625,0.1486450767540133,0.028775634683346943,0.5413818359375,"[0,3,17,23,24,26,27,30]",20,0.001779419104831298,0.7769272950135636,0.14385247767811057,0.12065116128719192
F15-ND01 development diagnostic; original F15 result unchanged,v2/work_logs/F15_ND01_v1_run1/evaluation_attempt_1/search_4_evaluation.json,1b308434f23fa8ef4385d1ddbd623db5eec63efd5c6d1eb177999ab1f32ad520,4,1500405,1510695,cost_corr/budget_1024/robust,cost_corr,1024,robust,0,scale_separating,8192,0.03752272226963544,0.002308195774546029,0.04804368610489863,0.1994877209140905,0.8935546875,0.048568919598477395,0.1877894813460367,0.18789316967860484,,,,0.1064453125,0.014025777914457117,0.00031512726284084534,0.9671630859375,0.16902464039167067,0.03663472391348818,0.5250244140625,0.1418000247011423,0.028873798172309888,0.6072998046875,"[0,3,17,23,24,26,27,30]",20,0.001779419104831298,0.7769272950135636,0.14385247767811057,0.12065116128719192
F15-ND01 development diagnostic; original F15 result unchanged,v2/work_logs/F15_ND01_v1_run1/evaluation_attempt_1/search_4_evaluation.json,1b308434f23fa8ef4385d1ddbd623db5eec63efd5c6d1eb177999ab1f32ad520,4,1500405,1510695,cost_corr/budget_1024/robust,cost_corr,1024,robust,1,mixed_near,8192,0.044730274974655246,0.0032257845608255706,0.056795990710837775,0.2321366325174381,0.6165771484375,0.05872625628805608,0.16477554109760745,0.17613460644228107,,,,0.3834228515625,0.01310043003685606,0.0002708956406193663,0.998291015625,0.15013786344060748,0.02746641356922014,0.4833984375,0.14965956674925454,0.027453512313091333,0.4810791015625,"[5,6,7,18,21,22,24,29]",760,0.0033187095239742967,0.9375000000000001,0.17501259754854823,0.17282068708735884
F15-ND01 development diagnostic; original F15 result unchanged,v2/work_logs/F15_ND01_v1_run1/evaluation_attempt_1/search_4_evaluation.json,1b308434f23fa8ef4385d1ddbd623db5eec63efd5c6d1eb177999ab1f32ad520,4,1500405,1510695,cost_corr/budget_1024/robust,cost_corr,1024,robust,1,mixed_far,8192,0.04417865423198219,0.0031429832102071705,0.05606231541960402,0.2365948229087928,0.9971923828125,0.05908270107631253,0.1695424770842864,0.1566389649075218,,,,0.0028076171875,0.014173920797877436,0.0003226377558857316,0.963134765625,0.1482482425350533,0.028647305851232922,0.781982421875,0.1491271531560298,0.028919034017115097,0.7835693359375,"[5,6,7,18,21,22,24,29]",760,0.0033187095239742967,0.9375000000000001,0.17501259754854823,0.17282068708735884
F15-ND01 development diagnostic; original F15 result unchanged,v2/work_logs/F15_ND01_v1_run1/evaluation_attempt_1/search_4_evaluation.json,1b308434f23fa8ef4385d1ddbd623db5eec63efd5c6d1eb177999ab1f32ad520,4,1500405,1510695,cost_corr/budget_1024/robust,cost_corr,1024,robust,1,preserve_other,8192,0.043681884676488425,0.002938066250102476,0.05420393205388772,0.2115038745380296,0.875732421875,0.05484345281969432,0.1698118231648395,0.15324950370236876,,,,0.124267578125,0.012977125567328761,0.00028027514112903654,0.9644775390625,0.14778164654360415,0.02892109059862956,0.5538330078125,0.013260707474684427,0.000282173096020466,0.96337890625,"[5,6,7,18,21,22,24,29]",760,0.0033187095239742967,0.9375000000000001,0.17501259754854823,0.17282068708735884
F15-ND01 development diagnostic; original F15 result unchanged,v2/work_logs/F15_ND01_v1_run1/evaluation_attempt_1/search_4_evaluation.json,1b308434f23fa8ef4385d1ddbd623db5eec63efd5c6d1eb177999ab1f32ad520,4,1500405,1510695,cost_corr/budget_1024/robust,cost_corr,1024,robust,1,equal_target,8192,0.045046781400756616,0.003492881389685865,0.05910060397056755,0.22627944905441294,0.86962890625,0.06340266995429322,1.7912647431366798e-17,0.06340266995429322,0.06340266995429322,,,0.13037109375,0.014353377308446727,0.00031958368631290475,0.964111328125,0.014353377308446727,0.00031958368631290475,0.964111328125,0.14961867045678845,0.02952356690608639,0.5577392578125,"[5,6,7,18,21,22,24,29]",760,0.0033187095239742967,0.9375000000000001,0.17501259754854823,0.17282068708735884
F15-ND01 development diagnostic; original F15 result unchanged,v2/work_logs/F15_ND01_v1_run1/evaluation_attempt_1/search_4_evaluation.json,1b308434f23fa8ef4385d1ddbd623db5eec63efd5c6d1eb177999ab1f32ad520,4,1500405,1510695,cost_corr/budget_1024/robust,cost_corr,1024,robust,1,scale_separating,8192,0.047642317958843605,0.003471092631910786,0.05891597942757793,0.2588504719378164,0.8681640625,0.06050689925813794,0.18812819643501238,0.1786470753902807,,,,0.1318359375,0.013817871986454438,0.0003086416383061722,0.9666748046875,0.16602295174503112,0.03570171995885054,0.529052734375,0.1418202559357981,0.028986850851133394,0.6160888671875,"[5,6,7,18,21,22,24,29]",760,0.0033187095239742967,0.9375000000000001,0.17501259754854823,0.17282068708735884
F15-ND01 development diagnostic; original F15 result unchanged,v2/work_logs/F15_ND01_v1_run1/evaluation_attempt_1/search_4_evaluation.json,1b308434f23fa8ef4385d1ddbd623db5eec63efd5c6d1eb177999ab1f32ad520,4,1500405,1510695,cost_corr/budget_128/frozen_mse,cost_corr,128,frozen_mse,0,mixed_near,8192,0.029786105883135752,0.001456899939780457,0.038169358650368454,0.18483012956552913,0.6785888671875,0.03813438258195616,0.1624101649764094,0.16854365273411792,,,,0.3214111328125,0.012782371225776353,0.00026082794669326034,0.998291015625,0.14831254032879476,0.026976839032615607,0.478271484375,0.14881625761842618,0.02701036242330702,0.4891357421875,"[0,3,17,23,24,26,27,30]",20,0.001779419104831298,0.7769272950135636,0.14385247767811057,0.12065116128719192
F15-ND01 development diagnostic; original F15 result unchanged,v2/work_logs/F15_ND01_v1_run1/evaluation_attempt_1/search_4_evaluation.json,1b308434f23fa8ef4385d1ddbd623db5eec63efd5c6d1eb177999ab1f32ad520,4,1500405,1510695,cost_corr/budget_128/frozen_mse,cost_corr,128,frozen_mse,0,mixed_far,8192,0.03813856751124412,0.0022926016963627296,0.04788112045851402,0.18036297185410916,1.0,0.04750003370537958,0.16903000072314758,0.15582526267375982,,,,0.0,0.013772665803905019,0.0003103124224794476,0.9644775390625,0.15083174604217925,0.02948960627122032,0.7781982421875,0.14807061522411447,0.028590994312645907,0.7769775390625,"[0,3,17,23,24,26,27,30]",20,0.001779419104831298,0.7769272950135636,0.14385247767811057,0.12065116128719192
F15-ND01 development diagnostic; original F15 result unchanged,v2/work_logs/F15_ND01_v1_run1/evaluation_attempt_1/search_4_evaluation.json,1b308434f23fa8ef4385d1ddbd623db5eec63efd5c6d1eb177999ab1f32ad520,4,1500405,1510695,cost_corr/budget_128/frozen_mse,cost_corr,128,frozen_mse,0,preserve_other,8192,0.025312516797249496,0.0010953471037454159,0.033096028519225926,0.14013361863236234,0.9327392578125,0.03379717451226797,0.16959324633224845,0.15887274143732816,,,,0.0672607421875,0.014397284575557397,0.00031688164570510373,0.9661865234375,0.1513733071310934,0.030083013198370007,0.554931640625,0.014351024200771924,0.0003265947267926525,0.9644775390625,"[0,3,17,23,24,26,27,30]",20,0.001779419104831298,0.7769272950135636,0.14385247767811057,0.12065116128719192
F15-ND01 development diagnostic; original F15 result unchanged,v2/work_logs/F15_ND01_v1_run1/evaluation_attempt_1/search_4_evaluation.json,1b308434f23fa8ef4385d1ddbd623db5eec63efd5c6d1eb177999ab1f32ad520,4,1500405,1510695,cost_corr/budget_128/frozen_mse,cost_corr,128,frozen_mse,0,equal_target,8192,0.03862599358452121,0.0023110626205456748,0.04807351267117554,0.16650736717094805,0.8912353515625,0.04908250571236534,1.8381623872780074e-17,0.04908250571236534,0.04908250571236534,,,0.1087646484375,0.013016282509996834,0.0002791307861422386,0.9644775390625,0.013016282509996834,0.0002791307861422386,0.9644775390625,0.1486450767540133,0.028775634683346943,0.5413818359375,"[0,3,17,23,24,26,27,30]",20,0.001779419104831298,0.7769272950135636,0.14385247767811057,0.12065116128719192
F15-ND01 development diagnostic; original F15 result unchanged,v2/work_logs/F15_ND01_v1_run1/evaluation_attempt_1/search_4_evaluation.json,1b308434f23fa8ef4385d1ddbd623db5eec63efd5c6d1eb177999ab1f32ad520,4,1500405,1510695,cost_corr/budget_128/frozen_mse,cost_corr,128,frozen_mse,0,scale_separating,8192,0.03752272226963544,0.002308195774546029,0.04804368610489863,0.1994877209140905,0.8935546875,0.048568919598477395,0.1877894813460367,0.18789316967860484,,,,0.1064453125,0.014025777914457117,0.00031512726284084534,0.9671630859375,0.16902464039167067,0.03663472391348818,0.5250244140625,0.1418000247011423,0.028873798172309888,0.6072998046875,"[0,3,17,23,24,26,27,30]",20,0.001779419104831298,0.7769272950135636,0.14385247767811057,0.12065116128719192
F15-ND01 development diagnostic; original F15 result unchanged,v2/work_logs/F15_ND01_v1_run1/evaluation_attempt_1/search_4_evaluation.json,1b308434f23fa8ef4385d1ddbd623db5eec63efd5c6d1eb177999ab1f32ad520,4,1500405,1510695,cost_corr/budget_128/frozen_mse,cost_corr,128,frozen_mse,1,mixed_near,8192,0.03934185444428586,0.0024020135623836697,0.04901034138203558,0.17819155743631743,0.638916015625,0.05011120637343091,0.16477554109760745,0.16296648817036644,,,,0.361083984375,0.01310043003685606,0.0002708956406193663,0.998291015625,0.15013786344060748,0.02746641356922014,0.4833984375,0.14965956674925454,0.027453512313091333,0.4810791015625,"[7,18,20,22,23,25,27,29]",107,0.0027477092282773515,0.9709005528860017,0.16319375474230755,0.15626172851191683
F15-ND01 development diagnostic; original F15 result unchanged,v2/work_logs/F15_ND01_v1_run1/evaluation_attempt_1/search_4_evaluation.json,1b308434f23fa8ef4385d1ddbd623db5eec63efd5c6d1eb177999ab1f32ad520,4,1500405,1510695,cost_corr/budget_128/frozen_mse,cost_corr,128,frozen_mse,1,mixed_far,8192,0.04305919716935892,0.0029339307196848746,0.05416577073839968,0.20391960501041845,0.998779296875,0.05537299064860011,0.1695424770842864,0.14279965519555665,,,,0.001220703125,0.014173920797877436,0.0003226377558857316,0.963134765625,0.1482482425350533,0.028647305851232922,0.781982421875,0.1491271531560298,0.028919034017115097,0.7835693359375,"[7,18,20,22,23,25,27,29]",107,0.0027477092282773515,0.9709005528860017,0.16319375474230755,0.15626172851191683
F15-ND01 development diagnostic; original F15 result unchanged,v2/work_logs/F15_ND01_v1_run1/evaluation_attempt_1/search_4_evaluation.json,1b308434f23fa8ef4385d1ddbd623db5eec63efd5c6d1eb177999ab1f32ad520,4,1500405,1510695,cost_corr/budget_128/frozen_mse,cost_corr,128,frozen_mse,1,preserve_other,8192,0.048067598538226466,0.0033382938949776918,0.05777797067202769,0.18620864814978388,0.86181640625,0.058002272592769695,0.1698118231648395,0.13947865071756288,,,,0.13818359375,0.012977125567328761,0.00028027514112903654,0.9644775390625,0.14778164654360415,0.02892109059862956,0.5538330078125,0.013260707474684427,0.000282173096020466,0.96337890625,"[7,18,20,22,23,25,27,29]",107,0.0027477092282773515,0.9709005528860017,0.16319375474230755,0.15626172851191683
F15-ND01 development diagnostic; original F15 result unchanged,v2/work_logs/F15_ND01_v1_run1/evaluation_attempt_1/search_4_evaluation.json,1b308434f23fa8ef4385d1ddbd623db5eec63efd5c6d1eb177999ab1f32ad520,4,1500405,1510695,cost_corr/budget_128/frozen_mse,cost_corr,128,frozen_mse,1,equal_target,8192,0.03866804510721611,0.002339398835903684,0.04836733232155443,0.16973165017545072,0.8892822265625,0.04765593060168333,1.7912647431366798e-17,0.047655930601683334,0.047655930601683334,,,0.1107177734375,0.014353377308446727,0.00031958368631290475,0.964111328125,0.014353377308446727,0.00031958368631290475,0.964111328125,0.14961867045678845,0.02952356690608639,0.5577392578125,"[7,18,20,22,23,25,27,29]",107,0.0027477092282773515,0.9709005528860017,0.16319375474230755,0.15626172851191683
F15-ND01 development diagnostic; original F15 result unchanged,v2/work_logs/F15_ND01_v1_run1/evaluation_attempt_1/search_4_evaluation.json,1b308434f23fa8ef4385d1ddbd623db5eec63efd5c6d1eb177999ab1f32ad520,4,1500405,1510695,cost_corr/budget_128/frozen_mse,cost_corr,128,frozen_mse,1,scale_separating,8192,0.047540869351241175,0.0035338132873909108,0.059445885369728585,0.20007284327801922,0.86083984375,0.058896390627669735,0.18812819643501238,0.1595896677430542,,,,0.13916015625,0.013817871986454438,0.0003086416383061722,0.9666748046875,0.16602295174503112,0.03570171995885054,0.529052734375,0.1418202559357981,0.028986850851133394,0.6160888671875,"[7,18,20,22,23,25,27,29]",107,0.0027477092282773515,0.9709005528860017,0.16319375474230755,0.15626172851191683
F15-ND01 development diagnostic; original F15 result unchanged,v2/work_logs/F15_ND01_v1_run1/evaluation_attempt_1/search_4_evaluation.json,1b308434f23fa8ef4385d1ddbd623db5eec63efd5c6d1eb177999ab1f32ad520,4,1500405,1510695,cost_corr/budget_128/robust,cost_corr,128,robust,0,mixed_near,8192,0.029786105883135752,0.001456899939780457,0.038169358650368454,0.18483012956552913,0.6785888671875,0.03813438258195616,0.1624101649764094,0.16854365273411792,,,,0.3214111328125,0.012782371225776353,0.00026082794669326034,0.998291015625,0.14831254032879476,0.026976839032615607,0.478271484375,0.14881625761842618,0.02701036242330702,0.4891357421875,"[0,3,17,23,24,26,27,30]",20,0.001779419104831298,0.7769272950135636,0.14385247767811057,0.12065116128719192
F15-ND01 development diagnostic; original F15 result unchanged,v2/work_logs/F15_ND01_v1_run1/evaluation_attempt_1/search_4_evaluation.json,1b308434f23fa8ef4385d1ddbd623db5eec63efd5c6d1eb177999ab1f32ad520,4,1500405,1510695,cost_corr/budget_128/robust,cost_corr,128,robust,0,mixed_far,8192,0.03813856751124412,0.0022926016963627296,0.04788112045851402,0.18036297185410916,1.0,0.04750003370537958,0.16903000072314758,0.15582526267375982,,,,0.0,0.013772665803905019,0.0003103124224794476,0.9644775390625,0.15083174604217925,0.02948960627122032,0.7781982421875,0.14807061522411447,0.028590994312645907,0.7769775390625,"[0,3,17,23,24,26,27,30]",20,0.001779419104831298,0.7769272950135636,0.14385247767811057,0.12065116128719192
F15-ND01 development diagnostic; original F15 result unchanged,v2/work_logs/F15_ND01_v1_run1/evaluation_attempt_1/search_4_evaluation.json,1b308434f23fa8ef4385d1ddbd623db5eec63efd5c6d1eb177999ab1f32ad520,4,1500405,1510695,cost_corr/budget_128/robust,cost_corr,128,robust,0,preserve_other,8192,0.025312516797249496,0.0010953471037454159,0.033096028519225926,0.14013361863236234,0.9327392578125,0.03379717451226797,0.16959324633224845,0.15887274143732816,,,,0.0672607421875,0.014397284575557397,0.00031688164570510373,0.9661865234375,0.1513733071310934,0.030083013198370007,0.554931640625,0.014351024200771924,0.0003265947267926525,0.9644775390625,"[0,3,17,23,24,26,27,30]",20,0.001779419104831298,0.7769272950135636,0.14385247767811057,0.12065116128719192
F15-ND01 development diagnostic; original F15 result unchanged,v2/work_logs/F15_ND01_v1_run1/evaluation_attempt_1/search_4_evaluation.json,1b308434f23fa8ef4385d1ddbd623db5eec63efd5c6d1eb177999ab1f32ad520,4,1500405,1510695,cost_corr/budget_128/robust,cost_corr,128,robust,0,equal_target,8192,0.03862599358452121,0.0023110626205456748,0.04807351267117554,0.16650736717094805,0.8912353515625,0.04908250571236534,1.8381623872780074e-17,0.04908250571236534,0.04908250571236534,,,0.1087646484375,0.013016282509996834,0.0002791307861422386,0.9644775390625,0.013016282509996834,0.0002791307861422386,0.9644775390625,0.1486450767540133,0.028775634683346943,0.5413818359375,"[0,3,17,23,24,26,27,30]",20,0.001779419104831298,0.7769272950135636,0.14385247767811057,0.12065116128719192
F15-ND01 development diagnostic; original F15 result unchanged,v2/work_logs/F15_ND01_v1_run1/evaluation_attempt_1/search_4_evaluation.json,1b308434f23fa8ef4385d1ddbd623db5eec63efd5c6d1eb177999ab1f32ad520,4,1500405,1510695,cost_corr/budget_128/robust,cost_corr,128,robust,0,scale_separating,8192,0.03752272226963544,0.002308195774546029,0.04804368610489863,0.1994877209140905,0.8935546875,0.048568919598477395,0.1877894813460367,0.18789316967860484,,,,0.1064453125,0.014025777914457117,0.00031512726284084534,0.9671630859375,0.16902464039167067,0.03663472391348818,0.5250244140625,0.1418000247011423,0.028873798172309888,0.6072998046875,"[0,3,17,23,24,26,27,30]",20,0.001779419104831298,0.7769272950135636,0.14385247767811057,0.12065116128719192
F15-ND01 development diagnostic; original F15 result unchanged,v2/work_logs/F15_ND01_v1_run1/evaluation_attempt_1/search_4_evaluation.json,1b308434f23fa8ef4385d1ddbd623db5eec63efd5c6d1eb177999ab1f32ad520,4,1500405,1510695,cost_corr/budget_128/robust,cost_corr,128,robust,1,mixed_near,8192,0.03934185444428586,0.0024020135623836697,0.04901034138203558,0.17819155743631743,0.638916015625,0.05011120637343091,0.16477554109760745,0.16296648817036644,,,,0.361083984375,0.01310043003685606,0.0002708956406193663,0.998291015625,0.15013786344060748,0.02746641356922014,0.4833984375,0.14965956674925454,0.027453512313091333,0.4810791015625,"[7,18,20,22,23,25,27,29]",107,0.0027477092282773515,0.9709005528860017,0.16319375474230755,0.15626172851191683
F15-ND01 development diagnostic; original F15 result unchanged,v2/work_logs/F15_ND01_v1_run1/evaluation_attempt_1/search_4_evaluation.json,1b308434f23fa8ef4385d1ddbd623db5eec63efd5c6d1eb177999ab1f32ad520,4,1500405,1510695,cost_corr/budget_128/robust,cost_corr,128,robust,1,mixed_far,8192,0.04305919716935892,0.0029339307196848746,0.05416577073839968,0.20391960501041845,0.998779296875,0.05537299064860011,0.1695424770842864,0.14279965519555665,,,,0.001220703125,0.014173920797877436,0.0003226377558857316,0.963134765625,0.1482482425350533,0.028647305851232922,0.781982421875,0.1491271531560298,0.028919034017115097,0.7835693359375,"[7,18,20,22,23,25,27,29]",107,0.0027477092282773515,0.9709005528860017,0.16319375474230755,0.15626172851191683
F15-ND01 development diagnostic; original F15 result unchanged,v2/work_logs/F15_ND01_v1_run1/evaluation_attempt_1/search_4_evaluation.json,1b308434f23fa8ef4385d1ddbd623db5eec63efd5c6d1eb177999ab1f32ad520,4,1500405,1510695,cost_corr/budget_128/robust,cost_corr,128,robust,1,preserve_other,8192,0.048067598538226466,0.0033382938949776918,0.05777797067202769,0.18620864814978388,0.86181640625,0.058002272592769695,0.1698118231648395,0.13947865071756288,,,,0.13818359375,0.012977125567328761,0.00028027514112903654,0.9644775390625,0.14778164654360415,0.02892109059862956,0.5538330078125,0.013260707474684427,0.000282173096020466,0.96337890625,"[7,18,20,22,23,25,27,29]",107,0.0027477092282773515,0.9709005528860017,0.16319375474230755,0.15626172851191683
F15-ND01 development diagnostic; original F15 result unchanged,v2/work_logs/F15_ND01_v1_run1/evaluation_attempt_1/search_4_evaluation.json,1b308434f23fa8ef4385d1ddbd623db5eec63efd5c6d1eb177999ab1f32ad520,4,1500405,1510695,cost_corr/budget_128/robust,cost_corr,128,robust,1,equal_target,8192,0.03866804510721611,0.002339398835903684,0.04836733232155443,0.16973165017545072,0.8892822265625,0.04765593060168333,1.7912647431366798e-17,0.047655930601683334,0.047655930601683334,,,0.1107177734375,0.014353377308446727,0.00031958368631290475,0.964111328125,0.014353377308446727,0.00031958368631290475,0.964111328125,0.14961867045678845,0.02952356690608639,0.5577392578125,"[7,18,20,22,23,25,27,29]",107,0.0027477092282773515,0.9709005528860017,0.16319375474230755,0.15626172851191683
F15-ND01 development diagnostic; original F15 result unchanged,v2/work_logs/F15_ND01_v1_run1/evaluation_attempt_1/search_4_evaluation.json,1b308434f23fa8ef4385d1ddbd623db5eec63efd5c6d1eb177999ab1f32ad520,4,1500405,1510695,cost_corr/budget_128/robust,cost_corr,128,robust,1,scale_separating,8192,0.047540869351241175,0.0035338132873909108,0.059445885369728585,0.20007284327801922,0.86083984375,0.058896390627669735,0.18812819643501238,0.1595896677430542,,,,0.13916015625,0.013817871986454438,0.0003086416383061722,0.9666748046875,0.16602295174503112,0.03570171995885054,0.529052734375,0.1418202559357981,0.028986850851133394,0.6160888671875,"[7,18,20,22,23,25,27,29]",107,0.0027477092282773515,0.9709005528860017,0.16319375474230755,0.15626172851191683
F15-ND01 development diagnostic; original F15 result unchanged,v2/work_logs/F15_ND01_v1_run1/evaluation_attempt_1/search_4_evaluation.json,1b308434f23fa8ef4385d1ddbd623db5eec63efd5c6d1eb177999ab1f32ad520,4,1500405,1510695,log_cost_corr/budget_1024/frozen_mse,log_cost_corr,1024,frozen_mse,0,mixed_near,8192,0.029379974642672557,0.0013356891163264048,0.03654708081812287,0.15490642698255264,0.6837158203125,0.035416229776459515,0.1624101649764094,0.1458523758631185,,,,0.3162841796875,0.012782371225776353,0.00026082794669326034,0.998291015625,0.14831254032879476,0.026976839032615607,0.478271484375,0.14881625761842618,0.02701036242330702,0.4891357421875,"[0,5,8,13,17,24,25,30]",666,0.0014692811400226105,0.8035714285714286,0.19401555867540274,0.10664373255561227
F15-ND01 development diagnostic; original F15 result unchanged,v2/work_logs/F15_ND01_v1_run1/evaluation_attempt_1/search_4_evaluation.json,1b308434f23fa8ef4385d1ddbd623db5eec63efd5c6d1eb177999ab1f32ad520,4,1500405,1510695,log_cost_corr/budget_1024/frozen_mse,log_cost_corr,1024,frozen_mse,0,mixed_far,8192,0.03364021705306755,0.0017078995368850047,0.04132674118394777,0.15198805726927384,1.0,0.03946074483574416,0.16903000072314758,0.14771382251684592,,,,0.0,0.013772665803905019,0.0003103124224794476,0.9644775390625,0.15083174604217925,0.02948960627122032,0.7781982421875,0.14807061522411447,0.028590994312645907,0.7769775390625,"[0,5,8,13,17,24,25,30]",666,0.0014692811400226105,0.8035714285714286,0.19401555867540274,0.10664373255561227
F15-ND01 development diagnostic; original F15 result unchanged,v2/work_logs/F15_ND01_v1_run1/evaluation_attempt_1/search_4_evaluation.json,1b308434f23fa8ef4385d1ddbd623db5eec63efd5c6d1eb177999ab1f32ad520,4,1500405,1510695,log_cost_corr/budget_1024/frozen_mse,log_cost_corr,1024,frozen_mse,0,preserve_other,8192,0.028880875880013118,0.0013282194391679128,0.03644474501444499,0.13629855219866827,0.9239501953125,0.03680718023519967,0.16959324633224845,0.15381776336395592,,,,0.0760498046875,0.014397284575557397,0.00031688164570510373,0.9661865234375,0.1513733071310934,0.030083013198370007,0.554931640625,0.014351024200771924,0.0003265947267926525,0.9644775390625,"[0,5,8,13,17,24,25,30]",666,0.0014692811400226105,0.8035714285714286,0.19401555867540274,0.10664373255561227
F15-ND01 development diagnostic; original F15 result unchanged,v2/work_logs/F15_ND01_v1_run1/evaluation_attempt_1/search_4_evaluation.json,1b308434f23fa8ef4385d1ddbd623db5eec63efd5c6d1eb177999ab1f32ad520,4,1500405,1510695,log_cost_corr/budget_1024/frozen_mse,log_cost_corr,1024,frozen_mse,0,equal_target,8192,0.02860394065426403,0.001253990781841571,0.035411732262649494,0.12769443003214181,0.9244384765625,0.03478013430023822,1.8381623872780074e-17,0.03478013430023822,0.03478013430023822,,,0.0755615234375,0.013016282509996834,0.0002791307861422386,0.9644775390625,0.013016282509996834,0.0002791307861422386,0.9644775390625,0.1486450767540133,0.028775634683346943,0.5413818359375,"[0,5,8,13,17,24,25,30]",666,0.0014692811400226105,0.8035714285714286,0.19401555867540274,0.10664373255561227
F15-ND01 development diagnostic; original F15 result unchanged,v2/work_logs/F15_ND01_v1_run1/evaluation_attempt_1/search_4_evaluation.json,1b308434f23fa8ef4385d1ddbd623db5eec63efd5c6d1eb177999ab1f32ad520,4,1500405,1510695,log_cost_corr/budget_1024/frozen_mse,log_cost_corr,1024,frozen_mse,0,scale_separating,8192,0.03150331014875162,0.0015932278505360804,0.0399152583673973,0.16191901703541378,0.9105224609375,0.03933148605533268,0.1877894813460367,0.17413631470115065,,,,0.0894775390625,0.014025777914457117,0.00031512726284084534,0.9671630859375,0.16902464039167067,0.03663472391348818,0.5250244140625,0.1418000247011423,0.028873798172309888,0.6072998046875,"[0,5,8,13,17,24,25,30]",666,0.0014692811400226105,0.8035714285714286,0.19401555867540274,0.10664373255561227
F15-ND01 development diagnostic; original F15 result unchanged,v2/work_logs/F15_ND01_v1_run1/evaluation_attempt_1/search_4_evaluation.json,1b308434f23fa8ef4385d1ddbd623db5eec63efd5c6d1eb177999ab1f32ad520,4,1500405,1510695,log_cost_corr/budget_1024/frozen_mse,log_cost_corr,1024,frozen_mse,1,mixed_near,8192,0.03500626988812961,0.0019660574866647283,0.044340246804282994,0.1787222904190119,0.657470703125,0.045092878036107974,0.16477554109760745,0.16426933962542825,,,,0.342529296875,0.01310043003685606,0.0002708956406193663,0.998291015625,0.15013786344060748,0.02746641356922014,0.4833984375,0.14965956674925454,0.027453512313091333,0.4810791015625,"[5,7,10,14,18,20,29,30]",840,0.002679400309986312,1.0044642857142858,0.18036753258983518,0.14315026897766855
F15-ND01 development diagnostic; original F15 result unchanged,v2/work_logs/F15_ND01_v1_run1/evaluation_attempt_1/search_4_evaluation.json,1b308434f23fa8ef4385d1ddbd623db5eec63efd5c6d1eb177999ab1f32ad520,4,1500405,1510695,log_cost_corr/budget_1024/frozen_mse,log_cost_corr,1024,frozen_mse,1,mixed_far,8192,0.043981186171947295,0.0028260370018430205,0.053160483461336394,0.20295713330408788,0.99951171875,0.054003960855134515,0.1695424770842864,0.14557690584048358,,,,0.00048828125,0.014173920797877436,0.0003226377558857316,0.963134765625,0.1482482425350533,0.028647305851232922,0.781982421875,0.1491271531560298,0.028919034017115097,0.7835693359375,"[5,7,10,14,18,20,29,30]",840,0.002679400309986312,1.0044642857142858,0.18036753258983518,0.14315026897766855
F15-ND01 development diagnostic; original F15 result unchanged,v2/work_logs/F15_ND01_v1_run1/evaluation_attempt_1/search_4_evaluation.json,1b308434f23fa8ef4385d1ddbd623db5eec63efd5c6d1eb177999ab1f32ad520,4,1500405,1510695,log_cost_corr/budget_1024/frozen_mse,log_cost_corr,1024,frozen_mse,1,preserve_other,8192,0.04448240322274227,0.0029115131710174976,0.05395843929375179,0.17199199917257774,0.8701171875,0.05350909460103859,0.1698118231648395,0.13961980373741084,,,,0.1298828125,0.012977125567328761,0.00028027514112903654,0.9644775390625,0.14778164654360415,0.02892109059862956,0.5538330078125,0.013260707474684427,0.000282173096020466,0.96337890625,"[5,7,10,14,18,20,29,30]",840,0.002679400309986312,1.0044642857142858,0.18036753258983518,0.14315026897766855
F15-ND01 development diagnostic; original F15 result unchanged,v2/work_logs/F15_ND01_v1_run1/evaluation_attempt_1/search_4_evaluation.json,1b308434f23fa8ef4385d1ddbd623db5eec63efd5c6d1eb177999ab1f32ad520,4,1500405,1510695,log_cost_corr/budget_1024/frozen_mse,log_cost_corr,1024,frozen_mse,1,equal_target,8192,0.03878845003993807,0.002362476571026651,0.04860531422618983,0.1751284051706667,0.890625,0.04822517792035598,1.7912647431366798e-17,0.04822517792035598,0.04822517792035598,,,0.109375,0.014353377308446727,0.00031958368631290475,0.964111328125,0.014353377308446727,0.00031958368631290475,0.964111328125,0.14961867045678845,0.02952356690608639,0.5577392578125,"[5,7,10,14,18,20,29,30]",840,0.002679400309986312,1.0044642857142858,0.18036753258983518,0.14315026897766855
F15-ND01 development diagnostic; original F15 result unchanged,v2/work_logs/F15_ND01_v1_run1/evaluation_attempt_1/search_4_evaluation.json,1b308434f23fa8ef4385d1ddbd623db5eec63efd5c6d1eb177999ab1f32ad520,4,1500405,1510695,log_cost_corr/budget_1024/frozen_mse,log_cost_corr,1024,frozen_mse,1,scale_separating,8192,0.04603362571761017,0.0033177822295917744,0.057600192964883154,0.1937241619435917,0.86669921875,0.0567759647299912,0.18812819643501238,0.16415522269450897,,,,0.13330078125,0.013817871986454438,0.0003086416383061722,0.9666748046875,0.16602295174503112,0.03570171995885054,0.529052734375,0.1418202559357981,0.028986850851133394,0.6160888671875,"[5,7,10,14,18,20,29,30]",840,0.002679400309986312,1.0044642857142858,0.18036753258983518,0.14315026897766855
F15-ND01 development diagnostic; original F15 result unchanged,v2/work_logs/F15_ND01_v1_run1/evaluation_attempt_1/search_4_evaluation.json,1b308434f23fa8ef4385d1ddbd623db5eec63efd5c6d1eb177999ab1f32ad520,4,1500405,1510695,log_cost_corr/budget_1024/robust,log_cost_corr,1024,robust,0,mixed_near,8192,0.031089560508166556,0.001516559585874175,0.038943030003765436,0.15404623317834198,0.673583984375,0.03753185230055411,0.1624101649764094,0.14447323260818587,,,,0.326416015625,0.012782371225776353,0.00026082794669326034,0.998291015625,0.14831254032879476,0.026976839032615607,0.478271484375,0.14881625761842618,0.02701036242330702,0.4891357421875,"[0,5,8,10,13,17,23,24]",713,0.0017677680304517,0.78125,0.16516255641284955,0.11404781037677109
F15-ND01 development diagnostic; original F15 result unchanged,v2/work_logs/F15_ND01_v1_run1/evaluation_attempt_1/search_4_evaluation.json,1b308434f23fa8ef4385d1ddbd623db5eec63efd5c6d1eb177999ab1f32ad520,4,1500405,1510695,log_cost_corr/budget_1024/robust,log_cost_corr,1024,robust,0,mixed_far,8192,0.037322957499575635,0.0020612596411538325,0.04540109735627359,0.16599412283970066,1.0,0.04300285034695079,0.16903000072314758,0.14305579793820886,,,,0.0,0.013772665803905019,0.0003103124224794476,0.9644775390625,0.15083174604217925,0.02948960627122032,0.7781982421875,0.14807061522411447,0.028590994312645907,0.7769775390625,"[0,5,8,10,13,17,23,24]",713,0.0017677680304517,0.78125,0.16516255641284955,0.11404781037677109
F15-ND01 development diagnostic; original F15 result unchanged,v2/work_logs/F15_ND01_v1_run1/evaluation_attempt_1/search_4_evaluation.json,1b308434f23fa8ef4385d1ddbd623db5eec63efd5c6d1eb177999ab1f32ad520,4,1500405,1510695,log_cost_corr/budget_1024/robust,log_cost_corr,1024,robust,0,preserve_other,8192,0.031848957853988266,0.0016054144887261462,0.040067623946599906,0.14729968702677282,0.9166259765625,0.03942141215722107,0.16959324633224845,0.1476334953507083,,,,0.0833740234375,0.014397284575557397,0.00031688164570510373,0.9661865234375,0.1513733071310934,0.030083013198370007,0.554931640625,0.014351024200771924,0.0003265947267926525,0.9644775390625,"[0,5,8,10,13,17,23,24]",713,0.0017677680304517,0.78125,0.16516255641284955,0.11404781037677109
F15-ND01 development diagnostic; original F15 result unchanged,v2/work_logs/F15_ND01_v1_run1/evaluation_attempt_1/search_4_evaluation.json,1b308434f23fa8ef4385d1ddbd623db5eec63efd5c6d1eb177999ab1f32ad520,4,1500405,1510695,log_cost_corr/budget_1024/robust,log_cost_corr,1024,robust,0,equal_target,8192,0.028902850112450675,0.0012827750052346,0.03581584852037712,0.12641522380545017,0.9259033203125,0.034557928581539187,1.8381623872780074e-17,0.034557928581539187,0.034557928581539187,,,0.0740966796875,0.013016282509996834,0.0002791307861422386,0.9644775390625,0.013016282509996834,0.0002791307861422386,0.9644775390625,0.1486450767540133,0.028775634683346943,0.5413818359375,"[0,5,8,10,13,17,23,24]",713,0.0017677680304517,0.78125,0.16516255641284955,0.11404781037677109
F15-ND01 development diagnostic; original F15 result unchanged,v2/work_logs/F15_ND01_v1_run1/evaluation_attempt_1/search_4_evaluation.json,1b308434f23fa8ef4385d1ddbd623db5eec63efd5c6d1eb177999ab1f32ad520,4,1500405,1510695,log_cost_corr/budget_1024/robust,log_cost_corr,1024,robust,0,scale_separating,8192,0.035539141863971745,0.001967542825723931,0.04435699297432064,0.16027527511782003,0.895263671875,0.042756954322036154,0.1877894813460367,0.16748312444827249,,,,0.104736328125,0.014025777914457117,0.00031512726284084534,0.9671630859375,0.16902464039167067,0.03663472391348818,0.5250244140625,0.1418000247011423,0.028873798172309888,0.6072998046875,"[0,5,8,10,13,17,23,24]",713,0.0017677680304517,0.78125,0.16516255641284955,0.11404781037677109
F15-ND01 development diagnostic; original F15 result unchanged,v2/work_logs/F15_ND01_v1_run1/evaluation_attempt_1/search_4_evaluation.json,1b308434f23fa8ef4385d1ddbd623db5eec63efd5c6d1eb177999ab1f32ad520,4,1500405,1510695,log_cost_corr/budget_1024/robust,log_cost_corr,1024,robust,1,mixed_near,8192,0.04795367240386111,0.003509207935522705,0.059238567973261345,0.1855929831451829,0.6173095703125,0.06141410310103118,0.16477554109760745,0.18670137617448718,,,,0.3826904296875,0.01310043003685606,0.0002708956406193663,0.998291015625,0.15013786344060748,0.02746641356922014,0.4833984375,0.14965956674925454,0.027453512313091333,0.4810791015625,"[7,10,12,16,18,20,27,29]",326,0.003244086184772335,0.9598214285714286,0.16632172549133875,0.17831222892810422
F15-ND01 development diagnostic; original F15 result unchanged,v2/work_logs/F15_ND01_v1_run1/evaluation_attempt_1/search_4_evaluation.json,1b308434f23fa8ef4385d1ddbd623db5eec63efd5c6d1eb177999ab1f32ad520,4,1500405,1510695,log_cost_corr/budget_1024/robust,log_cost_corr,1024,robust,1,mixed_far,8192,0.04568739316243132,0.0032592870125625764,0.05709016563789753,0.24221672381607368,0.997802734375,0.0584986683312707,0.1695424770842864,0.15852385951012624,,,,0.002197265625,0.014173920797877436,0.0003226377558857316,0.963134765625,0.1482482425350533,0.028647305851232922,0.781982421875,0.1491271531560298,0.028919034017115097,0.7835693359375,"[7,10,12,16,18,20,27,29]",326,0.003244086184772335,0.9598214285714286,0.16632172549133875,0.17831222892810422
F15-ND01 development diagnostic; original F15 result unchanged,v2/work_logs/F15_ND01_v1_run1/evaluation_attempt_1/search_4_evaluation.json,1b308434f23fa8ef4385d1ddbd623db5eec63efd5c6d1eb177999ab1f32ad520,4,1500405,1510695,log_cost_corr/budget_1024/robust,log_cost_corr,1024,robust,1,preserve_other,8192,0.04733629717536341,0.0033028320082076276,0.05747027064672332,0.1835543991636771,0.8702392578125,0.05838185160855055,0.1698118231648395,0.1557743146877047,,,,0.1297607421875,0.012977125567328761,0.00028027514112903654,0.9644775390625,0.14778164654360415,0.02892109059862956,0.5538330078125,0.013260707474684427,0.000282173096020466,0.96337890625,"[7,10,12,16,18,20,27,29]",326,0.003244086184772335,0.9598214285714286,0.16632172549133875,0.17831222892810422
F15-ND01 development diagnostic; original F15 result unchanged,v2/work_logs/F15_ND01_v1_run1/evaluation_attempt_1/search_4_evaluation.json,1b308434f23fa8ef4385d1ddbd623db5eec63efd5c6d1eb177999ab1f32ad520,4,1500405,1510695,log_cost_corr/budget_1024/robust,log_cost_corr,1024,robust,1,equal_target,8192,0.04477062059872871,0.0031765553124189555,0.05636093782416112,0.2028991756282621,0.870849609375,0.05604569675381078,1.7912647431366798e-17,0.05604569675381078,0.05604569675381078,,,0.129150390625,0.014353377308446727,0.00031958368631290475,0.964111328125,0.014353377308446727,0.00031958368631290475,0.964111328125,0.14961867045678845,0.02952356690608639,0.5577392578125,"[7,10,12,16,18,20,27,29]",326,0.003244086184772335,0.9598214285714286,0.16632172549133875,0.17831222892810422
F15-ND01 development diagnostic; original F15 result unchanged,v2/work_logs/F15_ND01_v1_run1/evaluation_attempt_1/search_4_evaluation.json,1b308434f23fa8ef4385d1ddbd623db5eec63efd5c6d1eb177999ab1f32ad520,4,1500405,1510695,log_cost_corr/budget_1024/robust,log_cost_corr,1024,robust,1,scale_separating,8192,0.04797665457433333,0.0035729197052953984,0.0597739048857894,0.19532204547251036,0.8616943359375,0.06000435370051918,0.18812819643501238,0.17948077059887937,,,,0.1383056640625,0.013817871986454438,0.0003086416383061722,0.9666748046875,0.16602295174503112,0.03570171995885054,0.529052734375,0.1418202559357981,0.028986850851133394,0.6160888671875,"[7,10,12,16,18,20,27,29]",326,0.003244086184772335,0.9598214285714286,0.16632172549133875,0.17831222892810422
F15-ND01 development diagnostic; original F15 result unchanged,v2/work_logs/F15_ND01_v1_run1/evaluation_attempt_1/search_4_evaluation.json,1b308434f23fa8ef4385d1ddbd623db5eec63efd5c6d1eb177999ab1f32ad520,4,1500405,1510695,log_cost_corr/budget_128/frozen_mse,log_cost_corr,128,frozen_mse,0,mixed_near,8192,0.03686531638429397,0.002128828922630278,0.0461392340923674,0.19503655831109246,0.6546630859375,0.04696134938828684,0.1624101649764094,0.15238848000379787,,,,0.3453369140625,0.012782371225776353,0.00026082794669326034,0.998291015625,0.14831254032879476,0.026976839032615607,0.478271484375,0.14881625761842618,0.02701036242330702,0.4891357421875,"[0,1,5,8,17,19,24,28]",103,0.002479400891087916,1.0044642857142858,0.20979286028246724,0.14025918781551766
F15-ND01 development diagnostic; original F15 result unchanged,v2/work_logs/F15_ND01_v1_run1/evaluation_attempt_1/search_4_evaluation.json,1b308434f23fa8ef4385d1ddbd623db5eec63efd5c6d1eb177999ab1f32ad520,4,1500405,1510695,log_cost_corr/budget_128/frozen_mse,log_cost_corr,128,frozen_mse,0,mixed_far,8192,0.03982286468571761,0.002432892601057941,0.04932436113177687,0.19139702498703576,0.99951171875,0.048923946136141726,0.16903000072314758,0.15123634724360382,,,,0.00048828125,0.013772665803905019,0.0003103124224794476,0.9644775390625,0.15083174604217925,0.02948960627122032,0.7781982421875,0.14807061522411447,0.028590994312645907,0.7769775390625,"[0,1,5,8,17,19,24,28]",103,0.002479400891087916,1.0044642857142858,0.20979286028246724,0.14025918781551766
F15-ND01 development diagnostic; original F15 result unchanged,v2/work_logs/F15_ND01_v1_run1/evaluation_attempt_1/search_4_evaluation.json,1b308434f23fa8ef4385d1ddbd623db5eec63efd5c6d1eb177999ab1f32ad520,4,1500405,1510695,log_cost_corr/budget_128/frozen_mse,log_cost_corr,128,frozen_mse,0,preserve_other,8192,0.038613467154772846,0.002335533900721623,0.04832736182248751,0.17120600120225515,0.8936767578125,0.050552603527206745,0.16959324633224845,0.16343439976366508,,,,0.1063232421875,0.014397284575557397,0.00031688164570510373,0.9661865234375,0.1513733071310934,0.030083013198370007,0.554931640625,0.014351024200771924,0.0003265947267926525,0.9644775390625,"[0,1,5,8,17,19,24,28]",103,0.002479400891087916,1.0044642857142858,0.20979286028246724,0.14025918781551766
F15-ND01 development diagnostic; original F15 result unchanged,v2/work_logs/F15_ND01_v1_run1/evaluation_attempt_1/search_4_evaluation.json,1b308434f23fa8ef4385d1ddbd623db5eec63efd5c6d1eb177999ab1f32ad520,4,1500405,1510695,log_cost_corr/budget_128/frozen_mse,log_cost_corr,128,frozen_mse,0,equal_target,8192,0.042966978627769756,0.002684103407066335,0.051808333374722015,0.1668655588197659,0.8807373046875,0.052630345881643635,1.8381623872780074e-17,0.05263034588164363,0.05263034588164363,,,0.1192626953125,0.013016282509996834,0.0002791307861422386,0.9644775390625,0.013016282509996834,0.0002791307861422386,0.9644775390625,0.1486450767540133,0.028775634683346943,0.5413818359375,"[0,1,5,8,17,19,24,28]",103,0.002479400891087916,1.0044642857142858,0.20979286028246724,0.14025918781551766
F15-ND01 development diagnostic; original F15 result unchanged,v2/work_logs/F15_ND01_v1_run1/evaluation_attempt_1/search_4_evaluation.json,1b308434f23fa8ef4385d1ddbd623db5eec63efd5c6d1eb177999ab1f32ad520,4,1500405,1510695,log_cost_corr/budget_128/frozen_mse,log_cost_corr,128,frozen_mse,0,scale_separating,8192,0.04191018059698891,0.0028061422114712235,0.05297303287023713,0.20450653539709007,0.879150390625,0.054855006945333316,0.1877894813460367,0.1855125138493733,,,,0.120849609375,0.014025777914457117,0.00031512726284084534,0.9671630859375,0.16902464039167067,0.03663472391348818,0.5250244140625,0.1418000247011423,0.028873798172309888,0.6072998046875,"[0,1,5,8,17,19,24,28]",103,0.002479400891087916,1.0044642857142858,0.20979286028246724,0.14025918781551766
F15-ND01 development diagnostic; original F15 result unchanged,v2/work_logs/F15_ND01_v1_run1/evaluation_attempt_1/search_4_evaluation.json,1b308434f23fa8ef4385d1ddbd623db5eec63efd5c6d1eb177999ab1f32ad520,4,1500405,1510695,log_cost_corr/budget_128/frozen_mse,log_cost_corr,128,frozen_mse,1,mixed_near,8192,0.03934185444428586,0.0024020135623836697,0.04901034138203558,0.17819155743631743,0.638916015625,0.05011120637343091,0.16477554109760745,0.16296648817036644,,,,0.361083984375,0.01310043003685606,0.0002708956406193663,0.998291015625,0.15013786344060748,0.02746641356922014,0.4833984375,0.14965956674925454,0.027453512313091333,0.4810791015625,"[7,18,20,22,23,25,27,29]",106,0.0027477092282773515,0.9709005528860017,0.16319375474230755,0.15626172851191683
F15-ND01 development diagnostic; original F15 result unchanged,v2/work_logs/F15_ND01_v1_run1/evaluation_attempt_1/search_4_evaluation.json,1b308434f23fa8ef4385d1ddbd623db5eec63efd5c6d1eb177999ab1f32ad520,4,1500405,1510695,log_cost_corr/budget_128/frozen_mse,log_cost_corr,128,frozen_mse,1,mixed_far,8192,0.04305919716935892,0.0029339307196848746,0.05416577073839968,0.20391960501041845,0.998779296875,0.05537299064860011,0.1695424770842864,0.14279965519555665,,,,0.001220703125,0.014173920797877436,0.0003226377558857316,0.963134765625,0.1482482425350533,0.028647305851232922,0.781982421875,0.1491271531560298,0.028919034017115097,0.7835693359375,"[7,18,20,22,23,25,27,29]",106,0.0027477092282773515,0.9709005528860017,0.16319375474230755,0.15626172851191683
F15-ND01 development diagnostic; original F15 result unchanged,v2/work_logs/F15_ND01_v1_run1/evaluation_attempt_1/search_4_evaluation.json,1b308434f23fa8ef4385d1ddbd623db5eec63efd5c6d1eb177999ab1f32ad520,4,1500405,1510695,log_cost_corr/budget_128/frozen_mse,log_cost_corr,128,frozen_mse,1,preserve_other,8192,0.048067598538226466,0.0033382938949776918,0.05777797067202769,0.18620864814978388,0.86181640625,0.058002272592769695,0.1698118231648395,0.13947865071756288,,,,0.13818359375,0.012977125567328761,0.00028027514112903654,0.9644775390625,0.14778164654360415,0.02892109059862956,0.5538330078125,0.013260707474684427,0.000282173096020466,0.96337890625,"[7,18,20,22,23,25,27,29]",106,0.0027477092282773515,0.9709005528860017,0.16319375474230755,0.15626172851191683
F15-ND01 development diagnostic; original F15 result unchanged,v2/work_logs/F15_ND01_v1_run1/evaluation_attempt_1/search_4_evaluation.json,1b308434f23fa8ef4385d1ddbd623db5eec63efd5c6d1eb177999ab1f32ad520,4,1500405,1510695,log_cost_corr/budget_128/frozen_mse,log_cost_corr,128,frozen_mse,1,equal_target,8192,0.03866804510721611,0.002339398835903684,0.04836733232155443,0.16973165017545072,0.8892822265625,0.04765593060168333,1.7912647431366798e-17,0.047655930601683334,0.047655930601683334,,,0.1107177734375,0.014353377308446727,0.00031958368631290475,0.964111328125,0.014353377308446727,0.00031958368631290475,0.964111328125,0.14961867045678845,0.02952356690608639,0.5577392578125,"[7,18,20,22,23,25,27,29]",106,0.0027477092282773515,0.9709005528860017,0.16319375474230755,0.15626172851191683
F15-ND01 development diagnostic; original F15 result unchanged,v2/work_logs/F15_ND01_v1_run1/evaluation_attempt_1/search_4_evaluation.json,1b308434f23fa8ef4385d1ddbd623db5eec63efd5c6d1eb177999ab1f32ad520,4,1500405,1510695,log_cost_corr/budget_128/frozen_mse,log_cost_corr,128,frozen_mse,1,scale_separating,8192,0.047540869351241175,0.0035338132873909108,0.059445885369728585,0.20007284327801922,0.86083984375,0.058896390627669735,0.18812819643501238,0.1595896677430542,,,,0.13916015625,0.013817871986454438,0.0003086416383061722,0.9666748046875,0.16602295174503112,0.03570171995885054,0.529052734375,0.1418202559357981,0.028986850851133394,0.6160888671875,"[7,18,20,22,23,25,27,29]",106,0.0027477092282773515,0.9709005528860017,0.16319375474230755,0.15626172851191683
F15-ND01 development diagnostic; original F15 result unchanged,v2/work_logs/F15_ND01_v1_run1/evaluation_attempt_1/search_4_evaluation.json,1b308434f23fa8ef4385d1ddbd623db5eec63efd5c6d1eb177999ab1f32ad520,4,1500405,1510695,log_cost_corr/budget_128/robust,log_cost_corr,128,robust,0,mixed_near,8192,0.03900345558105749,0.002469440294165708,0.04969346329413667,0.17457010193328576,0.64404296875,0.0460051463498843,0.1624101649764094,0.13307767768401016,,,,0.35595703125,0.012782371225776353,0.00026082794669326034,0.998291015625,0.14831254032879476,0.026976839032615607,0.478271484375,0.14881625761842618,0.02701036242330702,0.4891357421875,"[0,2,8,17,19,20,23,27]",41,0.002502390768374561,0.9821428571428572,0.3079922020189198,0.12456247082713744
F15-ND01 development diagnostic; original F15 result unchanged,v2/work_logs/F15_ND01_v1_run1/evaluation_attempt_1/search_4_evaluation.json,1b308434f23fa8ef4385d1ddbd623db5eec63efd5c6d1eb177999ab1f32ad520,4,1500405,1510695,log_cost_corr/budget_128/robust,log_cost_corr,128,robust,0,mixed_far,8192,0.037124065257756744,0.0021761871654363734,0.04664962127859532,0.21333056606284156,0.9996337890625,0.043402795502888496,0.16903000072314758,0.13819082534088278,,,,0.0003662109375,0.013772665803905019,0.0003103124224794476,0.9644775390625,0.15083174604217925,0.02948960627122032,0.7781982421875,0.14807061522411447,0.028590994312645907,0.7769775390625,"[0,2,8,17,19,20,23,27]",41,0.002502390768374561,0.9821428571428572,0.3079922020189198,0.12456247082713744
F15-ND01 development diagnostic; original F15 result unchanged,v2/work_logs/F15_ND01_v1_run1/evaluation_attempt_1/search_4_evaluation.json,1b308434f23fa8ef4385d1ddbd623db5eec63efd5c6d1eb177999ab1f32ad520,4,1500405,1510695,log_cost_corr/budget_128/robust,log_cost_corr,128,robust,0,preserve_other,8192,0.04145863492918987,0.0027903140603308843,0.05282342340601264,0.20217866016555536,0.888671875,0.046830764725475184,0.16959324633224845,0.1359385159045649,,,,0.111328125,0.014397284575557397,0.00031688164570510373,0.9661865234375,0.1513733071310934,0.030083013198370007,0.554931640625,0.014351024200771924,0.0003265947267926525,0.9644775390625,"[0,2,8,17,19,20,23,27]",41,0.002502390768374561,0.9821428571428572,0.3079922020189198,0.12456247082713744
F15-ND01 development diagnostic; original F15 result unchanged,v2/work_logs/F15_ND01_v1_run1/evaluation_attempt_1/search_4_evaluation.json,1b308434f23fa8ef4385d1ddbd623db5eec63efd5c6d1eb177999ab1f32ad520,4,1500405,1510695,log_cost_corr/budget_128/robust,log_cost_corr,128,robust,0,equal_target,8192,0.025528049539672838,0.0010467234774981056,0.03235310614914904,0.14393398522314294,0.9317626953125,0.029916938466948532,1.8381623872780074e-17,0.029916938466948532,0.029916938466948532,,,0.0682373046875,0.013016282509996834,0.0002791307861422386,0.9644775390625,0.013016282509996834,0.0002791307861422386,0.9644775390625,0.1486450767540133,0.028775634683346943,0.5413818359375,"[0,2,8,17,19,20,23,27]",41,0.002502390768374561,0.9821428571428572,0.3079922020189198,0.12456247082713744
F15-ND01 development diagnostic; original F15 result unchanged,v2/work_logs/F15_ND01_v1_run1/evaluation_attempt_1/search_4_evaluation.json,1b308434f23fa8ef4385d1ddbd623db5eec63efd5c6d1eb177999ab1f32ad520,4,1500405,1510695,log_cost_corr/budget_128/robust,log_cost_corr,128,robust,0,scale_separating,8192,0.04441800117274036,0.003067197725367358,0.05538228710849127,0.20267576360319872,0.8736572265625,0.05049307881046447,0.1877894813460367,0.15107442451474495,,,,0.1263427734375,0.014025777914457117,0.00031512726284084534,0.9671630859375,0.16902464039167067,0.03663472391348818,0.5250244140625,0.1418000247011423,0.028873798172309888,0.6072998046875,"[0,2,8,17,19,20,23,27]",41,0.002502390768374561,0.9821428571428572,0.3079922020189198,0.12456247082713744
F15-ND01 development diagnostic; original F15 result unchanged,v2/work_logs/F15_ND01_v1_run1/evaluation_attempt_1/search_4_evaluation.json,1b308434f23fa8ef4385d1ddbd623db5eec63efd5c6d1eb177999ab1f32ad520,4,1500405,1510695,log_cost_corr/budget_128/robust,log_cost_corr,128,robust,1,mixed_near,8192,0.03934185444428586,0.0024020135623836697,0.04901034138203558,0.17819155743631743,0.638916015625,0.05011120637343091,0.16477554109760745,0.16296648817036644,,,,0.361083984375,0.01310043003685606,0.0002708956406193663,0.998291015625,0.15013786344060748,0.02746641356922014,0.4833984375,0.14965956674925454,0.027453512313091333,0.4810791015625,"[7,18,20,22,23,25,27,29]",106,0.0027477092282773515,0.9709005528860017,0.16319375474230755,0.15626172851191683
F15-ND01 development diagnostic; original F15 result unchanged,v2/work_logs/F15_ND01_v1_run1/evaluation_attempt_1/search_4_evaluation.json,1b308434f23fa8ef4385d1ddbd623db5eec63efd5c6d1eb177999ab1f32ad520,4,1500405,1510695,log_cost_corr/budget_128/robust,log_cost_corr,128,robust,1,mixed_far,8192,0.04305919716935892,0.0029339307196848746,0.05416577073839968,0.20391960501041845,0.998779296875,0.05537299064860011,0.1695424770842864,0.14279965519555665,,,,0.001220703125,0.014173920797877436,0.0003226377558857316,0.963134765625,0.1482482425350533,0.028647305851232922,0.781982421875,0.1491271531560298,0.028919034017115097,0.7835693359375,"[7,18,20,22,23,25,27,29]",106,0.0027477092282773515,0.9709005528860017,0.16319375474230755,0.15626172851191683
F15-ND01 development diagnostic; original F15 result unchanged,v2/work_logs/F15_ND01_v1_run1/evaluation_attempt_1/search_4_evaluation.json,1b308434f23fa8ef4385d1ddbd623db5eec63efd5c6d1eb177999ab1f32ad520,4,1500405,1510695,log_cost_corr/budget_128/robust,log_cost_corr,128,robust,1,preserve_other,8192,0.048067598538226466,0.0033382938949776918,0.05777797067202769,0.18620864814978388,0.86181640625,0.058002272592769695,0.1698118231648395,0.13947865071756288,,,,0.13818359375,0.012977125567328761,0.00028027514112903654,0.9644775390625,0.14778164654360415,0.02892109059862956,0.5538330078125,0.013260707474684427,0.000282173096020466,0.96337890625,"[7,18,20,22,23,25,27,29]",106,0.0027477092282773515,0.9709005528860017,0.16319375474230755,0.15626172851191683
F15-ND01 development diagnostic; original F15 result unchanged,v2/work_logs/F15_ND01_v1_run1/evaluation_attempt_1/search_4_evaluation.json,1b308434f23fa8ef4385d1ddbd623db5eec63efd5c6d1eb177999ab1f32ad520,4,1500405,1510695,log_cost_corr/budget_128/robust,log_cost_corr,128,robust,1,equal_target,8192,0.03866804510721611,0.002339398835903684,0.04836733232155443,0.16973165017545072,0.8892822265625,0.04765593060168333,1.7912647431366798e-17,0.047655930601683334,0.047655930601683334,,,0.1107177734375,0.014353377308446727,0.00031958368631290475,0.964111328125,0.014353377308446727,0.00031958368631290475,0.964111328125,0.14961867045678845,0.02952356690608639,0.5577392578125,"[7,18,20,22,23,25,27,29]",106,0.0027477092282773515,0.9709005528860017,0.16319375474230755,0.15626172851191683
F15-ND01 development diagnostic; original F15 result unchanged,v2/work_logs/F15_ND01_v1_run1/evaluation_attempt_1/search_4_evaluation.json,1b308434f23fa8ef4385d1ddbd623db5eec63efd5c6d1eb177999ab1f32ad520,4,1500405,1510695,log_cost_corr/budget_128/robust,log_cost_corr,128,robust,1,scale_separating,8192,0.047540869351241175,0.0035338132873909108,0.059445885369728585,0.20007284327801922,0.86083984375,0.058896390627669735,0.18812819643501238,0.1595896677430542,,,,0.13916015625,0.013817871986454438,0.0003086416383061722,0.9666748046875,0.16602295174503112,0.03570171995885054,0.529052734375,0.1418202559357981,0.028986850851133394,0.6160888671875,"[7,18,20,22,23,25,27,29]",106,0.0027477092282773515,0.9709005528860017,0.16319375474230755,0.15626172851191683
F15-ND01 development diagnostic; original F15 result unchanged,v2/work_logs/F15_ND01_v1_run1/evaluation_attempt_1/search_4_evaluation.json,1b308434f23fa8ef4385d1ddbd623db5eec63efd5c6d1eb177999ab1f32ad520,4,1500405,1510695,permuted_cost_corr/budget_1024/frozen_mse,permuted_cost_corr,1024,frozen_mse,0,mixed_near,8192,0.038471916712699714,0.0024833999730316386,0.04983372325074295,0.2147488969945323,0.6531982421875,0.05175166206429943,0.1624101649764094,0.1655248424311672,,,,0.3468017578125,0.012782371225776353,0.00026082794669326034,0.998291015625,0.14831254032879476,0.026976839032615607,0.478271484375,0.14881625761842618,0.02701036242330702,0.4891357421875,"[2,8,17,20,23,24,26,27]",752,0.0034829212219285323,1.0160640028728634,1.006238964308247,0.16342764900394813
F15-ND01 development diagnostic; original F15 result unchanged,v2/work_logs/F15_ND01_v1_run1/evaluation_attempt_1/search_4_evaluation.json,1b308434f23fa8ef4385d1ddbd623db5eec63efd5c6d1eb177999ab1f32ad520,4,1500405,1510695,permuted_cost_corr/budget_1024/frozen_mse,permuted_cost_corr,1024,frozen_mse,0,mixed_far,8192,0.05151152180966536,0.00395651930666571,0.06290086888641293,0.22502556298598247,0.9969482421875,0.0628858240259322,0.16903000072314758,0.15036578392815472,,,,0.0030517578125,0.013772665803905019,0.0003103124224794476,0.9644775390625,0.15083174604217925,0.02948960627122032,0.7781982421875,0.14807061522411447,0.028590994312645907,0.7769775390625,"[2,8,17,20,23,24,26,27]",752,0.0034829212219285323,1.0160640028728634,1.006238964308247,0.16342764900394813
F15-ND01 development diagnostic; original F15 result unchanged,v2/work_logs/F15_ND01_v1_run1/evaluation_attempt_1/search_4_evaluation.json,1b308434f23fa8ef4385d1ddbd623db5eec63efd5c6d1eb177999ab1f32ad520,4,1500405,1510695,permuted_cost_corr/budget_1024/frozen_mse,permuted_cost_corr,1024,frozen_mse,0,preserve_other,8192,0.039569342610523375,0.0025647947758858486,0.050643802936646144,0.2061183190695966,0.8961181640625,0.053057695087770085,0.16959324633224845,0.16117172534219523,,,,0.1038818359375,0.014397284575557397,0.00031688164570510373,0.9661865234375,0.1513733071310934,0.030083013198370007,0.554931640625,0.014351024200771924,0.0003265947267926525,0.9644775390625,"[2,8,17,20,23,24,26,27]",752,0.0034829212219285323,1.0160640028728634,1.006238964308247,0.16342764900394813
F15-ND01 development diagnostic; original F15 result unchanged,v2/work_logs/F15_ND01_v1_run1/evaluation_attempt_1/search_4_evaluation.json,1b308434f23fa8ef4385d1ddbd623db5eec63efd5c6d1eb177999ab1f32ad520,4,1500405,1510695,permuted_cost_corr/budget_1024/frozen_mse,permuted_cost_corr,1024,frozen_mse,0,equal_target,8192,0.053803206312490026,0.004531040616422816,0.06731300480904723,0.23138293610100275,0.8426513671875,0.06899636865021887,1.8381623872780074e-17,0.06899636865021887,0.06899636865021887,,,0.1573486328125,0.013016282509996834,0.0002791307861422386,0.9644775390625,0.013016282509996834,0.0002791307861422386,0.9644775390625,0.1486450767540133,0.028775634683346943,0.5413818359375,"[2,8,17,20,23,24,26,27]",752,0.0034829212219285323,1.0160640028728634,1.006238964308247,0.16342764900394813
F15-ND01 development diagnostic; original F15 result unchanged,v2/work_logs/F15_ND01_v1_run1/evaluation_attempt_1/search_4_evaluation.json,1b308434f23fa8ef4385d1ddbd623db5eec63efd5c6d1eb177999ab1f32ad520,4,1500405,1510695,permuted_cost_corr/budget_1024/frozen_mse,permuted_cost_corr,1024,frozen_mse,0,scale_separating,8192,0.05220971134439225,0.004517836644152085,0.0672148543415225,0.24551314726076923,0.8447265625,0.06917655980816823,0.1877894813460367,0.1907229399602391,,,,0.1552734375,0.014025777914457117,0.00031512726284084534,0.9671630859375,0.16902464039167067,0.03663472391348818,0.5250244140625,0.1418000247011423,0.028873798172309888,0.6072998046875,"[2,8,17,20,23,24,26,27]",752,0.0034829212219285323,1.0160640028728634,1.006238964308247,0.16342764900394813
F15-ND01 development diagnostic; original F15 result unchanged,v2/work_logs/F15_ND01_v1_run1/evaluation_attempt_1/search_4_evaluation.json,1b308434f23fa8ef4385d1ddbd623db5eec63efd5c6d1eb177999ab1f32ad520,4,1500405,1510695,permuted_cost_corr/budget_1024/frozen_mse,permuted_cost_corr,1024,frozen_mse,1,mixed_near,8192,0.04007945453641931,0.002553197938793124,0.05052917908291331,0.19994848636929702,0.6307373046875,0.05210035838673678,0.16477554109760745,0.14551332307320744,,,,0.3692626953125,0.01310043003685606,0.0002708956406193663,0.998291015625,0.15013786344060748,0.02746641356922014,0.4833984375,0.14965956674925454,0.027453512313091333,0.4810791015625,"[7,11,13,18,20,26,27,28]",141,0.0033470370654622794,1.1721641091954793,1.0297597734342334,0.171864891342809
F15-ND01 development diagnostic; original F15 result unchanged,v2/work_logs/F15_ND01_v1_run1/evaluation_attempt_1/search_4_evaluation.json,1b308434f23fa8ef4385d1ddbd623db5eec63efd5c6d1eb177999ab1f32ad520,4,1500405,1510695,permuted_cost_corr/budget_1024/frozen_mse,permuted_cost_corr,1024,frozen_mse,1,mixed_far,8192,0.05714476824537473,0.004642225044301592,0.06813387589372552,0.22081562717450637,0.9976806640625,0.06923876450105419,0.1695424770842864,0.1228839821903938,,,,0.0023193359375,0.014173920797877436,0.0003226377558857316,0.963134765625,0.1482482425350533,0.028647305851232922,0.781982421875,0.1491271531560298,0.028919034017115097,0.7835693359375,"[7,11,13,18,20,26,27,28]",141,0.0033470370654622794,1.1721641091954793,1.0297597734342334,0.171864891342809
F15-ND01 development diagnostic; original F15 result unchanged,v2/work_logs/F15_ND01_v1_run1/evaluation_attempt_1/search_4_evaluation.json,1b308434f23fa8ef4385d1ddbd623db5eec63efd5c6d1eb177999ab1f32ad520,4,1500405,1510695,permuted_cost_corr/budget_1024/frozen_mse,permuted_cost_corr,1024,frozen_mse,1,preserve_other,8192,0.05162461067026871,0.004018953276502611,0.06339521493379931,0.22055567892652045,0.852294921875,0.06419114431970448,0.1698118231648395,0.12104187190148154,,,,0.147705078125,0.012977125567328761,0.00028027514112903654,0.9644775390625,0.14778164654360415,0.02892109059862956,0.5538330078125,0.013260707474684427,0.000282173096020466,0.96337890625,"[7,11,13,18,20,26,27,28]",141,0.0033470370654622794,1.1721641091954793,1.0297597734342334,0.171864891342809
F15-ND01 development diagnostic; original F15 result unchanged,v2/work_logs/F15_ND01_v1_run1/evaluation_attempt_1/search_4_evaluation.json,1b308434f23fa8ef4385d1ddbd623db5eec63efd5c6d1eb177999ab1f32ad520,4,1500405,1510695,permuted_cost_corr/budget_1024/frozen_mse,permuted_cost_corr,1024,frozen_mse,1,equal_target,8192,0.031892552727453324,0.0016216418810531953,0.040269614860999045,0.14963377625344254,0.907470703125,0.039149788788104524,1.7912647431366798e-17,0.03914978878810452,0.03914978878810452,,,0.092529296875,0.014353377308446727,0.00031958368631290475,0.964111328125,0.014353377308446727,0.00031958368631290475,0.964111328125,0.14961867045678845,0.02952356690608639,0.5577392578125,"[7,11,13,18,20,26,27,28]",141,0.0033470370654622794,1.1721641091954793,1.0297597734342334,0.171864891342809
F15-ND01 development diagnostic; original F15 result unchanged,v2/work_logs/F15_ND01_v1_run1/evaluation_attempt_1/search_4_evaluation.json,1b308434f23fa8ef4385d1ddbd623db5eec63efd5c6d1eb177999ab1f32ad520,4,1500405,1510695,permuted_cost_corr/budget_1024/frozen_mse,permuted_cost_corr,1024,frozen_mse,1,scale_separating,8192,0.05587933080725909,0.004715298557919203,0.06866803155704408,0.2209055576310277,0.82958984375,0.06895008639478784,0.18812819643501238,0.1412387856138492,,,,0.17041015625,0.013817871986454438,0.0003086416383061722,0.9666748046875,0.16602295174503112,0.03570171995885054,0.529052734375,0.1418202559357981,0.028986850851133394,0.6160888671875,"[7,11,13,18,20,26,27,28]",141,0.0033470370654622794,1.1721641091954793,1.0297597734342334,0.171864891342809
F15-ND01 development diagnostic; original F15 result unchanged,v2/work_logs/F15_ND01_v1_run1/evaluation_attempt_1/search_4_evaluation.json,1b308434f23fa8ef4385d1ddbd623db5eec63efd5c6d1eb177999ab1f32ad520,4,1500405,1510695,permuted_cost_corr/budget_1024/robust,permuted_cost_corr,1024,robust,0,mixed_near,8192,0.038471916712699714,0.0024833999730316386,0.04983372325074295,0.2147488969945323,0.6531982421875,0.05175166206429943,0.1624101649764094,0.1655248424311672,,,,0.3468017578125,0.012782371225776353,0.00026082794669326034,0.998291015625,0.14831254032879476,0.026976839032615607,0.478271484375,0.14881625761842618,0.02701036242330702,0.4891357421875,"[2,8,17,20,23,24,26,27]",752,0.0034829212219285323,1.0160640028728634,1.006238964308247,0.16342764900394813
F15-ND01 development diagnostic; original F15 result unchanged,v2/work_logs/F15_ND01_v1_run1/evaluation_attempt_1/search_4_evaluation.json,1b308434f23fa8ef4385d1ddbd623db5eec63efd5c6d1eb177999ab1f32ad520,4,1500405,1510695,permuted_cost_corr/budget_1024/robust,permuted_cost_corr,1024,robust,0,mixed_far,8192,0.05151152180966536,0.00395651930666571,0.06290086888641293,0.22502556298598247,0.9969482421875,0.0628858240259322,0.16903000072314758,0.15036578392815472,,,,0.0030517578125,0.013772665803905019,0.0003103124224794476,0.9644775390625,0.15083174604217925,0.02948960627122032,0.7781982421875,0.14807061522411447,0.028590994312645907,0.7769775390625,"[2,8,17,20,23,24,26,27]",752,0.0034829212219285323,1.0160640028728634,1.006238964308247,0.16342764900394813
F15-ND01 development diagnostic; original F15 result unchanged,v2/work_logs/F15_ND01_v1_run1/evaluation_attempt_1/search_4_evaluation.json,1b308434f23fa8ef4385d1ddbd623db5eec63efd5c6d1eb177999ab1f32ad520,4,1500405,1510695,permuted_cost_corr/budget_1024/robust,permuted_cost_corr,1024,robust,0,preserve_other,8192,0.039569342610523375,0.0025647947758858486,0.050643802936646144,0.2061183190695966,0.8961181640625,0.053057695087770085,0.16959324633224845,0.16117172534219523,,,,0.1038818359375,0.014397284575557397,0.00031688164570510373,0.9661865234375,0.1513733071310934,0.030083013198370007,0.554931640625,0.014351024200771924,0.0003265947267926525,0.9644775390625,"[2,8,17,20,23,24,26,27]",752,0.0034829212219285323,1.0160640028728634,1.006238964308247,0.16342764900394813
F15-ND01 development diagnostic; original F15 result unchanged,v2/work_logs/F15_ND01_v1_run1/evaluation_attempt_1/search_4_evaluation.json,1b308434f23fa8ef4385d1ddbd623db5eec63efd5c6d1eb177999ab1f32ad520,4,1500405,1510695,permuted_cost_corr/budget_1024/robust,permuted_cost_corr,1024,robust,0,equal_target,8192,0.053803206312490026,0.004531040616422816,0.06731300480904723,0.23138293610100275,0.8426513671875,0.06899636865021887,1.8381623872780074e-17,0.06899636865021887,0.06899636865021887,,,0.1573486328125,0.013016282509996834,0.0002791307861422386,0.9644775390625,0.013016282509996834,0.0002791307861422386,0.9644775390625,0.1486450767540133,0.028775634683346943,0.5413818359375,"[2,8,17,20,23,24,26,27]",752,0.0034829212219285323,1.0160640028728634,1.006238964308247,0.16342764900394813
F15-ND01 development diagnostic; original F15 result unchanged,v2/work_logs/F15_ND01_v1_run1/evaluation_attempt_1/search_4_evaluation.json,1b308434f23fa8ef4385d1ddbd623db5eec63efd5c6d1eb177999ab1f32ad520,4,1500405,1510695,permuted_cost_corr/budget_1024/robust,permuted_cost_corr,1024,robust,0,scale_separating,8192,0.05220971134439225,0.004517836644152085,0.0672148543415225,0.24551314726076923,0.8447265625,0.06917655980816823,0.1877894813460367,0.1907229399602391,,,,0.1552734375,0.014025777914457117,0.00031512726284084534,0.9671630859375,0.16902464039167067,0.03663472391348818,0.5250244140625,0.1418000247011423,0.028873798172309888,0.6072998046875,"[2,8,17,20,23,24,26,27]",752,0.0034829212219285323,1.0160640028728634,1.006238964308247,0.16342764900394813
F15-ND01 development diagnostic; original F15 result unchanged,v2/work_logs/F15_ND01_v1_run1/evaluation_attempt_1/search_4_evaluation.json,1b308434f23fa8ef4385d1ddbd623db5eec63efd5c6d1eb177999ab1f32ad520,4,1500405,1510695,permuted_cost_corr/budget_1024/robust,permuted_cost_corr,1024,robust,1,mixed_near,8192,0.052233702762968445,0.00423286380582419,0.06506046269297652,0.242297607845951,0.594482421875,0.06735926517339585,0.16477554109760745,0.19454970040728323,,,,0.405517578125,0.01310043003685606,0.0002708956406193663,0.998291015625,0.15013786344060748,0.02746641356922014,0.4833984375,0.14965956674925454,0.027453512313091333,0.4810791015625,"[7,14,18,20,23,24,28,29]",15,0.0038742637987590227,1.1278994138159284,1.0334325026972946,0.18522424583672856
F15-ND01 development diagnostic; original F15 result unchanged,v2/work_logs/F15_ND01_v1_run1/evaluation_attempt_1/search_4_evaluation.json,1b308434f23fa8ef4385d1ddbd623db5eec63efd5c6d1eb177999ab1f32ad520,4,1500405,1510695,permuted_cost_corr/budget_1024/robust,permuted_cost_corr,1024,robust,1,mixed_far,8192,0.04574607098515271,0.003258937630686652,0.05708710564292652,0.20785277419884124,0.997802734375,0.05876814770968959,0.1695424770842864,0.16773452900265398,,,,0.002197265625,0.014173920797877436,0.0003226377558857316,0.963134765625,0.1482482425350533,0.028647305851232922,0.781982421875,0.1491271531560298,0.028919034017115097,0.7835693359375,"[7,14,18,20,23,24,28,29]",15,0.0038742637987590227,1.1278994138159284,1.0334325026972946,0.18522424583672856
F15-ND01 development diagnostic; original F15 result unchanged,v2/work_logs/F15_ND01_v1_run1/evaluation_attempt_1/search_4_evaluation.json,1b308434f23fa8ef4385d1ddbd623db5eec63efd5c6d1eb177999ab1f32ad520,4,1500405,1510695,permuted_cost_corr/budget_1024/robust,permuted_cost_corr,1024,robust,1,preserve_other,8192,0.04642248626279222,0.0031325519872344365,0.05596920570487343,0.1833797835949562,0.87646484375,0.056796771081365716,0.1698118231648395,0.16368664170558886,,,,0.12353515625,0.012977125567328761,0.00028027514112903654,0.9644775390625,0.14778164654360415,0.02892109059862956,0.5538330078125,0.013260707474684427,0.000282173096020466,0.96337890625,"[7,14,18,20,23,24,28,29]",15,0.0038742637987590227,1.1278994138159284,1.0334325026972946,0.18522424583672856
F15-ND01 development diagnostic; original F15 result unchanged,v2/work_logs/F15_ND01_v1_run1/evaluation_attempt_1/search_4_evaluation.json,1b308434f23fa8ef4385d1ddbd623db5eec63efd5c6d1eb177999ab1f32ad520,4,1500405,1510695,permuted_cost_corr/budget_1024/robust,permuted_cost_corr,1024,robust,1,equal_target,8192,0.04866396807714658,0.003665261826253873,0.06054140588270042,0.21551105608835786,0.8653564453125,0.06375944843736545,1.7912647431366798e-17,0.06375944843736545,0.06375944843736545,,,0.1346435546875,0.014353377308446727,0.00031958368631290475,0.964111328125,0.014353377308446727,0.00031958368631290475,0.964111328125,0.14961867045678845,0.02952356690608639,0.5577392578125,"[7,14,18,20,23,24,28,29]",15,0.0038742637987590227,1.1278994138159284,1.0334325026972946,0.18522424583672856
F15-ND01 development diagnostic; original F15 result unchanged,v2/work_logs/F15_ND01_v1_run1/evaluation_attempt_1/search_4_evaluation.json,1b308434f23fa8ef4385d1ddbd623db5eec63efd5c6d1eb177999ab1f32ad520,4,1500405,1510695,permuted_cost_corr/budget_1024/robust,permuted_cost_corr,1024,robust,1,scale_separating,8192,0.05056107566052032,0.0038444677671642153,0.0620037722010864,0.21709434907578662,0.8585205078125,0.06346219106640344,0.18812819643501238,0.18830968362302217,,,,0.1414794921875,0.013817871986454438,0.0003086416383061722,0.9666748046875,0.16602295174503112,0.03570171995885054,0.529052734375,0.1418202559357981,0.028986850851133394,0.6160888671875,"[7,14,18,20,23,24,28,29]",15,0.0038742637987590227,1.1278994138159284,1.0334325026972946,0.18522424583672856
F15-ND01 development diagnostic; original F15 result unchanged,v2/work_logs/F15_ND01_v1_run1/evaluation_attempt_1/search_4_evaluation.json,1b308434f23fa8ef4385d1ddbd623db5eec63efd5c6d1eb177999ab1f32ad520,4,1500405,1510695,permuted_cost_corr/budget_128/frozen_mse,permuted_cost_corr,128,frozen_mse,0,mixed_near,8192,0.05972654623323117,0.00535875149328117,0.07320349372319036,0.24102235463657617,0.5772705078125,0.07156751410257274,0.1624101649764094,0.11019186320708704,,,,0.4227294921875,0.012782371225776353,0.00026082794669326034,0.998291015625,0.14831254032879476,0.026976839032615607,0.478271484375,0.14881625761842618,0.02701036242330702,0.4891357421875,"[2,10,11,13,16,17,20,27]",84,0.005402185437828022,1.4712532768492217,1.0120782402302801,0.1952452367366964
F15-ND01 development diagnostic; original F15 result unchanged,v2/work_logs/F15_ND01_v1_run1/evaluation_attempt_1/search_4_evaluation.json,1b308434f23fa8ef4385d1ddbd623db5eec63efd5c6d1eb177999ab1f32ad520,4,1500405,1510695,permuted_cost_corr/budget_128/frozen_mse,permuted_cost_corr,128,frozen_mse,0,mixed_far,8192,0.06271043554048916,0.005559612011275199,0.07456280581680921,0.23435104724184774,0.9913330078125,0.07216490787483318,0.16903000072314758,0.11065333094365891,,,,0.0086669921875,0.013772665803905019,0.0003103124224794476,0.9644775390625,0.15083174604217925,0.02948960627122032,0.7781982421875,0.14807061522411447,0.028590994312645907,0.7769775390625,"[2,10,11,13,16,17,20,27]",84,0.005402185437828022,1.4712532768492217,1.0120782402302801,0.1952452367366964
F15-ND01 development diagnostic; original F15 result unchanged,v2/work_logs/F15_ND01_v1_run1/evaluation_attempt_1/search_4_evaluation.json,1b308434f23fa8ef4385d1ddbd623db5eec63efd5c6d1eb177999ab1f32ad520,4,1500405,1510695,permuted_cost_corr/budget_128/frozen_mse,permuted_cost_corr,128,frozen_mse,0,preserve_other,8192,0.06127983917357764,0.005709100098687788,0.07555858719356648,0.250832273235351,0.83056640625,0.07134256110512838,0.16959324633224845,0.11467250702957864,,,,0.16943359375,0.014397284575557397,0.00031688164570510373,0.9661865234375,0.1513733071310934,0.030083013198370007,0.554931640625,0.014351024200771924,0.0003265947267926525,0.9644775390625,"[2,10,11,13,16,17,20,27]",84,0.005402185437828022,1.4712532768492217,1.0120782402302801,0.1952452367366964
F15-ND01 development diagnostic; original F15 result unchanged,v2/work_logs/F15_ND01_v1_run1/evaluation_attempt_1/search_4_evaluation.json,1b308434f23fa8ef4385d1ddbd623db5eec63efd5c6d1eb177999ab1f32ad520,4,1500405,1510695,permuted_cost_corr/budget_128/frozen_mse,permuted_cost_corr,128,frozen_mse,0,equal_target,8192,0.032807827587329114,0.0016690097434836038,0.04085351568082732,0.13355194771421203,0.9154052734375,0.04057582996534133,1.8381623872780074e-17,0.04057582996534133,0.04057582996534133,,,0.0845947265625,0.013016282509996834,0.0002791307861422386,0.9644775390625,0.013016282509996834,0.0002791307861422386,0.9644775390625,0.1486450767540133,0.028775634683346943,0.5413818359375,"[2,10,11,13,16,17,20,27]",84,0.005402185437828022,1.4712532768492217,1.0120782402302801,0.1952452367366964
F15-ND01 development diagnostic; original F15 result unchanged,v2/work_logs/F15_ND01_v1_run1/evaluation_attempt_1/search_4_evaluation.json,1b308434f23fa8ef4385d1ddbd623db5eec63efd5c6d1eb177999ab1f32ad520,4,1500405,1510695,permuted_cost_corr/budget_128/frozen_mse,permuted_cost_corr,128,frozen_mse,0,scale_separating,8192,0.06823565369142474,0.006630357165816022,0.081427005138443,0.25376516475707966,0.7957763671875,0.07847019449443099,0.1877894813460367,0.12617852860736922,,,,0.2042236328125,0.014025777914457117,0.00031512726284084534,0.9671630859375,0.16902464039167067,0.03663472391348818,0.5250244140625,0.1418000247011423,0.028873798172309888,0.6072998046875,"[2,10,11,13,16,17,20,27]",84,0.005402185437828022,1.4712532768492217,1.0120782402302801,0.1952452367366964
F15-ND01 development diagnostic; original F15 result unchanged,v2/work_logs/F15_ND01_v1_run1/evaluation_attempt_1/search_4_evaluation.json,1b308434f23fa8ef4385d1ddbd623db5eec63efd5c6d1eb177999ab1f32ad520,4,1500405,1510695,permuted_cost_corr/budget_128/frozen_mse,permuted_cost_corr,128,frozen_mse,1,mixed_near,8192,0.052233702762968445,0.00423286380582419,0.06506046269297652,0.242297607845951,0.594482421875,0.06735926517339585,0.16477554109760745,0.19454970040728323,,,,0.405517578125,0.01310043003685606,0.0002708956406193663,0.998291015625,0.15013786344060748,0.02746641356922014,0.4833984375,0.14965956674925454,0.027453512313091333,0.4810791015625,"[7,14,18,20,23,24,28,29]",15,0.0038742637987590227,1.1278994138159284,1.0334325026972946,0.18522424583672856
F15-ND01 development diagnostic; original F15 result unchanged,v2/work_logs/F15_ND01_v1_run1/evaluation_attempt_1/search_4_evaluation.json,1b308434f23fa8ef4385d1ddbd623db5eec63efd5c6d1eb177999ab1f32ad520,4,1500405,1510695,permuted_cost_corr/budget_128/frozen_mse,permuted_cost_corr,128,frozen_mse,1,mixed_far,8192,0.04574607098515271,0.003258937630686652,0.05708710564292652,0.20785277419884124,0.997802734375,0.05876814770968959,0.1695424770842864,0.16773452900265398,,,,0.002197265625,0.014173920797877436,0.0003226377558857316,0.963134765625,0.1482482425350533,0.028647305851232922,0.781982421875,0.1491271531560298,0.028919034017115097,0.7835693359375,"[7,14,18,20,23,24,28,29]",15,0.0038742637987590227,1.1278994138159284,1.0334325026972946,0.18522424583672856
F15-ND01 development diagnostic; original F15 result unchanged,v2/work_logs/F15_ND01_v1_run1/evaluation_attempt_1/search_4_evaluation.json,1b308434f23fa8ef4385d1ddbd623db5eec63efd5c6d1eb177999ab1f32ad520,4,1500405,1510695,permuted_cost_corr/budget_128/frozen_mse,permuted_cost_corr,128,frozen_mse,1,preserve_other,8192,0.04642248626279222,0.0031325519872344365,0.05596920570487343,0.1833797835949562,0.87646484375,0.056796771081365716,0.1698118231648395,0.16368664170558886,,,,0.12353515625,0.012977125567328761,0.00028027514112903654,0.9644775390625,0.14778164654360415,0.02892109059862956,0.5538330078125,0.013260707474684427,0.000282173096020466,0.96337890625,"[7,14,18,20,23,24,28,29]",15,0.0038742637987590227,1.1278994138159284,1.0334325026972946,0.18522424583672856
F15-ND01 development diagnostic; original F15 result unchanged,v2/work_logs/F15_ND01_v1_run1/evaluation_attempt_1/search_4_evaluation.json,1b308434f23fa8ef4385d1ddbd623db5eec63efd5c6d1eb177999ab1f32ad520,4,1500405,1510695,permuted_cost_corr/budget_128/frozen_mse,permuted_cost_corr,128,frozen_mse,1,equal_target,8192,0.04866396807714658,0.003665261826253873,0.06054140588270042,0.21551105608835786,0.8653564453125,0.06375944843736545,1.7912647431366798e-17,0.06375944843736545,0.06375944843736545,,,0.1346435546875,0.014353377308446727,0.00031958368631290475,0.964111328125,0.014353377308446727,0.00031958368631290475,0.964111328125,0.14961867045678845,0.02952356690608639,0.5577392578125,"[7,14,18,20,23,24,28,29]",15,0.0038742637987590227,1.1278994138159284,1.0334325026972946,0.18522424583672856
F15-ND01 development diagnostic; original F15 result unchanged,v2/work_logs/F15_ND01_v1_run1/evaluation_attempt_1/search_4_evaluation.json,1b308434f23fa8ef4385d1ddbd623db5eec63efd5c6d1eb177999ab1f32ad520,4,1500405,1510695,permuted_cost_corr/budget_128/frozen_mse,permuted_cost_corr,128,frozen_mse,1,scale_separating,8192,0.05056107566052032,0.0038444677671642153,0.0620037722010864,0.21709434907578662,0.8585205078125,0.06346219106640344,0.18812819643501238,0.18830968362302217,,,,0.1414794921875,0.013817871986454438,0.0003086416383061722,0.9666748046875,0.16602295174503112,0.03570171995885054,0.529052734375,0.1418202559357981,0.028986850851133394,0.6160888671875,"[7,14,18,20,23,24,28,29]",15,0.0038742637987590227,1.1278994138159284,1.0334325026972946,0.18522424583672856
F15-ND01 development diagnostic; original F15 result unchanged,v2/work_logs/F15_ND01_v1_run1/evaluation_attempt_1/search_4_evaluation.json,1b308434f23fa8ef4385d1ddbd623db5eec63efd5c6d1eb177999ab1f32ad520,4,1500405,1510695,permuted_cost_corr/budget_128/robust,permuted_cost_corr,128,robust,0,mixed_near,8192,0.05972654623323117,0.00535875149328117,0.07320349372319036,0.24102235463657617,0.5772705078125,0.07156751410257274,0.1624101649764094,0.11019186320708704,,,,0.4227294921875,0.012782371225776353,0.00026082794669326034,0.998291015625,0.14831254032879476,0.026976839032615607,0.478271484375,0.14881625761842618,0.02701036242330702,0.4891357421875,"[2,10,11,13,16,17,20,27]",84,0.005402185437828022,1.4712532768492217,1.0120782402302801,0.1952452367366964
F15-ND01 development diagnostic; original F15 result unchanged,v2/work_logs/F15_ND01_v1_run1/evaluation_attempt_1/search_4_evaluation.json,1b308434f23fa8ef4385d1ddbd623db5eec63efd5c6d1eb177999ab1f32ad520,4,1500405,1510695,permuted_cost_corr/budget_128/robust,permuted_cost_corr,128,robust,0,mixed_far,8192,0.06271043554048916,0.005559612011275199,0.07456280581680921,0.23435104724184774,0.9913330078125,0.07216490787483318,0.16903000072314758,0.11065333094365891,,,,0.0086669921875,0.013772665803905019,0.0003103124224794476,0.9644775390625,0.15083174604217925,0.02948960627122032,0.7781982421875,0.14807061522411447,0.028590994312645907,0.7769775390625,"[2,10,11,13,16,17,20,27]",84,0.005402185437828022,1.4712532768492217,1.0120782402302801,0.1952452367366964
F15-ND01 development diagnostic; original F15 result unchanged,v2/work_logs/F15_ND01_v1_run1/evaluation_attempt_1/search_4_evaluation.json,1b308434f23fa8ef4385d1ddbd623db5eec63efd5c6d1eb177999ab1f32ad520,4,1500405,1510695,permuted_cost_corr/budget_128/robust,permuted_cost_corr,128,robust,0,preserve_other,8192,0.06127983917357764,0.005709100098687788,0.07555858719356648,0.250832273235351,0.83056640625,0.07134256110512838,0.16959324633224845,0.11467250702957864,,,,0.16943359375,0.014397284575557397,0.00031688164570510373,0.9661865234375,0.1513733071310934,0.030083013198370007,0.554931640625,0.014351024200771924,0.0003265947267926525,0.9644775390625,"[2,10,11,13,16,17,20,27]",84,0.005402185437828022,1.4712532768492217,1.0120782402302801,0.1952452367366964
F15-ND01 development diagnostic; original F15 result unchanged,v2/work_logs/F15_ND01_v1_run1/evaluation_attempt_1/search_4_evaluation.json,1b308434f23fa8ef4385d1ddbd623db5eec63efd5c6d1eb177999ab1f32ad520,4,1500405,1510695,permuted_cost_corr/budget_128/robust,permuted_cost_corr,128,robust,0,equal_target,8192,0.032807827587329114,0.0016690097434836038,0.04085351568082732,0.13355194771421203,0.9154052734375,0.04057582996534133,1.8381623872780074e-17,0.04057582996534133,0.04057582996534133,,,0.0845947265625,0.013016282509996834,0.0002791307861422386,0.9644775390625,0.013016282509996834,0.0002791307861422386,0.9644775390625,0.1486450767540133,0.028775634683346943,0.5413818359375,"[2,10,11,13,16,17,20,27]",84,0.005402185437828022,1.4712532768492217,1.0120782402302801,0.1952452367366964
F15-ND01 development diagnostic; original F15 result unchanged,v2/work_logs/F15_ND01_v1_run1/evaluation_attempt_1/search_4_evaluation.json,1b308434f23fa8ef4385d1ddbd623db5eec63efd5c6d1eb177999ab1f32ad520,4,1500405,1510695,permuted_cost_corr/budget_128/robust,permuted_cost_corr,128,robust,0,scale_separating,8192,0.06823565369142474,0.006630357165816022,0.081427005138443,0.25376516475707966,0.7957763671875,0.07847019449443099,0.1877894813460367,0.12617852860736922,,,,0.2042236328125,0.014025777914457117,0.00031512726284084534,0.9671630859375,0.16902464039167067,0.03663472391348818,0.5250244140625,0.1418000247011423,0.028873798172309888,0.6072998046875,"[2,10,11,13,16,17,20,27]",84,0.005402185437828022,1.4712532768492217,1.0120782402302801,0.1952452367366964
F15-ND01 development diagnostic; original F15 result unchanged,v2/work_logs/F15_ND01_v1_run1/evaluation_attempt_1/search_4_evaluation.json,1b308434f23fa8ef4385d1ddbd623db5eec63efd5c6d1eb177999ab1f32ad520,4,1500405,1510695,permuted_cost_corr/budget_128/robust,permuted_cost_corr,128,robust,1,mixed_near,8192,0.052233702762968445,0.00423286380582419,0.06506046269297652,0.242297607845951,0.594482421875,0.06735926517339585,0.16477554109760745,0.19454970040728323,,,,0.405517578125,0.01310043003685606,0.0002708956406193663,0.998291015625,0.15013786344060748,0.02746641356922014,0.4833984375,0.14965956674925454,0.027453512313091333,0.4810791015625,"[7,14,18,20,23,24,28,29]",15,0.0038742637987590227,1.1278994138159284,1.0334325026972946,0.18522424583672856
F15-ND01 development diagnostic; original F15 result unchanged,v2/work_logs/F15_ND01_v1_run1/evaluation_attempt_1/search_4_evaluation.json,1b308434f23fa8ef4385d1ddbd623db5eec63efd5c6d1eb177999ab1f32ad520,4,1500405,1510695,permuted_cost_corr/budget_128/robust,permuted_cost_corr,128,robust,1,mixed_far,8192,0.04574607098515271,0.003258937630686652,0.05708710564292652,0.20785277419884124,0.997802734375,0.05876814770968959,0.1695424770842864,0.16773452900265398,,,,0.002197265625,0.014173920797877436,0.0003226377558857316,0.963134765625,0.1482482425350533,0.028647305851232922,0.781982421875,0.1491271531560298,0.028919034017115097,0.7835693359375,"[7,14,18,20,23,24,28,29]",15,0.0038742637987590227,1.1278994138159284,1.0334325026972946,0.18522424583672856
F15-ND01 development diagnostic; original F15 result unchanged,v2/work_logs/F15_ND01_v1_run1/evaluation_attempt_1/search_4_evaluation.json,1b308434f23fa8ef4385d1ddbd623db5eec63efd5c6d1eb177999ab1f32ad520,4,1500405,1510695,permuted_cost_corr/budget_128/robust,permuted_cost_corr,128,robust,1,preserve_other,8192,0.04642248626279222,0.0031325519872344365,0.05596920570487343,0.1833797835949562,0.87646484375,0.056796771081365716,0.1698118231648395,0.16368664170558886,,,,0.12353515625,0.012977125567328761,0.00028027514112903654,0.9644775390625,0.14778164654360415,0.02892109059862956,0.5538330078125,0.013260707474684427,0.000282173096020466,0.96337890625,"[7,14,18,20,23,24,28,29]",15,0.0038742637987590227,1.1278994138159284,1.0334325026972946,0.18522424583672856
F15-ND01 development diagnostic; original F15 result unchanged,v2/work_logs/F15_ND01_v1_run1/evaluation_attempt_1/search_4_evaluation.json,1b308434f23fa8ef4385d1ddbd623db5eec63efd5c6d1eb177999ab1f32ad520,4,1500405,1510695,permuted_cost_corr/budget_128/robust,permuted_cost_corr,128,robust,1,equal_target,8192,0.04866396807714658,0.003665261826253873,0.06054140588270042,0.21551105608835786,0.8653564453125,0.06375944843736545,1.7912647431366798e-17,0.06375944843736545,0.06375944843736545,,,0.1346435546875,0.014353377308446727,0.00031958368631290475,0.964111328125,0.014353377308446727,0.00031958368631290475,0.964111328125,0.14961867045678845,0.02952356690608639,0.5577392578125,"[7,14,18,20,23,24,28,29]",15,0.0038742637987590227,1.1278994138159284,1.0334325026972946,0.18522424583672856
F15-ND01 development diagnostic; original F15 result unchanged,v2/work_logs/F15_ND01_v1_run1/evaluation_attempt_1/search_4_evaluation.json,1b308434f23fa8ef4385d1ddbd623db5eec63efd5c6d1eb177999ab1f32ad520,4,1500405,1510695,permuted_cost_corr/budget_128/robust,permuted_cost_corr,128,robust,1,scale_separating,8192,0.05056107566052032,0.0038444677671642153,0.0620037722010864,0.21709434907578662,0.8585205078125,0.06346219106640344,0.18812819643501238,0.18830968362302217,,,,0.1414794921875,0.013817871986454438,0.0003086416383061722,0.9666748046875,0.16602295174503112,0.03570171995885054,0.529052734375,0.1418202559357981,0.028986850851133394,0.6160888671875,"[7,14,18,20,23,24,28,29]",15,0.0038742637987590227,1.1278994138159284,1.0334325026972946,0.18522424583672856
F15-ND01 development diagnostic; original F15 result unchanged,v2/work_logs/F15_ND01_v1_run1/evaluation_attempt_1/search_4_evaluation.json,1b308434f23fa8ef4385d1ddbd623db5eec63efd5c6d1eb177999ab1f32ad520,4,1500405,1510695,positive_contribution_cov/budget_1024/frozen_mse,positive_contribution_cov,1024,frozen_mse,0,mixed_near,8192,0.025326818287068377,0.0010763046265122311,0.03280708195667867,0.15441141344525477,0.710693359375,0.032283613770747975,0.1624101649764094,0.16368272520836946,,,,0.289306640625,0.012782371225776353,0.00026082794669326034,0.998291015625,0.14831254032879476,0.026976839032615607,0.478271484375,0.14881625761842618,0.02701036242330702,0.4891357421875,"[0,8,17,19,21,24,26,27]",739,0.0013671645274047992,0.6778241257721281,0.17953105596584729,0.10243532990745617
F15-ND01 development diagnostic; original F15 result unchanged,v2/work_logs/F15_ND01_v1_run1/evaluation_attempt_1/search_4_evaluation.json,1b308434f23fa8ef4385d1ddbd623db5eec63efd5c6d1eb177999ab1f32ad520,4,1500405,1510695,positive_contribution_cov/budget_1024/frozen_mse,positive_contribution_cov,1024,frozen_mse,0,mixed_far,8192,0.03541946593456774,0.0018532182938839929,0.04304902198522044,0.146551094067018,1.0,0.04109367764284526,0.16903000072314758,0.15055390944319108,,,,0.0,0.013772665803905019,0.0003103124224794476,0.9644775390625,0.15083174604217925,0.02948960627122032,0.7781982421875,0.14807061522411447,0.028590994312645907,0.7769775390625,"[0,8,17,19,21,24,26,27]",739,0.0013671645274047992,0.6778241257721281,0.17953105596584729,0.10243532990745617
F15-ND01 development diagnostic; original F15 result unchanged,v2/work_logs/F15_ND01_v1_run1/evaluation_attempt_1/search_4_evaluation.json,1b308434f23fa8ef4385d1ddbd623db5eec63efd5c6d1eb177999ab1f32ad520,4,1500405,1510695,positive_contribution_cov/budget_1024/frozen_mse,positive_contribution_cov,1024,frozen_mse,0,preserve_other,8192,0.024638597930933162,0.0010040778342720457,0.03168718722562868,0.13639475337574458,0.939697265625,0.030561846617001266,0.16959324633224845,0.15346908516031774,,,,0.060302734375,0.014397284575557397,0.00031688164570510373,0.9661865234375,0.1513733071310934,0.030083013198370007,0.554931640625,0.014351024200771924,0.0003265947267926525,0.9644775390625,"[0,8,17,19,21,24,26,27]",739,0.0013671645274047992,0.6778241257721281,0.17953105596584729,0.10243532990745617
F15-ND01 development diagnostic; original F15 result unchanged,v2/work_logs/F15_ND01_v1_run1/evaluation_attempt_1/search_4_evaluation.json,1b308434f23fa8ef4385d1ddbd623db5eec63efd5c6d1eb177999ab1f32ad520,4,1500405,1510695,positive_contribution_cov/budget_1024/frozen_mse,positive_contribution_cov,1024,frozen_mse,0,equal_target,8192,0.03043387150960805,0.0014878139515279967,0.03857219142760749,0.13637968232066322,0.918701171875,0.03830411319918189,1.8381623872780074e-17,0.03830411319918189,0.03830411319918189,,,0.081298828125,0.013016282509996834,0.0002791307861422386,0.9644775390625,0.013016282509996834,0.0002791307861422386,0.9644775390625,0.1486450767540133,0.028775634683346943,0.5413818359375,"[0,8,17,19,21,24,26,27]",739,0.0013671645274047992,0.6778241257721281,0.17953105596584729,0.10243532990745617
F15-ND01 development diagnostic; original F15 result unchanged,v2/work_logs/F15_ND01_v1_run1/evaluation_attempt_1/search_4_evaluation.json,1b308434f23fa8ef4385d1ddbd623db5eec63efd5c6d1eb177999ab1f32ad520,4,1500405,1510695,positive_contribution_cov/budget_1024/frozen_mse,positive_contribution_cov,1024,frozen_mse,0,scale_separating,8192,0.03291332030106085,0.0017414759595196611,0.04173099518966281,0.16123672904042619,0.9085693359375,0.0403280587754073,0.1877894813460367,0.1782510217012369,,,,0.0914306640625,0.014025777914457117,0.00031512726284084534,0.9671630859375,0.16902464039167067,0.03663472391348818,0.5250244140625,0.1418000247011423,0.028873798172309888,0.6072998046875,"[0,8,17,19,21,24,26,27]",739,0.0013671645274047992,0.6778241257721281,0.17953105596584729,0.10243532990745617
F15-ND01 development diagnostic; original F15 result unchanged,v2/work_logs/F15_ND01_v1_run1/evaluation_attempt_1/search_4_evaluation.json,1b308434f23fa8ef4385d1ddbd623db5eec63efd5c6d1eb177999ab1f32ad520,4,1500405,1510695,positive_contribution_cov/budget_1024/frozen_mse,positive_contribution_cov,1024,frozen_mse,1,mixed_near,8192,0.03190865864146898,0.0017190256025189565,0.041461133637648605,0.16717384310258904,0.6827392578125,0.043020731006902686,0.16477554109760745,0.1531635871855454,,,,0.3172607421875,0.01310043003685606,0.0002708956406193663,0.998291015625,0.15013786344060748,0.02746641356922014,0.4833984375,0.14965956674925454,0.027453512313091333,0.4810791015625,"[1,4,5,7,13,18,29,30]",903,0.002426807821845141,0.938528119432589,0.14346421473120016,0.1408864888115924
F15-ND01 development diagnostic; original F15 result unchanged,v2/work_logs/F15_ND01_v1_run1/evaluation_attempt_1/search_4_evaluation.json,1b308434f23fa8ef4385d1ddbd623db5eec63efd5c6d1eb177999ab1f32ad520,4,1500405,1510695,positive_contribution_cov/budget_1024/frozen_mse,positive_contribution_cov,1024,frozen_mse,1,mixed_far,8192,0.045998708657370976,0.0029967861506894396,0.05474290959283622,0.20023050694764216,0.9993896484375,0.056371404219053844,0.1695424770842864,0.13982548092913125,,,,0.0006103515625,0.014173920797877436,0.0003226377558857316,0.963134765625,0.1482482425350533,0.028647305851232922,0.781982421875,0.1491271531560298,0.028919034017115097,0.7835693359375,"[1,4,5,7,13,18,29,30]",903,0.002426807821845141,0.938528119432589,0.14346421473120016,0.1408864888115924
F15-ND01 development diagnostic; original F15 result unchanged,v2/work_logs/F15_ND01_v1_run1/evaluation_attempt_1/search_4_evaluation.json,1b308434f23fa8ef4385d1ddbd623db5eec63efd5c6d1eb177999ab1f32ad520,4,1500405,1510695,positive_contribution_cov/budget_1024/frozen_mse,positive_contribution_cov,1024,frozen_mse,1,preserve_other,8192,0.04149208615029673,0.002756000029614197,0.052497619275679516,0.18993893856662253,0.8773193359375,0.05284108748882166,0.1698118231648395,0.13653136068790306,,,,0.1226806640625,0.012977125567328761,0.00028027514112903654,0.9644775390625,0.14778164654360415,0.02892109059862956,0.5538330078125,0.013260707474684427,0.000282173096020466,0.96337890625,"[1,4,5,7,13,18,29,30]",903,0.002426807821845141,0.938528119432589,0.14346421473120016,0.1408864888115924
F15-ND01 development diagnostic; original F15 result unchanged,v2/work_logs/F15_ND01_v1_run1/evaluation_attempt_1/search_4_evaluation.json,1b308434f23fa8ef4385d1ddbd623db5eec63efd5c6d1eb177999ab1f32ad520,4,1500405,1510695,positive_contribution_cov/budget_1024/frozen_mse,positive_contribution_cov,1024,frozen_mse,1,equal_target,8192,0.033830598818088864,0.0018186722239353225,0.04264589340059981,0.15974997904515248,0.90673828125,0.04292250013152299,1.7912647431366798e-17,0.04292250013152299,0.04292250013152299,,,0.09326171875,0.014353377308446727,0.00031958368631290475,0.964111328125,0.014353377308446727,0.00031958368631290475,0.964111328125,0.14961867045678845,0.02952356690608639,0.5577392578125,"[1,4,5,7,13,18,29,30]",903,0.002426807821845141,0.938528119432589,0.14346421473120016,0.1408864888115924
F15-ND01 development diagnostic; original F15 result unchanged,v2/work_logs/F15_ND01_v1_run1/evaluation_attempt_1/search_4_evaluation.json,1b308434f23fa8ef4385d1ddbd623db5eec63efd5c6d1eb177999ab1f32ad520,4,1500405,1510695,positive_contribution_cov/budget_1024/frozen_mse,positive_contribution_cov,1024,frozen_mse,1,scale_separating,8192,0.04496185926231658,0.003185826445814093,0.056443125762258184,0.1970309404597652,0.874755859375,0.056692071491573,0.18812819643501238,0.16083858024735337,,,,0.125244140625,0.013817871986454438,0.0003086416383061722,0.9666748046875,0.16602295174503112,0.03570171995885054,0.529052734375,0.1418202559357981,0.028986850851133394,0.6160888671875,"[1,4,5,7,13,18,29,30]",903,0.002426807821845141,0.938528119432589,0.14346421473120016,0.1408864888115924
F15-ND01 development diagnostic; original F15 result unchanged,v2/work_logs/F15_ND01_v1_run1/evaluation_attempt_1/search_4_evaluation.json,1b308434f23fa8ef4385d1ddbd623db5eec63efd5c6d1eb177999ab1f32ad520,4,1500405,1510695,positive_contribution_cov/budget_1024/robust,positive_contribution_cov,1024,robust,0,mixed_near,8192,0.025326818287068377,0.0010763046265122311,0.03280708195667867,0.15441141344525477,0.710693359375,0.032283613770747975,0.1624101649764094,0.16368272520836946,,,,0.289306640625,0.012782371225776353,0.00026082794669326034,0.998291015625,0.14831254032879476,0.026976839032615607,0.478271484375,0.14881625761842618,0.02701036242330702,0.4891357421875,"[0,8,17,19,21,24,26,27]",739,0.0013671645274047992,0.6778241257721281,0.17953105596584729,0.10243532990745617
F15-ND01 development diagnostic; original F15 result unchanged,v2/work_logs/F15_ND01_v1_run1/evaluation_attempt_1/search_4_evaluation.json,1b308434f23fa8ef4385d1ddbd623db5eec63efd5c6d1eb177999ab1f32ad520,4,1500405,1510695,positive_contribution_cov/budget_1024/robust,positive_contribution_cov,1024,robust,0,mixed_far,8192,0.03541946593456774,0.0018532182938839929,0.04304902198522044,0.146551094067018,1.0,0.04109367764284526,0.16903000072314758,0.15055390944319108,,,,0.0,0.013772665803905019,0.0003103124224794476,0.9644775390625,0.15083174604217925,0.02948960627122032,0.7781982421875,0.14807061522411447,0.028590994312645907,0.7769775390625,"[0,8,17,19,21,24,26,27]",739,0.0013671645274047992,0.6778241257721281,0.17953105596584729,0.10243532990745617
F15-ND01 development diagnostic; original F15 result unchanged,v2/work_logs/F15_ND01_v1_run1/evaluation_attempt_1/search_4_evaluation.json,1b308434f23fa8ef4385d1ddbd623db5eec63efd5c6d1eb177999ab1f32ad520,4,1500405,1510695,positive_contribution_cov/budget_1024/robust,positive_contribution_cov,1024,robust,0,preserve_other,8192,0.024638597930933162,0.0010040778342720457,0.03168718722562868,0.13639475337574458,0.939697265625,0.030561846617001266,0.16959324633224845,0.15346908516031774,,,,0.060302734375,0.014397284575557397,0.00031688164570510373,0.9661865234375,0.1513733071310934,0.030083013198370007,0.554931640625,0.014351024200771924,0.0003265947267926525,0.9644775390625,"[0,8,17,19,21,24,26,27]",739,0.0013671645274047992,0.6778241257721281,0.17953105596584729,0.10243532990745617
F15-ND01 development diagnostic; original F15 result unchanged,v2/work_logs/F15_ND01_v1_run1/evaluation_attempt_1/search_4_evaluation.json,1b308434f23fa8ef4385d1ddbd623db5eec63efd5c6d1eb177999ab1f32ad520,4,1500405,1510695,positive_contribution_cov/budget_1024/robust,positive_contribution_cov,1024,robust,0,equal_target,8192,0.03043387150960805,0.0014878139515279967,0.03857219142760749,0.13637968232066322,0.918701171875,0.03830411319918189,1.8381623872780074e-17,0.03830411319918189,0.03830411319918189,,,0.081298828125,0.013016282509996834,0.0002791307861422386,0.9644775390625,0.013016282509996834,0.0002791307861422386,0.9644775390625,0.1486450767540133,0.028775634683346943,0.5413818359375,"[0,8,17,19,21,24,26,27]",739,0.0013671645274047992,0.6778241257721281,0.17953105596584729,0.10243532990745617
F15-ND01 development diagnostic; original F15 result unchanged,v2/work_logs/F15_ND01_v1_run1/evaluation_attempt_1/search_4_evaluation.json,1b308434f23fa8ef4385d1ddbd623db5eec63efd5c6d1eb177999ab1f32ad520,4,1500405,1510695,positive_contribution_cov/budget_1024/robust,positive_contribution_cov,1024,robust,0,scale_separating,8192,0.03291332030106085,0.0017414759595196611,0.04173099518966281,0.16123672904042619,0.9085693359375,0.0403280587754073,0.1877894813460367,0.1782510217012369,,,,0.0914306640625,0.014025777914457117,0.00031512726284084534,0.9671630859375,0.16902464039167067,0.03663472391348818,0.5250244140625,0.1418000247011423,0.028873798172309888,0.6072998046875,"[0,8,17,19,21,24,26,27]",739,0.0013671645274047992,0.6778241257721281,0.17953105596584729,0.10243532990745617
F15-ND01 development diagnostic; original F15 result unchanged,v2/work_logs/F15_ND01_v1_run1/evaluation_attempt_1/search_4_evaluation.json,1b308434f23fa8ef4385d1ddbd623db5eec63efd5c6d1eb177999ab1f32ad520,4,1500405,1510695,positive_contribution_cov/budget_1024/robust,positive_contribution_cov,1024,robust,1,mixed_near,8192,0.03314490732258695,0.0017821928500599818,0.042216025986110794,0.1747950562375915,0.667236328125,0.04284628376749514,0.16477554109760745,0.1600187556633649,,,,0.332763671875,0.01310043003685606,0.0002708956406193663,0.998291015625,0.15013786344060748,0.02746641356922014,0.4833984375,0.14965956674925454,0.027453512313091333,0.4810791015625,"[3,5,7,9,18,20,29,31]",488,0.002447347123022289,0.9206422898188779,0.16066613216269726,0.13504730946196453
F15-ND01 development diagnostic; original F15 result unchanged,v2/work_logs/F15_ND01_v1_run1/evaluation_attempt_1/search_4_evaluation.json,1b308434f23fa8ef4385d1ddbd623db5eec63efd5c6d1eb177999ab1f32ad520,4,1500405,1510695,positive_contribution_cov/budget_1024/robust,positive_contribution_cov,1024,robust,1,mixed_far,8192,0.040753991953115874,0.0025015292513147244,0.05001529017525265,0.20343866005900085,0.99951171875,0.05052376483144507,0.1695424770842864,0.14158585851891092,,,,0.00048828125,0.014173920797877436,0.0003226377558857316,0.963134765625,0.1482482425350533,0.028647305851232922,0.781982421875,0.1491271531560298,0.028919034017115097,0.7835693359375,"[3,5,7,9,18,20,29,31]",488,0.002447347123022289,0.9206422898188779,0.16066613216269726,0.13504730946196453
F15-ND01 development diagnostic; original F15 result unchanged,v2/work_logs/F15_ND01_v1_run1/evaluation_attempt_1/search_4_evaluation.json,1b308434f23fa8ef4385d1ddbd623db5eec63efd5c6d1eb177999ab1f32ad520,4,1500405,1510695,positive_contribution_cov/budget_1024/robust,positive_contribution_cov,1024,robust,1,preserve_other,8192,0.04474545600742054,0.002919986127088897,0.05403689597940371,0.1708343644174724,0.8687744140625,0.05337194519202602,0.1698118231648395,0.13757045822798358,,,,0.1312255859375,0.012977125567328761,0.00028027514112903654,0.9644775390625,0.14778164654360415,0.02892109059862956,0.5538330078125,0.013260707474684427,0.000282173096020466,0.96337890625,"[3,5,7,9,18,20,29,31]",488,0.002447347123022289,0.9206422898188779,0.16066613216269726,0.13504730946196453
F15-ND01 development diagnostic; original F15 result unchanged,v2/work_logs/F15_ND01_v1_run1/evaluation_attempt_1/search_4_evaluation.json,1b308434f23fa8ef4385d1ddbd623db5eec63efd5c6d1eb177999ab1f32ad520,4,1500405,1510695,positive_contribution_cov/budget_1024/robust,positive_contribution_cov,1024,robust,1,equal_target,8192,0.034468874811704533,0.0019110463575927174,0.043715516210983,0.17055162753939473,0.9010009765625,0.04277521984310465,1.7912647431366798e-17,0.04277521984310465,0.04277521984310465,,,0.0989990234375,0.014353377308446727,0.00031958368631290475,0.964111328125,0.014353377308446727,0.00031958368631290475,0.964111328125,0.14961867045678845,0.02952356690608639,0.5577392578125,"[3,5,7,9,18,20,29,31]",488,0.002447347123022289,0.9206422898188779,0.16066613216269726,0.13504730946196453
F15-ND01 development diagnostic; original F15 result unchanged,v2/work_logs/F15_ND01_v1_run1/evaluation_attempt_1/search_4_evaluation.json,1b308434f23fa8ef4385d1ddbd623db5eec63efd5c6d1eb177999ab1f32ad520,4,1500405,1510695,positive_contribution_cov/budget_1024/robust,positive_contribution_cov,1024,robust,1,scale_separating,8192,0.044100126631706996,0.003107930149033002,0.05574881298317483,0.19218226977636277,0.8734130859375,0.054511846514887725,0.18812819643501238,0.15900052508144438,,,,0.1265869140625,0.013817871986454438,0.0003086416383061722,0.9666748046875,0.16602295174503112,0.03570171995885054,0.529052734375,0.1418202559357981,0.028986850851133394,0.6160888671875,"[3,5,7,9,18,20,29,31]",488,0.002447347123022289,0.9206422898188779,0.16066613216269726,0.13504730946196453
F15-ND01 development diagnostic; original F15 result unchanged,v2/work_logs/F15_ND01_v1_run1/evaluation_attempt_1/search_4_evaluation.json,1b308434f23fa8ef4385d1ddbd623db5eec63efd5c6d1eb177999ab1f32ad520,4,1500405,1510695,positive_contribution_cov/budget_128/frozen_mse,positive_contribution_cov,128,frozen_mse,0,mixed_near,8192,0.02735361078067588,0.0012177950843803467,0.03489692084382728,0.16140877289869515,0.695556640625,0.03529141281735895,0.1624101649764094,0.16690198634300768,,,,0.304443359375,0.012782371225776353,0.00026082794669326034,0.998291015625,0.14831254032879476,0.026976839032615607,0.478271484375,0.14881625761842618,0.02701036242330702,0.4891357421875,"[0,8,10,17,24,25,27,30]",31,0.0014444768442027857,0.78125,0.1791718972262616,0.11160318126009391
F15-ND01 development diagnostic; original F15 result unchanged,v2/work_logs/F15_ND01_v1_run1/evaluation_attempt_1/search_4_evaluation.json,1b308434f23fa8ef4385d1ddbd623db5eec63efd5c6d1eb177999ab1f32ad520,4,1500405,1510695,positive_contribution_cov/budget_128/frozen_mse,positive_contribution_cov,128,frozen_mse,0,mixed_far,8192,0.03400246730256277,0.001862517231975904,0.043156890897930816,0.1646207671923754,1.0,0.04276438682850724,0.16903000072314758,0.15634250328559923,,,,0.0,0.013772665803905019,0.0003103124224794476,0.9644775390625,0.15083174604217925,0.02948960627122032,0.7781982421875,0.14807061522411447,0.028590994312645907,0.7769775390625,"[0,8,10,17,24,25,27,30]",31,0.0014444768442027857,0.78125,0.1791718972262616,0.11160318126009391
F15-ND01 development diagnostic; original F15 result unchanged,v2/work_logs/F15_ND01_v1_run1/evaluation_attempt_1/search_4_evaluation.json,1b308434f23fa8ef4385d1ddbd623db5eec63efd5c6d1eb177999ab1f32ad520,4,1500405,1510695,positive_contribution_cov/budget_128/frozen_mse,positive_contribution_cov,128,frozen_mse,0,preserve_other,8192,0.024291911548062407,0.0009711921037920087,0.031163955201354156,0.14272398592905777,0.93359375,0.031850652661389346,0.16959324633224845,0.15923908962101166,,,,0.06640625,0.014397284575557397,0.00031688164570510373,0.9661865234375,0.1513733071310934,0.030083013198370007,0.554931640625,0.014351024200771924,0.0003265947267926525,0.9644775390625,"[0,8,10,17,24,25,27,30]",31,0.0014444768442027857,0.78125,0.1791718972262616,0.11160318126009391
F15-ND01 development diagnostic; original F15 result unchanged,v2/work_logs/F15_ND01_v1_run1/evaluation_attempt_1/search_4_evaluation.json,1b308434f23fa8ef4385d1ddbd623db5eec63efd5c6d1eb177999ab1f32ad520,4,1500405,1510695,positive_contribution_cov/budget_128/frozen_mse,positive_contribution_cov,128,frozen_mse,0,equal_target,8192,0.03342776614010638,0.001742700599574651,0.04174566563817914,0.1579861732688267,0.908447265625,0.042954002952302735,1.8381623872780074e-17,0.042954002952302735,0.042954002952302735,,,0.091552734375,0.013016282509996834,0.0002791307861422386,0.9644775390625,0.013016282509996834,0.0002791307861422386,0.9644775390625,0.1486450767540133,0.028775634683346943,0.5413818359375,"[0,8,10,17,24,25,27,30]",31,0.0014444768442027857,0.78125,0.1791718972262616,0.11160318126009391
F15-ND01 development diagnostic; original F15 result unchanged,v2/work_logs/F15_ND01_v1_run1/evaluation_attempt_1/search_4_evaluation.json,1b308434f23fa8ef4385d1ddbd623db5eec63efd5c6d1eb177999ab1f32ad520,4,1500405,1510695,positive_contribution_cov/budget_128/frozen_mse,positive_contribution_cov,128,frozen_mse,0,scale_separating,8192,0.03282788061812227,0.0017566769026329402,0.041912729601314924,0.17406372888703436,0.9095458984375,0.042301204943634,0.1877894813460367,0.1857749962198277,,,,0.0904541015625,0.014025777914457117,0.00031512726284084534,0.9671630859375,0.16902464039167067,0.03663472391348818,0.5250244140625,0.1418000247011423,0.028873798172309888,0.6072998046875,"[0,8,10,17,24,25,27,30]",31,0.0014444768442027857,0.78125,0.1791718972262616,0.11160318126009391
F15-ND01 development diagnostic; original F15 result unchanged,v2/work_logs/F15_ND01_v1_run1/evaluation_attempt_1/search_4_evaluation.json,1b308434f23fa8ef4385d1ddbd623db5eec63efd5c6d1eb177999ab1f32ad520,4,1500405,1510695,positive_contribution_cov/budget_128/frozen_mse,positive_contribution_cov,128,frozen_mse,1,mixed_near,8192,0.0457361780739706,0.003172377020283718,0.05632385835757098,0.17717841195425343,0.6156005859375,0.05984412300431255,0.16477554109760745,0.19136362469820667,,,,0.3843994140625,0.01310043003685606,0.0002708956406193663,0.998291015625,0.15013786344060748,0.02746641356922014,0.4833984375,0.14965956674925454,0.027453512313091333,0.4810791015625,"[1,7,13,15,18,20,27,29]",41,0.002559520682227997,0.9821428571428572,0.12403909165832343,0.17087093563526917
F15-ND01 development diagnostic; original F15 result unchanged,v2/work_logs/F15_ND01_v1_run1/evaluation_attempt_1/search_4_evaluation.json,1b308434f23fa8ef4385d1ddbd623db5eec63efd5c6d1eb177999ab1f32ad520,4,1500405,1510695,positive_contribution_cov/budget_128/frozen_mse,positive_contribution_cov,128,frozen_mse,1,mixed_far,8192,0.0454371162034561,0.003188746941765577,0.056468990975274004,0.2310713559561804,0.9984130859375,0.05895712608304855,0.1695424770842864,0.1609100539379479,,,,0.0015869140625,0.014173920797877436,0.0003226377558857316,0.963134765625,0.1482482425350533,0.028647305851232922,0.781982421875,0.1491271531560298,0.028919034017115097,0.7835693359375,"[1,7,13,15,18,20,27,29]",41,0.002559520682227997,0.9821428571428572,0.12403909165832343,0.17087093563526917
F15-ND01 development diagnostic; original F15 result unchanged,v2/work_logs/F15_ND01_v1_run1/evaluation_attempt_1/search_4_evaluation.json,1b308434f23fa8ef4385d1ddbd623db5eec63efd5c6d1eb177999ab1f32ad520,4,1500405,1510695,positive_contribution_cov/budget_128/frozen_mse,positive_contribution_cov,128,frozen_mse,1,preserve_other,8192,0.03462987919217676,0.0018567362570446506,0.04308986257862342,0.15643341907643316,0.9052734375,0.04595988192858268,0.1698118231648395,0.16105159497898247,,,,0.0947265625,0.012977125567328761,0.00028027514112903654,0.9644775390625,0.14778164654360415,0.02892109059862956,0.5538330078125,0.013260707474684427,0.000282173096020466,0.96337890625,"[1,7,13,15,18,20,27,29]",41,0.002559520682227997,0.9821428571428572,0.12403909165832343,0.17087093563526917
F15-ND01 development diagnostic; original F15 result unchanged,v2/work_logs/F15_ND01_v1_run1/evaluation_attempt_1/search_4_evaluation.json,1b308434f23fa8ef4385d1ddbd623db5eec63efd5c6d1eb177999ab1f32ad520,4,1500405,1510695,positive_contribution_cov/budget_128/frozen_mse,positive_contribution_cov,128,frozen_mse,1,equal_target,8192,0.0400849339635646,0.0025863476123664823,0.05085614625948846,0.20741682210878054,0.8787841796875,0.05250997087175792,1.7912647431366798e-17,0.05250997087175792,0.05250997087175792,,,0.1212158203125,0.014353377308446727,0.00031958368631290475,0.964111328125,0.014353377308446727,0.00031958368631290475,0.964111328125,0.14961867045678845,0.02952356690608639,0.5577392578125,"[1,7,13,15,18,20,27,29]",41,0.002559520682227997,0.9821428571428572,0.12403909165832343,0.17087093563526917
F15-ND01 development diagnostic; original F15 result unchanged,v2/work_logs/F15_ND01_v1_run1/evaluation_attempt_1/search_4_evaluation.json,1b308434f23fa8ef4385d1ddbd623db5eec63efd5c6d1eb177999ab1f32ad520,4,1500405,1510695,positive_contribution_cov/budget_128/frozen_mse,positive_contribution_cov,128,frozen_mse,1,scale_separating,8192,0.0436221403141817,0.0029349956500801253,0.05417560013585567,0.19272236718344826,0.8740234375,0.05704112701971842,0.18812819643501238,0.18934864388967687,,,,0.1259765625,0.013817871986454438,0.0003086416383061722,0.9666748046875,0.16602295174503112,0.03570171995885054,0.529052734375,0.1418202559357981,0.028986850851133394,0.6160888671875,"[1,7,13,15,18,20,27,29]",41,0.002559520682227997,0.9821428571428572,0.12403909165832343,0.17087093563526917
F15-ND01 development diagnostic; original F15 result unchanged,v2/work_logs/F15_ND01_v1_run1/evaluation_attempt_1/search_4_evaluation.json,1b308434f23fa8ef4385d1ddbd623db5eec63efd5c6d1eb177999ab1f32ad520,4,1500405,1510695,positive_contribution_cov/budget_128/robust,positive_contribution_cov,128,robust,0,mixed_near,8192,0.02735361078067588,0.0012177950843803467,0.03489692084382728,0.16140877289869515,0.695556640625,0.03529141281735895,0.1624101649764094,0.16690198634300768,,,,0.304443359375,0.012782371225776353,0.00026082794669326034,0.998291015625,0.14831254032879476,0.026976839032615607,0.478271484375,0.14881625761842618,0.02701036242330702,0.4891357421875,"[0,8,10,17,24,25,27,30]",31,0.0014444768442027857,0.78125,0.1791718972262616,0.11160318126009391
F15-ND01 development diagnostic; original F15 result unchanged,v2/work_logs/F15_ND01_v1_run1/evaluation_attempt_1/search_4_evaluation.json,1b308434f23fa8ef4385d1ddbd623db5eec63efd5c6d1eb177999ab1f32ad520,4,1500405,1510695,positive_contribution_cov/budget_128/robust,positive_contribution_cov,128,robust,0,mixed_far,8192,0.03400246730256277,0.001862517231975904,0.043156890897930816,0.1646207671923754,1.0,0.04276438682850724,0.16903000072314758,0.15634250328559923,,,,0.0,0.013772665803905019,0.0003103124224794476,0.9644775390625,0.15083174604217925,0.02948960627122032,0.7781982421875,0.14807061522411447,0.028590994312645907,0.7769775390625,"[0,8,10,17,24,25,27,30]",31,0.0014444768442027857,0.78125,0.1791718972262616,0.11160318126009391
F15-ND01 development diagnostic; original F15 result unchanged,v2/work_logs/F15_ND01_v1_run1/evaluation_attempt_1/search_4_evaluation.json,1b308434f23fa8ef4385d1ddbd623db5eec63efd5c6d1eb177999ab1f32ad520,4,1500405,1510695,positive_contribution_cov/budget_128/robust,positive_contribution_cov,128,robust,0,preserve_other,8192,0.024291911548062407,0.0009711921037920087,0.031163955201354156,0.14272398592905777,0.93359375,0.031850652661389346,0.16959324633224845,0.15923908962101166,,,,0.06640625,0.014397284575557397,0.00031688164570510373,0.9661865234375,0.1513733071310934,0.030083013198370007,0.554931640625,0.014351024200771924,0.0003265947267926525,0.9644775390625,"[0,8,10,17,24,25,27,30]",31,0.0014444768442027857,0.78125,0.1791718972262616,0.11160318126009391
F15-ND01 development diagnostic; original F15 result unchanged,v2/work_logs/F15_ND01_v1_run1/evaluation_attempt_1/search_4_evaluation.json,1b308434f23fa8ef4385d1ddbd623db5eec63efd5c6d1eb177999ab1f32ad520,4,1500405,1510695,positive_contribution_cov/budget_128/robust,positive_contribution_cov,128,robust,0,equal_target,8192,0.03342776614010638,0.001742700599574651,0.04174566563817914,0.1579861732688267,0.908447265625,0.042954002952302735,1.8381623872780074e-17,0.042954002952302735,0.042954002952302735,,,0.091552734375,0.013016282509996834,0.0002791307861422386,0.9644775390625,0.013016282509996834,0.0002791307861422386,0.9644775390625,0.1486450767540133,0.028775634683346943,0.5413818359375,"[0,8,10,17,24,25,27,30]",31,0.0014444768442027857,0.78125,0.1791718972262616,0.11160318126009391
F15-ND01 development diagnostic; original F15 result unchanged,v2/work_logs/F15_ND01_v1_run1/evaluation_attempt_1/search_4_evaluation.json,1b308434f23fa8ef4385d1ddbd623db5eec63efd5c6d1eb177999ab1f32ad520,4,1500405,1510695,positive_contribution_cov/budget_128/robust,positive_contribution_cov,128,robust,0,scale_separating,8192,0.03282788061812227,0.0017566769026329402,0.041912729601314924,0.17406372888703436,0.9095458984375,0.042301204943634,0.1877894813460367,0.1857749962198277,,,,0.0904541015625,0.014025777914457117,0.00031512726284084534,0.9671630859375,0.16902464039167067,0.03663472391348818,0.5250244140625,0.1418000247011423,0.028873798172309888,0.6072998046875,"[0,8,10,17,24,25,27,30]",31,0.0014444768442027857,0.78125,0.1791718972262616,0.11160318126009391
F15-ND01 development diagnostic; original F15 result unchanged,v2/work_logs/F15_ND01_v1_run1/evaluation_attempt_1/search_4_evaluation.json,1b308434f23fa8ef4385d1ddbd623db5eec63efd5c6d1eb177999ab1f32ad520,4,1500405,1510695,positive_contribution_cov/budget_128/robust,positive_contribution_cov,128,robust,1,mixed_near,8192,0.0457361780739706,0.003172377020283718,0.05632385835757098,0.17717841195425343,0.6156005859375,0.05984412300431255,0.16477554109760745,0.19136362469820667,,,,0.3843994140625,0.01310043003685606,0.0002708956406193663,0.998291015625,0.15013786344060748,0.02746641356922014,0.4833984375,0.14965956674925454,0.027453512313091333,0.4810791015625,"[1,7,13,15,18,20,27,29]",41,0.002559520682227997,0.9821428571428572,0.12403909165832343,0.17087093563526917
F15-ND01 development diagnostic; original F15 result unchanged,v2/work_logs/F15_ND01_v1_run1/evaluation_attempt_1/search_4_evaluation.json,1b308434f23fa8ef4385d1ddbd623db5eec63efd5c6d1eb177999ab1f32ad520,4,1500405,1510695,positive_contribution_cov/budget_128/robust,positive_contribution_cov,128,robust,1,mixed_far,8192,0.0454371162034561,0.003188746941765577,0.056468990975274004,0.2310713559561804,0.9984130859375,0.05895712608304855,0.1695424770842864,0.1609100539379479,,,,0.0015869140625,0.014173920797877436,0.0003226377558857316,0.963134765625,0.1482482425350533,0.028647305851232922,0.781982421875,0.1491271531560298,0.028919034017115097,0.7835693359375,"[1,7,13,15,18,20,27,29]",41,0.002559520682227997,0.9821428571428572,0.12403909165832343,0.17087093563526917
F15-ND01 development diagnostic; original F15 result unchanged,v2/work_logs/F15_ND01_v1_run1/evaluation_attempt_1/search_4_evaluation.json,1b308434f23fa8ef4385d1ddbd623db5eec63efd5c6d1eb177999ab1f32ad520,4,1500405,1510695,positive_contribution_cov/budget_128/robust,positive_contribution_cov,128,robust,1,preserve_other,8192,0.03462987919217676,0.0018567362570446506,0.04308986257862342,0.15643341907643316,0.9052734375,0.04595988192858268,0.1698118231648395,0.16105159497898247,,,,0.0947265625,0.012977125567328761,0.00028027514112903654,0.9644775390625,0.14778164654360415,0.02892109059862956,0.5538330078125,0.013260707474684427,0.000282173096020466,0.96337890625,"[1,7,13,15,18,20,27,29]",41,0.002559520682227997,0.9821428571428572,0.12403909165832343,0.17087093563526917
F15-ND01 development diagnostic; original F15 result unchanged,v2/work_logs/F15_ND01_v1_run1/evaluation_attempt_1/search_4_evaluation.json,1b308434f23fa8ef4385d1ddbd623db5eec63efd5c6d1eb177999ab1f32ad520,4,1500405,1510695,positive_contribution_cov/budget_128/robust,positive_contribution_cov,128,robust,1,equal_target,8192,0.0400849339635646,0.0025863476123664823,0.05085614625948846,0.20741682210878054,0.8787841796875,0.05250997087175792,1.7912647431366798e-17,0.05250997087175792,0.05250997087175792,,,0.1212158203125,0.014353377308446727,0.00031958368631290475,0.964111328125,0.014353377308446727,0.00031958368631290475,0.964111328125,0.14961867045678845,0.02952356690608639,0.5577392578125,"[1,7,13,15,18,20,27,29]",41,0.002559520682227997,0.9821428571428572,0.12403909165832343,0.17087093563526917
F15-ND01 development diagnostic; original F15 result unchanged,v2/work_logs/F15_ND01_v1_run1/evaluation_attempt_1/search_4_evaluation.json,1b308434f23fa8ef4385d1ddbd623db5eec63efd5c6d1eb177999ab1f32ad520,4,1500405,1510695,positive_contribution_cov/budget_128/robust,positive_contribution_cov,128,robust,1,scale_separating,8192,0.0436221403141817,0.0029349956500801253,0.05417560013585567,0.19272236718344826,0.8740234375,0.05704112701971842,0.18812819643501238,0.18934864388967687,,,,0.1259765625,0.013817871986454438,0.0003086416383061722,0.9666748046875,0.16602295174503112,0.03570171995885054,0.529052734375,0.1418202559357981,0.028986850851133394,0.6160888671875,"[1,7,13,15,18,20,27,29]",41,0.002559520682227997,0.9821428571428572,0.12403909165832343,0.17087093563526917
F15-ND01 development diagnostic; original F15 result unchanged,v2/work_logs/F15_ND01_v1_run1/evaluation_attempt_1/search_4_evaluation.json,1b308434f23fa8ef4385d1ddbd623db5eec63efd5c6d1eb177999ab1f32ad520,4,1500405,1510695,uniform/budget_1024/frozen_mse,uniform,1024,frozen_mse,0,mixed_near,8192,0.03600677079720711,0.0020680617594482226,0.04547594704289535,0.16816291244380133,0.6541748046875,0.04576512588479567,0.1624101649764094,0.13961751510871356,,,,0.3458251953125,0.012782371225776353,0.00026082794669326034,0.998291015625,0.14831254032879476,0.026976839032615607,0.478271484375,0.14881625761842618,0.02701036242330702,0.4891357421875,"[0,8,15,16,17,22,24,27]",335,0.002234934063489949,1.0044642857142858,0.18112917326874842,0.13991758464412954
F15-ND01 development diagnostic; original F15 result unchanged,v2/work_logs/F15_ND01_v1_run1/evaluation_attempt_1/search_4_evaluation.json,1b308434f23fa8ef4385d1ddbd623db5eec63efd5c6d1eb177999ab1f32ad520,4,1500405,1510695,uniform/budget_1024/frozen_mse,uniform,1024,frozen_mse,0,mixed_far,8192,0.043366744412563704,0.0028443599862335443,0.05333254153172849,0.19691901747916812,0.9991455078125,0.05208061867889505,0.16903000072314758,0.13888175220192928,,,,0.0008544921875,0.013772665803905019,0.0003103124224794476,0.9644775390625,0.15083174604217925,0.02948960627122032,0.7781982421875,0.14807061522411447,0.028590994312645907,0.7769775390625,"[0,8,15,16,17,22,24,27]",335,0.002234934063489949,1.0044642857142858,0.18112917326874842,0.13991758464412954
F15-ND01 development diagnostic; original F15 result unchanged,v2/work_logs/F15_ND01_v1_run1/evaluation_attempt_1/search_4_evaluation.json,1b308434f23fa8ef4385d1ddbd623db5eec63efd5c6d1eb177999ab1f32ad520,4,1500405,1510695,uniform/budget_1024/frozen_mse,uniform,1024,frozen_mse,0,preserve_other,8192,0.03610193015864191,0.0020927195613078013,0.045746251882616586,0.18966634264186538,0.9036865234375,0.046299784375228144,0.16959324633224845,0.14669182756495405,,,,0.0963134765625,0.014397284575557397,0.00031688164570510373,0.9661865234375,0.1513733071310934,0.030083013198370007,0.554931640625,0.014351024200771924,0.0003265947267926525,0.9644775390625,"[0,8,15,16,17,22,24,27]",335,0.002234934063489949,1.0044642857142858,0.18112917326874842,0.13991758464412954
F15-ND01 development diagnostic; original F15 result unchanged,v2/work_logs/F15_ND01_v1_run1/evaluation_attempt_1/search_4_evaluation.json,1b308434f23fa8ef4385d1ddbd623db5eec63efd5c6d1eb177999ab1f32ad520,4,1500405,1510695,uniform/budget_1024/frozen_mse,uniform,1024,frozen_mse,0,equal_target,8192,0.032723449921353356,0.0016426244779496886,0.04052930394109537,0.13086262173952912,0.90966796875,0.041228817931325754,1.8381623872780074e-17,0.041228817931325754,0.041228817931325754,,,0.09033203125,0.013016282509996834,0.0002791307861422386,0.9644775390625,0.013016282509996834,0.0002791307861422386,0.9644775390625,0.1486450767540133,0.028775634683346943,0.5413818359375,"[0,8,15,16,17,22,24,27]",335,0.002234934063489949,1.0044642857142858,0.18112917326874842,0.13991758464412954
F15-ND01 development diagnostic; original F15 result unchanged,v2/work_logs/F15_ND01_v1_run1/evaluation_attempt_1/search_4_evaluation.json,1b308434f23fa8ef4385d1ddbd623db5eec63efd5c6d1eb177999ab1f32ad520,4,1500405,1510695,uniform/budget_1024/frozen_mse,uniform,1024,frozen_mse,0,scale_separating,8192,0.039956039895080966,0.0025562867167549363,0.05055973414442501,0.18432947377482178,0.8798828125,0.050343493869084814,0.1877894813460367,0.16446487744774596,,,,0.1201171875,0.014025777914457117,0.00031512726284084534,0.9671630859375,0.16902464039167067,0.03663472391348818,0.5250244140625,0.1418000247011423,0.028873798172309888,0.6072998046875,"[0,8,15,16,17,22,24,27]",335,0.002234934063489949,1.0044642857142858,0.18112917326874842,0.13991758464412954
F15-ND01 development diagnostic; original F15 result unchanged,v2/work_logs/F15_ND01_v1_run1/evaluation_attempt_1/search_4_evaluation.json,1b308434f23fa8ef4385d1ddbd623db5eec63efd5c6d1eb177999ab1f32ad520,4,1500405,1510695,uniform/budget_1024/frozen_mse,uniform,1024,frozen_mse,1,mixed_near,8192,0.02900668468679307,0.0014003911613524158,0.03742180061611702,0.15441622466340382,0.6927490234375,0.03863934580980356,0.16477554109760745,0.15724510919612192,,,,0.3072509765625,0.01310043003685606,0.0002708956406193663,0.998291015625,0.15013786344060748,0.02746641356922014,0.4833984375,0.14965956674925454,0.027453512313091333,0.4810791015625,"[4,5,7,9,12,18,20,29]",253,0.001935558233168138,0.8482142857142858,0.17821283988825995,0.12264106745353516
F15-ND01 development diagnostic; original F15 result unchanged,v2/work_logs/F15_ND01_v1_run1/evaluation_attempt_1/search_4_evaluation.json,1b308434f23fa8ef4385d1ddbd623db5eec63efd5c6d1eb177999ab1f32ad520,4,1500405,1510695,uniform/budget_1024/frozen_mse,uniform,1024,frozen_mse,1,mixed_far,8192,0.03698097968094828,0.0020639358431637214,0.04543056067410704,0.19007162691762097,0.999755859375,0.04648100637006195,0.1695424770842864,0.14265690927393432,,,,0.000244140625,0.014173920797877436,0.0003226377558857316,0.963134765625,0.1482482425350533,0.028647305851232922,0.781982421875,0.1491271531560298,0.028919034017115097,0.7835693359375,"[4,5,7,9,12,18,20,29]",253,0.001935558233168138,0.8482142857142858,0.17821283988825995,0.12264106745353516
F15-ND01 development diagnostic; original F15 result unchanged,v2/work_logs/F15_ND01_v1_run1/evaluation_attempt_1/search_4_evaluation.json,1b308434f23fa8ef4385d1ddbd623db5eec63efd5c6d1eb177999ab1f32ad520,4,1500405,1510695,uniform/budget_1024/frozen_mse,uniform,1024,frozen_mse,1,preserve_other,8192,0.03895446721501575,0.002327136992040904,0.048240408290570094,0.16622178574529173,0.8868408203125,0.047911565224783355,0.1698118231648395,0.1401901088342727,,,,0.1131591796875,0.012977125567328761,0.00028027514112903654,0.9644775390625,0.14778164654360415,0.02892109059862956,0.5538330078125,0.013260707474684427,0.000282173096020466,0.96337890625,"[4,5,7,9,12,18,20,29]",253,0.001935558233168138,0.8482142857142858,0.17821283988825995,0.12264106745353516
F15-ND01 development diagnostic; original F15 result unchanged,v2/work_logs/F15_ND01_v1_run1/evaluation_attempt_1/search_4_evaluation.json,1b308434f23fa8ef4385d1ddbd623db5eec63efd5c6d1eb177999ab1f32ad520,4,1500405,1510695,uniform/budget_1024/frozen_mse,uniform,1024,frozen_mse,1,equal_target,8192,0.02997900032569939,0.001460356413369135,0.03821460994657848,0.15349126093827298,0.9129638671875,0.03807867036281746,1.7912647431366798e-17,0.03807867036281746,0.03807867036281746,,,0.0870361328125,0.014353377308446727,0.00031958368631290475,0.964111328125,0.014353377308446727,0.00031958368631290475,0.964111328125,0.14961867045678845,0.02952356690608639,0.5577392578125,"[4,5,7,9,12,18,20,29]",253,0.001935558233168138,0.8482142857142858,0.17821283988825995,0.12264106745353516
F15-ND01 development diagnostic; original F15 result unchanged,v2/work_logs/F15_ND01_v1_run1/evaluation_attempt_1/search_4_evaluation.json,1b308434f23fa8ef4385d1ddbd623db5eec63efd5c6d1eb177999ab1f32ad520,4,1500405,1510695,uniform/budget_1024/frozen_mse,uniform,1024,frozen_mse,1,scale_separating,8192,0.039265537389515145,0.0024903476325139158,0.04990338297664714,0.18527393755995647,0.892578125,0.04926915202379414,0.18812819643501238,0.16119455821673265,,,,0.107421875,0.013817871986454438,0.0003086416383061722,0.9666748046875,0.16602295174503112,0.03570171995885054,0.529052734375,0.1418202559357981,0.028986850851133394,0.6160888671875,"[4,5,7,9,12,18,20,29]",253,0.001935558233168138,0.8482142857142858,0.17821283988825995,0.12264106745353516
F15-ND01 development diagnostic; original F15 result unchanged,v2/work_logs/F15_ND01_v1_run1/evaluation_attempt_1/search_4_evaluation.json,1b308434f23fa8ef4385d1ddbd623db5eec63efd5c6d1eb177999ab1f32ad520,4,1500405,1510695,uniform/budget_1024/robust,uniform,1024,robust,0,mixed_near,8192,0.03201654195611378,0.0016930345203868807,0.04114650070646204,0.16239518108623674,0.67236328125,0.04107266117859564,0.1624101649764094,0.14751318096979654,,,,0.32763671875,0.012782371225776353,0.00026082794669326034,0.998291015625,0.14831254032879476,0.026976839032615607,0.478271484375,0.14881625761842618,0.02701036242330702,0.4891357421875,"[2,8,11,17,21,24,26,27]",610,0.002522044655075911,0.9239154814846617,0.19407335676510984,0.1350100710238676
F15-ND01 development diagnostic; original F15 result unchanged,v2/work_logs/F15_ND01_v1_run1/evaluation_attempt_1/search_4_evaluation.json,1b308434f23fa8ef4385d1ddbd623db5eec63efd5c6d1eb177999ab1f32ad520,4,1500405,1510695,uniform/budget_1024/robust,uniform,1024,robust,0,mixed_far,8192,0.04833911097076698,0.0033445363139921946,0.05783196619510869,0.2141410182768801,0.999755859375,0.05553464246617102,0.16903000072314758,0.1332131242134212,,,,0.000244140625,0.013772665803905019,0.0003103124224794476,0.9644775390625,0.15083174604217925,0.02948960627122032,0.7781982421875,0.14807061522411447,0.028590994312645907,0.7769775390625,"[2,8,11,17,21,24,26,27]",610,0.002522044655075911,0.9239154814846617,0.19407335676510984,0.1350100710238676
F15-ND01 development diagnostic; original F15 result unchanged,v2/work_logs/F15_ND01_v1_run1/evaluation_attempt_1/search_4_evaluation.json,1b308434f23fa8ef4385d1ddbd623db5eec63efd5c6d1eb177999ab1f32ad520,4,1500405,1510695,uniform/budget_1024/robust,uniform,1024,robust,0,preserve_other,8192,0.03653071261221987,0.0021317731775706266,0.046171129264624085,0.16988285576709633,0.90185546875,0.04411402889536868,0.16959324633224845,0.13805686947344042,,,,0.09814453125,0.014397284575557397,0.00031688164570510373,0.9661865234375,0.1513733071310934,0.030083013198370007,0.554931640625,0.014351024200771924,0.0003265947267926525,0.9644775390625,"[2,8,11,17,21,24,26,27]",610,0.002522044655075911,0.9239154814846617,0.19407335676510984,0.1350100710238676
F15-ND01 development diagnostic; original F15 result unchanged,v2/work_logs/F15_ND01_v1_run1/evaluation_attempt_1/search_4_evaluation.json,1b308434f23fa8ef4385d1ddbd623db5eec63efd5c6d1eb177999ab1f32ad520,4,1500405,1510695,uniform/budget_1024/robust,uniform,1024,robust,0,equal_target,8192,0.034192553240122145,0.001791945128396753,0.042331372862178154,0.1550859135542474,0.9080810546875,0.0425112311767459,1.8381623872780074e-17,0.0425112311767459,0.0425112311767459,,,0.0919189453125,0.013016282509996834,0.0002791307861422386,0.9644775390625,0.013016282509996834,0.0002791307861422386,0.9644775390625,0.1486450767540133,0.028775634683346943,0.5413818359375,"[2,8,11,17,21,24,26,27]",610,0.002522044655075911,0.9239154814846617,0.19407335676510984,0.1350100710238676
F15-ND01 development diagnostic; original F15 result unchanged,v2/work_logs/F15_ND01_v1_run1/evaluation_attempt_1/search_4_evaluation.json,1b308434f23fa8ef4385d1ddbd623db5eec63efd5c6d1eb177999ab1f32ad520,4,1500405,1510695,uniform/budget_1024/robust,uniform,1024,robust,0,scale_separating,8192,0.044763566304261884,0.003043437840939105,0.05516736209879085,0.1796778270292788,0.865966796875,0.05352522300916523,0.1877894813460367,0.15985813440289992,,,,0.134033203125,0.014025777914457117,0.00031512726284084534,0.9671630859375,0.16902464039167067,0.03663472391348818,0.5250244140625,0.1418000247011423,0.028873798172309888,0.6072998046875,"[2,8,11,17,21,24,26,27]",610,0.002522044655075911,0.9239154814846617,0.19407335676510984,0.1350100710238676
F15-ND01 development diagnostic; original F15 result unchanged,v2/work_logs/F15_ND01_v1_run1/evaluation_attempt_1/search_4_evaluation.json,1b308434f23fa8ef4385d1ddbd623db5eec63efd5c6d1eb177999ab1f32ad520,4,1500405,1510695,uniform/budget_1024/robust,uniform,1024,robust,1,mixed_near,8192,0.02900668468679307,0.0014003911613524158,0.03742180061611702,0.15441622466340382,0.6927490234375,0.03863934580980356,0.16477554109760745,0.15724510919612192,,,,0.3072509765625,0.01310043003685606,0.0002708956406193663,0.998291015625,0.15013786344060748,0.02746641356922014,0.4833984375,0.14965956674925454,0.027453512313091333,0.4810791015625,"[4,5,7,9,12,18,20,29]",253,0.001935558233168138,0.8482142857142858,0.17821283988825995,0.12264106745353516
F15-ND01 development diagnostic; original F15 result unchanged,v2/work_logs/F15_ND01_v1_run1/evaluation_attempt_1/search_4_evaluation.json,1b308434f23fa8ef4385d1ddbd623db5eec63efd5c6d1eb177999ab1f32ad520,4,1500405,1510695,uniform/budget_1024/robust,uniform,1024,robust,1,mixed_far,8192,0.03698097968094828,0.0020639358431637214,0.04543056067410704,0.19007162691762097,0.999755859375,0.04648100637006195,0.1695424770842864,0.14265690927393432,,,,0.000244140625,0.014173920797877436,0.0003226377558857316,0.963134765625,0.1482482425350533,0.028647305851232922,0.781982421875,0.1491271531560298,0.028919034017115097,0.7835693359375,"[4,5,7,9,12,18,20,29]",253,0.001935558233168138,0.8482142857142858,0.17821283988825995,0.12264106745353516
F15-ND01 development diagnostic; original F15 result unchanged,v2/work_logs/F15_ND01_v1_run1/evaluation_attempt_1/search_4_evaluation.json,1b308434f23fa8ef4385d1ddbd623db5eec63efd5c6d1eb177999ab1f32ad520,4,1500405,1510695,uniform/budget_1024/robust,uniform,1024,robust,1,preserve_other,8192,0.03895446721501575,0.002327136992040904,0.048240408290570094,0.16622178574529173,0.8868408203125,0.047911565224783355,0.1698118231648395,0.1401901088342727,,,,0.1131591796875,0.012977125567328761,0.00028027514112903654,0.9644775390625,0.14778164654360415,0.02892109059862956,0.5538330078125,0.013260707474684427,0.000282173096020466,0.96337890625,"[4,5,7,9,12,18,20,29]",253,0.001935558233168138,0.8482142857142858,0.17821283988825995,0.12264106745353516
F15-ND01 development diagnostic; original F15 result unchanged,v2/work_logs/F15_ND01_v1_run1/evaluation_attempt_1/search_4_evaluation.json,1b308434f23fa8ef4385d1ddbd623db5eec63efd5c6d1eb177999ab1f32ad520,4,1500405,1510695,uniform/budget_1024/robust,uniform,1024,robust,1,equal_target,8192,0.02997900032569939,0.001460356413369135,0.03821460994657848,0.15349126093827298,0.9129638671875,0.03807867036281746,1.7912647431366798e-17,0.03807867036281746,0.03807867036281746,,,0.0870361328125,0.014353377308446727,0.00031958368631290475,0.964111328125,0.014353377308446727,0.00031958368631290475,0.964111328125,0.14961867045678845,0.02952356690608639,0.5577392578125,"[4,5,7,9,12,18,20,29]",253,0.001935558233168138,0.8482142857142858,0.17821283988825995,0.12264106745353516
F15-ND01 development diagnostic; original F15 result unchanged,v2/work_logs/F15_ND01_v1_run1/evaluation_attempt_1/search_4_evaluation.json,1b308434f23fa8ef4385d1ddbd623db5eec63efd5c6d1eb177999ab1f32ad520,4,1500405,1510695,uniform/budget_1024/robust,uniform,1024,robust,1,scale_separating,8192,0.039265537389515145,0.0024903476325139158,0.04990338297664714,0.18527393755995647,0.892578125,0.04926915202379414,0.18812819643501238,0.16119455821673265,,,,0.107421875,0.013817871986454438,0.0003086416383061722,0.9666748046875,0.16602295174503112,0.03570171995885054,0.529052734375,0.1418202559357981,0.028986850851133394,0.6160888671875,"[4,5,7,9,12,18,20,29]",253,0.001935558233168138,0.8482142857142858,0.17821283988825995,0.12264106745353516
F15-ND01 development diagnostic; original F15 result unchanged,v2/work_logs/F15_ND01_v1_run1/evaluation_attempt_1/search_4_evaluation.json,1b308434f23fa8ef4385d1ddbd623db5eec63efd5c6d1eb177999ab1f32ad520,4,1500405,1510695,uniform/budget_128/frozen_mse,uniform,128,frozen_mse,0,mixed_near,8192,0.04648094963152817,0.003174877737725375,0.05634605343522628,0.20805763254997078,0.613037109375,0.054800753317944324,0.1624101649764094,0.13284606830716053,,,,0.386962890625,0.012782371225776353,0.00026082794669326034,0.998291015625,0.14831254032879476,0.026976839032615607,0.478271484375,0.14881625761842618,0.02701036242330702,0.4891357421875,"[0,1,2,9,17,24,26,30]",103,0.003056630496240417,1.0044642857142858,0.2902983527757101,0.15336203754480562
F15-ND01 development diagnostic; original F15 result unchanged,v2/work_logs/F15_ND01_v1_run1/evaluation_attempt_1/search_4_evaluation.json,1b308434f23fa8ef4385d1ddbd623db5eec63efd5c6d1eb177999ab1f32ad520,4,1500405,1510695,uniform/budget_128/frozen_mse,uniform,128,frozen_mse,0,mixed_far,8192,0.046045247018979926,0.003148537637847578,0.056111831531750755,0.1746699688046205,0.9998779296875,0.05394514805710927,0.16903000072314758,0.13635024393297118,,,,0.0001220703125,0.013772665803905019,0.0003103124224794476,0.9644775390625,0.15083174604217925,0.02948960627122032,0.7781982421875,0.14807061522411447,0.028590994312645907,0.7769775390625,"[0,1,2,9,17,24,26,30]",103,0.003056630496240417,1.0044642857142858,0.2902983527757101,0.15336203754480562
F15-ND01 development diagnostic; original F15 result unchanged,v2/work_logs/F15_ND01_v1_run1/evaluation_attempt_1/search_4_evaluation.json,1b308434f23fa8ef4385d1ddbd623db5eec63efd5c6d1eb177999ab1f32ad520,4,1500405,1510695,uniform/budget_128/frozen_mse,uniform,128,frozen_mse,0,preserve_other,8192,0.04431296160255907,0.002895157001871826,0.053806663173549665,0.17208284208374475,0.8760986328125,0.05280539468208525,0.16959324633224845,0.1420977906798065,,,,0.1239013671875,0.014397284575557397,0.00031688164570510373,0.9661865234375,0.1513733071310934,0.030083013198370007,0.554931640625,0.014351024200771924,0.0003265947267926525,0.9644775390625,"[0,1,2,9,17,24,26,30]",103,0.003056630496240417,1.0044642857142858,0.2902983527757101,0.15336203754480562
F15-ND01 development diagnostic; original F15 result unchanged,v2/work_logs/F15_ND01_v1_run1/evaluation_attempt_1/search_4_evaluation.json,1b308434f23fa8ef4385d1ddbd623db5eec63efd5c6d1eb177999ab1f32ad520,4,1500405,1510695,uniform/budget_128/frozen_mse,uniform,128,frozen_mse,0,equal_target,8192,0.036412574844468484,0.00206706949296984,0.04546503593938797,0.1602407950902332,0.9051513671875,0.04458061858647728,1.8381623872780074e-17,0.04458061858647728,0.04458061858647728,,,0.0948486328125,0.013016282509996834,0.0002791307861422386,0.9644775390625,0.013016282509996834,0.0002791307861422386,0.9644775390625,0.1486450767540133,0.028775634683346943,0.5413818359375,"[0,1,2,9,17,24,26,30]",103,0.003056630496240417,1.0044642857142858,0.2902983527757101,0.15336203754480562
F15-ND01 development diagnostic; original F15 result unchanged,v2/work_logs/F15_ND01_v1_run1/evaluation_attempt_1/search_4_evaluation.json,1b308434f23fa8ef4385d1ddbd623db5eec63efd5c6d1eb177999ab1f32ad520,4,1500405,1510695,uniform/budget_128/frozen_mse,uniform,128,frozen_mse,0,scale_separating,8192,0.04757686121941353,0.0034455348775250566,0.0586986786693283,0.20004027210274428,0.857666015625,0.05705939857340994,0.1877894813460367,0.16148572723309795,,,,0.142333984375,0.014025777914457117,0.00031512726284084534,0.9671630859375,0.16902464039167067,0.03663472391348818,0.5250244140625,0.1418000247011423,0.028873798172309888,0.6072998046875,"[0,1,2,9,17,24,26,30]",103,0.003056630496240417,1.0044642857142858,0.2902983527757101,0.15336203754480562
F15-ND01 development diagnostic; original F15 result unchanged,v2/work_logs/F15_ND01_v1_run1/evaluation_attempt_1/search_4_evaluation.json,1b308434f23fa8ef4385d1ddbd623db5eec63efd5c6d1eb177999ab1f32ad520,4,1500405,1510695,uniform/budget_128/frozen_mse,uniform,128,frozen_mse,1,mixed_near,8192,0.05647431827593993,0.004829183839375518,0.06949232935637946,0.21449930341909806,0.59423828125,0.07106813108166585,0.16477554109760745,0.1823233217774314,,,,0.40576171875,0.01310043003685606,0.0002708956406193663,0.998291015625,0.15013786344060748,0.02746641356922014,0.4833984375,0.14965956674925454,0.027453512313091333,0.4810791015625,"[4,7,14,20,21,23,27,29]",38,0.004959085053941062,1.2744538888518182,0.21348942276928207,0.21390647918967332
F15-ND01 development diagnostic; original F15 result unchanged,v2/work_logs/F15_ND01_v1_run1/evaluation_attempt_1/search_4_evaluation.json,1b308434f23fa8ef4385d1ddbd623db5eec63efd5c6d1eb177999ab1f32ad520,4,1500405,1510695,uniform/budget_128/frozen_mse,uniform,128,frozen_mse,1,mixed_far,8192,0.05669611646954269,0.005025021879416491,0.07088738871912613,0.275450708737394,0.99267578125,0.07169890563329988,0.1695424770842864,0.15063059210748858,,,,0.00732421875,0.014173920797877436,0.0003226377558857316,0.963134765625,0.1482482425350533,0.028647305851232922,0.781982421875,0.1491271531560298,0.028919034017115097,0.7835693359375,"[4,7,14,20,21,23,27,29]",38,0.004959085053941062,1.2744538888518182,0.21348942276928207,0.21390647918967332
F15-ND01 development diagnostic; original F15 result unchanged,v2/work_logs/F15_ND01_v1_run1/evaluation_attempt_1/search_4_evaluation.json,1b308434f23fa8ef4385d1ddbd623db5eec63efd5c6d1eb177999ab1f32ad520,4,1500405,1510695,uniform/budget_128/frozen_mse,uniform,128,frozen_mse,1,preserve_other,8192,0.06310802063548804,0.005639351522816714,0.07509561586948145,0.22488647494879116,0.8232421875,0.07544620030914935,0.1698118231648395,0.14653378075907664,,,,0.1767578125,0.012977125567328761,0.00028027514112903654,0.9644775390625,0.14778164654360415,0.02892109059862956,0.5538330078125,0.013260707474684427,0.000282173096020466,0.96337890625,"[4,7,14,20,21,23,27,29]",38,0.004959085053941062,1.2744538888518182,0.21348942276928207,0.21390647918967332
F15-ND01 development diagnostic; original F15 result unchanged,v2/work_logs/F15_ND01_v1_run1/evaluation_attempt_1/search_4_evaluation.json,1b308434f23fa8ef4385d1ddbd623db5eec63efd5c6d1eb177999ab1f32ad520,4,1500405,1510695,uniform/budget_128/frozen_mse,uniform,128,frozen_mse,1,equal_target,8192,0.05426248755251975,0.004671257557766247,0.06834659872858523,0.24017426154699995,0.84765625,0.06739305778667143,1.7912647431366798e-17,0.06739305778667143,0.06739305778667143,,,0.15234375,0.014353377308446727,0.00031958368631290475,0.964111328125,0.014353377308446727,0.00031958368631290475,0.964111328125,0.14961867045678845,0.02952356690608639,0.5577392578125,"[4,7,14,20,21,23,27,29]",38,0.004959085053941062,1.2744538888518182,0.21348942276928207,0.21390647918967332
F15-ND01 development diagnostic; original F15 result unchanged,v2/work_logs/F15_ND01_v1_run1/evaluation_attempt_1/search_4_evaluation.json,1b308434f23fa8ef4385d1ddbd623db5eec63efd5c6d1eb177999ab1f32ad520,4,1500405,1510695,uniform/budget_128/frozen_mse,uniform,128,frozen_mse,1,scale_separating,8192,0.06136473750154557,0.005830647243157633,0.07635867496989214,0.23746337481545843,0.8192138671875,0.07586607126151637,0.18812819643501238,0.16797188186559894,,,,0.1807861328125,0.013817871986454438,0.0003086416383061722,0.9666748046875,0.16602295174503112,0.03570171995885054,0.529052734375,0.1418202559357981,0.028986850851133394,0.6160888671875,"[4,7,14,20,21,23,27,29]",38,0.004959085053941062,1.2744538888518182,0.21348942276928207,0.21390647918967332
F15-ND01 development diagnostic; original F15 result unchanged,v2/work_logs/F15_ND01_v1_run1/evaluation_attempt_1/search_4_evaluation.json,1b308434f23fa8ef4385d1ddbd623db5eec63efd5c6d1eb177999ab1f32ad520,4,1500405,1510695,uniform/budget_128/robust,uniform,128,robust,0,mixed_near,8192,0.04648094963152817,0.003174877737725375,0.05634605343522628,0.20805763254997078,0.613037109375,0.054800753317944324,0.1624101649764094,0.13284606830716053,,,,0.386962890625,0.012782371225776353,0.00026082794669326034,0.998291015625,0.14831254032879476,0.026976839032615607,0.478271484375,0.14881625761842618,0.02701036242330702,0.4891357421875,"[0,1,2,9,17,24,26,30]",103,0.003056630496240417,1.0044642857142858,0.2902983527757101,0.15336203754480562
F15-ND01 development diagnostic; original F15 result unchanged,v2/work_logs/F15_ND01_v1_run1/evaluation_attempt_1/search_4_evaluation.json,1b308434f23fa8ef4385d1ddbd623db5eec63efd5c6d1eb177999ab1f32ad520,4,1500405,1510695,uniform/budget_128/robust,uniform,128,robust,0,mixed_far,8192,0.046045247018979926,0.003148537637847578,0.056111831531750755,0.1746699688046205,0.9998779296875,0.05394514805710927,0.16903000072314758,0.13635024393297118,,,,0.0001220703125,0.013772665803905019,0.0003103124224794476,0.9644775390625,0.15083174604217925,0.02948960627122032,0.7781982421875,0.14807061522411447,0.028590994312645907,0.7769775390625,"[0,1,2,9,17,24,26,30]",103,0.003056630496240417,1.0044642857142858,0.2902983527757101,0.15336203754480562
F15-ND01 development diagnostic; original F15 result unchanged,v2/work_logs/F15_ND01_v1_run1/evaluation_attempt_1/search_4_evaluation.json,1b308434f23fa8ef4385d1ddbd623db5eec63efd5c6d1eb177999ab1f32ad520,4,1500405,1510695,uniform/budget_128/robust,uniform,128,robust,0,preserve_other,8192,0.04431296160255907,0.002895157001871826,0.053806663173549665,0.17208284208374475,0.8760986328125,0.05280539468208525,0.16959324633224845,0.1420977906798065,,,,0.1239013671875,0.014397284575557397,0.00031688164570510373,0.9661865234375,0.1513733071310934,0.030083013198370007,0.554931640625,0.014351024200771924,0.0003265947267926525,0.9644775390625,"[0,1,2,9,17,24,26,30]",103,0.003056630496240417,1.0044642857142858,0.2902983527757101,0.15336203754480562
F15-ND01 development diagnostic; original F15 result unchanged,v2/work_logs/F15_ND01_v1_run1/evaluation_attempt_1/search_4_evaluation.json,1b308434f23fa8ef4385d1ddbd623db5eec63efd5c6d1eb177999ab1f32ad520,4,1500405,1510695,uniform/budget_128/robust,uniform,128,robust,0,equal_target,8192,0.036412574844468484,0.00206706949296984,0.04546503593938797,0.1602407950902332,0.9051513671875,0.04458061858647728,1.8381623872780074e-17,0.04458061858647728,0.04458061858647728,,,0.0948486328125,0.013016282509996834,0.0002791307861422386,0.9644775390625,0.013016282509996834,0.0002791307861422386,0.9644775390625,0.1486450767540133,0.028775634683346943,0.5413818359375,"[0,1,2,9,17,24,26,30]",103,0.003056630496240417,1.0044642857142858,0.2902983527757101,0.15336203754480562
F15-ND01 development diagnostic; original F15 result unchanged,v2/work_logs/F15_ND01_v1_run1/evaluation_attempt_1/search_4_evaluation.json,1b308434f23fa8ef4385d1ddbd623db5eec63efd5c6d1eb177999ab1f32ad520,4,1500405,1510695,uniform/budget_128/robust,uniform,128,robust,0,scale_separating,8192,0.04757686121941353,0.0034455348775250566,0.0586986786693283,0.20004027210274428,0.857666015625,0.05705939857340994,0.1877894813460367,0.16148572723309795,,,,0.142333984375,0.014025777914457117,0.00031512726284084534,0.9671630859375,0.16902464039167067,0.03663472391348818,0.5250244140625,0.1418000247011423,0.028873798172309888,0.6072998046875,"[0,1,2,9,17,24,26,30]",103,0.003056630496240417,1.0044642857142858,0.2902983527757101,0.15336203754480562
F15-ND01 development diagnostic; original F15 result unchanged,v2/work_logs/F15_ND01_v1_run1/evaluation_attempt_1/search_4_evaluation.json,1b308434f23fa8ef4385d1ddbd623db5eec63efd5c6d1eb177999ab1f32ad520,4,1500405,1510695,uniform/budget_128/robust,uniform,128,robust,1,mixed_near,8192,0.05647431827593993,0.004829183839375518,0.06949232935637946,0.21449930341909806,0.59423828125,0.07106813108166585,0.16477554109760745,0.1823233217774314,,,,0.40576171875,0.01310043003685606,0.0002708956406193663,0.998291015625,0.15013786344060748,0.02746641356922014,0.4833984375,0.14965956674925454,0.027453512313091333,0.4810791015625,"[4,7,14,20,21,23,27,29]",38,0.004959085053941062,1.2744538888518182,0.21348942276928207,0.21390647918967332
F15-ND01 development diagnostic; original F15 result unchanged,v2/work_logs/F15_ND01_v1_run1/evaluation_attempt_1/search_4_evaluation.json,1b308434f23fa8ef4385d1ddbd623db5eec63efd5c6d1eb177999ab1f32ad520,4,1500405,1510695,uniform/budget_128/robust,uniform,128,robust,1,mixed_far,8192,0.05669611646954269,0.005025021879416491,0.07088738871912613,0.275450708737394,0.99267578125,0.07169890563329988,0.1695424770842864,0.15063059210748858,,,,0.00732421875,0.014173920797877436,0.0003226377558857316,0.963134765625,0.1482482425350533,0.028647305851232922,0.781982421875,0.1491271531560298,0.028919034017115097,0.7835693359375,"[4,7,14,20,21,23,27,29]",38,0.004959085053941062,1.2744538888518182,0.21348942276928207,0.21390647918967332
F15-ND01 development diagnostic; original F15 result unchanged,v2/work_logs/F15_ND01_v1_run1/evaluation_attempt_1/search_4_evaluation.json,1b308434f23fa8ef4385d1ddbd623db5eec63efd5c6d1eb177999ab1f32ad520,4,1500405,1510695,uniform/budget_128/robust,uniform,128,robust,1,preserve_other,8192,0.06310802063548804,0.005639351522816714,0.07509561586948145,0.22488647494879116,0.8232421875,0.07544620030914935,0.1698118231648395,0.14653378075907664,,,,0.1767578125,0.012977125567328761,0.00028027514112903654,0.9644775390625,0.14778164654360415,0.02892109059862956,0.5538330078125,0.013260707474684427,0.000282173096020466,0.96337890625,"[4,7,14,20,21,23,27,29]",38,0.004959085053941062,1.2744538888518182,0.21348942276928207,0.21390647918967332
F15-ND01 development diagnostic; original F15 result unchanged,v2/work_logs/F15_ND01_v1_run1/evaluation_attempt_1/search_4_evaluation.json,1b308434f23fa8ef4385d1ddbd623db5eec63efd5c6d1eb177999ab1f32ad520,4,1500405,1510695,uniform/budget_128/robust,uniform,128,robust,1,equal_target,8192,0.05426248755251975,0.004671257557766247,0.06834659872858523,0.24017426154699995,0.84765625,0.06739305778667143,1.7912647431366798e-17,0.06739305778667143,0.06739305778667143,,,0.15234375,0.014353377308446727,0.00031958368631290475,0.964111328125,0.014353377308446727,0.00031958368631290475,0.964111328125,0.14961867045678845,0.02952356690608639,0.5577392578125,"[4,7,14,20,21,23,27,29]",38,0.004959085053941062,1.2744538888518182,0.21348942276928207,0.21390647918967332
F15-ND01 development diagnostic; original F15 result unchanged,v2/work_logs/F15_ND01_v1_run1/evaluation_attempt_1/search_4_evaluation.json,1b308434f23fa8ef4385d1ddbd623db5eec63efd5c6d1eb177999ab1f32ad520,4,1500405,1510695,uniform/budget_128/robust,uniform,128,robust,1,scale_separating,8192,0.06136473750154557,0.005830647243157633,0.07635867496989214,0.23746337481545843,0.8192138671875,0.07586607126151637,0.18812819643501238,0.16797188186559894,,,,0.1807861328125,0.013817871986454438,0.0003086416383061722,0.9666748046875,0.16602295174503112,0.03570171995885054,0.529052734375,0.1418202559357981,0.028986850851133394,0.6160888671875,"[4,7,14,20,21,23,27,29]",38,0.004959085053941062,1.2744538888518182,0.21348942276928207,0.21390647918967332
