stream,recipient,method,request_index,stage,category,count
complementary_k3_n5,fresh,O-ADD-COLD,1,common_source,bounded_native_c_call_events,371
complementary_k3_n5,fresh,O-ADD-COLD,1,common_source,observed_python_opcode_events,32551
complementary_k3_n5,fresh,O-ADD-COLD,1,common_source,source_hash_bytes_prepaid,197956
complementary_k3_n5,fresh,O-ADD-COLD,1,common_source,source_length_probe_bytes_prepaid,8
complementary_k3_n5,fresh,O-ADD-COLD,1,common_source,source_program_bytes_prepaid,197956
complementary_k3_n5,fresh,O-ADD-COLD,1,common_source,source_record_bytes,1199
complementary_k3_n5,fresh,O-ADD-COLD,1,coordination,bounded_native_c_call_events,10
complementary_k3_n5,fresh,O-ADD-COLD,1,coordination,observed_python_opcode_events,623
complementary_k3_n5,fresh,O-ADD-COLD,1,producer_build,bounded_native_c_call_events,5959
complementary_k3_n5,fresh,O-ADD-COLD,1,producer_build,observed_python_opcode_events,179099
complementary_k3_n5,fresh,O-ADD-COLD,1,producer_export,bounded_native_c_call_events,8
complementary_k3_n5,fresh,O-ADD-COLD,1,producer_export,observed_python_opcode_events,260
complementary_k3_n5,fresh,O-ADD-COLD,1,producer_export,proof_output_bytes,6398
complementary_k3_n5,fresh,O-ADD-COLD,1,producer_init,bounded_native_c_call_events,19
complementary_k3_n5,fresh,O-ADD-COLD,1,producer_init,observed_python_opcode_events,815
complementary_k3_n5,fresh,O-ADD-COLD,1,producer_input,bounded_native_c_call_events,869
complementary_k3_n5,fresh,O-ADD-COLD,1,producer_input,current_request_bytes,1558
complementary_k3_n5,fresh,O-ADD-COLD,1,producer_input,observed_python_opcode_events,66511
complementary_k3_n5,fresh,O-ADD-COLD,1,producer_storage,bounded_native_c_call_events,758
complementary_k3_n5,fresh,O-ADD-COLD,1,producer_storage,live_serialized_byte_periods,22495
complementary_k3_n5,fresh,O-ADD-COLD,1,producer_storage,observed_python_opcode_events,81586
complementary_k3_n5,fresh,O-ADD-COLD,1,receiver_check,bounded_native_c_call_events,5626
complementary_k3_n5,fresh,O-ADD-COLD,1,receiver_check,observed_python_opcode_events,322121
complementary_k3_n5,fresh,O-ADD-COLD,1,receiver_init,bounded_native_c_call_events,130
complementary_k3_n5,fresh,O-ADD-COLD,1,receiver_init,observed_python_opcode_events,27975
complementary_k3_n5,fresh,O-ADD-COLD,1,receiver_input,bounded_native_c_call_events,869
complementary_k3_n5,fresh,O-ADD-COLD,1,receiver_input,current_request_bytes,1558
complementary_k3_n5,fresh,O-ADD-COLD,1,receiver_input,observed_python_opcode_events,66511
complementary_k3_n5,fresh,O-ADD-COLD,1,receiver_input,proof_input_bytes,6398
complementary_k3_n5,fresh,O-ADD-COLD,1,receiver_storage,bounded_native_c_call_events,22
complementary_k3_n5,fresh,O-ADD-COLD,1,receiver_storage,live_serialized_byte_periods,23162
complementary_k3_n5,fresh,O-ADD-COLD,1,receiver_storage,observed_python_opcode_events,33086
complementary_k3_n5,fresh,O-ADD-COLD,1,request_encoding,bounded_native_c_call_events,894
complementary_k3_n5,fresh,O-ADD-COLD,1,request_encoding,observed_python_opcode_events,23553
complementary_k3_n5,fresh,O-ADD-COLD,1,terminal,bounded_native_c_call_events,555
complementary_k3_n5,fresh,O-ADD-COLD,1,terminal,candidate_publication_events,1
complementary_k3_n5,fresh,O-ADD-COLD,1,terminal,current_receipt_output_bytes,3053
complementary_k3_n5,fresh,O-ADD-COLD,1,terminal,delivery_events,1
complementary_k3_n5,fresh,O-ADD-COLD,1,terminal,observed_python_opcode_events,14240
complementary_k3_n5,fresh,O-ADD-COLD,2,coordination,bounded_native_c_call_events,10
complementary_k3_n5,fresh,O-ADD-COLD,2,coordination,observed_python_opcode_events,602
complementary_k3_n5,fresh,O-ADD-COLD,2,producer_build,bounded_native_c_call_events,6640
complementary_k3_n5,fresh,O-ADD-COLD,2,producer_build,observed_python_opcode_events,199247
complementary_k3_n5,fresh,O-ADD-COLD,2,producer_export,bounded_native_c_call_events,8
complementary_k3_n5,fresh,O-ADD-COLD,2,producer_export,observed_python_opcode_events,260
complementary_k3_n5,fresh,O-ADD-COLD,2,producer_export,proof_output_bytes,6830
complementary_k3_n5,fresh,O-ADD-COLD,2,producer_init,bounded_native_c_call_events,19
complementary_k3_n5,fresh,O-ADD-COLD,2,producer_init,observed_python_opcode_events,815
complementary_k3_n5,fresh,O-ADD-COLD,2,producer_input,bounded_native_c_call_events,898
complementary_k3_n5,fresh,O-ADD-COLD,2,producer_input,current_request_bytes,1580
complementary_k3_n5,fresh,O-ADD-COLD,2,producer_input,observed_python_opcode_events,67926
complementary_k3_n5,fresh,O-ADD-COLD,2,producer_storage,bounded_native_c_call_events,784
complementary_k3_n5,fresh,O-ADD-COLD,2,producer_storage,live_serialized_byte_periods,23939
complementary_k3_n5,fresh,O-ADD-COLD,2,producer_storage,observed_python_opcode_events,92665
complementary_k3_n5,fresh,O-ADD-COLD,2,receiver_check,bounded_native_c_call_events,6456
complementary_k3_n5,fresh,O-ADD-COLD,2,receiver_check,observed_python_opcode_events,358264
complementary_k3_n5,fresh,O-ADD-COLD,2,receiver_init,bounded_native_c_call_events,130
complementary_k3_n5,fresh,O-ADD-COLD,2,receiver_init,observed_python_opcode_events,27975
complementary_k3_n5,fresh,O-ADD-COLD,2,receiver_input,bounded_native_c_call_events,898
complementary_k3_n5,fresh,O-ADD-COLD,2,receiver_input,current_request_bytes,1580
complementary_k3_n5,fresh,O-ADD-COLD,2,receiver_input,observed_python_opcode_events,67926
complementary_k3_n5,fresh,O-ADD-COLD,2,receiver_input,proof_input_bytes,6830
complementary_k3_n5,fresh,O-ADD-COLD,2,receiver_storage,bounded_native_c_call_events,22
complementary_k3_n5,fresh,O-ADD-COLD,2,receiver_storage,live_serialized_byte_periods,24372
complementary_k3_n5,fresh,O-ADD-COLD,2,receiver_storage,observed_python_opcode_events,40359
complementary_k3_n5,fresh,O-ADD-COLD,2,request_encoding,bounded_native_c_call_events,930
complementary_k3_n5,fresh,O-ADD-COLD,2,request_encoding,observed_python_opcode_events,24363
complementary_k3_n5,fresh,O-ADD-COLD,2,terminal,bounded_native_c_call_events,587
complementary_k3_n5,fresh,O-ADD-COLD,2,terminal,candidate_publication_events,1
complementary_k3_n5,fresh,O-ADD-COLD,2,terminal,current_receipt_output_bytes,3075
complementary_k3_n5,fresh,O-ADD-COLD,2,terminal,delivery_events,1
complementary_k3_n5,fresh,O-ADD-COLD,2,terminal,observed_python_opcode_events,14984
complementary_k3_n5,fresh,O-ADD-COLD,3,coordination,bounded_native_c_call_events,10
complementary_k3_n5,fresh,O-ADD-COLD,3,coordination,observed_python_opcode_events,602
complementary_k3_n5,fresh,O-ADD-COLD,3,producer_build,bounded_native_c_call_events,6905
complementary_k3_n5,fresh,O-ADD-COLD,3,producer_build,observed_python_opcode_events,208469
complementary_k3_n5,fresh,O-ADD-COLD,3,producer_export,bounded_native_c_call_events,8
complementary_k3_n5,fresh,O-ADD-COLD,3,producer_export,observed_python_opcode_events,260
complementary_k3_n5,fresh,O-ADD-COLD,3,producer_export,proof_output_bytes,7051
complementary_k3_n5,fresh,O-ADD-COLD,3,producer_init,bounded_native_c_call_events,19
complementary_k3_n5,fresh,O-ADD-COLD,3,producer_init,observed_python_opcode_events,815
complementary_k3_n5,fresh,O-ADD-COLD,3,producer_input,bounded_native_c_call_events,896
complementary_k3_n5,fresh,O-ADD-COLD,3,producer_input,current_request_bytes,1586
complementary_k3_n5,fresh,O-ADD-COLD,3,producer_input,observed_python_opcode_events,68099
complementary_k3_n5,fresh,O-ADD-COLD,3,producer_storage,bounded_native_c_call_events,784
complementary_k3_n5,fresh,O-ADD-COLD,3,producer_storage,live_serialized_byte_periods,24676
complementary_k3_n5,fresh,O-ADD-COLD,3,producer_storage,observed_python_opcode_events,98525
complementary_k3_n5,fresh,O-ADD-COLD,3,receiver_check,bounded_native_c_call_events,6856
complementary_k3_n5,fresh,O-ADD-COLD,3,receiver_check,observed_python_opcode_events,376845
complementary_k3_n5,fresh,O-ADD-COLD,3,receiver_init,bounded_native_c_call_events,130
complementary_k3_n5,fresh,O-ADD-COLD,3,receiver_init,observed_python_opcode_events,27975
complementary_k3_n5,fresh,O-ADD-COLD,3,receiver_input,bounded_native_c_call_events,896
complementary_k3_n5,fresh,O-ADD-COLD,3,receiver_input,current_request_bytes,1586
complementary_k3_n5,fresh,O-ADD-COLD,3,receiver_input,observed_python_opcode_events,68099
complementary_k3_n5,fresh,O-ADD-COLD,3,receiver_input,proof_input_bytes,7051
complementary_k3_n5,fresh,O-ADD-COLD,3,receiver_storage,bounded_native_c_call_events,22
complementary_k3_n5,fresh,O-ADD-COLD,3,receiver_storage,live_serialized_byte_periods,24973
complementary_k3_n5,fresh,O-ADD-COLD,3,receiver_storage,observed_python_opcode_events,44449
complementary_k3_n5,fresh,O-ADD-COLD,3,request_encoding,bounded_native_c_call_events,930
complementary_k3_n5,fresh,O-ADD-COLD,3,request_encoding,observed_python_opcode_events,24371
complementary_k3_n5,fresh,O-ADD-COLD,3,terminal,bounded_native_c_call_events,563
complementary_k3_n5,fresh,O-ADD-COLD,3,terminal,candidate_publication_events,1
complementary_k3_n5,fresh,O-ADD-COLD,3,terminal,current_receipt_output_bytes,3081
complementary_k3_n5,fresh,O-ADD-COLD,3,terminal,delivery_events,1
complementary_k3_n5,fresh,O-ADD-COLD,3,terminal,observed_python_opcode_events,14468
complementary_k3_n5,fresh,O-ADD-COLD,4,coordination,bounded_native_c_call_events,10
complementary_k3_n5,fresh,O-ADD-COLD,4,coordination,observed_python_opcode_events,602
complementary_k3_n5,fresh,O-ADD-COLD,4,producer_build,bounded_native_c_call_events,7680
complementary_k3_n5,fresh,O-ADD-COLD,4,producer_build,observed_python_opcode_events,229515
complementary_k3_n5,fresh,O-ADD-COLD,4,producer_export,bounded_native_c_call_events,8
complementary_k3_n5,fresh,O-ADD-COLD,4,producer_export,observed_python_opcode_events,260
complementary_k3_n5,fresh,O-ADD-COLD,4,producer_export,proof_output_bytes,7474
complementary_k3_n5,fresh,O-ADD-COLD,4,producer_init,bounded_native_c_call_events,19
complementary_k3_n5,fresh,O-ADD-COLD,4,producer_init,observed_python_opcode_events,815
complementary_k3_n5,fresh,O-ADD-COLD,4,producer_input,bounded_native_c_call_events,997
complementary_k3_n5,fresh,O-ADD-COLD,4,producer_input,current_request_bytes,1679
complementary_k3_n5,fresh,O-ADD-COLD,4,producer_input,observed_python_opcode_events,72758
complementary_k3_n5,fresh,O-ADD-COLD,4,producer_storage,bounded_native_c_call_events,810
complementary_k3_n5,fresh,O-ADD-COLD,4,producer_storage,live_serialized_byte_periods,26041
complementary_k3_n5,fresh,O-ADD-COLD,4,producer_storage,observed_python_opcode_events,107151
complementary_k3_n5,fresh,O-ADD-COLD,4,receiver_check,bounded_native_c_call_events,7640
complementary_k3_n5,fresh,O-ADD-COLD,4,receiver_check,observed_python_opcode_events,410001
complementary_k3_n5,fresh,O-ADD-COLD,4,receiver_init,bounded_native_c_call_events,130
complementary_k3_n5,fresh,O-ADD-COLD,4,receiver_init,observed_python_opcode_events,27975
complementary_k3_n5,fresh,O-ADD-COLD,4,receiver_input,bounded_native_c_call_events,997
complementary_k3_n5,fresh,O-ADD-COLD,4,receiver_input,current_request_bytes,1679
complementary_k3_n5,fresh,O-ADD-COLD,4,receiver_input,observed_python_opcode_events,72758
complementary_k3_n5,fresh,O-ADD-COLD,4,receiver_input,proof_input_bytes,7474
complementary_k3_n5,fresh,O-ADD-COLD,4,receiver_storage,bounded_native_c_call_events,22
complementary_k3_n5,fresh,O-ADD-COLD,4,receiver_storage,live_serialized_byte_periods,26342
complementary_k3_n5,fresh,O-ADD-COLD,4,receiver_storage,observed_python_opcode_events,49790
complementary_k3_n5,fresh,O-ADD-COLD,4,request_encoding,bounded_native_c_call_events,1006
complementary_k3_n5,fresh,O-ADD-COLD,4,request_encoding,observed_python_opcode_events,26293
complementary_k3_n5,fresh,O-ADD-COLD,4,terminal,bounded_native_c_call_events,659
complementary_k3_n5,fresh,O-ADD-COLD,4,terminal,candidate_publication_events,1
complementary_k3_n5,fresh,O-ADD-COLD,4,terminal,current_receipt_output_bytes,3174
complementary_k3_n5,fresh,O-ADD-COLD,4,terminal,delivery_events,1
complementary_k3_n5,fresh,O-ADD-COLD,4,terminal,observed_python_opcode_events,16741
complementary_k3_n5,fresh,O-ADD-COLD,5,coordination,bounded_native_c_call_events,10
complementary_k3_n5,fresh,O-ADD-COLD,5,coordination,observed_python_opcode_events,602
complementary_k3_n5,fresh,O-ADD-COLD,5,producer_build,bounded_native_c_call_events,7476
complementary_k3_n5,fresh,O-ADD-COLD,5,producer_build,observed_python_opcode_events,221026
complementary_k3_n5,fresh,O-ADD-COLD,5,producer_export,bounded_native_c_call_events,8
complementary_k3_n5,fresh,O-ADD-COLD,5,producer_export,observed_python_opcode_events,260
complementary_k3_n5,fresh,O-ADD-COLD,5,producer_export,proof_output_bytes,7332
complementary_k3_n5,fresh,O-ADD-COLD,5,producer_init,bounded_native_c_call_events,19
complementary_k3_n5,fresh,O-ADD-COLD,5,producer_init,observed_python_opcode_events,815
complementary_k3_n5,fresh,O-ADD-COLD,5,producer_input,bounded_native_c_call_events,993
complementary_k3_n5,fresh,O-ADD-COLD,5,producer_input,current_request_bytes,1683
complementary_k3_n5,fresh,O-ADD-COLD,5,producer_input,observed_python_opcode_events,72876
complementary_k3_n5,fresh,O-ADD-COLD,5,producer_storage,bounded_native_c_call_events,830
complementary_k3_n5,fresh,O-ADD-COLD,5,producer_storage,live_serialized_byte_periods,25541
complementary_k3_n5,fresh,O-ADD-COLD,5,producer_storage,observed_python_opcode_events,102819
complementary_k3_n5,fresh,O-ADD-COLD,5,receiver_check,bounded_native_c_call_events,7286
complementary_k3_n5,fresh,O-ADD-COLD,5,receiver_check,observed_python_opcode_events,394037
complementary_k3_n5,fresh,O-ADD-COLD,5,receiver_init,bounded_native_c_call_events,130
complementary_k3_n5,fresh,O-ADD-COLD,5,receiver_init,observed_python_opcode_events,27975
complementary_k3_n5,fresh,O-ADD-COLD,5,receiver_input,bounded_native_c_call_events,993
complementary_k3_n5,fresh,O-ADD-COLD,5,receiver_input,current_request_bytes,1683
complementary_k3_n5,fresh,O-ADD-COLD,5,receiver_input,observed_python_opcode_events,72876
complementary_k3_n5,fresh,O-ADD-COLD,5,receiver_input,proof_input_bytes,7332
complementary_k3_n5,fresh,O-ADD-COLD,5,receiver_storage,bounded_native_c_call_events,22
complementary_k3_n5,fresh,O-ADD-COLD,5,receiver_storage,live_serialized_byte_periods,25929
complementary_k3_n5,fresh,O-ADD-COLD,5,receiver_storage,observed_python_opcode_events,46366
complementary_k3_n5,fresh,O-ADD-COLD,5,request_encoding,bounded_native_c_call_events,1006
complementary_k3_n5,fresh,O-ADD-COLD,5,request_encoding,observed_python_opcode_events,26315
complementary_k3_n5,fresh,O-ADD-COLD,5,terminal,bounded_native_c_call_events,631
complementary_k3_n5,fresh,O-ADD-COLD,5,terminal,candidate_publication_events,1
complementary_k3_n5,fresh,O-ADD-COLD,5,terminal,current_receipt_output_bytes,3178
complementary_k3_n5,fresh,O-ADD-COLD,5,terminal,delivery_events,1
complementary_k3_n5,fresh,O-ADD-COLD,5,terminal,observed_python_opcode_events,16065
complementary_k3_n5,fresh,O-ADD-COLD,6,coordination,bounded_native_c_call_events,10
complementary_k3_n5,fresh,O-ADD-COLD,6,coordination,observed_python_opcode_events,602
complementary_k3_n5,fresh,O-ADD-COLD,6,producer_build,bounded_native_c_call_events,8275
complementary_k3_n5,fresh,O-ADD-COLD,6,producer_build,observed_python_opcode_events,243243
complementary_k3_n5,fresh,O-ADD-COLD,6,producer_export,bounded_native_c_call_events,8
complementary_k3_n5,fresh,O-ADD-COLD,6,producer_export,observed_python_opcode_events,260
complementary_k3_n5,fresh,O-ADD-COLD,6,producer_export,proof_output_bytes,7890
complementary_k3_n5,fresh,O-ADD-COLD,6,producer_init,bounded_native_c_call_events,19
complementary_k3_n5,fresh,O-ADD-COLD,6,producer_init,observed_python_opcode_events,815
complementary_k3_n5,fresh,O-ADD-COLD,6,producer_input,bounded_native_c_call_events,1054
complementary_k3_n5,fresh,O-ADD-COLD,6,producer_input,current_request_bytes,1710
complementary_k3_n5,fresh,O-ADD-COLD,6,producer_input,observed_python_opcode_events,74661
complementary_k3_n5,fresh,O-ADD-COLD,6,producer_storage,bounded_native_c_call_events,970
complementary_k3_n5,fresh,O-ADD-COLD,6,producer_storage,live_serialized_byte_periods,27456
complementary_k3_n5,fresh,O-ADD-COLD,6,producer_storage,observed_python_opcode_events,114093
complementary_k3_n5,fresh,O-ADD-COLD,6,receiver_check,bounded_native_c_call_events,8039
complementary_k3_n5,fresh,O-ADD-COLD,6,receiver_check,observed_python_opcode_events,432743
complementary_k3_n5,fresh,O-ADD-COLD,6,receiver_init,bounded_native_c_call_events,130
complementary_k3_n5,fresh,O-ADD-COLD,6,receiver_init,observed_python_opcode_events,27975
complementary_k3_n5,fresh,O-ADD-COLD,6,receiver_input,bounded_native_c_call_events,1054
complementary_k3_n5,fresh,O-ADD-COLD,6,receiver_input,current_request_bytes,1710
complementary_k3_n5,fresh,O-ADD-COLD,6,receiver_input,observed_python_opcode_events,74661
complementary_k3_n5,fresh,O-ADD-COLD,6,receiver_input,proof_input_bytes,7890
complementary_k3_n5,fresh,O-ADD-COLD,6,receiver_storage,bounded_native_c_call_events,22
complementary_k3_n5,fresh,O-ADD-COLD,6,receiver_storage,live_serialized_byte_periods,27505
complementary_k3_n5,fresh,O-ADD-COLD,6,receiver_storage,observed_python_opcode_events,52158
complementary_k3_n5,fresh,O-ADD-COLD,6,request_encoding,bounded_native_c_call_events,1047
complementary_k3_n5,fresh,O-ADD-COLD,6,request_encoding,observed_python_opcode_events,27221
complementary_k3_n5,fresh,O-ADD-COLD,6,terminal,bounded_native_c_call_events,652
complementary_k3_n5,fresh,O-ADD-COLD,6,terminal,candidate_publication_events,1
complementary_k3_n5,fresh,O-ADD-COLD,6,terminal,current_receipt_output_bytes,3205
complementary_k3_n5,fresh,O-ADD-COLD,6,terminal,delivery_events,1
complementary_k3_n5,fresh,O-ADD-COLD,6,terminal,observed_python_opcode_events,16562
complementary_k3_n5,fresh,O-ADD-PORTFOLIO,1,common_source,bounded_native_c_call_events,371
complementary_k3_n5,fresh,O-ADD-PORTFOLIO,1,common_source,observed_python_opcode_events,32551
complementary_k3_n5,fresh,O-ADD-PORTFOLIO,1,common_source,source_hash_bytes_prepaid,197956
complementary_k3_n5,fresh,O-ADD-PORTFOLIO,1,common_source,source_length_probe_bytes_prepaid,8
complementary_k3_n5,fresh,O-ADD-PORTFOLIO,1,common_source,source_program_bytes_prepaid,197956
complementary_k3_n5,fresh,O-ADD-PORTFOLIO,1,common_source,source_record_bytes,1199
complementary_k3_n5,fresh,O-ADD-PORTFOLIO,1,coordination,bounded_native_c_call_events,19
complementary_k3_n5,fresh,O-ADD-PORTFOLIO,1,coordination,observed_python_opcode_events,1716
complementary_k3_n5,fresh,O-ADD-PORTFOLIO,1,producer_build,bounded_native_c_call_events,13052
complementary_k3_n5,fresh,O-ADD-PORTFOLIO,1,producer_build,observed_python_opcode_events,283617
complementary_k3_n5,fresh,O-ADD-PORTFOLIO,1,producer_export,bounded_native_c_call_events,11
complementary_k3_n5,fresh,O-ADD-PORTFOLIO,1,producer_export,observed_python_opcode_events,3267
complementary_k3_n5,fresh,O-ADD-PORTFOLIO,1,producer_export,proof_output_bytes,4273
complementary_k3_n5,fresh,O-ADD-PORTFOLIO,1,producer_init,bounded_native_c_call_events,149
complementary_k3_n5,fresh,O-ADD-PORTFOLIO,1,producer_init,observed_python_opcode_events,28794
complementary_k3_n5,fresh,O-ADD-PORTFOLIO,1,producer_input,bounded_native_c_call_events,869
complementary_k3_n5,fresh,O-ADD-PORTFOLIO,1,producer_input,current_request_bytes,1558
complementary_k3_n5,fresh,O-ADD-PORTFOLIO,1,producer_input,observed_python_opcode_events,66511
complementary_k3_n5,fresh,O-ADD-PORTFOLIO,1,producer_old_admission,bounded_native_c_call_events,5784
complementary_k3_n5,fresh,O-ADD-PORTFOLIO,1,producer_old_admission,observed_python_opcode_events,330093
complementary_k3_n5,fresh,O-ADD-PORTFOLIO,1,producer_old_build,bounded_native_c_call_events,5350
complementary_k3_n5,fresh,O-ADD-PORTFOLIO,1,producer_old_build,observed_python_opcode_events,152300
complementary_k3_n5,fresh,O-ADD-PORTFOLIO,1,producer_old_export,bounded_native_c_call_events,16
complementary_k3_n5,fresh,O-ADD-PORTFOLIO,1,producer_old_export,observed_python_opcode_events,520
complementary_k3_n5,fresh,O-ADD-PORTFOLIO,1,producer_old_export,old_proof_output_bytes,8084
complementary_k3_n5,fresh,O-ADD-PORTFOLIO,1,producer_old_input,bounded_native_c_call_events,2099
complementary_k3_n5,fresh,O-ADD-PORTFOLIO,1,producer_old_input,observed_python_opcode_events,131028
complementary_k3_n5,fresh,O-ADD-PORTFOLIO,1,producer_old_input,old_request_bytes,2615
complementary_k3_n5,fresh,O-ADD-PORTFOLIO,1,producer_storage,bounded_native_c_call_events,2143
complementary_k3_n5,fresh,O-ADD-PORTFOLIO,1,producer_storage,live_serialized_byte_periods,89832
complementary_k3_n5,fresh,O-ADD-PORTFOLIO,1,producer_storage,observed_python_opcode_events,204828
complementary_k3_n5,fresh,O-ADD-PORTFOLIO,1,receiver_check,bounded_native_c_call_events,5305
complementary_k3_n5,fresh,O-ADD-PORTFOLIO,1,receiver_check,observed_python_opcode_events,120306
complementary_k3_n5,fresh,O-ADD-PORTFOLIO,1,receiver_import,bounded_native_c_call_events,123
complementary_k3_n5,fresh,O-ADD-PORTFOLIO,1,receiver_import,observed_python_opcode_events,64830
complementary_k3_n5,fresh,O-ADD-PORTFOLIO,1,receiver_init,bounded_native_c_call_events,130
complementary_k3_n5,fresh,O-ADD-PORTFOLIO,1,receiver_init,observed_python_opcode_events,27979
complementary_k3_n5,fresh,O-ADD-PORTFOLIO,1,receiver_input,bounded_native_c_call_events,869
complementary_k3_n5,fresh,O-ADD-PORTFOLIO,1,receiver_input,current_request_bytes,1558
complementary_k3_n5,fresh,O-ADD-PORTFOLIO,1,receiver_input,observed_python_opcode_events,66511
complementary_k3_n5,fresh,O-ADD-PORTFOLIO,1,receiver_input,proof_input_bytes,4273
complementary_k3_n5,fresh,O-ADD-PORTFOLIO,1,receiver_old_check,bounded_native_c_call_events,5762
complementary_k3_n5,fresh,O-ADD-PORTFOLIO,1,receiver_old_check,observed_python_opcode_events,329287
complementary_k3_n5,fresh,O-ADD-PORTFOLIO,1,receiver_old_input,bounded_native_c_call_events,2099
complementary_k3_n5,fresh,O-ADD-PORTFOLIO,1,receiver_old_input,observed_python_opcode_events,131028
complementary_k3_n5,fresh,O-ADD-PORTFOLIO,1,receiver_old_input,old_proof_input_bytes,8084
complementary_k3_n5,fresh,O-ADD-PORTFOLIO,1,receiver_old_input,old_request_bytes,2615
complementary_k3_n5,fresh,O-ADD-PORTFOLIO,1,receiver_storage,bounded_native_c_call_events,1071
complementary_k3_n5,fresh,O-ADD-PORTFOLIO,1,receiver_storage,live_serialized_byte_periods,45544
complementary_k3_n5,fresh,O-ADD-PORTFOLIO,1,receiver_storage,observed_python_opcode_events,82986
complementary_k3_n5,fresh,O-ADD-PORTFOLIO,1,request_encoding,bounded_native_c_call_events,894
complementary_k3_n5,fresh,O-ADD-PORTFOLIO,1,request_encoding,observed_python_opcode_events,23553
complementary_k3_n5,fresh,O-ADD-PORTFOLIO,1,terminal,bounded_native_c_call_events,555
complementary_k3_n5,fresh,O-ADD-PORTFOLIO,1,terminal,candidate_publication_events,1
complementary_k3_n5,fresh,O-ADD-PORTFOLIO,1,terminal,current_receipt_output_bytes,3053
complementary_k3_n5,fresh,O-ADD-PORTFOLIO,1,terminal,delivery_events,1
complementary_k3_n5,fresh,O-ADD-PORTFOLIO,1,terminal,observed_python_opcode_events,14240
complementary_k3_n5,fresh,O-ADD-PORTFOLIO,2,coordination,bounded_native_c_call_events,12
complementary_k3_n5,fresh,O-ADD-PORTFOLIO,2,coordination,observed_python_opcode_events,1052
complementary_k3_n5,fresh,O-ADD-PORTFOLIO,2,producer_build,bounded_native_c_call_events,13885
complementary_k3_n5,fresh,O-ADD-PORTFOLIO,2,producer_build,observed_python_opcode_events,298765
complementary_k3_n5,fresh,O-ADD-PORTFOLIO,2,producer_export,bounded_native_c_call_events,11
complementary_k3_n5,fresh,O-ADD-PORTFOLIO,2,producer_export,observed_python_opcode_events,3267
complementary_k3_n5,fresh,O-ADD-PORTFOLIO,2,producer_export,proof_output_bytes,4295
complementary_k3_n5,fresh,O-ADD-PORTFOLIO,2,producer_input,bounded_native_c_call_events,898
complementary_k3_n5,fresh,O-ADD-PORTFOLIO,2,producer_input,current_request_bytes,1580
complementary_k3_n5,fresh,O-ADD-PORTFOLIO,2,producer_input,observed_python_opcode_events,67926
complementary_k3_n5,fresh,O-ADD-PORTFOLIO,2,producer_storage,bounded_native_c_call_events,801
complementary_k3_n5,fresh,O-ADD-PORTFOLIO,2,producer_storage,live_serialized_byte_periods,25914
complementary_k3_n5,fresh,O-ADD-PORTFOLIO,2,producer_storage,observed_python_opcode_events,23521
complementary_k3_n5,fresh,O-ADD-PORTFOLIO,2,receiver_check,bounded_native_c_call_events,5670
complementary_k3_n5,fresh,O-ADD-PORTFOLIO,2,receiver_check,observed_python_opcode_events,126625
complementary_k3_n5,fresh,O-ADD-PORTFOLIO,2,receiver_import,bounded_native_c_call_events,123
complementary_k3_n5,fresh,O-ADD-PORTFOLIO,2,receiver_import,observed_python_opcode_events,65128
complementary_k3_n5,fresh,O-ADD-PORTFOLIO,2,receiver_init,bounded_native_c_call_events,130
complementary_k3_n5,fresh,O-ADD-PORTFOLIO,2,receiver_init,observed_python_opcode_events,27979
complementary_k3_n5,fresh,O-ADD-PORTFOLIO,2,receiver_input,bounded_native_c_call_events,898
complementary_k3_n5,fresh,O-ADD-PORTFOLIO,2,receiver_input,current_request_bytes,1580
complementary_k3_n5,fresh,O-ADD-PORTFOLIO,2,receiver_input,observed_python_opcode_events,67926
complementary_k3_n5,fresh,O-ADD-PORTFOLIO,2,receiver_input,proof_input_bytes,4295
complementary_k3_n5,fresh,O-ADD-PORTFOLIO,2,receiver_old_check,bounded_native_c_call_events,5762
complementary_k3_n5,fresh,O-ADD-PORTFOLIO,2,receiver_old_check,observed_python_opcode_events,329287
complementary_k3_n5,fresh,O-ADD-PORTFOLIO,2,receiver_old_input,bounded_native_c_call_events,2099
complementary_k3_n5,fresh,O-ADD-PORTFOLIO,2,receiver_old_input,observed_python_opcode_events,131028
complementary_k3_n5,fresh,O-ADD-PORTFOLIO,2,receiver_old_input,old_proof_input_bytes,8084
complementary_k3_n5,fresh,O-ADD-PORTFOLIO,2,receiver_old_input,old_request_bytes,2615
complementary_k3_n5,fresh,O-ADD-PORTFOLIO,2,receiver_storage,bounded_native_c_call_events,1071
complementary_k3_n5,fresh,O-ADD-PORTFOLIO,2,receiver_storage,live_serialized_byte_periods,45634
complementary_k3_n5,fresh,O-ADD-PORTFOLIO,2,receiver_storage,observed_python_opcode_events,82986
complementary_k3_n5,fresh,O-ADD-PORTFOLIO,2,request_encoding,bounded_native_c_call_events,930
complementary_k3_n5,fresh,O-ADD-PORTFOLIO,2,request_encoding,observed_python_opcode_events,24363
complementary_k3_n5,fresh,O-ADD-PORTFOLIO,2,terminal,bounded_native_c_call_events,587
complementary_k3_n5,fresh,O-ADD-PORTFOLIO,2,terminal,candidate_publication_events,1
complementary_k3_n5,fresh,O-ADD-PORTFOLIO,2,terminal,current_receipt_output_bytes,3075
complementary_k3_n5,fresh,O-ADD-PORTFOLIO,2,terminal,delivery_events,1
complementary_k3_n5,fresh,O-ADD-PORTFOLIO,2,terminal,observed_python_opcode_events,14984
complementary_k3_n5,fresh,O-ADD-PORTFOLIO,3,coordination,bounded_native_c_call_events,12
complementary_k3_n5,fresh,O-ADD-PORTFOLIO,3,coordination,observed_python_opcode_events,1052
complementary_k3_n5,fresh,O-ADD-PORTFOLIO,3,producer_build,bounded_native_c_call_events,13905
complementary_k3_n5,fresh,O-ADD-PORTFOLIO,3,producer_build,observed_python_opcode_events,298893
complementary_k3_n5,fresh,O-ADD-PORTFOLIO,3,producer_export,bounded_native_c_call_events,11
complementary_k3_n5,fresh,O-ADD-PORTFOLIO,3,producer_export,observed_python_opcode_events,3267
complementary_k3_n5,fresh,O-ADD-PORTFOLIO,3,producer_export,proof_output_bytes,4301
complementary_k3_n5,fresh,O-ADD-PORTFOLIO,3,producer_input,bounded_native_c_call_events,896
complementary_k3_n5,fresh,O-ADD-PORTFOLIO,3,producer_input,current_request_bytes,1586
complementary_k3_n5,fresh,O-ADD-PORTFOLIO,3,producer_input,observed_python_opcode_events,68099
complementary_k3_n5,fresh,O-ADD-PORTFOLIO,3,producer_storage,bounded_native_c_call_events,801
complementary_k3_n5,fresh,O-ADD-PORTFOLIO,3,producer_storage,live_serialized_byte_periods,25926
complementary_k3_n5,fresh,O-ADD-PORTFOLIO,3,producer_storage,observed_python_opcode_events,23521
complementary_k3_n5,fresh,O-ADD-PORTFOLIO,3,receiver_check,bounded_native_c_call_events,5637
complementary_k3_n5,fresh,O-ADD-PORTFOLIO,3,receiver_check,observed_python_opcode_events,125845
complementary_k3_n5,fresh,O-ADD-PORTFOLIO,3,receiver_import,bounded_native_c_call_events,123
complementary_k3_n5,fresh,O-ADD-PORTFOLIO,3,receiver_import,observed_python_opcode_events,65218
complementary_k3_n5,fresh,O-ADD-PORTFOLIO,3,receiver_init,bounded_native_c_call_events,130
complementary_k3_n5,fresh,O-ADD-PORTFOLIO,3,receiver_init,observed_python_opcode_events,27979
complementary_k3_n5,fresh,O-ADD-PORTFOLIO,3,receiver_input,bounded_native_c_call_events,896
complementary_k3_n5,fresh,O-ADD-PORTFOLIO,3,receiver_input,current_request_bytes,1586
complementary_k3_n5,fresh,O-ADD-PORTFOLIO,3,receiver_input,observed_python_opcode_events,68099
complementary_k3_n5,fresh,O-ADD-PORTFOLIO,3,receiver_input,proof_input_bytes,4301
complementary_k3_n5,fresh,O-ADD-PORTFOLIO,3,receiver_old_check,bounded_native_c_call_events,5762
complementary_k3_n5,fresh,O-ADD-PORTFOLIO,3,receiver_old_check,observed_python_opcode_events,329287
complementary_k3_n5,fresh,O-ADD-PORTFOLIO,3,receiver_old_input,bounded_native_c_call_events,2099
complementary_k3_n5,fresh,O-ADD-PORTFOLIO,3,receiver_old_input,observed_python_opcode_events,131028
complementary_k3_n5,fresh,O-ADD-PORTFOLIO,3,receiver_old_input,old_proof_input_bytes,8084
complementary_k3_n5,fresh,O-ADD-PORTFOLIO,3,receiver_old_input,old_request_bytes,2615
complementary_k3_n5,fresh,O-ADD-PORTFOLIO,3,receiver_storage,bounded_native_c_call_events,1071
complementary_k3_n5,fresh,O-ADD-PORTFOLIO,3,receiver_storage,live_serialized_byte_periods,45652
complementary_k3_n5,fresh,O-ADD-PORTFOLIO,3,receiver_storage,observed_python_opcode_events,82986
complementary_k3_n5,fresh,O-ADD-PORTFOLIO,3,request_encoding,bounded_native_c_call_events,930
complementary_k3_n5,fresh,O-ADD-PORTFOLIO,3,request_encoding,observed_python_opcode_events,24371
complementary_k3_n5,fresh,O-ADD-PORTFOLIO,3,terminal,bounded_native_c_call_events,563
complementary_k3_n5,fresh,O-ADD-PORTFOLIO,3,terminal,candidate_publication_events,1
complementary_k3_n5,fresh,O-ADD-PORTFOLIO,3,terminal,current_receipt_output_bytes,3081
complementary_k3_n5,fresh,O-ADD-PORTFOLIO,3,terminal,delivery_events,1
complementary_k3_n5,fresh,O-ADD-PORTFOLIO,3,terminal,observed_python_opcode_events,14468
complementary_k3_n5,fresh,O-ADD-PORTFOLIO,4,coordination,bounded_native_c_call_events,12
complementary_k3_n5,fresh,O-ADD-PORTFOLIO,4,coordination,observed_python_opcode_events,1052
complementary_k3_n5,fresh,O-ADD-PORTFOLIO,4,producer_build,bounded_native_c_call_events,15342
complementary_k3_n5,fresh,O-ADD-PORTFOLIO,4,producer_build,observed_python_opcode_events,327576
complementary_k3_n5,fresh,O-ADD-PORTFOLIO,4,producer_export,bounded_native_c_call_events,11
complementary_k3_n5,fresh,O-ADD-PORTFOLIO,4,producer_export,observed_python_opcode_events,3267
complementary_k3_n5,fresh,O-ADD-PORTFOLIO,4,producer_export,proof_output_bytes,4394
complementary_k3_n5,fresh,O-ADD-PORTFOLIO,4,producer_input,bounded_native_c_call_events,997
complementary_k3_n5,fresh,O-ADD-PORTFOLIO,4,producer_input,current_request_bytes,1679
complementary_k3_n5,fresh,O-ADD-PORTFOLIO,4,producer_input,observed_python_opcode_events,72758
complementary_k3_n5,fresh,O-ADD-PORTFOLIO,4,producer_storage,bounded_native_c_call_events,801
complementary_k3_n5,fresh,O-ADD-PORTFOLIO,4,producer_storage,live_serialized_byte_periods,26184
complementary_k3_n5,fresh,O-ADD-PORTFOLIO,4,producer_storage,observed_python_opcode_events,23521
complementary_k3_n5,fresh,O-ADD-PORTFOLIO,4,receiver_check,bounded_native_c_call_events,6141
complementary_k3_n5,fresh,O-ADD-PORTFOLIO,4,receiver_check,observed_python_opcode_events,135718
complementary_k3_n5,fresh,O-ADD-PORTFOLIO,4,receiver_import,bounded_native_c_call_events,123
complementary_k3_n5,fresh,O-ADD-PORTFOLIO,4,receiver_import,observed_python_opcode_events,66469
complementary_k3_n5,fresh,O-ADD-PORTFOLIO,4,receiver_init,bounded_native_c_call_events,130
complementary_k3_n5,fresh,O-ADD-PORTFOLIO,4,receiver_init,observed_python_opcode_events,27979
complementary_k3_n5,fresh,O-ADD-PORTFOLIO,4,receiver_input,bounded_native_c_call_events,997
complementary_k3_n5,fresh,O-ADD-PORTFOLIO,4,receiver_input,current_request_bytes,1679
complementary_k3_n5,fresh,O-ADD-PORTFOLIO,4,receiver_input,observed_python_opcode_events,72758
complementary_k3_n5,fresh,O-ADD-PORTFOLIO,4,receiver_input,proof_input_bytes,4394
complementary_k3_n5,fresh,O-ADD-PORTFOLIO,4,receiver_old_check,bounded_native_c_call_events,5762
complementary_k3_n5,fresh,O-ADD-PORTFOLIO,4,receiver_old_check,observed_python_opcode_events,329287
complementary_k3_n5,fresh,O-ADD-PORTFOLIO,4,receiver_old_input,bounded_native_c_call_events,2099
complementary_k3_n5,fresh,O-ADD-PORTFOLIO,4,receiver_old_input,observed_python_opcode_events,131028
complementary_k3_n5,fresh,O-ADD-PORTFOLIO,4,receiver_old_input,old_proof_input_bytes,8084
complementary_k3_n5,fresh,O-ADD-PORTFOLIO,4,receiver_old_input,old_request_bytes,2615
complementary_k3_n5,fresh,O-ADD-PORTFOLIO,4,receiver_storage,bounded_native_c_call_events,1071
complementary_k3_n5,fresh,O-ADD-PORTFOLIO,4,receiver_storage,live_serialized_byte_periods,46039
complementary_k3_n5,fresh,O-ADD-PORTFOLIO,4,receiver_storage,observed_python_opcode_events,82986
complementary_k3_n5,fresh,O-ADD-PORTFOLIO,4,request_encoding,bounded_native_c_call_events,1006
complementary_k3_n5,fresh,O-ADD-PORTFOLIO,4,request_encoding,observed_python_opcode_events,26293
complementary_k3_n5,fresh,O-ADD-PORTFOLIO,4,terminal,bounded_native_c_call_events,659
complementary_k3_n5,fresh,O-ADD-PORTFOLIO,4,terminal,candidate_publication_events,1
complementary_k3_n5,fresh,O-ADD-PORTFOLIO,4,terminal,current_receipt_output_bytes,3174
complementary_k3_n5,fresh,O-ADD-PORTFOLIO,4,terminal,delivery_events,1
complementary_k3_n5,fresh,O-ADD-PORTFOLIO,4,terminal,observed_python_opcode_events,16741
complementary_k3_n5,fresh,O-ADD-PORTFOLIO,5,coordination,bounded_native_c_call_events,12
complementary_k3_n5,fresh,O-ADD-PORTFOLIO,5,coordination,observed_python_opcode_events,1052
complementary_k3_n5,fresh,O-ADD-PORTFOLIO,5,producer_build,bounded_native_c_call_events,15203
complementary_k3_n5,fresh,O-ADD-PORTFOLIO,5,producer_build,observed_python_opcode_events,326837
complementary_k3_n5,fresh,O-ADD-PORTFOLIO,5,producer_export,bounded_native_c_call_events,11
complementary_k3_n5,fresh,O-ADD-PORTFOLIO,5,producer_export,observed_python_opcode_events,3267
complementary_k3_n5,fresh,O-ADD-PORTFOLIO,5,producer_export,proof_output_bytes,4398
complementary_k3_n5,fresh,O-ADD-PORTFOLIO,5,producer_input,bounded_native_c_call_events,993
complementary_k3_n5,fresh,O-ADD-PORTFOLIO,5,producer_input,current_request_bytes,1683
complementary_k3_n5,fresh,O-ADD-PORTFOLIO,5,producer_input,observed_python_opcode_events,72876
complementary_k3_n5,fresh,O-ADD-PORTFOLIO,5,producer_storage,bounded_native_c_call_events,801
complementary_k3_n5,fresh,O-ADD-PORTFOLIO,5,producer_storage,live_serialized_byte_periods,26192
complementary_k3_n5,fresh,O-ADD-PORTFOLIO,5,producer_storage,observed_python_opcode_events,23521
complementary_k3_n5,fresh,O-ADD-PORTFOLIO,5,receiver_check,bounded_native_c_call_events,6065
complementary_k3_n5,fresh,O-ADD-PORTFOLIO,5,receiver_check,observed_python_opcode_events,134400
complementary_k3_n5,fresh,O-ADD-PORTFOLIO,5,receiver_import,bounded_native_c_call_events,123
complementary_k3_n5,fresh,O-ADD-PORTFOLIO,5,receiver_import,observed_python_opcode_events,66529
complementary_k3_n5,fresh,O-ADD-PORTFOLIO,5,receiver_init,bounded_native_c_call_events,130
complementary_k3_n5,fresh,O-ADD-PORTFOLIO,5,receiver_init,observed_python_opcode_events,27979
complementary_k3_n5,fresh,O-ADD-PORTFOLIO,5,receiver_input,bounded_native_c_call_events,993
complementary_k3_n5,fresh,O-ADD-PORTFOLIO,5,receiver_input,current_request_bytes,1683
complementary_k3_n5,fresh,O-ADD-PORTFOLIO,5,receiver_input,observed_python_opcode_events,72876
complementary_k3_n5,fresh,O-ADD-PORTFOLIO,5,receiver_input,proof_input_bytes,4398
complementary_k3_n5,fresh,O-ADD-PORTFOLIO,5,receiver_old_check,bounded_native_c_call_events,5762
complementary_k3_n5,fresh,O-ADD-PORTFOLIO,5,receiver_old_check,observed_python_opcode_events,329287
complementary_k3_n5,fresh,O-ADD-PORTFOLIO,5,receiver_old_input,bounded_native_c_call_events,2099
complementary_k3_n5,fresh,O-ADD-PORTFOLIO,5,receiver_old_input,observed_python_opcode_events,131028
complementary_k3_n5,fresh,O-ADD-PORTFOLIO,5,receiver_old_input,old_proof_input_bytes,8084
complementary_k3_n5,fresh,O-ADD-PORTFOLIO,5,receiver_old_input,old_request_bytes,2615
complementary_k3_n5,fresh,O-ADD-PORTFOLIO,5,receiver_storage,bounded_native_c_call_events,1071
complementary_k3_n5,fresh,O-ADD-PORTFOLIO,5,receiver_storage,live_serialized_byte_periods,46051
complementary_k3_n5,fresh,O-ADD-PORTFOLIO,5,receiver_storage,observed_python_opcode_events,82986
complementary_k3_n5,fresh,O-ADD-PORTFOLIO,5,request_encoding,bounded_native_c_call_events,1006
complementary_k3_n5,fresh,O-ADD-PORTFOLIO,5,request_encoding,observed_python_opcode_events,26315
complementary_k3_n5,fresh,O-ADD-PORTFOLIO,5,terminal,bounded_native_c_call_events,631
complementary_k3_n5,fresh,O-ADD-PORTFOLIO,5,terminal,candidate_publication_events,1
complementary_k3_n5,fresh,O-ADD-PORTFOLIO,5,terminal,current_receipt_output_bytes,3178
complementary_k3_n5,fresh,O-ADD-PORTFOLIO,5,terminal,delivery_events,1
complementary_k3_n5,fresh,O-ADD-PORTFOLIO,5,terminal,observed_python_opcode_events,16065
complementary_k3_n5,fresh,O-ADD-PORTFOLIO,6,coordination,bounded_native_c_call_events,12
complementary_k3_n5,fresh,O-ADD-PORTFOLIO,6,coordination,observed_python_opcode_events,1052
complementary_k3_n5,fresh,O-ADD-PORTFOLIO,6,producer_build,bounded_native_c_call_events,16055
complementary_k3_n5,fresh,O-ADD-PORTFOLIO,6,producer_build,observed_python_opcode_events,337076
complementary_k3_n5,fresh,O-ADD-PORTFOLIO,6,producer_export,bounded_native_c_call_events,11
complementary_k3_n5,fresh,O-ADD-PORTFOLIO,6,producer_export,observed_python_opcode_events,3271
complementary_k3_n5,fresh,O-ADD-PORTFOLIO,6,producer_export,proof_output_bytes,4425
complementary_k3_n5,fresh,O-ADD-PORTFOLIO,6,producer_input,bounded_native_c_call_events,1054
complementary_k3_n5,fresh,O-ADD-PORTFOLIO,6,producer_input,current_request_bytes,1710
complementary_k3_n5,fresh,O-ADD-PORTFOLIO,6,producer_input,observed_python_opcode_events,74661
complementary_k3_n5,fresh,O-ADD-PORTFOLIO,6,producer_storage,bounded_native_c_call_events,801
complementary_k3_n5,fresh,O-ADD-PORTFOLIO,6,producer_storage,live_serialized_byte_periods,26270
complementary_k3_n5,fresh,O-ADD-PORTFOLIO,6,producer_storage,observed_python_opcode_events,23521
complementary_k3_n5,fresh,O-ADD-PORTFOLIO,6,receiver_check,bounded_native_c_call_events,6379
complementary_k3_n5,fresh,O-ADD-PORTFOLIO,6,receiver_check,observed_python_opcode_events,138732
complementary_k3_n5,fresh,O-ADD-PORTFOLIO,6,receiver_import,bounded_native_c_call_events,121
complementary_k3_n5,fresh,O-ADD-PORTFOLIO,6,receiver_import,observed_python_opcode_events,66875
complementary_k3_n5,fresh,O-ADD-PORTFOLIO,6,receiver_init,bounded_native_c_call_events,130
complementary_k3_n5,fresh,O-ADD-PORTFOLIO,6,receiver_init,observed_python_opcode_events,27979
complementary_k3_n5,fresh,O-ADD-PORTFOLIO,6,receiver_input,bounded_native_c_call_events,1054
complementary_k3_n5,fresh,O-ADD-PORTFOLIO,6,receiver_input,current_request_bytes,1710
complementary_k3_n5,fresh,O-ADD-PORTFOLIO,6,receiver_input,observed_python_opcode_events,74661
complementary_k3_n5,fresh,O-ADD-PORTFOLIO,6,receiver_input,proof_input_bytes,4425
complementary_k3_n5,fresh,O-ADD-PORTFOLIO,6,receiver_old_check,bounded_native_c_call_events,5762
complementary_k3_n5,fresh,O-ADD-PORTFOLIO,6,receiver_old_check,observed_python_opcode_events,329287
complementary_k3_n5,fresh,O-ADD-PORTFOLIO,6,receiver_old_input,bounded_native_c_call_events,2099
complementary_k3_n5,fresh,O-ADD-PORTFOLIO,6,receiver_old_input,observed_python_opcode_events,131028
complementary_k3_n5,fresh,O-ADD-PORTFOLIO,6,receiver_old_input,old_proof_input_bytes,8084
complementary_k3_n5,fresh,O-ADD-PORTFOLIO,6,receiver_old_input,old_request_bytes,2615
complementary_k3_n5,fresh,O-ADD-PORTFOLIO,6,receiver_storage,bounded_native_c_call_events,1071
complementary_k3_n5,fresh,O-ADD-PORTFOLIO,6,receiver_storage,live_serialized_byte_periods,46168
complementary_k3_n5,fresh,O-ADD-PORTFOLIO,6,receiver_storage,observed_python_opcode_events,82986
complementary_k3_n5,fresh,O-ADD-PORTFOLIO,6,request_encoding,bounded_native_c_call_events,1047
complementary_k3_n5,fresh,O-ADD-PORTFOLIO,6,request_encoding,observed_python_opcode_events,27221
complementary_k3_n5,fresh,O-ADD-PORTFOLIO,6,terminal,bounded_native_c_call_events,652
complementary_k3_n5,fresh,O-ADD-PORTFOLIO,6,terminal,candidate_publication_events,1
complementary_k3_n5,fresh,O-ADD-PORTFOLIO,6,terminal,current_receipt_output_bytes,3205
complementary_k3_n5,fresh,O-ADD-PORTFOLIO,6,terminal,delivery_events,1
complementary_k3_n5,fresh,O-ADD-PORTFOLIO,6,terminal,observed_python_opcode_events,16562
complementary_k3_n5,fresh,O-ADD-WARM,1,common_source,bounded_native_c_call_events,371
complementary_k3_n5,fresh,O-ADD-WARM,1,common_source,observed_python_opcode_events,32551
complementary_k3_n5,fresh,O-ADD-WARM,1,common_source,source_hash_bytes_prepaid,197956
complementary_k3_n5,fresh,O-ADD-WARM,1,common_source,source_length_probe_bytes_prepaid,8
complementary_k3_n5,fresh,O-ADD-WARM,1,common_source,source_program_bytes_prepaid,197956
complementary_k3_n5,fresh,O-ADD-WARM,1,common_source,source_record_bytes,1199
complementary_k3_n5,fresh,O-ADD-WARM,1,coordination,bounded_native_c_call_events,10
complementary_k3_n5,fresh,O-ADD-WARM,1,coordination,observed_python_opcode_events,628
complementary_k3_n5,fresh,O-ADD-WARM,1,producer_build,bounded_native_c_call_events,5959
complementary_k3_n5,fresh,O-ADD-WARM,1,producer_build,observed_python_opcode_events,179099
complementary_k3_n5,fresh,O-ADD-WARM,1,producer_export,bounded_native_c_call_events,8
complementary_k3_n5,fresh,O-ADD-WARM,1,producer_export,observed_python_opcode_events,260
complementary_k3_n5,fresh,O-ADD-WARM,1,producer_export,proof_output_bytes,6398
complementary_k3_n5,fresh,O-ADD-WARM,1,producer_init,bounded_native_c_call_events,19
complementary_k3_n5,fresh,O-ADD-WARM,1,producer_init,observed_python_opcode_events,815
complementary_k3_n5,fresh,O-ADD-WARM,1,producer_input,bounded_native_c_call_events,869
complementary_k3_n5,fresh,O-ADD-WARM,1,producer_input,current_request_bytes,1558
complementary_k3_n5,fresh,O-ADD-WARM,1,producer_input,observed_python_opcode_events,66511
complementary_k3_n5,fresh,O-ADD-WARM,1,producer_storage,bounded_native_c_call_events,758
complementary_k3_n5,fresh,O-ADD-WARM,1,producer_storage,live_serialized_byte_periods,22495
complementary_k3_n5,fresh,O-ADD-WARM,1,producer_storage,observed_python_opcode_events,81586
complementary_k3_n5,fresh,O-ADD-WARM,1,receiver_check,bounded_native_c_call_events,5626
complementary_k3_n5,fresh,O-ADD-WARM,1,receiver_check,observed_python_opcode_events,322121
complementary_k3_n5,fresh,O-ADD-WARM,1,receiver_init,bounded_native_c_call_events,130
complementary_k3_n5,fresh,O-ADD-WARM,1,receiver_init,observed_python_opcode_events,27975
complementary_k3_n5,fresh,O-ADD-WARM,1,receiver_input,bounded_native_c_call_events,869
complementary_k3_n5,fresh,O-ADD-WARM,1,receiver_input,current_request_bytes,1558
complementary_k3_n5,fresh,O-ADD-WARM,1,receiver_input,observed_python_opcode_events,66511
complementary_k3_n5,fresh,O-ADD-WARM,1,receiver_input,proof_input_bytes,6398
complementary_k3_n5,fresh,O-ADD-WARM,1,receiver_storage,bounded_native_c_call_events,22
complementary_k3_n5,fresh,O-ADD-WARM,1,receiver_storage,live_serialized_byte_periods,23162
complementary_k3_n5,fresh,O-ADD-WARM,1,receiver_storage,observed_python_opcode_events,33086
complementary_k3_n5,fresh,O-ADD-WARM,1,request_encoding,bounded_native_c_call_events,894
complementary_k3_n5,fresh,O-ADD-WARM,1,request_encoding,observed_python_opcode_events,23553
complementary_k3_n5,fresh,O-ADD-WARM,1,terminal,bounded_native_c_call_events,555
complementary_k3_n5,fresh,O-ADD-WARM,1,terminal,candidate_publication_events,1
complementary_k3_n5,fresh,O-ADD-WARM,1,terminal,current_receipt_output_bytes,3053
complementary_k3_n5,fresh,O-ADD-WARM,1,terminal,delivery_events,1
complementary_k3_n5,fresh,O-ADD-WARM,1,terminal,observed_python_opcode_events,14240
complementary_k3_n5,fresh,O-ADD-WARM,2,coordination,bounded_native_c_call_events,10
complementary_k3_n5,fresh,O-ADD-WARM,2,coordination,observed_python_opcode_events,592
complementary_k3_n5,fresh,O-ADD-WARM,2,producer_build,bounded_native_c_call_events,3710
complementary_k3_n5,fresh,O-ADD-WARM,2,producer_build,observed_python_opcode_events,126107
complementary_k3_n5,fresh,O-ADD-WARM,2,producer_export,bounded_native_c_call_events,8
complementary_k3_n5,fresh,O-ADD-WARM,2,producer_export,observed_python_opcode_events,260
complementary_k3_n5,fresh,O-ADD-WARM,2,producer_export,proof_output_bytes,6949
complementary_k3_n5,fresh,O-ADD-WARM,2,producer_input,bounded_native_c_call_events,898
complementary_k3_n5,fresh,O-ADD-WARM,2,producer_input,current_request_bytes,1580
complementary_k3_n5,fresh,O-ADD-WARM,2,producer_input,observed_python_opcode_events,67926
complementary_k3_n5,fresh,O-ADD-WARM,2,producer_storage,bounded_native_c_call_events,784
complementary_k3_n5,fresh,O-ADD-WARM,2,producer_storage,live_serialized_byte_periods,24312
complementary_k3_n5,fresh,O-ADD-WARM,2,producer_storage,observed_python_opcode_events,95361
complementary_k3_n5,fresh,O-ADD-WARM,2,receiver_check,bounded_native_c_call_events,6696
complementary_k3_n5,fresh,O-ADD-WARM,2,receiver_check,observed_python_opcode_events,368595
complementary_k3_n5,fresh,O-ADD-WARM,2,receiver_init,bounded_native_c_call_events,130
complementary_k3_n5,fresh,O-ADD-WARM,2,receiver_init,observed_python_opcode_events,27975
complementary_k3_n5,fresh,O-ADD-WARM,2,receiver_input,bounded_native_c_call_events,898
complementary_k3_n5,fresh,O-ADD-WARM,2,receiver_input,current_request_bytes,1580
complementary_k3_n5,fresh,O-ADD-WARM,2,receiver_input,observed_python_opcode_events,67926
complementary_k3_n5,fresh,O-ADD-WARM,2,receiver_input,proof_input_bytes,6949
complementary_k3_n5,fresh,O-ADD-WARM,2,receiver_storage,bounded_native_c_call_events,22
complementary_k3_n5,fresh,O-ADD-WARM,2,receiver_storage,live_serialized_byte_periods,24628
complementary_k3_n5,fresh,O-ADD-WARM,2,receiver_storage,observed_python_opcode_events,41751
complementary_k3_n5,fresh,O-ADD-WARM,2,request_encoding,bounded_native_c_call_events,930
complementary_k3_n5,fresh,O-ADD-WARM,2,request_encoding,observed_python_opcode_events,24363
complementary_k3_n5,fresh,O-ADD-WARM,2,terminal,bounded_native_c_call_events,587
complementary_k3_n5,fresh,O-ADD-WARM,2,terminal,candidate_publication_events,1
complementary_k3_n5,fresh,O-ADD-WARM,2,terminal,current_receipt_output_bytes,3075
complementary_k3_n5,fresh,O-ADD-WARM,2,terminal,delivery_events,1
complementary_k3_n5,fresh,O-ADD-WARM,2,terminal,observed_python_opcode_events,14984
complementary_k3_n5,fresh,O-ADD-WARM,3,coordination,bounded_native_c_call_events,10
complementary_k3_n5,fresh,O-ADD-WARM,3,coordination,observed_python_opcode_events,592
complementary_k3_n5,fresh,O-ADD-WARM,3,producer_build,bounded_native_c_call_events,3831
complementary_k3_n5,fresh,O-ADD-WARM,3,producer_build,observed_python_opcode_events,134967
complementary_k3_n5,fresh,O-ADD-WARM,3,producer_export,bounded_native_c_call_events,8
complementary_k3_n5,fresh,O-ADD-WARM,3,producer_export,observed_python_opcode_events,260
complementary_k3_n5,fresh,O-ADD-WARM,3,producer_export,proof_output_bytes,7554
complementary_k3_n5,fresh,O-ADD-WARM,3,producer_input,bounded_native_c_call_events,896
complementary_k3_n5,fresh,O-ADD-WARM,3,producer_input,current_request_bytes,1586
complementary_k3_n5,fresh,O-ADD-WARM,3,producer_input,observed_python_opcode_events,68099
complementary_k3_n5,fresh,O-ADD-WARM,3,producer_storage,bounded_native_c_call_events,804
complementary_k3_n5,fresh,O-ADD-WARM,3,producer_storage,live_serialized_byte_periods,26335
complementary_k3_n5,fresh,O-ADD-WARM,3,producer_storage,observed_python_opcode_events,111451
complementary_k3_n5,fresh,O-ADD-WARM,3,receiver_check,bounded_native_c_call_events,7857
complementary_k3_n5,fresh,O-ADD-WARM,3,receiver_check,observed_python_opcode_events,420437
complementary_k3_n5,fresh,O-ADD-WARM,3,receiver_init,bounded_native_c_call_events,130
complementary_k3_n5,fresh,O-ADD-WARM,3,receiver_init,observed_python_opcode_events,27975
complementary_k3_n5,fresh,O-ADD-WARM,3,receiver_input,bounded_native_c_call_events,896
complementary_k3_n5,fresh,O-ADD-WARM,3,receiver_input,current_request_bytes,1586
complementary_k3_n5,fresh,O-ADD-WARM,3,receiver_input,observed_python_opcode_events,68099
complementary_k3_n5,fresh,O-ADD-WARM,3,receiver_input,proof_input_bytes,7554
complementary_k3_n5,fresh,O-ADD-WARM,3,receiver_storage,bounded_native_c_call_events,22
complementary_k3_n5,fresh,O-ADD-WARM,3,receiver_storage,live_serialized_byte_periods,26232
complementary_k3_n5,fresh,O-ADD-WARM,3,receiver_storage,observed_python_opcode_events,52703
complementary_k3_n5,fresh,O-ADD-WARM,3,request_encoding,bounded_native_c_call_events,930
complementary_k3_n5,fresh,O-ADD-WARM,3,request_encoding,observed_python_opcode_events,24371
complementary_k3_n5,fresh,O-ADD-WARM,3,terminal,bounded_native_c_call_events,563
complementary_k3_n5,fresh,O-ADD-WARM,3,terminal,candidate_publication_events,1
complementary_k3_n5,fresh,O-ADD-WARM,3,terminal,current_receipt_output_bytes,3081
complementary_k3_n5,fresh,O-ADD-WARM,3,terminal,delivery_events,1
complementary_k3_n5,fresh,O-ADD-WARM,3,terminal,observed_python_opcode_events,14468
complementary_k3_n5,fresh,O-ADD-WARM,4,coordination,bounded_native_c_call_events,10
complementary_k3_n5,fresh,O-ADD-WARM,4,coordination,observed_python_opcode_events,592
complementary_k3_n5,fresh,O-ADD-WARM,4,producer_build,bounded_native_c_call_events,4555
complementary_k3_n5,fresh,O-ADD-WARM,4,producer_build,observed_python_opcode_events,160009
complementary_k3_n5,fresh,O-ADD-WARM,4,producer_export,bounded_native_c_call_events,8
complementary_k3_n5,fresh,O-ADD-WARM,4,producer_export,observed_python_opcode_events,260
complementary_k3_n5,fresh,O-ADD-WARM,4,producer_export,proof_output_bytes,8524
complementary_k3_n5,fresh,O-ADD-WARM,4,producer_input,bounded_native_c_call_events,997
complementary_k3_n5,fresh,O-ADD-WARM,4,producer_input,current_request_bytes,1679
complementary_k3_n5,fresh,O-ADD-WARM,4,producer_input,observed_python_opcode_events,72758
complementary_k3_n5,fresh,O-ADD-WARM,4,producer_storage,bounded_native_c_call_events,836
complementary_k3_n5,fresh,O-ADD-WARM,4,producer_storage,live_serialized_byte_periods,29532
complementary_k3_n5,fresh,O-ADD-WARM,4,producer_storage,observed_python_opcode_events,134331
complementary_k3_n5,fresh,O-ADD-WARM,4,receiver_check,bounded_native_c_call_events,9701
complementary_k3_n5,fresh,O-ADD-WARM,4,receiver_check,observed_python_opcode_events,501650
complementary_k3_n5,fresh,O-ADD-WARM,4,receiver_init,bounded_native_c_call_events,130
complementary_k3_n5,fresh,O-ADD-WARM,4,receiver_init,observed_python_opcode_events,27975
complementary_k3_n5,fresh,O-ADD-WARM,4,receiver_input,bounded_native_c_call_events,997
complementary_k3_n5,fresh,O-ADD-WARM,4,receiver_input,current_request_bytes,1679
complementary_k3_n5,fresh,O-ADD-WARM,4,receiver_input,observed_python_opcode_events,72758
complementary_k3_n5,fresh,O-ADD-WARM,4,receiver_input,proof_input_bytes,8524
complementary_k3_n5,fresh,O-ADD-WARM,4,receiver_storage,bounded_native_c_call_events,22
complementary_k3_n5,fresh,O-ADD-WARM,4,receiver_storage,live_serialized_byte_periods,29032
complementary_k3_n5,fresh,O-ADD-WARM,4,receiver_storage,observed_python_opcode_events,67505
complementary_k3_n5,fresh,O-ADD-WARM,4,request_encoding,bounded_native_c_call_events,1006
complementary_k3_n5,fresh,O-ADD-WARM,4,request_encoding,observed_python_opcode_events,26293
complementary_k3_n5,fresh,O-ADD-WARM,4,terminal,bounded_native_c_call_events,659
complementary_k3_n5,fresh,O-ADD-WARM,4,terminal,candidate_publication_events,1
complementary_k3_n5,fresh,O-ADD-WARM,4,terminal,current_receipt_output_bytes,3174
complementary_k3_n5,fresh,O-ADD-WARM,4,terminal,delivery_events,1
complementary_k3_n5,fresh,O-ADD-WARM,4,terminal,observed_python_opcode_events,16741
complementary_k3_n5,fresh,O-ADD-WARM,5,coordination,bounded_native_c_call_events,10
complementary_k3_n5,fresh,O-ADD-WARM,5,coordination,observed_python_opcode_events,592
complementary_k3_n5,fresh,O-ADD-WARM,5,producer_build,bounded_native_c_call_events,4396
complementary_k3_n5,fresh,O-ADD-WARM,5,producer_build,observed_python_opcode_events,158834
complementary_k3_n5,fresh,O-ADD-WARM,5,producer_export,bounded_native_c_call_events,8
complementary_k3_n5,fresh,O-ADD-WARM,5,producer_export,observed_python_opcode_events,260
complementary_k3_n5,fresh,O-ADD-WARM,5,producer_export,proof_output_bytes,9184
complementary_k3_n5,fresh,O-ADD-WARM,5,producer_input,bounded_native_c_call_events,993
complementary_k3_n5,fresh,O-ADD-WARM,5,producer_input,current_request_bytes,1683
complementary_k3_n5,fresh,O-ADD-WARM,5,producer_input,observed_python_opcode_events,72876
complementary_k3_n5,fresh,O-ADD-WARM,5,producer_storage,bounded_native_c_call_events,862
complementary_k3_n5,fresh,O-ADD-WARM,5,producer_storage,live_serialized_byte_periods,31719
complementary_k3_n5,fresh,O-ADD-WARM,5,producer_storage,observed_python_opcode_events,150839
complementary_k3_n5,fresh,O-ADD-WARM,5,receiver_check,bounded_native_c_call_events,10930
complementary_k3_n5,fresh,O-ADD-WARM,5,receiver_check,observed_python_opcode_events,556636
complementary_k3_n5,fresh,O-ADD-WARM,5,receiver_init,bounded_native_c_call_events,130
complementary_k3_n5,fresh,O-ADD-WARM,5,receiver_init,observed_python_opcode_events,27975
complementary_k3_n5,fresh,O-ADD-WARM,5,receiver_input,bounded_native_c_call_events,993
complementary_k3_n5,fresh,O-ADD-WARM,5,receiver_input,current_request_bytes,1683
complementary_k3_n5,fresh,O-ADD-WARM,5,receiver_input,observed_python_opcode_events,72876
complementary_k3_n5,fresh,O-ADD-WARM,5,receiver_input,proof_input_bytes,9184
complementary_k3_n5,fresh,O-ADD-WARM,5,receiver_storage,bounded_native_c_call_events,22
complementary_k3_n5,fresh,O-ADD-WARM,5,receiver_storage,live_serialized_byte_periods,30716
complementary_k3_n5,fresh,O-ADD-WARM,5,receiver_storage,observed_python_opcode_events,77980
complementary_k3_n5,fresh,O-ADD-WARM,5,request_encoding,bounded_native_c_call_events,1006
complementary_k3_n5,fresh,O-ADD-WARM,5,request_encoding,observed_python_opcode_events,26315
complementary_k3_n5,fresh,O-ADD-WARM,5,terminal,bounded_native_c_call_events,631
complementary_k3_n5,fresh,O-ADD-WARM,5,terminal,candidate_publication_events,1
complementary_k3_n5,fresh,O-ADD-WARM,5,terminal,current_receipt_output_bytes,3178
complementary_k3_n5,fresh,O-ADD-WARM,5,terminal,delivery_events,1
complementary_k3_n5,fresh,O-ADD-WARM,5,terminal,observed_python_opcode_events,16065
complementary_k3_n5,fresh,O-ADD-WARM,6,coordination,bounded_native_c_call_events,10
complementary_k3_n5,fresh,O-ADD-WARM,6,coordination,observed_python_opcode_events,592
complementary_k3_n5,fresh,O-ADD-WARM,6,producer_build,bounded_native_c_call_events,5049
complementary_k3_n5,fresh,O-ADD-WARM,6,producer_build,observed_python_opcode_events,178399
complementary_k3_n5,fresh,O-ADD-WARM,6,producer_export,bounded_native_c_call_events,8
complementary_k3_n5,fresh,O-ADD-WARM,6,producer_export,observed_python_opcode_events,260
complementary_k3_n5,fresh,O-ADD-WARM,6,producer_export,proof_output_bytes,10101
complementary_k3_n5,fresh,O-ADD-WARM,6,producer_input,bounded_native_c_call_events,1054
complementary_k3_n5,fresh,O-ADD-WARM,6,producer_input,current_request_bytes,1710
complementary_k3_n5,fresh,O-ADD-WARM,6,producer_input,observed_python_opcode_events,74661
complementary_k3_n5,fresh,O-ADD-WARM,6,producer_storage,bounded_native_c_call_events,982
complementary_k3_n5,fresh,O-ADD-WARM,6,producer_storage,live_serialized_byte_periods,34742
complementary_k3_n5,fresh,O-ADD-WARM,6,producer_storage,observed_python_opcode_events,169077
complementary_k3_n5,fresh,O-ADD-WARM,6,receiver_check,bounded_native_c_call_events,12420
complementary_k3_n5,fresh,O-ADD-WARM,6,receiver_check,observed_python_opcode_events,626631
complementary_k3_n5,fresh,O-ADD-WARM,6,receiver_init,bounded_native_c_call_events,130
complementary_k3_n5,fresh,O-ADD-WARM,6,receiver_init,observed_python_opcode_events,27975
complementary_k3_n5,fresh,O-ADD-WARM,6,receiver_input,bounded_native_c_call_events,1054
complementary_k3_n5,fresh,O-ADD-WARM,6,receiver_input,current_request_bytes,1710
complementary_k3_n5,fresh,O-ADD-WARM,6,receiver_input,observed_python_opcode_events,74661
complementary_k3_n5,fresh,O-ADD-WARM,6,receiver_input,proof_input_bytes,10101
complementary_k3_n5,fresh,O-ADD-WARM,6,receiver_storage,bounded_native_c_call_events,22
complementary_k3_n5,fresh,O-ADD-WARM,6,receiver_storage,live_serialized_byte_periods,33019
complementary_k3_n5,fresh,O-ADD-WARM,6,receiver_storage,observed_python_opcode_events,87038
complementary_k3_n5,fresh,O-ADD-WARM,6,request_encoding,bounded_native_c_call_events,1047
complementary_k3_n5,fresh,O-ADD-WARM,6,request_encoding,observed_python_opcode_events,27221
complementary_k3_n5,fresh,O-ADD-WARM,6,terminal,bounded_native_c_call_events,652
complementary_k3_n5,fresh,O-ADD-WARM,6,terminal,candidate_publication_events,1
complementary_k3_n5,fresh,O-ADD-WARM,6,terminal,current_receipt_output_bytes,3205
complementary_k3_n5,fresh,O-ADD-WARM,6,terminal,delivery_events,1
complementary_k3_n5,fresh,O-ADD-WARM,6,terminal,observed_python_opcode_events,16562
complementary_k3_n5,fresh,O-ENUM-RECEIVER,1,common_source,bounded_native_c_call_events,371
complementary_k3_n5,fresh,O-ENUM-RECEIVER,1,common_source,observed_python_opcode_events,32551
complementary_k3_n5,fresh,O-ENUM-RECEIVER,1,common_source,source_hash_bytes_prepaid,197956
complementary_k3_n5,fresh,O-ENUM-RECEIVER,1,common_source,source_length_probe_bytes_prepaid,8
complementary_k3_n5,fresh,O-ENUM-RECEIVER,1,common_source,source_program_bytes_prepaid,197956
complementary_k3_n5,fresh,O-ENUM-RECEIVER,1,common_source,source_record_bytes,1199
complementary_k3_n5,fresh,O-ENUM-RECEIVER,1,coordination,bounded_native_c_call_events,10
complementary_k3_n5,fresh,O-ENUM-RECEIVER,1,coordination,observed_python_opcode_events,431
complementary_k3_n5,fresh,O-ENUM-RECEIVER,1,producer_storage,bounded_native_c_call_events,398
complementary_k3_n5,fresh,O-ENUM-RECEIVER,1,producer_storage,live_serialized_byte_periods,4048
complementary_k3_n5,fresh,O-ENUM-RECEIVER,1,producer_storage,observed_python_opcode_events,12189
complementary_k3_n5,fresh,O-ENUM-RECEIVER,1,receiver_check,bounded_native_c_call_events,5036
complementary_k3_n5,fresh,O-ENUM-RECEIVER,1,receiver_check,observed_python_opcode_events,124252
complementary_k3_n5,fresh,O-ENUM-RECEIVER,1,receiver_input,bounded_native_c_call_events,869
complementary_k3_n5,fresh,O-ENUM-RECEIVER,1,receiver_input,current_request_bytes,1558
complementary_k3_n5,fresh,O-ENUM-RECEIVER,1,receiver_input,observed_python_opcode_events,66511
complementary_k3_n5,fresh,O-ENUM-RECEIVER,1,receiver_storage,bounded_native_c_call_events,12
complementary_k3_n5,fresh,O-ENUM-RECEIVER,1,receiver_storage,live_serialized_byte_periods,7067
complementary_k3_n5,fresh,O-ENUM-RECEIVER,1,receiver_storage,observed_python_opcode_events,680
complementary_k3_n5,fresh,O-ENUM-RECEIVER,1,request_encoding,bounded_native_c_call_events,894
complementary_k3_n5,fresh,O-ENUM-RECEIVER,1,request_encoding,observed_python_opcode_events,23553
complementary_k3_n5,fresh,O-ENUM-RECEIVER,1,terminal,bounded_native_c_call_events,555
complementary_k3_n5,fresh,O-ENUM-RECEIVER,1,terminal,candidate_publication_events,1
complementary_k3_n5,fresh,O-ENUM-RECEIVER,1,terminal,current_receipt_output_bytes,3053
complementary_k3_n5,fresh,O-ENUM-RECEIVER,1,terminal,delivery_events,1
complementary_k3_n5,fresh,O-ENUM-RECEIVER,1,terminal,observed_python_opcode_events,14240
complementary_k3_n5,fresh,O-ENUM-RECEIVER,2,coordination,bounded_native_c_call_events,10
complementary_k3_n5,fresh,O-ENUM-RECEIVER,2,coordination,observed_python_opcode_events,410
complementary_k3_n5,fresh,O-ENUM-RECEIVER,2,producer_storage,bounded_native_c_call_events,398
complementary_k3_n5,fresh,O-ENUM-RECEIVER,2,producer_storage,live_serialized_byte_periods,4048
complementary_k3_n5,fresh,O-ENUM-RECEIVER,2,producer_storage,observed_python_opcode_events,12189
complementary_k3_n5,fresh,O-ENUM-RECEIVER,2,receiver_check,bounded_native_c_call_events,4271
complementary_k3_n5,fresh,O-ENUM-RECEIVER,2,receiver_check,observed_python_opcode_events,107833
complementary_k3_n5,fresh,O-ENUM-RECEIVER,2,receiver_input,bounded_native_c_call_events,898
complementary_k3_n5,fresh,O-ENUM-RECEIVER,2,receiver_input,current_request_bytes,1580
complementary_k3_n5,fresh,O-ENUM-RECEIVER,2,receiver_input,observed_python_opcode_events,67926
complementary_k3_n5,fresh,O-ENUM-RECEIVER,2,receiver_storage,bounded_native_c_call_events,12
complementary_k3_n5,fresh,O-ENUM-RECEIVER,2,receiver_storage,live_serialized_byte_periods,7127
complementary_k3_n5,fresh,O-ENUM-RECEIVER,2,receiver_storage,observed_python_opcode_events,680
complementary_k3_n5,fresh,O-ENUM-RECEIVER,2,request_encoding,bounded_native_c_call_events,930
complementary_k3_n5,fresh,O-ENUM-RECEIVER,2,request_encoding,observed_python_opcode_events,24363
complementary_k3_n5,fresh,O-ENUM-RECEIVER,2,terminal,bounded_native_c_call_events,587
complementary_k3_n5,fresh,O-ENUM-RECEIVER,2,terminal,candidate_publication_events,1
complementary_k3_n5,fresh,O-ENUM-RECEIVER,2,terminal,current_receipt_output_bytes,3075
complementary_k3_n5,fresh,O-ENUM-RECEIVER,2,terminal,delivery_events,1
complementary_k3_n5,fresh,O-ENUM-RECEIVER,2,terminal,observed_python_opcode_events,14984
complementary_k3_n5,fresh,O-ENUM-RECEIVER,3,coordination,bounded_native_c_call_events,10
complementary_k3_n5,fresh,O-ENUM-RECEIVER,3,coordination,observed_python_opcode_events,410
complementary_k3_n5,fresh,O-ENUM-RECEIVER,3,producer_storage,bounded_native_c_call_events,398
complementary_k3_n5,fresh,O-ENUM-RECEIVER,3,producer_storage,live_serialized_byte_periods,4048
complementary_k3_n5,fresh,O-ENUM-RECEIVER,3,producer_storage,observed_python_opcode_events,12189
complementary_k3_n5,fresh,O-ENUM-RECEIVER,3,receiver_check,bounded_native_c_call_events,3859
complementary_k3_n5,fresh,O-ENUM-RECEIVER,3,receiver_check,observed_python_opcode_events,98283
complementary_k3_n5,fresh,O-ENUM-RECEIVER,3,receiver_input,bounded_native_c_call_events,896
complementary_k3_n5,fresh,O-ENUM-RECEIVER,3,receiver_input,current_request_bytes,1586
complementary_k3_n5,fresh,O-ENUM-RECEIVER,3,receiver_input,observed_python_opcode_events,68099
complementary_k3_n5,fresh,O-ENUM-RECEIVER,3,receiver_storage,bounded_native_c_call_events,12
complementary_k3_n5,fresh,O-ENUM-RECEIVER,3,receiver_storage,live_serialized_byte_periods,7139
complementary_k3_n5,fresh,O-ENUM-RECEIVER,3,receiver_storage,observed_python_opcode_events,680
complementary_k3_n5,fresh,O-ENUM-RECEIVER,3,request_encoding,bounded_native_c_call_events,930
complementary_k3_n5,fresh,O-ENUM-RECEIVER,3,request_encoding,observed_python_opcode_events,24371
complementary_k3_n5,fresh,O-ENUM-RECEIVER,3,terminal,bounded_native_c_call_events,563
complementary_k3_n5,fresh,O-ENUM-RECEIVER,3,terminal,candidate_publication_events,1
complementary_k3_n5,fresh,O-ENUM-RECEIVER,3,terminal,current_receipt_output_bytes,3081
complementary_k3_n5,fresh,O-ENUM-RECEIVER,3,terminal,delivery_events,1
complementary_k3_n5,fresh,O-ENUM-RECEIVER,3,terminal,observed_python_opcode_events,14468
complementary_k3_n5,fresh,O-ENUM-RECEIVER,4,coordination,bounded_native_c_call_events,10
complementary_k3_n5,fresh,O-ENUM-RECEIVER,4,coordination,observed_python_opcode_events,410
complementary_k3_n5,fresh,O-ENUM-RECEIVER,4,producer_storage,bounded_native_c_call_events,398
complementary_k3_n5,fresh,O-ENUM-RECEIVER,4,producer_storage,live_serialized_byte_periods,4048
complementary_k3_n5,fresh,O-ENUM-RECEIVER,4,producer_storage,observed_python_opcode_events,12189
complementary_k3_n5,fresh,O-ENUM-RECEIVER,4,receiver_check,bounded_native_c_call_events,4128
complementary_k3_n5,fresh,O-ENUM-RECEIVER,4,receiver_check,observed_python_opcode_events,104932
complementary_k3_n5,fresh,O-ENUM-RECEIVER,4,receiver_input,bounded_native_c_call_events,997
complementary_k3_n5,fresh,O-ENUM-RECEIVER,4,receiver_input,current_request_bytes,1679
complementary_k3_n5,fresh,O-ENUM-RECEIVER,4,receiver_input,observed_python_opcode_events,72758
complementary_k3_n5,fresh,O-ENUM-RECEIVER,4,receiver_storage,bounded_native_c_call_events,12
complementary_k3_n5,fresh,O-ENUM-RECEIVER,4,receiver_storage,live_serialized_byte_periods,7397
complementary_k3_n5,fresh,O-ENUM-RECEIVER,4,receiver_storage,observed_python_opcode_events,680
complementary_k3_n5,fresh,O-ENUM-RECEIVER,4,request_encoding,bounded_native_c_call_events,1006
complementary_k3_n5,fresh,O-ENUM-RECEIVER,4,request_encoding,observed_python_opcode_events,26293
complementary_k3_n5,fresh,O-ENUM-RECEIVER,4,terminal,bounded_native_c_call_events,659
complementary_k3_n5,fresh,O-ENUM-RECEIVER,4,terminal,candidate_publication_events,1
complementary_k3_n5,fresh,O-ENUM-RECEIVER,4,terminal,current_receipt_output_bytes,3174
complementary_k3_n5,fresh,O-ENUM-RECEIVER,4,terminal,delivery_events,1
complementary_k3_n5,fresh,O-ENUM-RECEIVER,4,terminal,observed_python_opcode_events,16741
complementary_k3_n5,fresh,O-ENUM-RECEIVER,5,coordination,bounded_native_c_call_events,10
complementary_k3_n5,fresh,O-ENUM-RECEIVER,5,coordination,observed_python_opcode_events,410
complementary_k3_n5,fresh,O-ENUM-RECEIVER,5,producer_storage,bounded_native_c_call_events,398
complementary_k3_n5,fresh,O-ENUM-RECEIVER,5,producer_storage,live_serialized_byte_periods,4048
complementary_k3_n5,fresh,O-ENUM-RECEIVER,5,producer_storage,observed_python_opcode_events,12189
complementary_k3_n5,fresh,O-ENUM-RECEIVER,5,receiver_check,bounded_native_c_call_events,5004
complementary_k3_n5,fresh,O-ENUM-RECEIVER,5,receiver_check,observed_python_opcode_events,124735
complementary_k3_n5,fresh,O-ENUM-RECEIVER,5,receiver_input,bounded_native_c_call_events,993
complementary_k3_n5,fresh,O-ENUM-RECEIVER,5,receiver_input,current_request_bytes,1683
complementary_k3_n5,fresh,O-ENUM-RECEIVER,5,receiver_input,observed_python_opcode_events,72876
complementary_k3_n5,fresh,O-ENUM-RECEIVER,5,receiver_storage,bounded_native_c_call_events,12
complementary_k3_n5,fresh,O-ENUM-RECEIVER,5,receiver_storage,live_serialized_byte_periods,7405
complementary_k3_n5,fresh,O-ENUM-RECEIVER,5,receiver_storage,observed_python_opcode_events,680
complementary_k3_n5,fresh,O-ENUM-RECEIVER,5,request_encoding,bounded_native_c_call_events,1006
complementary_k3_n5,fresh,O-ENUM-RECEIVER,5,request_encoding,observed_python_opcode_events,26315
complementary_k3_n5,fresh,O-ENUM-RECEIVER,5,terminal,bounded_native_c_call_events,631
complementary_k3_n5,fresh,O-ENUM-RECEIVER,5,terminal,candidate_publication_events,1
complementary_k3_n5,fresh,O-ENUM-RECEIVER,5,terminal,current_receipt_output_bytes,3178
complementary_k3_n5,fresh,O-ENUM-RECEIVER,5,terminal,delivery_events,1
complementary_k3_n5,fresh,O-ENUM-RECEIVER,5,terminal,observed_python_opcode_events,16065
complementary_k3_n5,fresh,O-ENUM-RECEIVER,6,coordination,bounded_native_c_call_events,10
complementary_k3_n5,fresh,O-ENUM-RECEIVER,6,coordination,observed_python_opcode_events,410
complementary_k3_n5,fresh,O-ENUM-RECEIVER,6,producer_storage,bounded_native_c_call_events,398
complementary_k3_n5,fresh,O-ENUM-RECEIVER,6,producer_storage,live_serialized_byte_periods,4048
complementary_k3_n5,fresh,O-ENUM-RECEIVER,6,producer_storage,observed_python_opcode_events,12189
complementary_k3_n5,fresh,O-ENUM-RECEIVER,6,receiver_check,bounded_native_c_call_events,4084
complementary_k3_n5,fresh,O-ENUM-RECEIVER,6,receiver_check,observed_python_opcode_events,103406
complementary_k3_n5,fresh,O-ENUM-RECEIVER,6,receiver_input,bounded_native_c_call_events,1054
complementary_k3_n5,fresh,O-ENUM-RECEIVER,6,receiver_input,current_request_bytes,1710
complementary_k3_n5,fresh,O-ENUM-RECEIVER,6,receiver_input,observed_python_opcode_events,74661
complementary_k3_n5,fresh,O-ENUM-RECEIVER,6,receiver_storage,bounded_native_c_call_events,12
complementary_k3_n5,fresh,O-ENUM-RECEIVER,6,receiver_storage,live_serialized_byte_periods,7483
complementary_k3_n5,fresh,O-ENUM-RECEIVER,6,receiver_storage,observed_python_opcode_events,680
complementary_k3_n5,fresh,O-ENUM-RECEIVER,6,request_encoding,bounded_native_c_call_events,1047
complementary_k3_n5,fresh,O-ENUM-RECEIVER,6,request_encoding,observed_python_opcode_events,27221
complementary_k3_n5,fresh,O-ENUM-RECEIVER,6,terminal,bounded_native_c_call_events,652
complementary_k3_n5,fresh,O-ENUM-RECEIVER,6,terminal,candidate_publication_events,1
complementary_k3_n5,fresh,O-ENUM-RECEIVER,6,terminal,current_receipt_output_bytes,3205
complementary_k3_n5,fresh,O-ENUM-RECEIVER,6,terminal,delivery_events,1
complementary_k3_n5,fresh,O-ENUM-RECEIVER,6,terminal,observed_python_opcode_events,16562
complementary_k3_n5,fresh,P-FRESH,1,common_source,bounded_native_c_call_events,371
complementary_k3_n5,fresh,P-FRESH,1,common_source,observed_python_opcode_events,32551
complementary_k3_n5,fresh,P-FRESH,1,common_source,source_hash_bytes_prepaid,197956
complementary_k3_n5,fresh,P-FRESH,1,common_source,source_length_probe_bytes_prepaid,8
complementary_k3_n5,fresh,P-FRESH,1,common_source,source_program_bytes_prepaid,197956
complementary_k3_n5,fresh,P-FRESH,1,common_source,source_record_bytes,1199
complementary_k3_n5,fresh,P-FRESH,1,coordination,bounded_native_c_call_events,10
complementary_k3_n5,fresh,P-FRESH,1,coordination,observed_python_opcode_events,629
complementary_k3_n5,fresh,P-FRESH,1,producer_build,bounded_native_c_call_events,70951
complementary_k3_n5,fresh,P-FRESH,1,producer_build,observed_python_opcode_events,1466379
complementary_k3_n5,fresh,P-FRESH,1,producer_export,bounded_native_c_call_events,7
complementary_k3_n5,fresh,P-FRESH,1,producer_export,observed_python_opcode_events,4595
complementary_k3_n5,fresh,P-FRESH,1,producer_export,proof_output_bytes,1985
complementary_k3_n5,fresh,P-FRESH,1,producer_init,observed_python_opcode_events,4
complementary_k3_n5,fresh,P-FRESH,1,producer_input,bounded_native_c_call_events,869
complementary_k3_n5,fresh,P-FRESH,1,producer_input,current_request_bytes,1558
complementary_k3_n5,fresh,P-FRESH,1,producer_input,observed_python_opcode_events,66511
complementary_k3_n5,fresh,P-FRESH,1,producer_storage,bounded_native_c_call_events,403
complementary_k3_n5,fresh,P-FRESH,1,producer_storage,live_serialized_byte_periods,8399
complementary_k3_n5,fresh,P-FRESH,1,producer_storage,observed_python_opcode_events,12271
complementary_k3_n5,fresh,P-FRESH,1,receiver_check,bounded_native_c_call_events,14950
complementary_k3_n5,fresh,P-FRESH,1,receiver_check,observed_python_opcode_events,301198
complementary_k3_n5,fresh,P-FRESH,1,receiver_import,bounded_native_c_call_events,89
complementary_k3_n5,fresh,P-FRESH,1,receiver_import,observed_python_opcode_events,33673
complementary_k3_n5,fresh,P-FRESH,1,receiver_init,observed_python_opcode_events,4
complementary_k3_n5,fresh,P-FRESH,1,receiver_input,bounded_native_c_call_events,869
complementary_k3_n5,fresh,P-FRESH,1,receiver_input,current_request_bytes,1558
complementary_k3_n5,fresh,P-FRESH,1,receiver_input,observed_python_opcode_events,66511
complementary_k3_n5,fresh,P-FRESH,1,receiver_input,proof_input_bytes,1985
complementary_k3_n5,fresh,P-FRESH,1,receiver_storage,bounded_native_c_call_events,16
complementary_k3_n5,fresh,P-FRESH,1,receiver_storage,live_serialized_byte_periods,9496
complementary_k3_n5,fresh,P-FRESH,1,receiver_storage,observed_python_opcode_events,751
complementary_k3_n5,fresh,P-FRESH,1,request_encoding,bounded_native_c_call_events,894
complementary_k3_n5,fresh,P-FRESH,1,request_encoding,observed_python_opcode_events,23553
complementary_k3_n5,fresh,P-FRESH,1,terminal,bounded_native_c_call_events,555
complementary_k3_n5,fresh,P-FRESH,1,terminal,candidate_publication_events,1
complementary_k3_n5,fresh,P-FRESH,1,terminal,current_receipt_output_bytes,3053
complementary_k3_n5,fresh,P-FRESH,1,terminal,delivery_events,1
complementary_k3_n5,fresh,P-FRESH,1,terminal,observed_python_opcode_events,14240
complementary_k3_n5,fresh,P-FRESH,2,coordination,bounded_native_c_call_events,10
complementary_k3_n5,fresh,P-FRESH,2,coordination,observed_python_opcode_events,595
complementary_k3_n5,fresh,P-FRESH,2,producer_build,bounded_native_c_call_events,54550
complementary_k3_n5,fresh,P-FRESH,2,producer_build,observed_python_opcode_events,1127145
complementary_k3_n5,fresh,P-FRESH,2,producer_export,bounded_native_c_call_events,7
complementary_k3_n5,fresh,P-FRESH,2,producer_export,observed_python_opcode_events,3659
complementary_k3_n5,fresh,P-FRESH,2,producer_export,proof_output_bytes,1903
complementary_k3_n5,fresh,P-FRESH,2,producer_input,bounded_native_c_call_events,898
complementary_k3_n5,fresh,P-FRESH,2,producer_input,current_request_bytes,1580
complementary_k3_n5,fresh,P-FRESH,2,producer_input,observed_python_opcode_events,67926
complementary_k3_n5,fresh,P-FRESH,2,producer_storage,bounded_native_c_call_events,403
complementary_k3_n5,fresh,P-FRESH,2,producer_storage,live_serialized_byte_periods,8339
complementary_k3_n5,fresh,P-FRESH,2,producer_storage,observed_python_opcode_events,12271
complementary_k3_n5,fresh,P-FRESH,2,receiver_check,bounded_native_c_call_events,9577
complementary_k3_n5,fresh,P-FRESH,2,receiver_check,observed_python_opcode_events,194266
complementary_k3_n5,fresh,P-FRESH,2,receiver_import,bounded_native_c_call_events,81
complementary_k3_n5,fresh,P-FRESH,2,receiver_import,observed_python_opcode_events,31431
complementary_k3_n5,fresh,P-FRESH,2,receiver_init,observed_python_opcode_events,4
complementary_k3_n5,fresh,P-FRESH,2,receiver_input,bounded_native_c_call_events,898
complementary_k3_n5,fresh,P-FRESH,2,receiver_input,current_request_bytes,1580
complementary_k3_n5,fresh,P-FRESH,2,receiver_input,observed_python_opcode_events,67926
complementary_k3_n5,fresh,P-FRESH,2,receiver_input,proof_input_bytes,1903
complementary_k3_n5,fresh,P-FRESH,2,receiver_storage,bounded_native_c_call_events,16
complementary_k3_n5,fresh,P-FRESH,2,receiver_storage,live_serialized_byte_periods,9466
complementary_k3_n5,fresh,P-FRESH,2,receiver_storage,observed_python_opcode_events,751
complementary_k3_n5,fresh,P-FRESH,2,request_encoding,bounded_native_c_call_events,930
complementary_k3_n5,fresh,P-FRESH,2,request_encoding,observed_python_opcode_events,24363
complementary_k3_n5,fresh,P-FRESH,2,terminal,bounded_native_c_call_events,587
complementary_k3_n5,fresh,P-FRESH,2,terminal,candidate_publication_events,1
complementary_k3_n5,fresh,P-FRESH,2,terminal,current_receipt_output_bytes,3075
complementary_k3_n5,fresh,P-FRESH,2,terminal,delivery_events,1
complementary_k3_n5,fresh,P-FRESH,2,terminal,observed_python_opcode_events,14984
complementary_k3_n5,fresh,P-FRESH,3,coordination,bounded_native_c_call_events,10
complementary_k3_n5,fresh,P-FRESH,3,coordination,observed_python_opcode_events,595
complementary_k3_n5,fresh,P-FRESH,3,producer_build,bounded_native_c_call_events,36600
complementary_k3_n5,fresh,P-FRESH,3,producer_build,observed_python_opcode_events,761287
complementary_k3_n5,fresh,P-FRESH,3,producer_export,bounded_native_c_call_events,7
complementary_k3_n5,fresh,P-FRESH,3,producer_export,observed_python_opcode_events,2711
complementary_k3_n5,fresh,P-FRESH,3,producer_export,proof_output_bytes,1807
complementary_k3_n5,fresh,P-FRESH,3,producer_input,bounded_native_c_call_events,896
complementary_k3_n5,fresh,P-FRESH,3,producer_input,current_request_bytes,1586
complementary_k3_n5,fresh,P-FRESH,3,producer_input,observed_python_opcode_events,68099
complementary_k3_n5,fresh,P-FRESH,3,producer_storage,bounded_native_c_call_events,403
complementary_k3_n5,fresh,P-FRESH,3,producer_storage,live_serialized_byte_periods,8233
complementary_k3_n5,fresh,P-FRESH,3,producer_storage,observed_python_opcode_events,12271
complementary_k3_n5,fresh,P-FRESH,3,receiver_check,bounded_native_c_call_events,6280
complementary_k3_n5,fresh,P-FRESH,3,receiver_check,observed_python_opcode_events,129876
complementary_k3_n5,fresh,P-FRESH,3,receiver_import,bounded_native_c_call_events,65
complementary_k3_n5,fresh,P-FRESH,3,receiver_import,observed_python_opcode_events,28881
complementary_k3_n5,fresh,P-FRESH,3,receiver_init,observed_python_opcode_events,4
complementary_k3_n5,fresh,P-FRESH,3,receiver_input,bounded_native_c_call_events,896
complementary_k3_n5,fresh,P-FRESH,3,receiver_input,current_request_bytes,1586
complementary_k3_n5,fresh,P-FRESH,3,receiver_input,observed_python_opcode_events,68099
complementary_k3_n5,fresh,P-FRESH,3,receiver_input,proof_input_bytes,1807
complementary_k3_n5,fresh,P-FRESH,3,receiver_storage,bounded_native_c_call_events,16
complementary_k3_n5,fresh,P-FRESH,3,receiver_storage,live_serialized_byte_periods,9366
complementary_k3_n5,fresh,P-FRESH,3,receiver_storage,observed_python_opcode_events,751
complementary_k3_n5,fresh,P-FRESH,3,request_encoding,bounded_native_c_call_events,930
complementary_k3_n5,fresh,P-FRESH,3,request_encoding,observed_python_opcode_events,24371
complementary_k3_n5,fresh,P-FRESH,3,terminal,bounded_native_c_call_events,563
complementary_k3_n5,fresh,P-FRESH,3,terminal,candidate_publication_events,1
complementary_k3_n5,fresh,P-FRESH,3,terminal,current_receipt_output_bytes,3081
complementary_k3_n5,fresh,P-FRESH,3,terminal,delivery_events,1
complementary_k3_n5,fresh,P-FRESH,3,terminal,observed_python_opcode_events,14468
complementary_k3_n5,fresh,P-FRESH,4,coordination,bounded_native_c_call_events,10
complementary_k3_n5,fresh,P-FRESH,4,coordination,observed_python_opcode_events,595
complementary_k3_n5,fresh,P-FRESH,4,producer_build,bounded_native_c_call_events,40692
complementary_k3_n5,fresh,P-FRESH,4,producer_build,observed_python_opcode_events,842878
complementary_k3_n5,fresh,P-FRESH,4,producer_export,bounded_native_c_call_events,7
complementary_k3_n5,fresh,P-FRESH,4,producer_export,observed_python_opcode_events,2711
complementary_k3_n5,fresh,P-FRESH,4,producer_export,proof_output_bytes,1900
complementary_k3_n5,fresh,P-FRESH,4,producer_input,bounded_native_c_call_events,997
complementary_k3_n5,fresh,P-FRESH,4,producer_input,current_request_bytes,1679
complementary_k3_n5,fresh,P-FRESH,4,producer_input,observed_python_opcode_events,72758
complementary_k3_n5,fresh,P-FRESH,4,producer_storage,bounded_native_c_call_events,403
complementary_k3_n5,fresh,P-FRESH,4,producer_storage,live_serialized_byte_periods,8491
complementary_k3_n5,fresh,P-FRESH,4,producer_storage,observed_python_opcode_events,12271
complementary_k3_n5,fresh,P-FRESH,4,receiver_check,bounded_native_c_call_events,7021
complementary_k3_n5,fresh,P-FRESH,4,receiver_check,observed_python_opcode_events,144499
complementary_k3_n5,fresh,P-FRESH,4,receiver_import,bounded_native_c_call_events,65
complementary_k3_n5,fresh,P-FRESH,4,receiver_import,observed_python_opcode_events,30132
complementary_k3_n5,fresh,P-FRESH,4,receiver_init,observed_python_opcode_events,4
complementary_k3_n5,fresh,P-FRESH,4,receiver_input,bounded_native_c_call_events,997
complementary_k3_n5,fresh,P-FRESH,4,receiver_input,current_request_bytes,1679
complementary_k3_n5,fresh,P-FRESH,4,receiver_input,observed_python_opcode_events,72758
complementary_k3_n5,fresh,P-FRESH,4,receiver_input,proof_input_bytes,1900
complementary_k3_n5,fresh,P-FRESH,4,receiver_storage,bounded_native_c_call_events,16
complementary_k3_n5,fresh,P-FRESH,4,receiver_storage,live_serialized_byte_periods,9753
complementary_k3_n5,fresh,P-FRESH,4,receiver_storage,observed_python_opcode_events,751
complementary_k3_n5,fresh,P-FRESH,4,request_encoding,bounded_native_c_call_events,1006
complementary_k3_n5,fresh,P-FRESH,4,request_encoding,observed_python_opcode_events,26293
complementary_k3_n5,fresh,P-FRESH,4,terminal,bounded_native_c_call_events,659
complementary_k3_n5,fresh,P-FRESH,4,terminal,candidate_publication_events,1
complementary_k3_n5,fresh,P-FRESH,4,terminal,current_receipt_output_bytes,3174
complementary_k3_n5,fresh,P-FRESH,4,terminal,delivery_events,1
complementary_k3_n5,fresh,P-FRESH,4,terminal,observed_python_opcode_events,16741
complementary_k3_n5,fresh,P-FRESH,5,coordination,bounded_native_c_call_events,10
complementary_k3_n5,fresh,P-FRESH,5,coordination,observed_python_opcode_events,595
complementary_k3_n5,fresh,P-FRESH,5,producer_build,bounded_native_c_call_events,70877
complementary_k3_n5,fresh,P-FRESH,5,producer_build,observed_python_opcode_events,1456909
complementary_k3_n5,fresh,P-FRESH,5,producer_export,bounded_native_c_call_events,7
complementary_k3_n5,fresh,P-FRESH,5,producer_export,observed_python_opcode_events,4127
complementary_k3_n5,fresh,P-FRESH,5,producer_export,proof_output_bytes,2058
complementary_k3_n5,fresh,P-FRESH,5,producer_input,bounded_native_c_call_events,993
complementary_k3_n5,fresh,P-FRESH,5,producer_input,current_request_bytes,1683
complementary_k3_n5,fresh,P-FRESH,5,producer_input,observed_python_opcode_events,72876
complementary_k3_n5,fresh,P-FRESH,5,producer_storage,bounded_native_c_call_events,403
complementary_k3_n5,fresh,P-FRESH,5,producer_storage,live_serialized_byte_periods,8677
complementary_k3_n5,fresh,P-FRESH,5,producer_storage,observed_python_opcode_events,12271
complementary_k3_n5,fresh,P-FRESH,5,receiver_check,bounded_native_c_call_events,13685
complementary_k3_n5,fresh,P-FRESH,5,receiver_check,observed_python_opcode_events,273861
complementary_k3_n5,fresh,P-FRESH,5,receiver_import,bounded_native_c_call_events,85
complementary_k3_n5,fresh,P-FRESH,5,receiver_import,observed_python_opcode_events,34102
complementary_k3_n5,fresh,P-FRESH,5,receiver_init,observed_python_opcode_events,4
complementary_k3_n5,fresh,P-FRESH,5,receiver_input,bounded_native_c_call_events,993
complementary_k3_n5,fresh,P-FRESH,5,receiver_input,current_request_bytes,1683
complementary_k3_n5,fresh,P-FRESH,5,receiver_input,observed_python_opcode_events,72876
complementary_k3_n5,fresh,P-FRESH,5,receiver_input,proof_input_bytes,2058
complementary_k3_n5,fresh,P-FRESH,5,receiver_storage,bounded_native_c_call_events,16
complementary_k3_n5,fresh,P-FRESH,5,receiver_storage,live_serialized_byte_periods,9943
complementary_k3_n5,fresh,P-FRESH,5,receiver_storage,observed_python_opcode_events,751
complementary_k3_n5,fresh,P-FRESH,5,request_encoding,bounded_native_c_call_events,1006
complementary_k3_n5,fresh,P-FRESH,5,request_encoding,observed_python_opcode_events,26315
complementary_k3_n5,fresh,P-FRESH,5,terminal,bounded_native_c_call_events,631
complementary_k3_n5,fresh,P-FRESH,5,terminal,candidate_publication_events,1
complementary_k3_n5,fresh,P-FRESH,5,terminal,current_receipt_output_bytes,3178
complementary_k3_n5,fresh,P-FRESH,5,terminal,delivery_events,1
complementary_k3_n5,fresh,P-FRESH,5,terminal,observed_python_opcode_events,16065
complementary_k3_n5,fresh,P-FRESH,6,coordination,bounded_native_c_call_events,10
complementary_k3_n5,fresh,P-FRESH,6,coordination,observed_python_opcode_events,595
complementary_k3_n5,fresh,P-FRESH,6,producer_build,bounded_native_c_call_events,42369
complementary_k3_n5,fresh,P-FRESH,6,producer_build,observed_python_opcode_events,862730
complementary_k3_n5,fresh,P-FRESH,6,producer_export,bounded_native_c_call_events,7
complementary_k3_n5,fresh,P-FRESH,6,producer_export,observed_python_opcode_events,2771
complementary_k3_n5,fresh,P-FRESH,6,producer_export,proof_output_bytes,1935
complementary_k3_n5,fresh,P-FRESH,6,producer_input,bounded_native_c_call_events,1054
complementary_k3_n5,fresh,P-FRESH,6,producer_input,current_request_bytes,1710
complementary_k3_n5,fresh,P-FRESH,6,producer_input,observed_python_opcode_events,74661
complementary_k3_n5,fresh,P-FRESH,6,producer_storage,bounded_native_c_call_events,403
complementary_k3_n5,fresh,P-FRESH,6,producer_storage,live_serialized_byte_periods,8581
complementary_k3_n5,fresh,P-FRESH,6,producer_storage,observed_python_opcode_events,12271
complementary_k3_n5,fresh,P-FRESH,6,receiver_check,bounded_native_c_call_events,7099
complementary_k3_n5,fresh,P-FRESH,6,receiver_check,observed_python_opcode_events,143943
complementary_k3_n5,fresh,P-FRESH,6,receiver_import,bounded_native_c_call_events,67
complementary_k3_n5,fresh,P-FRESH,6,receiver_import,observed_python_opcode_events,30706
complementary_k3_n5,fresh,P-FRESH,6,receiver_init,observed_python_opcode_events,4
complementary_k3_n5,fresh,P-FRESH,6,receiver_input,bounded_native_c_call_events,1054
complementary_k3_n5,fresh,P-FRESH,6,receiver_input,current_request_bytes,1710
complementary_k3_n5,fresh,P-FRESH,6,receiver_input,observed_python_opcode_events,74661
complementary_k3_n5,fresh,P-FRESH,6,receiver_input,proof_input_bytes,1935
complementary_k3_n5,fresh,P-FRESH,6,receiver_storage,bounded_native_c_call_events,16
complementary_k3_n5,fresh,P-FRESH,6,receiver_storage,live_serialized_byte_periods,9886
complementary_k3_n5,fresh,P-FRESH,6,receiver_storage,observed_python_opcode_events,751
complementary_k3_n5,fresh,P-FRESH,6,request_encoding,bounded_native_c_call_events,1047
complementary_k3_n5,fresh,P-FRESH,6,request_encoding,observed_python_opcode_events,27221
complementary_k3_n5,fresh,P-FRESH,6,terminal,bounded_native_c_call_events,652
complementary_k3_n5,fresh,P-FRESH,6,terminal,candidate_publication_events,1
complementary_k3_n5,fresh,P-FRESH,6,terminal,current_receipt_output_bytes,3205
complementary_k3_n5,fresh,P-FRESH,6,terminal,delivery_events,1
complementary_k3_n5,fresh,P-FRESH,6,terminal,observed_python_opcode_events,16562
complementary_k3_n5,fresh,P-REUSE,1,common_source,bounded_native_c_call_events,371
complementary_k3_n5,fresh,P-REUSE,1,common_source,observed_python_opcode_events,32551
complementary_k3_n5,fresh,P-REUSE,1,common_source,source_hash_bytes_prepaid,197956
complementary_k3_n5,fresh,P-REUSE,1,common_source,source_length_probe_bytes_prepaid,8
complementary_k3_n5,fresh,P-REUSE,1,common_source,source_program_bytes_prepaid,197956
complementary_k3_n5,fresh,P-REUSE,1,common_source,source_record_bytes,1199
complementary_k3_n5,fresh,P-REUSE,1,coordination,bounded_native_c_call_events,19
complementary_k3_n5,fresh,P-REUSE,1,coordination,observed_python_opcode_events,1467
complementary_k3_n5,fresh,P-REUSE,1,producer_build,bounded_native_c_call_events,13052
complementary_k3_n5,fresh,P-REUSE,1,producer_build,observed_python_opcode_events,283617
complementary_k3_n5,fresh,P-REUSE,1,producer_export,bounded_native_c_call_events,11
complementary_k3_n5,fresh,P-REUSE,1,producer_export,observed_python_opcode_events,3267
complementary_k3_n5,fresh,P-REUSE,1,producer_export,proof_output_bytes,4273
complementary_k3_n5,fresh,P-REUSE,1,producer_init,observed_python_opcode_events,4
complementary_k3_n5,fresh,P-REUSE,1,producer_input,bounded_native_c_call_events,869
complementary_k3_n5,fresh,P-REUSE,1,producer_input,current_request_bytes,1558
complementary_k3_n5,fresh,P-REUSE,1,producer_input,observed_python_opcode_events,66511
complementary_k3_n5,fresh,P-REUSE,1,producer_old_admission,bounded_native_c_call_events,6304
complementary_k3_n5,fresh,P-REUSE,1,producer_old_admission,observed_python_opcode_events,151787
complementary_k3_n5,fresh,P-REUSE,1,producer_old_build,bounded_native_c_call_events,11936
complementary_k3_n5,fresh,P-REUSE,1,producer_old_build,observed_python_opcode_events,281588
complementary_k3_n5,fresh,P-REUSE,1,producer_old_export,bounded_native_c_call_events,406
complementary_k3_n5,fresh,P-REUSE,1,producer_old_export,observed_python_opcode_events,15612
complementary_k3_n5,fresh,P-REUSE,1,producer_old_export,old_proof_output_bytes,3049
complementary_k3_n5,fresh,P-REUSE,1,producer_old_input,bounded_native_c_call_events,2099
complementary_k3_n5,fresh,P-REUSE,1,producer_old_input,observed_python_opcode_events,131028
complementary_k3_n5,fresh,P-REUSE,1,producer_old_input,old_request_bytes,2615
complementary_k3_n5,fresh,P-REUSE,1,producer_storage,bounded_native_c_call_events,1427
complementary_k3_n5,fresh,P-REUSE,1,producer_storage,live_serialized_byte_periods,39832
complementary_k3_n5,fresh,P-REUSE,1,producer_storage,observed_python_opcode_events,41622
complementary_k3_n5,fresh,P-REUSE,1,receiver_check,bounded_native_c_call_events,5305
complementary_k3_n5,fresh,P-REUSE,1,receiver_check,observed_python_opcode_events,120306
complementary_k3_n5,fresh,P-REUSE,1,receiver_import,bounded_native_c_call_events,123
complementary_k3_n5,fresh,P-REUSE,1,receiver_import,observed_python_opcode_events,64830
complementary_k3_n5,fresh,P-REUSE,1,receiver_init,observed_python_opcode_events,4
complementary_k3_n5,fresh,P-REUSE,1,receiver_input,bounded_native_c_call_events,869
complementary_k3_n5,fresh,P-REUSE,1,receiver_input,current_request_bytes,1558
complementary_k3_n5,fresh,P-REUSE,1,receiver_input,observed_python_opcode_events,66511
complementary_k3_n5,fresh,P-REUSE,1,receiver_input,proof_input_bytes,4273
complementary_k3_n5,fresh,P-REUSE,1,receiver_old_check,bounded_native_c_call_events,6304
complementary_k3_n5,fresh,P-REUSE,1,receiver_old_check,observed_python_opcode_events,151785
complementary_k3_n5,fresh,P-REUSE,1,receiver_old_import,bounded_native_c_call_events,1110
complementary_k3_n5,fresh,P-REUSE,1,receiver_old_import,observed_python_opcode_events,112029
complementary_k3_n5,fresh,P-REUSE,1,receiver_old_input,bounded_native_c_call_events,2099
complementary_k3_n5,fresh,P-REUSE,1,receiver_old_input,observed_python_opcode_events,131028
complementary_k3_n5,fresh,P-REUSE,1,receiver_old_input,old_proof_input_bytes,3049
complementary_k3_n5,fresh,P-REUSE,1,receiver_old_input,old_request_bytes,2615
complementary_k3_n5,fresh,P-REUSE,1,receiver_storage,bounded_native_c_call_events,1035
complementary_k3_n5,fresh,P-REUSE,1,receiver_storage,live_serialized_byte_periods,25596
complementary_k3_n5,fresh,P-REUSE,1,receiver_storage,observed_python_opcode_events,29504
complementary_k3_n5,fresh,P-REUSE,1,request_encoding,bounded_native_c_call_events,894
complementary_k3_n5,fresh,P-REUSE,1,request_encoding,observed_python_opcode_events,23553
complementary_k3_n5,fresh,P-REUSE,1,terminal,bounded_native_c_call_events,555
complementary_k3_n5,fresh,P-REUSE,1,terminal,candidate_publication_events,1
complementary_k3_n5,fresh,P-REUSE,1,terminal,current_receipt_output_bytes,3053
complementary_k3_n5,fresh,P-REUSE,1,terminal,delivery_events,1
complementary_k3_n5,fresh,P-REUSE,1,terminal,observed_python_opcode_events,14240
complementary_k3_n5,fresh,P-REUSE,2,coordination,bounded_native_c_call_events,12
complementary_k3_n5,fresh,P-REUSE,2,coordination,observed_python_opcode_events,976
complementary_k3_n5,fresh,P-REUSE,2,producer_build,bounded_native_c_call_events,13885
complementary_k3_n5,fresh,P-REUSE,2,producer_build,observed_python_opcode_events,298765
complementary_k3_n5,fresh,P-REUSE,2,producer_export,bounded_native_c_call_events,11
complementary_k3_n5,fresh,P-REUSE,2,producer_export,observed_python_opcode_events,3267
complementary_k3_n5,fresh,P-REUSE,2,producer_export,proof_output_bytes,4295
complementary_k3_n5,fresh,P-REUSE,2,producer_input,bounded_native_c_call_events,898
complementary_k3_n5,fresh,P-REUSE,2,producer_input,current_request_bytes,1580
complementary_k3_n5,fresh,P-REUSE,2,producer_input,observed_python_opcode_events,67926
complementary_k3_n5,fresh,P-REUSE,2,producer_storage,bounded_native_c_call_events,801
complementary_k3_n5,fresh,P-REUSE,2,producer_storage,live_serialized_byte_periods,19879
complementary_k3_n5,fresh,P-REUSE,2,producer_storage,observed_python_opcode_events,23521
complementary_k3_n5,fresh,P-REUSE,2,receiver_check,bounded_native_c_call_events,5670
complementary_k3_n5,fresh,P-REUSE,2,receiver_check,observed_python_opcode_events,126625
complementary_k3_n5,fresh,P-REUSE,2,receiver_import,bounded_native_c_call_events,123
complementary_k3_n5,fresh,P-REUSE,2,receiver_import,observed_python_opcode_events,65128
complementary_k3_n5,fresh,P-REUSE,2,receiver_init,observed_python_opcode_events,4
complementary_k3_n5,fresh,P-REUSE,2,receiver_input,bounded_native_c_call_events,898
complementary_k3_n5,fresh,P-REUSE,2,receiver_input,current_request_bytes,1580
complementary_k3_n5,fresh,P-REUSE,2,receiver_input,observed_python_opcode_events,67926
complementary_k3_n5,fresh,P-REUSE,2,receiver_input,proof_input_bytes,4295
complementary_k3_n5,fresh,P-REUSE,2,receiver_old_check,bounded_native_c_call_events,6304
complementary_k3_n5,fresh,P-REUSE,2,receiver_old_check,observed_python_opcode_events,151785
complementary_k3_n5,fresh,P-REUSE,2,receiver_old_import,bounded_native_c_call_events,1110
complementary_k3_n5,fresh,P-REUSE,2,receiver_old_import,observed_python_opcode_events,112029
complementary_k3_n5,fresh,P-REUSE,2,receiver_old_input,bounded_native_c_call_events,2099
complementary_k3_n5,fresh,P-REUSE,2,receiver_old_input,observed_python_opcode_events,131028
complementary_k3_n5,fresh,P-REUSE,2,receiver_old_input,old_proof_input_bytes,3049
complementary_k3_n5,fresh,P-REUSE,2,receiver_old_input,old_request_bytes,2615
complementary_k3_n5,fresh,P-REUSE,2,receiver_storage,bounded_native_c_call_events,1035
complementary_k3_n5,fresh,P-REUSE,2,receiver_storage,live_serialized_byte_periods,25686
complementary_k3_n5,fresh,P-REUSE,2,receiver_storage,observed_python_opcode_events,29504
complementary_k3_n5,fresh,P-REUSE,2,request_encoding,bounded_native_c_call_events,930
complementary_k3_n5,fresh,P-REUSE,2,request_encoding,observed_python_opcode_events,24363
complementary_k3_n5,fresh,P-REUSE,2,terminal,bounded_native_c_call_events,587
complementary_k3_n5,fresh,P-REUSE,2,terminal,candidate_publication_events,1
complementary_k3_n5,fresh,P-REUSE,2,terminal,current_receipt_output_bytes,3075
complementary_k3_n5,fresh,P-REUSE,2,terminal,delivery_events,1
complementary_k3_n5,fresh,P-REUSE,2,terminal,observed_python_opcode_events,14984
complementary_k3_n5,fresh,P-REUSE,3,coordination,bounded_native_c_call_events,12
complementary_k3_n5,fresh,P-REUSE,3,coordination,observed_python_opcode_events,976
complementary_k3_n5,fresh,P-REUSE,3,producer_build,bounded_native_c_call_events,13905
complementary_k3_n5,fresh,P-REUSE,3,producer_build,observed_python_opcode_events,298893
complementary_k3_n5,fresh,P-REUSE,3,producer_export,bounded_native_c_call_events,11
complementary_k3_n5,fresh,P-REUSE,3,producer_export,observed_python_opcode_events,3267
complementary_k3_n5,fresh,P-REUSE,3,producer_export,proof_output_bytes,4301
complementary_k3_n5,fresh,P-REUSE,3,producer_input,bounded_native_c_call_events,896
complementary_k3_n5,fresh,P-REUSE,3,producer_input,current_request_bytes,1586
complementary_k3_n5,fresh,P-REUSE,3,producer_input,observed_python_opcode_events,68099
complementary_k3_n5,fresh,P-REUSE,3,producer_storage,bounded_native_c_call_events,801
complementary_k3_n5,fresh,P-REUSE,3,producer_storage,live_serialized_byte_periods,19891
complementary_k3_n5,fresh,P-REUSE,3,producer_storage,observed_python_opcode_events,23521
complementary_k3_n5,fresh,P-REUSE,3,receiver_check,bounded_native_c_call_events,5637
complementary_k3_n5,fresh,P-REUSE,3,receiver_check,observed_python_opcode_events,125845
complementary_k3_n5,fresh,P-REUSE,3,receiver_import,bounded_native_c_call_events,123
complementary_k3_n5,fresh,P-REUSE,3,receiver_import,observed_python_opcode_events,65218
complementary_k3_n5,fresh,P-REUSE,3,receiver_init,observed_python_opcode_events,4
complementary_k3_n5,fresh,P-REUSE,3,receiver_input,bounded_native_c_call_events,896
complementary_k3_n5,fresh,P-REUSE,3,receiver_input,current_request_bytes,1586
complementary_k3_n5,fresh,P-REUSE,3,receiver_input,observed_python_opcode_events,68099
complementary_k3_n5,fresh,P-REUSE,3,receiver_input,proof_input_bytes,4301
complementary_k3_n5,fresh,P-REUSE,3,receiver_old_check,bounded_native_c_call_events,6304
complementary_k3_n5,fresh,P-REUSE,3,receiver_old_check,observed_python_opcode_events,151785
complementary_k3_n5,fresh,P-REUSE,3,receiver_old_import,bounded_native_c_call_events,1110
complementary_k3_n5,fresh,P-REUSE,3,receiver_old_import,observed_python_opcode_events,112029
complementary_k3_n5,fresh,P-REUSE,3,receiver_old_input,bounded_native_c_call_events,2099
complementary_k3_n5,fresh,P-REUSE,3,receiver_old_input,observed_python_opcode_events,131028
complementary_k3_n5,fresh,P-REUSE,3,receiver_old_input,old_proof_input_bytes,3049
complementary_k3_n5,fresh,P-REUSE,3,receiver_old_input,old_request_bytes,2615
complementary_k3_n5,fresh,P-REUSE,3,receiver_storage,bounded_native_c_call_events,1035
complementary_k3_n5,fresh,P-REUSE,3,receiver_storage,live_serialized_byte_periods,25704
complementary_k3_n5,fresh,P-REUSE,3,receiver_storage,observed_python_opcode_events,29504
complementary_k3_n5,fresh,P-REUSE,3,request_encoding,bounded_native_c_call_events,930
complementary_k3_n5,fresh,P-REUSE,3,request_encoding,observed_python_opcode_events,24371
complementary_k3_n5,fresh,P-REUSE,3,terminal,bounded_native_c_call_events,563
complementary_k3_n5,fresh,P-REUSE,3,terminal,candidate_publication_events,1
complementary_k3_n5,fresh,P-REUSE,3,terminal,current_receipt_output_bytes,3081
complementary_k3_n5,fresh,P-REUSE,3,terminal,delivery_events,1
complementary_k3_n5,fresh,P-REUSE,3,terminal,observed_python_opcode_events,14468
complementary_k3_n5,fresh,P-REUSE,4,coordination,bounded_native_c_call_events,12
complementary_k3_n5,fresh,P-REUSE,4,coordination,observed_python_opcode_events,976
complementary_k3_n5,fresh,P-REUSE,4,producer_build,bounded_native_c_call_events,15342
complementary_k3_n5,fresh,P-REUSE,4,producer_build,observed_python_opcode_events,327576
complementary_k3_n5,fresh,P-REUSE,4,producer_export,bounded_native_c_call_events,11
complementary_k3_n5,fresh,P-REUSE,4,producer_export,observed_python_opcode_events,3267
complementary_k3_n5,fresh,P-REUSE,4,producer_export,proof_output_bytes,4394
complementary_k3_n5,fresh,P-REUSE,4,producer_input,bounded_native_c_call_events,997
complementary_k3_n5,fresh,P-REUSE,4,producer_input,current_request_bytes,1679
complementary_k3_n5,fresh,P-REUSE,4,producer_input,observed_python_opcode_events,72758
complementary_k3_n5,fresh,P-REUSE,4,producer_storage,bounded_native_c_call_events,801
complementary_k3_n5,fresh,P-REUSE,4,producer_storage,live_serialized_byte_periods,20149
complementary_k3_n5,fresh,P-REUSE,4,producer_storage,observed_python_opcode_events,23521
complementary_k3_n5,fresh,P-REUSE,4,receiver_check,bounded_native_c_call_events,6141
complementary_k3_n5,fresh,P-REUSE,4,receiver_check,observed_python_opcode_events,135718
complementary_k3_n5,fresh,P-REUSE,4,receiver_import,bounded_native_c_call_events,123
complementary_k3_n5,fresh,P-REUSE,4,receiver_import,observed_python_opcode_events,66469
complementary_k3_n5,fresh,P-REUSE,4,receiver_init,observed_python_opcode_events,4
complementary_k3_n5,fresh,P-REUSE,4,receiver_input,bounded_native_c_call_events,997
complementary_k3_n5,fresh,P-REUSE,4,receiver_input,current_request_bytes,1679
complementary_k3_n5,fresh,P-REUSE,4,receiver_input,observed_python_opcode_events,72758
complementary_k3_n5,fresh,P-REUSE,4,receiver_input,proof_input_bytes,4394
complementary_k3_n5,fresh,P-REUSE,4,receiver_old_check,bounded_native_c_call_events,6304
complementary_k3_n5,fresh,P-REUSE,4,receiver_old_check,observed_python_opcode_events,151785
complementary_k3_n5,fresh,P-REUSE,4,receiver_old_import,bounded_native_c_call_events,1110
complementary_k3_n5,fresh,P-REUSE,4,receiver_old_import,observed_python_opcode_events,112029
complementary_k3_n5,fresh,P-REUSE,4,receiver_old_input,bounded_native_c_call_events,2099
complementary_k3_n5,fresh,P-REUSE,4,receiver_old_input,observed_python_opcode_events,131028
complementary_k3_n5,fresh,P-REUSE,4,receiver_old_input,old_proof_input_bytes,3049
complementary_k3_n5,fresh,P-REUSE,4,receiver_old_input,old_request_bytes,2615
complementary_k3_n5,fresh,P-REUSE,4,receiver_storage,bounded_native_c_call_events,1035
complementary_k3_n5,fresh,P-REUSE,4,receiver_storage,live_serialized_byte_periods,26091
complementary_k3_n5,fresh,P-REUSE,4,receiver_storage,observed_python_opcode_events,29504
complementary_k3_n5,fresh,P-REUSE,4,request_encoding,bounded_native_c_call_events,1006
complementary_k3_n5,fresh,P-REUSE,4,request_encoding,observed_python_opcode_events,26293
complementary_k3_n5,fresh,P-REUSE,4,terminal,bounded_native_c_call_events,659
complementary_k3_n5,fresh,P-REUSE,4,terminal,candidate_publication_events,1
complementary_k3_n5,fresh,P-REUSE,4,terminal,current_receipt_output_bytes,3174
complementary_k3_n5,fresh,P-REUSE,4,terminal,delivery_events,1
complementary_k3_n5,fresh,P-REUSE,4,terminal,observed_python_opcode_events,16741
complementary_k3_n5,fresh,P-REUSE,5,coordination,bounded_native_c_call_events,12
complementary_k3_n5,fresh,P-REUSE,5,coordination,observed_python_opcode_events,976
complementary_k3_n5,fresh,P-REUSE,5,producer_build,bounded_native_c_call_events,15203
complementary_k3_n5,fresh,P-REUSE,5,producer_build,observed_python_opcode_events,326837
complementary_k3_n5,fresh,P-REUSE,5,producer_export,bounded_native_c_call_events,11
complementary_k3_n5,fresh,P-REUSE,5,producer_export,observed_python_opcode_events,3267
complementary_k3_n5,fresh,P-REUSE,5,producer_export,proof_output_bytes,4398
complementary_k3_n5,fresh,P-REUSE,5,producer_input,bounded_native_c_call_events,993
complementary_k3_n5,fresh,P-REUSE,5,producer_input,current_request_bytes,1683
complementary_k3_n5,fresh,P-REUSE,5,producer_input,observed_python_opcode_events,72876
complementary_k3_n5,fresh,P-REUSE,5,producer_storage,bounded_native_c_call_events,801
complementary_k3_n5,fresh,P-REUSE,5,producer_storage,live_serialized_byte_periods,20157
complementary_k3_n5,fresh,P-REUSE,5,producer_storage,observed_python_opcode_events,23521
complementary_k3_n5,fresh,P-REUSE,5,receiver_check,bounded_native_c_call_events,6065
complementary_k3_n5,fresh,P-REUSE,5,receiver_check,observed_python_opcode_events,134400
complementary_k3_n5,fresh,P-REUSE,5,receiver_import,bounded_native_c_call_events,123
complementary_k3_n5,fresh,P-REUSE,5,receiver_import,observed_python_opcode_events,66529
complementary_k3_n5,fresh,P-REUSE,5,receiver_init,observed_python_opcode_events,4
complementary_k3_n5,fresh,P-REUSE,5,receiver_input,bounded_native_c_call_events,993
complementary_k3_n5,fresh,P-REUSE,5,receiver_input,current_request_bytes,1683
complementary_k3_n5,fresh,P-REUSE,5,receiver_input,observed_python_opcode_events,72876
complementary_k3_n5,fresh,P-REUSE,5,receiver_input,proof_input_bytes,4398
complementary_k3_n5,fresh,P-REUSE,5,receiver_old_check,bounded_native_c_call_events,6304
complementary_k3_n5,fresh,P-REUSE,5,receiver_old_check,observed_python_opcode_events,151785
complementary_k3_n5,fresh,P-REUSE,5,receiver_old_import,bounded_native_c_call_events,1110
complementary_k3_n5,fresh,P-REUSE,5,receiver_old_import,observed_python_opcode_events,112029
complementary_k3_n5,fresh,P-REUSE,5,receiver_old_input,bounded_native_c_call_events,2099
complementary_k3_n5,fresh,P-REUSE,5,receiver_old_input,observed_python_opcode_events,131028
complementary_k3_n5,fresh,P-REUSE,5,receiver_old_input,old_proof_input_bytes,3049
complementary_k3_n5,fresh,P-REUSE,5,receiver_old_input,old_request_bytes,2615
complementary_k3_n5,fresh,P-REUSE,5,receiver_storage,bounded_native_c_call_events,1035
complementary_k3_n5,fresh,P-REUSE,5,receiver_storage,live_serialized_byte_periods,26103
complementary_k3_n5,fresh,P-REUSE,5,receiver_storage,observed_python_opcode_events,29504
complementary_k3_n5,fresh,P-REUSE,5,request_encoding,bounded_native_c_call_events,1006
complementary_k3_n5,fresh,P-REUSE,5,request_encoding,observed_python_opcode_events,26315
complementary_k3_n5,fresh,P-REUSE,5,terminal,bounded_native_c_call_events,631
complementary_k3_n5,fresh,P-REUSE,5,terminal,candidate_publication_events,1
complementary_k3_n5,fresh,P-REUSE,5,terminal,current_receipt_output_bytes,3178
complementary_k3_n5,fresh,P-REUSE,5,terminal,delivery_events,1
complementary_k3_n5,fresh,P-REUSE,5,terminal,observed_python_opcode_events,16065
complementary_k3_n5,fresh,P-REUSE,6,coordination,bounded_native_c_call_events,12
complementary_k3_n5,fresh,P-REUSE,6,coordination,observed_python_opcode_events,976
complementary_k3_n5,fresh,P-REUSE,6,producer_build,bounded_native_c_call_events,16055
complementary_k3_n5,fresh,P-REUSE,6,producer_build,observed_python_opcode_events,337076
complementary_k3_n5,fresh,P-REUSE,6,producer_export,bounded_native_c_call_events,11
complementary_k3_n5,fresh,P-REUSE,6,producer_export,observed_python_opcode_events,3271
complementary_k3_n5,fresh,P-REUSE,6,producer_export,proof_output_bytes,4425
complementary_k3_n5,fresh,P-REUSE,6,producer_input,bounded_native_c_call_events,1054
complementary_k3_n5,fresh,P-REUSE,6,producer_input,current_request_bytes,1710
complementary_k3_n5,fresh,P-REUSE,6,producer_input,observed_python_opcode_events,74661
complementary_k3_n5,fresh,P-REUSE,6,producer_storage,bounded_native_c_call_events,801
complementary_k3_n5,fresh,P-REUSE,6,producer_storage,live_serialized_byte_periods,20235
complementary_k3_n5,fresh,P-REUSE,6,producer_storage,observed_python_opcode_events,23521
complementary_k3_n5,fresh,P-REUSE,6,receiver_check,bounded_native_c_call_events,6379
complementary_k3_n5,fresh,P-REUSE,6,receiver_check,observed_python_opcode_events,138732
complementary_k3_n5,fresh,P-REUSE,6,receiver_import,bounded_native_c_call_events,121
complementary_k3_n5,fresh,P-REUSE,6,receiver_import,observed_python_opcode_events,66875
complementary_k3_n5,fresh,P-REUSE,6,receiver_init,observed_python_opcode_events,4
complementary_k3_n5,fresh,P-REUSE,6,receiver_input,bounded_native_c_call_events,1054
complementary_k3_n5,fresh,P-REUSE,6,receiver_input,current_request_bytes,1710
complementary_k3_n5,fresh,P-REUSE,6,receiver_input,observed_python_opcode_events,74661
complementary_k3_n5,fresh,P-REUSE,6,receiver_input,proof_input_bytes,4425
complementary_k3_n5,fresh,P-REUSE,6,receiver_old_check,bounded_native_c_call_events,6304
complementary_k3_n5,fresh,P-REUSE,6,receiver_old_check,observed_python_opcode_events,151785
complementary_k3_n5,fresh,P-REUSE,6,receiver_old_import,bounded_native_c_call_events,1110
complementary_k3_n5,fresh,P-REUSE,6,receiver_old_import,observed_python_opcode_events,112029
complementary_k3_n5,fresh,P-REUSE,6,receiver_old_input,bounded_native_c_call_events,2099
complementary_k3_n5,fresh,P-REUSE,6,receiver_old_input,observed_python_opcode_events,131028
complementary_k3_n5,fresh,P-REUSE,6,receiver_old_input,old_proof_input_bytes,3049
complementary_k3_n5,fresh,P-REUSE,6,receiver_old_input,old_request_bytes,2615
complementary_k3_n5,fresh,P-REUSE,6,receiver_storage,bounded_native_c_call_events,1035
complementary_k3_n5,fresh,P-REUSE,6,receiver_storage,live_serialized_byte_periods,26220
complementary_k3_n5,fresh,P-REUSE,6,receiver_storage,observed_python_opcode_events,29504
complementary_k3_n5,fresh,P-REUSE,6,request_encoding,bounded_native_c_call_events,1047
complementary_k3_n5,fresh,P-REUSE,6,request_encoding,observed_python_opcode_events,27221
complementary_k3_n5,fresh,P-REUSE,6,terminal,bounded_native_c_call_events,652
complementary_k3_n5,fresh,P-REUSE,6,terminal,candidate_publication_events,1
complementary_k3_n5,fresh,P-REUSE,6,terminal,current_receipt_output_bytes,3205
complementary_k3_n5,fresh,P-REUSE,6,terminal,delivery_events,1
complementary_k3_n5,fresh,P-REUSE,6,terminal,observed_python_opcode_events,16562
complementary_k3_n5,resident,O-ADD-COLD,1,common_source,bounded_native_c_call_events,371
complementary_k3_n5,resident,O-ADD-COLD,1,common_source,observed_python_opcode_events,32551
complementary_k3_n5,resident,O-ADD-COLD,1,common_source,source_hash_bytes_prepaid,197956
complementary_k3_n5,resident,O-ADD-COLD,1,common_source,source_length_probe_bytes_prepaid,8
complementary_k3_n5,resident,O-ADD-COLD,1,common_source,source_program_bytes_prepaid,197956
complementary_k3_n5,resident,O-ADD-COLD,1,common_source,source_record_bytes,1199
complementary_k3_n5,resident,O-ADD-COLD,1,coordination,bounded_native_c_call_events,10
complementary_k3_n5,resident,O-ADD-COLD,1,coordination,observed_python_opcode_events,625
complementary_k3_n5,resident,O-ADD-COLD,1,producer_build,bounded_native_c_call_events,5959
complementary_k3_n5,resident,O-ADD-COLD,1,producer_build,observed_python_opcode_events,179099
complementary_k3_n5,resident,O-ADD-COLD,1,producer_export,bounded_native_c_call_events,8
complementary_k3_n5,resident,O-ADD-COLD,1,producer_export,observed_python_opcode_events,260
complementary_k3_n5,resident,O-ADD-COLD,1,producer_export,proof_output_bytes,6398
complementary_k3_n5,resident,O-ADD-COLD,1,producer_init,bounded_native_c_call_events,19
complementary_k3_n5,resident,O-ADD-COLD,1,producer_init,observed_python_opcode_events,815
complementary_k3_n5,resident,O-ADD-COLD,1,producer_input,bounded_native_c_call_events,869
complementary_k3_n5,resident,O-ADD-COLD,1,producer_input,current_request_bytes,1558
complementary_k3_n5,resident,O-ADD-COLD,1,producer_input,observed_python_opcode_events,66511
complementary_k3_n5,resident,O-ADD-COLD,1,producer_storage,bounded_native_c_call_events,758
complementary_k3_n5,resident,O-ADD-COLD,1,producer_storage,live_serialized_byte_periods,22495
complementary_k3_n5,resident,O-ADD-COLD,1,producer_storage,observed_python_opcode_events,81586
complementary_k3_n5,resident,O-ADD-COLD,1,receiver_check,bounded_native_c_call_events,5626
complementary_k3_n5,resident,O-ADD-COLD,1,receiver_check,observed_python_opcode_events,322121
complementary_k3_n5,resident,O-ADD-COLD,1,receiver_init,bounded_native_c_call_events,130
complementary_k3_n5,resident,O-ADD-COLD,1,receiver_init,observed_python_opcode_events,27975
complementary_k3_n5,resident,O-ADD-COLD,1,receiver_input,bounded_native_c_call_events,869
complementary_k3_n5,resident,O-ADD-COLD,1,receiver_input,current_request_bytes,1558
complementary_k3_n5,resident,O-ADD-COLD,1,receiver_input,observed_python_opcode_events,66511
complementary_k3_n5,resident,O-ADD-COLD,1,receiver_input,proof_input_bytes,6398
complementary_k3_n5,resident,O-ADD-COLD,1,receiver_storage,bounded_native_c_call_events,22
complementary_k3_n5,resident,O-ADD-COLD,1,receiver_storage,live_serialized_byte_periods,23162
complementary_k3_n5,resident,O-ADD-COLD,1,receiver_storage,observed_python_opcode_events,33086
complementary_k3_n5,resident,O-ADD-COLD,1,request_encoding,bounded_native_c_call_events,894
complementary_k3_n5,resident,O-ADD-COLD,1,request_encoding,observed_python_opcode_events,23553
complementary_k3_n5,resident,O-ADD-COLD,1,terminal,bounded_native_c_call_events,555
complementary_k3_n5,resident,O-ADD-COLD,1,terminal,candidate_publication_events,1
complementary_k3_n5,resident,O-ADD-COLD,1,terminal,current_receipt_output_bytes,3053
complementary_k3_n5,resident,O-ADD-COLD,1,terminal,delivery_events,1
complementary_k3_n5,resident,O-ADD-COLD,1,terminal,observed_python_opcode_events,14240
complementary_k3_n5,resident,O-ADD-COLD,2,coordination,bounded_native_c_call_events,10
complementary_k3_n5,resident,O-ADD-COLD,2,coordination,observed_python_opcode_events,604
complementary_k3_n5,resident,O-ADD-COLD,2,producer_build,bounded_native_c_call_events,6640
complementary_k3_n5,resident,O-ADD-COLD,2,producer_build,observed_python_opcode_events,199247
complementary_k3_n5,resident,O-ADD-COLD,2,producer_export,bounded_native_c_call_events,8
complementary_k3_n5,resident,O-ADD-COLD,2,producer_export,observed_python_opcode_events,260
complementary_k3_n5,resident,O-ADD-COLD,2,producer_export,proof_output_bytes,6830
complementary_k3_n5,resident,O-ADD-COLD,2,producer_init,bounded_native_c_call_events,19
complementary_k3_n5,resident,O-ADD-COLD,2,producer_init,observed_python_opcode_events,815
complementary_k3_n5,resident,O-ADD-COLD,2,producer_input,bounded_native_c_call_events,898
complementary_k3_n5,resident,O-ADD-COLD,2,producer_input,current_request_bytes,1580
complementary_k3_n5,resident,O-ADD-COLD,2,producer_input,observed_python_opcode_events,67926
complementary_k3_n5,resident,O-ADD-COLD,2,producer_storage,bounded_native_c_call_events,784
complementary_k3_n5,resident,O-ADD-COLD,2,producer_storage,live_serialized_byte_periods,23939
complementary_k3_n5,resident,O-ADD-COLD,2,producer_storage,observed_python_opcode_events,92665
complementary_k3_n5,resident,O-ADD-COLD,2,receiver_check,bounded_native_c_call_events,6456
complementary_k3_n5,resident,O-ADD-COLD,2,receiver_check,observed_python_opcode_events,358264
complementary_k3_n5,resident,O-ADD-COLD,2,receiver_init,bounded_native_c_call_events,130
complementary_k3_n5,resident,O-ADD-COLD,2,receiver_init,observed_python_opcode_events,27975
complementary_k3_n5,resident,O-ADD-COLD,2,receiver_input,bounded_native_c_call_events,898
complementary_k3_n5,resident,O-ADD-COLD,2,receiver_input,current_request_bytes,1580
complementary_k3_n5,resident,O-ADD-COLD,2,receiver_input,observed_python_opcode_events,67926
complementary_k3_n5,resident,O-ADD-COLD,2,receiver_input,proof_input_bytes,6830
complementary_k3_n5,resident,O-ADD-COLD,2,receiver_storage,bounded_native_c_call_events,22
complementary_k3_n5,resident,O-ADD-COLD,2,receiver_storage,live_serialized_byte_periods,24372
complementary_k3_n5,resident,O-ADD-COLD,2,receiver_storage,observed_python_opcode_events,40359
complementary_k3_n5,resident,O-ADD-COLD,2,request_encoding,bounded_native_c_call_events,930
complementary_k3_n5,resident,O-ADD-COLD,2,request_encoding,observed_python_opcode_events,24363
complementary_k3_n5,resident,O-ADD-COLD,2,terminal,bounded_native_c_call_events,587
complementary_k3_n5,resident,O-ADD-COLD,2,terminal,candidate_publication_events,1
complementary_k3_n5,resident,O-ADD-COLD,2,terminal,current_receipt_output_bytes,3075
complementary_k3_n5,resident,O-ADD-COLD,2,terminal,delivery_events,1
complementary_k3_n5,resident,O-ADD-COLD,2,terminal,observed_python_opcode_events,14984
complementary_k3_n5,resident,O-ADD-COLD,3,coordination,bounded_native_c_call_events,10
complementary_k3_n5,resident,O-ADD-COLD,3,coordination,observed_python_opcode_events,604
complementary_k3_n5,resident,O-ADD-COLD,3,producer_build,bounded_native_c_call_events,6905
complementary_k3_n5,resident,O-ADD-COLD,3,producer_build,observed_python_opcode_events,208469
complementary_k3_n5,resident,O-ADD-COLD,3,producer_export,bounded_native_c_call_events,8
complementary_k3_n5,resident,O-ADD-COLD,3,producer_export,observed_python_opcode_events,260
complementary_k3_n5,resident,O-ADD-COLD,3,producer_export,proof_output_bytes,7051
complementary_k3_n5,resident,O-ADD-COLD,3,producer_init,bounded_native_c_call_events,19
complementary_k3_n5,resident,O-ADD-COLD,3,producer_init,observed_python_opcode_events,815
complementary_k3_n5,resident,O-ADD-COLD,3,producer_input,bounded_native_c_call_events,896
complementary_k3_n5,resident,O-ADD-COLD,3,producer_input,current_request_bytes,1586
complementary_k3_n5,resident,O-ADD-COLD,3,producer_input,observed_python_opcode_events,68099
complementary_k3_n5,resident,O-ADD-COLD,3,producer_storage,bounded_native_c_call_events,784
complementary_k3_n5,resident,O-ADD-COLD,3,producer_storage,live_serialized_byte_periods,24676
complementary_k3_n5,resident,O-ADD-COLD,3,producer_storage,observed_python_opcode_events,98525
complementary_k3_n5,resident,O-ADD-COLD,3,receiver_check,bounded_native_c_call_events,6856
complementary_k3_n5,resident,O-ADD-COLD,3,receiver_check,observed_python_opcode_events,376845
complementary_k3_n5,resident,O-ADD-COLD,3,receiver_init,bounded_native_c_call_events,130
complementary_k3_n5,resident,O-ADD-COLD,3,receiver_init,observed_python_opcode_events,27975
complementary_k3_n5,resident,O-ADD-COLD,3,receiver_input,bounded_native_c_call_events,896
complementary_k3_n5,resident,O-ADD-COLD,3,receiver_input,current_request_bytes,1586
complementary_k3_n5,resident,O-ADD-COLD,3,receiver_input,observed_python_opcode_events,68099
complementary_k3_n5,resident,O-ADD-COLD,3,receiver_input,proof_input_bytes,7051
complementary_k3_n5,resident,O-ADD-COLD,3,receiver_storage,bounded_native_c_call_events,22
complementary_k3_n5,resident,O-ADD-COLD,3,receiver_storage,live_serialized_byte_periods,24973
complementary_k3_n5,resident,O-ADD-COLD,3,receiver_storage,observed_python_opcode_events,44449
complementary_k3_n5,resident,O-ADD-COLD,3,request_encoding,bounded_native_c_call_events,930
complementary_k3_n5,resident,O-ADD-COLD,3,request_encoding,observed_python_opcode_events,24371
complementary_k3_n5,resident,O-ADD-COLD,3,terminal,bounded_native_c_call_events,563
complementary_k3_n5,resident,O-ADD-COLD,3,terminal,candidate_publication_events,1
complementary_k3_n5,resident,O-ADD-COLD,3,terminal,current_receipt_output_bytes,3081
complementary_k3_n5,resident,O-ADD-COLD,3,terminal,delivery_events,1
complementary_k3_n5,resident,O-ADD-COLD,3,terminal,observed_python_opcode_events,14468
complementary_k3_n5,resident,O-ADD-COLD,4,coordination,bounded_native_c_call_events,10
complementary_k3_n5,resident,O-ADD-COLD,4,coordination,observed_python_opcode_events,604
complementary_k3_n5,resident,O-ADD-COLD,4,producer_build,bounded_native_c_call_events,7680
complementary_k3_n5,resident,O-ADD-COLD,4,producer_build,observed_python_opcode_events,229515
complementary_k3_n5,resident,O-ADD-COLD,4,producer_export,bounded_native_c_call_events,8
complementary_k3_n5,resident,O-ADD-COLD,4,producer_export,observed_python_opcode_events,260
complementary_k3_n5,resident,O-ADD-COLD,4,producer_export,proof_output_bytes,7474
complementary_k3_n5,resident,O-ADD-COLD,4,producer_init,bounded_native_c_call_events,19
complementary_k3_n5,resident,O-ADD-COLD,4,producer_init,observed_python_opcode_events,815
complementary_k3_n5,resident,O-ADD-COLD,4,producer_input,bounded_native_c_call_events,997
complementary_k3_n5,resident,O-ADD-COLD,4,producer_input,current_request_bytes,1679
complementary_k3_n5,resident,O-ADD-COLD,4,producer_input,observed_python_opcode_events,72758
complementary_k3_n5,resident,O-ADD-COLD,4,producer_storage,bounded_native_c_call_events,810
complementary_k3_n5,resident,O-ADD-COLD,4,producer_storage,live_serialized_byte_periods,26041
complementary_k3_n5,resident,O-ADD-COLD,4,producer_storage,observed_python_opcode_events,107151
complementary_k3_n5,resident,O-ADD-COLD,4,receiver_check,bounded_native_c_call_events,7640
complementary_k3_n5,resident,O-ADD-COLD,4,receiver_check,observed_python_opcode_events,410001
complementary_k3_n5,resident,O-ADD-COLD,4,receiver_init,bounded_native_c_call_events,130
complementary_k3_n5,resident,O-ADD-COLD,4,receiver_init,observed_python_opcode_events,27975
complementary_k3_n5,resident,O-ADD-COLD,4,receiver_input,bounded_native_c_call_events,997
complementary_k3_n5,resident,O-ADD-COLD,4,receiver_input,current_request_bytes,1679
complementary_k3_n5,resident,O-ADD-COLD,4,receiver_input,observed_python_opcode_events,72758
complementary_k3_n5,resident,O-ADD-COLD,4,receiver_input,proof_input_bytes,7474
complementary_k3_n5,resident,O-ADD-COLD,4,receiver_storage,bounded_native_c_call_events,22
complementary_k3_n5,resident,O-ADD-COLD,4,receiver_storage,live_serialized_byte_periods,26342
complementary_k3_n5,resident,O-ADD-COLD,4,receiver_storage,observed_python_opcode_events,49790
complementary_k3_n5,resident,O-ADD-COLD,4,request_encoding,bounded_native_c_call_events,1006
complementary_k3_n5,resident,O-ADD-COLD,4,request_encoding,observed_python_opcode_events,26293
complementary_k3_n5,resident,O-ADD-COLD,4,terminal,bounded_native_c_call_events,659
complementary_k3_n5,resident,O-ADD-COLD,4,terminal,candidate_publication_events,1
complementary_k3_n5,resident,O-ADD-COLD,4,terminal,current_receipt_output_bytes,3174
complementary_k3_n5,resident,O-ADD-COLD,4,terminal,delivery_events,1
complementary_k3_n5,resident,O-ADD-COLD,4,terminal,observed_python_opcode_events,16741
complementary_k3_n5,resident,O-ADD-COLD,5,coordination,bounded_native_c_call_events,10
complementary_k3_n5,resident,O-ADD-COLD,5,coordination,observed_python_opcode_events,604
complementary_k3_n5,resident,O-ADD-COLD,5,producer_build,bounded_native_c_call_events,7480
complementary_k3_n5,resident,O-ADD-COLD,5,producer_build,observed_python_opcode_events,221056
complementary_k3_n5,resident,O-ADD-COLD,5,producer_export,bounded_native_c_call_events,8
complementary_k3_n5,resident,O-ADD-COLD,5,producer_export,observed_python_opcode_events,260
complementary_k3_n5,resident,O-ADD-COLD,5,producer_export,proof_output_bytes,7332
complementary_k3_n5,resident,O-ADD-COLD,5,producer_init,bounded_native_c_call_events,19
complementary_k3_n5,resident,O-ADD-COLD,5,producer_init,observed_python_opcode_events,815
complementary_k3_n5,resident,O-ADD-COLD,5,producer_input,bounded_native_c_call_events,993
complementary_k3_n5,resident,O-ADD-COLD,5,producer_input,current_request_bytes,1683
complementary_k3_n5,resident,O-ADD-COLD,5,producer_input,observed_python_opcode_events,72876
complementary_k3_n5,resident,O-ADD-COLD,5,producer_storage,bounded_native_c_call_events,830
complementary_k3_n5,resident,O-ADD-COLD,5,producer_storage,live_serialized_byte_periods,25541
complementary_k3_n5,resident,O-ADD-COLD,5,producer_storage,observed_python_opcode_events,102819
complementary_k3_n5,resident,O-ADD-COLD,5,receiver_check,bounded_native_c_call_events,7286
complementary_k3_n5,resident,O-ADD-COLD,5,receiver_check,observed_python_opcode_events,394037
complementary_k3_n5,resident,O-ADD-COLD,5,receiver_init,bounded_native_c_call_events,130
complementary_k3_n5,resident,O-ADD-COLD,5,receiver_init,observed_python_opcode_events,27975
complementary_k3_n5,resident,O-ADD-COLD,5,receiver_input,bounded_native_c_call_events,993
complementary_k3_n5,resident,O-ADD-COLD,5,receiver_input,current_request_bytes,1683
complementary_k3_n5,resident,O-ADD-COLD,5,receiver_input,observed_python_opcode_events,72876
complementary_k3_n5,resident,O-ADD-COLD,5,receiver_input,proof_input_bytes,7332
complementary_k3_n5,resident,O-ADD-COLD,5,receiver_storage,bounded_native_c_call_events,22
complementary_k3_n5,resident,O-ADD-COLD,5,receiver_storage,live_serialized_byte_periods,25929
complementary_k3_n5,resident,O-ADD-COLD,5,receiver_storage,observed_python_opcode_events,46366
complementary_k3_n5,resident,O-ADD-COLD,5,request_encoding,bounded_native_c_call_events,1006
complementary_k3_n5,resident,O-ADD-COLD,5,request_encoding,observed_python_opcode_events,26315
complementary_k3_n5,resident,O-ADD-COLD,5,terminal,bounded_native_c_call_events,631
complementary_k3_n5,resident,O-ADD-COLD,5,terminal,candidate_publication_events,1
complementary_k3_n5,resident,O-ADD-COLD,5,terminal,current_receipt_output_bytes,3178
complementary_k3_n5,resident,O-ADD-COLD,5,terminal,delivery_events,1
complementary_k3_n5,resident,O-ADD-COLD,5,terminal,observed_python_opcode_events,16065
complementary_k3_n5,resident,O-ADD-COLD,6,coordination,bounded_native_c_call_events,10
complementary_k3_n5,resident,O-ADD-COLD,6,coordination,observed_python_opcode_events,604
complementary_k3_n5,resident,O-ADD-COLD,6,producer_build,bounded_native_c_call_events,8279
complementary_k3_n5,resident,O-ADD-COLD,6,producer_build,observed_python_opcode_events,243273
complementary_k3_n5,resident,O-ADD-COLD,6,producer_export,bounded_native_c_call_events,8
complementary_k3_n5,resident,O-ADD-COLD,6,producer_export,observed_python_opcode_events,260
complementary_k3_n5,resident,O-ADD-COLD,6,producer_export,proof_output_bytes,7890
complementary_k3_n5,resident,O-ADD-COLD,6,producer_init,bounded_native_c_call_events,19
complementary_k3_n5,resident,O-ADD-COLD,6,producer_init,observed_python_opcode_events,815
complementary_k3_n5,resident,O-ADD-COLD,6,producer_input,bounded_native_c_call_events,1054
complementary_k3_n5,resident,O-ADD-COLD,6,producer_input,current_request_bytes,1710
complementary_k3_n5,resident,O-ADD-COLD,6,producer_input,observed_python_opcode_events,74661
complementary_k3_n5,resident,O-ADD-COLD,6,producer_storage,bounded_native_c_call_events,970
complementary_k3_n5,resident,O-ADD-COLD,6,producer_storage,live_serialized_byte_periods,27456
complementary_k3_n5,resident,O-ADD-COLD,6,producer_storage,observed_python_opcode_events,114093
complementary_k3_n5,resident,O-ADD-COLD,6,receiver_check,bounded_native_c_call_events,8039
complementary_k3_n5,resident,O-ADD-COLD,6,receiver_check,observed_python_opcode_events,432743
complementary_k3_n5,resident,O-ADD-COLD,6,receiver_init,bounded_native_c_call_events,130
complementary_k3_n5,resident,O-ADD-COLD,6,receiver_init,observed_python_opcode_events,27975
complementary_k3_n5,resident,O-ADD-COLD,6,receiver_input,bounded_native_c_call_events,1054
complementary_k3_n5,resident,O-ADD-COLD,6,receiver_input,current_request_bytes,1710
complementary_k3_n5,resident,O-ADD-COLD,6,receiver_input,observed_python_opcode_events,74661
complementary_k3_n5,resident,O-ADD-COLD,6,receiver_input,proof_input_bytes,7890
complementary_k3_n5,resident,O-ADD-COLD,6,receiver_storage,bounded_native_c_call_events,22
complementary_k3_n5,resident,O-ADD-COLD,6,receiver_storage,live_serialized_byte_periods,27505
complementary_k3_n5,resident,O-ADD-COLD,6,receiver_storage,observed_python_opcode_events,52158
complementary_k3_n5,resident,O-ADD-COLD,6,request_encoding,bounded_native_c_call_events,1047
complementary_k3_n5,resident,O-ADD-COLD,6,request_encoding,observed_python_opcode_events,27221
complementary_k3_n5,resident,O-ADD-COLD,6,terminal,bounded_native_c_call_events,652
complementary_k3_n5,resident,O-ADD-COLD,6,terminal,candidate_publication_events,1
complementary_k3_n5,resident,O-ADD-COLD,6,terminal,current_receipt_output_bytes,3205
complementary_k3_n5,resident,O-ADD-COLD,6,terminal,delivery_events,1
complementary_k3_n5,resident,O-ADD-COLD,6,terminal,observed_python_opcode_events,16562
complementary_k3_n5,resident,O-ADD-PORTFOLIO,1,common_source,bounded_native_c_call_events,371
complementary_k3_n5,resident,O-ADD-PORTFOLIO,1,common_source,observed_python_opcode_events,32551
complementary_k3_n5,resident,O-ADD-PORTFOLIO,1,common_source,source_hash_bytes_prepaid,197956
complementary_k3_n5,resident,O-ADD-PORTFOLIO,1,common_source,source_length_probe_bytes_prepaid,8
complementary_k3_n5,resident,O-ADD-PORTFOLIO,1,common_source,source_program_bytes_prepaid,197956
complementary_k3_n5,resident,O-ADD-PORTFOLIO,1,common_source,source_record_bytes,1199
complementary_k3_n5,resident,O-ADD-PORTFOLIO,1,coordination,bounded_native_c_call_events,19
complementary_k3_n5,resident,O-ADD-PORTFOLIO,1,coordination,observed_python_opcode_events,1724
complementary_k3_n5,resident,O-ADD-PORTFOLIO,1,producer_build,bounded_native_c_call_events,13052
complementary_k3_n5,resident,O-ADD-PORTFOLIO,1,producer_build,observed_python_opcode_events,283617
complementary_k3_n5,resident,O-ADD-PORTFOLIO,1,producer_export,bounded_native_c_call_events,11
complementary_k3_n5,resident,O-ADD-PORTFOLIO,1,producer_export,observed_python_opcode_events,3267
complementary_k3_n5,resident,O-ADD-PORTFOLIO,1,producer_export,proof_output_bytes,4273
complementary_k3_n5,resident,O-ADD-PORTFOLIO,1,producer_init,bounded_native_c_call_events,149
complementary_k3_n5,resident,O-ADD-PORTFOLIO,1,producer_init,observed_python_opcode_events,28794
complementary_k3_n5,resident,O-ADD-PORTFOLIO,1,producer_input,bounded_native_c_call_events,869
complementary_k3_n5,resident,O-ADD-PORTFOLIO,1,producer_input,current_request_bytes,1558
complementary_k3_n5,resident,O-ADD-PORTFOLIO,1,producer_input,observed_python_opcode_events,66511
complementary_k3_n5,resident,O-ADD-PORTFOLIO,1,producer_old_admission,bounded_native_c_call_events,5784
complementary_k3_n5,resident,O-ADD-PORTFOLIO,1,producer_old_admission,observed_python_opcode_events,330093
complementary_k3_n5,resident,O-ADD-PORTFOLIO,1,producer_old_build,bounded_native_c_call_events,5350
complementary_k3_n5,resident,O-ADD-PORTFOLIO,1,producer_old_build,observed_python_opcode_events,152300
complementary_k3_n5,resident,O-ADD-PORTFOLIO,1,producer_old_export,bounded_native_c_call_events,16
complementary_k3_n5,resident,O-ADD-PORTFOLIO,1,producer_old_export,observed_python_opcode_events,520
complementary_k3_n5,resident,O-ADD-PORTFOLIO,1,producer_old_export,old_proof_output_bytes,8084
complementary_k3_n5,resident,O-ADD-PORTFOLIO,1,producer_old_input,bounded_native_c_call_events,2099
complementary_k3_n5,resident,O-ADD-PORTFOLIO,1,producer_old_input,observed_python_opcode_events,131028
complementary_k3_n5,resident,O-ADD-PORTFOLIO,1,producer_old_input,old_request_bytes,2615
complementary_k3_n5,resident,O-ADD-PORTFOLIO,1,producer_storage,bounded_native_c_call_events,2143
complementary_k3_n5,resident,O-ADD-PORTFOLIO,1,producer_storage,live_serialized_byte_periods,89832
complementary_k3_n5,resident,O-ADD-PORTFOLIO,1,producer_storage,observed_python_opcode_events,204828
complementary_k3_n5,resident,O-ADD-PORTFOLIO,1,receiver_check,bounded_native_c_call_events,5305
complementary_k3_n5,resident,O-ADD-PORTFOLIO,1,receiver_check,observed_python_opcode_events,120306
complementary_k3_n5,resident,O-ADD-PORTFOLIO,1,receiver_import,bounded_native_c_call_events,123
complementary_k3_n5,resident,O-ADD-PORTFOLIO,1,receiver_import,observed_python_opcode_events,64830
complementary_k3_n5,resident,O-ADD-PORTFOLIO,1,receiver_init,bounded_native_c_call_events,130
complementary_k3_n5,resident,O-ADD-PORTFOLIO,1,receiver_init,observed_python_opcode_events,27979
complementary_k3_n5,resident,O-ADD-PORTFOLIO,1,receiver_input,bounded_native_c_call_events,869
complementary_k3_n5,resident,O-ADD-PORTFOLIO,1,receiver_input,current_request_bytes,1558
complementary_k3_n5,resident,O-ADD-PORTFOLIO,1,receiver_input,observed_python_opcode_events,66511
complementary_k3_n5,resident,O-ADD-PORTFOLIO,1,receiver_input,proof_input_bytes,4273
complementary_k3_n5,resident,O-ADD-PORTFOLIO,1,receiver_old_check,bounded_native_c_call_events,5762
complementary_k3_n5,resident,O-ADD-PORTFOLIO,1,receiver_old_check,observed_python_opcode_events,329287
complementary_k3_n5,resident,O-ADD-PORTFOLIO,1,receiver_old_input,bounded_native_c_call_events,2099
complementary_k3_n5,resident,O-ADD-PORTFOLIO,1,receiver_old_input,observed_python_opcode_events,131028
complementary_k3_n5,resident,O-ADD-PORTFOLIO,1,receiver_old_input,old_proof_input_bytes,8084
complementary_k3_n5,resident,O-ADD-PORTFOLIO,1,receiver_old_input,old_request_bytes,2615
complementary_k3_n5,resident,O-ADD-PORTFOLIO,1,receiver_storage,bounded_native_c_call_events,1071
complementary_k3_n5,resident,O-ADD-PORTFOLIO,1,receiver_storage,live_serialized_byte_periods,45544
complementary_k3_n5,resident,O-ADD-PORTFOLIO,1,receiver_storage,observed_python_opcode_events,82986
complementary_k3_n5,resident,O-ADD-PORTFOLIO,1,request_encoding,bounded_native_c_call_events,894
complementary_k3_n5,resident,O-ADD-PORTFOLIO,1,request_encoding,observed_python_opcode_events,23553
complementary_k3_n5,resident,O-ADD-PORTFOLIO,1,terminal,bounded_native_c_call_events,555
complementary_k3_n5,resident,O-ADD-PORTFOLIO,1,terminal,candidate_publication_events,1
complementary_k3_n5,resident,O-ADD-PORTFOLIO,1,terminal,current_receipt_output_bytes,3053
complementary_k3_n5,resident,O-ADD-PORTFOLIO,1,terminal,delivery_events,1
complementary_k3_n5,resident,O-ADD-PORTFOLIO,1,terminal,observed_python_opcode_events,14240
complementary_k3_n5,resident,O-ADD-PORTFOLIO,2,coordination,bounded_native_c_call_events,10
complementary_k3_n5,resident,O-ADD-PORTFOLIO,2,coordination,observed_python_opcode_events,592
complementary_k3_n5,resident,O-ADD-PORTFOLIO,2,producer_build,bounded_native_c_call_events,13885
complementary_k3_n5,resident,O-ADD-PORTFOLIO,2,producer_build,observed_python_opcode_events,298765
complementary_k3_n5,resident,O-ADD-PORTFOLIO,2,producer_export,bounded_native_c_call_events,11
complementary_k3_n5,resident,O-ADD-PORTFOLIO,2,producer_export,observed_python_opcode_events,3267
complementary_k3_n5,resident,O-ADD-PORTFOLIO,2,producer_export,proof_output_bytes,4295
complementary_k3_n5,resident,O-ADD-PORTFOLIO,2,producer_input,bounded_native_c_call_events,898
complementary_k3_n5,resident,O-ADD-PORTFOLIO,2,producer_input,current_request_bytes,1580
complementary_k3_n5,resident,O-ADD-PORTFOLIO,2,producer_input,observed_python_opcode_events,67926
complementary_k3_n5,resident,O-ADD-PORTFOLIO,2,producer_storage,bounded_native_c_call_events,799
complementary_k3_n5,resident,O-ADD-PORTFOLIO,2,producer_storage,live_serialized_byte_periods,16215
complementary_k3_n5,resident,O-ADD-PORTFOLIO,2,producer_storage,observed_python_opcode_events,23449
complementary_k3_n5,resident,O-ADD-PORTFOLIO,2,receiver_check,bounded_native_c_call_events,5670
complementary_k3_n5,resident,O-ADD-PORTFOLIO,2,receiver_check,observed_python_opcode_events,126625
complementary_k3_n5,resident,O-ADD-PORTFOLIO,2,receiver_import,bounded_native_c_call_events,123
complementary_k3_n5,resident,O-ADD-PORTFOLIO,2,receiver_import,observed_python_opcode_events,65128
complementary_k3_n5,resident,O-ADD-PORTFOLIO,2,receiver_input,bounded_native_c_call_events,898
complementary_k3_n5,resident,O-ADD-PORTFOLIO,2,receiver_input,current_request_bytes,1580
complementary_k3_n5,resident,O-ADD-PORTFOLIO,2,receiver_input,observed_python_opcode_events,67926
complementary_k3_n5,resident,O-ADD-PORTFOLIO,2,receiver_input,proof_input_bytes,4295
complementary_k3_n5,resident,O-ADD-PORTFOLIO,2,receiver_storage,bounded_native_c_call_events,412
complementary_k3_n5,resident,O-ADD-PORTFOLIO,2,receiver_storage,live_serialized_byte_periods,14946
complementary_k3_n5,resident,O-ADD-PORTFOLIO,2,receiver_storage,observed_python_opcode_events,11873
complementary_k3_n5,resident,O-ADD-PORTFOLIO,2,request_encoding,bounded_native_c_call_events,930
complementary_k3_n5,resident,O-ADD-PORTFOLIO,2,request_encoding,observed_python_opcode_events,24363
complementary_k3_n5,resident,O-ADD-PORTFOLIO,2,terminal,bounded_native_c_call_events,587
complementary_k3_n5,resident,O-ADD-PORTFOLIO,2,terminal,candidate_publication_events,1
complementary_k3_n5,resident,O-ADD-PORTFOLIO,2,terminal,current_receipt_output_bytes,3075
complementary_k3_n5,resident,O-ADD-PORTFOLIO,2,terminal,delivery_events,1
complementary_k3_n5,resident,O-ADD-PORTFOLIO,2,terminal,observed_python_opcode_events,14984
complementary_k3_n5,resident,O-ADD-PORTFOLIO,3,coordination,bounded_native_c_call_events,10
complementary_k3_n5,resident,O-ADD-PORTFOLIO,3,coordination,observed_python_opcode_events,592
complementary_k3_n5,resident,O-ADD-PORTFOLIO,3,producer_build,bounded_native_c_call_events,13905
complementary_k3_n5,resident,O-ADD-PORTFOLIO,3,producer_build,observed_python_opcode_events,298893
complementary_k3_n5,resident,O-ADD-PORTFOLIO,3,producer_export,bounded_native_c_call_events,11
complementary_k3_n5,resident,O-ADD-PORTFOLIO,3,producer_export,observed_python_opcode_events,3267
complementary_k3_n5,resident,O-ADD-PORTFOLIO,3,producer_export,proof_output_bytes,4301
complementary_k3_n5,resident,O-ADD-PORTFOLIO,3,producer_input,bounded_native_c_call_events,896
complementary_k3_n5,resident,O-ADD-PORTFOLIO,3,producer_input,current_request_bytes,1586
complementary_k3_n5,resident,O-ADD-PORTFOLIO,3,producer_input,observed_python_opcode_events,68099
complementary_k3_n5,resident,O-ADD-PORTFOLIO,3,producer_storage,bounded_native_c_call_events,799
complementary_k3_n5,resident,O-ADD-PORTFOLIO,3,producer_storage,live_serialized_byte_periods,16227
complementary_k3_n5,resident,O-ADD-PORTFOLIO,3,producer_storage,observed_python_opcode_events,23449
complementary_k3_n5,resident,O-ADD-PORTFOLIO,3,receiver_check,bounded_native_c_call_events,5637
complementary_k3_n5,resident,O-ADD-PORTFOLIO,3,receiver_check,observed_python_opcode_events,125845
complementary_k3_n5,resident,O-ADD-PORTFOLIO,3,receiver_import,bounded_native_c_call_events,123
complementary_k3_n5,resident,O-ADD-PORTFOLIO,3,receiver_import,observed_python_opcode_events,65218
complementary_k3_n5,resident,O-ADD-PORTFOLIO,3,receiver_input,bounded_native_c_call_events,896
complementary_k3_n5,resident,O-ADD-PORTFOLIO,3,receiver_input,current_request_bytes,1586
complementary_k3_n5,resident,O-ADD-PORTFOLIO,3,receiver_input,observed_python_opcode_events,68099
complementary_k3_n5,resident,O-ADD-PORTFOLIO,3,receiver_input,proof_input_bytes,4301
complementary_k3_n5,resident,O-ADD-PORTFOLIO,3,receiver_storage,bounded_native_c_call_events,412
complementary_k3_n5,resident,O-ADD-PORTFOLIO,3,receiver_storage,live_serialized_byte_periods,14964
complementary_k3_n5,resident,O-ADD-PORTFOLIO,3,receiver_storage,observed_python_opcode_events,11873
complementary_k3_n5,resident,O-ADD-PORTFOLIO,3,request_encoding,bounded_native_c_call_events,930
complementary_k3_n5,resident,O-ADD-PORTFOLIO,3,request_encoding,observed_python_opcode_events,24371
complementary_k3_n5,resident,O-ADD-PORTFOLIO,3,terminal,bounded_native_c_call_events,563
complementary_k3_n5,resident,O-ADD-PORTFOLIO,3,terminal,candidate_publication_events,1
complementary_k3_n5,resident,O-ADD-PORTFOLIO,3,terminal,current_receipt_output_bytes,3081
complementary_k3_n5,resident,O-ADD-PORTFOLIO,3,terminal,delivery_events,1
complementary_k3_n5,resident,O-ADD-PORTFOLIO,3,terminal,observed_python_opcode_events,14468
complementary_k3_n5,resident,O-ADD-PORTFOLIO,4,coordination,bounded_native_c_call_events,10
complementary_k3_n5,resident,O-ADD-PORTFOLIO,4,coordination,observed_python_opcode_events,592
complementary_k3_n5,resident,O-ADD-PORTFOLIO,4,producer_build,bounded_native_c_call_events,15342
complementary_k3_n5,resident,O-ADD-PORTFOLIO,4,producer_build,observed_python_opcode_events,327576
complementary_k3_n5,resident,O-ADD-PORTFOLIO,4,producer_export,bounded_native_c_call_events,11
complementary_k3_n5,resident,O-ADD-PORTFOLIO,4,producer_export,observed_python_opcode_events,3267
complementary_k3_n5,resident,O-ADD-PORTFOLIO,4,producer_export,proof_output_bytes,4394
complementary_k3_n5,resident,O-ADD-PORTFOLIO,4,producer_input,bounded_native_c_call_events,997
complementary_k3_n5,resident,O-ADD-PORTFOLIO,4,producer_input,current_request_bytes,1679
complementary_k3_n5,resident,O-ADD-PORTFOLIO,4,producer_input,observed_python_opcode_events,72758
complementary_k3_n5,resident,O-ADD-PORTFOLIO,4,producer_storage,bounded_native_c_call_events,799
complementary_k3_n5,resident,O-ADD-PORTFOLIO,4,producer_storage,live_serialized_byte_periods,16485
complementary_k3_n5,resident,O-ADD-PORTFOLIO,4,producer_storage,observed_python_opcode_events,23449
complementary_k3_n5,resident,O-ADD-PORTFOLIO,4,receiver_check,bounded_native_c_call_events,6141
complementary_k3_n5,resident,O-ADD-PORTFOLIO,4,receiver_check,observed_python_opcode_events,135718
complementary_k3_n5,resident,O-ADD-PORTFOLIO,4,receiver_import,bounded_native_c_call_events,123
complementary_k3_n5,resident,O-ADD-PORTFOLIO,4,receiver_import,observed_python_opcode_events,66469
complementary_k3_n5,resident,O-ADD-PORTFOLIO,4,receiver_input,bounded_native_c_call_events,997
complementary_k3_n5,resident,O-ADD-PORTFOLIO,4,receiver_input,current_request_bytes,1679
complementary_k3_n5,resident,O-ADD-PORTFOLIO,4,receiver_input,observed_python_opcode_events,72758
complementary_k3_n5,resident,O-ADD-PORTFOLIO,4,receiver_input,proof_input_bytes,4394
complementary_k3_n5,resident,O-ADD-PORTFOLIO,4,receiver_storage,bounded_native_c_call_events,412
complementary_k3_n5,resident,O-ADD-PORTFOLIO,4,receiver_storage,live_serialized_byte_periods,15351
complementary_k3_n5,resident,O-ADD-PORTFOLIO,4,receiver_storage,observed_python_opcode_events,11873
complementary_k3_n5,resident,O-ADD-PORTFOLIO,4,request_encoding,bounded_native_c_call_events,1006
complementary_k3_n5,resident,O-ADD-PORTFOLIO,4,request_encoding,observed_python_opcode_events,26293
complementary_k3_n5,resident,O-ADD-PORTFOLIO,4,terminal,bounded_native_c_call_events,659
complementary_k3_n5,resident,O-ADD-PORTFOLIO,4,terminal,candidate_publication_events,1
complementary_k3_n5,resident,O-ADD-PORTFOLIO,4,terminal,current_receipt_output_bytes,3174
complementary_k3_n5,resident,O-ADD-PORTFOLIO,4,terminal,delivery_events,1
complementary_k3_n5,resident,O-ADD-PORTFOLIO,4,terminal,observed_python_opcode_events,16741
complementary_k3_n5,resident,O-ADD-PORTFOLIO,5,coordination,bounded_native_c_call_events,10
complementary_k3_n5,resident,O-ADD-PORTFOLIO,5,coordination,observed_python_opcode_events,592
complementary_k3_n5,resident,O-ADD-PORTFOLIO,5,producer_build,bounded_native_c_call_events,15203
complementary_k3_n5,resident,O-ADD-PORTFOLIO,5,producer_build,observed_python_opcode_events,326837
complementary_k3_n5,resident,O-ADD-PORTFOLIO,5,producer_export,bounded_native_c_call_events,11
complementary_k3_n5,resident,O-ADD-PORTFOLIO,5,producer_export,observed_python_opcode_events,3267
complementary_k3_n5,resident,O-ADD-PORTFOLIO,5,producer_export,proof_output_bytes,4398
complementary_k3_n5,resident,O-ADD-PORTFOLIO,5,producer_input,bounded_native_c_call_events,993
complementary_k3_n5,resident,O-ADD-PORTFOLIO,5,producer_input,current_request_bytes,1683
complementary_k3_n5,resident,O-ADD-PORTFOLIO,5,producer_input,observed_python_opcode_events,72876
complementary_k3_n5,resident,O-ADD-PORTFOLIO,5,producer_storage,bounded_native_c_call_events,799
complementary_k3_n5,resident,O-ADD-PORTFOLIO,5,producer_storage,live_serialized_byte_periods,16493
complementary_k3_n5,resident,O-ADD-PORTFOLIO,5,producer_storage,observed_python_opcode_events,23449
complementary_k3_n5,resident,O-ADD-PORTFOLIO,5,receiver_check,bounded_native_c_call_events,6065
complementary_k3_n5,resident,O-ADD-PORTFOLIO,5,receiver_check,observed_python_opcode_events,134400
complementary_k3_n5,resident,O-ADD-PORTFOLIO,5,receiver_import,bounded_native_c_call_events,123
complementary_k3_n5,resident,O-ADD-PORTFOLIO,5,receiver_import,observed_python_opcode_events,66529
complementary_k3_n5,resident,O-ADD-PORTFOLIO,5,receiver_input,bounded_native_c_call_events,993
complementary_k3_n5,resident,O-ADD-PORTFOLIO,5,receiver_input,current_request_bytes,1683
complementary_k3_n5,resident,O-ADD-PORTFOLIO,5,receiver_input,observed_python_opcode_events,72876
complementary_k3_n5,resident,O-ADD-PORTFOLIO,5,receiver_input,proof_input_bytes,4398
complementary_k3_n5,resident,O-ADD-PORTFOLIO,5,receiver_storage,bounded_native_c_call_events,412
complementary_k3_n5,resident,O-ADD-PORTFOLIO,5,receiver_storage,live_serialized_byte_periods,15363
complementary_k3_n5,resident,O-ADD-PORTFOLIO,5,receiver_storage,observed_python_opcode_events,11873
complementary_k3_n5,resident,O-ADD-PORTFOLIO,5,request_encoding,bounded_native_c_call_events,1006
complementary_k3_n5,resident,O-ADD-PORTFOLIO,5,request_encoding,observed_python_opcode_events,26315
complementary_k3_n5,resident,O-ADD-PORTFOLIO,5,terminal,bounded_native_c_call_events,631
complementary_k3_n5,resident,O-ADD-PORTFOLIO,5,terminal,candidate_publication_events,1
complementary_k3_n5,resident,O-ADD-PORTFOLIO,5,terminal,current_receipt_output_bytes,3178
complementary_k3_n5,resident,O-ADD-PORTFOLIO,5,terminal,delivery_events,1
complementary_k3_n5,resident,O-ADD-PORTFOLIO,5,terminal,observed_python_opcode_events,16065
complementary_k3_n5,resident,O-ADD-PORTFOLIO,6,coordination,bounded_native_c_call_events,10
complementary_k3_n5,resident,O-ADD-PORTFOLIO,6,coordination,observed_python_opcode_events,592
complementary_k3_n5,resident,O-ADD-PORTFOLIO,6,producer_build,bounded_native_c_call_events,16055
complementary_k3_n5,resident,O-ADD-PORTFOLIO,6,producer_build,observed_python_opcode_events,337076
complementary_k3_n5,resident,O-ADD-PORTFOLIO,6,producer_export,bounded_native_c_call_events,11
complementary_k3_n5,resident,O-ADD-PORTFOLIO,6,producer_export,observed_python_opcode_events,3271
complementary_k3_n5,resident,O-ADD-PORTFOLIO,6,producer_export,proof_output_bytes,4425
complementary_k3_n5,resident,O-ADD-PORTFOLIO,6,producer_input,bounded_native_c_call_events,1054
complementary_k3_n5,resident,O-ADD-PORTFOLIO,6,producer_input,current_request_bytes,1710
complementary_k3_n5,resident,O-ADD-PORTFOLIO,6,producer_input,observed_python_opcode_events,74661
complementary_k3_n5,resident,O-ADD-PORTFOLIO,6,producer_storage,bounded_native_c_call_events,799
complementary_k3_n5,resident,O-ADD-PORTFOLIO,6,producer_storage,live_serialized_byte_periods,16571
complementary_k3_n5,resident,O-ADD-PORTFOLIO,6,producer_storage,observed_python_opcode_events,23449
complementary_k3_n5,resident,O-ADD-PORTFOLIO,6,receiver_check,bounded_native_c_call_events,6379
complementary_k3_n5,resident,O-ADD-PORTFOLIO,6,receiver_check,observed_python_opcode_events,138732
complementary_k3_n5,resident,O-ADD-PORTFOLIO,6,receiver_import,bounded_native_c_call_events,121
complementary_k3_n5,resident,O-ADD-PORTFOLIO,6,receiver_import,observed_python_opcode_events,66875
complementary_k3_n5,resident,O-ADD-PORTFOLIO,6,receiver_input,bounded_native_c_call_events,1054
complementary_k3_n5,resident,O-ADD-PORTFOLIO,6,receiver_input,current_request_bytes,1710
complementary_k3_n5,resident,O-ADD-PORTFOLIO,6,receiver_input,observed_python_opcode_events,74661
complementary_k3_n5,resident,O-ADD-PORTFOLIO,6,receiver_input,proof_input_bytes,4425
complementary_k3_n5,resident,O-ADD-PORTFOLIO,6,receiver_storage,bounded_native_c_call_events,412
complementary_k3_n5,resident,O-ADD-PORTFOLIO,6,receiver_storage,live_serialized_byte_periods,15480
complementary_k3_n5,resident,O-ADD-PORTFOLIO,6,receiver_storage,observed_python_opcode_events,11873
complementary_k3_n5,resident,O-ADD-PORTFOLIO,6,request_encoding,bounded_native_c_call_events,1047
complementary_k3_n5,resident,O-ADD-PORTFOLIO,6,request_encoding,observed_python_opcode_events,27221
complementary_k3_n5,resident,O-ADD-PORTFOLIO,6,terminal,bounded_native_c_call_events,652
complementary_k3_n5,resident,O-ADD-PORTFOLIO,6,terminal,candidate_publication_events,1
complementary_k3_n5,resident,O-ADD-PORTFOLIO,6,terminal,current_receipt_output_bytes,3205
complementary_k3_n5,resident,O-ADD-PORTFOLIO,6,terminal,delivery_events,1
complementary_k3_n5,resident,O-ADD-PORTFOLIO,6,terminal,observed_python_opcode_events,16562
complementary_k3_n5,resident,O-ADD-WARM,1,common_source,bounded_native_c_call_events,371
complementary_k3_n5,resident,O-ADD-WARM,1,common_source,observed_python_opcode_events,32551
complementary_k3_n5,resident,O-ADD-WARM,1,common_source,source_hash_bytes_prepaid,197956
complementary_k3_n5,resident,O-ADD-WARM,1,common_source,source_length_probe_bytes_prepaid,8
complementary_k3_n5,resident,O-ADD-WARM,1,common_source,source_program_bytes_prepaid,197956
complementary_k3_n5,resident,O-ADD-WARM,1,common_source,source_record_bytes,1199
complementary_k3_n5,resident,O-ADD-WARM,1,coordination,bounded_native_c_call_events,10
complementary_k3_n5,resident,O-ADD-WARM,1,coordination,observed_python_opcode_events,641
complementary_k3_n5,resident,O-ADD-WARM,1,producer_acknowledgement,bounded_native_c_call_events,11
complementary_k3_n5,resident,O-ADD-WARM,1,producer_acknowledgement,observed_python_opcode_events,402
complementary_k3_n5,resident,O-ADD-WARM,1,producer_build,bounded_native_c_call_events,5959
complementary_k3_n5,resident,O-ADD-WARM,1,producer_build,observed_python_opcode_events,179099
complementary_k3_n5,resident,O-ADD-WARM,1,producer_export,bounded_native_c_call_events,8
complementary_k3_n5,resident,O-ADD-WARM,1,producer_export,observed_python_opcode_events,260
complementary_k3_n5,resident,O-ADD-WARM,1,producer_export,proof_output_bytes,6398
complementary_k3_n5,resident,O-ADD-WARM,1,producer_init,bounded_native_c_call_events,19
complementary_k3_n5,resident,O-ADD-WARM,1,producer_init,observed_python_opcode_events,815
complementary_k3_n5,resident,O-ADD-WARM,1,producer_input,bounded_native_c_call_events,869
complementary_k3_n5,resident,O-ADD-WARM,1,producer_input,current_request_bytes,1558
complementary_k3_n5,resident,O-ADD-WARM,1,producer_input,observed_python_opcode_events,66511
complementary_k3_n5,resident,O-ADD-WARM,1,producer_storage,bounded_native_c_call_events,762
complementary_k3_n5,resident,O-ADD-WARM,1,producer_storage,live_serialized_byte_periods,23917
complementary_k3_n5,resident,O-ADD-WARM,1,producer_storage,observed_python_opcode_events,82194
complementary_k3_n5,resident,O-ADD-WARM,1,receiver_check,bounded_native_c_call_events,5626
complementary_k3_n5,resident,O-ADD-WARM,1,receiver_check,observed_python_opcode_events,322121
complementary_k3_n5,resident,O-ADD-WARM,1,receiver_init,bounded_native_c_call_events,130
complementary_k3_n5,resident,O-ADD-WARM,1,receiver_init,observed_python_opcode_events,27975
complementary_k3_n5,resident,O-ADD-WARM,1,receiver_input,bounded_native_c_call_events,869
complementary_k3_n5,resident,O-ADD-WARM,1,receiver_input,current_request_bytes,1558
complementary_k3_n5,resident,O-ADD-WARM,1,receiver_input,observed_python_opcode_events,66511
complementary_k3_n5,resident,O-ADD-WARM,1,receiver_input,proof_input_bytes,6398
complementary_k3_n5,resident,O-ADD-WARM,1,receiver_storage,bounded_native_c_call_events,22
complementary_k3_n5,resident,O-ADD-WARM,1,receiver_storage,live_serialized_byte_periods,23162
complementary_k3_n5,resident,O-ADD-WARM,1,receiver_storage,observed_python_opcode_events,33086
complementary_k3_n5,resident,O-ADD-WARM,1,request_encoding,bounded_native_c_call_events,894
complementary_k3_n5,resident,O-ADD-WARM,1,request_encoding,observed_python_opcode_events,23553
complementary_k3_n5,resident,O-ADD-WARM,1,terminal,bounded_native_c_call_events,555
complementary_k3_n5,resident,O-ADD-WARM,1,terminal,candidate_publication_events,1
complementary_k3_n5,resident,O-ADD-WARM,1,terminal,current_receipt_output_bytes,3053
complementary_k3_n5,resident,O-ADD-WARM,1,terminal,delivery_events,1
complementary_k3_n5,resident,O-ADD-WARM,1,terminal,observed_python_opcode_events,14240
complementary_k3_n5,resident,O-ADD-WARM,2,coordination,bounded_native_c_call_events,10
complementary_k3_n5,resident,O-ADD-WARM,2,coordination,observed_python_opcode_events,600
complementary_k3_n5,resident,O-ADD-WARM,2,producer_acknowledgement,bounded_native_c_call_events,11
complementary_k3_n5,resident,O-ADD-WARM,2,producer_acknowledgement,observed_python_opcode_events,402
complementary_k3_n5,resident,O-ADD-WARM,2,producer_build,bounded_native_c_call_events,2228
complementary_k3_n5,resident,O-ADD-WARM,2,producer_build,observed_python_opcode_events,58382
complementary_k3_n5,resident,O-ADD-WARM,2,producer_export,bounded_native_c_call_events,8
complementary_k3_n5,resident,O-ADD-WARM,2,producer_export,observed_python_opcode_events,260
complementary_k3_n5,resident,O-ADD-WARM,2,producer_export,proof_output_bytes,3610
complementary_k3_n5,resident,O-ADD-WARM,2,producer_input,bounded_native_c_call_events,898
complementary_k3_n5,resident,O-ADD-WARM,2,producer_input,current_request_bytes,1580
complementary_k3_n5,resident,O-ADD-WARM,2,producer_input,observed_python_opcode_events,67926
complementary_k3_n5,resident,O-ADD-WARM,2,producer_storage,bounded_native_c_call_events,788
complementary_k3_n5,resident,O-ADD-WARM,2,producer_storage,live_serialized_byte_periods,21518
complementary_k3_n5,resident,O-ADD-WARM,2,producer_storage,observed_python_opcode_events,95969
complementary_k3_n5,resident,O-ADD-WARM,2,receiver_check,bounded_native_c_call_events,2358
complementary_k3_n5,resident,O-ADD-WARM,2,receiver_check,observed_python_opcode_events,124073
complementary_k3_n5,resident,O-ADD-WARM,2,receiver_init,bounded_native_c_call_events,2
complementary_k3_n5,resident,O-ADD-WARM,2,receiver_init,observed_python_opcode_events,55
complementary_k3_n5,resident,O-ADD-WARM,2,receiver_input,bounded_native_c_call_events,898
complementary_k3_n5,resident,O-ADD-WARM,2,receiver_input,current_request_bytes,1580
complementary_k3_n5,resident,O-ADD-WARM,2,receiver_input,observed_python_opcode_events,67926
complementary_k3_n5,resident,O-ADD-WARM,2,receiver_input,proof_input_bytes,3610
complementary_k3_n5,resident,O-ADD-WARM,2,receiver_storage,bounded_native_c_call_events,28
complementary_k3_n5,resident,O-ADD-WARM,2,receiver_storage,live_serialized_byte_periods,20514
complementary_k3_n5,resident,O-ADD-WARM,2,receiver_storage,observed_python_opcode_events,42273
complementary_k3_n5,resident,O-ADD-WARM,2,request_encoding,bounded_native_c_call_events,930
complementary_k3_n5,resident,O-ADD-WARM,2,request_encoding,observed_python_opcode_events,24363
complementary_k3_n5,resident,O-ADD-WARM,2,terminal,bounded_native_c_call_events,587
complementary_k3_n5,resident,O-ADD-WARM,2,terminal,candidate_publication_events,1
complementary_k3_n5,resident,O-ADD-WARM,2,terminal,current_receipt_output_bytes,3075
complementary_k3_n5,resident,O-ADD-WARM,2,terminal,delivery_events,1
complementary_k3_n5,resident,O-ADD-WARM,2,terminal,observed_python_opcode_events,14984
complementary_k3_n5,resident,O-ADD-WARM,3,coordination,bounded_native_c_call_events,10
complementary_k3_n5,resident,O-ADD-WARM,3,coordination,observed_python_opcode_events,600
complementary_k3_n5,resident,O-ADD-WARM,3,producer_acknowledgement,bounded_native_c_call_events,11
complementary_k3_n5,resident,O-ADD-WARM,3,producer_acknowledgement,observed_python_opcode_events,402
complementary_k3_n5,resident,O-ADD-WARM,3,producer_build,bounded_native_c_call_events,2247
complementary_k3_n5,resident,O-ADD-WARM,3,producer_build,observed_python_opcode_events,60950
complementary_k3_n5,resident,O-ADD-WARM,3,producer_export,bounded_native_c_call_events,8
complementary_k3_n5,resident,O-ADD-WARM,3,producer_export,observed_python_opcode_events,260
complementary_k3_n5,resident,O-ADD-WARM,3,producer_export,proof_output_bytes,3688
complementary_k3_n5,resident,O-ADD-WARM,3,producer_input,bounded_native_c_call_events,896
complementary_k3_n5,resident,O-ADD-WARM,3,producer_input,current_request_bytes,1586
complementary_k3_n5,resident,O-ADD-WARM,3,producer_input,observed_python_opcode_events,68099
complementary_k3_n5,resident,O-ADD-WARM,3,producer_storage,bounded_native_c_call_events,808
complementary_k3_n5,resident,O-ADD-WARM,3,producer_storage,live_serialized_byte_periods,22936
complementary_k3_n5,resident,O-ADD-WARM,3,producer_storage,observed_python_opcode_events,112059
complementary_k3_n5,resident,O-ADD-WARM,3,receiver_check,bounded_native_c_call_events,2820
complementary_k3_n5,resident,O-ADD-WARM,3,receiver_check,observed_python_opcode_events,138354
complementary_k3_n5,resident,O-ADD-WARM,3,receiver_init,bounded_native_c_call_events,2
complementary_k3_n5,resident,O-ADD-WARM,3,receiver_init,observed_python_opcode_events,55
complementary_k3_n5,resident,O-ADD-WARM,3,receiver_input,bounded_native_c_call_events,896
complementary_k3_n5,resident,O-ADD-WARM,3,receiver_input,current_request_bytes,1586
complementary_k3_n5,resident,O-ADD-WARM,3,receiver_input,observed_python_opcode_events,68099
complementary_k3_n5,resident,O-ADD-WARM,3,receiver_input,proof_input_bytes,3688
complementary_k3_n5,resident,O-ADD-WARM,3,receiver_storage,bounded_native_c_call_events,34
complementary_k3_n5,resident,O-ADD-WARM,3,receiver_storage,live_serialized_byte_periods,21616
complementary_k3_n5,resident,O-ADD-WARM,3,receiver_storage,observed_python_opcode_events,53747
complementary_k3_n5,resident,O-ADD-WARM,3,request_encoding,bounded_native_c_call_events,930
complementary_k3_n5,resident,O-ADD-WARM,3,request_encoding,observed_python_opcode_events,24371
complementary_k3_n5,resident,O-ADD-WARM,3,terminal,bounded_native_c_call_events,563
complementary_k3_n5,resident,O-ADD-WARM,3,terminal,candidate_publication_events,1
complementary_k3_n5,resident,O-ADD-WARM,3,terminal,current_receipt_output_bytes,3081
complementary_k3_n5,resident,O-ADD-WARM,3,terminal,delivery_events,1
complementary_k3_n5,resident,O-ADD-WARM,3,terminal,observed_python_opcode_events,14468
complementary_k3_n5,resident,O-ADD-WARM,4,coordination,bounded_native_c_call_events,10
complementary_k3_n5,resident,O-ADD-WARM,4,coordination,observed_python_opcode_events,600
complementary_k3_n5,resident,O-ADD-WARM,4,producer_acknowledgement,bounded_native_c_call_events,11
complementary_k3_n5,resident,O-ADD-WARM,4,producer_acknowledgement,observed_python_opcode_events,402
complementary_k3_n5,resident,O-ADD-WARM,4,producer_build,bounded_native_c_call_events,2885
complementary_k3_n5,resident,O-ADD-WARM,4,producer_build,observed_python_opcode_events,79677
complementary_k3_n5,resident,O-ADD-WARM,4,producer_export,bounded_native_c_call_events,8
complementary_k3_n5,resident,O-ADD-WARM,4,producer_export,observed_python_opcode_events,260
complementary_k3_n5,resident,O-ADD-WARM,4,producer_export,proof_output_bytes,4058
complementary_k3_n5,resident,O-ADD-WARM,4,producer_input,bounded_native_c_call_events,997
complementary_k3_n5,resident,O-ADD-WARM,4,producer_input,current_request_bytes,1679
complementary_k3_n5,resident,O-ADD-WARM,4,producer_input,observed_python_opcode_events,72758
complementary_k3_n5,resident,O-ADD-WARM,4,producer_storage,bounded_native_c_call_events,840
complementary_k3_n5,resident,O-ADD-WARM,4,producer_storage,live_serialized_byte_periods,25451
complementary_k3_n5,resident,O-ADD-WARM,4,producer_storage,observed_python_opcode_events,134939
complementary_k3_n5,resident,O-ADD-WARM,4,receiver_check,bounded_native_c_call_events,4168
complementary_k3_n5,resident,O-ADD-WARM,4,receiver_check,observed_python_opcode_events,182578
complementary_k3_n5,resident,O-ADD-WARM,4,receiver_init,bounded_native_c_call_events,2
complementary_k3_n5,resident,O-ADD-WARM,4,receiver_init,observed_python_opcode_events,55
complementary_k3_n5,resident,O-ADD-WARM,4,receiver_input,bounded_native_c_call_events,997
complementary_k3_n5,resident,O-ADD-WARM,4,receiver_input,current_request_bytes,1679
complementary_k3_n5,resident,O-ADD-WARM,4,receiver_input,observed_python_opcode_events,72758
complementary_k3_n5,resident,O-ADD-WARM,4,receiver_input,proof_input_bytes,4058
complementary_k3_n5,resident,O-ADD-WARM,4,receiver_storage,bounded_native_c_call_events,40
complementary_k3_n5,resident,O-ADD-WARM,4,receiver_storage,live_serialized_byte_periods,23836
complementary_k3_n5,resident,O-ADD-WARM,4,receiver_storage,observed_python_opcode_events,69071
complementary_k3_n5,resident,O-ADD-WARM,4,request_encoding,bounded_native_c_call_events,1006
complementary_k3_n5,resident,O-ADD-WARM,4,request_encoding,observed_python_opcode_events,26293
complementary_k3_n5,resident,O-ADD-WARM,4,terminal,bounded_native_c_call_events,659
complementary_k3_n5,resident,O-ADD-WARM,4,terminal,candidate_publication_events,1
complementary_k3_n5,resident,O-ADD-WARM,4,terminal,current_receipt_output_bytes,3174
complementary_k3_n5,resident,O-ADD-WARM,4,terminal,delivery_events,1
complementary_k3_n5,resident,O-ADD-WARM,4,terminal,observed_python_opcode_events,16741
complementary_k3_n5,resident,O-ADD-WARM,5,coordination,bounded_native_c_call_events,10
complementary_k3_n5,resident,O-ADD-WARM,5,coordination,observed_python_opcode_events,600
complementary_k3_n5,resident,O-ADD-WARM,5,producer_acknowledgement,bounded_native_c_call_events,11
complementary_k3_n5,resident,O-ADD-WARM,5,producer_acknowledgement,observed_python_opcode_events,402
complementary_k3_n5,resident,O-ADD-WARM,5,producer_build,bounded_native_c_call_events,2560
complementary_k3_n5,resident,O-ADD-WARM,5,producer_build,observed_python_opcode_events,67708
complementary_k3_n5,resident,O-ADD-WARM,5,producer_export,bounded_native_c_call_events,8
complementary_k3_n5,resident,O-ADD-WARM,5,producer_export,observed_python_opcode_events,260
complementary_k3_n5,resident,O-ADD-WARM,5,producer_export,proof_output_bytes,3841
complementary_k3_n5,resident,O-ADD-WARM,5,producer_input,bounded_native_c_call_events,993
complementary_k3_n5,resident,O-ADD-WARM,5,producer_input,current_request_bytes,1683
complementary_k3_n5,resident,O-ADD-WARM,5,producer_input,observed_python_opcode_events,72876
complementary_k3_n5,resident,O-ADD-WARM,5,producer_storage,bounded_native_c_call_events,866
complementary_k3_n5,resident,O-ADD-WARM,5,producer_storage,live_serialized_byte_periods,26627
complementary_k3_n5,resident,O-ADD-WARM,5,producer_storage,observed_python_opcode_events,151447
complementary_k3_n5,resident,O-ADD-WARM,5,receiver_check,bounded_native_c_call_events,3363
complementary_k3_n5,resident,O-ADD-WARM,5,receiver_check,observed_python_opcode_events,153110
complementary_k3_n5,resident,O-ADD-WARM,5,receiver_init,bounded_native_c_call_events,2
complementary_k3_n5,resident,O-ADD-WARM,5,receiver_init,observed_python_opcode_events,55
complementary_k3_n5,resident,O-ADD-WARM,5,receiver_input,bounded_native_c_call_events,993
complementary_k3_n5,resident,O-ADD-WARM,5,receiver_input,current_request_bytes,1683
complementary_k3_n5,resident,O-ADD-WARM,5,receiver_input,observed_python_opcode_events,72876
complementary_k3_n5,resident,O-ADD-WARM,5,receiver_input,proof_input_bytes,3841
complementary_k3_n5,resident,O-ADD-WARM,5,receiver_storage,bounded_native_c_call_events,46
complementary_k3_n5,resident,O-ADD-WARM,5,receiver_storage,live_serialized_byte_periods,24611
complementary_k3_n5,resident,O-ADD-WARM,5,receiver_storage,observed_python_opcode_events,80068
complementary_k3_n5,resident,O-ADD-WARM,5,request_encoding,bounded_native_c_call_events,1006
complementary_k3_n5,resident,O-ADD-WARM,5,request_encoding,observed_python_opcode_events,26315
complementary_k3_n5,resident,O-ADD-WARM,5,terminal,bounded_native_c_call_events,631
complementary_k3_n5,resident,O-ADD-WARM,5,terminal,candidate_publication_events,1
complementary_k3_n5,resident,O-ADD-WARM,5,terminal,current_receipt_output_bytes,3178
complementary_k3_n5,resident,O-ADD-WARM,5,terminal,delivery_events,1
complementary_k3_n5,resident,O-ADD-WARM,5,terminal,observed_python_opcode_events,16065
complementary_k3_n5,resident,O-ADD-WARM,6,coordination,bounded_native_c_call_events,10
complementary_k3_n5,resident,O-ADD-WARM,6,coordination,observed_python_opcode_events,600
complementary_k3_n5,resident,O-ADD-WARM,6,producer_acknowledgement,bounded_native_c_call_events,11
complementary_k3_n5,resident,O-ADD-WARM,6,producer_acknowledgement,observed_python_opcode_events,402
complementary_k3_n5,resident,O-ADD-WARM,6,producer_build,bounded_native_c_call_events,3095
complementary_k3_n5,resident,O-ADD-WARM,6,producer_build,observed_python_opcode_events,79663
complementary_k3_n5,resident,O-ADD-WARM,6,producer_export,bounded_native_c_call_events,8
complementary_k3_n5,resident,O-ADD-WARM,6,producer_export,observed_python_opcode_events,260
complementary_k3_n5,resident,O-ADD-WARM,6,producer_export,proof_output_bytes,4102
complementary_k3_n5,resident,O-ADD-WARM,6,producer_input,bounded_native_c_call_events,1054
complementary_k3_n5,resident,O-ADD-WARM,6,producer_input,current_request_bytes,1710
complementary_k3_n5,resident,O-ADD-WARM,6,producer_input,observed_python_opcode_events,74661
complementary_k3_n5,resident,O-ADD-WARM,6,producer_storage,bounded_native_c_call_events,986
complementary_k3_n5,resident,O-ADD-WARM,6,producer_storage,live_serialized_byte_periods,28898
complementary_k3_n5,resident,O-ADD-WARM,6,producer_storage,observed_python_opcode_events,169685
complementary_k3_n5,resident,O-ADD-WARM,6,receiver_check,bounded_native_c_call_events,4059
complementary_k3_n5,resident,O-ADD-WARM,6,receiver_check,observed_python_opcode_events,177917
complementary_k3_n5,resident,O-ADD-WARM,6,receiver_init,bounded_native_c_call_events,2
complementary_k3_n5,resident,O-ADD-WARM,6,receiver_init,observed_python_opcode_events,55
complementary_k3_n5,resident,O-ADD-WARM,6,receiver_input,bounded_native_c_call_events,1054
complementary_k3_n5,resident,O-ADD-WARM,6,receiver_input,current_request_bytes,1710
complementary_k3_n5,resident,O-ADD-WARM,6,receiver_input,observed_python_opcode_events,74661
complementary_k3_n5,resident,O-ADD-WARM,6,receiver_input,proof_input_bytes,4102
complementary_k3_n5,resident,O-ADD-WARM,6,receiver_storage,bounded_native_c_call_events,52
complementary_k3_n5,resident,O-ADD-WARM,6,receiver_storage,live_serialized_byte_periods,26264
complementary_k3_n5,resident,O-ADD-WARM,6,receiver_storage,observed_python_opcode_events,89648
complementary_k3_n5,resident,O-ADD-WARM,6,request_encoding,bounded_native_c_call_events,1047
complementary_k3_n5,resident,O-ADD-WARM,6,request_encoding,observed_python_opcode_events,27221
complementary_k3_n5,resident,O-ADD-WARM,6,terminal,bounded_native_c_call_events,652
complementary_k3_n5,resident,O-ADD-WARM,6,terminal,candidate_publication_events,1
complementary_k3_n5,resident,O-ADD-WARM,6,terminal,current_receipt_output_bytes,3205
complementary_k3_n5,resident,O-ADD-WARM,6,terminal,delivery_events,1
complementary_k3_n5,resident,O-ADD-WARM,6,terminal,observed_python_opcode_events,16562
complementary_k3_n5,resident,O-ENUM-RECEIVER,1,common_source,bounded_native_c_call_events,371
complementary_k3_n5,resident,O-ENUM-RECEIVER,1,common_source,observed_python_opcode_events,32551
complementary_k3_n5,resident,O-ENUM-RECEIVER,1,common_source,source_hash_bytes_prepaid,197956
complementary_k3_n5,resident,O-ENUM-RECEIVER,1,common_source,source_length_probe_bytes_prepaid,8
complementary_k3_n5,resident,O-ENUM-RECEIVER,1,common_source,source_program_bytes_prepaid,197956
complementary_k3_n5,resident,O-ENUM-RECEIVER,1,common_source,source_record_bytes,1199
complementary_k3_n5,resident,O-ENUM-RECEIVER,1,coordination,bounded_native_c_call_events,10
complementary_k3_n5,resident,O-ENUM-RECEIVER,1,coordination,observed_python_opcode_events,433
complementary_k3_n5,resident,O-ENUM-RECEIVER,1,producer_storage,bounded_native_c_call_events,398
complementary_k3_n5,resident,O-ENUM-RECEIVER,1,producer_storage,live_serialized_byte_periods,4048
complementary_k3_n5,resident,O-ENUM-RECEIVER,1,producer_storage,observed_python_opcode_events,12189
complementary_k3_n5,resident,O-ENUM-RECEIVER,1,receiver_check,bounded_native_c_call_events,5036
complementary_k3_n5,resident,O-ENUM-RECEIVER,1,receiver_check,observed_python_opcode_events,124252
complementary_k3_n5,resident,O-ENUM-RECEIVER,1,receiver_input,bounded_native_c_call_events,869
complementary_k3_n5,resident,O-ENUM-RECEIVER,1,receiver_input,current_request_bytes,1558
complementary_k3_n5,resident,O-ENUM-RECEIVER,1,receiver_input,observed_python_opcode_events,66511
complementary_k3_n5,resident,O-ENUM-RECEIVER,1,receiver_storage,bounded_native_c_call_events,12
complementary_k3_n5,resident,O-ENUM-RECEIVER,1,receiver_storage,live_serialized_byte_periods,7067
complementary_k3_n5,resident,O-ENUM-RECEIVER,1,receiver_storage,observed_python_opcode_events,680
complementary_k3_n5,resident,O-ENUM-RECEIVER,1,request_encoding,bounded_native_c_call_events,894
complementary_k3_n5,resident,O-ENUM-RECEIVER,1,request_encoding,observed_python_opcode_events,23553
complementary_k3_n5,resident,O-ENUM-RECEIVER,1,terminal,bounded_native_c_call_events,555
complementary_k3_n5,resident,O-ENUM-RECEIVER,1,terminal,candidate_publication_events,1
complementary_k3_n5,resident,O-ENUM-RECEIVER,1,terminal,current_receipt_output_bytes,3053
complementary_k3_n5,resident,O-ENUM-RECEIVER,1,terminal,delivery_events,1
complementary_k3_n5,resident,O-ENUM-RECEIVER,1,terminal,observed_python_opcode_events,14240
complementary_k3_n5,resident,O-ENUM-RECEIVER,2,coordination,bounded_native_c_call_events,10
complementary_k3_n5,resident,O-ENUM-RECEIVER,2,coordination,observed_python_opcode_events,412
complementary_k3_n5,resident,O-ENUM-RECEIVER,2,producer_storage,bounded_native_c_call_events,398
complementary_k3_n5,resident,O-ENUM-RECEIVER,2,producer_storage,live_serialized_byte_periods,4048
complementary_k3_n5,resident,O-ENUM-RECEIVER,2,producer_storage,observed_python_opcode_events,12189
complementary_k3_n5,resident,O-ENUM-RECEIVER,2,receiver_check,bounded_native_c_call_events,4271
complementary_k3_n5,resident,O-ENUM-RECEIVER,2,receiver_check,observed_python_opcode_events,107833
complementary_k3_n5,resident,O-ENUM-RECEIVER,2,receiver_input,bounded_native_c_call_events,898
complementary_k3_n5,resident,O-ENUM-RECEIVER,2,receiver_input,current_request_bytes,1580
complementary_k3_n5,resident,O-ENUM-RECEIVER,2,receiver_input,observed_python_opcode_events,67926
complementary_k3_n5,resident,O-ENUM-RECEIVER,2,receiver_storage,bounded_native_c_call_events,12
complementary_k3_n5,resident,O-ENUM-RECEIVER,2,receiver_storage,live_serialized_byte_periods,7127
complementary_k3_n5,resident,O-ENUM-RECEIVER,2,receiver_storage,observed_python_opcode_events,680
complementary_k3_n5,resident,O-ENUM-RECEIVER,2,request_encoding,bounded_native_c_call_events,930
complementary_k3_n5,resident,O-ENUM-RECEIVER,2,request_encoding,observed_python_opcode_events,24363
complementary_k3_n5,resident,O-ENUM-RECEIVER,2,terminal,bounded_native_c_call_events,587
complementary_k3_n5,resident,O-ENUM-RECEIVER,2,terminal,candidate_publication_events,1
complementary_k3_n5,resident,O-ENUM-RECEIVER,2,terminal,current_receipt_output_bytes,3075
complementary_k3_n5,resident,O-ENUM-RECEIVER,2,terminal,delivery_events,1
complementary_k3_n5,resident,O-ENUM-RECEIVER,2,terminal,observed_python_opcode_events,14984
complementary_k3_n5,resident,O-ENUM-RECEIVER,3,coordination,bounded_native_c_call_events,10
complementary_k3_n5,resident,O-ENUM-RECEIVER,3,coordination,observed_python_opcode_events,412
complementary_k3_n5,resident,O-ENUM-RECEIVER,3,producer_storage,bounded_native_c_call_events,398
complementary_k3_n5,resident,O-ENUM-RECEIVER,3,producer_storage,live_serialized_byte_periods,4048
complementary_k3_n5,resident,O-ENUM-RECEIVER,3,producer_storage,observed_python_opcode_events,12189
complementary_k3_n5,resident,O-ENUM-RECEIVER,3,receiver_check,bounded_native_c_call_events,3859
complementary_k3_n5,resident,O-ENUM-RECEIVER,3,receiver_check,observed_python_opcode_events,98283
complementary_k3_n5,resident,O-ENUM-RECEIVER,3,receiver_input,bounded_native_c_call_events,896
complementary_k3_n5,resident,O-ENUM-RECEIVER,3,receiver_input,current_request_bytes,1586
complementary_k3_n5,resident,O-ENUM-RECEIVER,3,receiver_input,observed_python_opcode_events,68099
complementary_k3_n5,resident,O-ENUM-RECEIVER,3,receiver_storage,bounded_native_c_call_events,12
complementary_k3_n5,resident,O-ENUM-RECEIVER,3,receiver_storage,live_serialized_byte_periods,7139
complementary_k3_n5,resident,O-ENUM-RECEIVER,3,receiver_storage,observed_python_opcode_events,680
complementary_k3_n5,resident,O-ENUM-RECEIVER,3,request_encoding,bounded_native_c_call_events,930
complementary_k3_n5,resident,O-ENUM-RECEIVER,3,request_encoding,observed_python_opcode_events,24371
complementary_k3_n5,resident,O-ENUM-RECEIVER,3,terminal,bounded_native_c_call_events,563
complementary_k3_n5,resident,O-ENUM-RECEIVER,3,terminal,candidate_publication_events,1
complementary_k3_n5,resident,O-ENUM-RECEIVER,3,terminal,current_receipt_output_bytes,3081
complementary_k3_n5,resident,O-ENUM-RECEIVER,3,terminal,delivery_events,1
complementary_k3_n5,resident,O-ENUM-RECEIVER,3,terminal,observed_python_opcode_events,14468
complementary_k3_n5,resident,O-ENUM-RECEIVER,4,coordination,bounded_native_c_call_events,10
complementary_k3_n5,resident,O-ENUM-RECEIVER,4,coordination,observed_python_opcode_events,412
complementary_k3_n5,resident,O-ENUM-RECEIVER,4,producer_storage,bounded_native_c_call_events,398
complementary_k3_n5,resident,O-ENUM-RECEIVER,4,producer_storage,live_serialized_byte_periods,4048
complementary_k3_n5,resident,O-ENUM-RECEIVER,4,producer_storage,observed_python_opcode_events,12189
complementary_k3_n5,resident,O-ENUM-RECEIVER,4,receiver_check,bounded_native_c_call_events,4128
complementary_k3_n5,resident,O-ENUM-RECEIVER,4,receiver_check,observed_python_opcode_events,104932
complementary_k3_n5,resident,O-ENUM-RECEIVER,4,receiver_input,bounded_native_c_call_events,997
complementary_k3_n5,resident,O-ENUM-RECEIVER,4,receiver_input,current_request_bytes,1679
complementary_k3_n5,resident,O-ENUM-RECEIVER,4,receiver_input,observed_python_opcode_events,72758
complementary_k3_n5,resident,O-ENUM-RECEIVER,4,receiver_storage,bounded_native_c_call_events,12
complementary_k3_n5,resident,O-ENUM-RECEIVER,4,receiver_storage,live_serialized_byte_periods,7397
complementary_k3_n5,resident,O-ENUM-RECEIVER,4,receiver_storage,observed_python_opcode_events,680
complementary_k3_n5,resident,O-ENUM-RECEIVER,4,request_encoding,bounded_native_c_call_events,1006
complementary_k3_n5,resident,O-ENUM-RECEIVER,4,request_encoding,observed_python_opcode_events,26293
complementary_k3_n5,resident,O-ENUM-RECEIVER,4,terminal,bounded_native_c_call_events,659
complementary_k3_n5,resident,O-ENUM-RECEIVER,4,terminal,candidate_publication_events,1
complementary_k3_n5,resident,O-ENUM-RECEIVER,4,terminal,current_receipt_output_bytes,3174
complementary_k3_n5,resident,O-ENUM-RECEIVER,4,terminal,delivery_events,1
complementary_k3_n5,resident,O-ENUM-RECEIVER,4,terminal,observed_python_opcode_events,16741
complementary_k3_n5,resident,O-ENUM-RECEIVER,5,coordination,bounded_native_c_call_events,10
complementary_k3_n5,resident,O-ENUM-RECEIVER,5,coordination,observed_python_opcode_events,412
complementary_k3_n5,resident,O-ENUM-RECEIVER,5,producer_storage,bounded_native_c_call_events,398
complementary_k3_n5,resident,O-ENUM-RECEIVER,5,producer_storage,live_serialized_byte_periods,4048
complementary_k3_n5,resident,O-ENUM-RECEIVER,5,producer_storage,observed_python_opcode_events,12189
complementary_k3_n5,resident,O-ENUM-RECEIVER,5,receiver_check,bounded_native_c_call_events,5004
complementary_k3_n5,resident,O-ENUM-RECEIVER,5,receiver_check,observed_python_opcode_events,124735
complementary_k3_n5,resident,O-ENUM-RECEIVER,5,receiver_input,bounded_native_c_call_events,993
complementary_k3_n5,resident,O-ENUM-RECEIVER,5,receiver_input,current_request_bytes,1683
complementary_k3_n5,resident,O-ENUM-RECEIVER,5,receiver_input,observed_python_opcode_events,72876
complementary_k3_n5,resident,O-ENUM-RECEIVER,5,receiver_storage,bounded_native_c_call_events,12
complementary_k3_n5,resident,O-ENUM-RECEIVER,5,receiver_storage,live_serialized_byte_periods,7405
complementary_k3_n5,resident,O-ENUM-RECEIVER,5,receiver_storage,observed_python_opcode_events,680
complementary_k3_n5,resident,O-ENUM-RECEIVER,5,request_encoding,bounded_native_c_call_events,1006
complementary_k3_n5,resident,O-ENUM-RECEIVER,5,request_encoding,observed_python_opcode_events,26315
complementary_k3_n5,resident,O-ENUM-RECEIVER,5,terminal,bounded_native_c_call_events,631
complementary_k3_n5,resident,O-ENUM-RECEIVER,5,terminal,candidate_publication_events,1
complementary_k3_n5,resident,O-ENUM-RECEIVER,5,terminal,current_receipt_output_bytes,3178
complementary_k3_n5,resident,O-ENUM-RECEIVER,5,terminal,delivery_events,1
complementary_k3_n5,resident,O-ENUM-RECEIVER,5,terminal,observed_python_opcode_events,16065
complementary_k3_n5,resident,O-ENUM-RECEIVER,6,coordination,bounded_native_c_call_events,10
complementary_k3_n5,resident,O-ENUM-RECEIVER,6,coordination,observed_python_opcode_events,412
complementary_k3_n5,resident,O-ENUM-RECEIVER,6,producer_storage,bounded_native_c_call_events,398
complementary_k3_n5,resident,O-ENUM-RECEIVER,6,producer_storage,live_serialized_byte_periods,4048
complementary_k3_n5,resident,O-ENUM-RECEIVER,6,producer_storage,observed_python_opcode_events,12189
complementary_k3_n5,resident,O-ENUM-RECEIVER,6,receiver_check,bounded_native_c_call_events,4084
complementary_k3_n5,resident,O-ENUM-RECEIVER,6,receiver_check,observed_python_opcode_events,103406
complementary_k3_n5,resident,O-ENUM-RECEIVER,6,receiver_input,bounded_native_c_call_events,1054
complementary_k3_n5,resident,O-ENUM-RECEIVER,6,receiver_input,current_request_bytes,1710
complementary_k3_n5,resident,O-ENUM-RECEIVER,6,receiver_input,observed_python_opcode_events,74661
complementary_k3_n5,resident,O-ENUM-RECEIVER,6,receiver_storage,bounded_native_c_call_events,12
complementary_k3_n5,resident,O-ENUM-RECEIVER,6,receiver_storage,live_serialized_byte_periods,7483
complementary_k3_n5,resident,O-ENUM-RECEIVER,6,receiver_storage,observed_python_opcode_events,680
complementary_k3_n5,resident,O-ENUM-RECEIVER,6,request_encoding,bounded_native_c_call_events,1047
complementary_k3_n5,resident,O-ENUM-RECEIVER,6,request_encoding,observed_python_opcode_events,27221
complementary_k3_n5,resident,O-ENUM-RECEIVER,6,terminal,bounded_native_c_call_events,652
complementary_k3_n5,resident,O-ENUM-RECEIVER,6,terminal,candidate_publication_events,1
complementary_k3_n5,resident,O-ENUM-RECEIVER,6,terminal,current_receipt_output_bytes,3205
complementary_k3_n5,resident,O-ENUM-RECEIVER,6,terminal,delivery_events,1
complementary_k3_n5,resident,O-ENUM-RECEIVER,6,terminal,observed_python_opcode_events,16562
complementary_k3_n5,resident,P-FRESH,1,common_source,bounded_native_c_call_events,371
complementary_k3_n5,resident,P-FRESH,1,common_source,observed_python_opcode_events,32551
complementary_k3_n5,resident,P-FRESH,1,common_source,source_hash_bytes_prepaid,197956
complementary_k3_n5,resident,P-FRESH,1,common_source,source_length_probe_bytes_prepaid,8
complementary_k3_n5,resident,P-FRESH,1,common_source,source_program_bytes_prepaid,197956
complementary_k3_n5,resident,P-FRESH,1,common_source,source_record_bytes,1199
complementary_k3_n5,resident,P-FRESH,1,coordination,bounded_native_c_call_events,10
complementary_k3_n5,resident,P-FRESH,1,coordination,observed_python_opcode_events,637
complementary_k3_n5,resident,P-FRESH,1,producer_build,bounded_native_c_call_events,70951
complementary_k3_n5,resident,P-FRESH,1,producer_build,observed_python_opcode_events,1466379
complementary_k3_n5,resident,P-FRESH,1,producer_export,bounded_native_c_call_events,7
complementary_k3_n5,resident,P-FRESH,1,producer_export,observed_python_opcode_events,4595
complementary_k3_n5,resident,P-FRESH,1,producer_export,proof_output_bytes,1985
complementary_k3_n5,resident,P-FRESH,1,producer_init,observed_python_opcode_events,4
complementary_k3_n5,resident,P-FRESH,1,producer_input,bounded_native_c_call_events,869
complementary_k3_n5,resident,P-FRESH,1,producer_input,current_request_bytes,1558
complementary_k3_n5,resident,P-FRESH,1,producer_input,observed_python_opcode_events,66511
complementary_k3_n5,resident,P-FRESH,1,producer_storage,bounded_native_c_call_events,403
complementary_k3_n5,resident,P-FRESH,1,producer_storage,live_serialized_byte_periods,8399
complementary_k3_n5,resident,P-FRESH,1,producer_storage,observed_python_opcode_events,12271
complementary_k3_n5,resident,P-FRESH,1,receiver_check,bounded_native_c_call_events,14950
complementary_k3_n5,resident,P-FRESH,1,receiver_check,observed_python_opcode_events,301198
complementary_k3_n5,resident,P-FRESH,1,receiver_import,bounded_native_c_call_events,89
complementary_k3_n5,resident,P-FRESH,1,receiver_import,observed_python_opcode_events,33673
complementary_k3_n5,resident,P-FRESH,1,receiver_init,observed_python_opcode_events,4
complementary_k3_n5,resident,P-FRESH,1,receiver_input,bounded_native_c_call_events,869
complementary_k3_n5,resident,P-FRESH,1,receiver_input,current_request_bytes,1558
complementary_k3_n5,resident,P-FRESH,1,receiver_input,observed_python_opcode_events,66511
complementary_k3_n5,resident,P-FRESH,1,receiver_input,proof_input_bytes,1985
complementary_k3_n5,resident,P-FRESH,1,receiver_storage,bounded_native_c_call_events,16
complementary_k3_n5,resident,P-FRESH,1,receiver_storage,live_serialized_byte_periods,9496
complementary_k3_n5,resident,P-FRESH,1,receiver_storage,observed_python_opcode_events,751
complementary_k3_n5,resident,P-FRESH,1,request_encoding,bounded_native_c_call_events,894
complementary_k3_n5,resident,P-FRESH,1,request_encoding,observed_python_opcode_events,23553
complementary_k3_n5,resident,P-FRESH,1,terminal,bounded_native_c_call_events,555
complementary_k3_n5,resident,P-FRESH,1,terminal,candidate_publication_events,1
complementary_k3_n5,resident,P-FRESH,1,terminal,current_receipt_output_bytes,3053
complementary_k3_n5,resident,P-FRESH,1,terminal,delivery_events,1
complementary_k3_n5,resident,P-FRESH,1,terminal,observed_python_opcode_events,14240
complementary_k3_n5,resident,P-FRESH,2,coordination,bounded_native_c_call_events,10
complementary_k3_n5,resident,P-FRESH,2,coordination,observed_python_opcode_events,592
complementary_k3_n5,resident,P-FRESH,2,producer_build,bounded_native_c_call_events,54550
complementary_k3_n5,resident,P-FRESH,2,producer_build,observed_python_opcode_events,1127145
complementary_k3_n5,resident,P-FRESH,2,producer_export,bounded_native_c_call_events,7
complementary_k3_n5,resident,P-FRESH,2,producer_export,observed_python_opcode_events,3659
complementary_k3_n5,resident,P-FRESH,2,producer_export,proof_output_bytes,1903
complementary_k3_n5,resident,P-FRESH,2,producer_input,bounded_native_c_call_events,898
complementary_k3_n5,resident,P-FRESH,2,producer_input,current_request_bytes,1580
complementary_k3_n5,resident,P-FRESH,2,producer_input,observed_python_opcode_events,67926
complementary_k3_n5,resident,P-FRESH,2,producer_storage,bounded_native_c_call_events,403
complementary_k3_n5,resident,P-FRESH,2,producer_storage,live_serialized_byte_periods,8339
complementary_k3_n5,resident,P-FRESH,2,producer_storage,observed_python_opcode_events,12271
complementary_k3_n5,resident,P-FRESH,2,receiver_check,bounded_native_c_call_events,9577
complementary_k3_n5,resident,P-FRESH,2,receiver_check,observed_python_opcode_events,194266
complementary_k3_n5,resident,P-FRESH,2,receiver_import,bounded_native_c_call_events,81
complementary_k3_n5,resident,P-FRESH,2,receiver_import,observed_python_opcode_events,31431
complementary_k3_n5,resident,P-FRESH,2,receiver_input,bounded_native_c_call_events,898
complementary_k3_n5,resident,P-FRESH,2,receiver_input,current_request_bytes,1580
complementary_k3_n5,resident,P-FRESH,2,receiver_input,observed_python_opcode_events,67926
complementary_k3_n5,resident,P-FRESH,2,receiver_input,proof_input_bytes,1903
complementary_k3_n5,resident,P-FRESH,2,receiver_storage,bounded_native_c_call_events,16
complementary_k3_n5,resident,P-FRESH,2,receiver_storage,live_serialized_byte_periods,9466
complementary_k3_n5,resident,P-FRESH,2,receiver_storage,observed_python_opcode_events,751
complementary_k3_n5,resident,P-FRESH,2,request_encoding,bounded_native_c_call_events,930
complementary_k3_n5,resident,P-FRESH,2,request_encoding,observed_python_opcode_events,24363
complementary_k3_n5,resident,P-FRESH,2,terminal,bounded_native_c_call_events,587
complementary_k3_n5,resident,P-FRESH,2,terminal,candidate_publication_events,1
complementary_k3_n5,resident,P-FRESH,2,terminal,current_receipt_output_bytes,3075
complementary_k3_n5,resident,P-FRESH,2,terminal,delivery_events,1
complementary_k3_n5,resident,P-FRESH,2,terminal,observed_python_opcode_events,14984
complementary_k3_n5,resident,P-FRESH,3,coordination,bounded_native_c_call_events,10
complementary_k3_n5,resident,P-FRESH,3,coordination,observed_python_opcode_events,592
complementary_k3_n5,resident,P-FRESH,3,producer_build,bounded_native_c_call_events,36600
complementary_k3_n5,resident,P-FRESH,3,producer_build,observed_python_opcode_events,761287
complementary_k3_n5,resident,P-FRESH,3,producer_export,bounded_native_c_call_events,7
complementary_k3_n5,resident,P-FRESH,3,producer_export,observed_python_opcode_events,2711
complementary_k3_n5,resident,P-FRESH,3,producer_export,proof_output_bytes,1807
complementary_k3_n5,resident,P-FRESH,3,producer_input,bounded_native_c_call_events,896
complementary_k3_n5,resident,P-FRESH,3,producer_input,current_request_bytes,1586
complementary_k3_n5,resident,P-FRESH,3,producer_input,observed_python_opcode_events,68099
complementary_k3_n5,resident,P-FRESH,3,producer_storage,bounded_native_c_call_events,403
complementary_k3_n5,resident,P-FRESH,3,producer_storage,live_serialized_byte_periods,8233
complementary_k3_n5,resident,P-FRESH,3,producer_storage,observed_python_opcode_events,12271
complementary_k3_n5,resident,P-FRESH,3,receiver_check,bounded_native_c_call_events,6280
complementary_k3_n5,resident,P-FRESH,3,receiver_check,observed_python_opcode_events,129876
complementary_k3_n5,resident,P-FRESH,3,receiver_import,bounded_native_c_call_events,65
complementary_k3_n5,resident,P-FRESH,3,receiver_import,observed_python_opcode_events,28881
complementary_k3_n5,resident,P-FRESH,3,receiver_input,bounded_native_c_call_events,896
complementary_k3_n5,resident,P-FRESH,3,receiver_input,current_request_bytes,1586
complementary_k3_n5,resident,P-FRESH,3,receiver_input,observed_python_opcode_events,68099
complementary_k3_n5,resident,P-FRESH,3,receiver_input,proof_input_bytes,1807
complementary_k3_n5,resident,P-FRESH,3,receiver_storage,bounded_native_c_call_events,16
complementary_k3_n5,resident,P-FRESH,3,receiver_storage,live_serialized_byte_periods,9366
complementary_k3_n5,resident,P-FRESH,3,receiver_storage,observed_python_opcode_events,751
complementary_k3_n5,resident,P-FRESH,3,request_encoding,bounded_native_c_call_events,930
complementary_k3_n5,resident,P-FRESH,3,request_encoding,observed_python_opcode_events,24371
complementary_k3_n5,resident,P-FRESH,3,terminal,bounded_native_c_call_events,563
complementary_k3_n5,resident,P-FRESH,3,terminal,candidate_publication_events,1
complementary_k3_n5,resident,P-FRESH,3,terminal,current_receipt_output_bytes,3081
complementary_k3_n5,resident,P-FRESH,3,terminal,delivery_events,1
complementary_k3_n5,resident,P-FRESH,3,terminal,observed_python_opcode_events,14468
complementary_k3_n5,resident,P-FRESH,4,coordination,bounded_native_c_call_events,10
complementary_k3_n5,resident,P-FRESH,4,coordination,observed_python_opcode_events,592
complementary_k3_n5,resident,P-FRESH,4,producer_build,bounded_native_c_call_events,40692
complementary_k3_n5,resident,P-FRESH,4,producer_build,observed_python_opcode_events,842878
complementary_k3_n5,resident,P-FRESH,4,producer_export,bounded_native_c_call_events,7
complementary_k3_n5,resident,P-FRESH,4,producer_export,observed_python_opcode_events,2711
complementary_k3_n5,resident,P-FRESH,4,producer_export,proof_output_bytes,1900
complementary_k3_n5,resident,P-FRESH,4,producer_input,bounded_native_c_call_events,997
complementary_k3_n5,resident,P-FRESH,4,producer_input,current_request_bytes,1679
complementary_k3_n5,resident,P-FRESH,4,producer_input,observed_python_opcode_events,72758
complementary_k3_n5,resident,P-FRESH,4,producer_storage,bounded_native_c_call_events,403
complementary_k3_n5,resident,P-FRESH,4,producer_storage,live_serialized_byte_periods,8491
complementary_k3_n5,resident,P-FRESH,4,producer_storage,observed_python_opcode_events,12271
complementary_k3_n5,resident,P-FRESH,4,receiver_check,bounded_native_c_call_events,7021
complementary_k3_n5,resident,P-FRESH,4,receiver_check,observed_python_opcode_events,144499
complementary_k3_n5,resident,P-FRESH,4,receiver_import,bounded_native_c_call_events,65
complementary_k3_n5,resident,P-FRESH,4,receiver_import,observed_python_opcode_events,30132
complementary_k3_n5,resident,P-FRESH,4,receiver_input,bounded_native_c_call_events,997
complementary_k3_n5,resident,P-FRESH,4,receiver_input,current_request_bytes,1679
complementary_k3_n5,resident,P-FRESH,4,receiver_input,observed_python_opcode_events,72758
complementary_k3_n5,resident,P-FRESH,4,receiver_input,proof_input_bytes,1900
complementary_k3_n5,resident,P-FRESH,4,receiver_storage,bounded_native_c_call_events,16
complementary_k3_n5,resident,P-FRESH,4,receiver_storage,live_serialized_byte_periods,9753
complementary_k3_n5,resident,P-FRESH,4,receiver_storage,observed_python_opcode_events,751
complementary_k3_n5,resident,P-FRESH,4,request_encoding,bounded_native_c_call_events,1006
complementary_k3_n5,resident,P-FRESH,4,request_encoding,observed_python_opcode_events,26293
complementary_k3_n5,resident,P-FRESH,4,terminal,bounded_native_c_call_events,659
complementary_k3_n5,resident,P-FRESH,4,terminal,candidate_publication_events,1
complementary_k3_n5,resident,P-FRESH,4,terminal,current_receipt_output_bytes,3174
complementary_k3_n5,resident,P-FRESH,4,terminal,delivery_events,1
complementary_k3_n5,resident,P-FRESH,4,terminal,observed_python_opcode_events,16741
complementary_k3_n5,resident,P-FRESH,5,coordination,bounded_native_c_call_events,10
complementary_k3_n5,resident,P-FRESH,5,coordination,observed_python_opcode_events,592
complementary_k3_n5,resident,P-FRESH,5,producer_build,bounded_native_c_call_events,70877
complementary_k3_n5,resident,P-FRESH,5,producer_build,observed_python_opcode_events,1456909
complementary_k3_n5,resident,P-FRESH,5,producer_export,bounded_native_c_call_events,7
complementary_k3_n5,resident,P-FRESH,5,producer_export,observed_python_opcode_events,4127
complementary_k3_n5,resident,P-FRESH,5,producer_export,proof_output_bytes,2058
complementary_k3_n5,resident,P-FRESH,5,producer_input,bounded_native_c_call_events,993
complementary_k3_n5,resident,P-FRESH,5,producer_input,current_request_bytes,1683
complementary_k3_n5,resident,P-FRESH,5,producer_input,observed_python_opcode_events,72876
complementary_k3_n5,resident,P-FRESH,5,producer_storage,bounded_native_c_call_events,403
complementary_k3_n5,resident,P-FRESH,5,producer_storage,live_serialized_byte_periods,8677
complementary_k3_n5,resident,P-FRESH,5,producer_storage,observed_python_opcode_events,12271
complementary_k3_n5,resident,P-FRESH,5,receiver_check,bounded_native_c_call_events,13685
complementary_k3_n5,resident,P-FRESH,5,receiver_check,observed_python_opcode_events,273861
complementary_k3_n5,resident,P-FRESH,5,receiver_import,bounded_native_c_call_events,85
complementary_k3_n5,resident,P-FRESH,5,receiver_import,observed_python_opcode_events,34102
complementary_k3_n5,resident,P-FRESH,5,receiver_input,bounded_native_c_call_events,993
complementary_k3_n5,resident,P-FRESH,5,receiver_input,current_request_bytes,1683
complementary_k3_n5,resident,P-FRESH,5,receiver_input,observed_python_opcode_events,72876
complementary_k3_n5,resident,P-FRESH,5,receiver_input,proof_input_bytes,2058
complementary_k3_n5,resident,P-FRESH,5,receiver_storage,bounded_native_c_call_events,16
complementary_k3_n5,resident,P-FRESH,5,receiver_storage,live_serialized_byte_periods,9943
complementary_k3_n5,resident,P-FRESH,5,receiver_storage,observed_python_opcode_events,751
complementary_k3_n5,resident,P-FRESH,5,request_encoding,bounded_native_c_call_events,1006
complementary_k3_n5,resident,P-FRESH,5,request_encoding,observed_python_opcode_events,26315
complementary_k3_n5,resident,P-FRESH,5,terminal,bounded_native_c_call_events,631
complementary_k3_n5,resident,P-FRESH,5,terminal,candidate_publication_events,1
complementary_k3_n5,resident,P-FRESH,5,terminal,current_receipt_output_bytes,3178
complementary_k3_n5,resident,P-FRESH,5,terminal,delivery_events,1
complementary_k3_n5,resident,P-FRESH,5,terminal,observed_python_opcode_events,16065
complementary_k3_n5,resident,P-FRESH,6,coordination,bounded_native_c_call_events,10
complementary_k3_n5,resident,P-FRESH,6,coordination,observed_python_opcode_events,592
complementary_k3_n5,resident,P-FRESH,6,producer_build,bounded_native_c_call_events,42369
complementary_k3_n5,resident,P-FRESH,6,producer_build,observed_python_opcode_events,862730
complementary_k3_n5,resident,P-FRESH,6,producer_export,bounded_native_c_call_events,7
complementary_k3_n5,resident,P-FRESH,6,producer_export,observed_python_opcode_events,2771
complementary_k3_n5,resident,P-FRESH,6,producer_export,proof_output_bytes,1935
complementary_k3_n5,resident,P-FRESH,6,producer_input,bounded_native_c_call_events,1054
complementary_k3_n5,resident,P-FRESH,6,producer_input,current_request_bytes,1710
complementary_k3_n5,resident,P-FRESH,6,producer_input,observed_python_opcode_events,74661
complementary_k3_n5,resident,P-FRESH,6,producer_storage,bounded_native_c_call_events,403
complementary_k3_n5,resident,P-FRESH,6,producer_storage,live_serialized_byte_periods,8581
complementary_k3_n5,resident,P-FRESH,6,producer_storage,observed_python_opcode_events,12271
complementary_k3_n5,resident,P-FRESH,6,receiver_check,bounded_native_c_call_events,7099
complementary_k3_n5,resident,P-FRESH,6,receiver_check,observed_python_opcode_events,143943
complementary_k3_n5,resident,P-FRESH,6,receiver_import,bounded_native_c_call_events,67
complementary_k3_n5,resident,P-FRESH,6,receiver_import,observed_python_opcode_events,30706
complementary_k3_n5,resident,P-FRESH,6,receiver_input,bounded_native_c_call_events,1054
complementary_k3_n5,resident,P-FRESH,6,receiver_input,current_request_bytes,1710
complementary_k3_n5,resident,P-FRESH,6,receiver_input,observed_python_opcode_events,74661
complementary_k3_n5,resident,P-FRESH,6,receiver_input,proof_input_bytes,1935
complementary_k3_n5,resident,P-FRESH,6,receiver_storage,bounded_native_c_call_events,16
complementary_k3_n5,resident,P-FRESH,6,receiver_storage,live_serialized_byte_periods,9886
complementary_k3_n5,resident,P-FRESH,6,receiver_storage,observed_python_opcode_events,751
complementary_k3_n5,resident,P-FRESH,6,request_encoding,bounded_native_c_call_events,1047
complementary_k3_n5,resident,P-FRESH,6,request_encoding,observed_python_opcode_events,27221
complementary_k3_n5,resident,P-FRESH,6,terminal,bounded_native_c_call_events,652
complementary_k3_n5,resident,P-FRESH,6,terminal,candidate_publication_events,1
complementary_k3_n5,resident,P-FRESH,6,terminal,current_receipt_output_bytes,3205
complementary_k3_n5,resident,P-FRESH,6,terminal,delivery_events,1
complementary_k3_n5,resident,P-FRESH,6,terminal,observed_python_opcode_events,16562
complementary_k3_n5,resident,P-REUSE,1,common_source,bounded_native_c_call_events,371
complementary_k3_n5,resident,P-REUSE,1,common_source,observed_python_opcode_events,32551
complementary_k3_n5,resident,P-REUSE,1,common_source,source_hash_bytes_prepaid,197956
complementary_k3_n5,resident,P-REUSE,1,common_source,source_length_probe_bytes_prepaid,8
complementary_k3_n5,resident,P-REUSE,1,common_source,source_program_bytes_prepaid,197956
complementary_k3_n5,resident,P-REUSE,1,common_source,source_record_bytes,1199
complementary_k3_n5,resident,P-REUSE,1,coordination,bounded_native_c_call_events,19
complementary_k3_n5,resident,P-REUSE,1,coordination,observed_python_opcode_events,1475
complementary_k3_n5,resident,P-REUSE,1,producer_build,bounded_native_c_call_events,13052
complementary_k3_n5,resident,P-REUSE,1,producer_build,observed_python_opcode_events,283617
complementary_k3_n5,resident,P-REUSE,1,producer_export,bounded_native_c_call_events,11
complementary_k3_n5,resident,P-REUSE,1,producer_export,observed_python_opcode_events,3267
complementary_k3_n5,resident,P-REUSE,1,producer_export,proof_output_bytes,4273
complementary_k3_n5,resident,P-REUSE,1,producer_init,observed_python_opcode_events,4
complementary_k3_n5,resident,P-REUSE,1,producer_input,bounded_native_c_call_events,869
complementary_k3_n5,resident,P-REUSE,1,producer_input,current_request_bytes,1558
complementary_k3_n5,resident,P-REUSE,1,producer_input,observed_python_opcode_events,66511
complementary_k3_n5,resident,P-REUSE,1,producer_old_admission,bounded_native_c_call_events,6304
complementary_k3_n5,resident,P-REUSE,1,producer_old_admission,observed_python_opcode_events,151787
complementary_k3_n5,resident,P-REUSE,1,producer_old_build,bounded_native_c_call_events,11936
complementary_k3_n5,resident,P-REUSE,1,producer_old_build,observed_python_opcode_events,281588
complementary_k3_n5,resident,P-REUSE,1,producer_old_export,bounded_native_c_call_events,406
complementary_k3_n5,resident,P-REUSE,1,producer_old_export,observed_python_opcode_events,15612
complementary_k3_n5,resident,P-REUSE,1,producer_old_export,old_proof_output_bytes,3049
complementary_k3_n5,resident,P-REUSE,1,producer_old_input,bounded_native_c_call_events,2099
complementary_k3_n5,resident,P-REUSE,1,producer_old_input,observed_python_opcode_events,131028
complementary_k3_n5,resident,P-REUSE,1,producer_old_input,old_request_bytes,2615
complementary_k3_n5,resident,P-REUSE,1,producer_storage,bounded_native_c_call_events,1427
complementary_k3_n5,resident,P-REUSE,1,producer_storage,live_serialized_byte_periods,39832
complementary_k3_n5,resident,P-REUSE,1,producer_storage,observed_python_opcode_events,41622
complementary_k3_n5,resident,P-REUSE,1,receiver_check,bounded_native_c_call_events,5305
complementary_k3_n5,resident,P-REUSE,1,receiver_check,observed_python_opcode_events,120306
complementary_k3_n5,resident,P-REUSE,1,receiver_import,bounded_native_c_call_events,123
complementary_k3_n5,resident,P-REUSE,1,receiver_import,observed_python_opcode_events,64830
complementary_k3_n5,resident,P-REUSE,1,receiver_init,observed_python_opcode_events,4
complementary_k3_n5,resident,P-REUSE,1,receiver_input,bounded_native_c_call_events,869
complementary_k3_n5,resident,P-REUSE,1,receiver_input,current_request_bytes,1558
complementary_k3_n5,resident,P-REUSE,1,receiver_input,observed_python_opcode_events,66511
complementary_k3_n5,resident,P-REUSE,1,receiver_input,proof_input_bytes,4273
complementary_k3_n5,resident,P-REUSE,1,receiver_old_check,bounded_native_c_call_events,6304
complementary_k3_n5,resident,P-REUSE,1,receiver_old_check,observed_python_opcode_events,151785
complementary_k3_n5,resident,P-REUSE,1,receiver_old_import,bounded_native_c_call_events,1110
complementary_k3_n5,resident,P-REUSE,1,receiver_old_import,observed_python_opcode_events,112029
complementary_k3_n5,resident,P-REUSE,1,receiver_old_input,bounded_native_c_call_events,2099
complementary_k3_n5,resident,P-REUSE,1,receiver_old_input,observed_python_opcode_events,131028
complementary_k3_n5,resident,P-REUSE,1,receiver_old_input,old_proof_input_bytes,3049
complementary_k3_n5,resident,P-REUSE,1,receiver_old_input,old_request_bytes,2615
complementary_k3_n5,resident,P-REUSE,1,receiver_storage,bounded_native_c_call_events,1035
complementary_k3_n5,resident,P-REUSE,1,receiver_storage,live_serialized_byte_periods,25596
complementary_k3_n5,resident,P-REUSE,1,receiver_storage,observed_python_opcode_events,29504
complementary_k3_n5,resident,P-REUSE,1,request_encoding,bounded_native_c_call_events,894
complementary_k3_n5,resident,P-REUSE,1,request_encoding,observed_python_opcode_events,23553
complementary_k3_n5,resident,P-REUSE,1,terminal,bounded_native_c_call_events,555
complementary_k3_n5,resident,P-REUSE,1,terminal,candidate_publication_events,1
complementary_k3_n5,resident,P-REUSE,1,terminal,current_receipt_output_bytes,3053
complementary_k3_n5,resident,P-REUSE,1,terminal,delivery_events,1
complementary_k3_n5,resident,P-REUSE,1,terminal,observed_python_opcode_events,14240
complementary_k3_n5,resident,P-REUSE,2,coordination,bounded_native_c_call_events,10
complementary_k3_n5,resident,P-REUSE,2,coordination,observed_python_opcode_events,592
complementary_k3_n5,resident,P-REUSE,2,producer_build,bounded_native_c_call_events,13885
complementary_k3_n5,resident,P-REUSE,2,producer_build,observed_python_opcode_events,298765
complementary_k3_n5,resident,P-REUSE,2,producer_export,bounded_native_c_call_events,11
complementary_k3_n5,resident,P-REUSE,2,producer_export,observed_python_opcode_events,3267
complementary_k3_n5,resident,P-REUSE,2,producer_export,proof_output_bytes,4295
complementary_k3_n5,resident,P-REUSE,2,producer_input,bounded_native_c_call_events,898
complementary_k3_n5,resident,P-REUSE,2,producer_input,current_request_bytes,1580
complementary_k3_n5,resident,P-REUSE,2,producer_input,observed_python_opcode_events,67926
complementary_k3_n5,resident,P-REUSE,2,producer_storage,bounded_native_c_call_events,799
complementary_k3_n5,resident,P-REUSE,2,producer_storage,live_serialized_byte_periods,16159
complementary_k3_n5,resident,P-REUSE,2,producer_storage,observed_python_opcode_events,23449
complementary_k3_n5,resident,P-REUSE,2,receiver_check,bounded_native_c_call_events,5670
complementary_k3_n5,resident,P-REUSE,2,receiver_check,observed_python_opcode_events,126625
complementary_k3_n5,resident,P-REUSE,2,receiver_import,bounded_native_c_call_events,123
complementary_k3_n5,resident,P-REUSE,2,receiver_import,observed_python_opcode_events,65128
complementary_k3_n5,resident,P-REUSE,2,receiver_input,bounded_native_c_call_events,898
complementary_k3_n5,resident,P-REUSE,2,receiver_input,current_request_bytes,1580
complementary_k3_n5,resident,P-REUSE,2,receiver_input,observed_python_opcode_events,67926
complementary_k3_n5,resident,P-REUSE,2,receiver_input,proof_input_bytes,4295
complementary_k3_n5,resident,P-REUSE,2,receiver_storage,bounded_native_c_call_events,412
complementary_k3_n5,resident,P-REUSE,2,receiver_storage,live_serialized_byte_periods,14898
complementary_k3_n5,resident,P-REUSE,2,receiver_storage,observed_python_opcode_events,11873
complementary_k3_n5,resident,P-REUSE,2,request_encoding,bounded_native_c_call_events,930
complementary_k3_n5,resident,P-REUSE,2,request_encoding,observed_python_opcode_events,24363
complementary_k3_n5,resident,P-REUSE,2,terminal,bounded_native_c_call_events,587
complementary_k3_n5,resident,P-REUSE,2,terminal,candidate_publication_events,1
complementary_k3_n5,resident,P-REUSE,2,terminal,current_receipt_output_bytes,3075
complementary_k3_n5,resident,P-REUSE,2,terminal,delivery_events,1
complementary_k3_n5,resident,P-REUSE,2,terminal,observed_python_opcode_events,14984
complementary_k3_n5,resident,P-REUSE,3,coordination,bounded_native_c_call_events,10
complementary_k3_n5,resident,P-REUSE,3,coordination,observed_python_opcode_events,592
complementary_k3_n5,resident,P-REUSE,3,producer_build,bounded_native_c_call_events,13905
complementary_k3_n5,resident,P-REUSE,3,producer_build,observed_python_opcode_events,298893
complementary_k3_n5,resident,P-REUSE,3,producer_export,bounded_native_c_call_events,11
complementary_k3_n5,resident,P-REUSE,3,producer_export,observed_python_opcode_events,3267
complementary_k3_n5,resident,P-REUSE,3,producer_export,proof_output_bytes,4301
complementary_k3_n5,resident,P-REUSE,3,producer_input,bounded_native_c_call_events,896
complementary_k3_n5,resident,P-REUSE,3,producer_input,current_request_bytes,1586
complementary_k3_n5,resident,P-REUSE,3,producer_input,observed_python_opcode_events,68099
complementary_k3_n5,resident,P-REUSE,3,producer_storage,bounded_native_c_call_events,799
complementary_k3_n5,resident,P-REUSE,3,producer_storage,live_serialized_byte_periods,16171
complementary_k3_n5,resident,P-REUSE,3,producer_storage,observed_python_opcode_events,23449
complementary_k3_n5,resident,P-REUSE,3,receiver_check,bounded_native_c_call_events,5637
complementary_k3_n5,resident,P-REUSE,3,receiver_check,observed_python_opcode_events,125845
complementary_k3_n5,resident,P-REUSE,3,receiver_import,bounded_native_c_call_events,123
complementary_k3_n5,resident,P-REUSE,3,receiver_import,observed_python_opcode_events,65218
complementary_k3_n5,resident,P-REUSE,3,receiver_input,bounded_native_c_call_events,896
complementary_k3_n5,resident,P-REUSE,3,receiver_input,current_request_bytes,1586
complementary_k3_n5,resident,P-REUSE,3,receiver_input,observed_python_opcode_events,68099
complementary_k3_n5,resident,P-REUSE,3,receiver_input,proof_input_bytes,4301
complementary_k3_n5,resident,P-REUSE,3,receiver_storage,bounded_native_c_call_events,412
complementary_k3_n5,resident,P-REUSE,3,receiver_storage,live_serialized_byte_periods,14916
complementary_k3_n5,resident,P-REUSE,3,receiver_storage,observed_python_opcode_events,11873
complementary_k3_n5,resident,P-REUSE,3,request_encoding,bounded_native_c_call_events,930
complementary_k3_n5,resident,P-REUSE,3,request_encoding,observed_python_opcode_events,24371
complementary_k3_n5,resident,P-REUSE,3,terminal,bounded_native_c_call_events,563
complementary_k3_n5,resident,P-REUSE,3,terminal,candidate_publication_events,1
complementary_k3_n5,resident,P-REUSE,3,terminal,current_receipt_output_bytes,3081
complementary_k3_n5,resident,P-REUSE,3,terminal,delivery_events,1
complementary_k3_n5,resident,P-REUSE,3,terminal,observed_python_opcode_events,14468
complementary_k3_n5,resident,P-REUSE,4,coordination,bounded_native_c_call_events,10
complementary_k3_n5,resident,P-REUSE,4,coordination,observed_python_opcode_events,592
complementary_k3_n5,resident,P-REUSE,4,producer_build,bounded_native_c_call_events,15342
complementary_k3_n5,resident,P-REUSE,4,producer_build,observed_python_opcode_events,327576
complementary_k3_n5,resident,P-REUSE,4,producer_export,bounded_native_c_call_events,11
complementary_k3_n5,resident,P-REUSE,4,producer_export,observed_python_opcode_events,3267
complementary_k3_n5,resident,P-REUSE,4,producer_export,proof_output_bytes,4394
complementary_k3_n5,resident,P-REUSE,4,producer_input,bounded_native_c_call_events,997
complementary_k3_n5,resident,P-REUSE,4,producer_input,current_request_bytes,1679
complementary_k3_n5,resident,P-REUSE,4,producer_input,observed_python_opcode_events,72758
complementary_k3_n5,resident,P-REUSE,4,producer_storage,bounded_native_c_call_events,799
complementary_k3_n5,resident,P-REUSE,4,producer_storage,live_serialized_byte_periods,16429
complementary_k3_n5,resident,P-REUSE,4,producer_storage,observed_python_opcode_events,23449
complementary_k3_n5,resident,P-REUSE,4,receiver_check,bounded_native_c_call_events,6141
complementary_k3_n5,resident,P-REUSE,4,receiver_check,observed_python_opcode_events,135718
complementary_k3_n5,resident,P-REUSE,4,receiver_import,bounded_native_c_call_events,123
complementary_k3_n5,resident,P-REUSE,4,receiver_import,observed_python_opcode_events,66469
complementary_k3_n5,resident,P-REUSE,4,receiver_input,bounded_native_c_call_events,997
complementary_k3_n5,resident,P-REUSE,4,receiver_input,current_request_bytes,1679
complementary_k3_n5,resident,P-REUSE,4,receiver_input,observed_python_opcode_events,72758
complementary_k3_n5,resident,P-REUSE,4,receiver_input,proof_input_bytes,4394
complementary_k3_n5,resident,P-REUSE,4,receiver_storage,bounded_native_c_call_events,412
complementary_k3_n5,resident,P-REUSE,4,receiver_storage,live_serialized_byte_periods,15303
complementary_k3_n5,resident,P-REUSE,4,receiver_storage,observed_python_opcode_events,11873
complementary_k3_n5,resident,P-REUSE,4,request_encoding,bounded_native_c_call_events,1006
complementary_k3_n5,resident,P-REUSE,4,request_encoding,observed_python_opcode_events,26293
complementary_k3_n5,resident,P-REUSE,4,terminal,bounded_native_c_call_events,659
complementary_k3_n5,resident,P-REUSE,4,terminal,candidate_publication_events,1
complementary_k3_n5,resident,P-REUSE,4,terminal,current_receipt_output_bytes,3174
complementary_k3_n5,resident,P-REUSE,4,terminal,delivery_events,1
complementary_k3_n5,resident,P-REUSE,4,terminal,observed_python_opcode_events,16741
complementary_k3_n5,resident,P-REUSE,5,coordination,bounded_native_c_call_events,10
complementary_k3_n5,resident,P-REUSE,5,coordination,observed_python_opcode_events,592
complementary_k3_n5,resident,P-REUSE,5,producer_build,bounded_native_c_call_events,15203
complementary_k3_n5,resident,P-REUSE,5,producer_build,observed_python_opcode_events,326837
complementary_k3_n5,resident,P-REUSE,5,producer_export,bounded_native_c_call_events,11
complementary_k3_n5,resident,P-REUSE,5,producer_export,observed_python_opcode_events,3267
complementary_k3_n5,resident,P-REUSE,5,producer_export,proof_output_bytes,4398
complementary_k3_n5,resident,P-REUSE,5,producer_input,bounded_native_c_call_events,993
complementary_k3_n5,resident,P-REUSE,5,producer_input,current_request_bytes,1683
complementary_k3_n5,resident,P-REUSE,5,producer_input,observed_python_opcode_events,72876
complementary_k3_n5,resident,P-REUSE,5,producer_storage,bounded_native_c_call_events,799
complementary_k3_n5,resident,P-REUSE,5,producer_storage,live_serialized_byte_periods,16437
complementary_k3_n5,resident,P-REUSE,5,producer_storage,observed_python_opcode_events,23449
complementary_k3_n5,resident,P-REUSE,5,receiver_check,bounded_native_c_call_events,6065
complementary_k3_n5,resident,P-REUSE,5,receiver_check,observed_python_opcode_events,134400
complementary_k3_n5,resident,P-REUSE,5,receiver_import,bounded_native_c_call_events,123
complementary_k3_n5,resident,P-REUSE,5,receiver_import,observed_python_opcode_events,66529
complementary_k3_n5,resident,P-REUSE,5,receiver_input,bounded_native_c_call_events,993
complementary_k3_n5,resident,P-REUSE,5,receiver_input,current_request_bytes,1683
complementary_k3_n5,resident,P-REUSE,5,receiver_input,observed_python_opcode_events,72876
complementary_k3_n5,resident,P-REUSE,5,receiver_input,proof_input_bytes,4398
complementary_k3_n5,resident,P-REUSE,5,receiver_storage,bounded_native_c_call_events,412
complementary_k3_n5,resident,P-REUSE,5,receiver_storage,live_serialized_byte_periods,15315
complementary_k3_n5,resident,P-REUSE,5,receiver_storage,observed_python_opcode_events,11873
complementary_k3_n5,resident,P-REUSE,5,request_encoding,bounded_native_c_call_events,1006
complementary_k3_n5,resident,P-REUSE,5,request_encoding,observed_python_opcode_events,26315
complementary_k3_n5,resident,P-REUSE,5,terminal,bounded_native_c_call_events,631
complementary_k3_n5,resident,P-REUSE,5,terminal,candidate_publication_events,1
complementary_k3_n5,resident,P-REUSE,5,terminal,current_receipt_output_bytes,3178
complementary_k3_n5,resident,P-REUSE,5,terminal,delivery_events,1
complementary_k3_n5,resident,P-REUSE,5,terminal,observed_python_opcode_events,16065
complementary_k3_n5,resident,P-REUSE,6,coordination,bounded_native_c_call_events,10
complementary_k3_n5,resident,P-REUSE,6,coordination,observed_python_opcode_events,592
complementary_k3_n5,resident,P-REUSE,6,producer_build,bounded_native_c_call_events,16055
complementary_k3_n5,resident,P-REUSE,6,producer_build,observed_python_opcode_events,337076
complementary_k3_n5,resident,P-REUSE,6,producer_export,bounded_native_c_call_events,11
complementary_k3_n5,resident,P-REUSE,6,producer_export,observed_python_opcode_events,3271
complementary_k3_n5,resident,P-REUSE,6,producer_export,proof_output_bytes,4425
complementary_k3_n5,resident,P-REUSE,6,producer_input,bounded_native_c_call_events,1054
complementary_k3_n5,resident,P-REUSE,6,producer_input,current_request_bytes,1710
complementary_k3_n5,resident,P-REUSE,6,producer_input,observed_python_opcode_events,74661
complementary_k3_n5,resident,P-REUSE,6,producer_storage,bounded_native_c_call_events,799
complementary_k3_n5,resident,P-REUSE,6,producer_storage,live_serialized_byte_periods,16515
complementary_k3_n5,resident,P-REUSE,6,producer_storage,observed_python_opcode_events,23449
complementary_k3_n5,resident,P-REUSE,6,receiver_check,bounded_native_c_call_events,6379
complementary_k3_n5,resident,P-REUSE,6,receiver_check,observed_python_opcode_events,138732
complementary_k3_n5,resident,P-REUSE,6,receiver_import,bounded_native_c_call_events,121
complementary_k3_n5,resident,P-REUSE,6,receiver_import,observed_python_opcode_events,66875
complementary_k3_n5,resident,P-REUSE,6,receiver_input,bounded_native_c_call_events,1054
complementary_k3_n5,resident,P-REUSE,6,receiver_input,current_request_bytes,1710
complementary_k3_n5,resident,P-REUSE,6,receiver_input,observed_python_opcode_events,74661
complementary_k3_n5,resident,P-REUSE,6,receiver_input,proof_input_bytes,4425
complementary_k3_n5,resident,P-REUSE,6,receiver_storage,bounded_native_c_call_events,412
complementary_k3_n5,resident,P-REUSE,6,receiver_storage,live_serialized_byte_periods,15432
complementary_k3_n5,resident,P-REUSE,6,receiver_storage,observed_python_opcode_events,11873
complementary_k3_n5,resident,P-REUSE,6,request_encoding,bounded_native_c_call_events,1047
complementary_k3_n5,resident,P-REUSE,6,request_encoding,observed_python_opcode_events,27221
complementary_k3_n5,resident,P-REUSE,6,terminal,bounded_native_c_call_events,652
complementary_k3_n5,resident,P-REUSE,6,terminal,candidate_publication_events,1
complementary_k3_n5,resident,P-REUSE,6,terminal,current_receipt_output_bytes,3205
complementary_k3_n5,resident,P-REUSE,6,terminal,delivery_events,1
complementary_k3_n5,resident,P-REUSE,6,terminal,observed_python_opcode_events,16562
complementary_k5_n7,fresh,O-ADD-COLD,1,common_source,bounded_native_c_call_events,371
complementary_k5_n7,fresh,O-ADD-COLD,1,common_source,observed_python_opcode_events,32551
complementary_k5_n7,fresh,O-ADD-COLD,1,common_source,source_hash_bytes_prepaid,197956
complementary_k5_n7,fresh,O-ADD-COLD,1,common_source,source_length_probe_bytes_prepaid,8
complementary_k5_n7,fresh,O-ADD-COLD,1,common_source,source_program_bytes_prepaid,197956
complementary_k5_n7,fresh,O-ADD-COLD,1,common_source,source_record_bytes,1199
complementary_k5_n7,fresh,O-ADD-COLD,1,coordination,bounded_native_c_call_events,10
complementary_k5_n7,fresh,O-ADD-COLD,1,coordination,observed_python_opcode_events,623
complementary_k5_n7,fresh,O-ADD-COLD,1,producer_build,bounded_native_c_call_events,8963
complementary_k5_n7,fresh,O-ADD-COLD,1,producer_build,observed_python_opcode_events,299701
complementary_k5_n7,fresh,O-ADD-COLD,1,producer_export,bounded_native_c_call_events,8
complementary_k5_n7,fresh,O-ADD-COLD,1,producer_export,observed_python_opcode_events,260
complementary_k5_n7,fresh,O-ADD-COLD,1,producer_export,proof_output_bytes,9415
complementary_k5_n7,fresh,O-ADD-COLD,1,producer_init,bounded_native_c_call_events,19
complementary_k5_n7,fresh,O-ADD-COLD,1,producer_init,observed_python_opcode_events,891
complementary_k5_n7,fresh,O-ADD-COLD,1,producer_input,bounded_native_c_call_events,1201
complementary_k5_n7,fresh,O-ADD-COLD,1,producer_input,current_request_bytes,1810
complementary_k5_n7,fresh,O-ADD-COLD,1,producer_input,observed_python_opcode_events,83071
complementary_k5_n7,fresh,O-ADD-COLD,1,producer_storage,bounded_native_c_call_events,986
complementary_k5_n7,fresh,O-ADD-COLD,1,producer_storage,live_serialized_byte_periods,32746
complementary_k5_n7,fresh,O-ADD-COLD,1,producer_storage,observed_python_opcode_events,130782
complementary_k5_n7,fresh,O-ADD-COLD,1,receiver_check,bounded_native_c_call_events,9088
complementary_k5_n7,fresh,O-ADD-COLD,1,receiver_check,observed_python_opcode_events,532300
complementary_k5_n7,fresh,O-ADD-COLD,1,receiver_init,bounded_native_c_call_events,130
complementary_k5_n7,fresh,O-ADD-COLD,1,receiver_init,observed_python_opcode_events,27995
complementary_k5_n7,fresh,O-ADD-COLD,1,receiver_input,bounded_native_c_call_events,1201
complementary_k5_n7,fresh,O-ADD-COLD,1,receiver_input,current_request_bytes,1810
complementary_k5_n7,fresh,O-ADD-COLD,1,receiver_input,observed_python_opcode_events,83071
complementary_k5_n7,fresh,O-ADD-COLD,1,receiver_input,proof_input_bytes,9415
complementary_k5_n7,fresh,O-ADD-COLD,1,receiver_storage,bounded_native_c_call_events,22
complementary_k5_n7,fresh,O-ADD-COLD,1,receiver_storage,live_serialized_byte_periods,31374
complementary_k5_n7,fresh,O-ADD-COLD,1,receiver_storage,observed_python_opcode_events,53680
complementary_k5_n7,fresh,O-ADD-COLD,1,request_encoding,bounded_native_c_call_events,1302
complementary_k5_n7,fresh,O-ADD-COLD,1,request_encoding,observed_python_opcode_events,33081
complementary_k5_n7,fresh,O-ADD-COLD,1,terminal,bounded_native_c_call_events,823
complementary_k5_n7,fresh,O-ADD-COLD,1,terminal,candidate_publication_events,1
complementary_k5_n7,fresh,O-ADD-COLD,1,terminal,current_receipt_output_bytes,3305
complementary_k5_n7,fresh,O-ADD-COLD,1,terminal,delivery_events,1
complementary_k5_n7,fresh,O-ADD-COLD,1,terminal,observed_python_opcode_events,20476
complementary_k5_n7,fresh,O-ADD-COLD,2,coordination,bounded_native_c_call_events,10
complementary_k5_n7,fresh,O-ADD-COLD,2,coordination,observed_python_opcode_events,602
complementary_k5_n7,fresh,O-ADD-COLD,2,producer_build,bounded_native_c_call_events,9614
complementary_k5_n7,fresh,O-ADD-COLD,2,producer_build,observed_python_opcode_events,318570
complementary_k5_n7,fresh,O-ADD-COLD,2,producer_export,bounded_native_c_call_events,8
complementary_k5_n7,fresh,O-ADD-COLD,2,producer_export,observed_python_opcode_events,260
complementary_k5_n7,fresh,O-ADD-COLD,2,producer_export,proof_output_bytes,9824
complementary_k5_n7,fresh,O-ADD-COLD,2,producer_init,bounded_native_c_call_events,19
complementary_k5_n7,fresh,O-ADD-COLD,2,producer_init,observed_python_opcode_events,891
complementary_k5_n7,fresh,O-ADD-COLD,2,producer_input,bounded_native_c_call_events,1230
complementary_k5_n7,fresh,O-ADD-COLD,2,producer_input,current_request_bytes,1832
complementary_k5_n7,fresh,O-ADD-COLD,2,producer_input,observed_python_opcode_events,84486
complementary_k5_n7,fresh,O-ADD-COLD,2,producer_storage,bounded_native_c_call_events,1012
complementary_k5_n7,fresh,O-ADD-COLD,2,producer_storage,live_serialized_byte_periods,34107
complementary_k5_n7,fresh,O-ADD-COLD,2,producer_storage,observed_python_opcode_events,141026
complementary_k5_n7,fresh,O-ADD-COLD,2,receiver_check,bounded_native_c_call_events,9857
complementary_k5_n7,fresh,O-ADD-COLD,2,receiver_check,observed_python_opcode_events,565857
complementary_k5_n7,fresh,O-ADD-COLD,2,receiver_init,bounded_native_c_call_events,130
complementary_k5_n7,fresh,O-ADD-COLD,2,receiver_init,observed_python_opcode_events,27995
complementary_k5_n7,fresh,O-ADD-COLD,2,receiver_input,bounded_native_c_call_events,1230
complementary_k5_n7,fresh,O-ADD-COLD,2,receiver_input,current_request_bytes,1832
complementary_k5_n7,fresh,O-ADD-COLD,2,receiver_input,observed_python_opcode_events,84486
complementary_k5_n7,fresh,O-ADD-COLD,2,receiver_input,proof_input_bytes,9824
complementary_k5_n7,fresh,O-ADD-COLD,2,receiver_storage,bounded_native_c_call_events,22
complementary_k5_n7,fresh,O-ADD-COLD,2,receiver_storage,live_serialized_byte_periods,32513
complementary_k5_n7,fresh,O-ADD-COLD,2,receiver_storage,observed_python_opcode_events,60309
complementary_k5_n7,fresh,O-ADD-COLD,2,request_encoding,bounded_native_c_call_events,1338
complementary_k5_n7,fresh,O-ADD-COLD,2,request_encoding,observed_python_opcode_events,33891
complementary_k5_n7,fresh,O-ADD-COLD,2,terminal,bounded_native_c_call_events,855
complementary_k5_n7,fresh,O-ADD-COLD,2,terminal,candidate_publication_events,1
complementary_k5_n7,fresh,O-ADD-COLD,2,terminal,current_receipt_output_bytes,3327
complementary_k5_n7,fresh,O-ADD-COLD,2,terminal,delivery_events,1
complementary_k5_n7,fresh,O-ADD-COLD,2,terminal,observed_python_opcode_events,21220
complementary_k5_n7,fresh,O-ADD-COLD,3,coordination,bounded_native_c_call_events,10
complementary_k5_n7,fresh,O-ADD-COLD,3,coordination,observed_python_opcode_events,602
complementary_k5_n7,fresh,O-ADD-COLD,3,producer_build,bounded_native_c_call_events,10131
complementary_k5_n7,fresh,O-ADD-COLD,3,producer_build,observed_python_opcode_events,339087
complementary_k5_n7,fresh,O-ADD-COLD,3,producer_export,bounded_native_c_call_events,8
complementary_k5_n7,fresh,O-ADD-COLD,3,producer_export,observed_python_opcode_events,260
complementary_k5_n7,fresh,O-ADD-COLD,3,producer_export,proof_output_bytes,10331
complementary_k5_n7,fresh,O-ADD-COLD,3,producer_init,bounded_native_c_call_events,19
complementary_k5_n7,fresh,O-ADD-COLD,3,producer_init,observed_python_opcode_events,891
complementary_k5_n7,fresh,O-ADD-COLD,3,producer_input,bounded_native_c_call_events,1228
complementary_k5_n7,fresh,O-ADD-COLD,3,producer_input,current_request_bytes,1838
complementary_k5_n7,fresh,O-ADD-COLD,3,producer_input,observed_python_opcode_events,84659
complementary_k5_n7,fresh,O-ADD-COLD,3,producer_storage,bounded_native_c_call_events,1012
complementary_k5_n7,fresh,O-ADD-COLD,3,producer_storage,live_serialized_byte_periods,35828
complementary_k5_n7,fresh,O-ADD-COLD,3,producer_storage,observed_python_opcode_events,154401
complementary_k5_n7,fresh,O-ADD-COLD,3,receiver_check,bounded_native_c_call_events,10756
complementary_k5_n7,fresh,O-ADD-COLD,3,receiver_check,observed_python_opcode_events,608519
complementary_k5_n7,fresh,O-ADD-COLD,3,receiver_init,bounded_native_c_call_events,130
complementary_k5_n7,fresh,O-ADD-COLD,3,receiver_init,observed_python_opcode_events,27995
complementary_k5_n7,fresh,O-ADD-COLD,3,receiver_input,bounded_native_c_call_events,1228
complementary_k5_n7,fresh,O-ADD-COLD,3,receiver_input,current_request_bytes,1838
complementary_k5_n7,fresh,O-ADD-COLD,3,receiver_input,observed_python_opcode_events,84659
complementary_k5_n7,fresh,O-ADD-COLD,3,receiver_input,proof_input_bytes,10331
complementary_k5_n7,fresh,O-ADD-COLD,3,receiver_storage,bounded_native_c_call_events,22
complementary_k5_n7,fresh,O-ADD-COLD,3,receiver_storage,live_serialized_byte_periods,33935
complementary_k5_n7,fresh,O-ADD-COLD,3,receiver_storage,observed_python_opcode_events,70195
complementary_k5_n7,fresh,O-ADD-COLD,3,request_encoding,bounded_native_c_call_events,1338
complementary_k5_n7,fresh,O-ADD-COLD,3,request_encoding,observed_python_opcode_events,33899
complementary_k5_n7,fresh,O-ADD-COLD,3,terminal,bounded_native_c_call_events,813
complementary_k5_n7,fresh,O-ADD-COLD,3,terminal,candidate_publication_events,1
complementary_k5_n7,fresh,O-ADD-COLD,3,terminal,current_receipt_output_bytes,3333
complementary_k5_n7,fresh,O-ADD-COLD,3,terminal,delivery_events,1
complementary_k5_n7,fresh,O-ADD-COLD,3,terminal,observed_python_opcode_events,20344
complementary_k5_n7,fresh,O-ADD-COLD,4,coordination,bounded_native_c_call_events,10
complementary_k5_n7,fresh,O-ADD-COLD,4,coordination,observed_python_opcode_events,602
complementary_k5_n7,fresh,O-ADD-COLD,4,producer_build,bounded_native_c_call_events,10954
complementary_k5_n7,fresh,O-ADD-COLD,4,producer_build,observed_python_opcode_events,361766
complementary_k5_n7,fresh,O-ADD-COLD,4,producer_export,bounded_native_c_call_events,8
complementary_k5_n7,fresh,O-ADD-COLD,4,producer_export,observed_python_opcode_events,260
complementary_k5_n7,fresh,O-ADD-COLD,4,producer_export,proof_output_bytes,10800
complementary_k5_n7,fresh,O-ADD-COLD,4,producer_init,bounded_native_c_call_events,19
complementary_k5_n7,fresh,O-ADD-COLD,4,producer_init,observed_python_opcode_events,891
complementary_k5_n7,fresh,O-ADD-COLD,4,producer_input,bounded_native_c_call_events,1329
complementary_k5_n7,fresh,O-ADD-COLD,4,producer_input,current_request_bytes,1931
complementary_k5_n7,fresh,O-ADD-COLD,4,producer_input,observed_python_opcode_events,89318
complementary_k5_n7,fresh,O-ADD-COLD,4,producer_storage,bounded_native_c_call_events,1038
complementary_k5_n7,fresh,O-ADD-COLD,4,producer_storage,live_serialized_byte_periods,37345
complementary_k5_n7,fresh,O-ADD-COLD,4,producer_storage,observed_python_opcode_events,163862
complementary_k5_n7,fresh,O-ADD-COLD,4,receiver_check,bounded_native_c_call_events,11615
complementary_k5_n7,fresh,O-ADD-COLD,4,receiver_check,observed_python_opcode_events,644982
complementary_k5_n7,fresh,O-ADD-COLD,4,receiver_init,bounded_native_c_call_events,130
complementary_k5_n7,fresh,O-ADD-COLD,4,receiver_init,observed_python_opcode_events,27995
complementary_k5_n7,fresh,O-ADD-COLD,4,receiver_input,bounded_native_c_call_events,1329
complementary_k5_n7,fresh,O-ADD-COLD,4,receiver_input,current_request_bytes,1931
complementary_k5_n7,fresh,O-ADD-COLD,4,receiver_input,observed_python_opcode_events,89318
complementary_k5_n7,fresh,O-ADD-COLD,4,receiver_input,proof_input_bytes,10800
complementary_k5_n7,fresh,O-ADD-COLD,4,receiver_storage,bounded_native_c_call_events,22
complementary_k5_n7,fresh,O-ADD-COLD,4,receiver_storage,live_serialized_byte_periods,35427
complementary_k5_n7,fresh,O-ADD-COLD,4,receiver_storage,observed_python_opcode_events,76180
complementary_k5_n7,fresh,O-ADD-COLD,4,request_encoding,bounded_native_c_call_events,1414
complementary_k5_n7,fresh,O-ADD-COLD,4,request_encoding,observed_python_opcode_events,35821
complementary_k5_n7,fresh,O-ADD-COLD,4,terminal,bounded_native_c_call_events,927
complementary_k5_n7,fresh,O-ADD-COLD,4,terminal,candidate_publication_events,1
complementary_k5_n7,fresh,O-ADD-COLD,4,terminal,current_receipt_output_bytes,3426
complementary_k5_n7,fresh,O-ADD-COLD,4,terminal,delivery_events,1
complementary_k5_n7,fresh,O-ADD-COLD,4,terminal,observed_python_opcode_events,22977
complementary_k5_n7,fresh,O-ADD-COLD,5,coordination,bounded_native_c_call_events,10
complementary_k5_n7,fresh,O-ADD-COLD,5,coordination,observed_python_opcode_events,602
complementary_k5_n7,fresh,O-ADD-COLD,5,producer_build,bounded_native_c_call_events,10456
complementary_k5_n7,fresh,O-ADD-COLD,5,producer_build,observed_python_opcode_events,341092
complementary_k5_n7,fresh,O-ADD-COLD,5,producer_export,bounded_native_c_call_events,8
complementary_k5_n7,fresh,O-ADD-COLD,5,producer_export,observed_python_opcode_events,260
complementary_k5_n7,fresh,O-ADD-COLD,5,producer_export,proof_output_bytes,10353
complementary_k5_n7,fresh,O-ADD-COLD,5,producer_init,bounded_native_c_call_events,19
complementary_k5_n7,fresh,O-ADD-COLD,5,producer_init,observed_python_opcode_events,891
complementary_k5_n7,fresh,O-ADD-COLD,5,producer_input,bounded_native_c_call_events,1325
complementary_k5_n7,fresh,O-ADD-COLD,5,producer_input,current_request_bytes,1935
complementary_k5_n7,fresh,O-ADD-COLD,5,producer_input,observed_python_opcode_events,89436
complementary_k5_n7,fresh,O-ADD-COLD,5,producer_storage,bounded_native_c_call_events,1058
complementary_k5_n7,fresh,O-ADD-COLD,5,producer_storage,live_serialized_byte_periods,35804
complementary_k5_n7,fresh,O-ADD-COLD,5,producer_storage,observed_python_opcode_events,152015
complementary_k5_n7,fresh,O-ADD-COLD,5,receiver_check,bounded_native_c_call_events,10724
complementary_k5_n7,fresh,O-ADD-COLD,5,receiver_check,observed_python_opcode_events,603748
complementary_k5_n7,fresh,O-ADD-COLD,5,receiver_init,bounded_native_c_call_events,130
complementary_k5_n7,fresh,O-ADD-COLD,5,receiver_init,observed_python_opcode_events,27995
complementary_k5_n7,fresh,O-ADD-COLD,5,receiver_input,bounded_native_c_call_events,1325
complementary_k5_n7,fresh,O-ADD-COLD,5,receiver_input,current_request_bytes,1935
complementary_k5_n7,fresh,O-ADD-COLD,5,receiver_input,observed_python_opcode_events,89436
complementary_k5_n7,fresh,O-ADD-COLD,5,receiver_input,proof_input_bytes,10353
complementary_k5_n7,fresh,O-ADD-COLD,5,receiver_storage,bounded_native_c_call_events,22
complementary_k5_n7,fresh,O-ADD-COLD,5,receiver_storage,live_serialized_byte_periods,34148
complementary_k5_n7,fresh,O-ADD-COLD,5,receiver_storage,observed_python_opcode_events,66960
complementary_k5_n7,fresh,O-ADD-COLD,5,request_encoding,bounded_native_c_call_events,1414
complementary_k5_n7,fresh,O-ADD-COLD,5,request_encoding,observed_python_opcode_events,35843
complementary_k5_n7,fresh,O-ADD-COLD,5,terminal,bounded_native_c_call_events,875
complementary_k5_n7,fresh,O-ADD-COLD,5,terminal,candidate_publication_events,1
complementary_k5_n7,fresh,O-ADD-COLD,5,terminal,current_receipt_output_bytes,3430
complementary_k5_n7,fresh,O-ADD-COLD,5,terminal,delivery_events,1
complementary_k5_n7,fresh,O-ADD-COLD,5,terminal,observed_python_opcode_events,21765
complementary_k5_n7,fresh,O-ADD-COLD,6,coordination,bounded_native_c_call_events,10
complementary_k5_n7,fresh,O-ADD-COLD,6,coordination,observed_python_opcode_events,602
complementary_k5_n7,fresh,O-ADD-COLD,6,producer_build,bounded_native_c_call_events,11438
complementary_k5_n7,fresh,O-ADD-COLD,6,producer_build,observed_python_opcode_events,370809
complementary_k5_n7,fresh,O-ADD-COLD,6,producer_export,bounded_native_c_call_events,8
complementary_k5_n7,fresh,O-ADD-COLD,6,producer_export,observed_python_opcode_events,260
complementary_k5_n7,fresh,O-ADD-COLD,6,producer_export,proof_output_bytes,11154
complementary_k5_n7,fresh,O-ADD-COLD,6,producer_init,bounded_native_c_call_events,19
complementary_k5_n7,fresh,O-ADD-COLD,6,producer_init,observed_python_opcode_events,891
complementary_k5_n7,fresh,O-ADD-COLD,6,producer_input,bounded_native_c_call_events,1386
complementary_k5_n7,fresh,O-ADD-COLD,6,producer_input,current_request_bytes,1962
complementary_k5_n7,fresh,O-ADD-COLD,6,producer_input,observed_python_opcode_events,91221
complementary_k5_n7,fresh,O-ADD-COLD,6,producer_storage,bounded_native_c_call_events,1198
complementary_k5_n7,fresh,O-ADD-COLD,6,producer_storage,live_serialized_byte_periods,38542
complementary_k5_n7,fresh,O-ADD-COLD,6,producer_storage,observed_python_opcode_events,167380
complementary_k5_n7,fresh,O-ADD-COLD,6,receiver_check,bounded_native_c_call_events,11707
complementary_k5_n7,fresh,O-ADD-COLD,6,receiver_check,observed_python_opcode_events,658057
complementary_k5_n7,fresh,O-ADD-COLD,6,receiver_init,bounded_native_c_call_events,130
complementary_k5_n7,fresh,O-ADD-COLD,6,receiver_init,observed_python_opcode_events,27995
complementary_k5_n7,fresh,O-ADD-COLD,6,receiver_input,bounded_native_c_call_events,1386
complementary_k5_n7,fresh,O-ADD-COLD,6,receiver_input,current_request_bytes,1962
complementary_k5_n7,fresh,O-ADD-COLD,6,receiver_input,observed_python_opcode_events,91221
complementary_k5_n7,fresh,O-ADD-COLD,6,receiver_input,proof_input_bytes,11154
complementary_k5_n7,fresh,O-ADD-COLD,6,receiver_storage,bounded_native_c_call_events,22
complementary_k5_n7,fresh,O-ADD-COLD,6,receiver_storage,live_serialized_byte_periods,36346
complementary_k5_n7,fresh,O-ADD-COLD,6,receiver_storage,observed_python_opcode_events,75032
complementary_k5_n7,fresh,O-ADD-COLD,6,request_encoding,bounded_native_c_call_events,1455
complementary_k5_n7,fresh,O-ADD-COLD,6,request_encoding,observed_python_opcode_events,36749
complementary_k5_n7,fresh,O-ADD-COLD,6,terminal,bounded_native_c_call_events,902
complementary_k5_n7,fresh,O-ADD-COLD,6,terminal,candidate_publication_events,1
complementary_k5_n7,fresh,O-ADD-COLD,6,terminal,current_receipt_output_bytes,3457
complementary_k5_n7,fresh,O-ADD-COLD,6,terminal,delivery_events,1
complementary_k5_n7,fresh,O-ADD-COLD,6,terminal,observed_python_opcode_events,22438
complementary_k5_n7,fresh,O-ADD-PORTFOLIO,1,common_source,bounded_native_c_call_events,371
complementary_k5_n7,fresh,O-ADD-PORTFOLIO,1,common_source,observed_python_opcode_events,32551
complementary_k5_n7,fresh,O-ADD-PORTFOLIO,1,common_source,source_hash_bytes_prepaid,197956
complementary_k5_n7,fresh,O-ADD-PORTFOLIO,1,common_source,source_length_probe_bytes_prepaid,8
complementary_k5_n7,fresh,O-ADD-PORTFOLIO,1,common_source,source_program_bytes_prepaid,197956
complementary_k5_n7,fresh,O-ADD-PORTFOLIO,1,common_source,source_record_bytes,1199
complementary_k5_n7,fresh,O-ADD-PORTFOLIO,1,coordination,bounded_native_c_call_events,19
complementary_k5_n7,fresh,O-ADD-PORTFOLIO,1,coordination,observed_python_opcode_events,1716
complementary_k5_n7,fresh,O-ADD-PORTFOLIO,1,producer_build,bounded_native_c_call_events,15752
complementary_k5_n7,fresh,O-ADD-PORTFOLIO,1,producer_build,observed_python_opcode_events,362247
complementary_k5_n7,fresh,O-ADD-PORTFOLIO,1,producer_export,bounded_native_c_call_events,11
complementary_k5_n7,fresh,O-ADD-PORTFOLIO,1,producer_export,observed_python_opcode_events,3747
complementary_k5_n7,fresh,O-ADD-PORTFOLIO,1,producer_export,proof_output_bytes,4813
complementary_k5_n7,fresh,O-ADD-PORTFOLIO,1,producer_init,bounded_native_c_call_events,149
complementary_k5_n7,fresh,O-ADD-PORTFOLIO,1,producer_init,observed_python_opcode_events,28890
complementary_k5_n7,fresh,O-ADD-PORTFOLIO,1,producer_input,bounded_native_c_call_events,1201
complementary_k5_n7,fresh,O-ADD-PORTFOLIO,1,producer_input,current_request_bytes,1810
complementary_k5_n7,fresh,O-ADD-PORTFOLIO,1,producer_input,observed_python_opcode_events,83071
complementary_k5_n7,fresh,O-ADD-PORTFOLIO,1,producer_old_admission,bounded_native_c_call_events,9264
complementary_k5_n7,fresh,O-ADD-PORTFOLIO,1,producer_old_admission,observed_python_opcode_events,525758
complementary_k5_n7,fresh,O-ADD-PORTFOLIO,1,producer_old_build,bounded_native_c_call_events,8074
complementary_k5_n7,fresh,O-ADD-PORTFOLIO,1,producer_old_build,observed_python_opcode_events,261158
complementary_k5_n7,fresh,O-ADD-PORTFOLIO,1,producer_old_export,bounded_native_c_call_events,16
complementary_k5_n7,fresh,O-ADD-PORTFOLIO,1,producer_old_export,observed_python_opcode_events,520
complementary_k5_n7,fresh,O-ADD-PORTFOLIO,1,producer_old_export,old_proof_output_bytes,10765
complementary_k5_n7,fresh,O-ADD-PORTFOLIO,1,producer_old_input,bounded_native_c_call_events,2843
complementary_k5_n7,fresh,O-ADD-PORTFOLIO,1,producer_old_input,observed_python_opcode_events,157404
complementary_k5_n7,fresh,O-ADD-PORTFOLIO,1,producer_old_input,old_request_bytes,2871
complementary_k5_n7,fresh,O-ADD-PORTFOLIO,1,producer_storage,bounded_native_c_call_events,2851
complementary_k5_n7,fresh,O-ADD-PORTFOLIO,1,producer_storage,live_serialized_byte_periods,122659
complementary_k5_n7,fresh,O-ADD-PORTFOLIO,1,producer_storage,observed_python_opcode_events,343224
complementary_k5_n7,fresh,O-ADD-PORTFOLIO,1,receiver_check,bounded_native_c_call_events,6717
complementary_k5_n7,fresh,O-ADD-PORTFOLIO,1,receiver_check,observed_python_opcode_events,159964
complementary_k5_n7,fresh,O-ADD-PORTFOLIO,1,receiver_import,bounded_native_c_call_events,135
complementary_k5_n7,fresh,O-ADD-PORTFOLIO,1,receiver_import,observed_python_opcode_events,72782
complementary_k5_n7,fresh,O-ADD-PORTFOLIO,1,receiver_init,bounded_native_c_call_events,130
complementary_k5_n7,fresh,O-ADD-PORTFOLIO,1,receiver_init,observed_python_opcode_events,27999
complementary_k5_n7,fresh,O-ADD-PORTFOLIO,1,receiver_input,bounded_native_c_call_events,1201
complementary_k5_n7,fresh,O-ADD-PORTFOLIO,1,receiver_input,current_request_bytes,1810
complementary_k5_n7,fresh,O-ADD-PORTFOLIO,1,receiver_input,observed_python_opcode_events,83071
complementary_k5_n7,fresh,O-ADD-PORTFOLIO,1,receiver_input,proof_input_bytes,4813
complementary_k5_n7,fresh,O-ADD-PORTFOLIO,1,receiver_old_check,bounded_native_c_call_events,9242
complementary_k5_n7,fresh,O-ADD-PORTFOLIO,1,receiver_old_check,observed_python_opcode_events,524912
complementary_k5_n7,fresh,O-ADD-PORTFOLIO,1,receiver_old_input,bounded_native_c_call_events,2843
complementary_k5_n7,fresh,O-ADD-PORTFOLIO,1,receiver_old_input,observed_python_opcode_events,157404
complementary_k5_n7,fresh,O-ADD-PORTFOLIO,1,receiver_old_input,old_proof_input_bytes,10765
complementary_k5_n7,fresh,O-ADD-PORTFOLIO,1,receiver_old_input,old_request_bytes,2871
complementary_k5_n7,fresh,O-ADD-PORTFOLIO,1,receiver_storage,bounded_native_c_call_events,1491
complementary_k5_n7,fresh,O-ADD-PORTFOLIO,1,receiver_storage,live_serialized_byte_periods,57609
complementary_k5_n7,fresh,O-ADD-PORTFOLIO,1,receiver_storage,observed_python_opcode_events,132698
complementary_k5_n7,fresh,O-ADD-PORTFOLIO,1,request_encoding,bounded_native_c_call_events,1302
complementary_k5_n7,fresh,O-ADD-PORTFOLIO,1,request_encoding,observed_python_opcode_events,33081
complementary_k5_n7,fresh,O-ADD-PORTFOLIO,1,terminal,bounded_native_c_call_events,823
complementary_k5_n7,fresh,O-ADD-PORTFOLIO,1,terminal,candidate_publication_events,1
complementary_k5_n7,fresh,O-ADD-PORTFOLIO,1,terminal,current_receipt_output_bytes,3305
complementary_k5_n7,fresh,O-ADD-PORTFOLIO,1,terminal,delivery_events,1
complementary_k5_n7,fresh,O-ADD-PORTFOLIO,1,terminal,observed_python_opcode_events,20476
complementary_k5_n7,fresh,O-ADD-PORTFOLIO,2,coordination,bounded_native_c_call_events,12
complementary_k5_n7,fresh,O-ADD-PORTFOLIO,2,coordination,observed_python_opcode_events,1052
complementary_k5_n7,fresh,O-ADD-PORTFOLIO,2,producer_build,bounded_native_c_call_events,16585
complementary_k5_n7,fresh,O-ADD-PORTFOLIO,2,producer_build,observed_python_opcode_events,377395
complementary_k5_n7,fresh,O-ADD-PORTFOLIO,2,producer_export,bounded_native_c_call_events,11
complementary_k5_n7,fresh,O-ADD-PORTFOLIO,2,producer_export,observed_python_opcode_events,3747
complementary_k5_n7,fresh,O-ADD-PORTFOLIO,2,producer_export,proof_output_bytes,4835
complementary_k5_n7,fresh,O-ADD-PORTFOLIO,2,producer_input,bounded_native_c_call_events,1230
complementary_k5_n7,fresh,O-ADD-PORTFOLIO,2,producer_input,current_request_bytes,1832
complementary_k5_n7,fresh,O-ADD-PORTFOLIO,2,producer_input,observed_python_opcode_events,84486
complementary_k5_n7,fresh,O-ADD-PORTFOLIO,2,producer_storage,bounded_native_c_call_events,1137
complementary_k5_n7,fresh,O-ADD-PORTFOLIO,2,producer_storage,live_serialized_byte_periods,31175
complementary_k5_n7,fresh,O-ADD-PORTFOLIO,2,producer_storage,observed_python_opcode_events,31009
complementary_k5_n7,fresh,O-ADD-PORTFOLIO,2,receiver_check,bounded_native_c_call_events,7082
complementary_k5_n7,fresh,O-ADD-PORTFOLIO,2,receiver_check,observed_python_opcode_events,166283
complementary_k5_n7,fresh,O-ADD-PORTFOLIO,2,receiver_import,bounded_native_c_call_events,135
complementary_k5_n7,fresh,O-ADD-PORTFOLIO,2,receiver_import,observed_python_opcode_events,73080
complementary_k5_n7,fresh,O-ADD-PORTFOLIO,2,receiver_init,bounded_native_c_call_events,130
complementary_k5_n7,fresh,O-ADD-PORTFOLIO,2,receiver_init,observed_python_opcode_events,27999
complementary_k5_n7,fresh,O-ADD-PORTFOLIO,2,receiver_input,bounded_native_c_call_events,1230
complementary_k5_n7,fresh,O-ADD-PORTFOLIO,2,receiver_input,current_request_bytes,1832
complementary_k5_n7,fresh,O-ADD-PORTFOLIO,2,receiver_input,observed_python_opcode_events,84486
complementary_k5_n7,fresh,O-ADD-PORTFOLIO,2,receiver_input,proof_input_bytes,4835
complementary_k5_n7,fresh,O-ADD-PORTFOLIO,2,receiver_old_check,bounded_native_c_call_events,9242
complementary_k5_n7,fresh,O-ADD-PORTFOLIO,2,receiver_old_check,observed_python_opcode_events,524912
complementary_k5_n7,fresh,O-ADD-PORTFOLIO,2,receiver_old_input,bounded_native_c_call_events,2843
complementary_k5_n7,fresh,O-ADD-PORTFOLIO,2,receiver_old_input,observed_python_opcode_events,157404
complementary_k5_n7,fresh,O-ADD-PORTFOLIO,2,receiver_old_input,old_proof_input_bytes,10765
complementary_k5_n7,fresh,O-ADD-PORTFOLIO,2,receiver_old_input,old_request_bytes,2871
complementary_k5_n7,fresh,O-ADD-PORTFOLIO,2,receiver_storage,bounded_native_c_call_events,1491
complementary_k5_n7,fresh,O-ADD-PORTFOLIO,2,receiver_storage,live_serialized_byte_periods,57699
complementary_k5_n7,fresh,O-ADD-PORTFOLIO,2,receiver_storage,observed_python_opcode_events,132698
complementary_k5_n7,fresh,O-ADD-PORTFOLIO,2,request_encoding,bounded_native_c_call_events,1338
complementary_k5_n7,fresh,O-ADD-PORTFOLIO,2,request_encoding,observed_python_opcode_events,33891
complementary_k5_n7,fresh,O-ADD-PORTFOLIO,2,terminal,bounded_native_c_call_events,855
complementary_k5_n7,fresh,O-ADD-PORTFOLIO,2,terminal,candidate_publication_events,1
complementary_k5_n7,fresh,O-ADD-PORTFOLIO,2,terminal,current_receipt_output_bytes,3327
complementary_k5_n7,fresh,O-ADD-PORTFOLIO,2,terminal,delivery_events,1
complementary_k5_n7,fresh,O-ADD-PORTFOLIO,2,terminal,observed_python_opcode_events,21220
complementary_k5_n7,fresh,O-ADD-PORTFOLIO,3,coordination,bounded_native_c_call_events,12
complementary_k5_n7,fresh,O-ADD-PORTFOLIO,3,coordination,observed_python_opcode_events,1052
complementary_k5_n7,fresh,O-ADD-PORTFOLIO,3,producer_build,bounded_native_c_call_events,16587
complementary_k5_n7,fresh,O-ADD-PORTFOLIO,3,producer_build,observed_python_opcode_events,377163
complementary_k5_n7,fresh,O-ADD-PORTFOLIO,3,producer_export,bounded_native_c_call_events,11
complementary_k5_n7,fresh,O-ADD-PORTFOLIO,3,producer_export,observed_python_opcode_events,3747
complementary_k5_n7,fresh,O-ADD-PORTFOLIO,3,producer_export,proof_output_bytes,4841
complementary_k5_n7,fresh,O-ADD-PORTFOLIO,3,producer_input,bounded_native_c_call_events,1228
complementary_k5_n7,fresh,O-ADD-PORTFOLIO,3,producer_input,current_request_bytes,1838
complementary_k5_n7,fresh,O-ADD-PORTFOLIO,3,producer_input,observed_python_opcode_events,84659
complementary_k5_n7,fresh,O-ADD-PORTFOLIO,3,producer_storage,bounded_native_c_call_events,1137
complementary_k5_n7,fresh,O-ADD-PORTFOLIO,3,producer_storage,live_serialized_byte_periods,31187
complementary_k5_n7,fresh,O-ADD-PORTFOLIO,3,producer_storage,observed_python_opcode_events,31009
complementary_k5_n7,fresh,O-ADD-PORTFOLIO,3,receiver_check,bounded_native_c_call_events,7031
complementary_k5_n7,fresh,O-ADD-PORTFOLIO,3,receiver_check,observed_python_opcode_events,165143
complementary_k5_n7,fresh,O-ADD-PORTFOLIO,3,receiver_import,bounded_native_c_call_events,135
complementary_k5_n7,fresh,O-ADD-PORTFOLIO,3,receiver_import,observed_python_opcode_events,73170
complementary_k5_n7,fresh,O-ADD-PORTFOLIO,3,receiver_init,bounded_native_c_call_events,130
complementary_k5_n7,fresh,O-ADD-PORTFOLIO,3,receiver_init,observed_python_opcode_events,27999
complementary_k5_n7,fresh,O-ADD-PORTFOLIO,3,receiver_input,bounded_native_c_call_events,1228
complementary_k5_n7,fresh,O-ADD-PORTFOLIO,3,receiver_input,current_request_bytes,1838
complementary_k5_n7,fresh,O-ADD-PORTFOLIO,3,receiver_input,observed_python_opcode_events,84659
complementary_k5_n7,fresh,O-ADD-PORTFOLIO,3,receiver_input,proof_input_bytes,4841
complementary_k5_n7,fresh,O-ADD-PORTFOLIO,3,receiver_old_check,bounded_native_c_call_events,9242
complementary_k5_n7,fresh,O-ADD-PORTFOLIO,3,receiver_old_check,observed_python_opcode_events,524912
complementary_k5_n7,fresh,O-ADD-PORTFOLIO,3,receiver_old_input,bounded_native_c_call_events,2843
complementary_k5_n7,fresh,O-ADD-PORTFOLIO,3,receiver_old_input,observed_python_opcode_events,157404
complementary_k5_n7,fresh,O-ADD-PORTFOLIO,3,receiver_old_input,old_proof_input_bytes,10765
complementary_k5_n7,fresh,O-ADD-PORTFOLIO,3,receiver_old_input,old_request_bytes,2871
complementary_k5_n7,fresh,O-ADD-PORTFOLIO,3,receiver_storage,bounded_native_c_call_events,1491
complementary_k5_n7,fresh,O-ADD-PORTFOLIO,3,receiver_storage,live_serialized_byte_periods,57717
complementary_k5_n7,fresh,O-ADD-PORTFOLIO,3,receiver_storage,observed_python_opcode_events,132698
complementary_k5_n7,fresh,O-ADD-PORTFOLIO,3,request_encoding,bounded_native_c_call_events,1338
complementary_k5_n7,fresh,O-ADD-PORTFOLIO,3,request_encoding,observed_python_opcode_events,33899
complementary_k5_n7,fresh,O-ADD-PORTFOLIO,3,terminal,bounded_native_c_call_events,813
complementary_k5_n7,fresh,O-ADD-PORTFOLIO,3,terminal,candidate_publication_events,1
complementary_k5_n7,fresh,O-ADD-PORTFOLIO,3,terminal,current_receipt_output_bytes,3333
complementary_k5_n7,fresh,O-ADD-PORTFOLIO,3,terminal,delivery_events,1
complementary_k5_n7,fresh,O-ADD-PORTFOLIO,3,terminal,observed_python_opcode_events,20344
complementary_k5_n7,fresh,O-ADD-PORTFOLIO,4,coordination,bounded_native_c_call_events,12
complementary_k5_n7,fresh,O-ADD-PORTFOLIO,4,coordination,observed_python_opcode_events,1052
complementary_k5_n7,fresh,O-ADD-PORTFOLIO,4,producer_build,bounded_native_c_call_events,18042
complementary_k5_n7,fresh,O-ADD-PORTFOLIO,4,producer_build,observed_python_opcode_events,406206
complementary_k5_n7,fresh,O-ADD-PORTFOLIO,4,producer_export,bounded_native_c_call_events,11
complementary_k5_n7,fresh,O-ADD-PORTFOLIO,4,producer_export,observed_python_opcode_events,3747
complementary_k5_n7,fresh,O-ADD-PORTFOLIO,4,producer_export,proof_output_bytes,4934
complementary_k5_n7,fresh,O-ADD-PORTFOLIO,4,producer_input,bounded_native_c_call_events,1329
complementary_k5_n7,fresh,O-ADD-PORTFOLIO,4,producer_input,current_request_bytes,1931
complementary_k5_n7,fresh,O-ADD-PORTFOLIO,4,producer_input,observed_python_opcode_events,89318
complementary_k5_n7,fresh,O-ADD-PORTFOLIO,4,producer_storage,bounded_native_c_call_events,1137
complementary_k5_n7,fresh,O-ADD-PORTFOLIO,4,producer_storage,live_serialized_byte_periods,31445
complementary_k5_n7,fresh,O-ADD-PORTFOLIO,4,producer_storage,observed_python_opcode_events,31009
complementary_k5_n7,fresh,O-ADD-PORTFOLIO,4,receiver_check,bounded_native_c_call_events,7553
complementary_k5_n7,fresh,O-ADD-PORTFOLIO,4,receiver_check,observed_python_opcode_events,175376
complementary_k5_n7,fresh,O-ADD-PORTFOLIO,4,receiver_import,bounded_native_c_call_events,135
complementary_k5_n7,fresh,O-ADD-PORTFOLIO,4,receiver_import,observed_python_opcode_events,74421
complementary_k5_n7,fresh,O-ADD-PORTFOLIO,4,receiver_init,bounded_native_c_call_events,130
complementary_k5_n7,fresh,O-ADD-PORTFOLIO,4,receiver_init,observed_python_opcode_events,27999
complementary_k5_n7,fresh,O-ADD-PORTFOLIO,4,receiver_input,bounded_native_c_call_events,1329
complementary_k5_n7,fresh,O-ADD-PORTFOLIO,4,receiver_input,current_request_bytes,1931
complementary_k5_n7,fresh,O-ADD-PORTFOLIO,4,receiver_input,observed_python_opcode_events,89318
complementary_k5_n7,fresh,O-ADD-PORTFOLIO,4,receiver_input,proof_input_bytes,4934
complementary_k5_n7,fresh,O-ADD-PORTFOLIO,4,receiver_old_check,bounded_native_c_call_events,9242
complementary_k5_n7,fresh,O-ADD-PORTFOLIO,4,receiver_old_check,observed_python_opcode_events,524912
complementary_k5_n7,fresh,O-ADD-PORTFOLIO,4,receiver_old_input,bounded_native_c_call_events,2843
complementary_k5_n7,fresh,O-ADD-PORTFOLIO,4,receiver_old_input,observed_python_opcode_events,157404
complementary_k5_n7,fresh,O-ADD-PORTFOLIO,4,receiver_old_input,old_proof_input_bytes,10765
complementary_k5_n7,fresh,O-ADD-PORTFOLIO,4,receiver_old_input,old_request_bytes,2871
complementary_k5_n7,fresh,O-ADD-PORTFOLIO,4,receiver_storage,bounded_native_c_call_events,1491
complementary_k5_n7,fresh,O-ADD-PORTFOLIO,4,receiver_storage,live_serialized_byte_periods,58104
complementary_k5_n7,fresh,O-ADD-PORTFOLIO,4,receiver_storage,observed_python_opcode_events,132698
complementary_k5_n7,fresh,O-ADD-PORTFOLIO,4,request_encoding,bounded_native_c_call_events,1414
complementary_k5_n7,fresh,O-ADD-PORTFOLIO,4,request_encoding,observed_python_opcode_events,35821
complementary_k5_n7,fresh,O-ADD-PORTFOLIO,4,terminal,bounded_native_c_call_events,927
complementary_k5_n7,fresh,O-ADD-PORTFOLIO,4,terminal,candidate_publication_events,1
complementary_k5_n7,fresh,O-ADD-PORTFOLIO,4,terminal,current_receipt_output_bytes,3426
complementary_k5_n7,fresh,O-ADD-PORTFOLIO,4,terminal,delivery_events,1
complementary_k5_n7,fresh,O-ADD-PORTFOLIO,4,terminal,observed_python_opcode_events,22977
complementary_k5_n7,fresh,O-ADD-PORTFOLIO,5,coordination,bounded_native_c_call_events,12
complementary_k5_n7,fresh,O-ADD-PORTFOLIO,5,coordination,observed_python_opcode_events,1052
complementary_k5_n7,fresh,O-ADD-PORTFOLIO,5,producer_build,bounded_native_c_call_events,17879
complementary_k5_n7,fresh,O-ADD-PORTFOLIO,5,producer_build,observed_python_opcode_events,404931
complementary_k5_n7,fresh,O-ADD-PORTFOLIO,5,producer_export,bounded_native_c_call_events,11
complementary_k5_n7,fresh,O-ADD-PORTFOLIO,5,producer_export,observed_python_opcode_events,3747
complementary_k5_n7,fresh,O-ADD-PORTFOLIO,5,producer_export,proof_output_bytes,4938
complementary_k5_n7,fresh,O-ADD-PORTFOLIO,5,producer_input,bounded_native_c_call_events,1325
complementary_k5_n7,fresh,O-ADD-PORTFOLIO,5,producer_input,current_request_bytes,1935
complementary_k5_n7,fresh,O-ADD-PORTFOLIO,5,producer_input,observed_python_opcode_events,89436
complementary_k5_n7,fresh,O-ADD-PORTFOLIO,5,producer_storage,bounded_native_c_call_events,1137
complementary_k5_n7,fresh,O-ADD-PORTFOLIO,5,producer_storage,live_serialized_byte_periods,31453
complementary_k5_n7,fresh,O-ADD-PORTFOLIO,5,producer_storage,observed_python_opcode_events,31009
complementary_k5_n7,fresh,O-ADD-PORTFOLIO,5,receiver_check,bounded_native_c_call_events,7453
complementary_k5_n7,fresh,O-ADD-PORTFOLIO,5,receiver_check,observed_python_opcode_events,173522
complementary_k5_n7,fresh,O-ADD-PORTFOLIO,5,receiver_import,bounded_native_c_call_events,135
complementary_k5_n7,fresh,O-ADD-PORTFOLIO,5,receiver_import,observed_python_opcode_events,74481
complementary_k5_n7,fresh,O-ADD-PORTFOLIO,5,receiver_init,bounded_native_c_call_events,130
complementary_k5_n7,fresh,O-ADD-PORTFOLIO,5,receiver_init,observed_python_opcode_events,27999
complementary_k5_n7,fresh,O-ADD-PORTFOLIO,5,receiver_input,bounded_native_c_call_events,1325
complementary_k5_n7,fresh,O-ADD-PORTFOLIO,5,receiver_input,current_request_bytes,1935
complementary_k5_n7,fresh,O-ADD-PORTFOLIO,5,receiver_input,observed_python_opcode_events,89436
complementary_k5_n7,fresh,O-ADD-PORTFOLIO,5,receiver_input,proof_input_bytes,4938
complementary_k5_n7,fresh,O-ADD-PORTFOLIO,5,receiver_old_check,bounded_native_c_call_events,9242
complementary_k5_n7,fresh,O-ADD-PORTFOLIO,5,receiver_old_check,observed_python_opcode_events,524912
complementary_k5_n7,fresh,O-ADD-PORTFOLIO,5,receiver_old_input,bounded_native_c_call_events,2843
complementary_k5_n7,fresh,O-ADD-PORTFOLIO,5,receiver_old_input,observed_python_opcode_events,157404
complementary_k5_n7,fresh,O-ADD-PORTFOLIO,5,receiver_old_input,old_proof_input_bytes,10765
complementary_k5_n7,fresh,O-ADD-PORTFOLIO,5,receiver_old_input,old_request_bytes,2871
complementary_k5_n7,fresh,O-ADD-PORTFOLIO,5,receiver_storage,bounded_native_c_call_events,1491
complementary_k5_n7,fresh,O-ADD-PORTFOLIO,5,receiver_storage,live_serialized_byte_periods,58116
complementary_k5_n7,fresh,O-ADD-PORTFOLIO,5,receiver_storage,observed_python_opcode_events,132698
complementary_k5_n7,fresh,O-ADD-PORTFOLIO,5,request_encoding,bounded_native_c_call_events,1414
complementary_k5_n7,fresh,O-ADD-PORTFOLIO,5,request_encoding,observed_python_opcode_events,35843
complementary_k5_n7,fresh,O-ADD-PORTFOLIO,5,terminal,bounded_native_c_call_events,875
complementary_k5_n7,fresh,O-ADD-PORTFOLIO,5,terminal,candidate_publication_events,1
complementary_k5_n7,fresh,O-ADD-PORTFOLIO,5,terminal,current_receipt_output_bytes,3430
complementary_k5_n7,fresh,O-ADD-PORTFOLIO,5,terminal,delivery_events,1
complementary_k5_n7,fresh,O-ADD-PORTFOLIO,5,terminal,observed_python_opcode_events,21765
complementary_k5_n7,fresh,O-ADD-PORTFOLIO,6,coordination,bounded_native_c_call_events,12
complementary_k5_n7,fresh,O-ADD-PORTFOLIO,6,coordination,observed_python_opcode_events,1052
complementary_k5_n7,fresh,O-ADD-PORTFOLIO,6,producer_build,bounded_native_c_call_events,18737
complementary_k5_n7,fresh,O-ADD-PORTFOLIO,6,producer_build,observed_python_opcode_events,415346
complementary_k5_n7,fresh,O-ADD-PORTFOLIO,6,producer_export,bounded_native_c_call_events,11
complementary_k5_n7,fresh,O-ADD-PORTFOLIO,6,producer_export,observed_python_opcode_events,3751
complementary_k5_n7,fresh,O-ADD-PORTFOLIO,6,producer_export,proof_output_bytes,4965
complementary_k5_n7,fresh,O-ADD-PORTFOLIO,6,producer_input,bounded_native_c_call_events,1386
complementary_k5_n7,fresh,O-ADD-PORTFOLIO,6,producer_input,current_request_bytes,1962
complementary_k5_n7,fresh,O-ADD-PORTFOLIO,6,producer_input,observed_python_opcode_events,91221
complementary_k5_n7,fresh,O-ADD-PORTFOLIO,6,producer_storage,bounded_native_c_call_events,1137
complementary_k5_n7,fresh,O-ADD-PORTFOLIO,6,producer_storage,live_serialized_byte_periods,31531
complementary_k5_n7,fresh,O-ADD-PORTFOLIO,6,producer_storage,observed_python_opcode_events,31009
complementary_k5_n7,fresh,O-ADD-PORTFOLIO,6,receiver_check,bounded_native_c_call_events,7773
complementary_k5_n7,fresh,O-ADD-PORTFOLIO,6,receiver_check,observed_python_opcode_events,178030
complementary_k5_n7,fresh,O-ADD-PORTFOLIO,6,receiver_import,bounded_native_c_call_events,133
complementary_k5_n7,fresh,O-ADD-PORTFOLIO,6,receiver_import,observed_python_opcode_events,74827
complementary_k5_n7,fresh,O-ADD-PORTFOLIO,6,receiver_init,bounded_native_c_call_events,130
complementary_k5_n7,fresh,O-ADD-PORTFOLIO,6,receiver_init,observed_python_opcode_events,27999
complementary_k5_n7,fresh,O-ADD-PORTFOLIO,6,receiver_input,bounded_native_c_call_events,1386
complementary_k5_n7,fresh,O-ADD-PORTFOLIO,6,receiver_input,current_request_bytes,1962
complementary_k5_n7,fresh,O-ADD-PORTFOLIO,6,receiver_input,observed_python_opcode_events,91221
complementary_k5_n7,fresh,O-ADD-PORTFOLIO,6,receiver_input,proof_input_bytes,4965
complementary_k5_n7,fresh,O-ADD-PORTFOLIO,6,receiver_old_check,bounded_native_c_call_events,9242
complementary_k5_n7,fresh,O-ADD-PORTFOLIO,6,receiver_old_check,observed_python_opcode_events,524912
complementary_k5_n7,fresh,O-ADD-PORTFOLIO,6,receiver_old_input,bounded_native_c_call_events,2843
complementary_k5_n7,fresh,O-ADD-PORTFOLIO,6,receiver_old_input,observed_python_opcode_events,157404
complementary_k5_n7,fresh,O-ADD-PORTFOLIO,6,receiver_old_input,old_proof_input_bytes,10765
complementary_k5_n7,fresh,O-ADD-PORTFOLIO,6,receiver_old_input,old_request_bytes,2871
complementary_k5_n7,fresh,O-ADD-PORTFOLIO,6,receiver_storage,bounded_native_c_call_events,1491
complementary_k5_n7,fresh,O-ADD-PORTFOLIO,6,receiver_storage,live_serialized_byte_periods,58233
complementary_k5_n7,fresh,O-ADD-PORTFOLIO,6,receiver_storage,observed_python_opcode_events,132698
complementary_k5_n7,fresh,O-ADD-PORTFOLIO,6,request_encoding,bounded_native_c_call_events,1455
complementary_k5_n7,fresh,O-ADD-PORTFOLIO,6,request_encoding,observed_python_opcode_events,36749
complementary_k5_n7,fresh,O-ADD-PORTFOLIO,6,terminal,bounded_native_c_call_events,902
complementary_k5_n7,fresh,O-ADD-PORTFOLIO,6,terminal,candidate_publication_events,1
complementary_k5_n7,fresh,O-ADD-PORTFOLIO,6,terminal,current_receipt_output_bytes,3457
complementary_k5_n7,fresh,O-ADD-PORTFOLIO,6,terminal,delivery_events,1
complementary_k5_n7,fresh,O-ADD-PORTFOLIO,6,terminal,observed_python_opcode_events,22438
complementary_k5_n7,fresh,O-ADD-WARM,1,common_source,bounded_native_c_call_events,371
complementary_k5_n7,fresh,O-ADD-WARM,1,common_source,observed_python_opcode_events,32551
complementary_k5_n7,fresh,O-ADD-WARM,1,common_source,source_hash_bytes_prepaid,197956
complementary_k5_n7,fresh,O-ADD-WARM,1,common_source,source_length_probe_bytes_prepaid,8
complementary_k5_n7,fresh,O-ADD-WARM,1,common_source,source_program_bytes_prepaid,197956
complementary_k5_n7,fresh,O-ADD-WARM,1,common_source,source_record_bytes,1199
complementary_k5_n7,fresh,O-ADD-WARM,1,coordination,bounded_native_c_call_events,10
complementary_k5_n7,fresh,O-ADD-WARM,1,coordination,observed_python_opcode_events,628
complementary_k5_n7,fresh,O-ADD-WARM,1,producer_build,bounded_native_c_call_events,8963
complementary_k5_n7,fresh,O-ADD-WARM,1,producer_build,observed_python_opcode_events,299701
complementary_k5_n7,fresh,O-ADD-WARM,1,producer_export,bounded_native_c_call_events,8
complementary_k5_n7,fresh,O-ADD-WARM,1,producer_export,observed_python_opcode_events,260
complementary_k5_n7,fresh,O-ADD-WARM,1,producer_export,proof_output_bytes,9415
complementary_k5_n7,fresh,O-ADD-WARM,1,producer_init,bounded_native_c_call_events,19
complementary_k5_n7,fresh,O-ADD-WARM,1,producer_init,observed_python_opcode_events,891
complementary_k5_n7,fresh,O-ADD-WARM,1,producer_input,bounded_native_c_call_events,1201
complementary_k5_n7,fresh,O-ADD-WARM,1,producer_input,current_request_bytes,1810
complementary_k5_n7,fresh,O-ADD-WARM,1,producer_input,observed_python_opcode_events,83071
complementary_k5_n7,fresh,O-ADD-WARM,1,producer_storage,bounded_native_c_call_events,986
complementary_k5_n7,fresh,O-ADD-WARM,1,producer_storage,live_serialized_byte_periods,32746
complementary_k5_n7,fresh,O-ADD-WARM,1,producer_storage,observed_python_opcode_events,130782
complementary_k5_n7,fresh,O-ADD-WARM,1,receiver_check,bounded_native_c_call_events,9088
complementary_k5_n7,fresh,O-ADD-WARM,1,receiver_check,observed_python_opcode_events,532300
complementary_k5_n7,fresh,O-ADD-WARM,1,receiver_init,bounded_native_c_call_events,130
complementary_k5_n7,fresh,O-ADD-WARM,1,receiver_init,observed_python_opcode_events,27995
complementary_k5_n7,fresh,O-ADD-WARM,1,receiver_input,bounded_native_c_call_events,1201
complementary_k5_n7,fresh,O-ADD-WARM,1,receiver_input,current_request_bytes,1810
complementary_k5_n7,fresh,O-ADD-WARM,1,receiver_input,observed_python_opcode_events,83071
complementary_k5_n7,fresh,O-ADD-WARM,1,receiver_input,proof_input_bytes,9415
complementary_k5_n7,fresh,O-ADD-WARM,1,receiver_storage,bounded_native_c_call_events,22
complementary_k5_n7,fresh,O-ADD-WARM,1,receiver_storage,live_serialized_byte_periods,31374
complementary_k5_n7,fresh,O-ADD-WARM,1,receiver_storage,observed_python_opcode_events,53680
complementary_k5_n7,fresh,O-ADD-WARM,1,request_encoding,bounded_native_c_call_events,1302
complementary_k5_n7,fresh,O-ADD-WARM,1,request_encoding,observed_python_opcode_events,33081
complementary_k5_n7,fresh,O-ADD-WARM,1,terminal,bounded_native_c_call_events,823
complementary_k5_n7,fresh,O-ADD-WARM,1,terminal,candidate_publication_events,1
complementary_k5_n7,fresh,O-ADD-WARM,1,terminal,current_receipt_output_bytes,3305
complementary_k5_n7,fresh,O-ADD-WARM,1,terminal,delivery_events,1
complementary_k5_n7,fresh,O-ADD-WARM,1,terminal,observed_python_opcode_events,20476
complementary_k5_n7,fresh,O-ADD-WARM,2,coordination,bounded_native_c_call_events,10
complementary_k5_n7,fresh,O-ADD-WARM,2,coordination,observed_python_opcode_events,592
complementary_k5_n7,fresh,O-ADD-WARM,2,producer_build,bounded_native_c_call_events,5040
complementary_k5_n7,fresh,O-ADD-WARM,2,producer_build,observed_python_opcode_events,190543
complementary_k5_n7,fresh,O-ADD-WARM,2,producer_export,bounded_native_c_call_events,8
complementary_k5_n7,fresh,O-ADD-WARM,2,producer_export,observed_python_opcode_events,260
complementary_k5_n7,fresh,O-ADD-WARM,2,producer_export,proof_output_bytes,9970
complementary_k5_n7,fresh,O-ADD-WARM,2,producer_input,bounded_native_c_call_events,1230
complementary_k5_n7,fresh,O-ADD-WARM,2,producer_input,current_request_bytes,1832
complementary_k5_n7,fresh,O-ADD-WARM,2,producer_input,observed_python_opcode_events,84486
complementary_k5_n7,fresh,O-ADD-WARM,2,producer_storage,bounded_native_c_call_events,1012
complementary_k5_n7,fresh,O-ADD-WARM,2,producer_storage,live_serialized_byte_periods,34575
complementary_k5_n7,fresh,O-ADD-WARM,2,producer_storage,observed_python_opcode_events,144557
complementary_k5_n7,fresh,O-ADD-WARM,2,receiver_check,bounded_native_c_call_events,10158
complementary_k5_n7,fresh,O-ADD-WARM,2,receiver_check,observed_python_opcode_events,578842
complementary_k5_n7,fresh,O-ADD-WARM,2,receiver_init,bounded_native_c_call_events,130
complementary_k5_n7,fresh,O-ADD-WARM,2,receiver_init,observed_python_opcode_events,27995
complementary_k5_n7,fresh,O-ADD-WARM,2,receiver_input,bounded_native_c_call_events,1230
complementary_k5_n7,fresh,O-ADD-WARM,2,receiver_input,current_request_bytes,1832
complementary_k5_n7,fresh,O-ADD-WARM,2,receiver_input,observed_python_opcode_events,84486
complementary_k5_n7,fresh,O-ADD-WARM,2,receiver_input,proof_input_bytes,9970
complementary_k5_n7,fresh,O-ADD-WARM,2,receiver_storage,bounded_native_c_call_events,22
complementary_k5_n7,fresh,O-ADD-WARM,2,receiver_storage,live_serialized_byte_periods,32847
complementary_k5_n7,fresh,O-ADD-WARM,2,receiver_storage,observed_python_opcode_events,62345
complementary_k5_n7,fresh,O-ADD-WARM,2,request_encoding,bounded_native_c_call_events,1338
complementary_k5_n7,fresh,O-ADD-WARM,2,request_encoding,observed_python_opcode_events,33891
complementary_k5_n7,fresh,O-ADD-WARM,2,terminal,bounded_native_c_call_events,855
complementary_k5_n7,fresh,O-ADD-WARM,2,terminal,candidate_publication_events,1
complementary_k5_n7,fresh,O-ADD-WARM,2,terminal,current_receipt_output_bytes,3327
complementary_k5_n7,fresh,O-ADD-WARM,2,terminal,delivery_events,1
complementary_k5_n7,fresh,O-ADD-WARM,2,terminal,observed_python_opcode_events,21220
complementary_k5_n7,fresh,O-ADD-WARM,3,coordination,bounded_native_c_call_events,10
complementary_k5_n7,fresh,O-ADD-WARM,3,coordination,observed_python_opcode_events,592
complementary_k5_n7,fresh,O-ADD-WARM,3,producer_build,bounded_native_c_call_events,5659
complementary_k5_n7,fresh,O-ADD-WARM,3,producer_build,observed_python_opcode_events,217352
complementary_k5_n7,fresh,O-ADD-WARM,3,producer_export,bounded_native_c_call_events,8
complementary_k5_n7,fresh,O-ADD-WARM,3,producer_export,observed_python_opcode_events,260
complementary_k5_n7,fresh,O-ADD-WARM,3,producer_export,proof_output_bytes,11010
complementary_k5_n7,fresh,O-ADD-WARM,3,producer_input,bounded_native_c_call_events,1228
complementary_k5_n7,fresh,O-ADD-WARM,3,producer_input,current_request_bytes,1838
complementary_k5_n7,fresh,O-ADD-WARM,3,producer_input,observed_python_opcode_events,84659
complementary_k5_n7,fresh,O-ADD-WARM,3,producer_storage,bounded_native_c_call_events,1038
complementary_k5_n7,fresh,O-ADD-WARM,3,producer_storage,live_serialized_byte_periods,38065
complementary_k5_n7,fresh,O-ADD-WARM,3,producer_storage,observed_python_opcode_events,171707
complementary_k5_n7,fresh,O-ADD-WARM,3,receiver_check,bounded_native_c_call_events,12079
complementary_k5_n7,fresh,O-ADD-WARM,3,receiver_check,observed_python_opcode_events,666461
complementary_k5_n7,fresh,O-ADD-WARM,3,receiver_init,bounded_native_c_call_events,130
complementary_k5_n7,fresh,O-ADD-WARM,3,receiver_init,observed_python_opcode_events,27995
complementary_k5_n7,fresh,O-ADD-WARM,3,receiver_input,bounded_native_c_call_events,1228
complementary_k5_n7,fresh,O-ADD-WARM,3,receiver_input,current_request_bytes,1838
complementary_k5_n7,fresh,O-ADD-WARM,3,receiver_input,observed_python_opcode_events,84659
complementary_k5_n7,fresh,O-ADD-WARM,3,receiver_input,proof_input_bytes,11010
complementary_k5_n7,fresh,O-ADD-WARM,3,receiver_storage,bounded_native_c_call_events,22
complementary_k5_n7,fresh,O-ADD-WARM,3,receiver_storage,live_serialized_byte_periods,35622
complementary_k5_n7,fresh,O-ADD-WARM,3,receiver_storage,observed_python_opcode_events,80896
complementary_k5_n7,fresh,O-ADD-WARM,3,request_encoding,bounded_native_c_call_events,1338
complementary_k5_n7,fresh,O-ADD-WARM,3,request_encoding,observed_python_opcode_events,33899
complementary_k5_n7,fresh,O-ADD-WARM,3,terminal,bounded_native_c_call_events,813
complementary_k5_n7,fresh,O-ADD-WARM,3,terminal,candidate_publication_events,1
complementary_k5_n7,fresh,O-ADD-WARM,3,terminal,current_receipt_output_bytes,3333
complementary_k5_n7,fresh,O-ADD-WARM,3,terminal,delivery_events,1
complementary_k5_n7,fresh,O-ADD-WARM,3,terminal,observed_python_opcode_events,20344
complementary_k5_n7,fresh,O-ADD-WARM,4,coordination,bounded_native_c_call_events,10
complementary_k5_n7,fresh,O-ADD-WARM,4,coordination,observed_python_opcode_events,592
complementary_k5_n7,fresh,O-ADD-WARM,4,producer_build,bounded_native_c_call_events,6223
complementary_k5_n7,fresh,O-ADD-WARM,4,producer_build,observed_python_opcode_events,241112
complementary_k5_n7,fresh,O-ADD-WARM,4,producer_export,bounded_native_c_call_events,8
complementary_k5_n7,fresh,O-ADD-WARM,4,producer_export,observed_python_opcode_events,260
complementary_k5_n7,fresh,O-ADD-WARM,4,producer_export,proof_output_bytes,12310
complementary_k5_n7,fresh,O-ADD-WARM,4,producer_input,bounded_native_c_call_events,1329
complementary_k5_n7,fresh,O-ADD-WARM,4,producer_input,current_request_bytes,1931
complementary_k5_n7,fresh,O-ADD-WARM,4,producer_input,observed_python_opcode_events,89318
complementary_k5_n7,fresh,O-ADD-WARM,4,producer_storage,bounded_native_c_call_events,1070
complementary_k5_n7,fresh,O-ADD-WARM,4,producer_storage,live_serialized_byte_periods,42385
complementary_k5_n7,fresh,O-ADD-WARM,4,producer_storage,observed_python_opcode_events,202102
complementary_k5_n7,fresh,O-ADD-WARM,4,receiver_check,bounded_native_c_call_events,14454
complementary_k5_n7,fresh,O-ADD-WARM,4,receiver_check,observed_python_opcode_events,773181
complementary_k5_n7,fresh,O-ADD-WARM,4,receiver_init,bounded_native_c_call_events,130
complementary_k5_n7,fresh,O-ADD-WARM,4,receiver_init,observed_python_opcode_events,27995
complementary_k5_n7,fresh,O-ADD-WARM,4,receiver_input,bounded_native_c_call_events,1329
complementary_k5_n7,fresh,O-ADD-WARM,4,receiver_input,current_request_bytes,1931
complementary_k5_n7,fresh,O-ADD-WARM,4,receiver_input,observed_python_opcode_events,89318
complementary_k5_n7,fresh,O-ADD-WARM,4,receiver_input,proof_input_bytes,12310
complementary_k5_n7,fresh,O-ADD-WARM,4,receiver_storage,bounded_native_c_call_events,22
complementary_k5_n7,fresh,O-ADD-WARM,4,receiver_storage,live_serialized_byte_periods,39356
complementary_k5_n7,fresh,O-ADD-WARM,4,receiver_storage,observed_python_opcode_events,101494
complementary_k5_n7,fresh,O-ADD-WARM,4,request_encoding,bounded_native_c_call_events,1414
complementary_k5_n7,fresh,O-ADD-WARM,4,request_encoding,observed_python_opcode_events,35821
complementary_k5_n7,fresh,O-ADD-WARM,4,terminal,bounded_native_c_call_events,927
complementary_k5_n7,fresh,O-ADD-WARM,4,terminal,candidate_publication_events,1
complementary_k5_n7,fresh,O-ADD-WARM,4,terminal,current_receipt_output_bytes,3426
complementary_k5_n7,fresh,O-ADD-WARM,4,terminal,delivery_events,1
complementary_k5_n7,fresh,O-ADD-WARM,4,terminal,observed_python_opcode_events,22977
complementary_k5_n7,fresh,O-ADD-WARM,5,coordination,bounded_native_c_call_events,10
complementary_k5_n7,fresh,O-ADD-WARM,5,coordination,observed_python_opcode_events,592
complementary_k5_n7,fresh,O-ADD-WARM,5,producer_build,bounded_native_c_call_events,5869
complementary_k5_n7,fresh,O-ADD-WARM,5,producer_build,observed_python_opcode_events,233875
complementary_k5_n7,fresh,O-ADD-WARM,5,producer_export,bounded_native_c_call_events,8
complementary_k5_n7,fresh,O-ADD-WARM,5,producer_export,observed_python_opcode_events,260
complementary_k5_n7,fresh,O-ADD-WARM,5,producer_export,proof_output_bytes,13117
complementary_k5_n7,fresh,O-ADD-WARM,5,producer_input,bounded_native_c_call_events,1325
complementary_k5_n7,fresh,O-ADD-WARM,5,producer_input,current_request_bytes,1935
complementary_k5_n7,fresh,O-ADD-WARM,5,producer_input,observed_python_opcode_events,89436
complementary_k5_n7,fresh,O-ADD-WARM,5,producer_storage,bounded_native_c_call_events,1096
complementary_k5_n7,fresh,O-ADD-WARM,5,producer_storage,live_serialized_byte_periods,45058
complementary_k5_n7,fresh,O-ADD-WARM,5,producer_storage,observed_python_opcode_events,220954
complementary_k5_n7,fresh,O-ADD-WARM,5,receiver_check,bounded_native_c_call_events,15821
complementary_k5_n7,fresh,O-ADD-WARM,5,receiver_check,observed_python_opcode_events,836086
complementary_k5_n7,fresh,O-ADD-WARM,5,receiver_init,bounded_native_c_call_events,130
complementary_k5_n7,fresh,O-ADD-WARM,5,receiver_init,observed_python_opcode_events,27995
complementary_k5_n7,fresh,O-ADD-WARM,5,receiver_input,bounded_native_c_call_events,1325
complementary_k5_n7,fresh,O-ADD-WARM,5,receiver_input,current_request_bytes,1935
complementary_k5_n7,fresh,O-ADD-WARM,5,receiver_input,observed_python_opcode_events,89436
complementary_k5_n7,fresh,O-ADD-WARM,5,receiver_input,proof_input_bytes,13117
complementary_k5_n7,fresh,O-ADD-WARM,5,receiver_storage,bounded_native_c_call_events,22
complementary_k5_n7,fresh,O-ADD-WARM,5,receiver_storage,live_serialized_byte_periods,41416
complementary_k5_n7,fresh,O-ADD-WARM,5,receiver_storage,observed_python_opcode_events,113605
complementary_k5_n7,fresh,O-ADD-WARM,5,request_encoding,bounded_native_c_call_events,1414
complementary_k5_n7,fresh,O-ADD-WARM,5,request_encoding,observed_python_opcode_events,35843
complementary_k5_n7,fresh,O-ADD-WARM,5,terminal,bounded_native_c_call_events,875
complementary_k5_n7,fresh,O-ADD-WARM,5,terminal,candidate_publication_events,1
complementary_k5_n7,fresh,O-ADD-WARM,5,terminal,current_receipt_output_bytes,3430
complementary_k5_n7,fresh,O-ADD-WARM,5,terminal,delivery_events,1
complementary_k5_n7,fresh,O-ADD-WARM,5,terminal,observed_python_opcode_events,21765
complementary_k5_n7,fresh,O-ADD-WARM,6,coordination,bounded_native_c_call_events,10
complementary_k5_n7,fresh,O-ADD-WARM,6,coordination,observed_python_opcode_events,592
complementary_k5_n7,fresh,O-ADD-WARM,6,producer_build,bounded_native_c_call_events,6755
complementary_k5_n7,fresh,O-ADD-WARM,6,producer_build,observed_python_opcode_events,263221
complementary_k5_n7,fresh,O-ADD-WARM,6,producer_export,bounded_native_c_call_events,8
complementary_k5_n7,fresh,O-ADD-WARM,6,producer_export,observed_python_opcode_events,260
complementary_k5_n7,fresh,O-ADD-WARM,6,producer_export,proof_output_bytes,14443
complementary_k5_n7,fresh,O-ADD-WARM,6,producer_input,bounded_native_c_call_events,1386
complementary_k5_n7,fresh,O-ADD-WARM,6,producer_input,current_request_bytes,1962
complementary_k5_n7,fresh,O-ADD-WARM,6,producer_input,observed_python_opcode_events,91221
complementary_k5_n7,fresh,O-ADD-WARM,6,producer_storage,bounded_native_c_call_events,1222
complementary_k5_n7,fresh,O-ADD-WARM,6,producer_storage,live_serialized_byte_periods,49487
complementary_k5_n7,fresh,O-ADD-WARM,6,producer_storage,observed_python_opcode_events,246798
complementary_k5_n7,fresh,O-ADD-WARM,6,receiver_check,bounded_native_c_call_events,17748
complementary_k5_n7,fresh,O-ADD-WARM,6,receiver_check,observed_python_opcode_events,932625
complementary_k5_n7,fresh,O-ADD-WARM,6,receiver_init,bounded_native_c_call_events,130
complementary_k5_n7,fresh,O-ADD-WARM,6,receiver_init,observed_python_opcode_events,27995
complementary_k5_n7,fresh,O-ADD-WARM,6,receiver_input,bounded_native_c_call_events,1386
complementary_k5_n7,fresh,O-ADD-WARM,6,receiver_input,current_request_bytes,1962
complementary_k5_n7,fresh,O-ADD-WARM,6,receiver_input,observed_python_opcode_events,91221
complementary_k5_n7,fresh,O-ADD-WARM,6,receiver_input,proof_input_bytes,14443
complementary_k5_n7,fresh,O-ADD-WARM,6,receiver_storage,bounded_native_c_call_events,22
complementary_k5_n7,fresh,O-ADD-WARM,6,receiver_storage,live_serialized_byte_periods,44839
complementary_k5_n7,fresh,O-ADD-WARM,6,receiver_storage,observed_python_opcode_events,127582
complementary_k5_n7,fresh,O-ADD-WARM,6,request_encoding,bounded_native_c_call_events,1455
complementary_k5_n7,fresh,O-ADD-WARM,6,request_encoding,observed_python_opcode_events,36749
complementary_k5_n7,fresh,O-ADD-WARM,6,terminal,bounded_native_c_call_events,902
complementary_k5_n7,fresh,O-ADD-WARM,6,terminal,candidate_publication_events,1
complementary_k5_n7,fresh,O-ADD-WARM,6,terminal,current_receipt_output_bytes,3457
complementary_k5_n7,fresh,O-ADD-WARM,6,terminal,delivery_events,1
complementary_k5_n7,fresh,O-ADD-WARM,6,terminal,observed_python_opcode_events,22438
complementary_k5_n7,fresh,O-ENUM-RECEIVER,1,common_source,bounded_native_c_call_events,371
complementary_k5_n7,fresh,O-ENUM-RECEIVER,1,common_source,observed_python_opcode_events,32551
complementary_k5_n7,fresh,O-ENUM-RECEIVER,1,common_source,source_hash_bytes_prepaid,197956
complementary_k5_n7,fresh,O-ENUM-RECEIVER,1,common_source,source_length_probe_bytes_prepaid,8
complementary_k5_n7,fresh,O-ENUM-RECEIVER,1,common_source,source_program_bytes_prepaid,197956
complementary_k5_n7,fresh,O-ENUM-RECEIVER,1,common_source,source_record_bytes,1199
complementary_k5_n7,fresh,O-ENUM-RECEIVER,1,coordination,bounded_native_c_call_events,10
complementary_k5_n7,fresh,O-ENUM-RECEIVER,1,coordination,observed_python_opcode_events,431
complementary_k5_n7,fresh,O-ENUM-RECEIVER,1,producer_storage,bounded_native_c_call_events,566
complementary_k5_n7,fresh,O-ENUM-RECEIVER,1,producer_storage,live_serialized_byte_periods,4304
complementary_k5_n7,fresh,O-ENUM-RECEIVER,1,producer_storage,observed_python_opcode_events,15989
complementary_k5_n7,fresh,O-ENUM-RECEIVER,1,receiver_check,bounded_native_c_call_events,26108
complementary_k5_n7,fresh,O-ENUM-RECEIVER,1,receiver_check,observed_python_opcode_events,656720
complementary_k5_n7,fresh,O-ENUM-RECEIVER,1,receiver_input,bounded_native_c_call_events,1201
complementary_k5_n7,fresh,O-ENUM-RECEIVER,1,receiver_input,current_request_bytes,1810
complementary_k5_n7,fresh,O-ENUM-RECEIVER,1,receiver_input,observed_python_opcode_events,83071
complementary_k5_n7,fresh,O-ENUM-RECEIVER,1,receiver_storage,bounded_native_c_call_events,12
complementary_k5_n7,fresh,O-ENUM-RECEIVER,1,receiver_storage,live_serialized_byte_periods,7763
complementary_k5_n7,fresh,O-ENUM-RECEIVER,1,receiver_storage,observed_python_opcode_events,680
complementary_k5_n7,fresh,O-ENUM-RECEIVER,1,request_encoding,bounded_native_c_call_events,1302
complementary_k5_n7,fresh,O-ENUM-RECEIVER,1,request_encoding,observed_python_opcode_events,33081
complementary_k5_n7,fresh,O-ENUM-RECEIVER,1,terminal,bounded_native_c_call_events,823
complementary_k5_n7,fresh,O-ENUM-RECEIVER,1,terminal,candidate_publication_events,1
complementary_k5_n7,fresh,O-ENUM-RECEIVER,1,terminal,current_receipt_output_bytes,3305
complementary_k5_n7,fresh,O-ENUM-RECEIVER,1,terminal,delivery_events,1
complementary_k5_n7,fresh,O-ENUM-RECEIVER,1,terminal,observed_python_opcode_events,20476
complementary_k5_n7,fresh,O-ENUM-RECEIVER,2,coordination,bounded_native_c_call_events,10
complementary_k5_n7,fresh,O-ENUM-RECEIVER,2,coordination,observed_python_opcode_events,410
complementary_k5_n7,fresh,O-ENUM-RECEIVER,2,producer_storage,bounded_native_c_call_events,566
complementary_k5_n7,fresh,O-ENUM-RECEIVER,2,producer_storage,live_serialized_byte_periods,4304
complementary_k5_n7,fresh,O-ENUM-RECEIVER,2,producer_storage,observed_python_opcode_events,15989
complementary_k5_n7,fresh,O-ENUM-RECEIVER,2,receiver_check,bounded_native_c_call_events,21559
complementary_k5_n7,fresh,O-ENUM-RECEIVER,2,receiver_check,observed_python_opcode_events,552085
complementary_k5_n7,fresh,O-ENUM-RECEIVER,2,receiver_input,bounded_native_c_call_events,1230
complementary_k5_n7,fresh,O-ENUM-RECEIVER,2,receiver_input,current_request_bytes,1832
complementary_k5_n7,fresh,O-ENUM-RECEIVER,2,receiver_input,observed_python_opcode_events,84486
complementary_k5_n7,fresh,O-ENUM-RECEIVER,2,receiver_storage,bounded_native_c_call_events,12
complementary_k5_n7,fresh,O-ENUM-RECEIVER,2,receiver_storage,live_serialized_byte_periods,7823
complementary_k5_n7,fresh,O-ENUM-RECEIVER,2,receiver_storage,observed_python_opcode_events,680
complementary_k5_n7,fresh,O-ENUM-RECEIVER,2,request_encoding,bounded_native_c_call_events,1338
complementary_k5_n7,fresh,O-ENUM-RECEIVER,2,request_encoding,observed_python_opcode_events,33891
complementary_k5_n7,fresh,O-ENUM-RECEIVER,2,terminal,bounded_native_c_call_events,855
complementary_k5_n7,fresh,O-ENUM-RECEIVER,2,terminal,candidate_publication_events,1
complementary_k5_n7,fresh,O-ENUM-RECEIVER,2,terminal,current_receipt_output_bytes,3327
complementary_k5_n7,fresh,O-ENUM-RECEIVER,2,terminal,delivery_events,1
complementary_k5_n7,fresh,O-ENUM-RECEIVER,2,terminal,observed_python_opcode_events,21220
complementary_k5_n7,fresh,O-ENUM-RECEIVER,3,coordination,bounded_native_c_call_events,10
complementary_k5_n7,fresh,O-ENUM-RECEIVER,3,coordination,observed_python_opcode_events,410
complementary_k5_n7,fresh,O-ENUM-RECEIVER,3,producer_storage,bounded_native_c_call_events,566
complementary_k5_n7,fresh,O-ENUM-RECEIVER,3,producer_storage,live_serialized_byte_periods,4304
complementary_k5_n7,fresh,O-ENUM-RECEIVER,3,producer_storage,observed_python_opcode_events,15989
complementary_k5_n7,fresh,O-ENUM-RECEIVER,3,receiver_check,bounded_native_c_call_events,19207
complementary_k5_n7,fresh,O-ENUM-RECEIVER,3,receiver_check,observed_python_opcode_events,495547
complementary_k5_n7,fresh,O-ENUM-RECEIVER,3,receiver_input,bounded_native_c_call_events,1228
complementary_k5_n7,fresh,O-ENUM-RECEIVER,3,receiver_input,current_request_bytes,1838
complementary_k5_n7,fresh,O-ENUM-RECEIVER,3,receiver_input,observed_python_opcode_events,84659
complementary_k5_n7,fresh,O-ENUM-RECEIVER,3,receiver_storage,bounded_native_c_call_events,12
complementary_k5_n7,fresh,O-ENUM-RECEIVER,3,receiver_storage,live_serialized_byte_periods,7835
complementary_k5_n7,fresh,O-ENUM-RECEIVER,3,receiver_storage,observed_python_opcode_events,680
complementary_k5_n7,fresh,O-ENUM-RECEIVER,3,request_encoding,bounded_native_c_call_events,1338
complementary_k5_n7,fresh,O-ENUM-RECEIVER,3,request_encoding,observed_python_opcode_events,33899
complementary_k5_n7,fresh,O-ENUM-RECEIVER,3,terminal,bounded_native_c_call_events,813
complementary_k5_n7,fresh,O-ENUM-RECEIVER,3,terminal,candidate_publication_events,1
complementary_k5_n7,fresh,O-ENUM-RECEIVER,3,terminal,current_receipt_output_bytes,3333
complementary_k5_n7,fresh,O-ENUM-RECEIVER,3,terminal,delivery_events,1
complementary_k5_n7,fresh,O-ENUM-RECEIVER,3,terminal,observed_python_opcode_events,20344
complementary_k5_n7,fresh,O-ENUM-RECEIVER,4,coordination,bounded_native_c_call_events,10
complementary_k5_n7,fresh,O-ENUM-RECEIVER,4,coordination,observed_python_opcode_events,410
complementary_k5_n7,fresh,O-ENUM-RECEIVER,4,producer_storage,bounded_native_c_call_events,566
complementary_k5_n7,fresh,O-ENUM-RECEIVER,4,producer_storage,live_serialized_byte_periods,4304
complementary_k5_n7,fresh,O-ENUM-RECEIVER,4,producer_storage,observed_python_opcode_events,15989
complementary_k5_n7,fresh,O-ENUM-RECEIVER,4,receiver_check,bounded_native_c_call_events,20076
complementary_k5_n7,fresh,O-ENUM-RECEIVER,4,receiver_check,observed_python_opcode_events,517010
complementary_k5_n7,fresh,O-ENUM-RECEIVER,4,receiver_input,bounded_native_c_call_events,1329
complementary_k5_n7,fresh,O-ENUM-RECEIVER,4,receiver_input,current_request_bytes,1931
complementary_k5_n7,fresh,O-ENUM-RECEIVER,4,receiver_input,observed_python_opcode_events,89318
complementary_k5_n7,fresh,O-ENUM-RECEIVER,4,receiver_storage,bounded_native_c_call_events,12
complementary_k5_n7,fresh,O-ENUM-RECEIVER,4,receiver_storage,live_serialized_byte_periods,8093
complementary_k5_n7,fresh,O-ENUM-RECEIVER,4,receiver_storage,observed_python_opcode_events,680
complementary_k5_n7,fresh,O-ENUM-RECEIVER,4,request_encoding,bounded_native_c_call_events,1414
complementary_k5_n7,fresh,O-ENUM-RECEIVER,4,request_encoding,observed_python_opcode_events,35821
complementary_k5_n7,fresh,O-ENUM-RECEIVER,4,terminal,bounded_native_c_call_events,927
complementary_k5_n7,fresh,O-ENUM-RECEIVER,4,terminal,candidate_publication_events,1
complementary_k5_n7,fresh,O-ENUM-RECEIVER,4,terminal,current_receipt_output_bytes,3426
complementary_k5_n7,fresh,O-ENUM-RECEIVER,4,terminal,delivery_events,1
complementary_k5_n7,fresh,O-ENUM-RECEIVER,4,terminal,observed_python_opcode_events,22977
complementary_k5_n7,fresh,O-ENUM-RECEIVER,5,coordination,bounded_native_c_call_events,10
complementary_k5_n7,fresh,O-ENUM-RECEIVER,5,coordination,observed_python_opcode_events,410
complementary_k5_n7,fresh,O-ENUM-RECEIVER,5,producer_storage,bounded_native_c_call_events,566
complementary_k5_n7,fresh,O-ENUM-RECEIVER,5,producer_storage,live_serialized_byte_periods,4304
complementary_k5_n7,fresh,O-ENUM-RECEIVER,5,producer_storage,observed_python_opcode_events,15989
complementary_k5_n7,fresh,O-ENUM-RECEIVER,5,receiver_check,bounded_native_c_call_events,24988
complementary_k5_n7,fresh,O-ENUM-RECEIVER,5,receiver_check,observed_python_opcode_events,633309
complementary_k5_n7,fresh,O-ENUM-RECEIVER,5,receiver_input,bounded_native_c_call_events,1325
complementary_k5_n7,fresh,O-ENUM-RECEIVER,5,receiver_input,current_request_bytes,1935
complementary_k5_n7,fresh,O-ENUM-RECEIVER,5,receiver_input,observed_python_opcode_events,89436
complementary_k5_n7,fresh,O-ENUM-RECEIVER,5,receiver_storage,bounded_native_c_call_events,12
complementary_k5_n7,fresh,O-ENUM-RECEIVER,5,receiver_storage,live_serialized_byte_periods,8101
complementary_k5_n7,fresh,O-ENUM-RECEIVER,5,receiver_storage,observed_python_opcode_events,680
complementary_k5_n7,fresh,O-ENUM-RECEIVER,5,request_encoding,bounded_native_c_call_events,1414
complementary_k5_n7,fresh,O-ENUM-RECEIVER,5,request_encoding,observed_python_opcode_events,35843
complementary_k5_n7,fresh,O-ENUM-RECEIVER,5,terminal,bounded_native_c_call_events,875
complementary_k5_n7,fresh,O-ENUM-RECEIVER,5,terminal,candidate_publication_events,1
complementary_k5_n7,fresh,O-ENUM-RECEIVER,5,terminal,current_receipt_output_bytes,3430
complementary_k5_n7,fresh,O-ENUM-RECEIVER,5,terminal,delivery_events,1
complementary_k5_n7,fresh,O-ENUM-RECEIVER,5,terminal,observed_python_opcode_events,21765
complementary_k5_n7,fresh,O-ENUM-RECEIVER,6,coordination,bounded_native_c_call_events,10
complementary_k5_n7,fresh,O-ENUM-RECEIVER,6,coordination,observed_python_opcode_events,410
complementary_k5_n7,fresh,O-ENUM-RECEIVER,6,producer_storage,bounded_native_c_call_events,566
complementary_k5_n7,fresh,O-ENUM-RECEIVER,6,producer_storage,live_serialized_byte_periods,4304
complementary_k5_n7,fresh,O-ENUM-RECEIVER,6,producer_storage,observed_python_opcode_events,15989
complementary_k5_n7,fresh,O-ENUM-RECEIVER,6,receiver_check,bounded_native_c_call_events,19732
complementary_k5_n7,fresh,O-ENUM-RECEIVER,6,receiver_check,observed_python_opcode_events,508182
complementary_k5_n7,fresh,O-ENUM-RECEIVER,6,receiver_input,bounded_native_c_call_events,1386
complementary_k5_n7,fresh,O-ENUM-RECEIVER,6,receiver_input,current_request_bytes,1962
complementary_k5_n7,fresh,O-ENUM-RECEIVER,6,receiver_input,observed_python_opcode_events,91221
complementary_k5_n7,fresh,O-ENUM-RECEIVER,6,receiver_storage,bounded_native_c_call_events,12
complementary_k5_n7,fresh,O-ENUM-RECEIVER,6,receiver_storage,live_serialized_byte_periods,8179
complementary_k5_n7,fresh,O-ENUM-RECEIVER,6,receiver_storage,observed_python_opcode_events,680
complementary_k5_n7,fresh,O-ENUM-RECEIVER,6,request_encoding,bounded_native_c_call_events,1455
complementary_k5_n7,fresh,O-ENUM-RECEIVER,6,request_encoding,observed_python_opcode_events,36749
complementary_k5_n7,fresh,O-ENUM-RECEIVER,6,terminal,bounded_native_c_call_events,902
complementary_k5_n7,fresh,O-ENUM-RECEIVER,6,terminal,candidate_publication_events,1
complementary_k5_n7,fresh,O-ENUM-RECEIVER,6,terminal,current_receipt_output_bytes,3457
complementary_k5_n7,fresh,O-ENUM-RECEIVER,6,terminal,delivery_events,1
complementary_k5_n7,fresh,O-ENUM-RECEIVER,6,terminal,observed_python_opcode_events,22438
complementary_k5_n7,fresh,P-FRESH,1,common_source,bounded_native_c_call_events,371
complementary_k5_n7,fresh,P-FRESH,1,common_source,observed_python_opcode_events,32551
complementary_k5_n7,fresh,P-FRESH,1,common_source,source_hash_bytes_prepaid,197956
complementary_k5_n7,fresh,P-FRESH,1,common_source,source_length_probe_bytes_prepaid,8
complementary_k5_n7,fresh,P-FRESH,1,common_source,source_program_bytes_prepaid,197956
complementary_k5_n7,fresh,P-FRESH,1,common_source,source_record_bytes,1199
complementary_k5_n7,fresh,P-FRESH,1,coordination,bounded_native_c_call_events,10
complementary_k5_n7,fresh,P-FRESH,1,coordination,observed_python_opcode_events,629
complementary_k5_n7,fresh,P-FRESH,1,producer_build,bounded_native_c_call_events,351051
complementary_k5_n7,fresh,P-FRESH,1,producer_build,observed_python_opcode_events,7571695
complementary_k5_n7,fresh,P-FRESH,1,producer_export,bounded_native_c_call_events,7
complementary_k5_n7,fresh,P-FRESH,1,producer_export,observed_python_opcode_events,15355
complementary_k5_n7,fresh,P-FRESH,1,producer_export,proof_output_bytes,3413
complementary_k5_n7,fresh,P-FRESH,1,producer_init,observed_python_opcode_events,4
complementary_k5_n7,fresh,P-FRESH,1,producer_input,bounded_native_c_call_events,1201
complementary_k5_n7,fresh,P-FRESH,1,producer_input,current_request_bytes,1810
complementary_k5_n7,fresh,P-FRESH,1,producer_input,observed_python_opcode_events,83071
complementary_k5_n7,fresh,P-FRESH,1,producer_storage,bounded_native_c_call_events,571
complementary_k5_n7,fresh,P-FRESH,1,producer_storage,live_serialized_byte_periods,10719
complementary_k5_n7,fresh,P-FRESH,1,producer_storage,observed_python_opcode_events,16071
complementary_k5_n7,fresh,P-FRESH,1,receiver_check,bounded_native_c_call_events,69842
complementary_k5_n7,fresh,P-FRESH,1,receiver_check,observed_python_opcode_events,1438634
complementary_k5_n7,fresh,P-FRESH,1,receiver_import,bounded_native_c_call_events,237
complementary_k5_n7,fresh,P-FRESH,1,receiver_import,observed_python_opcode_events,66841
complementary_k5_n7,fresh,P-FRESH,1,receiver_init,observed_python_opcode_events,4
complementary_k5_n7,fresh,P-FRESH,1,receiver_input,bounded_native_c_call_events,1201
complementary_k5_n7,fresh,P-FRESH,1,receiver_input,current_request_bytes,1810
complementary_k5_n7,fresh,P-FRESH,1,receiver_input,observed_python_opcode_events,83071
complementary_k5_n7,fresh,P-FRESH,1,receiver_input,proof_input_bytes,3413
complementary_k5_n7,fresh,P-FRESH,1,receiver_storage,bounded_native_c_call_events,16
complementary_k5_n7,fresh,P-FRESH,1,receiver_storage,live_serialized_byte_periods,11908
complementary_k5_n7,fresh,P-FRESH,1,receiver_storage,observed_python_opcode_events,751
complementary_k5_n7,fresh,P-FRESH,1,request_encoding,bounded_native_c_call_events,1302
complementary_k5_n7,fresh,P-FRESH,1,request_encoding,observed_python_opcode_events,33081
complementary_k5_n7,fresh,P-FRESH,1,terminal,bounded_native_c_call_events,823
complementary_k5_n7,fresh,P-FRESH,1,terminal,candidate_publication_events,1
complementary_k5_n7,fresh,P-FRESH,1,terminal,current_receipt_output_bytes,3305
complementary_k5_n7,fresh,P-FRESH,1,terminal,delivery_events,1
complementary_k5_n7,fresh,P-FRESH,1,terminal,observed_python_opcode_events,20476
complementary_k5_n7,fresh,P-FRESH,2,coordination,bounded_native_c_call_events,10
complementary_k5_n7,fresh,P-FRESH,2,coordination,observed_python_opcode_events,595
complementary_k5_n7,fresh,P-FRESH,2,producer_build,bounded_native_c_call_events,204634
complementary_k5_n7,fresh,P-FRESH,2,producer_build,observed_python_opcode_events,4398797
complementary_k5_n7,fresh,P-FRESH,2,producer_export,bounded_native_c_call_events,7
complementary_k5_n7,fresh,P-FRESH,2,producer_export,observed_python_opcode_events,9067
complementary_k5_n7,fresh,P-FRESH,2,producer_export,proof_output_bytes,2743
complementary_k5_n7,fresh,P-FRESH,2,producer_input,bounded_native_c_call_events,1230
complementary_k5_n7,fresh,P-FRESH,2,producer_input,current_request_bytes,1832
complementary_k5_n7,fresh,P-FRESH,2,producer_input,observed_python_opcode_events,84486
complementary_k5_n7,fresh,P-FRESH,2,producer_storage,bounded_native_c_call_events,571
complementary_k5_n7,fresh,P-FRESH,2,producer_storage,live_serialized_byte_periods,9975
complementary_k5_n7,fresh,P-FRESH,2,producer_storage,observed_python_opcode_events,16071
complementary_k5_n7,fresh,P-FRESH,2,receiver_check,bounded_native_c_call_events,38769
complementary_k5_n7,fresh,P-FRESH,2,receiver_check,observed_python_opcode_events,795630
complementary_k5_n7,fresh,P-FRESH,2,receiver_import,bounded_native_c_call_events,157
complementary_k5_n7,fresh,P-FRESH,2,receiver_import,observed_python_opcode_events,49767
complementary_k5_n7,fresh,P-FRESH,2,receiver_init,observed_python_opcode_events,4
complementary_k5_n7,fresh,P-FRESH,2,receiver_input,bounded_native_c_call_events,1230
complementary_k5_n7,fresh,P-FRESH,2,receiver_input,current_request_bytes,1832
complementary_k5_n7,fresh,P-FRESH,2,receiver_input,observed_python_opcode_events,84486
complementary_k5_n7,fresh,P-FRESH,2,receiver_input,proof_input_bytes,2743
complementary_k5_n7,fresh,P-FRESH,2,receiver_storage,bounded_native_c_call_events,16
complementary_k5_n7,fresh,P-FRESH,2,receiver_storage,live_serialized_byte_periods,11194
complementary_k5_n7,fresh,P-FRESH,2,receiver_storage,observed_python_opcode_events,751
complementary_k5_n7,fresh,P-FRESH,2,request_encoding,bounded_native_c_call_events,1338
complementary_k5_n7,fresh,P-FRESH,2,request_encoding,observed_python_opcode_events,33891
complementary_k5_n7,fresh,P-FRESH,2,terminal,bounded_native_c_call_events,855
complementary_k5_n7,fresh,P-FRESH,2,terminal,candidate_publication_events,1
complementary_k5_n7,fresh,P-FRESH,2,terminal,current_receipt_output_bytes,3327
complementary_k5_n7,fresh,P-FRESH,2,terminal,delivery_events,1
complementary_k5_n7,fresh,P-FRESH,2,terminal,observed_python_opcode_events,21220
complementary_k5_n7,fresh,P-FRESH,3,coordination,bounded_native_c_call_events,10
complementary_k5_n7,fresh,P-FRESH,3,coordination,observed_python_opcode_events,595
complementary_k5_n7,fresh,P-FRESH,3,producer_build,bounded_native_c_call_events,168257
complementary_k5_n7,fresh,P-FRESH,3,producer_build,observed_python_opcode_events,3648649
complementary_k5_n7,fresh,P-FRESH,3,producer_export,bounded_native_c_call_events,7
complementary_k5_n7,fresh,P-FRESH,3,producer_export,observed_python_opcode_events,7819
complementary_k5_n7,fresh,P-FRESH,3,producer_export,proof_output_bytes,2617
complementary_k5_n7,fresh,P-FRESH,3,producer_input,bounded_native_c_call_events,1228
complementary_k5_n7,fresh,P-FRESH,3,producer_input,current_request_bytes,1838
complementary_k5_n7,fresh,P-FRESH,3,producer_input,observed_python_opcode_events,84659
complementary_k5_n7,fresh,P-FRESH,3,producer_storage,bounded_native_c_call_events,571
complementary_k5_n7,fresh,P-FRESH,3,producer_storage,live_serialized_byte_periods,9839
complementary_k5_n7,fresh,P-FRESH,3,producer_storage,observed_python_opcode_events,16071
complementary_k5_n7,fresh,P-FRESH,3,receiver_check,bounded_native_c_call_events,21629
complementary_k5_n7,fresh,P-FRESH,3,receiver_check,observed_python_opcode_events,449866
complementary_k5_n7,fresh,P-FRESH,3,receiver_import,bounded_native_c_call_events,141
complementary_k5_n7,fresh,P-FRESH,3,receiver_import,observed_python_opcode_events,46509
complementary_k5_n7,fresh,P-FRESH,3,receiver_init,observed_python_opcode_events,4
complementary_k5_n7,fresh,P-FRESH,3,receiver_input,bounded_native_c_call_events,1228
complementary_k5_n7,fresh,P-FRESH,3,receiver_input,current_request_bytes,1838
complementary_k5_n7,fresh,P-FRESH,3,receiver_input,observed_python_opcode_events,84659
complementary_k5_n7,fresh,P-FRESH,3,receiver_input,proof_input_bytes,2617
complementary_k5_n7,fresh,P-FRESH,3,receiver_storage,bounded_native_c_call_events,16
complementary_k5_n7,fresh,P-FRESH,3,receiver_storage,live_serialized_byte_periods,11064
complementary_k5_n7,fresh,P-FRESH,3,receiver_storage,observed_python_opcode_events,751
complementary_k5_n7,fresh,P-FRESH,3,request_encoding,bounded_native_c_call_events,1338
complementary_k5_n7,fresh,P-FRESH,3,request_encoding,observed_python_opcode_events,33899
complementary_k5_n7,fresh,P-FRESH,3,terminal,bounded_native_c_call_events,813
complementary_k5_n7,fresh,P-FRESH,3,terminal,candidate_publication_events,1
complementary_k5_n7,fresh,P-FRESH,3,terminal,current_receipt_output_bytes,3333
complementary_k5_n7,fresh,P-FRESH,3,terminal,delivery_events,1
complementary_k5_n7,fresh,P-FRESH,3,terminal,observed_python_opcode_events,20344
complementary_k5_n7,fresh,P-FRESH,4,coordination,bounded_native_c_call_events,10
complementary_k5_n7,fresh,P-FRESH,4,coordination,observed_python_opcode_events,595
complementary_k5_n7,fresh,P-FRESH,4,producer_build,bounded_native_c_call_events,153564
complementary_k5_n7,fresh,P-FRESH,4,producer_build,observed_python_opcode_events,3297864
complementary_k5_n7,fresh,P-FRESH,4,producer_export,bounded_native_c_call_events,7
complementary_k5_n7,fresh,P-FRESH,4,producer_export,observed_python_opcode_events,6715
complementary_k5_n7,fresh,P-FRESH,4,producer_export,proof_output_bytes,2584
complementary_k5_n7,fresh,P-FRESH,4,producer_input,bounded_native_c_call_events,1329
complementary_k5_n7,fresh,P-FRESH,4,producer_input,current_request_bytes,1931
complementary_k5_n7,fresh,P-FRESH,4,producer_input,observed_python_opcode_events,89318
complementary_k5_n7,fresh,P-FRESH,4,producer_storage,bounded_native_c_call_events,571
complementary_k5_n7,fresh,P-FRESH,4,producer_storage,live_serialized_byte_periods,9947
complementary_k5_n7,fresh,P-FRESH,4,producer_storage,observed_python_opcode_events,16071
complementary_k5_n7,fresh,P-FRESH,4,receiver_check,bounded_native_c_call_events,22838
complementary_k5_n7,fresh,P-FRESH,4,receiver_check,observed_python_opcode_events,472295
complementary_k5_n7,fresh,P-FRESH,4,receiver_import,bounded_native_c_call_events,129
complementary_k5_n7,fresh,P-FRESH,4,receiver_import,observed_python_opcode_events,44658
complementary_k5_n7,fresh,P-FRESH,4,receiver_init,observed_python_opcode_events,4
complementary_k5_n7,fresh,P-FRESH,4,receiver_input,bounded_native_c_call_events,1329
complementary_k5_n7,fresh,P-FRESH,4,receiver_input,current_request_bytes,1931
complementary_k5_n7,fresh,P-FRESH,4,receiver_input,observed_python_opcode_events,89318
complementary_k5_n7,fresh,P-FRESH,4,receiver_input,proof_input_bytes,2584
complementary_k5_n7,fresh,P-FRESH,4,receiver_storage,bounded_native_c_call_events,16
complementary_k5_n7,fresh,P-FRESH,4,receiver_storage,live_serialized_byte_periods,11301
complementary_k5_n7,fresh,P-FRESH,4,receiver_storage,observed_python_opcode_events,751
complementary_k5_n7,fresh,P-FRESH,4,request_encoding,bounded_native_c_call_events,1414
complementary_k5_n7,fresh,P-FRESH,4,request_encoding,observed_python_opcode_events,35821
complementary_k5_n7,fresh,P-FRESH,4,terminal,bounded_native_c_call_events,927
complementary_k5_n7,fresh,P-FRESH,4,terminal,candidate_publication_events,1
complementary_k5_n7,fresh,P-FRESH,4,terminal,current_receipt_output_bytes,3426
complementary_k5_n7,fresh,P-FRESH,4,terminal,delivery_events,1
complementary_k5_n7,fresh,P-FRESH,4,terminal,observed_python_opcode_events,22977
complementary_k5_n7,fresh,P-FRESH,5,coordination,bounded_native_c_call_events,10
complementary_k5_n7,fresh,P-FRESH,5,coordination,observed_python_opcode_events,595
complementary_k5_n7,fresh,P-FRESH,5,producer_build,bounded_native_c_call_events,307970
complementary_k5_n7,fresh,P-FRESH,5,producer_build,observed_python_opcode_events,6570441
complementary_k5_n7,fresh,P-FRESH,5,producer_export,bounded_native_c_call_events,7
complementary_k5_n7,fresh,P-FRESH,5,producer_export,observed_python_opcode_events,12211
complementary_k5_n7,fresh,P-FRESH,5,producer_export,proof_output_bytes,3192
complementary_k5_n7,fresh,P-FRESH,5,producer_input,bounded_native_c_call_events,1325
complementary_k5_n7,fresh,P-FRESH,5,producer_input,current_request_bytes,1935
complementary_k5_n7,fresh,P-FRESH,5,producer_input,observed_python_opcode_events,89436
complementary_k5_n7,fresh,P-FRESH,5,producer_storage,bounded_native_c_call_events,571
complementary_k5_n7,fresh,P-FRESH,5,producer_storage,live_serialized_byte_periods,10655
complementary_k5_n7,fresh,P-FRESH,5,producer_storage,observed_python_opcode_events,16071
complementary_k5_n7,fresh,P-FRESH,5,receiver_check,bounded_native_c_call_events,58694
complementary_k5_n7,fresh,P-FRESH,5,receiver_check,observed_python_opcode_events,1196767
complementary_k5_n7,fresh,P-FRESH,5,receiver_import,bounded_native_c_call_events,197
complementary_k5_n7,fresh,P-FRESH,5,receiver_import,observed_python_opcode_events,59854
complementary_k5_n7,fresh,P-FRESH,5,receiver_init,observed_python_opcode_events,4
complementary_k5_n7,fresh,P-FRESH,5,receiver_input,bounded_native_c_call_events,1325
complementary_k5_n7,fresh,P-FRESH,5,receiver_input,current_request_bytes,1935
complementary_k5_n7,fresh,P-FRESH,5,receiver_input,observed_python_opcode_events,89436
complementary_k5_n7,fresh,P-FRESH,5,receiver_input,proof_input_bytes,3192
complementary_k5_n7,fresh,P-FRESH,5,receiver_storage,bounded_native_c_call_events,16
complementary_k5_n7,fresh,P-FRESH,5,receiver_storage,live_serialized_byte_periods,12013
complementary_k5_n7,fresh,P-FRESH,5,receiver_storage,observed_python_opcode_events,751
complementary_k5_n7,fresh,P-FRESH,5,request_encoding,bounded_native_c_call_events,1414
complementary_k5_n7,fresh,P-FRESH,5,request_encoding,observed_python_opcode_events,35843
complementary_k5_n7,fresh,P-FRESH,5,terminal,bounded_native_c_call_events,875
complementary_k5_n7,fresh,P-FRESH,5,terminal,candidate_publication_events,1
complementary_k5_n7,fresh,P-FRESH,5,terminal,current_receipt_output_bytes,3430
complementary_k5_n7,fresh,P-FRESH,5,terminal,delivery_events,1
complementary_k5_n7,fresh,P-FRESH,5,terminal,observed_python_opcode_events,21765
complementary_k5_n7,fresh,P-FRESH,6,coordination,bounded_native_c_call_events,10
complementary_k5_n7,fresh,P-FRESH,6,coordination,observed_python_opcode_events,595
complementary_k5_n7,fresh,P-FRESH,6,producer_build,bounded_native_c_call_events,147180
complementary_k5_n7,fresh,P-FRESH,6,producer_build,observed_python_opcode_events,3122232
complementary_k5_n7,fresh,P-FRESH,6,producer_export,bounded_native_c_call_events,7
complementary_k5_n7,fresh,P-FRESH,6,producer_export,observed_python_opcode_events,6351
complementary_k5_n7,fresh,P-FRESH,6,producer_export,proof_output_bytes,2573
complementary_k5_n7,fresh,P-FRESH,6,producer_input,bounded_native_c_call_events,1386
complementary_k5_n7,fresh,P-FRESH,6,producer_input,current_request_bytes,1962
complementary_k5_n7,fresh,P-FRESH,6,producer_input,observed_python_opcode_events,91221
complementary_k5_n7,fresh,P-FRESH,6,producer_storage,bounded_native_c_call_events,571
complementary_k5_n7,fresh,P-FRESH,6,producer_storage,live_serialized_byte_periods,9983
complementary_k5_n7,fresh,P-FRESH,6,producer_storage,observed_python_opcode_events,16071
complementary_k5_n7,fresh,P-FRESH,6,receiver_check,bounded_native_c_call_events,23264
complementary_k5_n7,fresh,P-FRESH,6,receiver_check,observed_python_opcode_events,475409
complementary_k5_n7,fresh,P-FRESH,6,receiver_import,bounded_native_c_call_events,123
complementary_k5_n7,fresh,P-FRESH,6,receiver_import,observed_python_opcode_events,44030
complementary_k5_n7,fresh,P-FRESH,6,receiver_init,observed_python_opcode_events,4
complementary_k5_n7,fresh,P-FRESH,6,receiver_input,bounded_native_c_call_events,1386
complementary_k5_n7,fresh,P-FRESH,6,receiver_input,current_request_bytes,1962
complementary_k5_n7,fresh,P-FRESH,6,receiver_input,observed_python_opcode_events,91221
complementary_k5_n7,fresh,P-FRESH,6,receiver_input,proof_input_bytes,2573
complementary_k5_n7,fresh,P-FRESH,6,receiver_storage,bounded_native_c_call_events,16
complementary_k5_n7,fresh,P-FRESH,6,receiver_storage,live_serialized_byte_periods,11380
complementary_k5_n7,fresh,P-FRESH,6,receiver_storage,observed_python_opcode_events,751
complementary_k5_n7,fresh,P-FRESH,6,request_encoding,bounded_native_c_call_events,1455
complementary_k5_n7,fresh,P-FRESH,6,request_encoding,observed_python_opcode_events,36749
complementary_k5_n7,fresh,P-FRESH,6,terminal,bounded_native_c_call_events,902
complementary_k5_n7,fresh,P-FRESH,6,terminal,candidate_publication_events,1
complementary_k5_n7,fresh,P-FRESH,6,terminal,current_receipt_output_bytes,3457
complementary_k5_n7,fresh,P-FRESH,6,terminal,delivery_events,1
complementary_k5_n7,fresh,P-FRESH,6,terminal,observed_python_opcode_events,22438
complementary_k5_n7,fresh,P-REUSE,1,common_source,bounded_native_c_call_events,371
complementary_k5_n7,fresh,P-REUSE,1,common_source,observed_python_opcode_events,32551
complementary_k5_n7,fresh,P-REUSE,1,common_source,source_hash_bytes_prepaid,197956
complementary_k5_n7,fresh,P-REUSE,1,common_source,source_length_probe_bytes_prepaid,8
complementary_k5_n7,fresh,P-REUSE,1,common_source,source_program_bytes_prepaid,197956
complementary_k5_n7,fresh,P-REUSE,1,common_source,source_record_bytes,1199
complementary_k5_n7,fresh,P-REUSE,1,coordination,bounded_native_c_call_events,19
complementary_k5_n7,fresh,P-REUSE,1,coordination,observed_python_opcode_events,1467
complementary_k5_n7,fresh,P-REUSE,1,producer_build,bounded_native_c_call_events,15752
complementary_k5_n7,fresh,P-REUSE,1,producer_build,observed_python_opcode_events,362247
complementary_k5_n7,fresh,P-REUSE,1,producer_export,bounded_native_c_call_events,11
complementary_k5_n7,fresh,P-REUSE,1,producer_export,observed_python_opcode_events,3747
complementary_k5_n7,fresh,P-REUSE,1,producer_export,proof_output_bytes,4813
complementary_k5_n7,fresh,P-REUSE,1,producer_init,observed_python_opcode_events,4
complementary_k5_n7,fresh,P-REUSE,1,producer_input,bounded_native_c_call_events,1201
complementary_k5_n7,fresh,P-REUSE,1,producer_input,current_request_bytes,1810
complementary_k5_n7,fresh,P-REUSE,1,producer_input,observed_python_opcode_events,83071
complementary_k5_n7,fresh,P-REUSE,1,producer_old_admission,bounded_native_c_call_events,27784
complementary_k5_n7,fresh,P-REUSE,1,producer_old_admission,observed_python_opcode_events,690179
complementary_k5_n7,fresh,P-REUSE,1,producer_old_build,bounded_native_c_call_events,55636
complementary_k5_n7,fresh,P-REUSE,1,producer_old_build,observed_python_opcode_events,1369228
complementary_k5_n7,fresh,P-REUSE,1,producer_old_export,bounded_native_c_call_events,574
complementary_k5_n7,fresh,P-REUSE,1,producer_old_export,observed_python_opcode_events,29476
complementary_k5_n7,fresh,P-REUSE,1,producer_old_export,old_proof_output_bytes,4641
complementary_k5_n7,fresh,P-REUSE,1,producer_old_input,bounded_native_c_call_events,2843
complementary_k5_n7,fresh,P-REUSE,1,producer_old_input,observed_python_opcode_events,157404
complementary_k5_n7,fresh,P-REUSE,1,producer_old_input,old_request_bytes,2871
complementary_k5_n7,fresh,P-REUSE,1,producer_storage,bounded_native_c_call_events,2015
complementary_k5_n7,fresh,P-REUSE,1,producer_storage,live_serialized_byte_periods,49684
complementary_k5_n7,fresh,P-REUSE,1,producer_storage,observed_python_opcode_events,54642
complementary_k5_n7,fresh,P-REUSE,1,receiver_check,bounded_native_c_call_events,6717
complementary_k5_n7,fresh,P-REUSE,1,receiver_check,observed_python_opcode_events,159964
complementary_k5_n7,fresh,P-REUSE,1,receiver_import,bounded_native_c_call_events,135
complementary_k5_n7,fresh,P-REUSE,1,receiver_import,observed_python_opcode_events,72782
complementary_k5_n7,fresh,P-REUSE,1,receiver_init,observed_python_opcode_events,4
complementary_k5_n7,fresh,P-REUSE,1,receiver_input,bounded_native_c_call_events,1201
complementary_k5_n7,fresh,P-REUSE,1,receiver_input,current_request_bytes,1810
complementary_k5_n7,fresh,P-REUSE,1,receiver_input,observed_python_opcode_events,83071
complementary_k5_n7,fresh,P-REUSE,1,receiver_input,proof_input_bytes,4813
complementary_k5_n7,fresh,P-REUSE,1,receiver_old_check,bounded_native_c_call_events,27784
complementary_k5_n7,fresh,P-REUSE,1,receiver_old_check,observed_python_opcode_events,690177
complementary_k5_n7,fresh,P-REUSE,1,receiver_old_import,bounded_native_c_call_events,1534
complementary_k5_n7,fresh,P-REUSE,1,receiver_old_import,observed_python_opcode_events,159829
complementary_k5_n7,fresh,P-REUSE,1,receiver_old_input,bounded_native_c_call_events,2843
complementary_k5_n7,fresh,P-REUSE,1,receiver_old_input,observed_python_opcode_events,157404
complementary_k5_n7,fresh,P-REUSE,1,receiver_old_input,old_proof_input_bytes,4641
complementary_k5_n7,fresh,P-REUSE,1,receiver_old_input,old_request_bytes,2871
complementary_k5_n7,fresh,P-REUSE,1,receiver_storage,bounded_native_c_call_events,1455
complementary_k5_n7,fresh,P-REUSE,1,receiver_storage,live_serialized_byte_periods,29980
complementary_k5_n7,fresh,P-REUSE,1,receiver_storage,observed_python_opcode_events,38724
complementary_k5_n7,fresh,P-REUSE,1,request_encoding,bounded_native_c_call_events,1302
complementary_k5_n7,fresh,P-REUSE,1,request_encoding,observed_python_opcode_events,33081
complementary_k5_n7,fresh,P-REUSE,1,terminal,bounded_native_c_call_events,823
complementary_k5_n7,fresh,P-REUSE,1,terminal,candidate_publication_events,1
complementary_k5_n7,fresh,P-REUSE,1,terminal,current_receipt_output_bytes,3305
complementary_k5_n7,fresh,P-REUSE,1,terminal,delivery_events,1
complementary_k5_n7,fresh,P-REUSE,1,terminal,observed_python_opcode_events,20476
complementary_k5_n7,fresh,P-REUSE,2,coordination,bounded_native_c_call_events,12
complementary_k5_n7,fresh,P-REUSE,2,coordination,observed_python_opcode_events,976
complementary_k5_n7,fresh,P-REUSE,2,producer_build,bounded_native_c_call_events,16585
complementary_k5_n7,fresh,P-REUSE,2,producer_build,observed_python_opcode_events,377395
complementary_k5_n7,fresh,P-REUSE,2,producer_export,bounded_native_c_call_events,11
complementary_k5_n7,fresh,P-REUSE,2,producer_export,observed_python_opcode_events,3747
complementary_k5_n7,fresh,P-REUSE,2,producer_export,proof_output_bytes,4835
complementary_k5_n7,fresh,P-REUSE,2,producer_input,bounded_native_c_call_events,1230
complementary_k5_n7,fresh,P-REUSE,2,producer_input,current_request_bytes,1832
complementary_k5_n7,fresh,P-REUSE,2,producer_input,observed_python_opcode_events,84486
complementary_k5_n7,fresh,P-REUSE,2,producer_storage,bounded_native_c_call_events,1137
complementary_k5_n7,fresh,P-REUSE,2,producer_storage,live_serialized_byte_periods,23695
complementary_k5_n7,fresh,P-REUSE,2,producer_storage,observed_python_opcode_events,31009
complementary_k5_n7,fresh,P-REUSE,2,receiver_check,bounded_native_c_call_events,7082
complementary_k5_n7,fresh,P-REUSE,2,receiver_check,observed_python_opcode_events,166283
complementary_k5_n7,fresh,P-REUSE,2,receiver_import,bounded_native_c_call_events,135
complementary_k5_n7,fresh,P-REUSE,2,receiver_import,observed_python_opcode_events,73080
complementary_k5_n7,fresh,P-REUSE,2,receiver_init,observed_python_opcode_events,4
complementary_k5_n7,fresh,P-REUSE,2,receiver_input,bounded_native_c_call_events,1230
complementary_k5_n7,fresh,P-REUSE,2,receiver_input,current_request_bytes,1832
complementary_k5_n7,fresh,P-REUSE,2,receiver_input,observed_python_opcode_events,84486
complementary_k5_n7,fresh,P-REUSE,2,receiver_input,proof_input_bytes,4835
complementary_k5_n7,fresh,P-REUSE,2,receiver_old_check,bounded_native_c_call_events,27784
complementary_k5_n7,fresh,P-REUSE,2,receiver_old_check,observed_python_opcode_events,690177
complementary_k5_n7,fresh,P-REUSE,2,receiver_old_import,bounded_native_c_call_events,1534
complementary_k5_n7,fresh,P-REUSE,2,receiver_old_import,observed_python_opcode_events,159829
complementary_k5_n7,fresh,P-REUSE,2,receiver_old_input,bounded_native_c_call_events,2843
complementary_k5_n7,fresh,P-REUSE,2,receiver_old_input,observed_python_opcode_events,157404
complementary_k5_n7,fresh,P-REUSE,2,receiver_old_input,old_proof_input_bytes,4641
complementary_k5_n7,fresh,P-REUSE,2,receiver_old_input,old_request_bytes,2871
complementary_k5_n7,fresh,P-REUSE,2,receiver_storage,bounded_native_c_call_events,1455
complementary_k5_n7,fresh,P-REUSE,2,receiver_storage,live_serialized_byte_periods,30070
complementary_k5_n7,fresh,P-REUSE,2,receiver_storage,observed_python_opcode_events,38724
complementary_k5_n7,fresh,P-REUSE,2,request_encoding,bounded_native_c_call_events,1338
complementary_k5_n7,fresh,P-REUSE,2,request_encoding,observed_python_opcode_events,33891
complementary_k5_n7,fresh,P-REUSE,2,terminal,bounded_native_c_call_events,855
complementary_k5_n7,fresh,P-REUSE,2,terminal,candidate_publication_events,1
complementary_k5_n7,fresh,P-REUSE,2,terminal,current_receipt_output_bytes,3327
complementary_k5_n7,fresh,P-REUSE,2,terminal,delivery_events,1
complementary_k5_n7,fresh,P-REUSE,2,terminal,observed_python_opcode_events,21220
complementary_k5_n7,fresh,P-REUSE,3,coordination,bounded_native_c_call_events,12
complementary_k5_n7,fresh,P-REUSE,3,coordination,observed_python_opcode_events,976
complementary_k5_n7,fresh,P-REUSE,3,producer_build,bounded_native_c_call_events,16587
complementary_k5_n7,fresh,P-REUSE,3,producer_build,observed_python_opcode_events,377163
complementary_k5_n7,fresh,P-REUSE,3,producer_export,bounded_native_c_call_events,11
complementary_k5_n7,fresh,P-REUSE,3,producer_export,observed_python_opcode_events,3747
complementary_k5_n7,fresh,P-REUSE,3,producer_export,proof_output_bytes,4841
complementary_k5_n7,fresh,P-REUSE,3,producer_input,bounded_native_c_call_events,1228
complementary_k5_n7,fresh,P-REUSE,3,producer_input,current_request_bytes,1838
complementary_k5_n7,fresh,P-REUSE,3,producer_input,observed_python_opcode_events,84659
complementary_k5_n7,fresh,P-REUSE,3,producer_storage,bounded_native_c_call_events,1137
complementary_k5_n7,fresh,P-REUSE,3,producer_storage,live_serialized_byte_periods,23707
complementary_k5_n7,fresh,P-REUSE,3,producer_storage,observed_python_opcode_events,31009
complementary_k5_n7,fresh,P-REUSE,3,receiver_check,bounded_native_c_call_events,7031
complementary_k5_n7,fresh,P-REUSE,3,receiver_check,observed_python_opcode_events,165143
complementary_k5_n7,fresh,P-REUSE,3,receiver_import,bounded_native_c_call_events,135
complementary_k5_n7,fresh,P-REUSE,3,receiver_import,observed_python_opcode_events,73170
complementary_k5_n7,fresh,P-REUSE,3,receiver_init,observed_python_opcode_events,4
complementary_k5_n7,fresh,P-REUSE,3,receiver_input,bounded_native_c_call_events,1228
complementary_k5_n7,fresh,P-REUSE,3,receiver_input,current_request_bytes,1838
complementary_k5_n7,fresh,P-REUSE,3,receiver_input,observed_python_opcode_events,84659
complementary_k5_n7,fresh,P-REUSE,3,receiver_input,proof_input_bytes,4841
complementary_k5_n7,fresh,P-REUSE,3,receiver_old_check,bounded_native_c_call_events,27784
complementary_k5_n7,fresh,P-REUSE,3,receiver_old_check,observed_python_opcode_events,690177
complementary_k5_n7,fresh,P-REUSE,3,receiver_old_import,bounded_native_c_call_events,1534
complementary_k5_n7,fresh,P-REUSE,3,receiver_old_import,observed_python_opcode_events,159829
complementary_k5_n7,fresh,P-REUSE,3,receiver_old_input,bounded_native_c_call_events,2843
complementary_k5_n7,fresh,P-REUSE,3,receiver_old_input,observed_python_opcode_events,157404
complementary_k5_n7,fresh,P-REUSE,3,receiver_old_input,old_proof_input_bytes,4641
complementary_k5_n7,fresh,P-REUSE,3,receiver_old_input,old_request_bytes,2871
complementary_k5_n7,fresh,P-REUSE,3,receiver_storage,bounded_native_c_call_events,1455
complementary_k5_n7,fresh,P-REUSE,3,receiver_storage,live_serialized_byte_periods,30088
complementary_k5_n7,fresh,P-REUSE,3,receiver_storage,observed_python_opcode_events,38724
complementary_k5_n7,fresh,P-REUSE,3,request_encoding,bounded_native_c_call_events,1338
complementary_k5_n7,fresh,P-REUSE,3,request_encoding,observed_python_opcode_events,33899
complementary_k5_n7,fresh,P-REUSE,3,terminal,bounded_native_c_call_events,813
complementary_k5_n7,fresh,P-REUSE,3,terminal,candidate_publication_events,1
complementary_k5_n7,fresh,P-REUSE,3,terminal,current_receipt_output_bytes,3333
complementary_k5_n7,fresh,P-REUSE,3,terminal,delivery_events,1
complementary_k5_n7,fresh,P-REUSE,3,terminal,observed_python_opcode_events,20344
complementary_k5_n7,fresh,P-REUSE,4,coordination,bounded_native_c_call_events,12
complementary_k5_n7,fresh,P-REUSE,4,coordination,observed_python_opcode_events,976
complementary_k5_n7,fresh,P-REUSE,4,producer_build,bounded_native_c_call_events,18042
complementary_k5_n7,fresh,P-REUSE,4,producer_build,observed_python_opcode_events,406206
complementary_k5_n7,fresh,P-REUSE,4,producer_export,bounded_native_c_call_events,11
complementary_k5_n7,fresh,P-REUSE,4,producer_export,observed_python_opcode_events,3747
complementary_k5_n7,fresh,P-REUSE,4,producer_export,proof_output_bytes,4934
complementary_k5_n7,fresh,P-REUSE,4,producer_input,bounded_native_c_call_events,1329
complementary_k5_n7,fresh,P-REUSE,4,producer_input,current_request_bytes,1931
complementary_k5_n7,fresh,P-REUSE,4,producer_input,observed_python_opcode_events,89318
complementary_k5_n7,fresh,P-REUSE,4,producer_storage,bounded_native_c_call_events,1137
complementary_k5_n7,fresh,P-REUSE,4,producer_storage,live_serialized_byte_periods,23965
complementary_k5_n7,fresh,P-REUSE,4,producer_storage,observed_python_opcode_events,31009
complementary_k5_n7,fresh,P-REUSE,4,receiver_check,bounded_native_c_call_events,7553
complementary_k5_n7,fresh,P-REUSE,4,receiver_check,observed_python_opcode_events,175376
complementary_k5_n7,fresh,P-REUSE,4,receiver_import,bounded_native_c_call_events,135
complementary_k5_n7,fresh,P-REUSE,4,receiver_import,observed_python_opcode_events,74421
complementary_k5_n7,fresh,P-REUSE,4,receiver_init,observed_python_opcode_events,4
complementary_k5_n7,fresh,P-REUSE,4,receiver_input,bounded_native_c_call_events,1329
complementary_k5_n7,fresh,P-REUSE,4,receiver_input,current_request_bytes,1931
complementary_k5_n7,fresh,P-REUSE,4,receiver_input,observed_python_opcode_events,89318
complementary_k5_n7,fresh,P-REUSE,4,receiver_input,proof_input_bytes,4934
complementary_k5_n7,fresh,P-REUSE,4,receiver_old_check,bounded_native_c_call_events,27784
complementary_k5_n7,fresh,P-REUSE,4,receiver_old_check,observed_python_opcode_events,690177
complementary_k5_n7,fresh,P-REUSE,4,receiver_old_import,bounded_native_c_call_events,1534
complementary_k5_n7,fresh,P-REUSE,4,receiver_old_import,observed_python_opcode_events,159829
complementary_k5_n7,fresh,P-REUSE,4,receiver_old_input,bounded_native_c_call_events,2843
complementary_k5_n7,fresh,P-REUSE,4,receiver_old_input,observed_python_opcode_events,157404
complementary_k5_n7,fresh,P-REUSE,4,receiver_old_input,old_proof_input_bytes,4641
complementary_k5_n7,fresh,P-REUSE,4,receiver_old_input,old_request_bytes,2871
complementary_k5_n7,fresh,P-REUSE,4,receiver_storage,bounded_native_c_call_events,1455
complementary_k5_n7,fresh,P-REUSE,4,receiver_storage,live_serialized_byte_periods,30475
complementary_k5_n7,fresh,P-REUSE,4,receiver_storage,observed_python_opcode_events,38724
complementary_k5_n7,fresh,P-REUSE,4,request_encoding,bounded_native_c_call_events,1414
complementary_k5_n7,fresh,P-REUSE,4,request_encoding,observed_python_opcode_events,35821
complementary_k5_n7,fresh,P-REUSE,4,terminal,bounded_native_c_call_events,927
complementary_k5_n7,fresh,P-REUSE,4,terminal,candidate_publication_events,1
complementary_k5_n7,fresh,P-REUSE,4,terminal,current_receipt_output_bytes,3426
complementary_k5_n7,fresh,P-REUSE,4,terminal,delivery_events,1
complementary_k5_n7,fresh,P-REUSE,4,terminal,observed_python_opcode_events,22977
complementary_k5_n7,fresh,P-REUSE,5,coordination,bounded_native_c_call_events,12
complementary_k5_n7,fresh,P-REUSE,5,coordination,observed_python_opcode_events,976
complementary_k5_n7,fresh,P-REUSE,5,producer_build,bounded_native_c_call_events,17879
complementary_k5_n7,fresh,P-REUSE,5,producer_build,observed_python_opcode_events,404931
complementary_k5_n7,fresh,P-REUSE,5,producer_export,bounded_native_c_call_events,11
complementary_k5_n7,fresh,P-REUSE,5,producer_export,observed_python_opcode_events,3747
complementary_k5_n7,fresh,P-REUSE,5,producer_export,proof_output_bytes,4938
complementary_k5_n7,fresh,P-REUSE,5,producer_input,bounded_native_c_call_events,1325
complementary_k5_n7,fresh,P-REUSE,5,producer_input,current_request_bytes,1935
complementary_k5_n7,fresh,P-REUSE,5,producer_input,observed_python_opcode_events,89436
complementary_k5_n7,fresh,P-REUSE,5,producer_storage,bounded_native_c_call_events,1137
complementary_k5_n7,fresh,P-REUSE,5,producer_storage,live_serialized_byte_periods,23973
complementary_k5_n7,fresh,P-REUSE,5,producer_storage,observed_python_opcode_events,31009
complementary_k5_n7,fresh,P-REUSE,5,receiver_check,bounded_native_c_call_events,7453
complementary_k5_n7,fresh,P-REUSE,5,receiver_check,observed_python_opcode_events,173522
complementary_k5_n7,fresh,P-REUSE,5,receiver_import,bounded_native_c_call_events,135
complementary_k5_n7,fresh,P-REUSE,5,receiver_import,observed_python_opcode_events,74481
complementary_k5_n7,fresh,P-REUSE,5,receiver_init,observed_python_opcode_events,4
complementary_k5_n7,fresh,P-REUSE,5,receiver_input,bounded_native_c_call_events,1325
complementary_k5_n7,fresh,P-REUSE,5,receiver_input,current_request_bytes,1935
complementary_k5_n7,fresh,P-REUSE,5,receiver_input,observed_python_opcode_events,89436
complementary_k5_n7,fresh,P-REUSE,5,receiver_input,proof_input_bytes,4938
complementary_k5_n7,fresh,P-REUSE,5,receiver_old_check,bounded_native_c_call_events,27784
complementary_k5_n7,fresh,P-REUSE,5,receiver_old_check,observed_python_opcode_events,690177
complementary_k5_n7,fresh,P-REUSE,5,receiver_old_import,bounded_native_c_call_events,1534
complementary_k5_n7,fresh,P-REUSE,5,receiver_old_import,observed_python_opcode_events,159829
complementary_k5_n7,fresh,P-REUSE,5,receiver_old_input,bounded_native_c_call_events,2843
complementary_k5_n7,fresh,P-REUSE,5,receiver_old_input,observed_python_opcode_events,157404
complementary_k5_n7,fresh,P-REUSE,5,receiver_old_input,old_proof_input_bytes,4641
complementary_k5_n7,fresh,P-REUSE,5,receiver_old_input,old_request_bytes,2871
complementary_k5_n7,fresh,P-REUSE,5,receiver_storage,bounded_native_c_call_events,1455
complementary_k5_n7,fresh,P-REUSE,5,receiver_storage,live_serialized_byte_periods,30487
complementary_k5_n7,fresh,P-REUSE,5,receiver_storage,observed_python_opcode_events,38724
complementary_k5_n7,fresh,P-REUSE,5,request_encoding,bounded_native_c_call_events,1414
complementary_k5_n7,fresh,P-REUSE,5,request_encoding,observed_python_opcode_events,35843
complementary_k5_n7,fresh,P-REUSE,5,terminal,bounded_native_c_call_events,875
complementary_k5_n7,fresh,P-REUSE,5,terminal,candidate_publication_events,1
complementary_k5_n7,fresh,P-REUSE,5,terminal,current_receipt_output_bytes,3430
complementary_k5_n7,fresh,P-REUSE,5,terminal,delivery_events,1
complementary_k5_n7,fresh,P-REUSE,5,terminal,observed_python_opcode_events,21765
complementary_k5_n7,fresh,P-REUSE,6,coordination,bounded_native_c_call_events,12
complementary_k5_n7,fresh,P-REUSE,6,coordination,observed_python_opcode_events,976
complementary_k5_n7,fresh,P-REUSE,6,producer_build,bounded_native_c_call_events,18737
complementary_k5_n7,fresh,P-REUSE,6,producer_build,observed_python_opcode_events,415346
complementary_k5_n7,fresh,P-REUSE,6,producer_export,bounded_native_c_call_events,11
complementary_k5_n7,fresh,P-REUSE,6,producer_export,observed_python_opcode_events,3751
complementary_k5_n7,fresh,P-REUSE,6,producer_export,proof_output_bytes,4965
complementary_k5_n7,fresh,P-REUSE,6,producer_input,bounded_native_c_call_events,1386
complementary_k5_n7,fresh,P-REUSE,6,producer_input,current_request_bytes,1962
complementary_k5_n7,fresh,P-REUSE,6,producer_input,observed_python_opcode_events,91221
complementary_k5_n7,fresh,P-REUSE,6,producer_storage,bounded_native_c_call_events,1137
complementary_k5_n7,fresh,P-REUSE,6,producer_storage,live_serialized_byte_periods,24051
complementary_k5_n7,fresh,P-REUSE,6,producer_storage,observed_python_opcode_events,31009
complementary_k5_n7,fresh,P-REUSE,6,receiver_check,bounded_native_c_call_events,7773
complementary_k5_n7,fresh,P-REUSE,6,receiver_check,observed_python_opcode_events,178030
complementary_k5_n7,fresh,P-REUSE,6,receiver_import,bounded_native_c_call_events,133
complementary_k5_n7,fresh,P-REUSE,6,receiver_import,observed_python_opcode_events,74827
complementary_k5_n7,fresh,P-REUSE,6,receiver_init,observed_python_opcode_events,4
complementary_k5_n7,fresh,P-REUSE,6,receiver_input,bounded_native_c_call_events,1386
complementary_k5_n7,fresh,P-REUSE,6,receiver_input,current_request_bytes,1962
complementary_k5_n7,fresh,P-REUSE,6,receiver_input,observed_python_opcode_events,91221
complementary_k5_n7,fresh,P-REUSE,6,receiver_input,proof_input_bytes,4965
complementary_k5_n7,fresh,P-REUSE,6,receiver_old_check,bounded_native_c_call_events,27784
complementary_k5_n7,fresh,P-REUSE,6,receiver_old_check,observed_python_opcode_events,690177
complementary_k5_n7,fresh,P-REUSE,6,receiver_old_import,bounded_native_c_call_events,1534
complementary_k5_n7,fresh,P-REUSE,6,receiver_old_import,observed_python_opcode_events,159829
complementary_k5_n7,fresh,P-REUSE,6,receiver_old_input,bounded_native_c_call_events,2843
complementary_k5_n7,fresh,P-REUSE,6,receiver_old_input,observed_python_opcode_events,157404
complementary_k5_n7,fresh,P-REUSE,6,receiver_old_input,old_proof_input_bytes,4641
complementary_k5_n7,fresh,P-REUSE,6,receiver_old_input,old_request_bytes,2871
complementary_k5_n7,fresh,P-REUSE,6,receiver_storage,bounded_native_c_call_events,1455
complementary_k5_n7,fresh,P-REUSE,6,receiver_storage,live_serialized_byte_periods,30604
complementary_k5_n7,fresh,P-REUSE,6,receiver_storage,observed_python_opcode_events,38724
complementary_k5_n7,fresh,P-REUSE,6,request_encoding,bounded_native_c_call_events,1455
complementary_k5_n7,fresh,P-REUSE,6,request_encoding,observed_python_opcode_events,36749
complementary_k5_n7,fresh,P-REUSE,6,terminal,bounded_native_c_call_events,902
complementary_k5_n7,fresh,P-REUSE,6,terminal,candidate_publication_events,1
complementary_k5_n7,fresh,P-REUSE,6,terminal,current_receipt_output_bytes,3457
complementary_k5_n7,fresh,P-REUSE,6,terminal,delivery_events,1
complementary_k5_n7,fresh,P-REUSE,6,terminal,observed_python_opcode_events,22438
complementary_k5_n7,resident,O-ADD-COLD,1,common_source,bounded_native_c_call_events,371
complementary_k5_n7,resident,O-ADD-COLD,1,common_source,observed_python_opcode_events,32551
complementary_k5_n7,resident,O-ADD-COLD,1,common_source,source_hash_bytes_prepaid,197956
complementary_k5_n7,resident,O-ADD-COLD,1,common_source,source_length_probe_bytes_prepaid,8
complementary_k5_n7,resident,O-ADD-COLD,1,common_source,source_program_bytes_prepaid,197956
complementary_k5_n7,resident,O-ADD-COLD,1,common_source,source_record_bytes,1199
complementary_k5_n7,resident,O-ADD-COLD,1,coordination,bounded_native_c_call_events,10
complementary_k5_n7,resident,O-ADD-COLD,1,coordination,observed_python_opcode_events,625
complementary_k5_n7,resident,O-ADD-COLD,1,producer_build,bounded_native_c_call_events,8963
complementary_k5_n7,resident,O-ADD-COLD,1,producer_build,observed_python_opcode_events,299701
complementary_k5_n7,resident,O-ADD-COLD,1,producer_export,bounded_native_c_call_events,8
complementary_k5_n7,resident,O-ADD-COLD,1,producer_export,observed_python_opcode_events,260
complementary_k5_n7,resident,O-ADD-COLD,1,producer_export,proof_output_bytes,9415
complementary_k5_n7,resident,O-ADD-COLD,1,producer_init,bounded_native_c_call_events,19
complementary_k5_n7,resident,O-ADD-COLD,1,producer_init,observed_python_opcode_events,891
complementary_k5_n7,resident,O-ADD-COLD,1,producer_input,bounded_native_c_call_events,1201
complementary_k5_n7,resident,O-ADD-COLD,1,producer_input,current_request_bytes,1810
complementary_k5_n7,resident,O-ADD-COLD,1,producer_input,observed_python_opcode_events,83071
complementary_k5_n7,resident,O-ADD-COLD,1,producer_storage,bounded_native_c_call_events,986
complementary_k5_n7,resident,O-ADD-COLD,1,producer_storage,live_serialized_byte_periods,32746
complementary_k5_n7,resident,O-ADD-COLD,1,producer_storage,observed_python_opcode_events,130782
complementary_k5_n7,resident,O-ADD-COLD,1,receiver_check,bounded_native_c_call_events,9088
complementary_k5_n7,resident,O-ADD-COLD,1,receiver_check,observed_python_opcode_events,532300
complementary_k5_n7,resident,O-ADD-COLD,1,receiver_init,bounded_native_c_call_events,130
complementary_k5_n7,resident,O-ADD-COLD,1,receiver_init,observed_python_opcode_events,27995
complementary_k5_n7,resident,O-ADD-COLD,1,receiver_input,bounded_native_c_call_events,1201
complementary_k5_n7,resident,O-ADD-COLD,1,receiver_input,current_request_bytes,1810
complementary_k5_n7,resident,O-ADD-COLD,1,receiver_input,observed_python_opcode_events,83071
complementary_k5_n7,resident,O-ADD-COLD,1,receiver_input,proof_input_bytes,9415
complementary_k5_n7,resident,O-ADD-COLD,1,receiver_storage,bounded_native_c_call_events,22
complementary_k5_n7,resident,O-ADD-COLD,1,receiver_storage,live_serialized_byte_periods,31374
complementary_k5_n7,resident,O-ADD-COLD,1,receiver_storage,observed_python_opcode_events,53680
complementary_k5_n7,resident,O-ADD-COLD,1,request_encoding,bounded_native_c_call_events,1302
complementary_k5_n7,resident,O-ADD-COLD,1,request_encoding,observed_python_opcode_events,33081
complementary_k5_n7,resident,O-ADD-COLD,1,terminal,bounded_native_c_call_events,823
complementary_k5_n7,resident,O-ADD-COLD,1,terminal,candidate_publication_events,1
complementary_k5_n7,resident,O-ADD-COLD,1,terminal,current_receipt_output_bytes,3305
complementary_k5_n7,resident,O-ADD-COLD,1,terminal,delivery_events,1
complementary_k5_n7,resident,O-ADD-COLD,1,terminal,observed_python_opcode_events,20476
complementary_k5_n7,resident,O-ADD-COLD,2,coordination,bounded_native_c_call_events,10
complementary_k5_n7,resident,O-ADD-COLD,2,coordination,observed_python_opcode_events,604
complementary_k5_n7,resident,O-ADD-COLD,2,producer_build,bounded_native_c_call_events,9614
complementary_k5_n7,resident,O-ADD-COLD,2,producer_build,observed_python_opcode_events,318570
complementary_k5_n7,resident,O-ADD-COLD,2,producer_export,bounded_native_c_call_events,8
complementary_k5_n7,resident,O-ADD-COLD,2,producer_export,observed_python_opcode_events,260
complementary_k5_n7,resident,O-ADD-COLD,2,producer_export,proof_output_bytes,9824
complementary_k5_n7,resident,O-ADD-COLD,2,producer_init,bounded_native_c_call_events,19
complementary_k5_n7,resident,O-ADD-COLD,2,producer_init,observed_python_opcode_events,891
complementary_k5_n7,resident,O-ADD-COLD,2,producer_input,bounded_native_c_call_events,1230
complementary_k5_n7,resident,O-ADD-COLD,2,producer_input,current_request_bytes,1832
complementary_k5_n7,resident,O-ADD-COLD,2,producer_input,observed_python_opcode_events,84486
complementary_k5_n7,resident,O-ADD-COLD,2,producer_storage,bounded_native_c_call_events,1012
complementary_k5_n7,resident,O-ADD-COLD,2,producer_storage,live_serialized_byte_periods,34107
complementary_k5_n7,resident,O-ADD-COLD,2,producer_storage,observed_python_opcode_events,141026
complementary_k5_n7,resident,O-ADD-COLD,2,receiver_check,bounded_native_c_call_events,9857
complementary_k5_n7,resident,O-ADD-COLD,2,receiver_check,observed_python_opcode_events,565857
complementary_k5_n7,resident,O-ADD-COLD,2,receiver_init,bounded_native_c_call_events,130
complementary_k5_n7,resident,O-ADD-COLD,2,receiver_init,observed_python_opcode_events,27995
complementary_k5_n7,resident,O-ADD-COLD,2,receiver_input,bounded_native_c_call_events,1230
complementary_k5_n7,resident,O-ADD-COLD,2,receiver_input,current_request_bytes,1832
complementary_k5_n7,resident,O-ADD-COLD,2,receiver_input,observed_python_opcode_events,84486
complementary_k5_n7,resident,O-ADD-COLD,2,receiver_input,proof_input_bytes,9824
complementary_k5_n7,resident,O-ADD-COLD,2,receiver_storage,bounded_native_c_call_events,22
complementary_k5_n7,resident,O-ADD-COLD,2,receiver_storage,live_serialized_byte_periods,32513
complementary_k5_n7,resident,O-ADD-COLD,2,receiver_storage,observed_python_opcode_events,60309
complementary_k5_n7,resident,O-ADD-COLD,2,request_encoding,bounded_native_c_call_events,1338
complementary_k5_n7,resident,O-ADD-COLD,2,request_encoding,observed_python_opcode_events,33891
complementary_k5_n7,resident,O-ADD-COLD,2,terminal,bounded_native_c_call_events,855
complementary_k5_n7,resident,O-ADD-COLD,2,terminal,candidate_publication_events,1
complementary_k5_n7,resident,O-ADD-COLD,2,terminal,current_receipt_output_bytes,3327
complementary_k5_n7,resident,O-ADD-COLD,2,terminal,delivery_events,1
complementary_k5_n7,resident,O-ADD-COLD,2,terminal,observed_python_opcode_events,21220
complementary_k5_n7,resident,O-ADD-COLD,3,coordination,bounded_native_c_call_events,10
complementary_k5_n7,resident,O-ADD-COLD,3,coordination,observed_python_opcode_events,604
complementary_k5_n7,resident,O-ADD-COLD,3,producer_build,bounded_native_c_call_events,10131
complementary_k5_n7,resident,O-ADD-COLD,3,producer_build,observed_python_opcode_events,339087
complementary_k5_n7,resident,O-ADD-COLD,3,producer_export,bounded_native_c_call_events,8
complementary_k5_n7,resident,O-ADD-COLD,3,producer_export,observed_python_opcode_events,260
complementary_k5_n7,resident,O-ADD-COLD,3,producer_export,proof_output_bytes,10331
complementary_k5_n7,resident,O-ADD-COLD,3,producer_init,bounded_native_c_call_events,19
complementary_k5_n7,resident,O-ADD-COLD,3,producer_init,observed_python_opcode_events,891
complementary_k5_n7,resident,O-ADD-COLD,3,producer_input,bounded_native_c_call_events,1228
complementary_k5_n7,resident,O-ADD-COLD,3,producer_input,current_request_bytes,1838
complementary_k5_n7,resident,O-ADD-COLD,3,producer_input,observed_python_opcode_events,84659
complementary_k5_n7,resident,O-ADD-COLD,3,producer_storage,bounded_native_c_call_events,1012
complementary_k5_n7,resident,O-ADD-COLD,3,producer_storage,live_serialized_byte_periods,35828
complementary_k5_n7,resident,O-ADD-COLD,3,producer_storage,observed_python_opcode_events,154401
complementary_k5_n7,resident,O-ADD-COLD,3,receiver_check,bounded_native_c_call_events,10756
complementary_k5_n7,resident,O-ADD-COLD,3,receiver_check,observed_python_opcode_events,608519
complementary_k5_n7,resident,O-ADD-COLD,3,receiver_init,bounded_native_c_call_events,130
complementary_k5_n7,resident,O-ADD-COLD,3,receiver_init,observed_python_opcode_events,27995
complementary_k5_n7,resident,O-ADD-COLD,3,receiver_input,bounded_native_c_call_events,1228
complementary_k5_n7,resident,O-ADD-COLD,3,receiver_input,current_request_bytes,1838
complementary_k5_n7,resident,O-ADD-COLD,3,receiver_input,observed_python_opcode_events,84659
complementary_k5_n7,resident,O-ADD-COLD,3,receiver_input,proof_input_bytes,10331
complementary_k5_n7,resident,O-ADD-COLD,3,receiver_storage,bounded_native_c_call_events,22
complementary_k5_n7,resident,O-ADD-COLD,3,receiver_storage,live_serialized_byte_periods,33935
complementary_k5_n7,resident,O-ADD-COLD,3,receiver_storage,observed_python_opcode_events,70195
complementary_k5_n7,resident,O-ADD-COLD,3,request_encoding,bounded_native_c_call_events,1338
complementary_k5_n7,resident,O-ADD-COLD,3,request_encoding,observed_python_opcode_events,33899
complementary_k5_n7,resident,O-ADD-COLD,3,terminal,bounded_native_c_call_events,813
complementary_k5_n7,resident,O-ADD-COLD,3,terminal,candidate_publication_events,1
complementary_k5_n7,resident,O-ADD-COLD,3,terminal,current_receipt_output_bytes,3333
complementary_k5_n7,resident,O-ADD-COLD,3,terminal,delivery_events,1
complementary_k5_n7,resident,O-ADD-COLD,3,terminal,observed_python_opcode_events,20344
complementary_k5_n7,resident,O-ADD-COLD,4,coordination,bounded_native_c_call_events,10
complementary_k5_n7,resident,O-ADD-COLD,4,coordination,observed_python_opcode_events,604
complementary_k5_n7,resident,O-ADD-COLD,4,producer_build,bounded_native_c_call_events,10954
complementary_k5_n7,resident,O-ADD-COLD,4,producer_build,observed_python_opcode_events,361766
complementary_k5_n7,resident,O-ADD-COLD,4,producer_export,bounded_native_c_call_events,8
complementary_k5_n7,resident,O-ADD-COLD,4,producer_export,observed_python_opcode_events,260
complementary_k5_n7,resident,O-ADD-COLD,4,producer_export,proof_output_bytes,10800
complementary_k5_n7,resident,O-ADD-COLD,4,producer_init,bounded_native_c_call_events,19
complementary_k5_n7,resident,O-ADD-COLD,4,producer_init,observed_python_opcode_events,891
complementary_k5_n7,resident,O-ADD-COLD,4,producer_input,bounded_native_c_call_events,1329
complementary_k5_n7,resident,O-ADD-COLD,4,producer_input,current_request_bytes,1931
complementary_k5_n7,resident,O-ADD-COLD,4,producer_input,observed_python_opcode_events,89318
complementary_k5_n7,resident,O-ADD-COLD,4,producer_storage,bounded_native_c_call_events,1038
complementary_k5_n7,resident,O-ADD-COLD,4,producer_storage,live_serialized_byte_periods,37345
complementary_k5_n7,resident,O-ADD-COLD,4,producer_storage,observed_python_opcode_events,163862
complementary_k5_n7,resident,O-ADD-COLD,4,receiver_check,bounded_native_c_call_events,11615
complementary_k5_n7,resident,O-ADD-COLD,4,receiver_check,observed_python_opcode_events,644982
complementary_k5_n7,resident,O-ADD-COLD,4,receiver_init,bounded_native_c_call_events,130
complementary_k5_n7,resident,O-ADD-COLD,4,receiver_init,observed_python_opcode_events,27995
complementary_k5_n7,resident,O-ADD-COLD,4,receiver_input,bounded_native_c_call_events,1329
complementary_k5_n7,resident,O-ADD-COLD,4,receiver_input,current_request_bytes,1931
complementary_k5_n7,resident,O-ADD-COLD,4,receiver_input,observed_python_opcode_events,89318
complementary_k5_n7,resident,O-ADD-COLD,4,receiver_input,proof_input_bytes,10800
complementary_k5_n7,resident,O-ADD-COLD,4,receiver_storage,bounded_native_c_call_events,22
complementary_k5_n7,resident,O-ADD-COLD,4,receiver_storage,live_serialized_byte_periods,35427
complementary_k5_n7,resident,O-ADD-COLD,4,receiver_storage,observed_python_opcode_events,76180
complementary_k5_n7,resident,O-ADD-COLD,4,request_encoding,bounded_native_c_call_events,1414
complementary_k5_n7,resident,O-ADD-COLD,4,request_encoding,observed_python_opcode_events,35821
complementary_k5_n7,resident,O-ADD-COLD,4,terminal,bounded_native_c_call_events,927
complementary_k5_n7,resident,O-ADD-COLD,4,terminal,candidate_publication_events,1
complementary_k5_n7,resident,O-ADD-COLD,4,terminal,current_receipt_output_bytes,3426
complementary_k5_n7,resident,O-ADD-COLD,4,terminal,delivery_events,1
complementary_k5_n7,resident,O-ADD-COLD,4,terminal,observed_python_opcode_events,22977
complementary_k5_n7,resident,O-ADD-COLD,5,coordination,bounded_native_c_call_events,10
complementary_k5_n7,resident,O-ADD-COLD,5,coordination,observed_python_opcode_events,604
complementary_k5_n7,resident,O-ADD-COLD,5,producer_build,bounded_native_c_call_events,10456
complementary_k5_n7,resident,O-ADD-COLD,5,producer_build,observed_python_opcode_events,341092
complementary_k5_n7,resident,O-ADD-COLD,5,producer_export,bounded_native_c_call_events,8
complementary_k5_n7,resident,O-ADD-COLD,5,producer_export,observed_python_opcode_events,260
complementary_k5_n7,resident,O-ADD-COLD,5,producer_export,proof_output_bytes,10353
complementary_k5_n7,resident,O-ADD-COLD,5,producer_init,bounded_native_c_call_events,19
complementary_k5_n7,resident,O-ADD-COLD,5,producer_init,observed_python_opcode_events,891
complementary_k5_n7,resident,O-ADD-COLD,5,producer_input,bounded_native_c_call_events,1325
complementary_k5_n7,resident,O-ADD-COLD,5,producer_input,current_request_bytes,1935
complementary_k5_n7,resident,O-ADD-COLD,5,producer_input,observed_python_opcode_events,89436
complementary_k5_n7,resident,O-ADD-COLD,5,producer_storage,bounded_native_c_call_events,1058
complementary_k5_n7,resident,O-ADD-COLD,5,producer_storage,live_serialized_byte_periods,35804
complementary_k5_n7,resident,O-ADD-COLD,5,producer_storage,observed_python_opcode_events,152015
complementary_k5_n7,resident,O-ADD-COLD,5,receiver_check,bounded_native_c_call_events,10724
complementary_k5_n7,resident,O-ADD-COLD,5,receiver_check,observed_python_opcode_events,603748
complementary_k5_n7,resident,O-ADD-COLD,5,receiver_init,bounded_native_c_call_events,130
complementary_k5_n7,resident,O-ADD-COLD,5,receiver_init,observed_python_opcode_events,27995
complementary_k5_n7,resident,O-ADD-COLD,5,receiver_input,bounded_native_c_call_events,1325
complementary_k5_n7,resident,O-ADD-COLD,5,receiver_input,current_request_bytes,1935
complementary_k5_n7,resident,O-ADD-COLD,5,receiver_input,observed_python_opcode_events,89436
complementary_k5_n7,resident,O-ADD-COLD,5,receiver_input,proof_input_bytes,10353
complementary_k5_n7,resident,O-ADD-COLD,5,receiver_storage,bounded_native_c_call_events,22
complementary_k5_n7,resident,O-ADD-COLD,5,receiver_storage,live_serialized_byte_periods,34148
complementary_k5_n7,resident,O-ADD-COLD,5,receiver_storage,observed_python_opcode_events,66960
complementary_k5_n7,resident,O-ADD-COLD,5,request_encoding,bounded_native_c_call_events,1414
complementary_k5_n7,resident,O-ADD-COLD,5,request_encoding,observed_python_opcode_events,35843
complementary_k5_n7,resident,O-ADD-COLD,5,terminal,bounded_native_c_call_events,875
complementary_k5_n7,resident,O-ADD-COLD,5,terminal,candidate_publication_events,1
complementary_k5_n7,resident,O-ADD-COLD,5,terminal,current_receipt_output_bytes,3430
complementary_k5_n7,resident,O-ADD-COLD,5,terminal,delivery_events,1
complementary_k5_n7,resident,O-ADD-COLD,5,terminal,observed_python_opcode_events,21765
complementary_k5_n7,resident,O-ADD-COLD,6,coordination,bounded_native_c_call_events,10
complementary_k5_n7,resident,O-ADD-COLD,6,coordination,observed_python_opcode_events,604
complementary_k5_n7,resident,O-ADD-COLD,6,producer_build,bounded_native_c_call_events,11438
complementary_k5_n7,resident,O-ADD-COLD,6,producer_build,observed_python_opcode_events,370809
complementary_k5_n7,resident,O-ADD-COLD,6,producer_export,bounded_native_c_call_events,8
complementary_k5_n7,resident,O-ADD-COLD,6,producer_export,observed_python_opcode_events,260
complementary_k5_n7,resident,O-ADD-COLD,6,producer_export,proof_output_bytes,11154
complementary_k5_n7,resident,O-ADD-COLD,6,producer_init,bounded_native_c_call_events,19
complementary_k5_n7,resident,O-ADD-COLD,6,producer_init,observed_python_opcode_events,891
complementary_k5_n7,resident,O-ADD-COLD,6,producer_input,bounded_native_c_call_events,1386
complementary_k5_n7,resident,O-ADD-COLD,6,producer_input,current_request_bytes,1962
complementary_k5_n7,resident,O-ADD-COLD,6,producer_input,observed_python_opcode_events,91221
complementary_k5_n7,resident,O-ADD-COLD,6,producer_storage,bounded_native_c_call_events,1198
complementary_k5_n7,resident,O-ADD-COLD,6,producer_storage,live_serialized_byte_periods,38542
complementary_k5_n7,resident,O-ADD-COLD,6,producer_storage,observed_python_opcode_events,167380
complementary_k5_n7,resident,O-ADD-COLD,6,receiver_check,bounded_native_c_call_events,11707
complementary_k5_n7,resident,O-ADD-COLD,6,receiver_check,observed_python_opcode_events,658057
complementary_k5_n7,resident,O-ADD-COLD,6,receiver_init,bounded_native_c_call_events,130
complementary_k5_n7,resident,O-ADD-COLD,6,receiver_init,observed_python_opcode_events,27995
complementary_k5_n7,resident,O-ADD-COLD,6,receiver_input,bounded_native_c_call_events,1386
complementary_k5_n7,resident,O-ADD-COLD,6,receiver_input,current_request_bytes,1962
complementary_k5_n7,resident,O-ADD-COLD,6,receiver_input,observed_python_opcode_events,91221
complementary_k5_n7,resident,O-ADD-COLD,6,receiver_input,proof_input_bytes,11154
complementary_k5_n7,resident,O-ADD-COLD,6,receiver_storage,bounded_native_c_call_events,22
complementary_k5_n7,resident,O-ADD-COLD,6,receiver_storage,live_serialized_byte_periods,36346
complementary_k5_n7,resident,O-ADD-COLD,6,receiver_storage,observed_python_opcode_events,75032
complementary_k5_n7,resident,O-ADD-COLD,6,request_encoding,bounded_native_c_call_events,1455
complementary_k5_n7,resident,O-ADD-COLD,6,request_encoding,observed_python_opcode_events,36749
complementary_k5_n7,resident,O-ADD-COLD,6,terminal,bounded_native_c_call_events,902
complementary_k5_n7,resident,O-ADD-COLD,6,terminal,candidate_publication_events,1
complementary_k5_n7,resident,O-ADD-COLD,6,terminal,current_receipt_output_bytes,3457
complementary_k5_n7,resident,O-ADD-COLD,6,terminal,delivery_events,1
complementary_k5_n7,resident,O-ADD-COLD,6,terminal,observed_python_opcode_events,22438
complementary_k5_n7,resident,O-ADD-PORTFOLIO,1,common_source,bounded_native_c_call_events,371
complementary_k5_n7,resident,O-ADD-PORTFOLIO,1,common_source,observed_python_opcode_events,32551
complementary_k5_n7,resident,O-ADD-PORTFOLIO,1,common_source,source_hash_bytes_prepaid,197956
complementary_k5_n7,resident,O-ADD-PORTFOLIO,1,common_source,source_length_probe_bytes_prepaid,8
complementary_k5_n7,resident,O-ADD-PORTFOLIO,1,common_source,source_program_bytes_prepaid,197956
complementary_k5_n7,resident,O-ADD-PORTFOLIO,1,common_source,source_record_bytes,1199
complementary_k5_n7,resident,O-ADD-PORTFOLIO,1,coordination,bounded_native_c_call_events,19
complementary_k5_n7,resident,O-ADD-PORTFOLIO,1,coordination,observed_python_opcode_events,1724
complementary_k5_n7,resident,O-ADD-PORTFOLIO,1,producer_build,bounded_native_c_call_events,15752
complementary_k5_n7,resident,O-ADD-PORTFOLIO,1,producer_build,observed_python_opcode_events,362247
complementary_k5_n7,resident,O-ADD-PORTFOLIO,1,producer_export,bounded_native_c_call_events,11
complementary_k5_n7,resident,O-ADD-PORTFOLIO,1,producer_export,observed_python_opcode_events,3747
complementary_k5_n7,resident,O-ADD-PORTFOLIO,1,producer_export,proof_output_bytes,4813
complementary_k5_n7,resident,O-ADD-PORTFOLIO,1,producer_init,bounded_native_c_call_events,149
complementary_k5_n7,resident,O-ADD-PORTFOLIO,1,producer_init,observed_python_opcode_events,28890
complementary_k5_n7,resident,O-ADD-PORTFOLIO,1,producer_input,bounded_native_c_call_events,1201
complementary_k5_n7,resident,O-ADD-PORTFOLIO,1,producer_input,current_request_bytes,1810
complementary_k5_n7,resident,O-ADD-PORTFOLIO,1,producer_input,observed_python_opcode_events,83071
complementary_k5_n7,resident,O-ADD-PORTFOLIO,1,producer_old_admission,bounded_native_c_call_events,9264
complementary_k5_n7,resident,O-ADD-PORTFOLIO,1,producer_old_admission,observed_python_opcode_events,525758
complementary_k5_n7,resident,O-ADD-PORTFOLIO,1,producer_old_build,bounded_native_c_call_events,8074
complementary_k5_n7,resident,O-ADD-PORTFOLIO,1,producer_old_build,observed_python_opcode_events,261158
complementary_k5_n7,resident,O-ADD-PORTFOLIO,1,producer_old_export,bounded_native_c_call_events,16
complementary_k5_n7,resident,O-ADD-PORTFOLIO,1,producer_old_export,observed_python_opcode_events,520
complementary_k5_n7,resident,O-ADD-PORTFOLIO,1,producer_old_export,old_proof_output_bytes,10765
complementary_k5_n7,resident,O-ADD-PORTFOLIO,1,producer_old_input,bounded_native_c_call_events,2843
complementary_k5_n7,resident,O-ADD-PORTFOLIO,1,producer_old_input,observed_python_opcode_events,157404
complementary_k5_n7,resident,O-ADD-PORTFOLIO,1,producer_old_input,old_request_bytes,2871
complementary_k5_n7,resident,O-ADD-PORTFOLIO,1,producer_storage,bounded_native_c_call_events,2851
complementary_k5_n7,resident,O-ADD-PORTFOLIO,1,producer_storage,live_serialized_byte_periods,122659
complementary_k5_n7,resident,O-ADD-PORTFOLIO,1,producer_storage,observed_python_opcode_events,343224
complementary_k5_n7,resident,O-ADD-PORTFOLIO,1,receiver_check,bounded_native_c_call_events,6717
complementary_k5_n7,resident,O-ADD-PORTFOLIO,1,receiver_check,observed_python_opcode_events,159964
complementary_k5_n7,resident,O-ADD-PORTFOLIO,1,receiver_import,bounded_native_c_call_events,135
complementary_k5_n7,resident,O-ADD-PORTFOLIO,1,receiver_import,observed_python_opcode_events,72782
complementary_k5_n7,resident,O-ADD-PORTFOLIO,1,receiver_init,bounded_native_c_call_events,130
complementary_k5_n7,resident,O-ADD-PORTFOLIO,1,receiver_init,observed_python_opcode_events,27999
complementary_k5_n7,resident,O-ADD-PORTFOLIO,1,receiver_input,bounded_native_c_call_events,1201
complementary_k5_n7,resident,O-ADD-PORTFOLIO,1,receiver_input,current_request_bytes,1810
complementary_k5_n7,resident,O-ADD-PORTFOLIO,1,receiver_input,observed_python_opcode_events,83071
complementary_k5_n7,resident,O-ADD-PORTFOLIO,1,receiver_input,proof_input_bytes,4813
complementary_k5_n7,resident,O-ADD-PORTFOLIO,1,receiver_old_check,bounded_native_c_call_events,9242
complementary_k5_n7,resident,O-ADD-PORTFOLIO,1,receiver_old_check,observed_python_opcode_events,524912
complementary_k5_n7,resident,O-ADD-PORTFOLIO,1,receiver_old_input,bounded_native_c_call_events,2843
complementary_k5_n7,resident,O-ADD-PORTFOLIO,1,receiver_old_input,observed_python_opcode_events,157404
complementary_k5_n7,resident,O-ADD-PORTFOLIO,1,receiver_old_input,old_proof_input_bytes,10765
complementary_k5_n7,resident,O-ADD-PORTFOLIO,1,receiver_old_input,old_request_bytes,2871
complementary_k5_n7,resident,O-ADD-PORTFOLIO,1,receiver_storage,bounded_native_c_call_events,1491
complementary_k5_n7,resident,O-ADD-PORTFOLIO,1,receiver_storage,live_serialized_byte_periods,57609
complementary_k5_n7,resident,O-ADD-PORTFOLIO,1,receiver_storage,observed_python_opcode_events,132698
complementary_k5_n7,resident,O-ADD-PORTFOLIO,1,request_encoding,bounded_native_c_call_events,1302
complementary_k5_n7,resident,O-ADD-PORTFOLIO,1,request_encoding,observed_python_opcode_events,33081
complementary_k5_n7,resident,O-ADD-PORTFOLIO,1,terminal,bounded_native_c_call_events,823
complementary_k5_n7,resident,O-ADD-PORTFOLIO,1,terminal,candidate_publication_events,1
complementary_k5_n7,resident,O-ADD-PORTFOLIO,1,terminal,current_receipt_output_bytes,3305
complementary_k5_n7,resident,O-ADD-PORTFOLIO,1,terminal,delivery_events,1
complementary_k5_n7,resident,O-ADD-PORTFOLIO,1,terminal,observed_python_opcode_events,20476
complementary_k5_n7,resident,O-ADD-PORTFOLIO,2,coordination,bounded_native_c_call_events,10
complementary_k5_n7,resident,O-ADD-PORTFOLIO,2,coordination,observed_python_opcode_events,592
complementary_k5_n7,resident,O-ADD-PORTFOLIO,2,producer_build,bounded_native_c_call_events,16585
complementary_k5_n7,resident,O-ADD-PORTFOLIO,2,producer_build,observed_python_opcode_events,377395
complementary_k5_n7,resident,O-ADD-PORTFOLIO,2,producer_export,bounded_native_c_call_events,11
complementary_k5_n7,resident,O-ADD-PORTFOLIO,2,producer_export,observed_python_opcode_events,3747
complementary_k5_n7,resident,O-ADD-PORTFOLIO,2,producer_export,proof_output_bytes,4835
complementary_k5_n7,resident,O-ADD-PORTFOLIO,2,producer_input,bounded_native_c_call_events,1230
complementary_k5_n7,resident,O-ADD-PORTFOLIO,2,producer_input,current_request_bytes,1832
complementary_k5_n7,resident,O-ADD-PORTFOLIO,2,producer_input,observed_python_opcode_events,84486
complementary_k5_n7,resident,O-ADD-PORTFOLIO,2,producer_storage,bounded_native_c_call_events,1135
complementary_k5_n7,resident,O-ADD-PORTFOLIO,2,producer_storage,live_serialized_byte_periods,18055
complementary_k5_n7,resident,O-ADD-PORTFOLIO,2,producer_storage,observed_python_opcode_events,30937
complementary_k5_n7,resident,O-ADD-PORTFOLIO,2,receiver_check,bounded_native_c_call_events,7082
complementary_k5_n7,resident,O-ADD-PORTFOLIO,2,receiver_check,observed_python_opcode_events,166283
complementary_k5_n7,resident,O-ADD-PORTFOLIO,2,receiver_import,bounded_native_c_call_events,135
complementary_k5_n7,resident,O-ADD-PORTFOLIO,2,receiver_import,observed_python_opcode_events,73080
complementary_k5_n7,resident,O-ADD-PORTFOLIO,2,receiver_input,bounded_native_c_call_events,1230
complementary_k5_n7,resident,O-ADD-PORTFOLIO,2,receiver_input,current_request_bytes,1832
complementary_k5_n7,resident,O-ADD-PORTFOLIO,2,receiver_input,observed_python_opcode_events,84486
complementary_k5_n7,resident,O-ADD-PORTFOLIO,2,receiver_input,proof_input_bytes,4835
complementary_k5_n7,resident,O-ADD-PORTFOLIO,2,receiver_storage,bounded_native_c_call_events,580
complementary_k5_n7,resident,O-ADD-PORTFOLIO,2,receiver_storage,live_serialized_byte_periods,16630
complementary_k5_n7,resident,O-ADD-PORTFOLIO,2,receiver_storage,observed_python_opcode_events,15561
complementary_k5_n7,resident,O-ADD-PORTFOLIO,2,request_encoding,bounded_native_c_call_events,1338
complementary_k5_n7,resident,O-ADD-PORTFOLIO,2,request_encoding,observed_python_opcode_events,33891
complementary_k5_n7,resident,O-ADD-PORTFOLIO,2,terminal,bounded_native_c_call_events,855
complementary_k5_n7,resident,O-ADD-PORTFOLIO,2,terminal,candidate_publication_events,1
complementary_k5_n7,resident,O-ADD-PORTFOLIO,2,terminal,current_receipt_output_bytes,3327
complementary_k5_n7,resident,O-ADD-PORTFOLIO,2,terminal,delivery_events,1
complementary_k5_n7,resident,O-ADD-PORTFOLIO,2,terminal,observed_python_opcode_events,21220
complementary_k5_n7,resident,O-ADD-PORTFOLIO,3,coordination,bounded_native_c_call_events,10
complementary_k5_n7,resident,O-ADD-PORTFOLIO,3,coordination,observed_python_opcode_events,592
complementary_k5_n7,resident,O-ADD-PORTFOLIO,3,producer_build,bounded_native_c_call_events,16587
complementary_k5_n7,resident,O-ADD-PORTFOLIO,3,producer_build,observed_python_opcode_events,377163
complementary_k5_n7,resident,O-ADD-PORTFOLIO,3,producer_export,bounded_native_c_call_events,11
complementary_k5_n7,resident,O-ADD-PORTFOLIO,3,producer_export,observed_python_opcode_events,3747
complementary_k5_n7,resident,O-ADD-PORTFOLIO,3,producer_export,proof_output_bytes,4841
complementary_k5_n7,resident,O-ADD-PORTFOLIO,3,producer_input,bounded_native_c_call_events,1228
complementary_k5_n7,resident,O-ADD-PORTFOLIO,3,producer_input,current_request_bytes,1838
complementary_k5_n7,resident,O-ADD-PORTFOLIO,3,producer_input,observed_python_opcode_events,84659
complementary_k5_n7,resident,O-ADD-PORTFOLIO,3,producer_storage,bounded_native_c_call_events,1135
complementary_k5_n7,resident,O-ADD-PORTFOLIO,3,producer_storage,live_serialized_byte_periods,18067
complementary_k5_n7,resident,O-ADD-PORTFOLIO,3,producer_storage,observed_python_opcode_events,30937
complementary_k5_n7,resident,O-ADD-PORTFOLIO,3,receiver_check,bounded_native_c_call_events,7031
complementary_k5_n7,resident,O-ADD-PORTFOLIO,3,receiver_check,observed_python_opcode_events,165143
complementary_k5_n7,resident,O-ADD-PORTFOLIO,3,receiver_import,bounded_native_c_call_events,135
complementary_k5_n7,resident,O-ADD-PORTFOLIO,3,receiver_import,observed_python_opcode_events,73170
complementary_k5_n7,resident,O-ADD-PORTFOLIO,3,receiver_input,bounded_native_c_call_events,1228
complementary_k5_n7,resident,O-ADD-PORTFOLIO,3,receiver_input,current_request_bytes,1838
complementary_k5_n7,resident,O-ADD-PORTFOLIO,3,receiver_input,observed_python_opcode_events,84659
complementary_k5_n7,resident,O-ADD-PORTFOLIO,3,receiver_input,proof_input_bytes,4841
complementary_k5_n7,resident,O-ADD-PORTFOLIO,3,receiver_storage,bounded_native_c_call_events,580
complementary_k5_n7,resident,O-ADD-PORTFOLIO,3,receiver_storage,live_serialized_byte_periods,16648
complementary_k5_n7,resident,O-ADD-PORTFOLIO,3,receiver_storage,observed_python_opcode_events,15561
complementary_k5_n7,resident,O-ADD-PORTFOLIO,3,request_encoding,bounded_native_c_call_events,1338
complementary_k5_n7,resident,O-ADD-PORTFOLIO,3,request_encoding,observed_python_opcode_events,33899
complementary_k5_n7,resident,O-ADD-PORTFOLIO,3,terminal,bounded_native_c_call_events,813
complementary_k5_n7,resident,O-ADD-PORTFOLIO,3,terminal,candidate_publication_events,1
complementary_k5_n7,resident,O-ADD-PORTFOLIO,3,terminal,current_receipt_output_bytes,3333
complementary_k5_n7,resident,O-ADD-PORTFOLIO,3,terminal,delivery_events,1
complementary_k5_n7,resident,O-ADD-PORTFOLIO,3,terminal,observed_python_opcode_events,20344
complementary_k5_n7,resident,O-ADD-PORTFOLIO,4,coordination,bounded_native_c_call_events,10
complementary_k5_n7,resident,O-ADD-PORTFOLIO,4,coordination,observed_python_opcode_events,592
complementary_k5_n7,resident,O-ADD-PORTFOLIO,4,producer_build,bounded_native_c_call_events,18042
complementary_k5_n7,resident,O-ADD-PORTFOLIO,4,producer_build,observed_python_opcode_events,406206
complementary_k5_n7,resident,O-ADD-PORTFOLIO,4,producer_export,bounded_native_c_call_events,11
complementary_k5_n7,resident,O-ADD-PORTFOLIO,4,producer_export,observed_python_opcode_events,3747
complementary_k5_n7,resident,O-ADD-PORTFOLIO,4,producer_export,proof_output_bytes,4934
complementary_k5_n7,resident,O-ADD-PORTFOLIO,4,producer_input,bounded_native_c_call_events,1329
complementary_k5_n7,resident,O-ADD-PORTFOLIO,4,producer_input,current_request_bytes,1931
complementary_k5_n7,resident,O-ADD-PORTFOLIO,4,producer_input,observed_python_opcode_events,89318
complementary_k5_n7,resident,O-ADD-PORTFOLIO,4,producer_storage,bounded_native_c_call_events,1135
complementary_k5_n7,resident,O-ADD-PORTFOLIO,4,producer_storage,live_serialized_byte_periods,18325
complementary_k5_n7,resident,O-ADD-PORTFOLIO,4,producer_storage,observed_python_opcode_events,30937
complementary_k5_n7,resident,O-ADD-PORTFOLIO,4,receiver_check,bounded_native_c_call_events,7553
complementary_k5_n7,resident,O-ADD-PORTFOLIO,4,receiver_check,observed_python_opcode_events,175376
complementary_k5_n7,resident,O-ADD-PORTFOLIO,4,receiver_import,bounded_native_c_call_events,135
complementary_k5_n7,resident,O-ADD-PORTFOLIO,4,receiver_import,observed_python_opcode_events,74421
complementary_k5_n7,resident,O-ADD-PORTFOLIO,4,receiver_input,bounded_native_c_call_events,1329
complementary_k5_n7,resident,O-ADD-PORTFOLIO,4,receiver_input,current_request_bytes,1931
complementary_k5_n7,resident,O-ADD-PORTFOLIO,4,receiver_input,observed_python_opcode_events,89318
complementary_k5_n7,resident,O-ADD-PORTFOLIO,4,receiver_input,proof_input_bytes,4934
complementary_k5_n7,resident,O-ADD-PORTFOLIO,4,receiver_storage,bounded_native_c_call_events,580
complementary_k5_n7,resident,O-ADD-PORTFOLIO,4,receiver_storage,live_serialized_byte_periods,17035
complementary_k5_n7,resident,O-ADD-PORTFOLIO,4,receiver_storage,observed_python_opcode_events,15561
complementary_k5_n7,resident,O-ADD-PORTFOLIO,4,request_encoding,bounded_native_c_call_events,1414
complementary_k5_n7,resident,O-ADD-PORTFOLIO,4,request_encoding,observed_python_opcode_events,35821
complementary_k5_n7,resident,O-ADD-PORTFOLIO,4,terminal,bounded_native_c_call_events,927
complementary_k5_n7,resident,O-ADD-PORTFOLIO,4,terminal,candidate_publication_events,1
complementary_k5_n7,resident,O-ADD-PORTFOLIO,4,terminal,current_receipt_output_bytes,3426
complementary_k5_n7,resident,O-ADD-PORTFOLIO,4,terminal,delivery_events,1
complementary_k5_n7,resident,O-ADD-PORTFOLIO,4,terminal,observed_python_opcode_events,22977
complementary_k5_n7,resident,O-ADD-PORTFOLIO,5,coordination,bounded_native_c_call_events,10
complementary_k5_n7,resident,O-ADD-PORTFOLIO,5,coordination,observed_python_opcode_events,592
complementary_k5_n7,resident,O-ADD-PORTFOLIO,5,producer_build,bounded_native_c_call_events,17879
complementary_k5_n7,resident,O-ADD-PORTFOLIO,5,producer_build,observed_python_opcode_events,404931
complementary_k5_n7,resident,O-ADD-PORTFOLIO,5,producer_export,bounded_native_c_call_events,11
complementary_k5_n7,resident,O-ADD-PORTFOLIO,5,producer_export,observed_python_opcode_events,3747
complementary_k5_n7,resident,O-ADD-PORTFOLIO,5,producer_export,proof_output_bytes,4938
complementary_k5_n7,resident,O-ADD-PORTFOLIO,5,producer_input,bounded_native_c_call_events,1325
complementary_k5_n7,resident,O-ADD-PORTFOLIO,5,producer_input,current_request_bytes,1935
complementary_k5_n7,resident,O-ADD-PORTFOLIO,5,producer_input,observed_python_opcode_events,89436
complementary_k5_n7,resident,O-ADD-PORTFOLIO,5,producer_storage,bounded_native_c_call_events,1135
complementary_k5_n7,resident,O-ADD-PORTFOLIO,5,producer_storage,live_serialized_byte_periods,18333
complementary_k5_n7,resident,O-ADD-PORTFOLIO,5,producer_storage,observed_python_opcode_events,30937
complementary_k5_n7,resident,O-ADD-PORTFOLIO,5,receiver_check,bounded_native_c_call_events,7453
complementary_k5_n7,resident,O-ADD-PORTFOLIO,5,receiver_check,observed_python_opcode_events,173522
complementary_k5_n7,resident,O-ADD-PORTFOLIO,5,receiver_import,bounded_native_c_call_events,135
complementary_k5_n7,resident,O-ADD-PORTFOLIO,5,receiver_import,observed_python_opcode_events,74481
complementary_k5_n7,resident,O-ADD-PORTFOLIO,5,receiver_input,bounded_native_c_call_events,1325
complementary_k5_n7,resident,O-ADD-PORTFOLIO,5,receiver_input,current_request_bytes,1935
complementary_k5_n7,resident,O-ADD-PORTFOLIO,5,receiver_input,observed_python_opcode_events,89436
complementary_k5_n7,resident,O-ADD-PORTFOLIO,5,receiver_input,proof_input_bytes,4938
complementary_k5_n7,resident,O-ADD-PORTFOLIO,5,receiver_storage,bounded_native_c_call_events,580
complementary_k5_n7,resident,O-ADD-PORTFOLIO,5,receiver_storage,live_serialized_byte_periods,17047
complementary_k5_n7,resident,O-ADD-PORTFOLIO,5,receiver_storage,observed_python_opcode_events,15561
complementary_k5_n7,resident,O-ADD-PORTFOLIO,5,request_encoding,bounded_native_c_call_events,1414
complementary_k5_n7,resident,O-ADD-PORTFOLIO,5,request_encoding,observed_python_opcode_events,35843
complementary_k5_n7,resident,O-ADD-PORTFOLIO,5,terminal,bounded_native_c_call_events,875
complementary_k5_n7,resident,O-ADD-PORTFOLIO,5,terminal,candidate_publication_events,1
complementary_k5_n7,resident,O-ADD-PORTFOLIO,5,terminal,current_receipt_output_bytes,3430
complementary_k5_n7,resident,O-ADD-PORTFOLIO,5,terminal,delivery_events,1
complementary_k5_n7,resident,O-ADD-PORTFOLIO,5,terminal,observed_python_opcode_events,21765
complementary_k5_n7,resident,O-ADD-PORTFOLIO,6,coordination,bounded_native_c_call_events,10
complementary_k5_n7,resident,O-ADD-PORTFOLIO,6,coordination,observed_python_opcode_events,592
complementary_k5_n7,resident,O-ADD-PORTFOLIO,6,producer_build,bounded_native_c_call_events,18737
complementary_k5_n7,resident,O-ADD-PORTFOLIO,6,producer_build,observed_python_opcode_events,415346
complementary_k5_n7,resident,O-ADD-PORTFOLIO,6,producer_export,bounded_native_c_call_events,11
complementary_k5_n7,resident,O-ADD-PORTFOLIO,6,producer_export,observed_python_opcode_events,3751
complementary_k5_n7,resident,O-ADD-PORTFOLIO,6,producer_export,proof_output_bytes,4965
complementary_k5_n7,resident,O-ADD-PORTFOLIO,6,producer_input,bounded_native_c_call_events,1386
complementary_k5_n7,resident,O-ADD-PORTFOLIO,6,producer_input,current_request_bytes,1962
complementary_k5_n7,resident,O-ADD-PORTFOLIO,6,producer_input,observed_python_opcode_events,91221
complementary_k5_n7,resident,O-ADD-PORTFOLIO,6,producer_storage,bounded_native_c_call_events,1135
complementary_k5_n7,resident,O-ADD-PORTFOLIO,6,producer_storage,live_serialized_byte_periods,18411
complementary_k5_n7,resident,O-ADD-PORTFOLIO,6,producer_storage,observed_python_opcode_events,30937
complementary_k5_n7,resident,O-ADD-PORTFOLIO,6,receiver_check,bounded_native_c_call_events,7773
complementary_k5_n7,resident,O-ADD-PORTFOLIO,6,receiver_check,observed_python_opcode_events,178030
complementary_k5_n7,resident,O-ADD-PORTFOLIO,6,receiver_import,bounded_native_c_call_events,133
complementary_k5_n7,resident,O-ADD-PORTFOLIO,6,receiver_import,observed_python_opcode_events,74827
complementary_k5_n7,resident,O-ADD-PORTFOLIO,6,receiver_input,bounded_native_c_call_events,1386
complementary_k5_n7,resident,O-ADD-PORTFOLIO,6,receiver_input,current_request_bytes,1962
complementary_k5_n7,resident,O-ADD-PORTFOLIO,6,receiver_input,observed_python_opcode_events,91221
complementary_k5_n7,resident,O-ADD-PORTFOLIO,6,receiver_input,proof_input_bytes,4965
complementary_k5_n7,resident,O-ADD-PORTFOLIO,6,receiver_storage,bounded_native_c_call_events,580
complementary_k5_n7,resident,O-ADD-PORTFOLIO,6,receiver_storage,live_serialized_byte_periods,17164
complementary_k5_n7,resident,O-ADD-PORTFOLIO,6,receiver_storage,observed_python_opcode_events,15561
complementary_k5_n7,resident,O-ADD-PORTFOLIO,6,request_encoding,bounded_native_c_call_events,1455
complementary_k5_n7,resident,O-ADD-PORTFOLIO,6,request_encoding,observed_python_opcode_events,36749
complementary_k5_n7,resident,O-ADD-PORTFOLIO,6,terminal,bounded_native_c_call_events,902
complementary_k5_n7,resident,O-ADD-PORTFOLIO,6,terminal,candidate_publication_events,1
complementary_k5_n7,resident,O-ADD-PORTFOLIO,6,terminal,current_receipt_output_bytes,3457
complementary_k5_n7,resident,O-ADD-PORTFOLIO,6,terminal,delivery_events,1
complementary_k5_n7,resident,O-ADD-PORTFOLIO,6,terminal,observed_python_opcode_events,22438
complementary_k5_n7,resident,O-ADD-WARM,1,common_source,bounded_native_c_call_events,371
complementary_k5_n7,resident,O-ADD-WARM,1,common_source,observed_python_opcode_events,32551
complementary_k5_n7,resident,O-ADD-WARM,1,common_source,source_hash_bytes_prepaid,197956
complementary_k5_n7,resident,O-ADD-WARM,1,common_source,source_length_probe_bytes_prepaid,8
complementary_k5_n7,resident,O-ADD-WARM,1,common_source,source_program_bytes_prepaid,197956
complementary_k5_n7,resident,O-ADD-WARM,1,common_source,source_record_bytes,1199
complementary_k5_n7,resident,O-ADD-WARM,1,coordination,bounded_native_c_call_events,10
complementary_k5_n7,resident,O-ADD-WARM,1,coordination,observed_python_opcode_events,641
complementary_k5_n7,resident,O-ADD-WARM,1,producer_acknowledgement,bounded_native_c_call_events,11
complementary_k5_n7,resident,O-ADD-WARM,1,producer_acknowledgement,observed_python_opcode_events,422
complementary_k5_n7,resident,O-ADD-WARM,1,producer_build,bounded_native_c_call_events,8963
complementary_k5_n7,resident,O-ADD-WARM,1,producer_build,observed_python_opcode_events,299701
complementary_k5_n7,resident,O-ADD-WARM,1,producer_export,bounded_native_c_call_events,8
complementary_k5_n7,resident,O-ADD-WARM,1,producer_export,observed_python_opcode_events,260
complementary_k5_n7,resident,O-ADD-WARM,1,producer_export,proof_output_bytes,9415
complementary_k5_n7,resident,O-ADD-WARM,1,producer_init,bounded_native_c_call_events,19
complementary_k5_n7,resident,O-ADD-WARM,1,producer_init,observed_python_opcode_events,891
complementary_k5_n7,resident,O-ADD-WARM,1,producer_input,bounded_native_c_call_events,1201
complementary_k5_n7,resident,O-ADD-WARM,1,producer_input,current_request_bytes,1810
complementary_k5_n7,resident,O-ADD-WARM,1,producer_input,observed_python_opcode_events,83071
complementary_k5_n7,resident,O-ADD-WARM,1,producer_storage,bounded_native_c_call_events,990
complementary_k5_n7,resident,O-ADD-WARM,1,producer_storage,live_serialized_byte_periods,34173
complementary_k5_n7,resident,O-ADD-WARM,1,producer_storage,observed_python_opcode_events,131446
complementary_k5_n7,resident,O-ADD-WARM,1,receiver_check,bounded_native_c_call_events,9088
complementary_k5_n7,resident,O-ADD-WARM,1,receiver_check,observed_python_opcode_events,532300
complementary_k5_n7,resident,O-ADD-WARM,1,receiver_init,bounded_native_c_call_events,130
complementary_k5_n7,resident,O-ADD-WARM,1,receiver_init,observed_python_opcode_events,27995
complementary_k5_n7,resident,O-ADD-WARM,1,receiver_input,bounded_native_c_call_events,1201
complementary_k5_n7,resident,O-ADD-WARM,1,receiver_input,current_request_bytes,1810
complementary_k5_n7,resident,O-ADD-WARM,1,receiver_input,observed_python_opcode_events,83071
complementary_k5_n7,resident,O-ADD-WARM,1,receiver_input,proof_input_bytes,9415
complementary_k5_n7,resident,O-ADD-WARM,1,receiver_storage,bounded_native_c_call_events,22
complementary_k5_n7,resident,O-ADD-WARM,1,receiver_storage,live_serialized_byte_periods,31374
complementary_k5_n7,resident,O-ADD-WARM,1,receiver_storage,observed_python_opcode_events,53680
complementary_k5_n7,resident,O-ADD-WARM,1,request_encoding,bounded_native_c_call_events,1302
complementary_k5_n7,resident,O-ADD-WARM,1,request_encoding,observed_python_opcode_events,33081
complementary_k5_n7,resident,O-ADD-WARM,1,terminal,bounded_native_c_call_events,823
complementary_k5_n7,resident,O-ADD-WARM,1,terminal,candidate_publication_events,1
complementary_k5_n7,resident,O-ADD-WARM,1,terminal,current_receipt_output_bytes,3305
complementary_k5_n7,resident,O-ADD-WARM,1,terminal,delivery_events,1
complementary_k5_n7,resident,O-ADD-WARM,1,terminal,observed_python_opcode_events,20476
complementary_k5_n7,resident,O-ADD-WARM,2,coordination,bounded_native_c_call_events,10
complementary_k5_n7,resident,O-ADD-WARM,2,coordination,observed_python_opcode_events,600
complementary_k5_n7,resident,O-ADD-WARM,2,producer_acknowledgement,bounded_native_c_call_events,11
complementary_k5_n7,resident,O-ADD-WARM,2,producer_acknowledgement,observed_python_opcode_events,422
complementary_k5_n7,resident,O-ADD-WARM,2,producer_build,bounded_native_c_call_events,2652
complementary_k5_n7,resident,O-ADD-WARM,2,producer_build,observed_python_opcode_events,69836
complementary_k5_n7,resident,O-ADD-WARM,2,producer_export,bounded_native_c_call_events,8
complementary_k5_n7,resident,O-ADD-WARM,2,producer_export,observed_python_opcode_events,260
complementary_k5_n7,resident,O-ADD-WARM,2,producer_export,proof_output_bytes,3871
complementary_k5_n7,resident,O-ADD-WARM,2,producer_input,bounded_native_c_call_events,1230
complementary_k5_n7,resident,O-ADD-WARM,2,producer_input,current_request_bytes,1832
complementary_k5_n7,resident,O-ADD-WARM,2,producer_input,observed_python_opcode_events,84486
complementary_k5_n7,resident,O-ADD-WARM,2,producer_storage,bounded_native_c_call_events,1016
complementary_k5_n7,resident,O-ADD-WARM,2,producer_storage,live_serialized_byte_periods,28257
complementary_k5_n7,resident,O-ADD-WARM,2,producer_storage,observed_python_opcode_events,145221
complementary_k5_n7,resident,O-ADD-WARM,2,receiver_check,bounded_native_c_call_events,2718
complementary_k5_n7,resident,O-ADD-WARM,2,receiver_check,observed_python_opcode_events,137010
complementary_k5_n7,resident,O-ADD-WARM,2,receiver_init,bounded_native_c_call_events,2
complementary_k5_n7,resident,O-ADD-WARM,2,receiver_init,observed_python_opcode_events,55
complementary_k5_n7,resident,O-ADD-WARM,2,receiver_input,bounded_native_c_call_events,1230
complementary_k5_n7,resident,O-ADD-WARM,2,receiver_input,current_request_bytes,1832
complementary_k5_n7,resident,O-ADD-WARM,2,receiver_input,observed_python_opcode_events,84486
complementary_k5_n7,resident,O-ADD-WARM,2,receiver_input,proof_input_bytes,3871
complementary_k5_n7,resident,O-ADD-WARM,2,receiver_storage,bounded_native_c_call_events,28
complementary_k5_n7,resident,O-ADD-WARM,2,receiver_storage,live_serialized_byte_periods,25205
complementary_k5_n7,resident,O-ADD-WARM,2,receiver_storage,observed_python_opcode_events,62867
complementary_k5_n7,resident,O-ADD-WARM,2,request_encoding,bounded_native_c_call_events,1338
complementary_k5_n7,resident,O-ADD-WARM,2,request_encoding,observed_python_opcode_events,33891
complementary_k5_n7,resident,O-ADD-WARM,2,terminal,bounded_native_c_call_events,855
complementary_k5_n7,resident,O-ADD-WARM,2,terminal,candidate_publication_events,1
complementary_k5_n7,resident,O-ADD-WARM,2,terminal,current_receipt_output_bytes,3327
complementary_k5_n7,resident,O-ADD-WARM,2,terminal,delivery_events,1
complementary_k5_n7,resident,O-ADD-WARM,2,terminal,observed_python_opcode_events,21220
complementary_k5_n7,resident,O-ADD-WARM,3,coordination,bounded_native_c_call_events,10
complementary_k5_n7,resident,O-ADD-WARM,3,coordination,observed_python_opcode_events,600
complementary_k5_n7,resident,O-ADD-WARM,3,producer_acknowledgement,bounded_native_c_call_events,11
complementary_k5_n7,resident,O-ADD-WARM,3,producer_acknowledgement,observed_python_opcode_events,422
complementary_k5_n7,resident,O-ADD-WARM,3,producer_build,bounded_native_c_call_events,3169
complementary_k5_n7,resident,O-ADD-WARM,3,producer_build,observed_python_opcode_events,90353
complementary_k5_n7,resident,O-ADD-WARM,3,producer_export,bounded_native_c_call_events,8
complementary_k5_n7,resident,O-ADD-WARM,3,producer_export,observed_python_opcode_events,260
complementary_k5_n7,resident,O-ADD-WARM,3,producer_export,proof_output_bytes,4378
complementary_k5_n7,resident,O-ADD-WARM,3,producer_input,bounded_native_c_call_events,1228
complementary_k5_n7,resident,O-ADD-WARM,3,producer_input,current_request_bytes,1838
complementary_k5_n7,resident,O-ADD-WARM,3,producer_input,observed_python_opcode_events,84659
complementary_k5_n7,resident,O-ADD-WARM,3,producer_storage,bounded_native_c_call_events,1042
complementary_k5_n7,resident,O-ADD-WARM,3,producer_storage,live_serialized_byte_periods,31136
complementary_k5_n7,resident,O-ADD-WARM,3,producer_storage,observed_python_opcode_events,172371
complementary_k5_n7,resident,O-ADD-WARM,3,receiver_check,bounded_native_c_call_events,4273
complementary_k5_n7,resident,O-ADD-WARM,3,receiver_check,observed_python_opcode_events,194251
complementary_k5_n7,resident,O-ADD-WARM,3,receiver_init,bounded_native_c_call_events,2
complementary_k5_n7,resident,O-ADD-WARM,3,receiver_init,observed_python_opcode_events,55
complementary_k5_n7,resident,O-ADD-WARM,3,receiver_input,bounded_native_c_call_events,1228
complementary_k5_n7,resident,O-ADD-WARM,3,receiver_input,current_request_bytes,1838
complementary_k5_n7,resident,O-ADD-WARM,3,receiver_input,observed_python_opcode_events,84659
complementary_k5_n7,resident,O-ADD-WARM,3,receiver_input,proof_input_bytes,4378
complementary_k5_n7,resident,O-ADD-WARM,3,receiver_storage,bounded_native_c_call_events,34
complementary_k5_n7,resident,O-ADD-WARM,3,receiver_storage,live_serialized_byte_periods,27471
complementary_k5_n7,resident,O-ADD-WARM,3,receiver_storage,observed_python_opcode_events,81940
complementary_k5_n7,resident,O-ADD-WARM,3,request_encoding,bounded_native_c_call_events,1338
complementary_k5_n7,resident,O-ADD-WARM,3,request_encoding,observed_python_opcode_events,33899
complementary_k5_n7,resident,O-ADD-WARM,3,terminal,bounded_native_c_call_events,813
complementary_k5_n7,resident,O-ADD-WARM,3,terminal,candidate_publication_events,1
complementary_k5_n7,resident,O-ADD-WARM,3,terminal,current_receipt_output_bytes,3333
complementary_k5_n7,resident,O-ADD-WARM,3,terminal,delivery_events,1
complementary_k5_n7,resident,O-ADD-WARM,3,terminal,observed_python_opcode_events,20344
complementary_k5_n7,resident,O-ADD-WARM,4,coordination,bounded_native_c_call_events,10
complementary_k5_n7,resident,O-ADD-WARM,4,coordination,observed_python_opcode_events,600
complementary_k5_n7,resident,O-ADD-WARM,4,producer_acknowledgement,bounded_native_c_call_events,11
complementary_k5_n7,resident,O-ADD-WARM,4,producer_acknowledgement,observed_python_opcode_events,422
complementary_k5_n7,resident,O-ADD-WARM,4,producer_build,bounded_native_c_call_events,3579
complementary_k5_n7,resident,O-ADD-WARM,4,producer_build,observed_python_opcode_events,102768
complementary_k5_n7,resident,O-ADD-WARM,4,producer_export,bounded_native_c_call_events,8
complementary_k5_n7,resident,O-ADD-WARM,4,producer_export,observed_python_opcode_events,260
complementary_k5_n7,resident,O-ADD-WARM,4,producer_export,proof_output_bytes,4644
complementary_k5_n7,resident,O-ADD-WARM,4,producer_input,bounded_native_c_call_events,1329
complementary_k5_n7,resident,O-ADD-WARM,4,producer_input,current_request_bytes,1931
complementary_k5_n7,resident,O-ADD-WARM,4,producer_input,observed_python_opcode_events,89318
complementary_k5_n7,resident,O-ADD-WARM,4,producer_storage,bounded_native_c_call_events,1074
complementary_k5_n7,resident,O-ADD-WARM,4,producer_storage,live_serialized_byte_periods,34279
complementary_k5_n7,resident,O-ADD-WARM,4,producer_storage,observed_python_opcode_events,202766
complementary_k5_n7,resident,O-ADD-WARM,4,receiver_check,bounded_native_c_call_events,5261
complementary_k5_n7,resident,O-ADD-WARM,4,receiver_check,observed_python_opcode_events,225240
complementary_k5_n7,resident,O-ADD-WARM,4,receiver_init,bounded_native_c_call_events,2
complementary_k5_n7,resident,O-ADD-WARM,4,receiver_init,observed_python_opcode_events,55
complementary_k5_n7,resident,O-ADD-WARM,4,receiver_input,bounded_native_c_call_events,1329
complementary_k5_n7,resident,O-ADD-WARM,4,receiver_input,current_request_bytes,1931
complementary_k5_n7,resident,O-ADD-WARM,4,receiver_input,observed_python_opcode_events,89318
complementary_k5_n7,resident,O-ADD-WARM,4,receiver_input,proof_input_bytes,4644
complementary_k5_n7,resident,O-ADD-WARM,4,receiver_storage,bounded_native_c_call_events,40
complementary_k5_n7,resident,O-ADD-WARM,4,receiver_storage,live_serialized_byte_periods,30129
complementary_k5_n7,resident,O-ADD-WARM,4,receiver_storage,observed_python_opcode_events,103060
complementary_k5_n7,resident,O-ADD-WARM,4,request_encoding,bounded_native_c_call_events,1414
complementary_k5_n7,resident,O-ADD-WARM,4,request_encoding,observed_python_opcode_events,35821
complementary_k5_n7,resident,O-ADD-WARM,4,terminal,bounded_native_c_call_events,927
complementary_k5_n7,resident,O-ADD-WARM,4,terminal,candidate_publication_events,1
complementary_k5_n7,resident,O-ADD-WARM,4,terminal,current_receipt_output_bytes,3426
complementary_k5_n7,resident,O-ADD-WARM,4,terminal,delivery_events,1
complementary_k5_n7,resident,O-ADD-WARM,4,terminal,observed_python_opcode_events,22977
complementary_k5_n7,resident,O-ADD-WARM,5,coordination,bounded_native_c_call_events,10
complementary_k5_n7,resident,O-ADD-WARM,5,coordination,observed_python_opcode_events,600
complementary_k5_n7,resident,O-ADD-WARM,5,producer_acknowledgement,bounded_native_c_call_events,11
complementary_k5_n7,resident,O-ADD-WARM,5,producer_acknowledgement,observed_python_opcode_events,422
complementary_k5_n7,resident,O-ADD-WARM,5,producer_build,bounded_native_c_call_events,3032
complementary_k5_n7,resident,O-ADD-WARM,5,producer_build,observed_python_opcode_events,81974
complementary_k5_n7,resident,O-ADD-WARM,5,producer_export,bounded_native_c_call_events,8
complementary_k5_n7,resident,O-ADD-WARM,5,producer_export,observed_python_opcode_events,260
complementary_k5_n7,resident,O-ADD-WARM,5,producer_export,proof_output_bytes,4247
complementary_k5_n7,resident,O-ADD-WARM,5,producer_input,bounded_native_c_call_events,1325
complementary_k5_n7,resident,O-ADD-WARM,5,producer_input,current_request_bytes,1935
complementary_k5_n7,resident,O-ADD-WARM,5,producer_input,observed_python_opcode_events,89436
complementary_k5_n7,resident,O-ADD-WARM,5,producer_storage,bounded_native_c_call_events,1100
complementary_k5_n7,resident,O-ADD-WARM,5,producer_storage,live_serialized_byte_periods,35578
complementary_k5_n7,resident,O-ADD-WARM,5,producer_storage,observed_python_opcode_events,221618
complementary_k5_n7,resident,O-ADD-WARM,5,receiver_check,bounded_native_c_call_events,4043
complementary_k5_n7,resident,O-ADD-WARM,5,receiver_check,observed_python_opcode_events,178188
complementary_k5_n7,resident,O-ADD-WARM,5,receiver_init,bounded_native_c_call_events,2
complementary_k5_n7,resident,O-ADD-WARM,5,receiver_init,observed_python_opcode_events,55
complementary_k5_n7,resident,O-ADD-WARM,5,receiver_input,bounded_native_c_call_events,1325
complementary_k5_n7,resident,O-ADD-WARM,5,receiver_input,current_request_bytes,1935
complementary_k5_n7,resident,O-ADD-WARM,5,receiver_input,observed_python_opcode_events,89436
complementary_k5_n7,resident,O-ADD-WARM,5,receiver_input,proof_input_bytes,4247
complementary_k5_n7,resident,O-ADD-WARM,5,receiver_storage,bounded_native_c_call_events,46
complementary_k5_n7,resident,O-ADD-WARM,5,receiver_storage,live_serialized_byte_periods,30918
complementary_k5_n7,resident,O-ADD-WARM,5,receiver_storage,observed_python_opcode_events,115693
complementary_k5_n7,resident,O-ADD-WARM,5,request_encoding,bounded_native_c_call_events,1414
complementary_k5_n7,resident,O-ADD-WARM,5,request_encoding,observed_python_opcode_events,35843
complementary_k5_n7,resident,O-ADD-WARM,5,terminal,bounded_native_c_call_events,875
complementary_k5_n7,resident,O-ADD-WARM,5,terminal,candidate_publication_events,1
complementary_k5_n7,resident,O-ADD-WARM,5,terminal,current_receipt_output_bytes,3430
complementary_k5_n7,resident,O-ADD-WARM,5,terminal,delivery_events,1
complementary_k5_n7,resident,O-ADD-WARM,5,terminal,observed_python_opcode_events,21765
complementary_k5_n7,resident,O-ADD-WARM,6,coordination,bounded_native_c_call_events,10
complementary_k5_n7,resident,O-ADD-WARM,6,coordination,observed_python_opcode_events,600
complementary_k5_n7,resident,O-ADD-WARM,6,producer_acknowledgement,bounded_native_c_call_events,11
complementary_k5_n7,resident,O-ADD-WARM,6,producer_acknowledgement,observed_python_opcode_events,422
complementary_k5_n7,resident,O-ADD-WARM,6,producer_build,bounded_native_c_call_events,3790
complementary_k5_n7,resident,O-ADD-WARM,6,producer_build,observed_python_opcode_events,102794
complementary_k5_n7,resident,O-ADD-WARM,6,producer_export,bounded_native_c_call_events,8
complementary_k5_n7,resident,O-ADD-WARM,6,producer_export,observed_python_opcode_events,260
complementary_k5_n7,resident,O-ADD-WARM,6,producer_export,proof_output_bytes,4770
complementary_k5_n7,resident,O-ADD-WARM,6,producer_input,bounded_native_c_call_events,1386
complementary_k5_n7,resident,O-ADD-WARM,6,producer_input,current_request_bytes,1962
complementary_k5_n7,resident,O-ADD-WARM,6,producer_input,observed_python_opcode_events,91221
complementary_k5_n7,resident,O-ADD-WARM,6,producer_storage,bounded_native_c_call_events,1226
complementary_k5_n7,resident,O-ADD-WARM,6,producer_storage,live_serialized_byte_periods,39096
complementary_k5_n7,resident,O-ADD-WARM,6,producer_storage,observed_python_opcode_events,247462
complementary_k5_n7,resident,O-ADD-WARM,6,receiver_check,bounded_native_c_call_events,5255
complementary_k5_n7,resident,O-ADD-WARM,6,receiver_check,observed_python_opcode_events,226429
complementary_k5_n7,resident,O-ADD-WARM,6,receiver_init,bounded_native_c_call_events,2
complementary_k5_n7,resident,O-ADD-WARM,6,receiver_init,observed_python_opcode_events,55
complementary_k5_n7,resident,O-ADD-WARM,6,receiver_input,bounded_native_c_call_events,1386
complementary_k5_n7,resident,O-ADD-WARM,6,receiver_input,current_request_bytes,1962
complementary_k5_n7,resident,O-ADD-WARM,6,receiver_input,observed_python_opcode_events,91221
complementary_k5_n7,resident,O-ADD-WARM,6,receiver_input,proof_input_bytes,4770
complementary_k5_n7,resident,O-ADD-WARM,6,receiver_storage,bounded_native_c_call_events,52
complementary_k5_n7,resident,O-ADD-WARM,6,receiver_storage,live_serialized_byte_periods,33533
complementary_k5_n7,resident,O-ADD-WARM,6,receiver_storage,observed_python_opcode_events,130192
complementary_k5_n7,resident,O-ADD-WARM,6,request_encoding,bounded_native_c_call_events,1455
complementary_k5_n7,resident,O-ADD-WARM,6,request_encoding,observed_python_opcode_events,36749
complementary_k5_n7,resident,O-ADD-WARM,6,terminal,bounded_native_c_call_events,902
complementary_k5_n7,resident,O-ADD-WARM,6,terminal,candidate_publication_events,1
complementary_k5_n7,resident,O-ADD-WARM,6,terminal,current_receipt_output_bytes,3457
complementary_k5_n7,resident,O-ADD-WARM,6,terminal,delivery_events,1
complementary_k5_n7,resident,O-ADD-WARM,6,terminal,observed_python_opcode_events,22438
complementary_k5_n7,resident,O-ENUM-RECEIVER,1,common_source,bounded_native_c_call_events,371
complementary_k5_n7,resident,O-ENUM-RECEIVER,1,common_source,observed_python_opcode_events,32551
complementary_k5_n7,resident,O-ENUM-RECEIVER,1,common_source,source_hash_bytes_prepaid,197956
complementary_k5_n7,resident,O-ENUM-RECEIVER,1,common_source,source_length_probe_bytes_prepaid,8
complementary_k5_n7,resident,O-ENUM-RECEIVER,1,common_source,source_program_bytes_prepaid,197956
complementary_k5_n7,resident,O-ENUM-RECEIVER,1,common_source,source_record_bytes,1199
complementary_k5_n7,resident,O-ENUM-RECEIVER,1,coordination,bounded_native_c_call_events,10
complementary_k5_n7,resident,O-ENUM-RECEIVER,1,coordination,observed_python_opcode_events,433
complementary_k5_n7,resident,O-ENUM-RECEIVER,1,producer_storage,bounded_native_c_call_events,566
complementary_k5_n7,resident,O-ENUM-RECEIVER,1,producer_storage,live_serialized_byte_periods,4304
complementary_k5_n7,resident,O-ENUM-RECEIVER,1,producer_storage,observed_python_opcode_events,15989
complementary_k5_n7,resident,O-ENUM-RECEIVER,1,receiver_check,bounded_native_c_call_events,26108
complementary_k5_n7,resident,O-ENUM-RECEIVER,1,receiver_check,observed_python_opcode_events,656720
complementary_k5_n7,resident,O-ENUM-RECEIVER,1,receiver_input,bounded_native_c_call_events,1201
complementary_k5_n7,resident,O-ENUM-RECEIVER,1,receiver_input,current_request_bytes,1810
complementary_k5_n7,resident,O-ENUM-RECEIVER,1,receiver_input,observed_python_opcode_events,83071
complementary_k5_n7,resident,O-ENUM-RECEIVER,1,receiver_storage,bounded_native_c_call_events,12
complementary_k5_n7,resident,O-ENUM-RECEIVER,1,receiver_storage,live_serialized_byte_periods,7763
complementary_k5_n7,resident,O-ENUM-RECEIVER,1,receiver_storage,observed_python_opcode_events,680
complementary_k5_n7,resident,O-ENUM-RECEIVER,1,request_encoding,bounded_native_c_call_events,1302
complementary_k5_n7,resident,O-ENUM-RECEIVER,1,request_encoding,observed_python_opcode_events,33081
complementary_k5_n7,resident,O-ENUM-RECEIVER,1,terminal,bounded_native_c_call_events,823
complementary_k5_n7,resident,O-ENUM-RECEIVER,1,terminal,candidate_publication_events,1
complementary_k5_n7,resident,O-ENUM-RECEIVER,1,terminal,current_receipt_output_bytes,3305
complementary_k5_n7,resident,O-ENUM-RECEIVER,1,terminal,delivery_events,1
complementary_k5_n7,resident,O-ENUM-RECEIVER,1,terminal,observed_python_opcode_events,20476
complementary_k5_n7,resident,O-ENUM-RECEIVER,2,coordination,bounded_native_c_call_events,10
complementary_k5_n7,resident,O-ENUM-RECEIVER,2,coordination,observed_python_opcode_events,412
complementary_k5_n7,resident,O-ENUM-RECEIVER,2,producer_storage,bounded_native_c_call_events,566
complementary_k5_n7,resident,O-ENUM-RECEIVER,2,producer_storage,live_serialized_byte_periods,4304
complementary_k5_n7,resident,O-ENUM-RECEIVER,2,producer_storage,observed_python_opcode_events,15989
complementary_k5_n7,resident,O-ENUM-RECEIVER,2,receiver_check,bounded_native_c_call_events,21559
complementary_k5_n7,resident,O-ENUM-RECEIVER,2,receiver_check,observed_python_opcode_events,552085
complementary_k5_n7,resident,O-ENUM-RECEIVER,2,receiver_input,bounded_native_c_call_events,1230
complementary_k5_n7,resident,O-ENUM-RECEIVER,2,receiver_input,current_request_bytes,1832
complementary_k5_n7,resident,O-ENUM-RECEIVER,2,receiver_input,observed_python_opcode_events,84486
complementary_k5_n7,resident,O-ENUM-RECEIVER,2,receiver_storage,bounded_native_c_call_events,12
complementary_k5_n7,resident,O-ENUM-RECEIVER,2,receiver_storage,live_serialized_byte_periods,7823
complementary_k5_n7,resident,O-ENUM-RECEIVER,2,receiver_storage,observed_python_opcode_events,680
complementary_k5_n7,resident,O-ENUM-RECEIVER,2,request_encoding,bounded_native_c_call_events,1338
complementary_k5_n7,resident,O-ENUM-RECEIVER,2,request_encoding,observed_python_opcode_events,33891
complementary_k5_n7,resident,O-ENUM-RECEIVER,2,terminal,bounded_native_c_call_events,855
complementary_k5_n7,resident,O-ENUM-RECEIVER,2,terminal,candidate_publication_events,1
complementary_k5_n7,resident,O-ENUM-RECEIVER,2,terminal,current_receipt_output_bytes,3327
complementary_k5_n7,resident,O-ENUM-RECEIVER,2,terminal,delivery_events,1
complementary_k5_n7,resident,O-ENUM-RECEIVER,2,terminal,observed_python_opcode_events,21220
complementary_k5_n7,resident,O-ENUM-RECEIVER,3,coordination,bounded_native_c_call_events,10
complementary_k5_n7,resident,O-ENUM-RECEIVER,3,coordination,observed_python_opcode_events,412
complementary_k5_n7,resident,O-ENUM-RECEIVER,3,producer_storage,bounded_native_c_call_events,566
complementary_k5_n7,resident,O-ENUM-RECEIVER,3,producer_storage,live_serialized_byte_periods,4304
complementary_k5_n7,resident,O-ENUM-RECEIVER,3,producer_storage,observed_python_opcode_events,15989
complementary_k5_n7,resident,O-ENUM-RECEIVER,3,receiver_check,bounded_native_c_call_events,19207
complementary_k5_n7,resident,O-ENUM-RECEIVER,3,receiver_check,observed_python_opcode_events,495547
complementary_k5_n7,resident,O-ENUM-RECEIVER,3,receiver_input,bounded_native_c_call_events,1228
complementary_k5_n7,resident,O-ENUM-RECEIVER,3,receiver_input,current_request_bytes,1838
complementary_k5_n7,resident,O-ENUM-RECEIVER,3,receiver_input,observed_python_opcode_events,84659
complementary_k5_n7,resident,O-ENUM-RECEIVER,3,receiver_storage,bounded_native_c_call_events,12
complementary_k5_n7,resident,O-ENUM-RECEIVER,3,receiver_storage,live_serialized_byte_periods,7835
complementary_k5_n7,resident,O-ENUM-RECEIVER,3,receiver_storage,observed_python_opcode_events,680
complementary_k5_n7,resident,O-ENUM-RECEIVER,3,request_encoding,bounded_native_c_call_events,1338
complementary_k5_n7,resident,O-ENUM-RECEIVER,3,request_encoding,observed_python_opcode_events,33899
complementary_k5_n7,resident,O-ENUM-RECEIVER,3,terminal,bounded_native_c_call_events,813
complementary_k5_n7,resident,O-ENUM-RECEIVER,3,terminal,candidate_publication_events,1
complementary_k5_n7,resident,O-ENUM-RECEIVER,3,terminal,current_receipt_output_bytes,3333
complementary_k5_n7,resident,O-ENUM-RECEIVER,3,terminal,delivery_events,1
complementary_k5_n7,resident,O-ENUM-RECEIVER,3,terminal,observed_python_opcode_events,20344
complementary_k5_n7,resident,O-ENUM-RECEIVER,4,coordination,bounded_native_c_call_events,10
complementary_k5_n7,resident,O-ENUM-RECEIVER,4,coordination,observed_python_opcode_events,412
complementary_k5_n7,resident,O-ENUM-RECEIVER,4,producer_storage,bounded_native_c_call_events,566
complementary_k5_n7,resident,O-ENUM-RECEIVER,4,producer_storage,live_serialized_byte_periods,4304
complementary_k5_n7,resident,O-ENUM-RECEIVER,4,producer_storage,observed_python_opcode_events,15989
complementary_k5_n7,resident,O-ENUM-RECEIVER,4,receiver_check,bounded_native_c_call_events,20076
complementary_k5_n7,resident,O-ENUM-RECEIVER,4,receiver_check,observed_python_opcode_events,517010
complementary_k5_n7,resident,O-ENUM-RECEIVER,4,receiver_input,bounded_native_c_call_events,1329
complementary_k5_n7,resident,O-ENUM-RECEIVER,4,receiver_input,current_request_bytes,1931
complementary_k5_n7,resident,O-ENUM-RECEIVER,4,receiver_input,observed_python_opcode_events,89318
complementary_k5_n7,resident,O-ENUM-RECEIVER,4,receiver_storage,bounded_native_c_call_events,12
complementary_k5_n7,resident,O-ENUM-RECEIVER,4,receiver_storage,live_serialized_byte_periods,8093
complementary_k5_n7,resident,O-ENUM-RECEIVER,4,receiver_storage,observed_python_opcode_events,680
complementary_k5_n7,resident,O-ENUM-RECEIVER,4,request_encoding,bounded_native_c_call_events,1414
complementary_k5_n7,resident,O-ENUM-RECEIVER,4,request_encoding,observed_python_opcode_events,35821
complementary_k5_n7,resident,O-ENUM-RECEIVER,4,terminal,bounded_native_c_call_events,927
complementary_k5_n7,resident,O-ENUM-RECEIVER,4,terminal,candidate_publication_events,1
complementary_k5_n7,resident,O-ENUM-RECEIVER,4,terminal,current_receipt_output_bytes,3426
complementary_k5_n7,resident,O-ENUM-RECEIVER,4,terminal,delivery_events,1
complementary_k5_n7,resident,O-ENUM-RECEIVER,4,terminal,observed_python_opcode_events,22977
complementary_k5_n7,resident,O-ENUM-RECEIVER,5,coordination,bounded_native_c_call_events,10
complementary_k5_n7,resident,O-ENUM-RECEIVER,5,coordination,observed_python_opcode_events,412
complementary_k5_n7,resident,O-ENUM-RECEIVER,5,producer_storage,bounded_native_c_call_events,566
complementary_k5_n7,resident,O-ENUM-RECEIVER,5,producer_storage,live_serialized_byte_periods,4304
complementary_k5_n7,resident,O-ENUM-RECEIVER,5,producer_storage,observed_python_opcode_events,15989
complementary_k5_n7,resident,O-ENUM-RECEIVER,5,receiver_check,bounded_native_c_call_events,24988
complementary_k5_n7,resident,O-ENUM-RECEIVER,5,receiver_check,observed_python_opcode_events,633309
complementary_k5_n7,resident,O-ENUM-RECEIVER,5,receiver_input,bounded_native_c_call_events,1325
complementary_k5_n7,resident,O-ENUM-RECEIVER,5,receiver_input,current_request_bytes,1935
complementary_k5_n7,resident,O-ENUM-RECEIVER,5,receiver_input,observed_python_opcode_events,89436
complementary_k5_n7,resident,O-ENUM-RECEIVER,5,receiver_storage,bounded_native_c_call_events,12
complementary_k5_n7,resident,O-ENUM-RECEIVER,5,receiver_storage,live_serialized_byte_periods,8101
complementary_k5_n7,resident,O-ENUM-RECEIVER,5,receiver_storage,observed_python_opcode_events,680
complementary_k5_n7,resident,O-ENUM-RECEIVER,5,request_encoding,bounded_native_c_call_events,1414
complementary_k5_n7,resident,O-ENUM-RECEIVER,5,request_encoding,observed_python_opcode_events,35843
complementary_k5_n7,resident,O-ENUM-RECEIVER,5,terminal,bounded_native_c_call_events,875
complementary_k5_n7,resident,O-ENUM-RECEIVER,5,terminal,candidate_publication_events,1
complementary_k5_n7,resident,O-ENUM-RECEIVER,5,terminal,current_receipt_output_bytes,3430
complementary_k5_n7,resident,O-ENUM-RECEIVER,5,terminal,delivery_events,1
complementary_k5_n7,resident,O-ENUM-RECEIVER,5,terminal,observed_python_opcode_events,21765
complementary_k5_n7,resident,O-ENUM-RECEIVER,6,coordination,bounded_native_c_call_events,10
complementary_k5_n7,resident,O-ENUM-RECEIVER,6,coordination,observed_python_opcode_events,412
complementary_k5_n7,resident,O-ENUM-RECEIVER,6,producer_storage,bounded_native_c_call_events,566
complementary_k5_n7,resident,O-ENUM-RECEIVER,6,producer_storage,live_serialized_byte_periods,4304
complementary_k5_n7,resident,O-ENUM-RECEIVER,6,producer_storage,observed_python_opcode_events,15989
complementary_k5_n7,resident,O-ENUM-RECEIVER,6,receiver_check,bounded_native_c_call_events,19732
complementary_k5_n7,resident,O-ENUM-RECEIVER,6,receiver_check,observed_python_opcode_events,508182
complementary_k5_n7,resident,O-ENUM-RECEIVER,6,receiver_input,bounded_native_c_call_events,1386
complementary_k5_n7,resident,O-ENUM-RECEIVER,6,receiver_input,current_request_bytes,1962
complementary_k5_n7,resident,O-ENUM-RECEIVER,6,receiver_input,observed_python_opcode_events,91221
complementary_k5_n7,resident,O-ENUM-RECEIVER,6,receiver_storage,bounded_native_c_call_events,12
complementary_k5_n7,resident,O-ENUM-RECEIVER,6,receiver_storage,live_serialized_byte_periods,8179
complementary_k5_n7,resident,O-ENUM-RECEIVER,6,receiver_storage,observed_python_opcode_events,680
complementary_k5_n7,resident,O-ENUM-RECEIVER,6,request_encoding,bounded_native_c_call_events,1455
complementary_k5_n7,resident,O-ENUM-RECEIVER,6,request_encoding,observed_python_opcode_events,36749
complementary_k5_n7,resident,O-ENUM-RECEIVER,6,terminal,bounded_native_c_call_events,902
complementary_k5_n7,resident,O-ENUM-RECEIVER,6,terminal,candidate_publication_events,1
complementary_k5_n7,resident,O-ENUM-RECEIVER,6,terminal,current_receipt_output_bytes,3457
complementary_k5_n7,resident,O-ENUM-RECEIVER,6,terminal,delivery_events,1
complementary_k5_n7,resident,O-ENUM-RECEIVER,6,terminal,observed_python_opcode_events,22438
complementary_k5_n7,resident,P-FRESH,1,common_source,bounded_native_c_call_events,371
complementary_k5_n7,resident,P-FRESH,1,common_source,observed_python_opcode_events,32551
complementary_k5_n7,resident,P-FRESH,1,common_source,source_hash_bytes_prepaid,197956
complementary_k5_n7,resident,P-FRESH,1,common_source,source_length_probe_bytes_prepaid,8
complementary_k5_n7,resident,P-FRESH,1,common_source,source_program_bytes_prepaid,197956
complementary_k5_n7,resident,P-FRESH,1,common_source,source_record_bytes,1199
complementary_k5_n7,resident,P-FRESH,1,coordination,bounded_native_c_call_events,10
complementary_k5_n7,resident,P-FRESH,1,coordination,observed_python_opcode_events,637
complementary_k5_n7,resident,P-FRESH,1,producer_build,bounded_native_c_call_events,351051
complementary_k5_n7,resident,P-FRESH,1,producer_build,observed_python_opcode_events,7571695
complementary_k5_n7,resident,P-FRESH,1,producer_export,bounded_native_c_call_events,7
complementary_k5_n7,resident,P-FRESH,1,producer_export,observed_python_opcode_events,15355
complementary_k5_n7,resident,P-FRESH,1,producer_export,proof_output_bytes,3413
complementary_k5_n7,resident,P-FRESH,1,producer_init,observed_python_opcode_events,4
complementary_k5_n7,resident,P-FRESH,1,producer_input,bounded_native_c_call_events,1201
complementary_k5_n7,resident,P-FRESH,1,producer_input,current_request_bytes,1810
complementary_k5_n7,resident,P-FRESH,1,producer_input,observed_python_opcode_events,83071
complementary_k5_n7,resident,P-FRESH,1,producer_storage,bounded_native_c_call_events,571
complementary_k5_n7,resident,P-FRESH,1,producer_storage,live_serialized_byte_periods,10719
complementary_k5_n7,resident,P-FRESH,1,producer_storage,observed_python_opcode_events,16071
complementary_k5_n7,resident,P-FRESH,1,receiver_check,bounded_native_c_call_events,69842
complementary_k5_n7,resident,P-FRESH,1,receiver_check,observed_python_opcode_events,1438634
complementary_k5_n7,resident,P-FRESH,1,receiver_import,bounded_native_c_call_events,237
complementary_k5_n7,resident,P-FRESH,1,receiver_import,observed_python_opcode_events,66841
complementary_k5_n7,resident,P-FRESH,1,receiver_init,observed_python_opcode_events,4
complementary_k5_n7,resident,P-FRESH,1,receiver_input,bounded_native_c_call_events,1201
complementary_k5_n7,resident,P-FRESH,1,receiver_input,current_request_bytes,1810
complementary_k5_n7,resident,P-FRESH,1,receiver_input,observed_python_opcode_events,83071
complementary_k5_n7,resident,P-FRESH,1,receiver_input,proof_input_bytes,3413
complementary_k5_n7,resident,P-FRESH,1,receiver_storage,bounded_native_c_call_events,16
complementary_k5_n7,resident,P-FRESH,1,receiver_storage,live_serialized_byte_periods,11908
complementary_k5_n7,resident,P-FRESH,1,receiver_storage,observed_python_opcode_events,751
complementary_k5_n7,resident,P-FRESH,1,request_encoding,bounded_native_c_call_events,1302
complementary_k5_n7,resident,P-FRESH,1,request_encoding,observed_python_opcode_events,33081
complementary_k5_n7,resident,P-FRESH,1,terminal,bounded_native_c_call_events,823
complementary_k5_n7,resident,P-FRESH,1,terminal,candidate_publication_events,1
complementary_k5_n7,resident,P-FRESH,1,terminal,current_receipt_output_bytes,3305
complementary_k5_n7,resident,P-FRESH,1,terminal,delivery_events,1
complementary_k5_n7,resident,P-FRESH,1,terminal,observed_python_opcode_events,20476
complementary_k5_n7,resident,P-FRESH,2,coordination,bounded_native_c_call_events,10
complementary_k5_n7,resident,P-FRESH,2,coordination,observed_python_opcode_events,592
complementary_k5_n7,resident,P-FRESH,2,producer_build,bounded_native_c_call_events,204634
complementary_k5_n7,resident,P-FRESH,2,producer_build,observed_python_opcode_events,4398797
complementary_k5_n7,resident,P-FRESH,2,producer_export,bounded_native_c_call_events,7
complementary_k5_n7,resident,P-FRESH,2,producer_export,observed_python_opcode_events,9067
complementary_k5_n7,resident,P-FRESH,2,producer_export,proof_output_bytes,2743
complementary_k5_n7,resident,P-FRESH,2,producer_input,bounded_native_c_call_events,1230
complementary_k5_n7,resident,P-FRESH,2,producer_input,current_request_bytes,1832
complementary_k5_n7,resident,P-FRESH,2,producer_input,observed_python_opcode_events,84486
complementary_k5_n7,resident,P-FRESH,2,producer_storage,bounded_native_c_call_events,571
complementary_k5_n7,resident,P-FRESH,2,producer_storage,live_serialized_byte_periods,9975
complementary_k5_n7,resident,P-FRESH,2,producer_storage,observed_python_opcode_events,16071
complementary_k5_n7,resident,P-FRESH,2,receiver_check,bounded_native_c_call_events,38769
complementary_k5_n7,resident,P-FRESH,2,receiver_check,observed_python_opcode_events,795630
complementary_k5_n7,resident,P-FRESH,2,receiver_import,bounded_native_c_call_events,157
complementary_k5_n7,resident,P-FRESH,2,receiver_import,observed_python_opcode_events,49767
complementary_k5_n7,resident,P-FRESH,2,receiver_input,bounded_native_c_call_events,1230
complementary_k5_n7,resident,P-FRESH,2,receiver_input,current_request_bytes,1832
complementary_k5_n7,resident,P-FRESH,2,receiver_input,observed_python_opcode_events,84486
complementary_k5_n7,resident,P-FRESH,2,receiver_input,proof_input_bytes,2743
complementary_k5_n7,resident,P-FRESH,2,receiver_storage,bounded_native_c_call_events,16
complementary_k5_n7,resident,P-FRESH,2,receiver_storage,live_serialized_byte_periods,11194
complementary_k5_n7,resident,P-FRESH,2,receiver_storage,observed_python_opcode_events,751
complementary_k5_n7,resident,P-FRESH,2,request_encoding,bounded_native_c_call_events,1338
complementary_k5_n7,resident,P-FRESH,2,request_encoding,observed_python_opcode_events,33891
complementary_k5_n7,resident,P-FRESH,2,terminal,bounded_native_c_call_events,855
complementary_k5_n7,resident,P-FRESH,2,terminal,candidate_publication_events,1
complementary_k5_n7,resident,P-FRESH,2,terminal,current_receipt_output_bytes,3327
complementary_k5_n7,resident,P-FRESH,2,terminal,delivery_events,1
complementary_k5_n7,resident,P-FRESH,2,terminal,observed_python_opcode_events,21220
complementary_k5_n7,resident,P-FRESH,3,coordination,bounded_native_c_call_events,10
complementary_k5_n7,resident,P-FRESH,3,coordination,observed_python_opcode_events,592
complementary_k5_n7,resident,P-FRESH,3,producer_build,bounded_native_c_call_events,168257
complementary_k5_n7,resident,P-FRESH,3,producer_build,observed_python_opcode_events,3648649
complementary_k5_n7,resident,P-FRESH,3,producer_export,bounded_native_c_call_events,7
complementary_k5_n7,resident,P-FRESH,3,producer_export,observed_python_opcode_events,7819
complementary_k5_n7,resident,P-FRESH,3,producer_export,proof_output_bytes,2617
complementary_k5_n7,resident,P-FRESH,3,producer_input,bounded_native_c_call_events,1228
complementary_k5_n7,resident,P-FRESH,3,producer_input,current_request_bytes,1838
complementary_k5_n7,resident,P-FRESH,3,producer_input,observed_python_opcode_events,84659
complementary_k5_n7,resident,P-FRESH,3,producer_storage,bounded_native_c_call_events,571
complementary_k5_n7,resident,P-FRESH,3,producer_storage,live_serialized_byte_periods,9839
complementary_k5_n7,resident,P-FRESH,3,producer_storage,observed_python_opcode_events,16071
complementary_k5_n7,resident,P-FRESH,3,receiver_check,bounded_native_c_call_events,21629
complementary_k5_n7,resident,P-FRESH,3,receiver_check,observed_python_opcode_events,449866
complementary_k5_n7,resident,P-FRESH,3,receiver_import,bounded_native_c_call_events,141
complementary_k5_n7,resident,P-FRESH,3,receiver_import,observed_python_opcode_events,46509
complementary_k5_n7,resident,P-FRESH,3,receiver_input,bounded_native_c_call_events,1228
complementary_k5_n7,resident,P-FRESH,3,receiver_input,current_request_bytes,1838
complementary_k5_n7,resident,P-FRESH,3,receiver_input,observed_python_opcode_events,84659
complementary_k5_n7,resident,P-FRESH,3,receiver_input,proof_input_bytes,2617
complementary_k5_n7,resident,P-FRESH,3,receiver_storage,bounded_native_c_call_events,16
complementary_k5_n7,resident,P-FRESH,3,receiver_storage,live_serialized_byte_periods,11064
complementary_k5_n7,resident,P-FRESH,3,receiver_storage,observed_python_opcode_events,751
complementary_k5_n7,resident,P-FRESH,3,request_encoding,bounded_native_c_call_events,1338
complementary_k5_n7,resident,P-FRESH,3,request_encoding,observed_python_opcode_events,33899
complementary_k5_n7,resident,P-FRESH,3,terminal,bounded_native_c_call_events,813
complementary_k5_n7,resident,P-FRESH,3,terminal,candidate_publication_events,1
complementary_k5_n7,resident,P-FRESH,3,terminal,current_receipt_output_bytes,3333
complementary_k5_n7,resident,P-FRESH,3,terminal,delivery_events,1
complementary_k5_n7,resident,P-FRESH,3,terminal,observed_python_opcode_events,20344
complementary_k5_n7,resident,P-FRESH,4,coordination,bounded_native_c_call_events,10
complementary_k5_n7,resident,P-FRESH,4,coordination,observed_python_opcode_events,592
complementary_k5_n7,resident,P-FRESH,4,producer_build,bounded_native_c_call_events,153564
complementary_k5_n7,resident,P-FRESH,4,producer_build,observed_python_opcode_events,3297864
complementary_k5_n7,resident,P-FRESH,4,producer_export,bounded_native_c_call_events,7
complementary_k5_n7,resident,P-FRESH,4,producer_export,observed_python_opcode_events,6715
complementary_k5_n7,resident,P-FRESH,4,producer_export,proof_output_bytes,2584
complementary_k5_n7,resident,P-FRESH,4,producer_input,bounded_native_c_call_events,1329
complementary_k5_n7,resident,P-FRESH,4,producer_input,current_request_bytes,1931
complementary_k5_n7,resident,P-FRESH,4,producer_input,observed_python_opcode_events,89318
complementary_k5_n7,resident,P-FRESH,4,producer_storage,bounded_native_c_call_events,571
complementary_k5_n7,resident,P-FRESH,4,producer_storage,live_serialized_byte_periods,9947
complementary_k5_n7,resident,P-FRESH,4,producer_storage,observed_python_opcode_events,16071
complementary_k5_n7,resident,P-FRESH,4,receiver_check,bounded_native_c_call_events,22838
complementary_k5_n7,resident,P-FRESH,4,receiver_check,observed_python_opcode_events,472295
complementary_k5_n7,resident,P-FRESH,4,receiver_import,bounded_native_c_call_events,129
complementary_k5_n7,resident,P-FRESH,4,receiver_import,observed_python_opcode_events,44658
complementary_k5_n7,resident,P-FRESH,4,receiver_input,bounded_native_c_call_events,1329
complementary_k5_n7,resident,P-FRESH,4,receiver_input,current_request_bytes,1931
complementary_k5_n7,resident,P-FRESH,4,receiver_input,observed_python_opcode_events,89318
complementary_k5_n7,resident,P-FRESH,4,receiver_input,proof_input_bytes,2584
complementary_k5_n7,resident,P-FRESH,4,receiver_storage,bounded_native_c_call_events,16
complementary_k5_n7,resident,P-FRESH,4,receiver_storage,live_serialized_byte_periods,11301
complementary_k5_n7,resident,P-FRESH,4,receiver_storage,observed_python_opcode_events,751
complementary_k5_n7,resident,P-FRESH,4,request_encoding,bounded_native_c_call_events,1414
complementary_k5_n7,resident,P-FRESH,4,request_encoding,observed_python_opcode_events,35821
complementary_k5_n7,resident,P-FRESH,4,terminal,bounded_native_c_call_events,927
complementary_k5_n7,resident,P-FRESH,4,terminal,candidate_publication_events,1
complementary_k5_n7,resident,P-FRESH,4,terminal,current_receipt_output_bytes,3426
complementary_k5_n7,resident,P-FRESH,4,terminal,delivery_events,1
complementary_k5_n7,resident,P-FRESH,4,terminal,observed_python_opcode_events,22977
complementary_k5_n7,resident,P-FRESH,5,coordination,bounded_native_c_call_events,10
complementary_k5_n7,resident,P-FRESH,5,coordination,observed_python_opcode_events,592
complementary_k5_n7,resident,P-FRESH,5,producer_build,bounded_native_c_call_events,307970
complementary_k5_n7,resident,P-FRESH,5,producer_build,observed_python_opcode_events,6570441
complementary_k5_n7,resident,P-FRESH,5,producer_export,bounded_native_c_call_events,7
complementary_k5_n7,resident,P-FRESH,5,producer_export,observed_python_opcode_events,12211
complementary_k5_n7,resident,P-FRESH,5,producer_export,proof_output_bytes,3192
complementary_k5_n7,resident,P-FRESH,5,producer_input,bounded_native_c_call_events,1325
complementary_k5_n7,resident,P-FRESH,5,producer_input,current_request_bytes,1935
complementary_k5_n7,resident,P-FRESH,5,producer_input,observed_python_opcode_events,89436
complementary_k5_n7,resident,P-FRESH,5,producer_storage,bounded_native_c_call_events,571
complementary_k5_n7,resident,P-FRESH,5,producer_storage,live_serialized_byte_periods,10655
complementary_k5_n7,resident,P-FRESH,5,producer_storage,observed_python_opcode_events,16071
complementary_k5_n7,resident,P-FRESH,5,receiver_check,bounded_native_c_call_events,58694
complementary_k5_n7,resident,P-FRESH,5,receiver_check,observed_python_opcode_events,1196767
complementary_k5_n7,resident,P-FRESH,5,receiver_import,bounded_native_c_call_events,197
complementary_k5_n7,resident,P-FRESH,5,receiver_import,observed_python_opcode_events,59854
complementary_k5_n7,resident,P-FRESH,5,receiver_input,bounded_native_c_call_events,1325
complementary_k5_n7,resident,P-FRESH,5,receiver_input,current_request_bytes,1935
complementary_k5_n7,resident,P-FRESH,5,receiver_input,observed_python_opcode_events,89436
complementary_k5_n7,resident,P-FRESH,5,receiver_input,proof_input_bytes,3192
complementary_k5_n7,resident,P-FRESH,5,receiver_storage,bounded_native_c_call_events,16
complementary_k5_n7,resident,P-FRESH,5,receiver_storage,live_serialized_byte_periods,12013
complementary_k5_n7,resident,P-FRESH,5,receiver_storage,observed_python_opcode_events,751
complementary_k5_n7,resident,P-FRESH,5,request_encoding,bounded_native_c_call_events,1414
complementary_k5_n7,resident,P-FRESH,5,request_encoding,observed_python_opcode_events,35843
complementary_k5_n7,resident,P-FRESH,5,terminal,bounded_native_c_call_events,875
complementary_k5_n7,resident,P-FRESH,5,terminal,candidate_publication_events,1
complementary_k5_n7,resident,P-FRESH,5,terminal,current_receipt_output_bytes,3430
complementary_k5_n7,resident,P-FRESH,5,terminal,delivery_events,1
complementary_k5_n7,resident,P-FRESH,5,terminal,observed_python_opcode_events,21765
complementary_k5_n7,resident,P-FRESH,6,coordination,bounded_native_c_call_events,10
complementary_k5_n7,resident,P-FRESH,6,coordination,observed_python_opcode_events,592
complementary_k5_n7,resident,P-FRESH,6,producer_build,bounded_native_c_call_events,147180
complementary_k5_n7,resident,P-FRESH,6,producer_build,observed_python_opcode_events,3122232
complementary_k5_n7,resident,P-FRESH,6,producer_export,bounded_native_c_call_events,7
complementary_k5_n7,resident,P-FRESH,6,producer_export,observed_python_opcode_events,6351
complementary_k5_n7,resident,P-FRESH,6,producer_export,proof_output_bytes,2573
complementary_k5_n7,resident,P-FRESH,6,producer_input,bounded_native_c_call_events,1386
complementary_k5_n7,resident,P-FRESH,6,producer_input,current_request_bytes,1962
complementary_k5_n7,resident,P-FRESH,6,producer_input,observed_python_opcode_events,91221
complementary_k5_n7,resident,P-FRESH,6,producer_storage,bounded_native_c_call_events,571
complementary_k5_n7,resident,P-FRESH,6,producer_storage,live_serialized_byte_periods,9983
complementary_k5_n7,resident,P-FRESH,6,producer_storage,observed_python_opcode_events,16071
complementary_k5_n7,resident,P-FRESH,6,receiver_check,bounded_native_c_call_events,23264
complementary_k5_n7,resident,P-FRESH,6,receiver_check,observed_python_opcode_events,475409
complementary_k5_n7,resident,P-FRESH,6,receiver_import,bounded_native_c_call_events,123
complementary_k5_n7,resident,P-FRESH,6,receiver_import,observed_python_opcode_events,44030
complementary_k5_n7,resident,P-FRESH,6,receiver_input,bounded_native_c_call_events,1386
complementary_k5_n7,resident,P-FRESH,6,receiver_input,current_request_bytes,1962
complementary_k5_n7,resident,P-FRESH,6,receiver_input,observed_python_opcode_events,91221
complementary_k5_n7,resident,P-FRESH,6,receiver_input,proof_input_bytes,2573
complementary_k5_n7,resident,P-FRESH,6,receiver_storage,bounded_native_c_call_events,16
complementary_k5_n7,resident,P-FRESH,6,receiver_storage,live_serialized_byte_periods,11380
complementary_k5_n7,resident,P-FRESH,6,receiver_storage,observed_python_opcode_events,751
complementary_k5_n7,resident,P-FRESH,6,request_encoding,bounded_native_c_call_events,1455
complementary_k5_n7,resident,P-FRESH,6,request_encoding,observed_python_opcode_events,36749
complementary_k5_n7,resident,P-FRESH,6,terminal,bounded_native_c_call_events,902
complementary_k5_n7,resident,P-FRESH,6,terminal,candidate_publication_events,1
complementary_k5_n7,resident,P-FRESH,6,terminal,current_receipt_output_bytes,3457
complementary_k5_n7,resident,P-FRESH,6,terminal,delivery_events,1
complementary_k5_n7,resident,P-FRESH,6,terminal,observed_python_opcode_events,22438
complementary_k5_n7,resident,P-REUSE,1,common_source,bounded_native_c_call_events,371
complementary_k5_n7,resident,P-REUSE,1,common_source,observed_python_opcode_events,32551
complementary_k5_n7,resident,P-REUSE,1,common_source,source_hash_bytes_prepaid,197956
complementary_k5_n7,resident,P-REUSE,1,common_source,source_length_probe_bytes_prepaid,8
complementary_k5_n7,resident,P-REUSE,1,common_source,source_program_bytes_prepaid,197956
complementary_k5_n7,resident,P-REUSE,1,common_source,source_record_bytes,1199
complementary_k5_n7,resident,P-REUSE,1,coordination,bounded_native_c_call_events,19
complementary_k5_n7,resident,P-REUSE,1,coordination,observed_python_opcode_events,1475
complementary_k5_n7,resident,P-REUSE,1,producer_build,bounded_native_c_call_events,15752
complementary_k5_n7,resident,P-REUSE,1,producer_build,observed_python_opcode_events,362247
complementary_k5_n7,resident,P-REUSE,1,producer_export,bounded_native_c_call_events,11
complementary_k5_n7,resident,P-REUSE,1,producer_export,observed_python_opcode_events,3747
complementary_k5_n7,resident,P-REUSE,1,producer_export,proof_output_bytes,4813
complementary_k5_n7,resident,P-REUSE,1,producer_init,observed_python_opcode_events,4
complementary_k5_n7,resident,P-REUSE,1,producer_input,bounded_native_c_call_events,1201
complementary_k5_n7,resident,P-REUSE,1,producer_input,current_request_bytes,1810
complementary_k5_n7,resident,P-REUSE,1,producer_input,observed_python_opcode_events,83071
complementary_k5_n7,resident,P-REUSE,1,producer_old_admission,bounded_native_c_call_events,27784
complementary_k5_n7,resident,P-REUSE,1,producer_old_admission,observed_python_opcode_events,690179
complementary_k5_n7,resident,P-REUSE,1,producer_old_build,bounded_native_c_call_events,55636
complementary_k5_n7,resident,P-REUSE,1,producer_old_build,observed_python_opcode_events,1369228
complementary_k5_n7,resident,P-REUSE,1,producer_old_export,bounded_native_c_call_events,574
complementary_k5_n7,resident,P-REUSE,1,producer_old_export,observed_python_opcode_events,29476
complementary_k5_n7,resident,P-REUSE,1,producer_old_export,old_proof_output_bytes,4641
complementary_k5_n7,resident,P-REUSE,1,producer_old_input,bounded_native_c_call_events,2843
complementary_k5_n7,resident,P-REUSE,1,producer_old_input,observed_python_opcode_events,157404
complementary_k5_n7,resident,P-REUSE,1,producer_old_input,old_request_bytes,2871
complementary_k5_n7,resident,P-REUSE,1,producer_storage,bounded_native_c_call_events,2015
complementary_k5_n7,resident,P-REUSE,1,producer_storage,live_serialized_byte_periods,49684
complementary_k5_n7,resident,P-REUSE,1,producer_storage,observed_python_opcode_events,54642
complementary_k5_n7,resident,P-REUSE,1,receiver_check,bounded_native_c_call_events,6717
complementary_k5_n7,resident,P-REUSE,1,receiver_check,observed_python_opcode_events,159964
complementary_k5_n7,resident,P-REUSE,1,receiver_import,bounded_native_c_call_events,135
complementary_k5_n7,resident,P-REUSE,1,receiver_import,observed_python_opcode_events,72782
complementary_k5_n7,resident,P-REUSE,1,receiver_init,observed_python_opcode_events,4
complementary_k5_n7,resident,P-REUSE,1,receiver_input,bounded_native_c_call_events,1201
complementary_k5_n7,resident,P-REUSE,1,receiver_input,current_request_bytes,1810
complementary_k5_n7,resident,P-REUSE,1,receiver_input,observed_python_opcode_events,83071
complementary_k5_n7,resident,P-REUSE,1,receiver_input,proof_input_bytes,4813
complementary_k5_n7,resident,P-REUSE,1,receiver_old_check,bounded_native_c_call_events,27784
complementary_k5_n7,resident,P-REUSE,1,receiver_old_check,observed_python_opcode_events,690177
complementary_k5_n7,resident,P-REUSE,1,receiver_old_import,bounded_native_c_call_events,1534
complementary_k5_n7,resident,P-REUSE,1,receiver_old_import,observed_python_opcode_events,159829
complementary_k5_n7,resident,P-REUSE,1,receiver_old_input,bounded_native_c_call_events,2843
complementary_k5_n7,resident,P-REUSE,1,receiver_old_input,observed_python_opcode_events,157404
complementary_k5_n7,resident,P-REUSE,1,receiver_old_input,old_proof_input_bytes,4641
complementary_k5_n7,resident,P-REUSE,1,receiver_old_input,old_request_bytes,2871
complementary_k5_n7,resident,P-REUSE,1,receiver_storage,bounded_native_c_call_events,1455
complementary_k5_n7,resident,P-REUSE,1,receiver_storage,live_serialized_byte_periods,29980
complementary_k5_n7,resident,P-REUSE,1,receiver_storage,observed_python_opcode_events,38724
complementary_k5_n7,resident,P-REUSE,1,request_encoding,bounded_native_c_call_events,1302
complementary_k5_n7,resident,P-REUSE,1,request_encoding,observed_python_opcode_events,33081
complementary_k5_n7,resident,P-REUSE,1,terminal,bounded_native_c_call_events,823
complementary_k5_n7,resident,P-REUSE,1,terminal,candidate_publication_events,1
complementary_k5_n7,resident,P-REUSE,1,terminal,current_receipt_output_bytes,3305
complementary_k5_n7,resident,P-REUSE,1,terminal,delivery_events,1
complementary_k5_n7,resident,P-REUSE,1,terminal,observed_python_opcode_events,20476
complementary_k5_n7,resident,P-REUSE,2,coordination,bounded_native_c_call_events,10
complementary_k5_n7,resident,P-REUSE,2,coordination,observed_python_opcode_events,592
complementary_k5_n7,resident,P-REUSE,2,producer_build,bounded_native_c_call_events,16585
complementary_k5_n7,resident,P-REUSE,2,producer_build,observed_python_opcode_events,377395
complementary_k5_n7,resident,P-REUSE,2,producer_export,bounded_native_c_call_events,11
complementary_k5_n7,resident,P-REUSE,2,producer_export,observed_python_opcode_events,3747
complementary_k5_n7,resident,P-REUSE,2,producer_export,proof_output_bytes,4835
complementary_k5_n7,resident,P-REUSE,2,producer_input,bounded_native_c_call_events,1230
complementary_k5_n7,resident,P-REUSE,2,producer_input,current_request_bytes,1832
complementary_k5_n7,resident,P-REUSE,2,producer_input,observed_python_opcode_events,84486
complementary_k5_n7,resident,P-REUSE,2,producer_storage,bounded_native_c_call_events,1135
complementary_k5_n7,resident,P-REUSE,2,producer_storage,live_serialized_byte_periods,17999
complementary_k5_n7,resident,P-REUSE,2,producer_storage,observed_python_opcode_events,30937
complementary_k5_n7,resident,P-REUSE,2,receiver_check,bounded_native_c_call_events,7082
complementary_k5_n7,resident,P-REUSE,2,receiver_check,observed_python_opcode_events,166283
complementary_k5_n7,resident,P-REUSE,2,receiver_import,bounded_native_c_call_events,135
complementary_k5_n7,resident,P-REUSE,2,receiver_import,observed_python_opcode_events,73080
complementary_k5_n7,resident,P-REUSE,2,receiver_input,bounded_native_c_call_events,1230
complementary_k5_n7,resident,P-REUSE,2,receiver_input,current_request_bytes,1832
complementary_k5_n7,resident,P-REUSE,2,receiver_input,observed_python_opcode_events,84486
complementary_k5_n7,resident,P-REUSE,2,receiver_input,proof_input_bytes,4835
complementary_k5_n7,resident,P-REUSE,2,receiver_storage,bounded_native_c_call_events,580
complementary_k5_n7,resident,P-REUSE,2,receiver_storage,live_serialized_byte_periods,16582
complementary_k5_n7,resident,P-REUSE,2,receiver_storage,observed_python_opcode_events,15561
complementary_k5_n7,resident,P-REUSE,2,request_encoding,bounded_native_c_call_events,1338
complementary_k5_n7,resident,P-REUSE,2,request_encoding,observed_python_opcode_events,33891
complementary_k5_n7,resident,P-REUSE,2,terminal,bounded_native_c_call_events,855
complementary_k5_n7,resident,P-REUSE,2,terminal,candidate_publication_events,1
complementary_k5_n7,resident,P-REUSE,2,terminal,current_receipt_output_bytes,3327
complementary_k5_n7,resident,P-REUSE,2,terminal,delivery_events,1
complementary_k5_n7,resident,P-REUSE,2,terminal,observed_python_opcode_events,21220
complementary_k5_n7,resident,P-REUSE,3,coordination,bounded_native_c_call_events,10
complementary_k5_n7,resident,P-REUSE,3,coordination,observed_python_opcode_events,592
complementary_k5_n7,resident,P-REUSE,3,producer_build,bounded_native_c_call_events,16587
complementary_k5_n7,resident,P-REUSE,3,producer_build,observed_python_opcode_events,377163
complementary_k5_n7,resident,P-REUSE,3,producer_export,bounded_native_c_call_events,11
complementary_k5_n7,resident,P-REUSE,3,producer_export,observed_python_opcode_events,3747
complementary_k5_n7,resident,P-REUSE,3,producer_export,proof_output_bytes,4841
complementary_k5_n7,resident,P-REUSE,3,producer_input,bounded_native_c_call_events,1228
complementary_k5_n7,resident,P-REUSE,3,producer_input,current_request_bytes,1838
complementary_k5_n7,resident,P-REUSE,3,producer_input,observed_python_opcode_events,84659
complementary_k5_n7,resident,P-REUSE,3,producer_storage,bounded_native_c_call_events,1135
complementary_k5_n7,resident,P-REUSE,3,producer_storage,live_serialized_byte_periods,18011
complementary_k5_n7,resident,P-REUSE,3,producer_storage,observed_python_opcode_events,30937
complementary_k5_n7,resident,P-REUSE,3,receiver_check,bounded_native_c_call_events,7031
complementary_k5_n7,resident,P-REUSE,3,receiver_check,observed_python_opcode_events,165143
complementary_k5_n7,resident,P-REUSE,3,receiver_import,bounded_native_c_call_events,135
complementary_k5_n7,resident,P-REUSE,3,receiver_import,observed_python_opcode_events,73170
complementary_k5_n7,resident,P-REUSE,3,receiver_input,bounded_native_c_call_events,1228
complementary_k5_n7,resident,P-REUSE,3,receiver_input,current_request_bytes,1838
complementary_k5_n7,resident,P-REUSE,3,receiver_input,observed_python_opcode_events,84659
complementary_k5_n7,resident,P-REUSE,3,receiver_input,proof_input_bytes,4841
complementary_k5_n7,resident,P-REUSE,3,receiver_storage,bounded_native_c_call_events,580
complementary_k5_n7,resident,P-REUSE,3,receiver_storage,live_serialized_byte_periods,16600
complementary_k5_n7,resident,P-REUSE,3,receiver_storage,observed_python_opcode_events,15561
complementary_k5_n7,resident,P-REUSE,3,request_encoding,bounded_native_c_call_events,1338
complementary_k5_n7,resident,P-REUSE,3,request_encoding,observed_python_opcode_events,33899
complementary_k5_n7,resident,P-REUSE,3,terminal,bounded_native_c_call_events,813
complementary_k5_n7,resident,P-REUSE,3,terminal,candidate_publication_events,1
complementary_k5_n7,resident,P-REUSE,3,terminal,current_receipt_output_bytes,3333
complementary_k5_n7,resident,P-REUSE,3,terminal,delivery_events,1
complementary_k5_n7,resident,P-REUSE,3,terminal,observed_python_opcode_events,20344
complementary_k5_n7,resident,P-REUSE,4,coordination,bounded_native_c_call_events,10
complementary_k5_n7,resident,P-REUSE,4,coordination,observed_python_opcode_events,592
complementary_k5_n7,resident,P-REUSE,4,producer_build,bounded_native_c_call_events,18042
complementary_k5_n7,resident,P-REUSE,4,producer_build,observed_python_opcode_events,406206
complementary_k5_n7,resident,P-REUSE,4,producer_export,bounded_native_c_call_events,11
complementary_k5_n7,resident,P-REUSE,4,producer_export,observed_python_opcode_events,3747
complementary_k5_n7,resident,P-REUSE,4,producer_export,proof_output_bytes,4934
complementary_k5_n7,resident,P-REUSE,4,producer_input,bounded_native_c_call_events,1329
complementary_k5_n7,resident,P-REUSE,4,producer_input,current_request_bytes,1931
complementary_k5_n7,resident,P-REUSE,4,producer_input,observed_python_opcode_events,89318
complementary_k5_n7,resident,P-REUSE,4,producer_storage,bounded_native_c_call_events,1135
complementary_k5_n7,resident,P-REUSE,4,producer_storage,live_serialized_byte_periods,18269
complementary_k5_n7,resident,P-REUSE,4,producer_storage,observed_python_opcode_events,30937
complementary_k5_n7,resident,P-REUSE,4,receiver_check,bounded_native_c_call_events,7553
complementary_k5_n7,resident,P-REUSE,4,receiver_check,observed_python_opcode_events,175376
complementary_k5_n7,resident,P-REUSE,4,receiver_import,bounded_native_c_call_events,135
complementary_k5_n7,resident,P-REUSE,4,receiver_import,observed_python_opcode_events,74421
complementary_k5_n7,resident,P-REUSE,4,receiver_input,bounded_native_c_call_events,1329
complementary_k5_n7,resident,P-REUSE,4,receiver_input,current_request_bytes,1931
complementary_k5_n7,resident,P-REUSE,4,receiver_input,observed_python_opcode_events,89318
complementary_k5_n7,resident,P-REUSE,4,receiver_input,proof_input_bytes,4934
complementary_k5_n7,resident,P-REUSE,4,receiver_storage,bounded_native_c_call_events,580
complementary_k5_n7,resident,P-REUSE,4,receiver_storage,live_serialized_byte_periods,16987
complementary_k5_n7,resident,P-REUSE,4,receiver_storage,observed_python_opcode_events,15561
complementary_k5_n7,resident,P-REUSE,4,request_encoding,bounded_native_c_call_events,1414
complementary_k5_n7,resident,P-REUSE,4,request_encoding,observed_python_opcode_events,35821
complementary_k5_n7,resident,P-REUSE,4,terminal,bounded_native_c_call_events,927
complementary_k5_n7,resident,P-REUSE,4,terminal,candidate_publication_events,1
complementary_k5_n7,resident,P-REUSE,4,terminal,current_receipt_output_bytes,3426
complementary_k5_n7,resident,P-REUSE,4,terminal,delivery_events,1
complementary_k5_n7,resident,P-REUSE,4,terminal,observed_python_opcode_events,22977
complementary_k5_n7,resident,P-REUSE,5,coordination,bounded_native_c_call_events,10
complementary_k5_n7,resident,P-REUSE,5,coordination,observed_python_opcode_events,592
complementary_k5_n7,resident,P-REUSE,5,producer_build,bounded_native_c_call_events,17879
complementary_k5_n7,resident,P-REUSE,5,producer_build,observed_python_opcode_events,404931
complementary_k5_n7,resident,P-REUSE,5,producer_export,bounded_native_c_call_events,11
complementary_k5_n7,resident,P-REUSE,5,producer_export,observed_python_opcode_events,3747
complementary_k5_n7,resident,P-REUSE,5,producer_export,proof_output_bytes,4938
complementary_k5_n7,resident,P-REUSE,5,producer_input,bounded_native_c_call_events,1325
complementary_k5_n7,resident,P-REUSE,5,producer_input,current_request_bytes,1935
complementary_k5_n7,resident,P-REUSE,5,producer_input,observed_python_opcode_events,89436
complementary_k5_n7,resident,P-REUSE,5,producer_storage,bounded_native_c_call_events,1135
complementary_k5_n7,resident,P-REUSE,5,producer_storage,live_serialized_byte_periods,18277
complementary_k5_n7,resident,P-REUSE,5,producer_storage,observed_python_opcode_events,30937
complementary_k5_n7,resident,P-REUSE,5,receiver_check,bounded_native_c_call_events,7453
complementary_k5_n7,resident,P-REUSE,5,receiver_check,observed_python_opcode_events,173522
complementary_k5_n7,resident,P-REUSE,5,receiver_import,bounded_native_c_call_events,135
complementary_k5_n7,resident,P-REUSE,5,receiver_import,observed_python_opcode_events,74481
complementary_k5_n7,resident,P-REUSE,5,receiver_input,bounded_native_c_call_events,1325
complementary_k5_n7,resident,P-REUSE,5,receiver_input,current_request_bytes,1935
complementary_k5_n7,resident,P-REUSE,5,receiver_input,observed_python_opcode_events,89436
complementary_k5_n7,resident,P-REUSE,5,receiver_input,proof_input_bytes,4938
complementary_k5_n7,resident,P-REUSE,5,receiver_storage,bounded_native_c_call_events,580
complementary_k5_n7,resident,P-REUSE,5,receiver_storage,live_serialized_byte_periods,16999
complementary_k5_n7,resident,P-REUSE,5,receiver_storage,observed_python_opcode_events,15561
complementary_k5_n7,resident,P-REUSE,5,request_encoding,bounded_native_c_call_events,1414
complementary_k5_n7,resident,P-REUSE,5,request_encoding,observed_python_opcode_events,35843
complementary_k5_n7,resident,P-REUSE,5,terminal,bounded_native_c_call_events,875
complementary_k5_n7,resident,P-REUSE,5,terminal,candidate_publication_events,1
complementary_k5_n7,resident,P-REUSE,5,terminal,current_receipt_output_bytes,3430
complementary_k5_n7,resident,P-REUSE,5,terminal,delivery_events,1
complementary_k5_n7,resident,P-REUSE,5,terminal,observed_python_opcode_events,21765
complementary_k5_n7,resident,P-REUSE,6,coordination,bounded_native_c_call_events,10
complementary_k5_n7,resident,P-REUSE,6,coordination,observed_python_opcode_events,592
complementary_k5_n7,resident,P-REUSE,6,producer_build,bounded_native_c_call_events,18737
complementary_k5_n7,resident,P-REUSE,6,producer_build,observed_python_opcode_events,415346
complementary_k5_n7,resident,P-REUSE,6,producer_export,bounded_native_c_call_events,11
complementary_k5_n7,resident,P-REUSE,6,producer_export,observed_python_opcode_events,3751
complementary_k5_n7,resident,P-REUSE,6,producer_export,proof_output_bytes,4965
complementary_k5_n7,resident,P-REUSE,6,producer_input,bounded_native_c_call_events,1386
complementary_k5_n7,resident,P-REUSE,6,producer_input,current_request_bytes,1962
complementary_k5_n7,resident,P-REUSE,6,producer_input,observed_python_opcode_events,91221
complementary_k5_n7,resident,P-REUSE,6,producer_storage,bounded_native_c_call_events,1135
complementary_k5_n7,resident,P-REUSE,6,producer_storage,live_serialized_byte_periods,18355
complementary_k5_n7,resident,P-REUSE,6,producer_storage,observed_python_opcode_events,30937
complementary_k5_n7,resident,P-REUSE,6,receiver_check,bounded_native_c_call_events,7773
complementary_k5_n7,resident,P-REUSE,6,receiver_check,observed_python_opcode_events,178030
complementary_k5_n7,resident,P-REUSE,6,receiver_import,bounded_native_c_call_events,133
complementary_k5_n7,resident,P-REUSE,6,receiver_import,observed_python_opcode_events,74827
complementary_k5_n7,resident,P-REUSE,6,receiver_input,bounded_native_c_call_events,1386
complementary_k5_n7,resident,P-REUSE,6,receiver_input,current_request_bytes,1962
complementary_k5_n7,resident,P-REUSE,6,receiver_input,observed_python_opcode_events,91221
complementary_k5_n7,resident,P-REUSE,6,receiver_input,proof_input_bytes,4965
complementary_k5_n7,resident,P-REUSE,6,receiver_storage,bounded_native_c_call_events,580
complementary_k5_n7,resident,P-REUSE,6,receiver_storage,live_serialized_byte_periods,17116
complementary_k5_n7,resident,P-REUSE,6,receiver_storage,observed_python_opcode_events,15561
complementary_k5_n7,resident,P-REUSE,6,request_encoding,bounded_native_c_call_events,1455
complementary_k5_n7,resident,P-REUSE,6,request_encoding,observed_python_opcode_events,36749
complementary_k5_n7,resident,P-REUSE,6,terminal,bounded_native_c_call_events,902
complementary_k5_n7,resident,P-REUSE,6,terminal,candidate_publication_events,1
complementary_k5_n7,resident,P-REUSE,6,terminal,current_receipt_output_bytes,3457
complementary_k5_n7,resident,P-REUSE,6,terminal,delivery_events,1
complementary_k5_n7,resident,P-REUSE,6,terminal,observed_python_opcode_events,22438
constant_n3,fresh,O-ADD-COLD,1,common_source,bounded_native_c_call_events,371
constant_n3,fresh,O-ADD-COLD,1,common_source,observed_python_opcode_events,32551
constant_n3,fresh,O-ADD-COLD,1,common_source,source_hash_bytes_prepaid,197956
constant_n3,fresh,O-ADD-COLD,1,common_source,source_length_probe_bytes_prepaid,8
constant_n3,fresh,O-ADD-COLD,1,common_source,source_program_bytes_prepaid,197956
constant_n3,fresh,O-ADD-COLD,1,common_source,source_record_bytes,1199
constant_n3,fresh,O-ADD-COLD,1,coordination,bounded_native_c_call_events,10
constant_n3,fresh,O-ADD-COLD,1,coordination,observed_python_opcode_events,623
constant_n3,fresh,O-ADD-COLD,1,producer_build,bounded_native_c_call_events,689
constant_n3,fresh,O-ADD-COLD,1,producer_build,observed_python_opcode_events,13620
constant_n3,fresh,O-ADD-COLD,1,producer_export,bounded_native_c_call_events,8
constant_n3,fresh,O-ADD-COLD,1,producer_export,observed_python_opcode_events,260
constant_n3,fresh,O-ADD-COLD,1,producer_export,proof_output_bytes,2605
constant_n3,fresh,O-ADD-COLD,1,producer_init,bounded_native_c_call_events,19
constant_n3,fresh,O-ADD-COLD,1,producer_init,observed_python_opcode_events,739
constant_n3,fresh,O-ADD-COLD,1,producer_input,bounded_native_c_call_events,184
constant_n3,fresh,O-ADD-COLD,1,producer_input,current_request_bytes,1007
constant_n3,fresh,O-ADD-COLD,1,producer_input,observed_python_opcode_events,33013
constant_n3,fresh,O-ADD-COLD,1,producer_storage,bounded_native_c_call_events,118
constant_n3,fresh,O-ADD-COLD,1,producer_storage,live_serialized_byte_periods,7629
constant_n3,fresh,O-ADD-COLD,1,producer_storage,observed_python_opcode_events,6957
constant_n3,fresh,O-ADD-COLD,1,receiver_check,bounded_native_c_call_events,483
constant_n3,fresh,O-ADD-COLD,1,receiver_check,observed_python_opcode_events,53343
constant_n3,fresh,O-ADD-COLD,1,receiver_init,bounded_native_c_call_events,130
constant_n3,fresh,O-ADD-COLD,1,receiver_init,observed_python_opcode_events,27955
constant_n3,fresh,O-ADD-COLD,1,receiver_input,bounded_native_c_call_events,184
constant_n3,fresh,O-ADD-COLD,1,receiver_input,current_request_bytes,1007
constant_n3,fresh,O-ADD-COLD,1,receiver_input,observed_python_opcode_events,33013
constant_n3,fresh,O-ADD-COLD,1,receiver_input,proof_input_bytes,2605
constant_n3,fresh,O-ADD-COLD,1,receiver_storage,bounded_native_c_call_events,22
constant_n3,fresh,O-ADD-COLD,1,receiver_storage,live_serialized_byte_periods,12150
constant_n3,fresh,O-ADD-COLD,1,receiver_storage,observed_python_opcode_events,4290
constant_n3,fresh,O-ADD-COLD,1,request_encoding,bounded_native_c_call_events,132
constant_n3,fresh,O-ADD-COLD,1,request_encoding,observed_python_opcode_events,5754
constant_n3,fresh,O-ADD-COLD,1,terminal,bounded_native_c_call_events,62
constant_n3,fresh,O-ADD-COLD,1,terminal,candidate_publication_events,1
constant_n3,fresh,O-ADD-COLD,1,terminal,current_receipt_output_bytes,2502
constant_n3,fresh,O-ADD-COLD,1,terminal,delivery_events,1
constant_n3,fresh,O-ADD-COLD,1,terminal,observed_python_opcode_events,2942
constant_n3,fresh,O-ADD-COLD,2,coordination,bounded_native_c_call_events,10
constant_n3,fresh,O-ADD-COLD,2,coordination,observed_python_opcode_events,602
constant_n3,fresh,O-ADD-COLD,2,producer_build,bounded_native_c_call_events,1435
constant_n3,fresh,O-ADD-COLD,2,producer_build,observed_python_opcode_events,31405
constant_n3,fresh,O-ADD-COLD,2,producer_export,bounded_native_c_call_events,8
constant_n3,fresh,O-ADD-COLD,2,producer_export,observed_python_opcode_events,260
constant_n3,fresh,O-ADD-COLD,2,producer_export,proof_output_bytes,2922
constant_n3,fresh,O-ADD-COLD,2,producer_init,bounded_native_c_call_events,19
constant_n3,fresh,O-ADD-COLD,2,producer_init,observed_python_opcode_events,739
constant_n3,fresh,O-ADD-COLD,2,producer_input,bounded_native_c_call_events,283
constant_n3,fresh,O-ADD-COLD,2,producer_input,current_request_bytes,1102
constant_n3,fresh,O-ADD-COLD,2,producer_input,observed_python_opcode_events,37669
constant_n3,fresh,O-ADD-COLD,2,producer_storage,bounded_native_c_call_events,136
constant_n3,fresh,O-ADD-COLD,2,producer_storage,live_serialized_byte_periods,8639
constant_n3,fresh,O-ADD-COLD,2,producer_storage,observed_python_opcode_events,13533
constant_n3,fresh,O-ADD-COLD,2,receiver_check,bounded_native_c_call_events,1075
constant_n3,fresh,O-ADD-COLD,2,receiver_check,observed_python_opcode_events,77668
constant_n3,fresh,O-ADD-COLD,2,receiver_init,bounded_native_c_call_events,130
constant_n3,fresh,O-ADD-COLD,2,receiver_init,observed_python_opcode_events,27955
constant_n3,fresh,O-ADD-COLD,2,receiver_input,bounded_native_c_call_events,283
constant_n3,fresh,O-ADD-COLD,2,receiver_input,current_request_bytes,1102
constant_n3,fresh,O-ADD-COLD,2,receiver_input,observed_python_opcode_events,37669
constant_n3,fresh,O-ADD-COLD,2,receiver_input,proof_input_bytes,2922
constant_n3,fresh,O-ADD-COLD,2,receiver_storage,bounded_native_c_call_events,22
constant_n3,fresh,O-ADD-COLD,2,receiver_storage,live_serialized_byte_periods,13250
constant_n3,fresh,O-ADD-COLD,2,receiver_storage,observed_python_opcode_events,7907
constant_n3,fresh,O-ADD-COLD,2,request_encoding,bounded_native_c_call_events,208
constant_n3,fresh,O-ADD-COLD,2,request_encoding,observed_python_opcode_events,7658
constant_n3,fresh,O-ADD-COLD,2,terminal,bounded_native_c_call_events,136
constant_n3,fresh,O-ADD-COLD,2,terminal,candidate_publication_events,1
constant_n3,fresh,O-ADD-COLD,2,terminal,current_receipt_output_bytes,2597
constant_n3,fresh,O-ADD-COLD,2,terminal,delivery_events,1
constant_n3,fresh,O-ADD-COLD,2,terminal,observed_python_opcode_events,4727
constant_n3,fresh,O-ADD-COLD,3,coordination,bounded_native_c_call_events,10
constant_n3,fresh,O-ADD-COLD,3,coordination,observed_python_opcode_events,602
constant_n3,fresh,O-ADD-COLD,3,producer_build,bounded_native_c_call_events,1537
constant_n3,fresh,O-ADD-COLD,3,producer_build,observed_python_opcode_events,33223
constant_n3,fresh,O-ADD-COLD,3,producer_export,bounded_native_c_call_events,8
constant_n3,fresh,O-ADD-COLD,3,producer_export,observed_python_opcode_events,260
constant_n3,fresh,O-ADD-COLD,3,producer_export,proof_output_bytes,2962
constant_n3,fresh,O-ADD-COLD,3,producer_init,bounded_native_c_call_events,19
constant_n3,fresh,O-ADD-COLD,3,producer_init,observed_python_opcode_events,739
constant_n3,fresh,O-ADD-COLD,3,producer_input,bounded_native_c_call_events,271
constant_n3,fresh,O-ADD-COLD,3,producer_input,current_request_bytes,1092
constant_n3,fresh,O-ADD-COLD,3,producer_input,observed_python_opcode_events,37061
constant_n3,fresh,O-ADD-COLD,3,producer_storage,bounded_native_c_call_events,150
constant_n3,fresh,O-ADD-COLD,3,producer_storage,live_serialized_byte_periods,8783
constant_n3,fresh,O-ADD-COLD,3,producer_storage,observed_python_opcode_events,15369
constant_n3,fresh,O-ADD-COLD,3,receiver_check,bounded_native_c_call_events,1185
constant_n3,fresh,O-ADD-COLD,3,receiver_check,observed_python_opcode_events,81524
constant_n3,fresh,O-ADD-COLD,3,receiver_init,bounded_native_c_call_events,130
constant_n3,fresh,O-ADD-COLD,3,receiver_init,observed_python_opcode_events,27955
constant_n3,fresh,O-ADD-COLD,3,receiver_input,bounded_native_c_call_events,271
constant_n3,fresh,O-ADD-COLD,3,receiver_input,current_request_bytes,1092
constant_n3,fresh,O-ADD-COLD,3,receiver_input,observed_python_opcode_events,37061
constant_n3,fresh,O-ADD-COLD,3,receiver_input,proof_input_bytes,2962
constant_n3,fresh,O-ADD-COLD,3,receiver_storage,bounded_native_c_call_events,22
constant_n3,fresh,O-ADD-COLD,3,receiver_storage,live_serialized_byte_periods,13338
constant_n3,fresh,O-ADD-COLD,3,receiver_storage,observed_python_opcode_events,9398
constant_n3,fresh,O-ADD-COLD,3,request_encoding,bounded_native_c_call_events,193
constant_n3,fresh,O-ADD-COLD,3,request_encoding,observed_python_opcode_events,7314
constant_n3,fresh,O-ADD-COLD,3,terminal,bounded_native_c_call_events,120
constant_n3,fresh,O-ADD-COLD,3,terminal,candidate_publication_events,1
constant_n3,fresh,O-ADD-COLD,3,terminal,current_receipt_output_bytes,2587
constant_n3,fresh,O-ADD-COLD,3,terminal,delivery_events,1
constant_n3,fresh,O-ADD-COLD,3,terminal,observed_python_opcode_events,4367
constant_n3,fresh,O-ADD-COLD,4,coordination,bounded_native_c_call_events,10
constant_n3,fresh,O-ADD-COLD,4,coordination,observed_python_opcode_events,602
constant_n3,fresh,O-ADD-COLD,4,producer_build,bounded_native_c_call_events,1776
constant_n3,fresh,O-ADD-COLD,4,producer_build,observed_python_opcode_events,39960
constant_n3,fresh,O-ADD-COLD,4,producer_export,bounded_native_c_call_events,8
constant_n3,fresh,O-ADD-COLD,4,producer_export,observed_python_opcode_events,260
constant_n3,fresh,O-ADD-COLD,4,producer_export,proof_output_bytes,3070
constant_n3,fresh,O-ADD-COLD,4,producer_init,bounded_native_c_call_events,19
constant_n3,fresh,O-ADD-COLD,4,producer_init,observed_python_opcode_events,739
constant_n3,fresh,O-ADD-COLD,4,producer_input,bounded_native_c_call_events,293
constant_n3,fresh,O-ADD-COLD,4,producer_input,current_request_bytes,1118
constant_n3,fresh,O-ADD-COLD,4,producer_input,observed_python_opcode_events,38450
constant_n3,fresh,O-ADD-COLD,4,producer_storage,bounded_native_c_call_events,162
constant_n3,fresh,O-ADD-COLD,4,producer_storage,live_serialized_byte_periods,9130
constant_n3,fresh,O-ADD-COLD,4,producer_storage,observed_python_opcode_events,17580
constant_n3,fresh,O-ADD-COLD,4,receiver_check,bounded_native_c_call_events,1388
constant_n3,fresh,O-ADD-COLD,4,receiver_check,observed_python_opcode_events,90684
constant_n3,fresh,O-ADD-COLD,4,receiver_init,bounded_native_c_call_events,130
constant_n3,fresh,O-ADD-COLD,4,receiver_init,observed_python_opcode_events,27955
constant_n3,fresh,O-ADD-COLD,4,receiver_input,bounded_native_c_call_events,293
constant_n3,fresh,O-ADD-COLD,4,receiver_input,current_request_bytes,1118
constant_n3,fresh,O-ADD-COLD,4,receiver_input,observed_python_opcode_events,38450
constant_n3,fresh,O-ADD-COLD,4,receiver_input,proof_input_bytes,3070
constant_n3,fresh,O-ADD-COLD,4,receiver_storage,bounded_native_c_call_events,22
constant_n3,fresh,O-ADD-COLD,4,receiver_storage,live_serialized_byte_periods,13685
constant_n3,fresh,O-ADD-COLD,4,receiver_storage,observed_python_opcode_events,10272
constant_n3,fresh,O-ADD-COLD,4,request_encoding,bounded_native_c_call_events,223
constant_n3,fresh,O-ADD-COLD,4,request_encoding,observed_python_opcode_events,8010
constant_n3,fresh,O-ADD-COLD,4,terminal,bounded_native_c_call_events,152
constant_n3,fresh,O-ADD-COLD,4,terminal,candidate_publication_events,1
constant_n3,fresh,O-ADD-COLD,4,terminal,current_receipt_output_bytes,2613
constant_n3,fresh,O-ADD-COLD,4,terminal,delivery_events,1
constant_n3,fresh,O-ADD-COLD,4,terminal,observed_python_opcode_events,5107
constant_n3,fresh,O-ADD-COLD,5,coordination,bounded_native_c_call_events,10
constant_n3,fresh,O-ADD-COLD,5,coordination,observed_python_opcode_events,602
constant_n3,fresh,O-ADD-COLD,5,producer_build,bounded_native_c_call_events,2015
constant_n3,fresh,O-ADD-COLD,5,producer_build,observed_python_opcode_events,46899
constant_n3,fresh,O-ADD-COLD,5,producer_export,bounded_native_c_call_events,8
constant_n3,fresh,O-ADD-COLD,5,producer_export,observed_python_opcode_events,260
constant_n3,fresh,O-ADD-COLD,5,producer_export,proof_output_bytes,3217
constant_n3,fresh,O-ADD-COLD,5,producer_init,bounded_native_c_call_events,19
constant_n3,fresh,O-ADD-COLD,5,producer_init,observed_python_opcode_events,739
constant_n3,fresh,O-ADD-COLD,5,producer_input,bounded_native_c_call_events,300
constant_n3,fresh,O-ADD-COLD,5,producer_input,current_request_bytes,1113
constant_n3,fresh,O-ADD-COLD,5,producer_input,observed_python_opcode_events,38498
constant_n3,fresh,O-ADD-COLD,5,producer_storage,bounded_native_c_call_events,162
constant_n3,fresh,O-ADD-COLD,5,producer_storage,live_serialized_byte_periods,9634
constant_n3,fresh,O-ADD-COLD,5,producer_storage,observed_python_opcode_events,21895
constant_n3,fresh,O-ADD-COLD,5,receiver_check,bounded_native_c_call_events,1681
constant_n3,fresh,O-ADD-COLD,5,receiver_check,observed_python_opcode_events,103676
constant_n3,fresh,O-ADD-COLD,5,receiver_init,bounded_native_c_call_events,130
constant_n3,fresh,O-ADD-COLD,5,receiver_init,observed_python_opcode_events,27955
constant_n3,fresh,O-ADD-COLD,5,receiver_input,bounded_native_c_call_events,300
constant_n3,fresh,O-ADD-COLD,5,receiver_input,current_request_bytes,1113
constant_n3,fresh,O-ADD-COLD,5,receiver_input,observed_python_opcode_events,38498
constant_n3,fresh,O-ADD-COLD,5,receiver_input,proof_input_bytes,3217
constant_n3,fresh,O-ADD-COLD,5,receiver_storage,bounded_native_c_call_events,22
constant_n3,fresh,O-ADD-COLD,5,receiver_storage,live_serialized_byte_periods,14079
constant_n3,fresh,O-ADD-COLD,5,receiver_storage,observed_python_opcode_events,13370
constant_n3,fresh,O-ADD-COLD,5,request_encoding,bounded_native_c_call_events,229
constant_n3,fresh,O-ADD-COLD,5,request_encoding,observed_python_opcode_events,8150
constant_n3,fresh,O-ADD-COLD,5,terminal,bounded_native_c_call_events,150
constant_n3,fresh,O-ADD-COLD,5,terminal,candidate_publication_events,1
constant_n3,fresh,O-ADD-COLD,5,terminal,current_receipt_output_bytes,2608
constant_n3,fresh,O-ADD-COLD,5,terminal,delivery_events,1
constant_n3,fresh,O-ADD-COLD,5,terminal,observed_python_opcode_events,5083
constant_n3,fresh,O-ADD-COLD,6,coordination,bounded_native_c_call_events,10
constant_n3,fresh,O-ADD-COLD,6,coordination,observed_python_opcode_events,602
constant_n3,fresh,O-ADD-COLD,6,producer_build,bounded_native_c_call_events,1960
constant_n3,fresh,O-ADD-COLD,6,producer_build,observed_python_opcode_events,45750
constant_n3,fresh,O-ADD-COLD,6,producer_export,bounded_native_c_call_events,8
constant_n3,fresh,O-ADD-COLD,6,producer_export,observed_python_opcode_events,260
constant_n3,fresh,O-ADD-COLD,6,producer_export,proof_output_bytes,3206
constant_n3,fresh,O-ADD-COLD,6,producer_init,bounded_native_c_call_events,19
constant_n3,fresh,O-ADD-COLD,6,producer_init,observed_python_opcode_events,739
constant_n3,fresh,O-ADD-COLD,6,producer_input,bounded_native_c_call_events,312
constant_n3,fresh,O-ADD-COLD,6,producer_input,current_request_bytes,1127
constant_n3,fresh,O-ADD-COLD,6,producer_input,observed_python_opcode_events,39238
constant_n3,fresh,O-ADD-COLD,6,producer_storage,bounded_native_c_call_events,168
constant_n3,fresh,O-ADD-COLD,6,producer_storage,live_serialized_byte_periods,9577
constant_n3,fresh,O-ADD-COLD,6,producer_storage,observed_python_opcode_events,20913
constant_n3,fresh,O-ADD-COLD,6,receiver_check,bounded_native_c_call_events,1622
constant_n3,fresh,O-ADD-COLD,6,receiver_check,observed_python_opcode_events,101359
constant_n3,fresh,O-ADD-COLD,6,receiver_init,bounded_native_c_call_events,130
constant_n3,fresh,O-ADD-COLD,6,receiver_init,observed_python_opcode_events,27955
constant_n3,fresh,O-ADD-COLD,6,receiver_input,bounded_native_c_call_events,312
constant_n3,fresh,O-ADD-COLD,6,receiver_input,current_request_bytes,1127
constant_n3,fresh,O-ADD-COLD,6,receiver_input,observed_python_opcode_events,39238
constant_n3,fresh,O-ADD-COLD,6,receiver_input,proof_input_bytes,3206
constant_n3,fresh,O-ADD-COLD,6,receiver_storage,bounded_native_c_call_events,22
constant_n3,fresh,O-ADD-COLD,6,receiver_storage,live_serialized_byte_periods,14057
constant_n3,fresh,O-ADD-COLD,6,receiver_storage,observed_python_opcode_events,12197
constant_n3,fresh,O-ADD-COLD,6,request_encoding,bounded_native_c_call_events,244
constant_n3,fresh,O-ADD-COLD,6,request_encoding,observed_python_opcode_events,8500
constant_n3,fresh,O-ADD-COLD,6,terminal,bounded_native_c_call_events,160
constant_n3,fresh,O-ADD-COLD,6,terminal,candidate_publication_events,1
constant_n3,fresh,O-ADD-COLD,6,terminal,current_receipt_output_bytes,2622
constant_n3,fresh,O-ADD-COLD,6,terminal,delivery_events,1
constant_n3,fresh,O-ADD-COLD,6,terminal,observed_python_opcode_events,5251
constant_n3,fresh,O-ADD-PORTFOLIO,1,common_source,bounded_native_c_call_events,371
constant_n3,fresh,O-ADD-PORTFOLIO,1,common_source,observed_python_opcode_events,32551
constant_n3,fresh,O-ADD-PORTFOLIO,1,common_source,source_hash_bytes_prepaid,197956
constant_n3,fresh,O-ADD-PORTFOLIO,1,common_source,source_length_probe_bytes_prepaid,8
constant_n3,fresh,O-ADD-PORTFOLIO,1,common_source,source_program_bytes_prepaid,197956
constant_n3,fresh,O-ADD-PORTFOLIO,1,common_source,source_record_bytes,1199
constant_n3,fresh,O-ADD-PORTFOLIO,1,coordination,bounded_native_c_call_events,15
constant_n3,fresh,O-ADD-PORTFOLIO,1,coordination,observed_python_opcode_events,736
constant_n3,fresh,O-ADD-PORTFOLIO,1,producer_build,bounded_native_c_call_events,318
constant_n3,fresh,O-ADD-PORTFOLIO,1,producer_build,observed_python_opcode_events,7023
constant_n3,fresh,O-ADD-PORTFOLIO,1,producer_export,bounded_native_c_call_events,7
constant_n3,fresh,O-ADD-PORTFOLIO,1,producer_export,observed_python_opcode_events,759
constant_n3,fresh,O-ADD-PORTFOLIO,1,producer_export,proof_output_bytes,1027
constant_n3,fresh,O-ADD-PORTFOLIO,1,producer_init,observed_python_opcode_events,4
constant_n3,fresh,O-ADD-PORTFOLIO,1,producer_input,bounded_native_c_call_events,184
constant_n3,fresh,O-ADD-PORTFOLIO,1,producer_input,current_request_bytes,1007
constant_n3,fresh,O-ADD-PORTFOLIO,1,producer_input,observed_python_opcode_events,33013
constant_n3,fresh,O-ADD-PORTFOLIO,1,producer_storage,bounded_native_c_call_events,15
constant_n3,fresh,O-ADD-PORTFOLIO,1,producer_storage,live_serialized_byte_periods,3940
constant_n3,fresh,O-ADD-PORTFOLIO,1,producer_storage,observed_python_opcode_events,959
constant_n3,fresh,O-ADD-PORTFOLIO,1,receiver_check,bounded_native_c_call_events,367
constant_n3,fresh,O-ADD-PORTFOLIO,1,receiver_check,observed_python_opcode_events,8575
constant_n3,fresh,O-ADD-PORTFOLIO,1,receiver_import,bounded_native_c_call_events,33
constant_n3,fresh,O-ADD-PORTFOLIO,1,receiver_import,observed_python_opcode_events,15719
constant_n3,fresh,O-ADD-PORTFOLIO,1,receiver_init,observed_python_opcode_events,4
constant_n3,fresh,O-ADD-PORTFOLIO,1,receiver_input,bounded_native_c_call_events,184
constant_n3,fresh,O-ADD-PORTFOLIO,1,receiver_input,current_request_bytes,1007
constant_n3,fresh,O-ADD-PORTFOLIO,1,receiver_input,observed_python_opcode_events,33013
constant_n3,fresh,O-ADD-PORTFOLIO,1,receiver_input,proof_input_bytes,1027
constant_n3,fresh,O-ADD-PORTFOLIO,1,receiver_storage,bounded_native_c_call_events,16
constant_n3,fresh,O-ADD-PORTFOLIO,1,receiver_storage,live_serialized_byte_periods,6764
constant_n3,fresh,O-ADD-PORTFOLIO,1,receiver_storage,observed_python_opcode_events,751
constant_n3,fresh,O-ADD-PORTFOLIO,1,request_encoding,bounded_native_c_call_events,132
constant_n3,fresh,O-ADD-PORTFOLIO,1,request_encoding,observed_python_opcode_events,5754
constant_n3,fresh,O-ADD-PORTFOLIO,1,terminal,bounded_native_c_call_events,62
constant_n3,fresh,O-ADD-PORTFOLIO,1,terminal,candidate_publication_events,1
constant_n3,fresh,O-ADD-PORTFOLIO,1,terminal,current_receipt_output_bytes,2502
constant_n3,fresh,O-ADD-PORTFOLIO,1,terminal,delivery_events,1
constant_n3,fresh,O-ADD-PORTFOLIO,1,terminal,observed_python_opcode_events,2942
constant_n3,fresh,O-ADD-PORTFOLIO,2,coordination,bounded_native_c_call_events,12
constant_n3,fresh,O-ADD-PORTFOLIO,2,coordination,observed_python_opcode_events,641
constant_n3,fresh,O-ADD-PORTFOLIO,2,producer_build,bounded_native_c_call_events,697
constant_n3,fresh,O-ADD-PORTFOLIO,2,producer_build,observed_python_opcode_events,14174
constant_n3,fresh,O-ADD-PORTFOLIO,2,producer_export,bounded_native_c_call_events,7
constant_n3,fresh,O-ADD-PORTFOLIO,2,producer_export,observed_python_opcode_events,759
constant_n3,fresh,O-ADD-PORTFOLIO,2,producer_export,proof_output_bytes,1122
constant_n3,fresh,O-ADD-PORTFOLIO,2,producer_input,bounded_native_c_call_events,283
constant_n3,fresh,O-ADD-PORTFOLIO,2,producer_input,current_request_bytes,1102
constant_n3,fresh,O-ADD-PORTFOLIO,2,producer_input,observed_python_opcode_events,37669
constant_n3,fresh,O-ADD-PORTFOLIO,2,producer_storage,bounded_native_c_call_events,15
constant_n3,fresh,O-ADD-PORTFOLIO,2,producer_storage,live_serialized_byte_periods,4202
constant_n3,fresh,O-ADD-PORTFOLIO,2,producer_storage,observed_python_opcode_events,959
constant_n3,fresh,O-ADD-PORTFOLIO,2,receiver_check,bounded_native_c_call_events,723
constant_n3,fresh,O-ADD-PORTFOLIO,2,receiver_check,observed_python_opcode_events,15142
constant_n3,fresh,O-ADD-PORTFOLIO,2,receiver_import,bounded_native_c_call_events,33
constant_n3,fresh,O-ADD-PORTFOLIO,2,receiver_import,observed_python_opcode_events,17000
constant_n3,fresh,O-ADD-PORTFOLIO,2,receiver_init,observed_python_opcode_events,4
constant_n3,fresh,O-ADD-PORTFOLIO,2,receiver_input,bounded_native_c_call_events,283
constant_n3,fresh,O-ADD-PORTFOLIO,2,receiver_input,current_request_bytes,1102
constant_n3,fresh,O-ADD-PORTFOLIO,2,receiver_input,observed_python_opcode_events,37669
constant_n3,fresh,O-ADD-PORTFOLIO,2,receiver_input,proof_input_bytes,1122
constant_n3,fresh,O-ADD-PORTFOLIO,2,receiver_storage,bounded_native_c_call_events,16
constant_n3,fresh,O-ADD-PORTFOLIO,2,receiver_storage,live_serialized_byte_periods,7157
constant_n3,fresh,O-ADD-PORTFOLIO,2,receiver_storage,observed_python_opcode_events,751
constant_n3,fresh,O-ADD-PORTFOLIO,2,request_encoding,bounded_native_c_call_events,208
constant_n3,fresh,O-ADD-PORTFOLIO,2,request_encoding,observed_python_opcode_events,7658
constant_n3,fresh,O-ADD-PORTFOLIO,2,terminal,bounded_native_c_call_events,136
constant_n3,fresh,O-ADD-PORTFOLIO,2,terminal,candidate_publication_events,1
constant_n3,fresh,O-ADD-PORTFOLIO,2,terminal,current_receipt_output_bytes,2597
constant_n3,fresh,O-ADD-PORTFOLIO,2,terminal,delivery_events,1
constant_n3,fresh,O-ADD-PORTFOLIO,2,terminal,observed_python_opcode_events,4727
constant_n3,fresh,O-ADD-PORTFOLIO,3,coordination,bounded_native_c_call_events,12
constant_n3,fresh,O-ADD-PORTFOLIO,3,coordination,observed_python_opcode_events,641
constant_n3,fresh,O-ADD-PORTFOLIO,3,producer_build,bounded_native_c_call_events,654
constant_n3,fresh,O-ADD-PORTFOLIO,3,producer_build,observed_python_opcode_events,13168
constant_n3,fresh,O-ADD-PORTFOLIO,3,producer_export,bounded_native_c_call_events,7
constant_n3,fresh,O-ADD-PORTFOLIO,3,producer_export,observed_python_opcode_events,759
constant_n3,fresh,O-ADD-PORTFOLIO,3,producer_export,proof_output_bytes,1112
constant_n3,fresh,O-ADD-PORTFOLIO,3,producer_input,bounded_native_c_call_events,271
constant_n3,fresh,O-ADD-PORTFOLIO,3,producer_input,current_request_bytes,1092
constant_n3,fresh,O-ADD-PORTFOLIO,3,producer_input,observed_python_opcode_events,37061
constant_n3,fresh,O-ADD-PORTFOLIO,3,producer_storage,bounded_native_c_call_events,15
constant_n3,fresh,O-ADD-PORTFOLIO,3,producer_storage,live_serialized_byte_periods,4174
constant_n3,fresh,O-ADD-PORTFOLIO,3,producer_storage,observed_python_opcode_events,959
constant_n3,fresh,O-ADD-PORTFOLIO,3,receiver_check,bounded_native_c_call_events,688
constant_n3,fresh,O-ADD-PORTFOLIO,3,receiver_check,observed_python_opcode_events,14298
constant_n3,fresh,O-ADD-PORTFOLIO,3,receiver_import,bounded_native_c_call_events,33
constant_n3,fresh,O-ADD-PORTFOLIO,3,receiver_import,observed_python_opcode_events,16866
constant_n3,fresh,O-ADD-PORTFOLIO,3,receiver_init,observed_python_opcode_events,4
constant_n3,fresh,O-ADD-PORTFOLIO,3,receiver_input,bounded_native_c_call_events,271
constant_n3,fresh,O-ADD-PORTFOLIO,3,receiver_input,current_request_bytes,1092
constant_n3,fresh,O-ADD-PORTFOLIO,3,receiver_input,observed_python_opcode_events,37061
constant_n3,fresh,O-ADD-PORTFOLIO,3,receiver_input,proof_input_bytes,1112
constant_n3,fresh,O-ADD-PORTFOLIO,3,receiver_storage,bounded_native_c_call_events,16
constant_n3,fresh,O-ADD-PORTFOLIO,3,receiver_storage,live_serialized_byte_periods,7115
constant_n3,fresh,O-ADD-PORTFOLIO,3,receiver_storage,observed_python_opcode_events,751
constant_n3,fresh,O-ADD-PORTFOLIO,3,request_encoding,bounded_native_c_call_events,193
constant_n3,fresh,O-ADD-PORTFOLIO,3,request_encoding,observed_python_opcode_events,7314
constant_n3,fresh,O-ADD-PORTFOLIO,3,terminal,bounded_native_c_call_events,120
constant_n3,fresh,O-ADD-PORTFOLIO,3,terminal,candidate_publication_events,1
constant_n3,fresh,O-ADD-PORTFOLIO,3,terminal,current_receipt_output_bytes,2587
constant_n3,fresh,O-ADD-PORTFOLIO,3,terminal,delivery_events,1
constant_n3,fresh,O-ADD-PORTFOLIO,3,terminal,observed_python_opcode_events,4367
constant_n3,fresh,O-ADD-PORTFOLIO,4,coordination,bounded_native_c_call_events,12
constant_n3,fresh,O-ADD-PORTFOLIO,4,coordination,observed_python_opcode_events,641
constant_n3,fresh,O-ADD-PORTFOLIO,4,producer_build,bounded_native_c_call_events,734
constant_n3,fresh,O-ADD-PORTFOLIO,4,producer_build,observed_python_opcode_events,14996
constant_n3,fresh,O-ADD-PORTFOLIO,4,producer_export,bounded_native_c_call_events,7
constant_n3,fresh,O-ADD-PORTFOLIO,4,producer_export,observed_python_opcode_events,759
constant_n3,fresh,O-ADD-PORTFOLIO,4,producer_export,proof_output_bytes,1138
constant_n3,fresh,O-ADD-PORTFOLIO,4,producer_input,bounded_native_c_call_events,293
constant_n3,fresh,O-ADD-PORTFOLIO,4,producer_input,current_request_bytes,1118
constant_n3,fresh,O-ADD-PORTFOLIO,4,producer_input,observed_python_opcode_events,38450
constant_n3,fresh,O-ADD-PORTFOLIO,4,producer_storage,bounded_native_c_call_events,15
constant_n3,fresh,O-ADD-PORTFOLIO,4,producer_storage,live_serialized_byte_periods,4242
constant_n3,fresh,O-ADD-PORTFOLIO,4,producer_storage,observed_python_opcode_events,959
constant_n3,fresh,O-ADD-PORTFOLIO,4,receiver_check,bounded_native_c_call_events,752
constant_n3,fresh,O-ADD-PORTFOLIO,4,receiver_check,observed_python_opcode_events,15794
constant_n3,fresh,O-ADD-PORTFOLIO,4,receiver_import,bounded_native_c_call_events,33
constant_n3,fresh,O-ADD-PORTFOLIO,4,receiver_import,observed_python_opcode_events,17224
constant_n3,fresh,O-ADD-PORTFOLIO,4,receiver_init,observed_python_opcode_events,4
constant_n3,fresh,O-ADD-PORTFOLIO,4,receiver_input,bounded_native_c_call_events,293
constant_n3,fresh,O-ADD-PORTFOLIO,4,receiver_input,current_request_bytes,1118
constant_n3,fresh,O-ADD-PORTFOLIO,4,receiver_input,observed_python_opcode_events,38450
constant_n3,fresh,O-ADD-PORTFOLIO,4,receiver_input,proof_input_bytes,1138
constant_n3,fresh,O-ADD-PORTFOLIO,4,receiver_storage,bounded_native_c_call_events,16
constant_n3,fresh,O-ADD-PORTFOLIO,4,receiver_storage,live_serialized_byte_periods,7217
constant_n3,fresh,O-ADD-PORTFOLIO,4,receiver_storage,observed_python_opcode_events,751
constant_n3,fresh,O-ADD-PORTFOLIO,4,request_encoding,bounded_native_c_call_events,223
constant_n3,fresh,O-ADD-PORTFOLIO,4,request_encoding,observed_python_opcode_events,8010
constant_n3,fresh,O-ADD-PORTFOLIO,4,terminal,bounded_native_c_call_events,152
constant_n3,fresh,O-ADD-PORTFOLIO,4,terminal,candidate_publication_events,1
constant_n3,fresh,O-ADD-PORTFOLIO,4,terminal,current_receipt_output_bytes,2613
constant_n3,fresh,O-ADD-PORTFOLIO,4,terminal,delivery_events,1
constant_n3,fresh,O-ADD-PORTFOLIO,4,terminal,observed_python_opcode_events,5107
constant_n3,fresh,O-ADD-PORTFOLIO,5,coordination,bounded_native_c_call_events,12
constant_n3,fresh,O-ADD-PORTFOLIO,5,coordination,observed_python_opcode_events,641
constant_n3,fresh,O-ADD-PORTFOLIO,5,producer_build,bounded_native_c_call_events,878
constant_n3,fresh,O-ADD-PORTFOLIO,5,producer_build,observed_python_opcode_events,17684
constant_n3,fresh,O-ADD-PORTFOLIO,5,producer_export,bounded_native_c_call_events,7
constant_n3,fresh,O-ADD-PORTFOLIO,5,producer_export,observed_python_opcode_events,759
constant_n3,fresh,O-ADD-PORTFOLIO,5,producer_export,proof_output_bytes,1133
constant_n3,fresh,O-ADD-PORTFOLIO,5,producer_input,bounded_native_c_call_events,300
constant_n3,fresh,O-ADD-PORTFOLIO,5,producer_input,current_request_bytes,1113
constant_n3,fresh,O-ADD-PORTFOLIO,5,producer_input,observed_python_opcode_events,38498
constant_n3,fresh,O-ADD-PORTFOLIO,5,producer_storage,bounded_native_c_call_events,15
constant_n3,fresh,O-ADD-PORTFOLIO,5,producer_storage,live_serialized_byte_periods,4232
constant_n3,fresh,O-ADD-PORTFOLIO,5,producer_storage,observed_python_opcode_events,959
constant_n3,fresh,O-ADD-PORTFOLIO,5,receiver_check,bounded_native_c_call_events,904
constant_n3,fresh,O-ADD-PORTFOLIO,5,receiver_check,observed_python_opcode_events,18662
constant_n3,fresh,O-ADD-PORTFOLIO,5,receiver_import,bounded_native_c_call_events,33
constant_n3,fresh,O-ADD-PORTFOLIO,5,receiver_import,observed_python_opcode_events,17149
constant_n3,fresh,O-ADD-PORTFOLIO,5,receiver_init,observed_python_opcode_events,4
constant_n3,fresh,O-ADD-PORTFOLIO,5,receiver_input,bounded_native_c_call_events,300
constant_n3,fresh,O-ADD-PORTFOLIO,5,receiver_input,current_request_bytes,1113
constant_n3,fresh,O-ADD-PORTFOLIO,5,receiver_input,observed_python_opcode_events,38498
constant_n3,fresh,O-ADD-PORTFOLIO,5,receiver_input,proof_input_bytes,1133
constant_n3,fresh,O-ADD-PORTFOLIO,5,receiver_storage,bounded_native_c_call_events,16
constant_n3,fresh,O-ADD-PORTFOLIO,5,receiver_storage,live_serialized_byte_periods,7202
constant_n3,fresh,O-ADD-PORTFOLIO,5,receiver_storage,observed_python_opcode_events,751
constant_n3,fresh,O-ADD-PORTFOLIO,5,request_encoding,bounded_native_c_call_events,229
constant_n3,fresh,O-ADD-PORTFOLIO,5,request_encoding,observed_python_opcode_events,8150
constant_n3,fresh,O-ADD-PORTFOLIO,5,terminal,bounded_native_c_call_events,150
constant_n3,fresh,O-ADD-PORTFOLIO,5,terminal,candidate_publication_events,1
constant_n3,fresh,O-ADD-PORTFOLIO,5,terminal,current_receipt_output_bytes,2608
constant_n3,fresh,O-ADD-PORTFOLIO,5,terminal,delivery_events,1
constant_n3,fresh,O-ADD-PORTFOLIO,5,terminal,observed_python_opcode_events,5083
constant_n3,fresh,O-ADD-PORTFOLIO,6,coordination,bounded_native_c_call_events,12
constant_n3,fresh,O-ADD-PORTFOLIO,6,coordination,observed_python_opcode_events,641
constant_n3,fresh,O-ADD-PORTFOLIO,6,producer_build,bounded_native_c_call_events,875
constant_n3,fresh,O-ADD-PORTFOLIO,6,producer_build,observed_python_opcode_events,17794
constant_n3,fresh,O-ADD-PORTFOLIO,6,producer_export,bounded_native_c_call_events,7
constant_n3,fresh,O-ADD-PORTFOLIO,6,producer_export,observed_python_opcode_events,759
constant_n3,fresh,O-ADD-PORTFOLIO,6,producer_export,proof_output_bytes,1147
constant_n3,fresh,O-ADD-PORTFOLIO,6,producer_input,bounded_native_c_call_events,312
constant_n3,fresh,O-ADD-PORTFOLIO,6,producer_input,current_request_bytes,1127
constant_n3,fresh,O-ADD-PORTFOLIO,6,producer_input,observed_python_opcode_events,39238
constant_n3,fresh,O-ADD-PORTFOLIO,6,producer_storage,bounded_native_c_call_events,15
constant_n3,fresh,O-ADD-PORTFOLIO,6,producer_storage,live_serialized_byte_periods,4268
constant_n3,fresh,O-ADD-PORTFOLIO,6,producer_storage,observed_python_opcode_events,959
constant_n3,fresh,O-ADD-PORTFOLIO,6,receiver_check,bounded_native_c_call_events,895
constant_n3,fresh,O-ADD-PORTFOLIO,6,receiver_check,observed_python_opcode_events,18714
constant_n3,fresh,O-ADD-PORTFOLIO,6,receiver_import,bounded_native_c_call_events,33
constant_n3,fresh,O-ADD-PORTFOLIO,6,receiver_import,observed_python_opcode_events,17343
constant_n3,fresh,O-ADD-PORTFOLIO,6,receiver_init,observed_python_opcode_events,4
constant_n3,fresh,O-ADD-PORTFOLIO,6,receiver_input,bounded_native_c_call_events,312
constant_n3,fresh,O-ADD-PORTFOLIO,6,receiver_input,current_request_bytes,1127
constant_n3,fresh,O-ADD-PORTFOLIO,6,receiver_input,observed_python_opcode_events,39238
constant_n3,fresh,O-ADD-PORTFOLIO,6,receiver_input,proof_input_bytes,1147
constant_n3,fresh,O-ADD-PORTFOLIO,6,receiver_storage,bounded_native_c_call_events,16
constant_n3,fresh,O-ADD-PORTFOLIO,6,receiver_storage,live_serialized_byte_periods,7256
constant_n3,fresh,O-ADD-PORTFOLIO,6,receiver_storage,observed_python_opcode_events,751
constant_n3,fresh,O-ADD-PORTFOLIO,6,request_encoding,bounded_native_c_call_events,244
constant_n3,fresh,O-ADD-PORTFOLIO,6,request_encoding,observed_python_opcode_events,8500
constant_n3,fresh,O-ADD-PORTFOLIO,6,terminal,bounded_native_c_call_events,160
constant_n3,fresh,O-ADD-PORTFOLIO,6,terminal,candidate_publication_events,1
constant_n3,fresh,O-ADD-PORTFOLIO,6,terminal,current_receipt_output_bytes,2622
constant_n3,fresh,O-ADD-PORTFOLIO,6,terminal,delivery_events,1
constant_n3,fresh,O-ADD-PORTFOLIO,6,terminal,observed_python_opcode_events,5251
constant_n3,fresh,O-ADD-WARM,1,common_source,bounded_native_c_call_events,371
constant_n3,fresh,O-ADD-WARM,1,common_source,observed_python_opcode_events,32551
constant_n3,fresh,O-ADD-WARM,1,common_source,source_hash_bytes_prepaid,197956
constant_n3,fresh,O-ADD-WARM,1,common_source,source_length_probe_bytes_prepaid,8
constant_n3,fresh,O-ADD-WARM,1,common_source,source_program_bytes_prepaid,197956
constant_n3,fresh,O-ADD-WARM,1,common_source,source_record_bytes,1199
constant_n3,fresh,O-ADD-WARM,1,coordination,bounded_native_c_call_events,10
constant_n3,fresh,O-ADD-WARM,1,coordination,observed_python_opcode_events,628
constant_n3,fresh,O-ADD-WARM,1,producer_build,bounded_native_c_call_events,689
constant_n3,fresh,O-ADD-WARM,1,producer_build,observed_python_opcode_events,13620
constant_n3,fresh,O-ADD-WARM,1,producer_export,bounded_native_c_call_events,8
constant_n3,fresh,O-ADD-WARM,1,producer_export,observed_python_opcode_events,260
constant_n3,fresh,O-ADD-WARM,1,producer_export,proof_output_bytes,2605
constant_n3,fresh,O-ADD-WARM,1,producer_init,bounded_native_c_call_events,19
constant_n3,fresh,O-ADD-WARM,1,producer_init,observed_python_opcode_events,739
constant_n3,fresh,O-ADD-WARM,1,producer_input,bounded_native_c_call_events,184
constant_n3,fresh,O-ADD-WARM,1,producer_input,current_request_bytes,1007
constant_n3,fresh,O-ADD-WARM,1,producer_input,observed_python_opcode_events,33013
constant_n3,fresh,O-ADD-WARM,1,producer_storage,bounded_native_c_call_events,118
constant_n3,fresh,O-ADD-WARM,1,producer_storage,live_serialized_byte_periods,7629
constant_n3,fresh,O-ADD-WARM,1,producer_storage,observed_python_opcode_events,6957
constant_n3,fresh,O-ADD-WARM,1,receiver_check,bounded_native_c_call_events,483
constant_n3,fresh,O-ADD-WARM,1,receiver_check,observed_python_opcode_events,53343
constant_n3,fresh,O-ADD-WARM,1,receiver_init,bounded_native_c_call_events,130
constant_n3,fresh,O-ADD-WARM,1,receiver_init,observed_python_opcode_events,27955
constant_n3,fresh,O-ADD-WARM,1,receiver_input,bounded_native_c_call_events,184
constant_n3,fresh,O-ADD-WARM,1,receiver_input,current_request_bytes,1007
constant_n3,fresh,O-ADD-WARM,1,receiver_input,observed_python_opcode_events,33013
constant_n3,fresh,O-ADD-WARM,1,receiver_input,proof_input_bytes,2605
constant_n3,fresh,O-ADD-WARM,1,receiver_storage,bounded_native_c_call_events,22
constant_n3,fresh,O-ADD-WARM,1,receiver_storage,live_serialized_byte_periods,12150
constant_n3,fresh,O-ADD-WARM,1,receiver_storage,observed_python_opcode_events,4290
constant_n3,fresh,O-ADD-WARM,1,request_encoding,bounded_native_c_call_events,132
constant_n3,fresh,O-ADD-WARM,1,request_encoding,observed_python_opcode_events,5754
constant_n3,fresh,O-ADD-WARM,1,terminal,bounded_native_c_call_events,62
constant_n3,fresh,O-ADD-WARM,1,terminal,candidate_publication_events,1
constant_n3,fresh,O-ADD-WARM,1,terminal,current_receipt_output_bytes,2502
constant_n3,fresh,O-ADD-WARM,1,terminal,delivery_events,1
constant_n3,fresh,O-ADD-WARM,1,terminal,observed_python_opcode_events,2942
constant_n3,fresh,O-ADD-WARM,2,coordination,bounded_native_c_call_events,10
constant_n3,fresh,O-ADD-WARM,2,coordination,observed_python_opcode_events,592
constant_n3,fresh,O-ADD-WARM,2,producer_build,bounded_native_c_call_events,1343
constant_n3,fresh,O-ADD-WARM,2,producer_build,observed_python_opcode_events,30590
constant_n3,fresh,O-ADD-WARM,2,producer_export,bounded_native_c_call_events,8
constant_n3,fresh,O-ADD-WARM,2,producer_export,observed_python_opcode_events,260
constant_n3,fresh,O-ADD-WARM,2,producer_export,proof_output_bytes,2963
constant_n3,fresh,O-ADD-WARM,2,producer_input,bounded_native_c_call_events,283
constant_n3,fresh,O-ADD-WARM,2,producer_input,current_request_bytes,1102
constant_n3,fresh,O-ADD-WARM,2,producer_input,observed_python_opcode_events,37669
constant_n3,fresh,O-ADD-WARM,2,producer_storage,bounded_native_c_call_events,136
constant_n3,fresh,O-ADD-WARM,2,producer_storage,live_serialized_byte_periods,8768
constant_n3,fresh,O-ADD-WARM,2,producer_storage,observed_python_opcode_events,14544
constant_n3,fresh,O-ADD-WARM,2,receiver_check,bounded_native_c_call_events,1143
constant_n3,fresh,O-ADD-WARM,2,receiver_check,observed_python_opcode_events,80577
constant_n3,fresh,O-ADD-WARM,2,receiver_init,bounded_native_c_call_events,130
constant_n3,fresh,O-ADD-WARM,2,receiver_init,observed_python_opcode_events,27955
constant_n3,fresh,O-ADD-WARM,2,receiver_input,bounded_native_c_call_events,283
constant_n3,fresh,O-ADD-WARM,2,receiver_input,current_request_bytes,1102
constant_n3,fresh,O-ADD-WARM,2,receiver_input,observed_python_opcode_events,37669
constant_n3,fresh,O-ADD-WARM,2,receiver_input,proof_input_bytes,2963
constant_n3,fresh,O-ADD-WARM,2,receiver_storage,bounded_native_c_call_events,22
constant_n3,fresh,O-ADD-WARM,2,receiver_storage,live_serialized_byte_periods,13338
constant_n3,fresh,O-ADD-WARM,2,receiver_storage,observed_python_opcode_events,8429
constant_n3,fresh,O-ADD-WARM,2,request_encoding,bounded_native_c_call_events,208
constant_n3,fresh,O-ADD-WARM,2,request_encoding,observed_python_opcode_events,7658
constant_n3,fresh,O-ADD-WARM,2,terminal,bounded_native_c_call_events,136
constant_n3,fresh,O-ADD-WARM,2,terminal,candidate_publication_events,1
constant_n3,fresh,O-ADD-WARM,2,terminal,current_receipt_output_bytes,2597
constant_n3,fresh,O-ADD-WARM,2,terminal,delivery_events,1
constant_n3,fresh,O-ADD-WARM,2,terminal,observed_python_opcode_events,4727
constant_n3,fresh,O-ADD-WARM,3,coordination,bounded_native_c_call_events,10
constant_n3,fresh,O-ADD-WARM,3,coordination,observed_python_opcode_events,592
constant_n3,fresh,O-ADD-WARM,3,producer_build,bounded_native_c_call_events,1157
constant_n3,fresh,O-ADD-WARM,3,producer_build,observed_python_opcode_events,29256
constant_n3,fresh,O-ADD-WARM,3,producer_export,bounded_native_c_call_events,8
constant_n3,fresh,O-ADD-WARM,3,producer_export,observed_python_opcode_events,260
constant_n3,fresh,O-ADD-WARM,3,producer_export,proof_output_bytes,3139
constant_n3,fresh,O-ADD-WARM,3,producer_input,bounded_native_c_call_events,271
constant_n3,fresh,O-ADD-WARM,3,producer_input,current_request_bytes,1092
constant_n3,fresh,O-ADD-WARM,3,producer_input,observed_python_opcode_events,37061
constant_n3,fresh,O-ADD-WARM,3,producer_storage,bounded_native_c_call_events,156
constant_n3,fresh,O-ADD-WARM,3,producer_storage,live_serialized_byte_periods,9355
constant_n3,fresh,O-ADD-WARM,3,producer_storage,observed_python_opcode_events,19925
constant_n3,fresh,O-ADD-WARM,3,receiver_check,bounded_native_c_call_events,1530
constant_n3,fresh,O-ADD-WARM,3,receiver_check,observed_python_opcode_events,96341
constant_n3,fresh,O-ADD-WARM,3,receiver_init,bounded_native_c_call_events,130
constant_n3,fresh,O-ADD-WARM,3,receiver_init,observed_python_opcode_events,27955
constant_n3,fresh,O-ADD-WARM,3,receiver_input,bounded_native_c_call_events,271
constant_n3,fresh,O-ADD-WARM,3,receiver_input,current_request_bytes,1092
constant_n3,fresh,O-ADD-WARM,3,receiver_input,observed_python_opcode_events,37061
constant_n3,fresh,O-ADD-WARM,3,receiver_input,proof_input_bytes,3139
constant_n3,fresh,O-ADD-WARM,3,receiver_storage,bounded_native_c_call_events,22
constant_n3,fresh,O-ADD-WARM,3,receiver_storage,live_serialized_byte_periods,13747
constant_n3,fresh,O-ADD-WARM,3,receiver_storage,observed_python_opcode_events,11723
constant_n3,fresh,O-ADD-WARM,3,request_encoding,bounded_native_c_call_events,193
constant_n3,fresh,O-ADD-WARM,3,request_encoding,observed_python_opcode_events,7314
constant_n3,fresh,O-ADD-WARM,3,terminal,bounded_native_c_call_events,120
constant_n3,fresh,O-ADD-WARM,3,terminal,candidate_publication_events,1
constant_n3,fresh,O-ADD-WARM,3,terminal,current_receipt_output_bytes,2587
constant_n3,fresh,O-ADD-WARM,3,terminal,delivery_events,1
constant_n3,fresh,O-ADD-WARM,3,terminal,observed_python_opcode_events,4367
constant_n3,fresh,O-ADD-WARM,4,coordination,bounded_native_c_call_events,10
constant_n3,fresh,O-ADD-WARM,4,coordination,observed_python_opcode_events,592
constant_n3,fresh,O-ADD-WARM,4,producer_build,bounded_native_c_call_events,1547
constant_n3,fresh,O-ADD-WARM,4,producer_build,observed_python_opcode_events,40438
constant_n3,fresh,O-ADD-WARM,4,producer_export,bounded_native_c_call_events,8
constant_n3,fresh,O-ADD-WARM,4,producer_export,observed_python_opcode_events,260
constant_n3,fresh,O-ADD-WARM,4,producer_export,proof_output_bytes,3486
constant_n3,fresh,O-ADD-WARM,4,producer_input,bounded_native_c_call_events,293
constant_n3,fresh,O-ADD-WARM,4,producer_input,current_request_bytes,1118
constant_n3,fresh,O-ADD-WARM,4,producer_input,observed_python_opcode_events,38450
constant_n3,fresh,O-ADD-WARM,4,producer_storage,bounded_native_c_call_events,194
constant_n3,fresh,O-ADD-WARM,4,producer_storage,live_serialized_byte_periods,10494
constant_n3,fresh,O-ADD-WARM,4,producer_storage,observed_python_opcode_events,28615
constant_n3,fresh,O-ADD-WARM,4,receiver_check,bounded_native_c_call_events,2205
constant_n3,fresh,O-ADD-WARM,4,receiver_check,observed_python_opcode_events,124957
constant_n3,fresh,O-ADD-WARM,4,receiver_init,bounded_native_c_call_events,130
constant_n3,fresh,O-ADD-WARM,4,receiver_init,observed_python_opcode_events,27955
constant_n3,fresh,O-ADD-WARM,4,receiver_input,bounded_native_c_call_events,293
constant_n3,fresh,O-ADD-WARM,4,receiver_input,current_request_bytes,1118
constant_n3,fresh,O-ADD-WARM,4,receiver_input,observed_python_opcode_events,38450
constant_n3,fresh,O-ADD-WARM,4,receiver_input,proof_input_bytes,3486
constant_n3,fresh,O-ADD-WARM,4,receiver_storage,bounded_native_c_call_events,22
constant_n3,fresh,O-ADD-WARM,4,receiver_storage,live_serialized_byte_periods,14695
constant_n3,fresh,O-ADD-WARM,4,receiver_storage,observed_python_opcode_events,16476
constant_n3,fresh,O-ADD-WARM,4,request_encoding,bounded_native_c_call_events,223
constant_n3,fresh,O-ADD-WARM,4,request_encoding,observed_python_opcode_events,8010
constant_n3,fresh,O-ADD-WARM,4,terminal,bounded_native_c_call_events,152
constant_n3,fresh,O-ADD-WARM,4,terminal,candidate_publication_events,1
constant_n3,fresh,O-ADD-WARM,4,terminal,current_receipt_output_bytes,2613
constant_n3,fresh,O-ADD-WARM,4,terminal,delivery_events,1
constant_n3,fresh,O-ADD-WARM,4,terminal,observed_python_opcode_events,5107
constant_n3,fresh,O-ADD-WARM,5,coordination,bounded_native_c_call_events,10
constant_n3,fresh,O-ADD-WARM,5,coordination,observed_python_opcode_events,592
constant_n3,fresh,O-ADD-WARM,5,producer_build,bounded_native_c_call_events,1683
constant_n3,fresh,O-ADD-WARM,5,producer_build,observed_python_opcode_events,48261
constant_n3,fresh,O-ADD-WARM,5,producer_export,bounded_native_c_call_events,8
constant_n3,fresh,O-ADD-WARM,5,producer_export,observed_python_opcode_events,260
constant_n3,fresh,O-ADD-WARM,5,producer_export,proof_output_bytes,3879
constant_n3,fresh,O-ADD-WARM,5,producer_input,bounded_native_c_call_events,300
constant_n3,fresh,O-ADD-WARM,5,producer_input,current_request_bytes,1113
constant_n3,fresh,O-ADD-WARM,5,producer_input,observed_python_opcode_events,38498
constant_n3,fresh,O-ADD-WARM,5,producer_storage,bounded_native_c_call_events,220
constant_n3,fresh,O-ADD-WARM,5,producer_storage,live_serialized_byte_periods,11804
constant_n3,fresh,O-ADD-WARM,5,producer_storage,observed_python_opcode_events,38926
constant_n3,fresh,O-ADD-WARM,5,receiver_check,bounded_native_c_call_events,2982
constant_n3,fresh,O-ADD-WARM,5,receiver_check,observed_python_opcode_events,158834
constant_n3,fresh,O-ADD-WARM,5,receiver_init,bounded_native_c_call_events,130
constant_n3,fresh,O-ADD-WARM,5,receiver_init,observed_python_opcode_events,27955
constant_n3,fresh,O-ADD-WARM,5,receiver_input,bounded_native_c_call_events,300
constant_n3,fresh,O-ADD-WARM,5,receiver_input,current_request_bytes,1113
constant_n3,fresh,O-ADD-WARM,5,receiver_input,observed_python_opcode_events,38498
constant_n3,fresh,O-ADD-WARM,5,receiver_input,proof_input_bytes,3879
constant_n3,fresh,O-ADD-WARM,5,receiver_storage,bounded_native_c_call_events,22
constant_n3,fresh,O-ADD-WARM,5,receiver_storage,live_serialized_byte_periods,15672
constant_n3,fresh,O-ADD-WARM,5,receiver_storage,observed_python_opcode_events,22687
constant_n3,fresh,O-ADD-WARM,5,request_encoding,bounded_native_c_call_events,229
constant_n3,fresh,O-ADD-WARM,5,request_encoding,observed_python_opcode_events,8150
constant_n3,fresh,O-ADD-WARM,5,terminal,bounded_native_c_call_events,150
constant_n3,fresh,O-ADD-WARM,5,terminal,candidate_publication_events,1
constant_n3,fresh,O-ADD-WARM,5,terminal,current_receipt_output_bytes,2608
constant_n3,fresh,O-ADD-WARM,5,terminal,delivery_events,1
constant_n3,fresh,O-ADD-WARM,5,terminal,observed_python_opcode_events,5083
constant_n3,fresh,O-ADD-WARM,6,coordination,bounded_native_c_call_events,10
constant_n3,fresh,O-ADD-WARM,6,coordination,observed_python_opcode_events,592
constant_n3,fresh,O-ADD-WARM,6,producer_build,bounded_native_c_call_events,1370
constant_n3,fresh,O-ADD-WARM,6,producer_build,observed_python_opcode_events,44217
constant_n3,fresh,O-ADD-WARM,6,producer_export,bounded_native_c_call_events,8
constant_n3,fresh,O-ADD-WARM,6,producer_export,observed_python_opcode_events,260
constant_n3,fresh,O-ADD-WARM,6,producer_export,proof_output_bytes,4121
constant_n3,fresh,O-ADD-WARM,6,producer_input,bounded_native_c_call_events,312
constant_n3,fresh,O-ADD-WARM,6,producer_input,current_request_bytes,1127
constant_n3,fresh,O-ADD-WARM,6,producer_input,observed_python_opcode_events,39238
constant_n3,fresh,O-ADD-WARM,6,producer_storage,bounded_native_c_call_events,226
constant_n3,fresh,O-ADD-WARM,6,producer_storage,live_serialized_byte_periods,12595
constant_n3,fresh,O-ADD-WARM,6,producer_storage,observed_python_opcode_events,44530
constant_n3,fresh,O-ADD-WARM,6,receiver_check,bounded_native_c_call_events,3413
constant_n3,fresh,O-ADD-WARM,6,receiver_check,observed_python_opcode_events,178477
constant_n3,fresh,O-ADD-WARM,6,receiver_init,bounded_native_c_call_events,130
constant_n3,fresh,O-ADD-WARM,6,receiver_init,observed_python_opcode_events,27955
constant_n3,fresh,O-ADD-WARM,6,receiver_input,bounded_native_c_call_events,312
constant_n3,fresh,O-ADD-WARM,6,receiver_input,current_request_bytes,1127
constant_n3,fresh,O-ADD-WARM,6,receiver_input,observed_python_opcode_events,39238
constant_n3,fresh,O-ADD-WARM,6,receiver_input,proof_input_bytes,4121
constant_n3,fresh,O-ADD-WARM,6,receiver_storage,bounded_native_c_call_events,22
constant_n3,fresh,O-ADD-WARM,6,receiver_storage,live_serialized_byte_periods,16309
constant_n3,fresh,O-ADD-WARM,6,receiver_storage,observed_python_opcode_events,25952
constant_n3,fresh,O-ADD-WARM,6,request_encoding,bounded_native_c_call_events,244
constant_n3,fresh,O-ADD-WARM,6,request_encoding,observed_python_opcode_events,8500
constant_n3,fresh,O-ADD-WARM,6,terminal,bounded_native_c_call_events,160
constant_n3,fresh,O-ADD-WARM,6,terminal,candidate_publication_events,1
constant_n3,fresh,O-ADD-WARM,6,terminal,current_receipt_output_bytes,2622
constant_n3,fresh,O-ADD-WARM,6,terminal,delivery_events,1
constant_n3,fresh,O-ADD-WARM,6,terminal,observed_python_opcode_events,5251
constant_n3,fresh,O-ENUM-RECEIVER,1,common_source,bounded_native_c_call_events,371
constant_n3,fresh,O-ENUM-RECEIVER,1,common_source,observed_python_opcode_events,32551
constant_n3,fresh,O-ENUM-RECEIVER,1,common_source,source_hash_bytes_prepaid,197956
constant_n3,fresh,O-ENUM-RECEIVER,1,common_source,source_length_probe_bytes_prepaid,8
constant_n3,fresh,O-ENUM-RECEIVER,1,common_source,source_program_bytes_prepaid,197956
constant_n3,fresh,O-ENUM-RECEIVER,1,common_source,source_record_bytes,1199
constant_n3,fresh,O-ENUM-RECEIVER,1,coordination,bounded_native_c_call_events,10
constant_n3,fresh,O-ENUM-RECEIVER,1,coordination,observed_python_opcode_events,431
constant_n3,fresh,O-ENUM-RECEIVER,1,producer_storage,bounded_native_c_call_events,10
constant_n3,fresh,O-ENUM-RECEIVER,1,producer_storage,live_serialized_byte_periods,1550
constant_n3,fresh,O-ENUM-RECEIVER,1,producer_storage,observed_python_opcode_events,877
constant_n3,fresh,O-ENUM-RECEIVER,1,receiver_check,bounded_native_c_call_events,122
constant_n3,fresh,O-ENUM-RECEIVER,1,receiver_check,observed_python_opcode_events,3946
constant_n3,fresh,O-ENUM-RECEIVER,1,receiver_input,bounded_native_c_call_events,184
constant_n3,fresh,O-ENUM-RECEIVER,1,receiver_input,current_request_bytes,1007
constant_n3,fresh,O-ENUM-RECEIVER,1,receiver_input,observed_python_opcode_events,33013
constant_n3,fresh,O-ENUM-RECEIVER,1,receiver_storage,bounded_native_c_call_events,12
constant_n3,fresh,O-ENUM-RECEIVER,1,receiver_storage,live_serialized_byte_periods,5557
constant_n3,fresh,O-ENUM-RECEIVER,1,receiver_storage,observed_python_opcode_events,680
constant_n3,fresh,O-ENUM-RECEIVER,1,request_encoding,bounded_native_c_call_events,132
constant_n3,fresh,O-ENUM-RECEIVER,1,request_encoding,observed_python_opcode_events,5754
constant_n3,fresh,O-ENUM-RECEIVER,1,terminal,bounded_native_c_call_events,62
constant_n3,fresh,O-ENUM-RECEIVER,1,terminal,candidate_publication_events,1
constant_n3,fresh,O-ENUM-RECEIVER,1,terminal,current_receipt_output_bytes,2502
constant_n3,fresh,O-ENUM-RECEIVER,1,terminal,delivery_events,1
constant_n3,fresh,O-ENUM-RECEIVER,1,terminal,observed_python_opcode_events,2942
constant_n3,fresh,O-ENUM-RECEIVER,2,coordination,bounded_native_c_call_events,10
constant_n3,fresh,O-ENUM-RECEIVER,2,coordination,observed_python_opcode_events,410
constant_n3,fresh,O-ENUM-RECEIVER,2,producer_storage,bounded_native_c_call_events,10
constant_n3,fresh,O-ENUM-RECEIVER,2,producer_storage,live_serialized_byte_periods,1550
constant_n3,fresh,O-ENUM-RECEIVER,2,producer_storage,observed_python_opcode_events,877
constant_n3,fresh,O-ENUM-RECEIVER,2,receiver_check,bounded_native_c_call_events,191
constant_n3,fresh,O-ENUM-RECEIVER,2,receiver_check,observed_python_opcode_events,5583
constant_n3,fresh,O-ENUM-RECEIVER,2,receiver_input,bounded_native_c_call_events,283
constant_n3,fresh,O-ENUM-RECEIVER,2,receiver_input,current_request_bytes,1102
constant_n3,fresh,O-ENUM-RECEIVER,2,receiver_input,observed_python_opcode_events,37669
constant_n3,fresh,O-ENUM-RECEIVER,2,receiver_storage,bounded_native_c_call_events,12
constant_n3,fresh,O-ENUM-RECEIVER,2,receiver_storage,live_serialized_byte_periods,5819
constant_n3,fresh,O-ENUM-RECEIVER,2,receiver_storage,observed_python_opcode_events,680
constant_n3,fresh,O-ENUM-RECEIVER,2,request_encoding,bounded_native_c_call_events,208
constant_n3,fresh,O-ENUM-RECEIVER,2,request_encoding,observed_python_opcode_events,7658
constant_n3,fresh,O-ENUM-RECEIVER,2,terminal,bounded_native_c_call_events,136
constant_n3,fresh,O-ENUM-RECEIVER,2,terminal,candidate_publication_events,1
constant_n3,fresh,O-ENUM-RECEIVER,2,terminal,current_receipt_output_bytes,2597
constant_n3,fresh,O-ENUM-RECEIVER,2,terminal,delivery_events,1
constant_n3,fresh,O-ENUM-RECEIVER,2,terminal,observed_python_opcode_events,4727
constant_n3,fresh,O-ENUM-RECEIVER,3,coordination,bounded_native_c_call_events,10
constant_n3,fresh,O-ENUM-RECEIVER,3,coordination,observed_python_opcode_events,410
constant_n3,fresh,O-ENUM-RECEIVER,3,producer_storage,bounded_native_c_call_events,10
constant_n3,fresh,O-ENUM-RECEIVER,3,producer_storage,live_serialized_byte_periods,1550
constant_n3,fresh,O-ENUM-RECEIVER,3,producer_storage,observed_python_opcode_events,877
constant_n3,fresh,O-ENUM-RECEIVER,3,receiver_check,bounded_native_c_call_events,177
constant_n3,fresh,O-ENUM-RECEIVER,3,receiver_check,observed_python_opcode_events,5256
constant_n3,fresh,O-ENUM-RECEIVER,3,receiver_input,bounded_native_c_call_events,271
constant_n3,fresh,O-ENUM-RECEIVER,3,receiver_input,current_request_bytes,1092
constant_n3,fresh,O-ENUM-RECEIVER,3,receiver_input,observed_python_opcode_events,37061
constant_n3,fresh,O-ENUM-RECEIVER,3,receiver_storage,bounded_native_c_call_events,12
constant_n3,fresh,O-ENUM-RECEIVER,3,receiver_storage,live_serialized_byte_periods,5791
constant_n3,fresh,O-ENUM-RECEIVER,3,receiver_storage,observed_python_opcode_events,680
constant_n3,fresh,O-ENUM-RECEIVER,3,request_encoding,bounded_native_c_call_events,193
constant_n3,fresh,O-ENUM-RECEIVER,3,request_encoding,observed_python_opcode_events,7314
constant_n3,fresh,O-ENUM-RECEIVER,3,terminal,bounded_native_c_call_events,120
constant_n3,fresh,O-ENUM-RECEIVER,3,terminal,candidate_publication_events,1
constant_n3,fresh,O-ENUM-RECEIVER,3,terminal,current_receipt_output_bytes,2587
constant_n3,fresh,O-ENUM-RECEIVER,3,terminal,delivery_events,1
constant_n3,fresh,O-ENUM-RECEIVER,3,terminal,observed_python_opcode_events,4367
constant_n3,fresh,O-ENUM-RECEIVER,4,coordination,bounded_native_c_call_events,10
constant_n3,fresh,O-ENUM-RECEIVER,4,coordination,observed_python_opcode_events,410
constant_n3,fresh,O-ENUM-RECEIVER,4,producer_storage,bounded_native_c_call_events,10
constant_n3,fresh,O-ENUM-RECEIVER,4,producer_storage,live_serialized_byte_periods,1550
constant_n3,fresh,O-ENUM-RECEIVER,4,producer_storage,observed_python_opcode_events,877
constant_n3,fresh,O-ENUM-RECEIVER,4,receiver_check,bounded_native_c_call_events,205
constant_n3,fresh,O-ENUM-RECEIVER,4,receiver_check,observed_python_opcode_events,5922
constant_n3,fresh,O-ENUM-RECEIVER,4,receiver_input,bounded_native_c_call_events,293
constant_n3,fresh,O-ENUM-RECEIVER,4,receiver_input,current_request_bytes,1118
constant_n3,fresh,O-ENUM-RECEIVER,4,receiver_input,observed_python_opcode_events,38450
constant_n3,fresh,O-ENUM-RECEIVER,4,receiver_storage,bounded_native_c_call_events,12
constant_n3,fresh,O-ENUM-RECEIVER,4,receiver_storage,live_serialized_byte_periods,5859
constant_n3,fresh,O-ENUM-RECEIVER,4,receiver_storage,observed_python_opcode_events,680
constant_n3,fresh,O-ENUM-RECEIVER,4,request_encoding,bounded_native_c_call_events,223
constant_n3,fresh,O-ENUM-RECEIVER,4,request_encoding,observed_python_opcode_events,8010
constant_n3,fresh,O-ENUM-RECEIVER,4,terminal,bounded_native_c_call_events,152
constant_n3,fresh,O-ENUM-RECEIVER,4,terminal,candidate_publication_events,1
constant_n3,fresh,O-ENUM-RECEIVER,4,terminal,current_receipt_output_bytes,2613
constant_n3,fresh,O-ENUM-RECEIVER,4,terminal,delivery_events,1
constant_n3,fresh,O-ENUM-RECEIVER,4,terminal,observed_python_opcode_events,5107
constant_n3,fresh,O-ENUM-RECEIVER,5,coordination,bounded_native_c_call_events,10
constant_n3,fresh,O-ENUM-RECEIVER,5,coordination,observed_python_opcode_events,410
constant_n3,fresh,O-ENUM-RECEIVER,5,producer_storage,bounded_native_c_call_events,10
constant_n3,fresh,O-ENUM-RECEIVER,5,producer_storage,live_serialized_byte_periods,1550
constant_n3,fresh,O-ENUM-RECEIVER,5,producer_storage,observed_python_opcode_events,877
constant_n3,fresh,O-ENUM-RECEIVER,5,receiver_check,bounded_native_c_call_events,204
constant_n3,fresh,O-ENUM-RECEIVER,5,receiver_check,observed_python_opcode_events,5941
constant_n3,fresh,O-ENUM-RECEIVER,5,receiver_input,bounded_native_c_call_events,300
constant_n3,fresh,O-ENUM-RECEIVER,5,receiver_input,current_request_bytes,1113
constant_n3,fresh,O-ENUM-RECEIVER,5,receiver_input,observed_python_opcode_events,38498
constant_n3,fresh,O-ENUM-RECEIVER,5,receiver_storage,bounded_native_c_call_events,12
constant_n3,fresh,O-ENUM-RECEIVER,5,receiver_storage,live_serialized_byte_periods,5849
constant_n3,fresh,O-ENUM-RECEIVER,5,receiver_storage,observed_python_opcode_events,680
constant_n3,fresh,O-ENUM-RECEIVER,5,request_encoding,bounded_native_c_call_events,229
constant_n3,fresh,O-ENUM-RECEIVER,5,request_encoding,observed_python_opcode_events,8150
constant_n3,fresh,O-ENUM-RECEIVER,5,terminal,bounded_native_c_call_events,150
constant_n3,fresh,O-ENUM-RECEIVER,5,terminal,candidate_publication_events,1
constant_n3,fresh,O-ENUM-RECEIVER,5,terminal,current_receipt_output_bytes,2608
constant_n3,fresh,O-ENUM-RECEIVER,5,terminal,delivery_events,1
constant_n3,fresh,O-ENUM-RECEIVER,5,terminal,observed_python_opcode_events,5083
constant_n3,fresh,O-ENUM-RECEIVER,6,coordination,bounded_native_c_call_events,10
constant_n3,fresh,O-ENUM-RECEIVER,6,coordination,observed_python_opcode_events,410
constant_n3,fresh,O-ENUM-RECEIVER,6,producer_storage,bounded_native_c_call_events,10
constant_n3,fresh,O-ENUM-RECEIVER,6,producer_storage,live_serialized_byte_periods,1550
constant_n3,fresh,O-ENUM-RECEIVER,6,producer_storage,observed_python_opcode_events,877
constant_n3,fresh,O-ENUM-RECEIVER,6,receiver_check,bounded_native_c_call_events,217
constant_n3,fresh,O-ENUM-RECEIVER,6,receiver_check,observed_python_opcode_events,6233
constant_n3,fresh,O-ENUM-RECEIVER,6,receiver_input,bounded_native_c_call_events,312
constant_n3,fresh,O-ENUM-RECEIVER,6,receiver_input,current_request_bytes,1127
constant_n3,fresh,O-ENUM-RECEIVER,6,receiver_input,observed_python_opcode_events,39238
constant_n3,fresh,O-ENUM-RECEIVER,6,receiver_storage,bounded_native_c_call_events,12
constant_n3,fresh,O-ENUM-RECEIVER,6,receiver_storage,live_serialized_byte_periods,5885
constant_n3,fresh,O-ENUM-RECEIVER,6,receiver_storage,observed_python_opcode_events,680
constant_n3,fresh,O-ENUM-RECEIVER,6,request_encoding,bounded_native_c_call_events,244
constant_n3,fresh,O-ENUM-RECEIVER,6,request_encoding,observed_python_opcode_events,8500
constant_n3,fresh,O-ENUM-RECEIVER,6,terminal,bounded_native_c_call_events,160
constant_n3,fresh,O-ENUM-RECEIVER,6,terminal,candidate_publication_events,1
constant_n3,fresh,O-ENUM-RECEIVER,6,terminal,current_receipt_output_bytes,2622
constant_n3,fresh,O-ENUM-RECEIVER,6,terminal,delivery_events,1
constant_n3,fresh,O-ENUM-RECEIVER,6,terminal,observed_python_opcode_events,5251
constant_n3,fresh,P-FRESH,1,common_source,bounded_native_c_call_events,371
constant_n3,fresh,P-FRESH,1,common_source,observed_python_opcode_events,32551
constant_n3,fresh,P-FRESH,1,common_source,source_hash_bytes_prepaid,197956
constant_n3,fresh,P-FRESH,1,common_source,source_length_probe_bytes_prepaid,8
constant_n3,fresh,P-FRESH,1,common_source,source_program_bytes_prepaid,197956
constant_n3,fresh,P-FRESH,1,common_source,source_record_bytes,1199
constant_n3,fresh,P-FRESH,1,coordination,bounded_native_c_call_events,10
constant_n3,fresh,P-FRESH,1,coordination,observed_python_opcode_events,629
constant_n3,fresh,P-FRESH,1,producer_build,bounded_native_c_call_events,318
constant_n3,fresh,P-FRESH,1,producer_build,observed_python_opcode_events,7023
constant_n3,fresh,P-FRESH,1,producer_export,bounded_native_c_call_events,7
constant_n3,fresh,P-FRESH,1,producer_export,observed_python_opcode_events,759
constant_n3,fresh,P-FRESH,1,producer_export,proof_output_bytes,1027
constant_n3,fresh,P-FRESH,1,producer_init,observed_python_opcode_events,4
constant_n3,fresh,P-FRESH,1,producer_input,bounded_native_c_call_events,184
constant_n3,fresh,P-FRESH,1,producer_input,current_request_bytes,1007
constant_n3,fresh,P-FRESH,1,producer_input,observed_python_opcode_events,33013
constant_n3,fresh,P-FRESH,1,producer_storage,bounded_native_c_call_events,15
constant_n3,fresh,P-FRESH,1,producer_storage,live_serialized_byte_periods,3932
constant_n3,fresh,P-FRESH,1,producer_storage,observed_python_opcode_events,959
constant_n3,fresh,P-FRESH,1,receiver_check,bounded_native_c_call_events,367
constant_n3,fresh,P-FRESH,1,receiver_check,observed_python_opcode_events,8575
constant_n3,fresh,P-FRESH,1,receiver_import,bounded_native_c_call_events,33
constant_n3,fresh,P-FRESH,1,receiver_import,observed_python_opcode_events,15719
constant_n3,fresh,P-FRESH,1,receiver_init,observed_python_opcode_events,4
constant_n3,fresh,P-FRESH,1,receiver_input,bounded_native_c_call_events,184
constant_n3,fresh,P-FRESH,1,receiver_input,current_request_bytes,1007
constant_n3,fresh,P-FRESH,1,receiver_input,observed_python_opcode_events,33013
constant_n3,fresh,P-FRESH,1,receiver_input,proof_input_bytes,1027
constant_n3,fresh,P-FRESH,1,receiver_storage,bounded_native_c_call_events,16
constant_n3,fresh,P-FRESH,1,receiver_storage,live_serialized_byte_periods,6764
constant_n3,fresh,P-FRESH,1,receiver_storage,observed_python_opcode_events,751
constant_n3,fresh,P-FRESH,1,request_encoding,bounded_native_c_call_events,132
constant_n3,fresh,P-FRESH,1,request_encoding,observed_python_opcode_events,5754
constant_n3,fresh,P-FRESH,1,terminal,bounded_native_c_call_events,62
constant_n3,fresh,P-FRESH,1,terminal,candidate_publication_events,1
constant_n3,fresh,P-FRESH,1,terminal,current_receipt_output_bytes,2502
constant_n3,fresh,P-FRESH,1,terminal,delivery_events,1
constant_n3,fresh,P-FRESH,1,terminal,observed_python_opcode_events,2942
constant_n3,fresh,P-FRESH,2,coordination,bounded_native_c_call_events,10
constant_n3,fresh,P-FRESH,2,coordination,observed_python_opcode_events,595
constant_n3,fresh,P-FRESH,2,producer_build,bounded_native_c_call_events,697
constant_n3,fresh,P-FRESH,2,producer_build,observed_python_opcode_events,14174
constant_n3,fresh,P-FRESH,2,producer_export,bounded_native_c_call_events,7
constant_n3,fresh,P-FRESH,2,producer_export,observed_python_opcode_events,759
constant_n3,fresh,P-FRESH,2,producer_export,proof_output_bytes,1122
constant_n3,fresh,P-FRESH,2,producer_input,bounded_native_c_call_events,283
constant_n3,fresh,P-FRESH,2,producer_input,current_request_bytes,1102
constant_n3,fresh,P-FRESH,2,producer_input,observed_python_opcode_events,37669
constant_n3,fresh,P-FRESH,2,producer_storage,bounded_native_c_call_events,15
constant_n3,fresh,P-FRESH,2,producer_storage,live_serialized_byte_periods,4194
constant_n3,fresh,P-FRESH,2,producer_storage,observed_python_opcode_events,959
constant_n3,fresh,P-FRESH,2,receiver_check,bounded_native_c_call_events,723
constant_n3,fresh,P-FRESH,2,receiver_check,observed_python_opcode_events,15142
constant_n3,fresh,P-FRESH,2,receiver_import,bounded_native_c_call_events,33
constant_n3,fresh,P-FRESH,2,receiver_import,observed_python_opcode_events,17000
constant_n3,fresh,P-FRESH,2,receiver_init,observed_python_opcode_events,4
constant_n3,fresh,P-FRESH,2,receiver_input,bounded_native_c_call_events,283
constant_n3,fresh,P-FRESH,2,receiver_input,current_request_bytes,1102
constant_n3,fresh,P-FRESH,2,receiver_input,observed_python_opcode_events,37669
constant_n3,fresh,P-FRESH,2,receiver_input,proof_input_bytes,1122
constant_n3,fresh,P-FRESH,2,receiver_storage,bounded_native_c_call_events,16
constant_n3,fresh,P-FRESH,2,receiver_storage,live_serialized_byte_periods,7157
constant_n3,fresh,P-FRESH,2,receiver_storage,observed_python_opcode_events,751
constant_n3,fresh,P-FRESH,2,request_encoding,bounded_native_c_call_events,208
constant_n3,fresh,P-FRESH,2,request_encoding,observed_python_opcode_events,7658
constant_n3,fresh,P-FRESH,2,terminal,bounded_native_c_call_events,136
constant_n3,fresh,P-FRESH,2,terminal,candidate_publication_events,1
constant_n3,fresh,P-FRESH,2,terminal,current_receipt_output_bytes,2597
constant_n3,fresh,P-FRESH,2,terminal,delivery_events,1
constant_n3,fresh,P-FRESH,2,terminal,observed_python_opcode_events,4727
constant_n3,fresh,P-FRESH,3,coordination,bounded_native_c_call_events,10
constant_n3,fresh,P-FRESH,3,coordination,observed_python_opcode_events,595
constant_n3,fresh,P-FRESH,3,producer_build,bounded_native_c_call_events,654
constant_n3,fresh,P-FRESH,3,producer_build,observed_python_opcode_events,13168
constant_n3,fresh,P-FRESH,3,producer_export,bounded_native_c_call_events,7
constant_n3,fresh,P-FRESH,3,producer_export,observed_python_opcode_events,759
constant_n3,fresh,P-FRESH,3,producer_export,proof_output_bytes,1112
constant_n3,fresh,P-FRESH,3,producer_input,bounded_native_c_call_events,271
constant_n3,fresh,P-FRESH,3,producer_input,current_request_bytes,1092
constant_n3,fresh,P-FRESH,3,producer_input,observed_python_opcode_events,37061
constant_n3,fresh,P-FRESH,3,producer_storage,bounded_native_c_call_events,15
constant_n3,fresh,P-FRESH,3,producer_storage,live_serialized_byte_periods,4166
constant_n3,fresh,P-FRESH,3,producer_storage,observed_python_opcode_events,959
constant_n3,fresh,P-FRESH,3,receiver_check,bounded_native_c_call_events,688
constant_n3,fresh,P-FRESH,3,receiver_check,observed_python_opcode_events,14298
constant_n3,fresh,P-FRESH,3,receiver_import,bounded_native_c_call_events,33
constant_n3,fresh,P-FRESH,3,receiver_import,observed_python_opcode_events,16866
constant_n3,fresh,P-FRESH,3,receiver_init,observed_python_opcode_events,4
constant_n3,fresh,P-FRESH,3,receiver_input,bounded_native_c_call_events,271
constant_n3,fresh,P-FRESH,3,receiver_input,current_request_bytes,1092
constant_n3,fresh,P-FRESH,3,receiver_input,observed_python_opcode_events,37061
constant_n3,fresh,P-FRESH,3,receiver_input,proof_input_bytes,1112
constant_n3,fresh,P-FRESH,3,receiver_storage,bounded_native_c_call_events,16
constant_n3,fresh,P-FRESH,3,receiver_storage,live_serialized_byte_periods,7115
constant_n3,fresh,P-FRESH,3,receiver_storage,observed_python_opcode_events,751
constant_n3,fresh,P-FRESH,3,request_encoding,bounded_native_c_call_events,193
constant_n3,fresh,P-FRESH,3,request_encoding,observed_python_opcode_events,7314
constant_n3,fresh,P-FRESH,3,terminal,bounded_native_c_call_events,120
constant_n3,fresh,P-FRESH,3,terminal,candidate_publication_events,1
constant_n3,fresh,P-FRESH,3,terminal,current_receipt_output_bytes,2587
constant_n3,fresh,P-FRESH,3,terminal,delivery_events,1
constant_n3,fresh,P-FRESH,3,terminal,observed_python_opcode_events,4367
constant_n3,fresh,P-FRESH,4,coordination,bounded_native_c_call_events,10
constant_n3,fresh,P-FRESH,4,coordination,observed_python_opcode_events,595
constant_n3,fresh,P-FRESH,4,producer_build,bounded_native_c_call_events,734
constant_n3,fresh,P-FRESH,4,producer_build,observed_python_opcode_events,14996
constant_n3,fresh,P-FRESH,4,producer_export,bounded_native_c_call_events,7
constant_n3,fresh,P-FRESH,4,producer_export,observed_python_opcode_events,759
constant_n3,fresh,P-FRESH,4,producer_export,proof_output_bytes,1138
constant_n3,fresh,P-FRESH,4,producer_input,bounded_native_c_call_events,293
constant_n3,fresh,P-FRESH,4,producer_input,current_request_bytes,1118
constant_n3,fresh,P-FRESH,4,producer_input,observed_python_opcode_events,38450
constant_n3,fresh,P-FRESH,4,producer_storage,bounded_native_c_call_events,15
constant_n3,fresh,P-FRESH,4,producer_storage,live_serialized_byte_periods,4234
constant_n3,fresh,P-FRESH,4,producer_storage,observed_python_opcode_events,959
constant_n3,fresh,P-FRESH,4,receiver_check,bounded_native_c_call_events,752
constant_n3,fresh,P-FRESH,4,receiver_check,observed_python_opcode_events,15794
constant_n3,fresh,P-FRESH,4,receiver_import,bounded_native_c_call_events,33
constant_n3,fresh,P-FRESH,4,receiver_import,observed_python_opcode_events,17224
constant_n3,fresh,P-FRESH,4,receiver_init,observed_python_opcode_events,4
constant_n3,fresh,P-FRESH,4,receiver_input,bounded_native_c_call_events,293
constant_n3,fresh,P-FRESH,4,receiver_input,current_request_bytes,1118
constant_n3,fresh,P-FRESH,4,receiver_input,observed_python_opcode_events,38450
constant_n3,fresh,P-FRESH,4,receiver_input,proof_input_bytes,1138
constant_n3,fresh,P-FRESH,4,receiver_storage,bounded_native_c_call_events,16
constant_n3,fresh,P-FRESH,4,receiver_storage,live_serialized_byte_periods,7217
constant_n3,fresh,P-FRESH,4,receiver_storage,observed_python_opcode_events,751
constant_n3,fresh,P-FRESH,4,request_encoding,bounded_native_c_call_events,223
constant_n3,fresh,P-FRESH,4,request_encoding,observed_python_opcode_events,8010
constant_n3,fresh,P-FRESH,4,terminal,bounded_native_c_call_events,152
constant_n3,fresh,P-FRESH,4,terminal,candidate_publication_events,1
constant_n3,fresh,P-FRESH,4,terminal,current_receipt_output_bytes,2613
constant_n3,fresh,P-FRESH,4,terminal,delivery_events,1
constant_n3,fresh,P-FRESH,4,terminal,observed_python_opcode_events,5107
constant_n3,fresh,P-FRESH,5,coordination,bounded_native_c_call_events,10
constant_n3,fresh,P-FRESH,5,coordination,observed_python_opcode_events,595
constant_n3,fresh,P-FRESH,5,producer_build,bounded_native_c_call_events,878
constant_n3,fresh,P-FRESH,5,producer_build,observed_python_opcode_events,17684
constant_n3,fresh,P-FRESH,5,producer_export,bounded_native_c_call_events,7
constant_n3,fresh,P-FRESH,5,producer_export,observed_python_opcode_events,759
constant_n3,fresh,P-FRESH,5,producer_export,proof_output_bytes,1133
constant_n3,fresh,P-FRESH,5,producer_input,bounded_native_c_call_events,300
constant_n3,fresh,P-FRESH,5,producer_input,current_request_bytes,1113
constant_n3,fresh,P-FRESH,5,producer_input,observed_python_opcode_events,38498
constant_n3,fresh,P-FRESH,5,producer_storage,bounded_native_c_call_events,15
constant_n3,fresh,P-FRESH,5,producer_storage,live_serialized_byte_periods,4224
constant_n3,fresh,P-FRESH,5,producer_storage,observed_python_opcode_events,959
constant_n3,fresh,P-FRESH,5,receiver_check,bounded_native_c_call_events,904
constant_n3,fresh,P-FRESH,5,receiver_check,observed_python_opcode_events,18662
constant_n3,fresh,P-FRESH,5,receiver_import,bounded_native_c_call_events,33
constant_n3,fresh,P-FRESH,5,receiver_import,observed_python_opcode_events,17149
constant_n3,fresh,P-FRESH,5,receiver_init,observed_python_opcode_events,4
constant_n3,fresh,P-FRESH,5,receiver_input,bounded_native_c_call_events,300
constant_n3,fresh,P-FRESH,5,receiver_input,current_request_bytes,1113
constant_n3,fresh,P-FRESH,5,receiver_input,observed_python_opcode_events,38498
constant_n3,fresh,P-FRESH,5,receiver_input,proof_input_bytes,1133
constant_n3,fresh,P-FRESH,5,receiver_storage,bounded_native_c_call_events,16
constant_n3,fresh,P-FRESH,5,receiver_storage,live_serialized_byte_periods,7202
constant_n3,fresh,P-FRESH,5,receiver_storage,observed_python_opcode_events,751
constant_n3,fresh,P-FRESH,5,request_encoding,bounded_native_c_call_events,229
constant_n3,fresh,P-FRESH,5,request_encoding,observed_python_opcode_events,8150
constant_n3,fresh,P-FRESH,5,terminal,bounded_native_c_call_events,150
constant_n3,fresh,P-FRESH,5,terminal,candidate_publication_events,1
constant_n3,fresh,P-FRESH,5,terminal,current_receipt_output_bytes,2608
constant_n3,fresh,P-FRESH,5,terminal,delivery_events,1
constant_n3,fresh,P-FRESH,5,terminal,observed_python_opcode_events,5083
constant_n3,fresh,P-FRESH,6,coordination,bounded_native_c_call_events,10
constant_n3,fresh,P-FRESH,6,coordination,observed_python_opcode_events,595
constant_n3,fresh,P-FRESH,6,producer_build,bounded_native_c_call_events,875
constant_n3,fresh,P-FRESH,6,producer_build,observed_python_opcode_events,17794
constant_n3,fresh,P-FRESH,6,producer_export,bounded_native_c_call_events,7
constant_n3,fresh,P-FRESH,6,producer_export,observed_python_opcode_events,759
constant_n3,fresh,P-FRESH,6,producer_export,proof_output_bytes,1147
constant_n3,fresh,P-FRESH,6,producer_input,bounded_native_c_call_events,312
constant_n3,fresh,P-FRESH,6,producer_input,current_request_bytes,1127
constant_n3,fresh,P-FRESH,6,producer_input,observed_python_opcode_events,39238
constant_n3,fresh,P-FRESH,6,producer_storage,bounded_native_c_call_events,15
constant_n3,fresh,P-FRESH,6,producer_storage,live_serialized_byte_periods,4260
constant_n3,fresh,P-FRESH,6,producer_storage,observed_python_opcode_events,959
constant_n3,fresh,P-FRESH,6,receiver_check,bounded_native_c_call_events,895
constant_n3,fresh,P-FRESH,6,receiver_check,observed_python_opcode_events,18714
constant_n3,fresh,P-FRESH,6,receiver_import,bounded_native_c_call_events,33
constant_n3,fresh,P-FRESH,6,receiver_import,observed_python_opcode_events,17343
constant_n3,fresh,P-FRESH,6,receiver_init,observed_python_opcode_events,4
constant_n3,fresh,P-FRESH,6,receiver_input,bounded_native_c_call_events,312
constant_n3,fresh,P-FRESH,6,receiver_input,current_request_bytes,1127
constant_n3,fresh,P-FRESH,6,receiver_input,observed_python_opcode_events,39238
constant_n3,fresh,P-FRESH,6,receiver_input,proof_input_bytes,1147
constant_n3,fresh,P-FRESH,6,receiver_storage,bounded_native_c_call_events,16
constant_n3,fresh,P-FRESH,6,receiver_storage,live_serialized_byte_periods,7256
constant_n3,fresh,P-FRESH,6,receiver_storage,observed_python_opcode_events,751
constant_n3,fresh,P-FRESH,6,request_encoding,bounded_native_c_call_events,244
constant_n3,fresh,P-FRESH,6,request_encoding,observed_python_opcode_events,8500
constant_n3,fresh,P-FRESH,6,terminal,bounded_native_c_call_events,160
constant_n3,fresh,P-FRESH,6,terminal,candidate_publication_events,1
constant_n3,fresh,P-FRESH,6,terminal,current_receipt_output_bytes,2622
constant_n3,fresh,P-FRESH,6,terminal,delivery_events,1
constant_n3,fresh,P-FRESH,6,terminal,observed_python_opcode_events,5251
constant_n3,fresh,P-REUSE,1,common_source,bounded_native_c_call_events,371
constant_n3,fresh,P-REUSE,1,common_source,observed_python_opcode_events,32551
constant_n3,fresh,P-REUSE,1,common_source,source_hash_bytes_prepaid,197956
constant_n3,fresh,P-REUSE,1,common_source,source_length_probe_bytes_prepaid,8
constant_n3,fresh,P-REUSE,1,common_source,source_program_bytes_prepaid,197956
constant_n3,fresh,P-REUSE,1,common_source,source_record_bytes,1199
constant_n3,fresh,P-REUSE,1,coordination,bounded_native_c_call_events,15
constant_n3,fresh,P-REUSE,1,coordination,observed_python_opcode_events,727
constant_n3,fresh,P-REUSE,1,producer_build,bounded_native_c_call_events,318
constant_n3,fresh,P-REUSE,1,producer_build,observed_python_opcode_events,7023
constant_n3,fresh,P-REUSE,1,producer_export,bounded_native_c_call_events,7
constant_n3,fresh,P-REUSE,1,producer_export,observed_python_opcode_events,759
constant_n3,fresh,P-REUSE,1,producer_export,proof_output_bytes,1027
constant_n3,fresh,P-REUSE,1,producer_init,observed_python_opcode_events,4
constant_n3,fresh,P-REUSE,1,producer_input,bounded_native_c_call_events,184
constant_n3,fresh,P-REUSE,1,producer_input,current_request_bytes,1007
constant_n3,fresh,P-REUSE,1,producer_input,observed_python_opcode_events,33013
constant_n3,fresh,P-REUSE,1,producer_storage,bounded_native_c_call_events,15
constant_n3,fresh,P-REUSE,1,producer_storage,live_serialized_byte_periods,3932
constant_n3,fresh,P-REUSE,1,producer_storage,observed_python_opcode_events,959
constant_n3,fresh,P-REUSE,1,receiver_check,bounded_native_c_call_events,367
constant_n3,fresh,P-REUSE,1,receiver_check,observed_python_opcode_events,8575
constant_n3,fresh,P-REUSE,1,receiver_import,bounded_native_c_call_events,33
constant_n3,fresh,P-REUSE,1,receiver_import,observed_python_opcode_events,15719
constant_n3,fresh,P-REUSE,1,receiver_init,observed_python_opcode_events,4
constant_n3,fresh,P-REUSE,1,receiver_input,bounded_native_c_call_events,184
constant_n3,fresh,P-REUSE,1,receiver_input,current_request_bytes,1007
constant_n3,fresh,P-REUSE,1,receiver_input,observed_python_opcode_events,33013
constant_n3,fresh,P-REUSE,1,receiver_input,proof_input_bytes,1027
constant_n3,fresh,P-REUSE,1,receiver_storage,bounded_native_c_call_events,16
constant_n3,fresh,P-REUSE,1,receiver_storage,live_serialized_byte_periods,6764
constant_n3,fresh,P-REUSE,1,receiver_storage,observed_python_opcode_events,751
constant_n3,fresh,P-REUSE,1,request_encoding,bounded_native_c_call_events,132
constant_n3,fresh,P-REUSE,1,request_encoding,observed_python_opcode_events,5754
constant_n3,fresh,P-REUSE,1,terminal,bounded_native_c_call_events,62
constant_n3,fresh,P-REUSE,1,terminal,candidate_publication_events,1
constant_n3,fresh,P-REUSE,1,terminal,current_receipt_output_bytes,2502
constant_n3,fresh,P-REUSE,1,terminal,delivery_events,1
constant_n3,fresh,P-REUSE,1,terminal,observed_python_opcode_events,2942
constant_n3,fresh,P-REUSE,2,coordination,bounded_native_c_call_events,12
constant_n3,fresh,P-REUSE,2,coordination,observed_python_opcode_events,638
constant_n3,fresh,P-REUSE,2,producer_build,bounded_native_c_call_events,697
constant_n3,fresh,P-REUSE,2,producer_build,observed_python_opcode_events,14174
constant_n3,fresh,P-REUSE,2,producer_export,bounded_native_c_call_events,7
constant_n3,fresh,P-REUSE,2,producer_export,observed_python_opcode_events,759
constant_n3,fresh,P-REUSE,2,producer_export,proof_output_bytes,1122
constant_n3,fresh,P-REUSE,2,producer_input,bounded_native_c_call_events,283
constant_n3,fresh,P-REUSE,2,producer_input,current_request_bytes,1102
constant_n3,fresh,P-REUSE,2,producer_input,observed_python_opcode_events,37669
constant_n3,fresh,P-REUSE,2,producer_storage,bounded_native_c_call_events,15
constant_n3,fresh,P-REUSE,2,producer_storage,live_serialized_byte_periods,4194
constant_n3,fresh,P-REUSE,2,producer_storage,observed_python_opcode_events,959
constant_n3,fresh,P-REUSE,2,receiver_check,bounded_native_c_call_events,723
constant_n3,fresh,P-REUSE,2,receiver_check,observed_python_opcode_events,15142
constant_n3,fresh,P-REUSE,2,receiver_import,bounded_native_c_call_events,33
constant_n3,fresh,P-REUSE,2,receiver_import,observed_python_opcode_events,17000
constant_n3,fresh,P-REUSE,2,receiver_init,observed_python_opcode_events,4
constant_n3,fresh,P-REUSE,2,receiver_input,bounded_native_c_call_events,283
constant_n3,fresh,P-REUSE,2,receiver_input,current_request_bytes,1102
constant_n3,fresh,P-REUSE,2,receiver_input,observed_python_opcode_events,37669
constant_n3,fresh,P-REUSE,2,receiver_input,proof_input_bytes,1122
constant_n3,fresh,P-REUSE,2,receiver_storage,bounded_native_c_call_events,16
constant_n3,fresh,P-REUSE,2,receiver_storage,live_serialized_byte_periods,7157
constant_n3,fresh,P-REUSE,2,receiver_storage,observed_python_opcode_events,751
constant_n3,fresh,P-REUSE,2,request_encoding,bounded_native_c_call_events,208
constant_n3,fresh,P-REUSE,2,request_encoding,observed_python_opcode_events,7658
constant_n3,fresh,P-REUSE,2,terminal,bounded_native_c_call_events,136
constant_n3,fresh,P-REUSE,2,terminal,candidate_publication_events,1
constant_n3,fresh,P-REUSE,2,terminal,current_receipt_output_bytes,2597
constant_n3,fresh,P-REUSE,2,terminal,delivery_events,1
constant_n3,fresh,P-REUSE,2,terminal,observed_python_opcode_events,4727
constant_n3,fresh,P-REUSE,3,coordination,bounded_native_c_call_events,12
constant_n3,fresh,P-REUSE,3,coordination,observed_python_opcode_events,638
constant_n3,fresh,P-REUSE,3,producer_build,bounded_native_c_call_events,654
constant_n3,fresh,P-REUSE,3,producer_build,observed_python_opcode_events,13168
constant_n3,fresh,P-REUSE,3,producer_export,bounded_native_c_call_events,7
constant_n3,fresh,P-REUSE,3,producer_export,observed_python_opcode_events,759
constant_n3,fresh,P-REUSE,3,producer_export,proof_output_bytes,1112
constant_n3,fresh,P-REUSE,3,producer_input,bounded_native_c_call_events,271
constant_n3,fresh,P-REUSE,3,producer_input,current_request_bytes,1092
constant_n3,fresh,P-REUSE,3,producer_input,observed_python_opcode_events,37061
constant_n3,fresh,P-REUSE,3,producer_storage,bounded_native_c_call_events,15
constant_n3,fresh,P-REUSE,3,producer_storage,live_serialized_byte_periods,4166
constant_n3,fresh,P-REUSE,3,producer_storage,observed_python_opcode_events,959
constant_n3,fresh,P-REUSE,3,receiver_check,bounded_native_c_call_events,688
constant_n3,fresh,P-REUSE,3,receiver_check,observed_python_opcode_events,14298
constant_n3,fresh,P-REUSE,3,receiver_import,bounded_native_c_call_events,33
constant_n3,fresh,P-REUSE,3,receiver_import,observed_python_opcode_events,16866
constant_n3,fresh,P-REUSE,3,receiver_init,observed_python_opcode_events,4
constant_n3,fresh,P-REUSE,3,receiver_input,bounded_native_c_call_events,271
constant_n3,fresh,P-REUSE,3,receiver_input,current_request_bytes,1092
constant_n3,fresh,P-REUSE,3,receiver_input,observed_python_opcode_events,37061
constant_n3,fresh,P-REUSE,3,receiver_input,proof_input_bytes,1112
constant_n3,fresh,P-REUSE,3,receiver_storage,bounded_native_c_call_events,16
constant_n3,fresh,P-REUSE,3,receiver_storage,live_serialized_byte_periods,7115
constant_n3,fresh,P-REUSE,3,receiver_storage,observed_python_opcode_events,751
constant_n3,fresh,P-REUSE,3,request_encoding,bounded_native_c_call_events,193
constant_n3,fresh,P-REUSE,3,request_encoding,observed_python_opcode_events,7314
constant_n3,fresh,P-REUSE,3,terminal,bounded_native_c_call_events,120
constant_n3,fresh,P-REUSE,3,terminal,candidate_publication_events,1
constant_n3,fresh,P-REUSE,3,terminal,current_receipt_output_bytes,2587
constant_n3,fresh,P-REUSE,3,terminal,delivery_events,1
constant_n3,fresh,P-REUSE,3,terminal,observed_python_opcode_events,4367
constant_n3,fresh,P-REUSE,4,coordination,bounded_native_c_call_events,12
constant_n3,fresh,P-REUSE,4,coordination,observed_python_opcode_events,638
constant_n3,fresh,P-REUSE,4,producer_build,bounded_native_c_call_events,734
constant_n3,fresh,P-REUSE,4,producer_build,observed_python_opcode_events,14996
constant_n3,fresh,P-REUSE,4,producer_export,bounded_native_c_call_events,7
constant_n3,fresh,P-REUSE,4,producer_export,observed_python_opcode_events,759
constant_n3,fresh,P-REUSE,4,producer_export,proof_output_bytes,1138
constant_n3,fresh,P-REUSE,4,producer_input,bounded_native_c_call_events,293
constant_n3,fresh,P-REUSE,4,producer_input,current_request_bytes,1118
constant_n3,fresh,P-REUSE,4,producer_input,observed_python_opcode_events,38450
constant_n3,fresh,P-REUSE,4,producer_storage,bounded_native_c_call_events,15
constant_n3,fresh,P-REUSE,4,producer_storage,live_serialized_byte_periods,4234
constant_n3,fresh,P-REUSE,4,producer_storage,observed_python_opcode_events,959
constant_n3,fresh,P-REUSE,4,receiver_check,bounded_native_c_call_events,752
constant_n3,fresh,P-REUSE,4,receiver_check,observed_python_opcode_events,15794
constant_n3,fresh,P-REUSE,4,receiver_import,bounded_native_c_call_events,33
constant_n3,fresh,P-REUSE,4,receiver_import,observed_python_opcode_events,17224
constant_n3,fresh,P-REUSE,4,receiver_init,observed_python_opcode_events,4
constant_n3,fresh,P-REUSE,4,receiver_input,bounded_native_c_call_events,293
constant_n3,fresh,P-REUSE,4,receiver_input,current_request_bytes,1118
constant_n3,fresh,P-REUSE,4,receiver_input,observed_python_opcode_events,38450
constant_n3,fresh,P-REUSE,4,receiver_input,proof_input_bytes,1138
constant_n3,fresh,P-REUSE,4,receiver_storage,bounded_native_c_call_events,16
constant_n3,fresh,P-REUSE,4,receiver_storage,live_serialized_byte_periods,7217
constant_n3,fresh,P-REUSE,4,receiver_storage,observed_python_opcode_events,751
constant_n3,fresh,P-REUSE,4,request_encoding,bounded_native_c_call_events,223
constant_n3,fresh,P-REUSE,4,request_encoding,observed_python_opcode_events,8010
constant_n3,fresh,P-REUSE,4,terminal,bounded_native_c_call_events,152
constant_n3,fresh,P-REUSE,4,terminal,candidate_publication_events,1
constant_n3,fresh,P-REUSE,4,terminal,current_receipt_output_bytes,2613
constant_n3,fresh,P-REUSE,4,terminal,delivery_events,1
constant_n3,fresh,P-REUSE,4,terminal,observed_python_opcode_events,5107
constant_n3,fresh,P-REUSE,5,coordination,bounded_native_c_call_events,12
constant_n3,fresh,P-REUSE,5,coordination,observed_python_opcode_events,638
constant_n3,fresh,P-REUSE,5,producer_build,bounded_native_c_call_events,878
constant_n3,fresh,P-REUSE,5,producer_build,observed_python_opcode_events,17684
constant_n3,fresh,P-REUSE,5,producer_export,bounded_native_c_call_events,7
constant_n3,fresh,P-REUSE,5,producer_export,observed_python_opcode_events,759
constant_n3,fresh,P-REUSE,5,producer_export,proof_output_bytes,1133
constant_n3,fresh,P-REUSE,5,producer_input,bounded_native_c_call_events,300
constant_n3,fresh,P-REUSE,5,producer_input,current_request_bytes,1113
constant_n3,fresh,P-REUSE,5,producer_input,observed_python_opcode_events,38498
constant_n3,fresh,P-REUSE,5,producer_storage,bounded_native_c_call_events,15
constant_n3,fresh,P-REUSE,5,producer_storage,live_serialized_byte_periods,4224
constant_n3,fresh,P-REUSE,5,producer_storage,observed_python_opcode_events,959
constant_n3,fresh,P-REUSE,5,receiver_check,bounded_native_c_call_events,904
constant_n3,fresh,P-REUSE,5,receiver_check,observed_python_opcode_events,18662
constant_n3,fresh,P-REUSE,5,receiver_import,bounded_native_c_call_events,33
constant_n3,fresh,P-REUSE,5,receiver_import,observed_python_opcode_events,17149
constant_n3,fresh,P-REUSE,5,receiver_init,observed_python_opcode_events,4
constant_n3,fresh,P-REUSE,5,receiver_input,bounded_native_c_call_events,300
constant_n3,fresh,P-REUSE,5,receiver_input,current_request_bytes,1113
constant_n3,fresh,P-REUSE,5,receiver_input,observed_python_opcode_events,38498
constant_n3,fresh,P-REUSE,5,receiver_input,proof_input_bytes,1133
constant_n3,fresh,P-REUSE,5,receiver_storage,bounded_native_c_call_events,16
constant_n3,fresh,P-REUSE,5,receiver_storage,live_serialized_byte_periods,7202
constant_n3,fresh,P-REUSE,5,receiver_storage,observed_python_opcode_events,751
constant_n3,fresh,P-REUSE,5,request_encoding,bounded_native_c_call_events,229
constant_n3,fresh,P-REUSE,5,request_encoding,observed_python_opcode_events,8150
constant_n3,fresh,P-REUSE,5,terminal,bounded_native_c_call_events,150
constant_n3,fresh,P-REUSE,5,terminal,candidate_publication_events,1
constant_n3,fresh,P-REUSE,5,terminal,current_receipt_output_bytes,2608
constant_n3,fresh,P-REUSE,5,terminal,delivery_events,1
constant_n3,fresh,P-REUSE,5,terminal,observed_python_opcode_events,5083
constant_n3,fresh,P-REUSE,6,coordination,bounded_native_c_call_events,12
constant_n3,fresh,P-REUSE,6,coordination,observed_python_opcode_events,638
constant_n3,fresh,P-REUSE,6,producer_build,bounded_native_c_call_events,875
constant_n3,fresh,P-REUSE,6,producer_build,observed_python_opcode_events,17794
constant_n3,fresh,P-REUSE,6,producer_export,bounded_native_c_call_events,7
constant_n3,fresh,P-REUSE,6,producer_export,observed_python_opcode_events,759
constant_n3,fresh,P-REUSE,6,producer_export,proof_output_bytes,1147
constant_n3,fresh,P-REUSE,6,producer_input,bounded_native_c_call_events,312
constant_n3,fresh,P-REUSE,6,producer_input,current_request_bytes,1127
constant_n3,fresh,P-REUSE,6,producer_input,observed_python_opcode_events,39238
constant_n3,fresh,P-REUSE,6,producer_storage,bounded_native_c_call_events,15
constant_n3,fresh,P-REUSE,6,producer_storage,live_serialized_byte_periods,4260
constant_n3,fresh,P-REUSE,6,producer_storage,observed_python_opcode_events,959
constant_n3,fresh,P-REUSE,6,receiver_check,bounded_native_c_call_events,895
constant_n3,fresh,P-REUSE,6,receiver_check,observed_python_opcode_events,18714
constant_n3,fresh,P-REUSE,6,receiver_import,bounded_native_c_call_events,33
constant_n3,fresh,P-REUSE,6,receiver_import,observed_python_opcode_events,17343
constant_n3,fresh,P-REUSE,6,receiver_init,observed_python_opcode_events,4
constant_n3,fresh,P-REUSE,6,receiver_input,bounded_native_c_call_events,312
constant_n3,fresh,P-REUSE,6,receiver_input,current_request_bytes,1127
constant_n3,fresh,P-REUSE,6,receiver_input,observed_python_opcode_events,39238
constant_n3,fresh,P-REUSE,6,receiver_input,proof_input_bytes,1147
constant_n3,fresh,P-REUSE,6,receiver_storage,bounded_native_c_call_events,16
constant_n3,fresh,P-REUSE,6,receiver_storage,live_serialized_byte_periods,7256
constant_n3,fresh,P-REUSE,6,receiver_storage,observed_python_opcode_events,751
constant_n3,fresh,P-REUSE,6,request_encoding,bounded_native_c_call_events,244
constant_n3,fresh,P-REUSE,6,request_encoding,observed_python_opcode_events,8500
constant_n3,fresh,P-REUSE,6,terminal,bounded_native_c_call_events,160
constant_n3,fresh,P-REUSE,6,terminal,candidate_publication_events,1
constant_n3,fresh,P-REUSE,6,terminal,current_receipt_output_bytes,2622
constant_n3,fresh,P-REUSE,6,terminal,delivery_events,1
constant_n3,fresh,P-REUSE,6,terminal,observed_python_opcode_events,5251
constant_n3,resident,O-ADD-COLD,1,common_source,bounded_native_c_call_events,371
constant_n3,resident,O-ADD-COLD,1,common_source,observed_python_opcode_events,32551
constant_n3,resident,O-ADD-COLD,1,common_source,source_hash_bytes_prepaid,197956
constant_n3,resident,O-ADD-COLD,1,common_source,source_length_probe_bytes_prepaid,8
constant_n3,resident,O-ADD-COLD,1,common_source,source_program_bytes_prepaid,197956
constant_n3,resident,O-ADD-COLD,1,common_source,source_record_bytes,1199
constant_n3,resident,O-ADD-COLD,1,coordination,bounded_native_c_call_events,10
constant_n3,resident,O-ADD-COLD,1,coordination,observed_python_opcode_events,625
constant_n3,resident,O-ADD-COLD,1,producer_build,bounded_native_c_call_events,701
constant_n3,resident,O-ADD-COLD,1,producer_build,observed_python_opcode_events,13710
constant_n3,resident,O-ADD-COLD,1,producer_export,bounded_native_c_call_events,8
constant_n3,resident,O-ADD-COLD,1,producer_export,observed_python_opcode_events,260
constant_n3,resident,O-ADD-COLD,1,producer_export,proof_output_bytes,2605
constant_n3,resident,O-ADD-COLD,1,producer_init,bounded_native_c_call_events,19
constant_n3,resident,O-ADD-COLD,1,producer_init,observed_python_opcode_events,739
constant_n3,resident,O-ADD-COLD,1,producer_input,bounded_native_c_call_events,184
constant_n3,resident,O-ADD-COLD,1,producer_input,current_request_bytes,1007
constant_n3,resident,O-ADD-COLD,1,producer_input,observed_python_opcode_events,33013
constant_n3,resident,O-ADD-COLD,1,producer_storage,bounded_native_c_call_events,118
constant_n3,resident,O-ADD-COLD,1,producer_storage,live_serialized_byte_periods,7629
constant_n3,resident,O-ADD-COLD,1,producer_storage,observed_python_opcode_events,6957
constant_n3,resident,O-ADD-COLD,1,receiver_check,bounded_native_c_call_events,483
constant_n3,resident,O-ADD-COLD,1,receiver_check,observed_python_opcode_events,53343
constant_n3,resident,O-ADD-COLD,1,receiver_init,bounded_native_c_call_events,130
constant_n3,resident,O-ADD-COLD,1,receiver_init,observed_python_opcode_events,27955
constant_n3,resident,O-ADD-COLD,1,receiver_input,bounded_native_c_call_events,184
constant_n3,resident,O-ADD-COLD,1,receiver_input,current_request_bytes,1007
constant_n3,resident,O-ADD-COLD,1,receiver_input,observed_python_opcode_events,33013
constant_n3,resident,O-ADD-COLD,1,receiver_input,proof_input_bytes,2605
constant_n3,resident,O-ADD-COLD,1,receiver_storage,bounded_native_c_call_events,22
constant_n3,resident,O-ADD-COLD,1,receiver_storage,live_serialized_byte_periods,12150
constant_n3,resident,O-ADD-COLD,1,receiver_storage,observed_python_opcode_events,4290
constant_n3,resident,O-ADD-COLD,1,request_encoding,bounded_native_c_call_events,132
constant_n3,resident,O-ADD-COLD,1,request_encoding,observed_python_opcode_events,5754
constant_n3,resident,O-ADD-COLD,1,terminal,bounded_native_c_call_events,62
constant_n3,resident,O-ADD-COLD,1,terminal,candidate_publication_events,1
constant_n3,resident,O-ADD-COLD,1,terminal,current_receipt_output_bytes,2502
constant_n3,resident,O-ADD-COLD,1,terminal,delivery_events,1
constant_n3,resident,O-ADD-COLD,1,terminal,observed_python_opcode_events,2942
constant_n3,resident,O-ADD-COLD,2,coordination,bounded_native_c_call_events,10
constant_n3,resident,O-ADD-COLD,2,coordination,observed_python_opcode_events,604
constant_n3,resident,O-ADD-COLD,2,producer_build,bounded_native_c_call_events,1435
constant_n3,resident,O-ADD-COLD,2,producer_build,observed_python_opcode_events,31405
constant_n3,resident,O-ADD-COLD,2,producer_export,bounded_native_c_call_events,8
constant_n3,resident,O-ADD-COLD,2,producer_export,observed_python_opcode_events,260
constant_n3,resident,O-ADD-COLD,2,producer_export,proof_output_bytes,2922
constant_n3,resident,O-ADD-COLD,2,producer_init,bounded_native_c_call_events,19
constant_n3,resident,O-ADD-COLD,2,producer_init,observed_python_opcode_events,739
constant_n3,resident,O-ADD-COLD,2,producer_input,bounded_native_c_call_events,283
constant_n3,resident,O-ADD-COLD,2,producer_input,current_request_bytes,1102
constant_n3,resident,O-ADD-COLD,2,producer_input,observed_python_opcode_events,37669
constant_n3,resident,O-ADD-COLD,2,producer_storage,bounded_native_c_call_events,136
constant_n3,resident,O-ADD-COLD,2,producer_storage,live_serialized_byte_periods,8639
constant_n3,resident,O-ADD-COLD,2,producer_storage,observed_python_opcode_events,13533
constant_n3,resident,O-ADD-COLD,2,receiver_check,bounded_native_c_call_events,1075
constant_n3,resident,O-ADD-COLD,2,receiver_check,observed_python_opcode_events,77668
constant_n3,resident,O-ADD-COLD,2,receiver_init,bounded_native_c_call_events,130
constant_n3,resident,O-ADD-COLD,2,receiver_init,observed_python_opcode_events,27955
constant_n3,resident,O-ADD-COLD,2,receiver_input,bounded_native_c_call_events,283
constant_n3,resident,O-ADD-COLD,2,receiver_input,current_request_bytes,1102
constant_n3,resident,O-ADD-COLD,2,receiver_input,observed_python_opcode_events,37669
constant_n3,resident,O-ADD-COLD,2,receiver_input,proof_input_bytes,2922
constant_n3,resident,O-ADD-COLD,2,receiver_storage,bounded_native_c_call_events,22
constant_n3,resident,O-ADD-COLD,2,receiver_storage,live_serialized_byte_periods,13250
constant_n3,resident,O-ADD-COLD,2,receiver_storage,observed_python_opcode_events,7907
constant_n3,resident,O-ADD-COLD,2,request_encoding,bounded_native_c_call_events,208
constant_n3,resident,O-ADD-COLD,2,request_encoding,observed_python_opcode_events,7658
constant_n3,resident,O-ADD-COLD,2,terminal,bounded_native_c_call_events,136
constant_n3,resident,O-ADD-COLD,2,terminal,candidate_publication_events,1
constant_n3,resident,O-ADD-COLD,2,terminal,current_receipt_output_bytes,2597
constant_n3,resident,O-ADD-COLD,2,terminal,delivery_events,1
constant_n3,resident,O-ADD-COLD,2,terminal,observed_python_opcode_events,4727
constant_n3,resident,O-ADD-COLD,3,coordination,bounded_native_c_call_events,10
constant_n3,resident,O-ADD-COLD,3,coordination,observed_python_opcode_events,604
constant_n3,resident,O-ADD-COLD,3,producer_build,bounded_native_c_call_events,1541
constant_n3,resident,O-ADD-COLD,3,producer_build,observed_python_opcode_events,33253
constant_n3,resident,O-ADD-COLD,3,producer_export,bounded_native_c_call_events,8
constant_n3,resident,O-ADD-COLD,3,producer_export,observed_python_opcode_events,260
constant_n3,resident,O-ADD-COLD,3,producer_export,proof_output_bytes,2962
constant_n3,resident,O-ADD-COLD,3,producer_init,bounded_native_c_call_events,19
constant_n3,resident,O-ADD-COLD,3,producer_init,observed_python_opcode_events,739
constant_n3,resident,O-ADD-COLD,3,producer_input,bounded_native_c_call_events,271
constant_n3,resident,O-ADD-COLD,3,producer_input,current_request_bytes,1092
constant_n3,resident,O-ADD-COLD,3,producer_input,observed_python_opcode_events,37061
constant_n3,resident,O-ADD-COLD,3,producer_storage,bounded_native_c_call_events,150
constant_n3,resident,O-ADD-COLD,3,producer_storage,live_serialized_byte_periods,8783
constant_n3,resident,O-ADD-COLD,3,producer_storage,observed_python_opcode_events,15369
constant_n3,resident,O-ADD-COLD,3,receiver_check,bounded_native_c_call_events,1185
constant_n3,resident,O-ADD-COLD,3,receiver_check,observed_python_opcode_events,81524
constant_n3,resident,O-ADD-COLD,3,receiver_init,bounded_native_c_call_events,130
constant_n3,resident,O-ADD-COLD,3,receiver_init,observed_python_opcode_events,27955
constant_n3,resident,O-ADD-COLD,3,receiver_input,bounded_native_c_call_events,271
constant_n3,resident,O-ADD-COLD,3,receiver_input,current_request_bytes,1092
constant_n3,resident,O-ADD-COLD,3,receiver_input,observed_python_opcode_events,37061
constant_n3,resident,O-ADD-COLD,3,receiver_input,proof_input_bytes,2962
constant_n3,resident,O-ADD-COLD,3,receiver_storage,bounded_native_c_call_events,22
constant_n3,resident,O-ADD-COLD,3,receiver_storage,live_serialized_byte_periods,13338
constant_n3,resident,O-ADD-COLD,3,receiver_storage,observed_python_opcode_events,9398
constant_n3,resident,O-ADD-COLD,3,request_encoding,bounded_native_c_call_events,193
constant_n3,resident,O-ADD-COLD,3,request_encoding,observed_python_opcode_events,7314
constant_n3,resident,O-ADD-COLD,3,terminal,bounded_native_c_call_events,120
constant_n3,resident,O-ADD-COLD,3,terminal,candidate_publication_events,1
constant_n3,resident,O-ADD-COLD,3,terminal,current_receipt_output_bytes,2587
constant_n3,resident,O-ADD-COLD,3,terminal,delivery_events,1
constant_n3,resident,O-ADD-COLD,3,terminal,observed_python_opcode_events,4367
constant_n3,resident,O-ADD-COLD,4,coordination,bounded_native_c_call_events,10
constant_n3,resident,O-ADD-COLD,4,coordination,observed_python_opcode_events,604
constant_n3,resident,O-ADD-COLD,4,producer_build,bounded_native_c_call_events,1780
constant_n3,resident,O-ADD-COLD,4,producer_build,observed_python_opcode_events,39990
constant_n3,resident,O-ADD-COLD,4,producer_export,bounded_native_c_call_events,8
constant_n3,resident,O-ADD-COLD,4,producer_export,observed_python_opcode_events,260
constant_n3,resident,O-ADD-COLD,4,producer_export,proof_output_bytes,3070
constant_n3,resident,O-ADD-COLD,4,producer_init,bounded_native_c_call_events,19
constant_n3,resident,O-ADD-COLD,4,producer_init,observed_python_opcode_events,739
constant_n3,resident,O-ADD-COLD,4,producer_input,bounded_native_c_call_events,293
constant_n3,resident,O-ADD-COLD,4,producer_input,current_request_bytes,1118
constant_n3,resident,O-ADD-COLD,4,producer_input,observed_python_opcode_events,38450
constant_n3,resident,O-ADD-COLD,4,producer_storage,bounded_native_c_call_events,162
constant_n3,resident,O-ADD-COLD,4,producer_storage,live_serialized_byte_periods,9130
constant_n3,resident,O-ADD-COLD,4,producer_storage,observed_python_opcode_events,17580
constant_n3,resident,O-ADD-COLD,4,receiver_check,bounded_native_c_call_events,1388
constant_n3,resident,O-ADD-COLD,4,receiver_check,observed_python_opcode_events,90684
constant_n3,resident,O-ADD-COLD,4,receiver_init,bounded_native_c_call_events,130
constant_n3,resident,O-ADD-COLD,4,receiver_init,observed_python_opcode_events,27955
constant_n3,resident,O-ADD-COLD,4,receiver_input,bounded_native_c_call_events,293
constant_n3,resident,O-ADD-COLD,4,receiver_input,current_request_bytes,1118
constant_n3,resident,O-ADD-COLD,4,receiver_input,observed_python_opcode_events,38450
constant_n3,resident,O-ADD-COLD,4,receiver_input,proof_input_bytes,3070
constant_n3,resident,O-ADD-COLD,4,receiver_storage,bounded_native_c_call_events,22
constant_n3,resident,O-ADD-COLD,4,receiver_storage,live_serialized_byte_periods,13685
constant_n3,resident,O-ADD-COLD,4,receiver_storage,observed_python_opcode_events,10272
constant_n3,resident,O-ADD-COLD,4,request_encoding,bounded_native_c_call_events,223
constant_n3,resident,O-ADD-COLD,4,request_encoding,observed_python_opcode_events,8010
constant_n3,resident,O-ADD-COLD,4,terminal,bounded_native_c_call_events,152
constant_n3,resident,O-ADD-COLD,4,terminal,candidate_publication_events,1
constant_n3,resident,O-ADD-COLD,4,terminal,current_receipt_output_bytes,2613
constant_n3,resident,O-ADD-COLD,4,terminal,delivery_events,1
constant_n3,resident,O-ADD-COLD,4,terminal,observed_python_opcode_events,5107
constant_n3,resident,O-ADD-COLD,5,coordination,bounded_native_c_call_events,10
constant_n3,resident,O-ADD-COLD,5,coordination,observed_python_opcode_events,604
constant_n3,resident,O-ADD-COLD,5,producer_build,bounded_native_c_call_events,2019
constant_n3,resident,O-ADD-COLD,5,producer_build,observed_python_opcode_events,46929
constant_n3,resident,O-ADD-COLD,5,producer_export,bounded_native_c_call_events,8
constant_n3,resident,O-ADD-COLD,5,producer_export,observed_python_opcode_events,260
constant_n3,resident,O-ADD-COLD,5,producer_export,proof_output_bytes,3217
constant_n3,resident,O-ADD-COLD,5,producer_init,bounded_native_c_call_events,19
constant_n3,resident,O-ADD-COLD,5,producer_init,observed_python_opcode_events,739
constant_n3,resident,O-ADD-COLD,5,producer_input,bounded_native_c_call_events,300
constant_n3,resident,O-ADD-COLD,5,producer_input,current_request_bytes,1113
constant_n3,resident,O-ADD-COLD,5,producer_input,observed_python_opcode_events,38498
constant_n3,resident,O-ADD-COLD,5,producer_storage,bounded_native_c_call_events,162
constant_n3,resident,O-ADD-COLD,5,producer_storage,live_serialized_byte_periods,9634
constant_n3,resident,O-ADD-COLD,5,producer_storage,observed_python_opcode_events,21895
constant_n3,resident,O-ADD-COLD,5,receiver_check,bounded_native_c_call_events,1681
constant_n3,resident,O-ADD-COLD,5,receiver_check,observed_python_opcode_events,103676
constant_n3,resident,O-ADD-COLD,5,receiver_init,bounded_native_c_call_events,130
constant_n3,resident,O-ADD-COLD,5,receiver_init,observed_python_opcode_events,27955
constant_n3,resident,O-ADD-COLD,5,receiver_input,bounded_native_c_call_events,300
constant_n3,resident,O-ADD-COLD,5,receiver_input,current_request_bytes,1113
constant_n3,resident,O-ADD-COLD,5,receiver_input,observed_python_opcode_events,38498
constant_n3,resident,O-ADD-COLD,5,receiver_input,proof_input_bytes,3217
constant_n3,resident,O-ADD-COLD,5,receiver_storage,bounded_native_c_call_events,22
constant_n3,resident,O-ADD-COLD,5,receiver_storage,live_serialized_byte_periods,14079
constant_n3,resident,O-ADD-COLD,5,receiver_storage,observed_python_opcode_events,13370
constant_n3,resident,O-ADD-COLD,5,request_encoding,bounded_native_c_call_events,229
constant_n3,resident,O-ADD-COLD,5,request_encoding,observed_python_opcode_events,8150
constant_n3,resident,O-ADD-COLD,5,terminal,bounded_native_c_call_events,150
constant_n3,resident,O-ADD-COLD,5,terminal,candidate_publication_events,1
constant_n3,resident,O-ADD-COLD,5,terminal,current_receipt_output_bytes,2608
constant_n3,resident,O-ADD-COLD,5,terminal,delivery_events,1
constant_n3,resident,O-ADD-COLD,5,terminal,observed_python_opcode_events,5083
constant_n3,resident,O-ADD-COLD,6,coordination,bounded_native_c_call_events,10
constant_n3,resident,O-ADD-COLD,6,coordination,observed_python_opcode_events,604
constant_n3,resident,O-ADD-COLD,6,producer_build,bounded_native_c_call_events,1960
constant_n3,resident,O-ADD-COLD,6,producer_build,observed_python_opcode_events,45750
constant_n3,resident,O-ADD-COLD,6,producer_export,bounded_native_c_call_events,8
constant_n3,resident,O-ADD-COLD,6,producer_export,observed_python_opcode_events,260
constant_n3,resident,O-ADD-COLD,6,producer_export,proof_output_bytes,3206
constant_n3,resident,O-ADD-COLD,6,producer_init,bounded_native_c_call_events,19
constant_n3,resident,O-ADD-COLD,6,producer_init,observed_python_opcode_events,739
constant_n3,resident,O-ADD-COLD,6,producer_input,bounded_native_c_call_events,312
constant_n3,resident,O-ADD-COLD,6,producer_input,current_request_bytes,1127
constant_n3,resident,O-ADD-COLD,6,producer_input,observed_python_opcode_events,39238
constant_n3,resident,O-ADD-COLD,6,producer_storage,bounded_native_c_call_events,168
constant_n3,resident,O-ADD-COLD,6,producer_storage,live_serialized_byte_periods,9577
constant_n3,resident,O-ADD-COLD,6,producer_storage,observed_python_opcode_events,20913
constant_n3,resident,O-ADD-COLD,6,receiver_check,bounded_native_c_call_events,1622
constant_n3,resident,O-ADD-COLD,6,receiver_check,observed_python_opcode_events,101359
constant_n3,resident,O-ADD-COLD,6,receiver_init,bounded_native_c_call_events,130
constant_n3,resident,O-ADD-COLD,6,receiver_init,observed_python_opcode_events,27955
constant_n3,resident,O-ADD-COLD,6,receiver_input,bounded_native_c_call_events,312
constant_n3,resident,O-ADD-COLD,6,receiver_input,current_request_bytes,1127
constant_n3,resident,O-ADD-COLD,6,receiver_input,observed_python_opcode_events,39238
constant_n3,resident,O-ADD-COLD,6,receiver_input,proof_input_bytes,3206
constant_n3,resident,O-ADD-COLD,6,receiver_storage,bounded_native_c_call_events,22
constant_n3,resident,O-ADD-COLD,6,receiver_storage,live_serialized_byte_periods,14057
constant_n3,resident,O-ADD-COLD,6,receiver_storage,observed_python_opcode_events,12197
constant_n3,resident,O-ADD-COLD,6,request_encoding,bounded_native_c_call_events,244
constant_n3,resident,O-ADD-COLD,6,request_encoding,observed_python_opcode_events,8500
constant_n3,resident,O-ADD-COLD,6,terminal,bounded_native_c_call_events,160
constant_n3,resident,O-ADD-COLD,6,terminal,candidate_publication_events,1
constant_n3,resident,O-ADD-COLD,6,terminal,current_receipt_output_bytes,2622
constant_n3,resident,O-ADD-COLD,6,terminal,delivery_events,1
constant_n3,resident,O-ADD-COLD,6,terminal,observed_python_opcode_events,5251
constant_n3,resident,O-ADD-PORTFOLIO,1,common_source,bounded_native_c_call_events,371
constant_n3,resident,O-ADD-PORTFOLIO,1,common_source,observed_python_opcode_events,32551
constant_n3,resident,O-ADD-PORTFOLIO,1,common_source,source_hash_bytes_prepaid,197956
constant_n3,resident,O-ADD-PORTFOLIO,1,common_source,source_length_probe_bytes_prepaid,8
constant_n3,resident,O-ADD-PORTFOLIO,1,common_source,source_program_bytes_prepaid,197956
constant_n3,resident,O-ADD-PORTFOLIO,1,common_source,source_record_bytes,1199
constant_n3,resident,O-ADD-PORTFOLIO,1,coordination,bounded_native_c_call_events,15
constant_n3,resident,O-ADD-PORTFOLIO,1,coordination,observed_python_opcode_events,744
constant_n3,resident,O-ADD-PORTFOLIO,1,producer_build,bounded_native_c_call_events,318
constant_n3,resident,O-ADD-PORTFOLIO,1,producer_build,observed_python_opcode_events,7023
constant_n3,resident,O-ADD-PORTFOLIO,1,producer_export,bounded_native_c_call_events,7
constant_n3,resident,O-ADD-PORTFOLIO,1,producer_export,observed_python_opcode_events,759
constant_n3,resident,O-ADD-PORTFOLIO,1,producer_export,proof_output_bytes,1027
constant_n3,resident,O-ADD-PORTFOLIO,1,producer_init,observed_python_opcode_events,4
constant_n3,resident,O-ADD-PORTFOLIO,1,producer_input,bounded_native_c_call_events,184
constant_n3,resident,O-ADD-PORTFOLIO,1,producer_input,current_request_bytes,1007
constant_n3,resident,O-ADD-PORTFOLIO,1,producer_input,observed_python_opcode_events,33013
constant_n3,resident,O-ADD-PORTFOLIO,1,producer_storage,bounded_native_c_call_events,15
constant_n3,resident,O-ADD-PORTFOLIO,1,producer_storage,live_serialized_byte_periods,3940
constant_n3,resident,O-ADD-PORTFOLIO,1,producer_storage,observed_python_opcode_events,959
constant_n3,resident,O-ADD-PORTFOLIO,1,receiver_check,bounded_native_c_call_events,367
constant_n3,resident,O-ADD-PORTFOLIO,1,receiver_check,observed_python_opcode_events,8575
constant_n3,resident,O-ADD-PORTFOLIO,1,receiver_import,bounded_native_c_call_events,33
constant_n3,resident,O-ADD-PORTFOLIO,1,receiver_import,observed_python_opcode_events,15719
constant_n3,resident,O-ADD-PORTFOLIO,1,receiver_init,observed_python_opcode_events,4
constant_n3,resident,O-ADD-PORTFOLIO,1,receiver_input,bounded_native_c_call_events,184
constant_n3,resident,O-ADD-PORTFOLIO,1,receiver_input,current_request_bytes,1007
constant_n3,resident,O-ADD-PORTFOLIO,1,receiver_input,observed_python_opcode_events,33013
constant_n3,resident,O-ADD-PORTFOLIO,1,receiver_input,proof_input_bytes,1027
constant_n3,resident,O-ADD-PORTFOLIO,1,receiver_storage,bounded_native_c_call_events,16
constant_n3,resident,O-ADD-PORTFOLIO,1,receiver_storage,live_serialized_byte_periods,6764
constant_n3,resident,O-ADD-PORTFOLIO,1,receiver_storage,observed_python_opcode_events,751
constant_n3,resident,O-ADD-PORTFOLIO,1,request_encoding,bounded_native_c_call_events,132
constant_n3,resident,O-ADD-PORTFOLIO,1,request_encoding,observed_python_opcode_events,5754
constant_n3,resident,O-ADD-PORTFOLIO,1,terminal,bounded_native_c_call_events,62
constant_n3,resident,O-ADD-PORTFOLIO,1,terminal,candidate_publication_events,1
constant_n3,resident,O-ADD-PORTFOLIO,1,terminal,current_receipt_output_bytes,2502
constant_n3,resident,O-ADD-PORTFOLIO,1,terminal,delivery_events,1
constant_n3,resident,O-ADD-PORTFOLIO,1,terminal,observed_python_opcode_events,2942
constant_n3,resident,O-ADD-PORTFOLIO,2,coordination,bounded_native_c_call_events,10
constant_n3,resident,O-ADD-PORTFOLIO,2,coordination,observed_python_opcode_events,592
constant_n3,resident,O-ADD-PORTFOLIO,2,producer_build,bounded_native_c_call_events,697
constant_n3,resident,O-ADD-PORTFOLIO,2,producer_build,observed_python_opcode_events,14174
constant_n3,resident,O-ADD-PORTFOLIO,2,producer_export,bounded_native_c_call_events,7
constant_n3,resident,O-ADD-PORTFOLIO,2,producer_export,observed_python_opcode_events,759
constant_n3,resident,O-ADD-PORTFOLIO,2,producer_export,proof_output_bytes,1122
constant_n3,resident,O-ADD-PORTFOLIO,2,producer_input,bounded_native_c_call_events,283
constant_n3,resident,O-ADD-PORTFOLIO,2,producer_input,current_request_bytes,1102
constant_n3,resident,O-ADD-PORTFOLIO,2,producer_input,observed_python_opcode_events,37669
constant_n3,resident,O-ADD-PORTFOLIO,2,producer_storage,bounded_native_c_call_events,15
constant_n3,resident,O-ADD-PORTFOLIO,2,producer_storage,live_serialized_byte_periods,4202
constant_n3,resident,O-ADD-PORTFOLIO,2,producer_storage,observed_python_opcode_events,959
constant_n3,resident,O-ADD-PORTFOLIO,2,receiver_check,bounded_native_c_call_events,723
constant_n3,resident,O-ADD-PORTFOLIO,2,receiver_check,observed_python_opcode_events,15142
constant_n3,resident,O-ADD-PORTFOLIO,2,receiver_import,bounded_native_c_call_events,33
constant_n3,resident,O-ADD-PORTFOLIO,2,receiver_import,observed_python_opcode_events,17000
constant_n3,resident,O-ADD-PORTFOLIO,2,receiver_input,bounded_native_c_call_events,283
constant_n3,resident,O-ADD-PORTFOLIO,2,receiver_input,current_request_bytes,1102
constant_n3,resident,O-ADD-PORTFOLIO,2,receiver_input,observed_python_opcode_events,37669
constant_n3,resident,O-ADD-PORTFOLIO,2,receiver_input,proof_input_bytes,1122
constant_n3,resident,O-ADD-PORTFOLIO,2,receiver_storage,bounded_native_c_call_events,16
constant_n3,resident,O-ADD-PORTFOLIO,2,receiver_storage,live_serialized_byte_periods,7157
constant_n3,resident,O-ADD-PORTFOLIO,2,receiver_storage,observed_python_opcode_events,751
constant_n3,resident,O-ADD-PORTFOLIO,2,request_encoding,bounded_native_c_call_events,208
constant_n3,resident,O-ADD-PORTFOLIO,2,request_encoding,observed_python_opcode_events,7658
constant_n3,resident,O-ADD-PORTFOLIO,2,terminal,bounded_native_c_call_events,136
constant_n3,resident,O-ADD-PORTFOLIO,2,terminal,candidate_publication_events,1
constant_n3,resident,O-ADD-PORTFOLIO,2,terminal,current_receipt_output_bytes,2597
constant_n3,resident,O-ADD-PORTFOLIO,2,terminal,delivery_events,1
constant_n3,resident,O-ADD-PORTFOLIO,2,terminal,observed_python_opcode_events,4727
constant_n3,resident,O-ADD-PORTFOLIO,3,coordination,bounded_native_c_call_events,10
constant_n3,resident,O-ADD-PORTFOLIO,3,coordination,observed_python_opcode_events,592
constant_n3,resident,O-ADD-PORTFOLIO,3,producer_build,bounded_native_c_call_events,654
constant_n3,resident,O-ADD-PORTFOLIO,3,producer_build,observed_python_opcode_events,13168
constant_n3,resident,O-ADD-PORTFOLIO,3,producer_export,bounded_native_c_call_events,7
constant_n3,resident,O-ADD-PORTFOLIO,3,producer_export,observed_python_opcode_events,759
constant_n3,resident,O-ADD-PORTFOLIO,3,producer_export,proof_output_bytes,1112
constant_n3,resident,O-ADD-PORTFOLIO,3,producer_input,bounded_native_c_call_events,271
constant_n3,resident,O-ADD-PORTFOLIO,3,producer_input,current_request_bytes,1092
constant_n3,resident,O-ADD-PORTFOLIO,3,producer_input,observed_python_opcode_events,37061
constant_n3,resident,O-ADD-PORTFOLIO,3,producer_storage,bounded_native_c_call_events,15
constant_n3,resident,O-ADD-PORTFOLIO,3,producer_storage,live_serialized_byte_periods,4174
constant_n3,resident,O-ADD-PORTFOLIO,3,producer_storage,observed_python_opcode_events,959
constant_n3,resident,O-ADD-PORTFOLIO,3,receiver_check,bounded_native_c_call_events,688
constant_n3,resident,O-ADD-PORTFOLIO,3,receiver_check,observed_python_opcode_events,14298
constant_n3,resident,O-ADD-PORTFOLIO,3,receiver_import,bounded_native_c_call_events,33
constant_n3,resident,O-ADD-PORTFOLIO,3,receiver_import,observed_python_opcode_events,16866
constant_n3,resident,O-ADD-PORTFOLIO,3,receiver_input,bounded_native_c_call_events,271
constant_n3,resident,O-ADD-PORTFOLIO,3,receiver_input,current_request_bytes,1092
constant_n3,resident,O-ADD-PORTFOLIO,3,receiver_input,observed_python_opcode_events,37061
constant_n3,resident,O-ADD-PORTFOLIO,3,receiver_input,proof_input_bytes,1112
constant_n3,resident,O-ADD-PORTFOLIO,3,receiver_storage,bounded_native_c_call_events,16
constant_n3,resident,O-ADD-PORTFOLIO,3,receiver_storage,live_serialized_byte_periods,7115
constant_n3,resident,O-ADD-PORTFOLIO,3,receiver_storage,observed_python_opcode_events,751
constant_n3,resident,O-ADD-PORTFOLIO,3,request_encoding,bounded_native_c_call_events,193
constant_n3,resident,O-ADD-PORTFOLIO,3,request_encoding,observed_python_opcode_events,7314
constant_n3,resident,O-ADD-PORTFOLIO,3,terminal,bounded_native_c_call_events,120
constant_n3,resident,O-ADD-PORTFOLIO,3,terminal,candidate_publication_events,1
constant_n3,resident,O-ADD-PORTFOLIO,3,terminal,current_receipt_output_bytes,2587
constant_n3,resident,O-ADD-PORTFOLIO,3,terminal,delivery_events,1
constant_n3,resident,O-ADD-PORTFOLIO,3,terminal,observed_python_opcode_events,4367
constant_n3,resident,O-ADD-PORTFOLIO,4,coordination,bounded_native_c_call_events,10
constant_n3,resident,O-ADD-PORTFOLIO,4,coordination,observed_python_opcode_events,592
constant_n3,resident,O-ADD-PORTFOLIO,4,producer_build,bounded_native_c_call_events,734
constant_n3,resident,O-ADD-PORTFOLIO,4,producer_build,observed_python_opcode_events,14996
constant_n3,resident,O-ADD-PORTFOLIO,4,producer_export,bounded_native_c_call_events,7
constant_n3,resident,O-ADD-PORTFOLIO,4,producer_export,observed_python_opcode_events,759
constant_n3,resident,O-ADD-PORTFOLIO,4,producer_export,proof_output_bytes,1138
constant_n3,resident,O-ADD-PORTFOLIO,4,producer_input,bounded_native_c_call_events,293
constant_n3,resident,O-ADD-PORTFOLIO,4,producer_input,current_request_bytes,1118
constant_n3,resident,O-ADD-PORTFOLIO,4,producer_input,observed_python_opcode_events,38450
constant_n3,resident,O-ADD-PORTFOLIO,4,producer_storage,bounded_native_c_call_events,15
constant_n3,resident,O-ADD-PORTFOLIO,4,producer_storage,live_serialized_byte_periods,4242
constant_n3,resident,O-ADD-PORTFOLIO,4,producer_storage,observed_python_opcode_events,959
constant_n3,resident,O-ADD-PORTFOLIO,4,receiver_check,bounded_native_c_call_events,752
constant_n3,resident,O-ADD-PORTFOLIO,4,receiver_check,observed_python_opcode_events,15794
constant_n3,resident,O-ADD-PORTFOLIO,4,receiver_import,bounded_native_c_call_events,33
constant_n3,resident,O-ADD-PORTFOLIO,4,receiver_import,observed_python_opcode_events,17224
constant_n3,resident,O-ADD-PORTFOLIO,4,receiver_input,bounded_native_c_call_events,293
constant_n3,resident,O-ADD-PORTFOLIO,4,receiver_input,current_request_bytes,1118
constant_n3,resident,O-ADD-PORTFOLIO,4,receiver_input,observed_python_opcode_events,38450
constant_n3,resident,O-ADD-PORTFOLIO,4,receiver_input,proof_input_bytes,1138
constant_n3,resident,O-ADD-PORTFOLIO,4,receiver_storage,bounded_native_c_call_events,16
constant_n3,resident,O-ADD-PORTFOLIO,4,receiver_storage,live_serialized_byte_periods,7217
constant_n3,resident,O-ADD-PORTFOLIO,4,receiver_storage,observed_python_opcode_events,751
constant_n3,resident,O-ADD-PORTFOLIO,4,request_encoding,bounded_native_c_call_events,223
constant_n3,resident,O-ADD-PORTFOLIO,4,request_encoding,observed_python_opcode_events,8010
constant_n3,resident,O-ADD-PORTFOLIO,4,terminal,bounded_native_c_call_events,152
constant_n3,resident,O-ADD-PORTFOLIO,4,terminal,candidate_publication_events,1
constant_n3,resident,O-ADD-PORTFOLIO,4,terminal,current_receipt_output_bytes,2613
constant_n3,resident,O-ADD-PORTFOLIO,4,terminal,delivery_events,1
constant_n3,resident,O-ADD-PORTFOLIO,4,terminal,observed_python_opcode_events,5107
constant_n3,resident,O-ADD-PORTFOLIO,5,coordination,bounded_native_c_call_events,10
constant_n3,resident,O-ADD-PORTFOLIO,5,coordination,observed_python_opcode_events,592
constant_n3,resident,O-ADD-PORTFOLIO,5,producer_build,bounded_native_c_call_events,878
constant_n3,resident,O-ADD-PORTFOLIO,5,producer_build,observed_python_opcode_events,17684
constant_n3,resident,O-ADD-PORTFOLIO,5,producer_export,bounded_native_c_call_events,7
constant_n3,resident,O-ADD-PORTFOLIO,5,producer_export,observed_python_opcode_events,759
constant_n3,resident,O-ADD-PORTFOLIO,5,producer_export,proof_output_bytes,1133
constant_n3,resident,O-ADD-PORTFOLIO,5,producer_input,bounded_native_c_call_events,300
constant_n3,resident,O-ADD-PORTFOLIO,5,producer_input,current_request_bytes,1113
constant_n3,resident,O-ADD-PORTFOLIO,5,producer_input,observed_python_opcode_events,38498
constant_n3,resident,O-ADD-PORTFOLIO,5,producer_storage,bounded_native_c_call_events,15
constant_n3,resident,O-ADD-PORTFOLIO,5,producer_storage,live_serialized_byte_periods,4232
constant_n3,resident,O-ADD-PORTFOLIO,5,producer_storage,observed_python_opcode_events,959
constant_n3,resident,O-ADD-PORTFOLIO,5,receiver_check,bounded_native_c_call_events,904
constant_n3,resident,O-ADD-PORTFOLIO,5,receiver_check,observed_python_opcode_events,18662
constant_n3,resident,O-ADD-PORTFOLIO,5,receiver_import,bounded_native_c_call_events,33
constant_n3,resident,O-ADD-PORTFOLIO,5,receiver_import,observed_python_opcode_events,17149
constant_n3,resident,O-ADD-PORTFOLIO,5,receiver_input,bounded_native_c_call_events,300
constant_n3,resident,O-ADD-PORTFOLIO,5,receiver_input,current_request_bytes,1113
constant_n3,resident,O-ADD-PORTFOLIO,5,receiver_input,observed_python_opcode_events,38498
constant_n3,resident,O-ADD-PORTFOLIO,5,receiver_input,proof_input_bytes,1133
constant_n3,resident,O-ADD-PORTFOLIO,5,receiver_storage,bounded_native_c_call_events,16
constant_n3,resident,O-ADD-PORTFOLIO,5,receiver_storage,live_serialized_byte_periods,7202
constant_n3,resident,O-ADD-PORTFOLIO,5,receiver_storage,observed_python_opcode_events,751
constant_n3,resident,O-ADD-PORTFOLIO,5,request_encoding,bounded_native_c_call_events,229
constant_n3,resident,O-ADD-PORTFOLIO,5,request_encoding,observed_python_opcode_events,8150
constant_n3,resident,O-ADD-PORTFOLIO,5,terminal,bounded_native_c_call_events,150
constant_n3,resident,O-ADD-PORTFOLIO,5,terminal,candidate_publication_events,1
constant_n3,resident,O-ADD-PORTFOLIO,5,terminal,current_receipt_output_bytes,2608
constant_n3,resident,O-ADD-PORTFOLIO,5,terminal,delivery_events,1
constant_n3,resident,O-ADD-PORTFOLIO,5,terminal,observed_python_opcode_events,5083
constant_n3,resident,O-ADD-PORTFOLIO,6,coordination,bounded_native_c_call_events,10
constant_n3,resident,O-ADD-PORTFOLIO,6,coordination,observed_python_opcode_events,592
constant_n3,resident,O-ADD-PORTFOLIO,6,producer_build,bounded_native_c_call_events,875
constant_n3,resident,O-ADD-PORTFOLIO,6,producer_build,observed_python_opcode_events,17794
constant_n3,resident,O-ADD-PORTFOLIO,6,producer_export,bounded_native_c_call_events,7
constant_n3,resident,O-ADD-PORTFOLIO,6,producer_export,observed_python_opcode_events,759
constant_n3,resident,O-ADD-PORTFOLIO,6,producer_export,proof_output_bytes,1147
constant_n3,resident,O-ADD-PORTFOLIO,6,producer_input,bounded_native_c_call_events,312
constant_n3,resident,O-ADD-PORTFOLIO,6,producer_input,current_request_bytes,1127
constant_n3,resident,O-ADD-PORTFOLIO,6,producer_input,observed_python_opcode_events,39238
constant_n3,resident,O-ADD-PORTFOLIO,6,producer_storage,bounded_native_c_call_events,15
constant_n3,resident,O-ADD-PORTFOLIO,6,producer_storage,live_serialized_byte_periods,4268
constant_n3,resident,O-ADD-PORTFOLIO,6,producer_storage,observed_python_opcode_events,959
constant_n3,resident,O-ADD-PORTFOLIO,6,receiver_check,bounded_native_c_call_events,895
constant_n3,resident,O-ADD-PORTFOLIO,6,receiver_check,observed_python_opcode_events,18714
constant_n3,resident,O-ADD-PORTFOLIO,6,receiver_import,bounded_native_c_call_events,33
constant_n3,resident,O-ADD-PORTFOLIO,6,receiver_import,observed_python_opcode_events,17343
constant_n3,resident,O-ADD-PORTFOLIO,6,receiver_input,bounded_native_c_call_events,312
constant_n3,resident,O-ADD-PORTFOLIO,6,receiver_input,current_request_bytes,1127
constant_n3,resident,O-ADD-PORTFOLIO,6,receiver_input,observed_python_opcode_events,39238
constant_n3,resident,O-ADD-PORTFOLIO,6,receiver_input,proof_input_bytes,1147
constant_n3,resident,O-ADD-PORTFOLIO,6,receiver_storage,bounded_native_c_call_events,16
constant_n3,resident,O-ADD-PORTFOLIO,6,receiver_storage,live_serialized_byte_periods,7256
constant_n3,resident,O-ADD-PORTFOLIO,6,receiver_storage,observed_python_opcode_events,751
constant_n3,resident,O-ADD-PORTFOLIO,6,request_encoding,bounded_native_c_call_events,244
constant_n3,resident,O-ADD-PORTFOLIO,6,request_encoding,observed_python_opcode_events,8500
constant_n3,resident,O-ADD-PORTFOLIO,6,terminal,bounded_native_c_call_events,160
constant_n3,resident,O-ADD-PORTFOLIO,6,terminal,candidate_publication_events,1
constant_n3,resident,O-ADD-PORTFOLIO,6,terminal,current_receipt_output_bytes,2622
constant_n3,resident,O-ADD-PORTFOLIO,6,terminal,delivery_events,1
constant_n3,resident,O-ADD-PORTFOLIO,6,terminal,observed_python_opcode_events,5251
constant_n3,resident,O-ADD-WARM,1,common_source,bounded_native_c_call_events,371
constant_n3,resident,O-ADD-WARM,1,common_source,observed_python_opcode_events,32551
constant_n3,resident,O-ADD-WARM,1,common_source,source_hash_bytes_prepaid,197956
constant_n3,resident,O-ADD-WARM,1,common_source,source_length_probe_bytes_prepaid,8
constant_n3,resident,O-ADD-WARM,1,common_source,source_program_bytes_prepaid,197956
constant_n3,resident,O-ADD-WARM,1,common_source,source_record_bytes,1199
constant_n3,resident,O-ADD-WARM,1,coordination,bounded_native_c_call_events,10
constant_n3,resident,O-ADD-WARM,1,coordination,observed_python_opcode_events,641
constant_n3,resident,O-ADD-WARM,1,producer_acknowledgement,bounded_native_c_call_events,11
constant_n3,resident,O-ADD-WARM,1,producer_acknowledgement,observed_python_opcode_events,382
constant_n3,resident,O-ADD-WARM,1,producer_build,bounded_native_c_call_events,689
constant_n3,resident,O-ADD-WARM,1,producer_build,observed_python_opcode_events,13620
constant_n3,resident,O-ADD-WARM,1,producer_export,bounded_native_c_call_events,8
constant_n3,resident,O-ADD-WARM,1,producer_export,observed_python_opcode_events,260
constant_n3,resident,O-ADD-WARM,1,producer_export,proof_output_bytes,2605
constant_n3,resident,O-ADD-WARM,1,producer_init,bounded_native_c_call_events,19
constant_n3,resident,O-ADD-WARM,1,producer_init,observed_python_opcode_events,739
constant_n3,resident,O-ADD-WARM,1,producer_input,bounded_native_c_call_events,184
constant_n3,resident,O-ADD-WARM,1,producer_input,current_request_bytes,1007
constant_n3,resident,O-ADD-WARM,1,producer_input,observed_python_opcode_events,33013
constant_n3,resident,O-ADD-WARM,1,producer_storage,bounded_native_c_call_events,122
constant_n3,resident,O-ADD-WARM,1,producer_storage,live_serialized_byte_periods,9036
constant_n3,resident,O-ADD-WARM,1,producer_storage,observed_python_opcode_events,7509
constant_n3,resident,O-ADD-WARM,1,receiver_check,bounded_native_c_call_events,483
constant_n3,resident,O-ADD-WARM,1,receiver_check,observed_python_opcode_events,53343
constant_n3,resident,O-ADD-WARM,1,receiver_init,bounded_native_c_call_events,130
constant_n3,resident,O-ADD-WARM,1,receiver_init,observed_python_opcode_events,27955
constant_n3,resident,O-ADD-WARM,1,receiver_input,bounded_native_c_call_events,184
constant_n3,resident,O-ADD-WARM,1,receiver_input,current_request_bytes,1007
constant_n3,resident,O-ADD-WARM,1,receiver_input,observed_python_opcode_events,33013
constant_n3,resident,O-ADD-WARM,1,receiver_input,proof_input_bytes,2605
constant_n3,resident,O-ADD-WARM,1,receiver_storage,bounded_native_c_call_events,22
constant_n3,resident,O-ADD-WARM,1,receiver_storage,live_serialized_byte_periods,12150
constant_n3,resident,O-ADD-WARM,1,receiver_storage,observed_python_opcode_events,4290
constant_n3,resident,O-ADD-WARM,1,request_encoding,bounded_native_c_call_events,132
constant_n3,resident,O-ADD-WARM,1,request_encoding,observed_python_opcode_events,5754
constant_n3,resident,O-ADD-WARM,1,terminal,bounded_native_c_call_events,62
constant_n3,resident,O-ADD-WARM,1,terminal,candidate_publication_events,1
constant_n3,resident,O-ADD-WARM,1,terminal,current_receipt_output_bytes,2502
constant_n3,resident,O-ADD-WARM,1,terminal,delivery_events,1
constant_n3,resident,O-ADD-WARM,1,terminal,observed_python_opcode_events,2942
constant_n3,resident,O-ADD-WARM,2,coordination,bounded_native_c_call_events,10
constant_n3,resident,O-ADD-WARM,2,coordination,observed_python_opcode_events,600
constant_n3,resident,O-ADD-WARM,2,producer_acknowledgement,bounded_native_c_call_events,11
constant_n3,resident,O-ADD-WARM,2,producer_acknowledgement,observed_python_opcode_events,382
constant_n3,resident,O-ADD-WARM,2,producer_build,bounded_native_c_call_events,1229
constant_n3,resident,O-ADD-WARM,2,producer_build,observed_python_opcode_events,28462
constant_n3,resident,O-ADD-WARM,2,producer_export,bounded_native_c_call_events,8
constant_n3,resident,O-ADD-WARM,2,producer_export,observed_python_opcode_events,260
constant_n3,resident,O-ADD-WARM,2,producer_export,proof_output_bytes,2856
constant_n3,resident,O-ADD-WARM,2,producer_input,bounded_native_c_call_events,283
constant_n3,resident,O-ADD-WARM,2,producer_input,current_request_bytes,1102
constant_n3,resident,O-ADD-WARM,2,producer_input,observed_python_opcode_events,37669
constant_n3,resident,O-ADD-WARM,2,producer_storage,bounded_native_c_call_events,140
constant_n3,resident,O-ADD-WARM,2,producer_storage,live_serialized_byte_periods,10045
constant_n3,resident,O-ADD-WARM,2,producer_storage,observed_python_opcode_events,15096
constant_n3,resident,O-ADD-WARM,2,receiver_check,bounded_native_c_call_events,1084
constant_n3,resident,O-ADD-WARM,2,receiver_check,observed_python_opcode_events,76138
constant_n3,resident,O-ADD-WARM,2,receiver_init,bounded_native_c_call_events,2
constant_n3,resident,O-ADD-WARM,2,receiver_init,observed_python_opcode_events,55
constant_n3,resident,O-ADD-WARM,2,receiver_input,bounded_native_c_call_events,283
constant_n3,resident,O-ADD-WARM,2,receiver_input,current_request_bytes,1102
constant_n3,resident,O-ADD-WARM,2,receiver_input,observed_python_opcode_events,37669
constant_n3,resident,O-ADD-WARM,2,receiver_input,proof_input_bytes,2856
constant_n3,resident,O-ADD-WARM,2,receiver_storage,bounded_native_c_call_events,28
constant_n3,resident,O-ADD-WARM,2,receiver_storage,live_serialized_byte_periods,13301
constant_n3,resident,O-ADD-WARM,2,receiver_storage,observed_python_opcode_events,8951
constant_n3,resident,O-ADD-WARM,2,request_encoding,bounded_native_c_call_events,208
constant_n3,resident,O-ADD-WARM,2,request_encoding,observed_python_opcode_events,7658
constant_n3,resident,O-ADD-WARM,2,terminal,bounded_native_c_call_events,136
constant_n3,resident,O-ADD-WARM,2,terminal,candidate_publication_events,1
constant_n3,resident,O-ADD-WARM,2,terminal,current_receipt_output_bytes,2597
constant_n3,resident,O-ADD-WARM,2,terminal,delivery_events,1
constant_n3,resident,O-ADD-WARM,2,terminal,observed_python_opcode_events,4727
constant_n3,resident,O-ADD-WARM,3,coordination,bounded_native_c_call_events,10
constant_n3,resident,O-ADD-WARM,3,coordination,observed_python_opcode_events,600
constant_n3,resident,O-ADD-WARM,3,producer_acknowledgement,bounded_native_c_call_events,11
constant_n3,resident,O-ADD-WARM,3,producer_acknowledgement,observed_python_opcode_events,382
constant_n3,resident,O-ADD-WARM,3,producer_build,bounded_native_c_call_events,947
constant_n3,resident,O-ADD-WARM,3,producer_build,observed_python_opcode_events,22195
constant_n3,resident,O-ADD-WARM,3,producer_export,bounded_native_c_call_events,8
constant_n3,resident,O-ADD-WARM,3,producer_export,observed_python_opcode_events,260
constant_n3,resident,O-ADD-WARM,3,producer_export,proof_output_bytes,2771
constant_n3,resident,O-ADD-WARM,3,producer_input,bounded_native_c_call_events,271
constant_n3,resident,O-ADD-WARM,3,producer_input,current_request_bytes,1092
constant_n3,resident,O-ADD-WARM,3,producer_input,observed_python_opcode_events,37061
constant_n3,resident,O-ADD-WARM,3,producer_storage,bounded_native_c_call_events,160
constant_n3,resident,O-ADD-WARM,3,producer_storage,live_serialized_byte_periods,10320
constant_n3,resident,O-ADD-WARM,3,producer_storage,observed_python_opcode_events,20477
constant_n3,resident,O-ADD-WARM,3,receiver_check,bounded_native_c_call_events,973
constant_n3,resident,O-ADD-WARM,3,receiver_check,observed_python_opcode_events,69884
constant_n3,resident,O-ADD-WARM,3,receiver_init,bounded_native_c_call_events,2
constant_n3,resident,O-ADD-WARM,3,receiver_init,observed_python_opcode_events,55
constant_n3,resident,O-ADD-WARM,3,receiver_input,bounded_native_c_call_events,271
constant_n3,resident,O-ADD-WARM,3,receiver_input,current_request_bytes,1092
constant_n3,resident,O-ADD-WARM,3,receiver_input,observed_python_opcode_events,37061
constant_n3,resident,O-ADD-WARM,3,receiver_input,proof_input_bytes,2771
constant_n3,resident,O-ADD-WARM,3,receiver_storage,bounded_native_c_call_events,34
constant_n3,resident,O-ADD-WARM,3,receiver_storage,live_serialized_byte_periods,13491
constant_n3,resident,O-ADD-WARM,3,receiver_storage,observed_python_opcode_events,12767
constant_n3,resident,O-ADD-WARM,3,request_encoding,bounded_native_c_call_events,193
constant_n3,resident,O-ADD-WARM,3,request_encoding,observed_python_opcode_events,7314
constant_n3,resident,O-ADD-WARM,3,terminal,bounded_native_c_call_events,120
constant_n3,resident,O-ADD-WARM,3,terminal,candidate_publication_events,1
constant_n3,resident,O-ADD-WARM,3,terminal,current_receipt_output_bytes,2587
constant_n3,resident,O-ADD-WARM,3,terminal,delivery_events,1
constant_n3,resident,O-ADD-WARM,3,terminal,observed_python_opcode_events,4367
constant_n3,resident,O-ADD-WARM,4,coordination,bounded_native_c_call_events,10
constant_n3,resident,O-ADD-WARM,4,coordination,observed_python_opcode_events,600
constant_n3,resident,O-ADD-WARM,4,producer_acknowledgement,bounded_native_c_call_events,11
constant_n3,resident,O-ADD-WARM,4,producer_acknowledgement,observed_python_opcode_events,382
constant_n3,resident,O-ADD-WARM,4,producer_build,bounded_native_c_call_events,1295
constant_n3,resident,O-ADD-WARM,4,producer_build,observed_python_opcode_events,31181
constant_n3,resident,O-ADD-WARM,4,producer_export,bounded_native_c_call_events,8
constant_n3,resident,O-ADD-WARM,4,producer_export,observed_python_opcode_events,260
constant_n3,resident,O-ADD-WARM,4,producer_export,proof_output_bytes,2932
constant_n3,resident,O-ADD-WARM,4,producer_input,bounded_native_c_call_events,293
constant_n3,resident,O-ADD-WARM,4,producer_input,current_request_bytes,1118
constant_n3,resident,O-ADD-WARM,4,producer_input,observed_python_opcode_events,38450
constant_n3,resident,O-ADD-WARM,4,producer_storage,bounded_native_c_call_events,198
constant_n3,resident,O-ADD-WARM,4,producer_storage,live_serialized_byte_periods,11245
constant_n3,resident,O-ADD-WARM,4,producer_storage,observed_python_opcode_events,29167
constant_n3,resident,O-ADD-WARM,4,receiver_check,bounded_native_c_call_events,1450
constant_n3,resident,O-ADD-WARM,4,receiver_check,observed_python_opcode_events,86543
constant_n3,resident,O-ADD-WARM,4,receiver_init,bounded_native_c_call_events,2
constant_n3,resident,O-ADD-WARM,4,receiver_init,observed_python_opcode_events,55
constant_n3,resident,O-ADD-WARM,4,receiver_input,bounded_native_c_call_events,293
constant_n3,resident,O-ADD-WARM,4,receiver_input,current_request_bytes,1118
constant_n3,resident,O-ADD-WARM,4,receiver_input,observed_python_opcode_events,38450
constant_n3,resident,O-ADD-WARM,4,receiver_input,proof_input_bytes,2932
constant_n3,resident,O-ADD-WARM,4,receiver_storage,bounded_native_c_call_events,40
constant_n3,resident,O-ADD-WARM,4,receiver_storage,live_serialized_byte_periods,14319
constant_n3,resident,O-ADD-WARM,4,receiver_storage,observed_python_opcode_events,18042
constant_n3,resident,O-ADD-WARM,4,request_encoding,bounded_native_c_call_events,223
constant_n3,resident,O-ADD-WARM,4,request_encoding,observed_python_opcode_events,8010
constant_n3,resident,O-ADD-WARM,4,terminal,bounded_native_c_call_events,152
constant_n3,resident,O-ADD-WARM,4,terminal,candidate_publication_events,1
constant_n3,resident,O-ADD-WARM,4,terminal,current_receipt_output_bytes,2613
constant_n3,resident,O-ADD-WARM,4,terminal,delivery_events,1
constant_n3,resident,O-ADD-WARM,4,terminal,observed_python_opcode_events,5107
constant_n3,resident,O-ADD-WARM,5,coordination,bounded_native_c_call_events,10
constant_n3,resident,O-ADD-WARM,5,coordination,observed_python_opcode_events,600
constant_n3,resident,O-ADD-WARM,5,producer_acknowledgement,bounded_native_c_call_events,11
constant_n3,resident,O-ADD-WARM,5,producer_acknowledgement,observed_python_opcode_events,382
constant_n3,resident,O-ADD-WARM,5,producer_build,bounded_native_c_call_events,1311
constant_n3,resident,O-ADD-WARM,5,producer_build,observed_python_opcode_events,33428
constant_n3,resident,O-ADD-WARM,5,producer_export,bounded_native_c_call_events,8
constant_n3,resident,O-ADD-WARM,5,producer_export,observed_python_opcode_events,260
constant_n3,resident,O-ADD-WARM,5,producer_export,proof_output_bytes,3006
constant_n3,resident,O-ADD-WARM,5,producer_input,bounded_native_c_call_events,300
constant_n3,resident,O-ADD-WARM,5,producer_input,current_request_bytes,1113
constant_n3,resident,O-ADD-WARM,5,producer_input,observed_python_opcode_events,38498
constant_n3,resident,O-ADD-WARM,5,producer_storage,bounded_native_c_call_events,224
constant_n3,resident,O-ADD-WARM,5,producer_storage,live_serialized_byte_periods,12176
constant_n3,resident,O-ADD-WARM,5,producer_storage,observed_python_opcode_events,39478
constant_n3,resident,O-ADD-WARM,5,receiver_check,bounded_native_c_call_events,1854
constant_n3,resident,O-ADD-WARM,5,receiver_check,observed_python_opcode_events,98979
constant_n3,resident,O-ADD-WARM,5,receiver_init,bounded_native_c_call_events,2
constant_n3,resident,O-ADD-WARM,5,receiver_init,observed_python_opcode_events,55
constant_n3,resident,O-ADD-WARM,5,receiver_input,bounded_native_c_call_events,300
constant_n3,resident,O-ADD-WARM,5,receiver_input,current_request_bytes,1113
constant_n3,resident,O-ADD-WARM,5,receiver_input,observed_python_opcode_events,38498
constant_n3,resident,O-ADD-WARM,5,receiver_input,proof_input_bytes,3006
constant_n3,resident,O-ADD-WARM,5,receiver_storage,bounded_native_c_call_events,46
constant_n3,resident,O-ADD-WARM,5,receiver_storage,live_serialized_byte_periods,15011
constant_n3,resident,O-ADD-WARM,5,receiver_storage,observed_python_opcode_events,24775
constant_n3,resident,O-ADD-WARM,5,request_encoding,bounded_native_c_call_events,229
constant_n3,resident,O-ADD-WARM,5,request_encoding,observed_python_opcode_events,8150
constant_n3,resident,O-ADD-WARM,5,terminal,bounded_native_c_call_events,150
constant_n3,resident,O-ADD-WARM,5,terminal,candidate_publication_events,1
constant_n3,resident,O-ADD-WARM,5,terminal,current_receipt_output_bytes,2608
constant_n3,resident,O-ADD-WARM,5,terminal,delivery_events,1
constant_n3,resident,O-ADD-WARM,5,terminal,observed_python_opcode_events,5083
constant_n3,resident,O-ADD-WARM,6,coordination,bounded_native_c_call_events,10
constant_n3,resident,O-ADD-WARM,6,coordination,observed_python_opcode_events,600
constant_n3,resident,O-ADD-WARM,6,producer_acknowledgement,bounded_native_c_call_events,11
constant_n3,resident,O-ADD-WARM,6,producer_acknowledgement,observed_python_opcode_events,382
constant_n3,resident,O-ADD-WARM,6,producer_build,bounded_native_c_call_events,907
constant_n3,resident,O-ADD-WARM,6,producer_build,observed_python_opcode_events,24197
constant_n3,resident,O-ADD-WARM,6,producer_export,bounded_native_c_call_events,8
constant_n3,resident,O-ADD-WARM,6,producer_export,observed_python_opcode_events,260
constant_n3,resident,O-ADD-WARM,6,producer_export,proof_output_bytes,2850
constant_n3,resident,O-ADD-WARM,6,producer_input,bounded_native_c_call_events,312
constant_n3,resident,O-ADD-WARM,6,producer_input,current_request_bytes,1127
constant_n3,resident,O-ADD-WARM,6,producer_input,observed_python_opcode_events,39238
constant_n3,resident,O-ADD-WARM,6,producer_storage,bounded_native_c_call_events,230
constant_n3,resident,O-ADD-WARM,6,producer_storage,live_serialized_byte_periods,12505
constant_n3,resident,O-ADD-WARM,6,producer_storage,observed_python_opcode_events,45082
constant_n3,resident,O-ADD-WARM,6,receiver_check,bounded_native_c_call_events,1334
constant_n3,resident,O-ADD-WARM,6,receiver_check,observed_python_opcode_events,80900
constant_n3,resident,O-ADD-WARM,6,receiver_init,bounded_native_c_call_events,2
constant_n3,resident,O-ADD-WARM,6,receiver_init,observed_python_opcode_events,55
constant_n3,resident,O-ADD-WARM,6,receiver_input,bounded_native_c_call_events,312
constant_n3,resident,O-ADD-WARM,6,receiver_input,current_request_bytes,1127
constant_n3,resident,O-ADD-WARM,6,receiver_input,observed_python_opcode_events,39238
constant_n3,resident,O-ADD-WARM,6,receiver_input,proof_input_bytes,2850
constant_n3,resident,O-ADD-WARM,6,receiver_storage,bounded_native_c_call_events,52
constant_n3,resident,O-ADD-WARM,6,receiver_storage,live_serialized_byte_periods,15280
constant_n3,resident,O-ADD-WARM,6,receiver_storage,observed_python_opcode_events,28562
constant_n3,resident,O-ADD-WARM,6,request_encoding,bounded_native_c_call_events,244
constant_n3,resident,O-ADD-WARM,6,request_encoding,observed_python_opcode_events,8500
constant_n3,resident,O-ADD-WARM,6,terminal,bounded_native_c_call_events,160
constant_n3,resident,O-ADD-WARM,6,terminal,candidate_publication_events,1
constant_n3,resident,O-ADD-WARM,6,terminal,current_receipt_output_bytes,2622
constant_n3,resident,O-ADD-WARM,6,terminal,delivery_events,1
constant_n3,resident,O-ADD-WARM,6,terminal,observed_python_opcode_events,5251
constant_n3,resident,O-ENUM-RECEIVER,1,common_source,bounded_native_c_call_events,371
constant_n3,resident,O-ENUM-RECEIVER,1,common_source,observed_python_opcode_events,32551
constant_n3,resident,O-ENUM-RECEIVER,1,common_source,source_hash_bytes_prepaid,197956
constant_n3,resident,O-ENUM-RECEIVER,1,common_source,source_length_probe_bytes_prepaid,8
constant_n3,resident,O-ENUM-RECEIVER,1,common_source,source_program_bytes_prepaid,197956
constant_n3,resident,O-ENUM-RECEIVER,1,common_source,source_record_bytes,1199
constant_n3,resident,O-ENUM-RECEIVER,1,coordination,bounded_native_c_call_events,10
constant_n3,resident,O-ENUM-RECEIVER,1,coordination,observed_python_opcode_events,433
constant_n3,resident,O-ENUM-RECEIVER,1,producer_storage,bounded_native_c_call_events,10
constant_n3,resident,O-ENUM-RECEIVER,1,producer_storage,live_serialized_byte_periods,1550
constant_n3,resident,O-ENUM-RECEIVER,1,producer_storage,observed_python_opcode_events,877
constant_n3,resident,O-ENUM-RECEIVER,1,receiver_check,bounded_native_c_call_events,122
constant_n3,resident,O-ENUM-RECEIVER,1,receiver_check,observed_python_opcode_events,3946
constant_n3,resident,O-ENUM-RECEIVER,1,receiver_input,bounded_native_c_call_events,184
constant_n3,resident,O-ENUM-RECEIVER,1,receiver_input,current_request_bytes,1007
constant_n3,resident,O-ENUM-RECEIVER,1,receiver_input,observed_python_opcode_events,33013
constant_n3,resident,O-ENUM-RECEIVER,1,receiver_storage,bounded_native_c_call_events,12
constant_n3,resident,O-ENUM-RECEIVER,1,receiver_storage,live_serialized_byte_periods,5557
constant_n3,resident,O-ENUM-RECEIVER,1,receiver_storage,observed_python_opcode_events,680
constant_n3,resident,O-ENUM-RECEIVER,1,request_encoding,bounded_native_c_call_events,132
constant_n3,resident,O-ENUM-RECEIVER,1,request_encoding,observed_python_opcode_events,5754
constant_n3,resident,O-ENUM-RECEIVER,1,terminal,bounded_native_c_call_events,62
constant_n3,resident,O-ENUM-RECEIVER,1,terminal,candidate_publication_events,1
constant_n3,resident,O-ENUM-RECEIVER,1,terminal,current_receipt_output_bytes,2502
constant_n3,resident,O-ENUM-RECEIVER,1,terminal,delivery_events,1
constant_n3,resident,O-ENUM-RECEIVER,1,terminal,observed_python_opcode_events,2942
constant_n3,resident,O-ENUM-RECEIVER,2,coordination,bounded_native_c_call_events,10
constant_n3,resident,O-ENUM-RECEIVER,2,coordination,observed_python_opcode_events,412
constant_n3,resident,O-ENUM-RECEIVER,2,producer_storage,bounded_native_c_call_events,10
constant_n3,resident,O-ENUM-RECEIVER,2,producer_storage,live_serialized_byte_periods,1550
constant_n3,resident,O-ENUM-RECEIVER,2,producer_storage,observed_python_opcode_events,877
constant_n3,resident,O-ENUM-RECEIVER,2,receiver_check,bounded_native_c_call_events,191
constant_n3,resident,O-ENUM-RECEIVER,2,receiver_check,observed_python_opcode_events,5583
constant_n3,resident,O-ENUM-RECEIVER,2,receiver_input,bounded_native_c_call_events,283
constant_n3,resident,O-ENUM-RECEIVER,2,receiver_input,current_request_bytes,1102
constant_n3,resident,O-ENUM-RECEIVER,2,receiver_input,observed_python_opcode_events,37669
constant_n3,resident,O-ENUM-RECEIVER,2,receiver_storage,bounded_native_c_call_events,12
constant_n3,resident,O-ENUM-RECEIVER,2,receiver_storage,live_serialized_byte_periods,5819
constant_n3,resident,O-ENUM-RECEIVER,2,receiver_storage,observed_python_opcode_events,680
constant_n3,resident,O-ENUM-RECEIVER,2,request_encoding,bounded_native_c_call_events,208
constant_n3,resident,O-ENUM-RECEIVER,2,request_encoding,observed_python_opcode_events,7658
constant_n3,resident,O-ENUM-RECEIVER,2,terminal,bounded_native_c_call_events,136
constant_n3,resident,O-ENUM-RECEIVER,2,terminal,candidate_publication_events,1
constant_n3,resident,O-ENUM-RECEIVER,2,terminal,current_receipt_output_bytes,2597
constant_n3,resident,O-ENUM-RECEIVER,2,terminal,delivery_events,1
constant_n3,resident,O-ENUM-RECEIVER,2,terminal,observed_python_opcode_events,4727
constant_n3,resident,O-ENUM-RECEIVER,3,coordination,bounded_native_c_call_events,10
constant_n3,resident,O-ENUM-RECEIVER,3,coordination,observed_python_opcode_events,412
constant_n3,resident,O-ENUM-RECEIVER,3,producer_storage,bounded_native_c_call_events,10
constant_n3,resident,O-ENUM-RECEIVER,3,producer_storage,live_serialized_byte_periods,1550
constant_n3,resident,O-ENUM-RECEIVER,3,producer_storage,observed_python_opcode_events,877
constant_n3,resident,O-ENUM-RECEIVER,3,receiver_check,bounded_native_c_call_events,177
constant_n3,resident,O-ENUM-RECEIVER,3,receiver_check,observed_python_opcode_events,5256
constant_n3,resident,O-ENUM-RECEIVER,3,receiver_input,bounded_native_c_call_events,271
constant_n3,resident,O-ENUM-RECEIVER,3,receiver_input,current_request_bytes,1092
constant_n3,resident,O-ENUM-RECEIVER,3,receiver_input,observed_python_opcode_events,37061
constant_n3,resident,O-ENUM-RECEIVER,3,receiver_storage,bounded_native_c_call_events,12
constant_n3,resident,O-ENUM-RECEIVER,3,receiver_storage,live_serialized_byte_periods,5791
constant_n3,resident,O-ENUM-RECEIVER,3,receiver_storage,observed_python_opcode_events,680
constant_n3,resident,O-ENUM-RECEIVER,3,request_encoding,bounded_native_c_call_events,193
constant_n3,resident,O-ENUM-RECEIVER,3,request_encoding,observed_python_opcode_events,7314
constant_n3,resident,O-ENUM-RECEIVER,3,terminal,bounded_native_c_call_events,120
constant_n3,resident,O-ENUM-RECEIVER,3,terminal,candidate_publication_events,1
constant_n3,resident,O-ENUM-RECEIVER,3,terminal,current_receipt_output_bytes,2587
constant_n3,resident,O-ENUM-RECEIVER,3,terminal,delivery_events,1
constant_n3,resident,O-ENUM-RECEIVER,3,terminal,observed_python_opcode_events,4367
constant_n3,resident,O-ENUM-RECEIVER,4,coordination,bounded_native_c_call_events,10
constant_n3,resident,O-ENUM-RECEIVER,4,coordination,observed_python_opcode_events,412
constant_n3,resident,O-ENUM-RECEIVER,4,producer_storage,bounded_native_c_call_events,10
constant_n3,resident,O-ENUM-RECEIVER,4,producer_storage,live_serialized_byte_periods,1550
constant_n3,resident,O-ENUM-RECEIVER,4,producer_storage,observed_python_opcode_events,877
constant_n3,resident,O-ENUM-RECEIVER,4,receiver_check,bounded_native_c_call_events,205
constant_n3,resident,O-ENUM-RECEIVER,4,receiver_check,observed_python_opcode_events,5922
constant_n3,resident,O-ENUM-RECEIVER,4,receiver_input,bounded_native_c_call_events,293
constant_n3,resident,O-ENUM-RECEIVER,4,receiver_input,current_request_bytes,1118
constant_n3,resident,O-ENUM-RECEIVER,4,receiver_input,observed_python_opcode_events,38450
constant_n3,resident,O-ENUM-RECEIVER,4,receiver_storage,bounded_native_c_call_events,12
constant_n3,resident,O-ENUM-RECEIVER,4,receiver_storage,live_serialized_byte_periods,5859
constant_n3,resident,O-ENUM-RECEIVER,4,receiver_storage,observed_python_opcode_events,680
constant_n3,resident,O-ENUM-RECEIVER,4,request_encoding,bounded_native_c_call_events,223
constant_n3,resident,O-ENUM-RECEIVER,4,request_encoding,observed_python_opcode_events,8010
constant_n3,resident,O-ENUM-RECEIVER,4,terminal,bounded_native_c_call_events,152
constant_n3,resident,O-ENUM-RECEIVER,4,terminal,candidate_publication_events,1
constant_n3,resident,O-ENUM-RECEIVER,4,terminal,current_receipt_output_bytes,2613
constant_n3,resident,O-ENUM-RECEIVER,4,terminal,delivery_events,1
constant_n3,resident,O-ENUM-RECEIVER,4,terminal,observed_python_opcode_events,5107
constant_n3,resident,O-ENUM-RECEIVER,5,coordination,bounded_native_c_call_events,10
constant_n3,resident,O-ENUM-RECEIVER,5,coordination,observed_python_opcode_events,412
constant_n3,resident,O-ENUM-RECEIVER,5,producer_storage,bounded_native_c_call_events,10
constant_n3,resident,O-ENUM-RECEIVER,5,producer_storage,live_serialized_byte_periods,1550
constant_n3,resident,O-ENUM-RECEIVER,5,producer_storage,observed_python_opcode_events,877
constant_n3,resident,O-ENUM-RECEIVER,5,receiver_check,bounded_native_c_call_events,204
constant_n3,resident,O-ENUM-RECEIVER,5,receiver_check,observed_python_opcode_events,5941
constant_n3,resident,O-ENUM-RECEIVER,5,receiver_input,bounded_native_c_call_events,300
constant_n3,resident,O-ENUM-RECEIVER,5,receiver_input,current_request_bytes,1113
constant_n3,resident,O-ENUM-RECEIVER,5,receiver_input,observed_python_opcode_events,38498
constant_n3,resident,O-ENUM-RECEIVER,5,receiver_storage,bounded_native_c_call_events,12
constant_n3,resident,O-ENUM-RECEIVER,5,receiver_storage,live_serialized_byte_periods,5849
constant_n3,resident,O-ENUM-RECEIVER,5,receiver_storage,observed_python_opcode_events,680
constant_n3,resident,O-ENUM-RECEIVER,5,request_encoding,bounded_native_c_call_events,229
constant_n3,resident,O-ENUM-RECEIVER,5,request_encoding,observed_python_opcode_events,8150
constant_n3,resident,O-ENUM-RECEIVER,5,terminal,bounded_native_c_call_events,150
constant_n3,resident,O-ENUM-RECEIVER,5,terminal,candidate_publication_events,1
constant_n3,resident,O-ENUM-RECEIVER,5,terminal,current_receipt_output_bytes,2608
constant_n3,resident,O-ENUM-RECEIVER,5,terminal,delivery_events,1
constant_n3,resident,O-ENUM-RECEIVER,5,terminal,observed_python_opcode_events,5083
constant_n3,resident,O-ENUM-RECEIVER,6,coordination,bounded_native_c_call_events,10
constant_n3,resident,O-ENUM-RECEIVER,6,coordination,observed_python_opcode_events,412
constant_n3,resident,O-ENUM-RECEIVER,6,producer_storage,bounded_native_c_call_events,10
constant_n3,resident,O-ENUM-RECEIVER,6,producer_storage,live_serialized_byte_periods,1550
constant_n3,resident,O-ENUM-RECEIVER,6,producer_storage,observed_python_opcode_events,877
constant_n3,resident,O-ENUM-RECEIVER,6,receiver_check,bounded_native_c_call_events,217
constant_n3,resident,O-ENUM-RECEIVER,6,receiver_check,observed_python_opcode_events,6233
constant_n3,resident,O-ENUM-RECEIVER,6,receiver_input,bounded_native_c_call_events,312
constant_n3,resident,O-ENUM-RECEIVER,6,receiver_input,current_request_bytes,1127
constant_n3,resident,O-ENUM-RECEIVER,6,receiver_input,observed_python_opcode_events,39238
constant_n3,resident,O-ENUM-RECEIVER,6,receiver_storage,bounded_native_c_call_events,12
constant_n3,resident,O-ENUM-RECEIVER,6,receiver_storage,live_serialized_byte_periods,5885
constant_n3,resident,O-ENUM-RECEIVER,6,receiver_storage,observed_python_opcode_events,680
constant_n3,resident,O-ENUM-RECEIVER,6,request_encoding,bounded_native_c_call_events,244
constant_n3,resident,O-ENUM-RECEIVER,6,request_encoding,observed_python_opcode_events,8500
constant_n3,resident,O-ENUM-RECEIVER,6,terminal,bounded_native_c_call_events,160
constant_n3,resident,O-ENUM-RECEIVER,6,terminal,candidate_publication_events,1
constant_n3,resident,O-ENUM-RECEIVER,6,terminal,current_receipt_output_bytes,2622
constant_n3,resident,O-ENUM-RECEIVER,6,terminal,delivery_events,1
constant_n3,resident,O-ENUM-RECEIVER,6,terminal,observed_python_opcode_events,5251
constant_n3,resident,P-FRESH,1,common_source,bounded_native_c_call_events,371
constant_n3,resident,P-FRESH,1,common_source,observed_python_opcode_events,32551
constant_n3,resident,P-FRESH,1,common_source,source_hash_bytes_prepaid,197956
constant_n3,resident,P-FRESH,1,common_source,source_length_probe_bytes_prepaid,8
constant_n3,resident,P-FRESH,1,common_source,source_program_bytes_prepaid,197956
constant_n3,resident,P-FRESH,1,common_source,source_record_bytes,1199
constant_n3,resident,P-FRESH,1,coordination,bounded_native_c_call_events,10
constant_n3,resident,P-FRESH,1,coordination,observed_python_opcode_events,637
constant_n3,resident,P-FRESH,1,producer_build,bounded_native_c_call_events,318
constant_n3,resident,P-FRESH,1,producer_build,observed_python_opcode_events,7023
constant_n3,resident,P-FRESH,1,producer_export,bounded_native_c_call_events,7
constant_n3,resident,P-FRESH,1,producer_export,observed_python_opcode_events,759
constant_n3,resident,P-FRESH,1,producer_export,proof_output_bytes,1027
constant_n3,resident,P-FRESH,1,producer_init,observed_python_opcode_events,4
constant_n3,resident,P-FRESH,1,producer_input,bounded_native_c_call_events,184
constant_n3,resident,P-FRESH,1,producer_input,current_request_bytes,1007
constant_n3,resident,P-FRESH,1,producer_input,observed_python_opcode_events,33013
constant_n3,resident,P-FRESH,1,producer_storage,bounded_native_c_call_events,15
constant_n3,resident,P-FRESH,1,producer_storage,live_serialized_byte_periods,3932
constant_n3,resident,P-FRESH,1,producer_storage,observed_python_opcode_events,959
constant_n3,resident,P-FRESH,1,receiver_check,bounded_native_c_call_events,367
constant_n3,resident,P-FRESH,1,receiver_check,observed_python_opcode_events,8575
constant_n3,resident,P-FRESH,1,receiver_import,bounded_native_c_call_events,33
constant_n3,resident,P-FRESH,1,receiver_import,observed_python_opcode_events,15719
constant_n3,resident,P-FRESH,1,receiver_init,observed_python_opcode_events,4
constant_n3,resident,P-FRESH,1,receiver_input,bounded_native_c_call_events,184
constant_n3,resident,P-FRESH,1,receiver_input,current_request_bytes,1007
constant_n3,resident,P-FRESH,1,receiver_input,observed_python_opcode_events,33013
constant_n3,resident,P-FRESH,1,receiver_input,proof_input_bytes,1027
constant_n3,resident,P-FRESH,1,receiver_storage,bounded_native_c_call_events,16
constant_n3,resident,P-FRESH,1,receiver_storage,live_serialized_byte_periods,6764
constant_n3,resident,P-FRESH,1,receiver_storage,observed_python_opcode_events,751
constant_n3,resident,P-FRESH,1,request_encoding,bounded_native_c_call_events,132
constant_n3,resident,P-FRESH,1,request_encoding,observed_python_opcode_events,5754
constant_n3,resident,P-FRESH,1,terminal,bounded_native_c_call_events,62
constant_n3,resident,P-FRESH,1,terminal,candidate_publication_events,1
constant_n3,resident,P-FRESH,1,terminal,current_receipt_output_bytes,2502
constant_n3,resident,P-FRESH,1,terminal,delivery_events,1
constant_n3,resident,P-FRESH,1,terminal,observed_python_opcode_events,2942
constant_n3,resident,P-FRESH,2,coordination,bounded_native_c_call_events,10
constant_n3,resident,P-FRESH,2,coordination,observed_python_opcode_events,592
constant_n3,resident,P-FRESH,2,producer_build,bounded_native_c_call_events,697
constant_n3,resident,P-FRESH,2,producer_build,observed_python_opcode_events,14174
constant_n3,resident,P-FRESH,2,producer_export,bounded_native_c_call_events,7
constant_n3,resident,P-FRESH,2,producer_export,observed_python_opcode_events,759
constant_n3,resident,P-FRESH,2,producer_export,proof_output_bytes,1122
constant_n3,resident,P-FRESH,2,producer_input,bounded_native_c_call_events,283
constant_n3,resident,P-FRESH,2,producer_input,current_request_bytes,1102
constant_n3,resident,P-FRESH,2,producer_input,observed_python_opcode_events,37669
constant_n3,resident,P-FRESH,2,producer_storage,bounded_native_c_call_events,15
constant_n3,resident,P-FRESH,2,producer_storage,live_serialized_byte_periods,4194
constant_n3,resident,P-FRESH,2,producer_storage,observed_python_opcode_events,959
constant_n3,resident,P-FRESH,2,receiver_check,bounded_native_c_call_events,723
constant_n3,resident,P-FRESH,2,receiver_check,observed_python_opcode_events,15142
constant_n3,resident,P-FRESH,2,receiver_import,bounded_native_c_call_events,33
constant_n3,resident,P-FRESH,2,receiver_import,observed_python_opcode_events,17000
constant_n3,resident,P-FRESH,2,receiver_input,bounded_native_c_call_events,283
constant_n3,resident,P-FRESH,2,receiver_input,current_request_bytes,1102
constant_n3,resident,P-FRESH,2,receiver_input,observed_python_opcode_events,37669
constant_n3,resident,P-FRESH,2,receiver_input,proof_input_bytes,1122
constant_n3,resident,P-FRESH,2,receiver_storage,bounded_native_c_call_events,16
constant_n3,resident,P-FRESH,2,receiver_storage,live_serialized_byte_periods,7157
constant_n3,resident,P-FRESH,2,receiver_storage,observed_python_opcode_events,751
constant_n3,resident,P-FRESH,2,request_encoding,bounded_native_c_call_events,208
constant_n3,resident,P-FRESH,2,request_encoding,observed_python_opcode_events,7658
constant_n3,resident,P-FRESH,2,terminal,bounded_native_c_call_events,136
constant_n3,resident,P-FRESH,2,terminal,candidate_publication_events,1
constant_n3,resident,P-FRESH,2,terminal,current_receipt_output_bytes,2597
constant_n3,resident,P-FRESH,2,terminal,delivery_events,1
constant_n3,resident,P-FRESH,2,terminal,observed_python_opcode_events,4727
constant_n3,resident,P-FRESH,3,coordination,bounded_native_c_call_events,10
constant_n3,resident,P-FRESH,3,coordination,observed_python_opcode_events,592
constant_n3,resident,P-FRESH,3,producer_build,bounded_native_c_call_events,654
constant_n3,resident,P-FRESH,3,producer_build,observed_python_opcode_events,13168
constant_n3,resident,P-FRESH,3,producer_export,bounded_native_c_call_events,7
constant_n3,resident,P-FRESH,3,producer_export,observed_python_opcode_events,759
constant_n3,resident,P-FRESH,3,producer_export,proof_output_bytes,1112
constant_n3,resident,P-FRESH,3,producer_input,bounded_native_c_call_events,271
constant_n3,resident,P-FRESH,3,producer_input,current_request_bytes,1092
constant_n3,resident,P-FRESH,3,producer_input,observed_python_opcode_events,37061
constant_n3,resident,P-FRESH,3,producer_storage,bounded_native_c_call_events,15
constant_n3,resident,P-FRESH,3,producer_storage,live_serialized_byte_periods,4166
constant_n3,resident,P-FRESH,3,producer_storage,observed_python_opcode_events,959
constant_n3,resident,P-FRESH,3,receiver_check,bounded_native_c_call_events,688
constant_n3,resident,P-FRESH,3,receiver_check,observed_python_opcode_events,14298
constant_n3,resident,P-FRESH,3,receiver_import,bounded_native_c_call_events,33
constant_n3,resident,P-FRESH,3,receiver_import,observed_python_opcode_events,16866
constant_n3,resident,P-FRESH,3,receiver_input,bounded_native_c_call_events,271
constant_n3,resident,P-FRESH,3,receiver_input,current_request_bytes,1092
constant_n3,resident,P-FRESH,3,receiver_input,observed_python_opcode_events,37061
constant_n3,resident,P-FRESH,3,receiver_input,proof_input_bytes,1112
constant_n3,resident,P-FRESH,3,receiver_storage,bounded_native_c_call_events,16
constant_n3,resident,P-FRESH,3,receiver_storage,live_serialized_byte_periods,7115
constant_n3,resident,P-FRESH,3,receiver_storage,observed_python_opcode_events,751
constant_n3,resident,P-FRESH,3,request_encoding,bounded_native_c_call_events,193
constant_n3,resident,P-FRESH,3,request_encoding,observed_python_opcode_events,7314
constant_n3,resident,P-FRESH,3,terminal,bounded_native_c_call_events,120
constant_n3,resident,P-FRESH,3,terminal,candidate_publication_events,1
constant_n3,resident,P-FRESH,3,terminal,current_receipt_output_bytes,2587
constant_n3,resident,P-FRESH,3,terminal,delivery_events,1
constant_n3,resident,P-FRESH,3,terminal,observed_python_opcode_events,4367
constant_n3,resident,P-FRESH,4,coordination,bounded_native_c_call_events,10
constant_n3,resident,P-FRESH,4,coordination,observed_python_opcode_events,592
constant_n3,resident,P-FRESH,4,producer_build,bounded_native_c_call_events,734
constant_n3,resident,P-FRESH,4,producer_build,observed_python_opcode_events,14996
constant_n3,resident,P-FRESH,4,producer_export,bounded_native_c_call_events,7
constant_n3,resident,P-FRESH,4,producer_export,observed_python_opcode_events,759
constant_n3,resident,P-FRESH,4,producer_export,proof_output_bytes,1138
constant_n3,resident,P-FRESH,4,producer_input,bounded_native_c_call_events,293
constant_n3,resident,P-FRESH,4,producer_input,current_request_bytes,1118
constant_n3,resident,P-FRESH,4,producer_input,observed_python_opcode_events,38450
constant_n3,resident,P-FRESH,4,producer_storage,bounded_native_c_call_events,15
constant_n3,resident,P-FRESH,4,producer_storage,live_serialized_byte_periods,4234
constant_n3,resident,P-FRESH,4,producer_storage,observed_python_opcode_events,959
constant_n3,resident,P-FRESH,4,receiver_check,bounded_native_c_call_events,752
constant_n3,resident,P-FRESH,4,receiver_check,observed_python_opcode_events,15794
constant_n3,resident,P-FRESH,4,receiver_import,bounded_native_c_call_events,33
constant_n3,resident,P-FRESH,4,receiver_import,observed_python_opcode_events,17224
constant_n3,resident,P-FRESH,4,receiver_input,bounded_native_c_call_events,293
constant_n3,resident,P-FRESH,4,receiver_input,current_request_bytes,1118
constant_n3,resident,P-FRESH,4,receiver_input,observed_python_opcode_events,38450
constant_n3,resident,P-FRESH,4,receiver_input,proof_input_bytes,1138
constant_n3,resident,P-FRESH,4,receiver_storage,bounded_native_c_call_events,16
constant_n3,resident,P-FRESH,4,receiver_storage,live_serialized_byte_periods,7217
constant_n3,resident,P-FRESH,4,receiver_storage,observed_python_opcode_events,751
constant_n3,resident,P-FRESH,4,request_encoding,bounded_native_c_call_events,223
constant_n3,resident,P-FRESH,4,request_encoding,observed_python_opcode_events,8010
constant_n3,resident,P-FRESH,4,terminal,bounded_native_c_call_events,152
constant_n3,resident,P-FRESH,4,terminal,candidate_publication_events,1
constant_n3,resident,P-FRESH,4,terminal,current_receipt_output_bytes,2613
constant_n3,resident,P-FRESH,4,terminal,delivery_events,1
constant_n3,resident,P-FRESH,4,terminal,observed_python_opcode_events,5107
constant_n3,resident,P-FRESH,5,coordination,bounded_native_c_call_events,10
constant_n3,resident,P-FRESH,5,coordination,observed_python_opcode_events,592
constant_n3,resident,P-FRESH,5,producer_build,bounded_native_c_call_events,878
constant_n3,resident,P-FRESH,5,producer_build,observed_python_opcode_events,17684
constant_n3,resident,P-FRESH,5,producer_export,bounded_native_c_call_events,7
constant_n3,resident,P-FRESH,5,producer_export,observed_python_opcode_events,759
constant_n3,resident,P-FRESH,5,producer_export,proof_output_bytes,1133
constant_n3,resident,P-FRESH,5,producer_input,bounded_native_c_call_events,300
constant_n3,resident,P-FRESH,5,producer_input,current_request_bytes,1113
constant_n3,resident,P-FRESH,5,producer_input,observed_python_opcode_events,38498
constant_n3,resident,P-FRESH,5,producer_storage,bounded_native_c_call_events,15
constant_n3,resident,P-FRESH,5,producer_storage,live_serialized_byte_periods,4224
constant_n3,resident,P-FRESH,5,producer_storage,observed_python_opcode_events,959
constant_n3,resident,P-FRESH,5,receiver_check,bounded_native_c_call_events,904
constant_n3,resident,P-FRESH,5,receiver_check,observed_python_opcode_events,18662
constant_n3,resident,P-FRESH,5,receiver_import,bounded_native_c_call_events,33
constant_n3,resident,P-FRESH,5,receiver_import,observed_python_opcode_events,17149
constant_n3,resident,P-FRESH,5,receiver_input,bounded_native_c_call_events,300
constant_n3,resident,P-FRESH,5,receiver_input,current_request_bytes,1113
constant_n3,resident,P-FRESH,5,receiver_input,observed_python_opcode_events,38498
constant_n3,resident,P-FRESH,5,receiver_input,proof_input_bytes,1133
constant_n3,resident,P-FRESH,5,receiver_storage,bounded_native_c_call_events,16
constant_n3,resident,P-FRESH,5,receiver_storage,live_serialized_byte_periods,7202
constant_n3,resident,P-FRESH,5,receiver_storage,observed_python_opcode_events,751
constant_n3,resident,P-FRESH,5,request_encoding,bounded_native_c_call_events,229
constant_n3,resident,P-FRESH,5,request_encoding,observed_python_opcode_events,8150
constant_n3,resident,P-FRESH,5,terminal,bounded_native_c_call_events,150
constant_n3,resident,P-FRESH,5,terminal,candidate_publication_events,1
constant_n3,resident,P-FRESH,5,terminal,current_receipt_output_bytes,2608
constant_n3,resident,P-FRESH,5,terminal,delivery_events,1
constant_n3,resident,P-FRESH,5,terminal,observed_python_opcode_events,5083
constant_n3,resident,P-FRESH,6,coordination,bounded_native_c_call_events,10
constant_n3,resident,P-FRESH,6,coordination,observed_python_opcode_events,592
constant_n3,resident,P-FRESH,6,producer_build,bounded_native_c_call_events,875
constant_n3,resident,P-FRESH,6,producer_build,observed_python_opcode_events,17794
constant_n3,resident,P-FRESH,6,producer_export,bounded_native_c_call_events,7
constant_n3,resident,P-FRESH,6,producer_export,observed_python_opcode_events,759
constant_n3,resident,P-FRESH,6,producer_export,proof_output_bytes,1147
constant_n3,resident,P-FRESH,6,producer_input,bounded_native_c_call_events,312
constant_n3,resident,P-FRESH,6,producer_input,current_request_bytes,1127
constant_n3,resident,P-FRESH,6,producer_input,observed_python_opcode_events,39238
constant_n3,resident,P-FRESH,6,producer_storage,bounded_native_c_call_events,15
constant_n3,resident,P-FRESH,6,producer_storage,live_serialized_byte_periods,4260
constant_n3,resident,P-FRESH,6,producer_storage,observed_python_opcode_events,959
constant_n3,resident,P-FRESH,6,receiver_check,bounded_native_c_call_events,895
constant_n3,resident,P-FRESH,6,receiver_check,observed_python_opcode_events,18714
constant_n3,resident,P-FRESH,6,receiver_import,bounded_native_c_call_events,33
constant_n3,resident,P-FRESH,6,receiver_import,observed_python_opcode_events,17343
constant_n3,resident,P-FRESH,6,receiver_input,bounded_native_c_call_events,312
constant_n3,resident,P-FRESH,6,receiver_input,current_request_bytes,1127
constant_n3,resident,P-FRESH,6,receiver_input,observed_python_opcode_events,39238
constant_n3,resident,P-FRESH,6,receiver_input,proof_input_bytes,1147
constant_n3,resident,P-FRESH,6,receiver_storage,bounded_native_c_call_events,16
constant_n3,resident,P-FRESH,6,receiver_storage,live_serialized_byte_periods,7256
constant_n3,resident,P-FRESH,6,receiver_storage,observed_python_opcode_events,751
constant_n3,resident,P-FRESH,6,request_encoding,bounded_native_c_call_events,244
constant_n3,resident,P-FRESH,6,request_encoding,observed_python_opcode_events,8500
constant_n3,resident,P-FRESH,6,terminal,bounded_native_c_call_events,160
constant_n3,resident,P-FRESH,6,terminal,candidate_publication_events,1
constant_n3,resident,P-FRESH,6,terminal,current_receipt_output_bytes,2622
constant_n3,resident,P-FRESH,6,terminal,delivery_events,1
constant_n3,resident,P-FRESH,6,terminal,observed_python_opcode_events,5251
constant_n3,resident,P-REUSE,1,common_source,bounded_native_c_call_events,371
constant_n3,resident,P-REUSE,1,common_source,observed_python_opcode_events,32551
constant_n3,resident,P-REUSE,1,common_source,source_hash_bytes_prepaid,197956
constant_n3,resident,P-REUSE,1,common_source,source_length_probe_bytes_prepaid,8
constant_n3,resident,P-REUSE,1,common_source,source_program_bytes_prepaid,197956
constant_n3,resident,P-REUSE,1,common_source,source_record_bytes,1199
constant_n3,resident,P-REUSE,1,coordination,bounded_native_c_call_events,15
constant_n3,resident,P-REUSE,1,coordination,observed_python_opcode_events,735
constant_n3,resident,P-REUSE,1,producer_build,bounded_native_c_call_events,318
constant_n3,resident,P-REUSE,1,producer_build,observed_python_opcode_events,7023
constant_n3,resident,P-REUSE,1,producer_export,bounded_native_c_call_events,7
constant_n3,resident,P-REUSE,1,producer_export,observed_python_opcode_events,759
constant_n3,resident,P-REUSE,1,producer_export,proof_output_bytes,1027
constant_n3,resident,P-REUSE,1,producer_init,observed_python_opcode_events,4
constant_n3,resident,P-REUSE,1,producer_input,bounded_native_c_call_events,184
constant_n3,resident,P-REUSE,1,producer_input,current_request_bytes,1007
constant_n3,resident,P-REUSE,1,producer_input,observed_python_opcode_events,33013
constant_n3,resident,P-REUSE,1,producer_storage,bounded_native_c_call_events,15
constant_n3,resident,P-REUSE,1,producer_storage,live_serialized_byte_periods,3932
constant_n3,resident,P-REUSE,1,producer_storage,observed_python_opcode_events,959
constant_n3,resident,P-REUSE,1,receiver_check,bounded_native_c_call_events,367
constant_n3,resident,P-REUSE,1,receiver_check,observed_python_opcode_events,8575
constant_n3,resident,P-REUSE,1,receiver_import,bounded_native_c_call_events,33
constant_n3,resident,P-REUSE,1,receiver_import,observed_python_opcode_events,15719
constant_n3,resident,P-REUSE,1,receiver_init,observed_python_opcode_events,4
constant_n3,resident,P-REUSE,1,receiver_input,bounded_native_c_call_events,184
constant_n3,resident,P-REUSE,1,receiver_input,current_request_bytes,1007
constant_n3,resident,P-REUSE,1,receiver_input,observed_python_opcode_events,33013
constant_n3,resident,P-REUSE,1,receiver_input,proof_input_bytes,1027
constant_n3,resident,P-REUSE,1,receiver_storage,bounded_native_c_call_events,16
constant_n3,resident,P-REUSE,1,receiver_storage,live_serialized_byte_periods,6764
constant_n3,resident,P-REUSE,1,receiver_storage,observed_python_opcode_events,751
constant_n3,resident,P-REUSE,1,request_encoding,bounded_native_c_call_events,132
constant_n3,resident,P-REUSE,1,request_encoding,observed_python_opcode_events,5754
constant_n3,resident,P-REUSE,1,terminal,bounded_native_c_call_events,62
constant_n3,resident,P-REUSE,1,terminal,candidate_publication_events,1
constant_n3,resident,P-REUSE,1,terminal,current_receipt_output_bytes,2502
constant_n3,resident,P-REUSE,1,terminal,delivery_events,1
constant_n3,resident,P-REUSE,1,terminal,observed_python_opcode_events,2942
constant_n3,resident,P-REUSE,2,coordination,bounded_native_c_call_events,10
constant_n3,resident,P-REUSE,2,coordination,observed_python_opcode_events,592
constant_n3,resident,P-REUSE,2,producer_build,bounded_native_c_call_events,697
constant_n3,resident,P-REUSE,2,producer_build,observed_python_opcode_events,14174
constant_n3,resident,P-REUSE,2,producer_export,bounded_native_c_call_events,7
constant_n3,resident,P-REUSE,2,producer_export,observed_python_opcode_events,759
constant_n3,resident,P-REUSE,2,producer_export,proof_output_bytes,1122
constant_n3,resident,P-REUSE,2,producer_input,bounded_native_c_call_events,283
constant_n3,resident,P-REUSE,2,producer_input,current_request_bytes,1102
constant_n3,resident,P-REUSE,2,producer_input,observed_python_opcode_events,37669
constant_n3,resident,P-REUSE,2,producer_storage,bounded_native_c_call_events,15
constant_n3,resident,P-REUSE,2,producer_storage,live_serialized_byte_periods,4194
constant_n3,resident,P-REUSE,2,producer_storage,observed_python_opcode_events,959
constant_n3,resident,P-REUSE,2,receiver_check,bounded_native_c_call_events,723
constant_n3,resident,P-REUSE,2,receiver_check,observed_python_opcode_events,15142
constant_n3,resident,P-REUSE,2,receiver_import,bounded_native_c_call_events,33
constant_n3,resident,P-REUSE,2,receiver_import,observed_python_opcode_events,17000
constant_n3,resident,P-REUSE,2,receiver_input,bounded_native_c_call_events,283
constant_n3,resident,P-REUSE,2,receiver_input,current_request_bytes,1102
constant_n3,resident,P-REUSE,2,receiver_input,observed_python_opcode_events,37669
constant_n3,resident,P-REUSE,2,receiver_input,proof_input_bytes,1122
constant_n3,resident,P-REUSE,2,receiver_storage,bounded_native_c_call_events,16
constant_n3,resident,P-REUSE,2,receiver_storage,live_serialized_byte_periods,7157
constant_n3,resident,P-REUSE,2,receiver_storage,observed_python_opcode_events,751
constant_n3,resident,P-REUSE,2,request_encoding,bounded_native_c_call_events,208
constant_n3,resident,P-REUSE,2,request_encoding,observed_python_opcode_events,7658
constant_n3,resident,P-REUSE,2,terminal,bounded_native_c_call_events,136
constant_n3,resident,P-REUSE,2,terminal,candidate_publication_events,1
constant_n3,resident,P-REUSE,2,terminal,current_receipt_output_bytes,2597
constant_n3,resident,P-REUSE,2,terminal,delivery_events,1
constant_n3,resident,P-REUSE,2,terminal,observed_python_opcode_events,4727
constant_n3,resident,P-REUSE,3,coordination,bounded_native_c_call_events,10
constant_n3,resident,P-REUSE,3,coordination,observed_python_opcode_events,592
constant_n3,resident,P-REUSE,3,producer_build,bounded_native_c_call_events,654
constant_n3,resident,P-REUSE,3,producer_build,observed_python_opcode_events,13168
constant_n3,resident,P-REUSE,3,producer_export,bounded_native_c_call_events,7
constant_n3,resident,P-REUSE,3,producer_export,observed_python_opcode_events,759
constant_n3,resident,P-REUSE,3,producer_export,proof_output_bytes,1112
constant_n3,resident,P-REUSE,3,producer_input,bounded_native_c_call_events,271
constant_n3,resident,P-REUSE,3,producer_input,current_request_bytes,1092
constant_n3,resident,P-REUSE,3,producer_input,observed_python_opcode_events,37061
constant_n3,resident,P-REUSE,3,producer_storage,bounded_native_c_call_events,15
constant_n3,resident,P-REUSE,3,producer_storage,live_serialized_byte_periods,4166
constant_n3,resident,P-REUSE,3,producer_storage,observed_python_opcode_events,959
constant_n3,resident,P-REUSE,3,receiver_check,bounded_native_c_call_events,688
constant_n3,resident,P-REUSE,3,receiver_check,observed_python_opcode_events,14298
constant_n3,resident,P-REUSE,3,receiver_import,bounded_native_c_call_events,33
constant_n3,resident,P-REUSE,3,receiver_import,observed_python_opcode_events,16866
constant_n3,resident,P-REUSE,3,receiver_input,bounded_native_c_call_events,271
constant_n3,resident,P-REUSE,3,receiver_input,current_request_bytes,1092
constant_n3,resident,P-REUSE,3,receiver_input,observed_python_opcode_events,37061
constant_n3,resident,P-REUSE,3,receiver_input,proof_input_bytes,1112
constant_n3,resident,P-REUSE,3,receiver_storage,bounded_native_c_call_events,16
constant_n3,resident,P-REUSE,3,receiver_storage,live_serialized_byte_periods,7115
constant_n3,resident,P-REUSE,3,receiver_storage,observed_python_opcode_events,751
constant_n3,resident,P-REUSE,3,request_encoding,bounded_native_c_call_events,193
constant_n3,resident,P-REUSE,3,request_encoding,observed_python_opcode_events,7314
constant_n3,resident,P-REUSE,3,terminal,bounded_native_c_call_events,120
constant_n3,resident,P-REUSE,3,terminal,candidate_publication_events,1
constant_n3,resident,P-REUSE,3,terminal,current_receipt_output_bytes,2587
constant_n3,resident,P-REUSE,3,terminal,delivery_events,1
constant_n3,resident,P-REUSE,3,terminal,observed_python_opcode_events,4367
constant_n3,resident,P-REUSE,4,coordination,bounded_native_c_call_events,10
constant_n3,resident,P-REUSE,4,coordination,observed_python_opcode_events,592
constant_n3,resident,P-REUSE,4,producer_build,bounded_native_c_call_events,734
constant_n3,resident,P-REUSE,4,producer_build,observed_python_opcode_events,14996
constant_n3,resident,P-REUSE,4,producer_export,bounded_native_c_call_events,7
constant_n3,resident,P-REUSE,4,producer_export,observed_python_opcode_events,759
constant_n3,resident,P-REUSE,4,producer_export,proof_output_bytes,1138
constant_n3,resident,P-REUSE,4,producer_input,bounded_native_c_call_events,293
constant_n3,resident,P-REUSE,4,producer_input,current_request_bytes,1118
constant_n3,resident,P-REUSE,4,producer_input,observed_python_opcode_events,38450
constant_n3,resident,P-REUSE,4,producer_storage,bounded_native_c_call_events,15
constant_n3,resident,P-REUSE,4,producer_storage,live_serialized_byte_periods,4234
constant_n3,resident,P-REUSE,4,producer_storage,observed_python_opcode_events,959
constant_n3,resident,P-REUSE,4,receiver_check,bounded_native_c_call_events,752
constant_n3,resident,P-REUSE,4,receiver_check,observed_python_opcode_events,15794
constant_n3,resident,P-REUSE,4,receiver_import,bounded_native_c_call_events,33
constant_n3,resident,P-REUSE,4,receiver_import,observed_python_opcode_events,17224
constant_n3,resident,P-REUSE,4,receiver_input,bounded_native_c_call_events,293
constant_n3,resident,P-REUSE,4,receiver_input,current_request_bytes,1118
constant_n3,resident,P-REUSE,4,receiver_input,observed_python_opcode_events,38450
constant_n3,resident,P-REUSE,4,receiver_input,proof_input_bytes,1138
constant_n3,resident,P-REUSE,4,receiver_storage,bounded_native_c_call_events,16
constant_n3,resident,P-REUSE,4,receiver_storage,live_serialized_byte_periods,7217
constant_n3,resident,P-REUSE,4,receiver_storage,observed_python_opcode_events,751
constant_n3,resident,P-REUSE,4,request_encoding,bounded_native_c_call_events,223
constant_n3,resident,P-REUSE,4,request_encoding,observed_python_opcode_events,8010
constant_n3,resident,P-REUSE,4,terminal,bounded_native_c_call_events,152
constant_n3,resident,P-REUSE,4,terminal,candidate_publication_events,1
constant_n3,resident,P-REUSE,4,terminal,current_receipt_output_bytes,2613
constant_n3,resident,P-REUSE,4,terminal,delivery_events,1
constant_n3,resident,P-REUSE,4,terminal,observed_python_opcode_events,5107
constant_n3,resident,P-REUSE,5,coordination,bounded_native_c_call_events,10
constant_n3,resident,P-REUSE,5,coordination,observed_python_opcode_events,592
constant_n3,resident,P-REUSE,5,producer_build,bounded_native_c_call_events,878
constant_n3,resident,P-REUSE,5,producer_build,observed_python_opcode_events,17684
constant_n3,resident,P-REUSE,5,producer_export,bounded_native_c_call_events,7
constant_n3,resident,P-REUSE,5,producer_export,observed_python_opcode_events,759
constant_n3,resident,P-REUSE,5,producer_export,proof_output_bytes,1133
constant_n3,resident,P-REUSE,5,producer_input,bounded_native_c_call_events,300
constant_n3,resident,P-REUSE,5,producer_input,current_request_bytes,1113
constant_n3,resident,P-REUSE,5,producer_input,observed_python_opcode_events,38498
constant_n3,resident,P-REUSE,5,producer_storage,bounded_native_c_call_events,15
constant_n3,resident,P-REUSE,5,producer_storage,live_serialized_byte_periods,4224
constant_n3,resident,P-REUSE,5,producer_storage,observed_python_opcode_events,959
constant_n3,resident,P-REUSE,5,receiver_check,bounded_native_c_call_events,904
constant_n3,resident,P-REUSE,5,receiver_check,observed_python_opcode_events,18662
constant_n3,resident,P-REUSE,5,receiver_import,bounded_native_c_call_events,33
constant_n3,resident,P-REUSE,5,receiver_import,observed_python_opcode_events,17149
constant_n3,resident,P-REUSE,5,receiver_input,bounded_native_c_call_events,300
constant_n3,resident,P-REUSE,5,receiver_input,current_request_bytes,1113
constant_n3,resident,P-REUSE,5,receiver_input,observed_python_opcode_events,38498
constant_n3,resident,P-REUSE,5,receiver_input,proof_input_bytes,1133
constant_n3,resident,P-REUSE,5,receiver_storage,bounded_native_c_call_events,16
constant_n3,resident,P-REUSE,5,receiver_storage,live_serialized_byte_periods,7202
constant_n3,resident,P-REUSE,5,receiver_storage,observed_python_opcode_events,751
constant_n3,resident,P-REUSE,5,request_encoding,bounded_native_c_call_events,229
constant_n3,resident,P-REUSE,5,request_encoding,observed_python_opcode_events,8150
constant_n3,resident,P-REUSE,5,terminal,bounded_native_c_call_events,150
constant_n3,resident,P-REUSE,5,terminal,candidate_publication_events,1
constant_n3,resident,P-REUSE,5,terminal,current_receipt_output_bytes,2608
constant_n3,resident,P-REUSE,5,terminal,delivery_events,1
constant_n3,resident,P-REUSE,5,terminal,observed_python_opcode_events,5083
constant_n3,resident,P-REUSE,6,coordination,bounded_native_c_call_events,10
constant_n3,resident,P-REUSE,6,coordination,observed_python_opcode_events,592
constant_n3,resident,P-REUSE,6,producer_build,bounded_native_c_call_events,875
constant_n3,resident,P-REUSE,6,producer_build,observed_python_opcode_events,17794
constant_n3,resident,P-REUSE,6,producer_export,bounded_native_c_call_events,7
constant_n3,resident,P-REUSE,6,producer_export,observed_python_opcode_events,759
constant_n3,resident,P-REUSE,6,producer_export,proof_output_bytes,1147
constant_n3,resident,P-REUSE,6,producer_input,bounded_native_c_call_events,312
constant_n3,resident,P-REUSE,6,producer_input,current_request_bytes,1127
constant_n3,resident,P-REUSE,6,producer_input,observed_python_opcode_events,39238
constant_n3,resident,P-REUSE,6,producer_storage,bounded_native_c_call_events,15
constant_n3,resident,P-REUSE,6,producer_storage,live_serialized_byte_periods,4260
constant_n3,resident,P-REUSE,6,producer_storage,observed_python_opcode_events,959
constant_n3,resident,P-REUSE,6,receiver_check,bounded_native_c_call_events,895
constant_n3,resident,P-REUSE,6,receiver_check,observed_python_opcode_events,18714
constant_n3,resident,P-REUSE,6,receiver_import,bounded_native_c_call_events,33
constant_n3,resident,P-REUSE,6,receiver_import,observed_python_opcode_events,17343
constant_n3,resident,P-REUSE,6,receiver_input,bounded_native_c_call_events,312
constant_n3,resident,P-REUSE,6,receiver_input,current_request_bytes,1127
constant_n3,resident,P-REUSE,6,receiver_input,observed_python_opcode_events,39238
constant_n3,resident,P-REUSE,6,receiver_input,proof_input_bytes,1147
constant_n3,resident,P-REUSE,6,receiver_storage,bounded_native_c_call_events,16
constant_n3,resident,P-REUSE,6,receiver_storage,live_serialized_byte_periods,7256
constant_n3,resident,P-REUSE,6,receiver_storage,observed_python_opcode_events,751
constant_n3,resident,P-REUSE,6,request_encoding,bounded_native_c_call_events,244
constant_n3,resident,P-REUSE,6,request_encoding,observed_python_opcode_events,8500
constant_n3,resident,P-REUSE,6,terminal,bounded_native_c_call_events,160
constant_n3,resident,P-REUSE,6,terminal,candidate_publication_events,1
constant_n3,resident,P-REUSE,6,terminal,current_receipt_output_bytes,2622
constant_n3,resident,P-REUSE,6,terminal,delivery_events,1
constant_n3,resident,P-REUSE,6,terminal,observed_python_opcode_events,5251
parity_reassociation_n6,fresh,O-ADD-COLD,1,common_source,bounded_native_c_call_events,371
parity_reassociation_n6,fresh,O-ADD-COLD,1,common_source,observed_python_opcode_events,32551
parity_reassociation_n6,fresh,O-ADD-COLD,1,common_source,source_hash_bytes_prepaid,197956
parity_reassociation_n6,fresh,O-ADD-COLD,1,common_source,source_length_probe_bytes_prepaid,8
parity_reassociation_n6,fresh,O-ADD-COLD,1,common_source,source_program_bytes_prepaid,197956
parity_reassociation_n6,fresh,O-ADD-COLD,1,common_source,source_record_bytes,1199
parity_reassociation_n6,fresh,O-ADD-COLD,1,coordination,bounded_native_c_call_events,10
parity_reassociation_n6,fresh,O-ADD-COLD,1,coordination,observed_python_opcode_events,623
parity_reassociation_n6,fresh,O-ADD-COLD,1,producer_build,bounded_native_c_call_events,7497
parity_reassociation_n6,fresh,O-ADD-COLD,1,producer_build,observed_python_opcode_events,265744
parity_reassociation_n6,fresh,O-ADD-COLD,1,producer_export,bounded_native_c_call_events,8
parity_reassociation_n6,fresh,O-ADD-COLD,1,producer_export,observed_python_opcode_events,260
parity_reassociation_n6,fresh,O-ADD-COLD,1,producer_export,proof_output_bytes,8520
parity_reassociation_n6,fresh,O-ADD-COLD,1,producer_init,bounded_native_c_call_events,19
parity_reassociation_n6,fresh,O-ADD-COLD,1,producer_init,observed_python_opcode_events,853
parity_reassociation_n6,fresh,O-ADD-COLD,1,producer_input,bounded_native_c_call_events,716
parity_reassociation_n6,fresh,O-ADD-COLD,1,producer_input,current_request_bytes,1480
parity_reassociation_n6,fresh,O-ADD-COLD,1,producer_input,observed_python_opcode_events,60567
parity_reassociation_n6,fresh,O-ADD-COLD,1,producer_storage,bounded_native_c_call_events,575
parity_reassociation_n6,fresh,O-ADD-COLD,1,producer_storage,live_serialized_byte_periods,28563
parity_reassociation_n6,fresh,O-ADD-COLD,1,producer_storage,observed_python_opcode_events,116609
parity_reassociation_n6,fresh,O-ADD-COLD,1,receiver_check,bounded_native_c_call_events,8242
parity_reassociation_n6,fresh,O-ADD-COLD,1,receiver_check,observed_python_opcode_events,487171
parity_reassociation_n6,fresh,O-ADD-COLD,1,receiver_init,bounded_native_c_call_events,130
parity_reassociation_n6,fresh,O-ADD-COLD,1,receiver_init,observed_python_opcode_events,27985
parity_reassociation_n6,fresh,O-ADD-COLD,1,receiver_input,bounded_native_c_call_events,716
parity_reassociation_n6,fresh,O-ADD-COLD,1,receiver_input,current_request_bytes,1480
parity_reassociation_n6,fresh,O-ADD-COLD,1,receiver_input,observed_python_opcode_events,60567
parity_reassociation_n6,fresh,O-ADD-COLD,1,receiver_input,proof_input_bytes,8520
parity_reassociation_n6,fresh,O-ADD-COLD,1,receiver_storage,bounded_native_c_call_events,22
parity_reassociation_n6,fresh,O-ADD-COLD,1,receiver_storage,live_serialized_byte_periods,28282
parity_reassociation_n6,fresh,O-ADD-COLD,1,receiver_storage,observed_python_opcode_events,54313
parity_reassociation_n6,fresh,O-ADD-COLD,1,request_encoding,bounded_native_c_call_events,739
parity_reassociation_n6,fresh,O-ADD-COLD,1,request_encoding,observed_python_opcode_events,20060
parity_reassociation_n6,fresh,O-ADD-COLD,1,terminal,bounded_native_c_call_events,338
parity_reassociation_n6,fresh,O-ADD-COLD,1,terminal,candidate_publication_events,1
parity_reassociation_n6,fresh,O-ADD-COLD,1,terminal,current_receipt_output_bytes,2975
parity_reassociation_n6,fresh,O-ADD-COLD,1,terminal,delivery_events,1
parity_reassociation_n6,fresh,O-ADD-COLD,1,terminal,observed_python_opcode_events,9239
parity_reassociation_n6,fresh,O-ADD-COLD,2,coordination,bounded_native_c_call_events,10
parity_reassociation_n6,fresh,O-ADD-COLD,2,coordination,observed_python_opcode_events,602
parity_reassociation_n6,fresh,O-ADD-COLD,2,producer_build,bounded_native_c_call_events,7618
parity_reassociation_n6,fresh,O-ADD-COLD,2,producer_build,observed_python_opcode_events,269095
parity_reassociation_n6,fresh,O-ADD-COLD,2,producer_export,bounded_native_c_call_events,8
parity_reassociation_n6,fresh,O-ADD-COLD,2,producer_export,observed_python_opcode_events,260
parity_reassociation_n6,fresh,O-ADD-COLD,2,producer_export,proof_output_bytes,8569
parity_reassociation_n6,fresh,O-ADD-COLD,2,producer_init,bounded_native_c_call_events,19
parity_reassociation_n6,fresh,O-ADD-COLD,2,producer_init,observed_python_opcode_events,853
parity_reassociation_n6,fresh,O-ADD-COLD,2,producer_input,bounded_native_c_call_events,745
parity_reassociation_n6,fresh,O-ADD-COLD,2,producer_input,current_request_bytes,1501
parity_reassociation_n6,fresh,O-ADD-COLD,2,producer_input,observed_python_opcode_events,61950
parity_reassociation_n6,fresh,O-ADD-COLD,2,producer_storage,bounded_native_c_call_events,581
parity_reassociation_n6,fresh,O-ADD-COLD,2,producer_storage,live_serialized_byte_periods,28715
parity_reassociation_n6,fresh,O-ADD-COLD,2,producer_storage,observed_python_opcode_events,117297
parity_reassociation_n6,fresh,O-ADD-COLD,2,receiver_check,bounded_native_c_call_events,8343
parity_reassociation_n6,fresh,O-ADD-COLD,2,receiver_check,observed_python_opcode_events,491255
parity_reassociation_n6,fresh,O-ADD-COLD,2,receiver_init,bounded_native_c_call_events,130
parity_reassociation_n6,fresh,O-ADD-COLD,2,receiver_init,observed_python_opcode_events,27985
parity_reassociation_n6,fresh,O-ADD-COLD,2,receiver_input,bounded_native_c_call_events,745
parity_reassociation_n6,fresh,O-ADD-COLD,2,receiver_input,current_request_bytes,1501
parity_reassociation_n6,fresh,O-ADD-COLD,2,receiver_input,observed_python_opcode_events,61950
parity_reassociation_n6,fresh,O-ADD-COLD,2,receiver_input,proof_input_bytes,8569
parity_reassociation_n6,fresh,O-ADD-COLD,2,receiver_storage,bounded_native_c_call_events,22
parity_reassociation_n6,fresh,O-ADD-COLD,2,receiver_storage,live_serialized_byte_periods,28464
parity_reassociation_n6,fresh,O-ADD-COLD,2,receiver_storage,observed_python_opcode_events,54428
parity_reassociation_n6,fresh,O-ADD-COLD,2,request_encoding,bounded_native_c_call_events,775
parity_reassociation_n6,fresh,O-ADD-COLD,2,request_encoding,observed_python_opcode_events,20870
parity_reassociation_n6,fresh,O-ADD-COLD,2,terminal,bounded_native_c_call_events,370
parity_reassociation_n6,fresh,O-ADD-COLD,2,terminal,candidate_publication_events,1
parity_reassociation_n6,fresh,O-ADD-COLD,2,terminal,current_receipt_output_bytes,2996
parity_reassociation_n6,fresh,O-ADD-COLD,2,terminal,delivery_events,1
parity_reassociation_n6,fresh,O-ADD-COLD,2,terminal,observed_python_opcode_events,9983
parity_reassociation_n6,fresh,O-ADD-COLD,3,coordination,bounded_native_c_call_events,10
parity_reassociation_n6,fresh,O-ADD-COLD,3,coordination,observed_python_opcode_events,602
parity_reassociation_n6,fresh,O-ADD-COLD,3,producer_build,bounded_native_c_call_events,7815
parity_reassociation_n6,fresh,O-ADD-COLD,3,producer_build,observed_python_opcode_events,273272
parity_reassociation_n6,fresh,O-ADD-COLD,3,producer_export,bounded_native_c_call_events,8
parity_reassociation_n6,fresh,O-ADD-COLD,3,producer_export,observed_python_opcode_events,260
parity_reassociation_n6,fresh,O-ADD-COLD,3,producer_export,proof_output_bytes,8670
parity_reassociation_n6,fresh,O-ADD-COLD,3,producer_init,bounded_native_c_call_events,19
parity_reassociation_n6,fresh,O-ADD-COLD,3,producer_init,observed_python_opcode_events,853
parity_reassociation_n6,fresh,O-ADD-COLD,3,producer_input,bounded_native_c_call_events,745
parity_reassociation_n6,fresh,O-ADD-COLD,3,producer_input,current_request_bytes,1505
parity_reassociation_n6,fresh,O-ADD-COLD,3,producer_input,observed_python_opcode_events,62070
parity_reassociation_n6,fresh,O-ADD-COLD,3,producer_storage,bounded_native_c_call_events,601
parity_reassociation_n6,fresh,O-ADD-COLD,3,producer_storage,live_serialized_byte_periods,29048
parity_reassociation_n6,fresh,O-ADD-COLD,3,producer_storage,observed_python_opcode_events,119821
parity_reassociation_n6,fresh,O-ADD-COLD,3,receiver_check,bounded_native_c_call_events,8516
parity_reassociation_n6,fresh,O-ADD-COLD,3,receiver_check,observed_python_opcode_events,498369
parity_reassociation_n6,fresh,O-ADD-COLD,3,receiver_init,bounded_native_c_call_events,130
parity_reassociation_n6,fresh,O-ADD-COLD,3,receiver_init,observed_python_opcode_events,27985
parity_reassociation_n6,fresh,O-ADD-COLD,3,receiver_input,bounded_native_c_call_events,745
parity_reassociation_n6,fresh,O-ADD-COLD,3,receiver_input,current_request_bytes,1505
parity_reassociation_n6,fresh,O-ADD-COLD,3,receiver_input,observed_python_opcode_events,62070
parity_reassociation_n6,fresh,O-ADD-COLD,3,receiver_input,proof_input_bytes,8670
parity_reassociation_n6,fresh,O-ADD-COLD,3,receiver_storage,bounded_native_c_call_events,22
parity_reassociation_n6,fresh,O-ADD-COLD,3,receiver_storage,live_serialized_byte_periods,28734
parity_reassociation_n6,fresh,O-ADD-COLD,3,receiver_storage,observed_python_opcode_events,56034
parity_reassociation_n6,fresh,O-ADD-COLD,3,request_encoding,bounded_native_c_call_events,775
parity_reassociation_n6,fresh,O-ADD-COLD,3,request_encoding,observed_python_opcode_events,20870
parity_reassociation_n6,fresh,O-ADD-COLD,3,terminal,bounded_native_c_call_events,370
parity_reassociation_n6,fresh,O-ADD-COLD,3,terminal,candidate_publication_events,1
parity_reassociation_n6,fresh,O-ADD-COLD,3,terminal,current_receipt_output_bytes,3000
parity_reassociation_n6,fresh,O-ADD-COLD,3,terminal,delivery_events,1
parity_reassociation_n6,fresh,O-ADD-COLD,3,terminal,observed_python_opcode_events,9983
parity_reassociation_n6,fresh,O-ADD-COLD,4,coordination,bounded_native_c_call_events,10
parity_reassociation_n6,fresh,O-ADD-COLD,4,coordination,observed_python_opcode_events,602
parity_reassociation_n6,fresh,O-ADD-COLD,4,producer_build,bounded_native_c_call_events,7685
parity_reassociation_n6,fresh,O-ADD-COLD,4,producer_build,observed_python_opcode_events,269619
parity_reassociation_n6,fresh,O-ADD-COLD,4,producer_export,bounded_native_c_call_events,8
parity_reassociation_n6,fresh,O-ADD-COLD,4,producer_export,observed_python_opcode_events,260
parity_reassociation_n6,fresh,O-ADD-COLD,4,producer_export,proof_output_bytes,8581
parity_reassociation_n6,fresh,O-ADD-COLD,4,producer_init,bounded_native_c_call_events,19
parity_reassociation_n6,fresh,O-ADD-COLD,4,producer_init,observed_python_opcode_events,853
parity_reassociation_n6,fresh,O-ADD-COLD,4,producer_input,bounded_native_c_call_events,760
parity_reassociation_n6,fresh,O-ADD-COLD,4,producer_input,current_request_bytes,1514
parity_reassociation_n6,fresh,O-ADD-COLD,4,producer_input,observed_python_opcode_events,62832
parity_reassociation_n6,fresh,O-ADD-COLD,4,producer_storage,bounded_native_c_call_events,595
parity_reassociation_n6,fresh,O-ADD-COLD,4,producer_storage,live_serialized_byte_periods,28752
parity_reassociation_n6,fresh,O-ADD-COLD,4,producer_storage,observed_python_opcode_events,117624
parity_reassociation_n6,fresh,O-ADD-COLD,4,receiver_check,bounded_native_c_call_events,8377
parity_reassociation_n6,fresh,O-ADD-COLD,4,receiver_check,observed_python_opcode_events,491624
parity_reassociation_n6,fresh,O-ADD-COLD,4,receiver_init,bounded_native_c_call_events,130
parity_reassociation_n6,fresh,O-ADD-COLD,4,receiver_init,observed_python_opcode_events,27985
parity_reassociation_n6,fresh,O-ADD-COLD,4,receiver_input,bounded_native_c_call_events,760
parity_reassociation_n6,fresh,O-ADD-COLD,4,receiver_input,current_request_bytes,1514
parity_reassociation_n6,fresh,O-ADD-COLD,4,receiver_input,observed_python_opcode_events,62832
parity_reassociation_n6,fresh,O-ADD-COLD,4,receiver_input,proof_input_bytes,8581
parity_reassociation_n6,fresh,O-ADD-COLD,4,receiver_storage,bounded_native_c_call_events,22
parity_reassociation_n6,fresh,O-ADD-COLD,4,receiver_storage,live_serialized_byte_periods,28550
parity_reassociation_n6,fresh,O-ADD-COLD,4,receiver_storage,observed_python_opcode_events,54927
parity_reassociation_n6,fresh,O-ADD-COLD,4,request_encoding,bounded_native_c_call_events,796
parity_reassociation_n6,fresh,O-ADD-COLD,4,request_encoding,observed_python_opcode_events,21370
parity_reassociation_n6,fresh,O-ADD-COLD,4,terminal,bounded_native_c_call_events,384
parity_reassociation_n6,fresh,O-ADD-COLD,4,terminal,candidate_publication_events,1
parity_reassociation_n6,fresh,O-ADD-COLD,4,terminal,current_receipt_output_bytes,3011
parity_reassociation_n6,fresh,O-ADD-COLD,4,terminal,delivery_events,1
parity_reassociation_n6,fresh,O-ADD-COLD,4,terminal,observed_python_opcode_events,10347
parity_reassociation_n6,fresh,O-ADD-COLD,5,coordination,bounded_native_c_call_events,10
parity_reassociation_n6,fresh,O-ADD-COLD,5,coordination,observed_python_opcode_events,602
parity_reassociation_n6,fresh,O-ADD-COLD,5,producer_build,bounded_native_c_call_events,8003
parity_reassociation_n6,fresh,O-ADD-COLD,5,producer_build,observed_python_opcode_events,279786
parity_reassociation_n6,fresh,O-ADD-COLD,5,producer_export,bounded_native_c_call_events,8
parity_reassociation_n6,fresh,O-ADD-COLD,5,producer_export,observed_python_opcode_events,260
parity_reassociation_n6,fresh,O-ADD-COLD,5,producer_export,proof_output_bytes,8786
parity_reassociation_n6,fresh,O-ADD-COLD,5,producer_init,bounded_native_c_call_events,19
parity_reassociation_n6,fresh,O-ADD-COLD,5,producer_init,observed_python_opcode_events,853
parity_reassociation_n6,fresh,O-ADD-COLD,5,producer_input,bounded_native_c_call_events,774
parity_reassociation_n6,fresh,O-ADD-COLD,5,producer_input,current_request_bytes,1526
parity_reassociation_n6,fresh,O-ADD-COLD,5,producer_input,observed_python_opcode_events,63519
parity_reassociation_n6,fresh,O-ADD-COLD,5,producer_storage,bounded_native_c_call_events,607
parity_reassociation_n6,fresh,O-ADD-COLD,5,producer_storage,live_serialized_byte_periods,29435
parity_reassociation_n6,fresh,O-ADD-COLD,5,producer_storage,observed_python_opcode_events,122905
parity_reassociation_n6,fresh,O-ADD-COLD,5,receiver_check,bounded_native_c_call_events,8761
parity_reassociation_n6,fresh,O-ADD-COLD,5,receiver_check,observed_python_opcode_events,509420
parity_reassociation_n6,fresh,O-ADD-COLD,5,receiver_init,bounded_native_c_call_events,130
parity_reassociation_n6,fresh,O-ADD-COLD,5,receiver_init,observed_python_opcode_events,27985
parity_reassociation_n6,fresh,O-ADD-COLD,5,receiver_input,bounded_native_c_call_events,774
parity_reassociation_n6,fresh,O-ADD-COLD,5,receiver_input,current_request_bytes,1526
parity_reassociation_n6,fresh,O-ADD-COLD,5,receiver_input,observed_python_opcode_events,63519
parity_reassociation_n6,fresh,O-ADD-COLD,5,receiver_input,proof_input_bytes,8786
parity_reassociation_n6,fresh,O-ADD-COLD,5,receiver_storage,bounded_native_c_call_events,22
parity_reassociation_n6,fresh,O-ADD-COLD,5,receiver_storage,live_serialized_byte_periods,29105
parity_reassociation_n6,fresh,O-ADD-COLD,5,receiver_storage,observed_python_opcode_events,57785
parity_reassociation_n6,fresh,O-ADD-COLD,5,request_encoding,bounded_native_c_call_events,811
parity_reassociation_n6,fresh,O-ADD-COLD,5,request_encoding,observed_python_opcode_events,21712
parity_reassociation_n6,fresh,O-ADD-COLD,5,terminal,bounded_native_c_call_events,394
parity_reassociation_n6,fresh,O-ADD-COLD,5,terminal,candidate_publication_events,1
parity_reassociation_n6,fresh,O-ADD-COLD,5,terminal,current_receipt_output_bytes,3021
parity_reassociation_n6,fresh,O-ADD-COLD,5,terminal,delivery_events,1
parity_reassociation_n6,fresh,O-ADD-COLD,5,terminal,observed_python_opcode_events,10507
parity_reassociation_n6,fresh,O-ADD-COLD,6,coordination,bounded_native_c_call_events,10
parity_reassociation_n6,fresh,O-ADD-COLD,6,coordination,observed_python_opcode_events,602
parity_reassociation_n6,fresh,O-ADD-COLD,6,producer_build,bounded_native_c_call_events,8375
parity_reassociation_n6,fresh,O-ADD-COLD,6,producer_build,observed_python_opcode_events,286666
parity_reassociation_n6,fresh,O-ADD-COLD,6,producer_export,bounded_native_c_call_events,8
parity_reassociation_n6,fresh,O-ADD-COLD,6,producer_export,observed_python_opcode_events,260
parity_reassociation_n6,fresh,O-ADD-COLD,6,producer_export,proof_output_bytes,8928
parity_reassociation_n6,fresh,O-ADD-COLD,6,producer_init,bounded_native_c_call_events,19
parity_reassociation_n6,fresh,O-ADD-COLD,6,producer_init,observed_python_opcode_events,853
parity_reassociation_n6,fresh,O-ADD-COLD,6,producer_input,bounded_native_c_call_events,827
parity_reassociation_n6,fresh,O-ADD-COLD,6,producer_input,current_request_bytes,1590
parity_reassociation_n6,fresh,O-ADD-COLD,6,producer_input,observed_python_opcode_events,65983
parity_reassociation_n6,fresh,O-ADD-COLD,6,producer_storage,bounded_native_c_call_events,627
parity_reassociation_n6,fresh,O-ADD-COLD,6,producer_storage,live_serialized_byte_periods,29864
parity_reassociation_n6,fresh,O-ADD-COLD,6,producer_storage,observed_python_opcode_events,124879
parity_reassociation_n6,fresh,O-ADD-COLD,6,receiver_check,bounded_native_c_call_events,8982
parity_reassociation_n6,fresh,O-ADD-COLD,6,receiver_check,observed_python_opcode_events,517380
parity_reassociation_n6,fresh,O-ADD-COLD,6,receiver_init,bounded_native_c_call_events,130
parity_reassociation_n6,fresh,O-ADD-COLD,6,receiver_init,observed_python_opcode_events,27985
parity_reassociation_n6,fresh,O-ADD-COLD,6,receiver_input,bounded_native_c_call_events,827
parity_reassociation_n6,fresh,O-ADD-COLD,6,receiver_input,current_request_bytes,1590
parity_reassociation_n6,fresh,O-ADD-COLD,6,receiver_input,observed_python_opcode_events,65983
parity_reassociation_n6,fresh,O-ADD-COLD,6,receiver_input,proof_input_bytes,8928
parity_reassociation_n6,fresh,O-ADD-COLD,6,receiver_storage,bounded_native_c_call_events,22
parity_reassociation_n6,fresh,O-ADD-COLD,6,receiver_storage,live_serialized_byte_periods,29644
parity_reassociation_n6,fresh,O-ADD-COLD,6,receiver_storage,observed_python_opcode_events,58921
parity_reassociation_n6,fresh,O-ADD-COLD,6,request_encoding,bounded_native_c_call_events,830
parity_reassociation_n6,fresh,O-ADD-COLD,6,request_encoding,observed_python_opcode_events,22308
parity_reassociation_n6,fresh,O-ADD-COLD,6,terminal,bounded_native_c_call_events,428
parity_reassociation_n6,fresh,O-ADD-COLD,6,terminal,candidate_publication_events,1
parity_reassociation_n6,fresh,O-ADD-COLD,6,terminal,current_receipt_output_bytes,3085
parity_reassociation_n6,fresh,O-ADD-COLD,6,terminal,delivery_events,1
parity_reassociation_n6,fresh,O-ADD-COLD,6,terminal,observed_python_opcode_events,11384
parity_reassociation_n6,fresh,O-ADD-PORTFOLIO,1,common_source,bounded_native_c_call_events,371
parity_reassociation_n6,fresh,O-ADD-PORTFOLIO,1,common_source,observed_python_opcode_events,32551
parity_reassociation_n6,fresh,O-ADD-PORTFOLIO,1,common_source,source_hash_bytes_prepaid,197956
parity_reassociation_n6,fresh,O-ADD-PORTFOLIO,1,common_source,source_length_probe_bytes_prepaid,8
parity_reassociation_n6,fresh,O-ADD-PORTFOLIO,1,common_source,source_program_bytes_prepaid,197956
parity_reassociation_n6,fresh,O-ADD-PORTFOLIO,1,common_source,source_record_bytes,1199
parity_reassociation_n6,fresh,O-ADD-PORTFOLIO,1,coordination,bounded_native_c_call_events,17
parity_reassociation_n6,fresh,O-ADD-PORTFOLIO,1,coordination,observed_python_opcode_events,1250
parity_reassociation_n6,fresh,O-ADD-PORTFOLIO,1,producer_build,bounded_native_c_call_events,1962
parity_reassociation_n6,fresh,O-ADD-PORTFOLIO,1,producer_build,observed_python_opcode_events,49968
parity_reassociation_n6,fresh,O-ADD-PORTFOLIO,1,producer_export,bounded_native_c_call_events,9
parity_reassociation_n6,fresh,O-ADD-PORTFOLIO,1,producer_export,observed_python_opcode_events,1902
parity_reassociation_n6,fresh,O-ADD-PORTFOLIO,1,producer_export,proof_output_bytes,2942
parity_reassociation_n6,fresh,O-ADD-PORTFOLIO,1,producer_init,bounded_native_c_call_events,149
parity_reassociation_n6,fresh,O-ADD-PORTFOLIO,1,producer_init,observed_python_opcode_events,28842
parity_reassociation_n6,fresh,O-ADD-PORTFOLIO,1,producer_input,bounded_native_c_call_events,716
parity_reassociation_n6,fresh,O-ADD-PORTFOLIO,1,producer_input,current_request_bytes,1480
parity_reassociation_n6,fresh,O-ADD-PORTFOLIO,1,producer_input,observed_python_opcode_events,60567
parity_reassociation_n6,fresh,O-ADD-PORTFOLIO,1,producer_old_admission,bounded_native_c_call_events,8507
parity_reassociation_n6,fresh,O-ADD-PORTFOLIO,1,producer_old_admission,observed_python_opcode_events,490819
parity_reassociation_n6,fresh,O-ADD-PORTFOLIO,1,producer_old_build,bounded_native_c_call_events,7214
parity_reassociation_n6,fresh,O-ADD-PORTFOLIO,1,producer_old_build,observed_python_opcode_events,258781
parity_reassociation_n6,fresh,O-ADD-PORTFOLIO,1,producer_old_export,bounded_native_c_call_events,8
parity_reassociation_n6,fresh,O-ADD-PORTFOLIO,1,producer_old_export,observed_python_opcode_events,260
parity_reassociation_n6,fresh,O-ADD-PORTFOLIO,1,producer_old_export,old_proof_output_bytes,8391
parity_reassociation_n6,fresh,O-ADD-PORTFOLIO,1,producer_old_input,bounded_native_c_call_events,1345
parity_reassociation_n6,fresh,O-ADD-PORTFOLIO,1,producer_old_input,observed_python_opcode_events,77263
parity_reassociation_n6,fresh,O-ADD-PORTFOLIO,1,producer_old_input,old_request_bytes,1429
parity_reassociation_n6,fresh,O-ADD-PORTFOLIO,1,producer_storage,bounded_native_c_call_events,1160
parity_reassociation_n6,fresh,O-ADD-PORTFOLIO,1,producer_storage,live_serialized_byte_periods,70539
parity_reassociation_n6,fresh,O-ADD-PORTFOLIO,1,producer_storage,observed_python_opcode_events,182338
parity_reassociation_n6,fresh,O-ADD-PORTFOLIO,1,receiver_check,bounded_native_c_call_events,2078
parity_reassociation_n6,fresh,O-ADD-PORTFOLIO,1,receiver_check,observed_python_opcode_events,53701
parity_reassociation_n6,fresh,O-ADD-PORTFOLIO,1,receiver_import,bounded_native_c_call_events,81
parity_reassociation_n6,fresh,O-ADD-PORTFOLIO,1,receiver_import,observed_python_opcode_events,44180
parity_reassociation_n6,fresh,O-ADD-PORTFOLIO,1,receiver_init,bounded_native_c_call_events,130
parity_reassociation_n6,fresh,O-ADD-PORTFOLIO,1,receiver_init,observed_python_opcode_events,27989
parity_reassociation_n6,fresh,O-ADD-PORTFOLIO,1,receiver_input,bounded_native_c_call_events,716
parity_reassociation_n6,fresh,O-ADD-PORTFOLIO,1,receiver_input,current_request_bytes,1480
parity_reassociation_n6,fresh,O-ADD-PORTFOLIO,1,receiver_input,observed_python_opcode_events,60567
parity_reassociation_n6,fresh,O-ADD-PORTFOLIO,1,receiver_input,proof_input_bytes,2942
parity_reassociation_n6,fresh,O-ADD-PORTFOLIO,1,receiver_old_check,bounded_native_c_call_events,8496
parity_reassociation_n6,fresh,O-ADD-PORTFOLIO,1,receiver_old_check,observed_python_opcode_events,490406
parity_reassociation_n6,fresh,O-ADD-PORTFOLIO,1,receiver_old_input,bounded_native_c_call_events,1345
parity_reassociation_n6,fresh,O-ADD-PORTFOLIO,1,receiver_old_input,observed_python_opcode_events,77263
parity_reassociation_n6,fresh,O-ADD-PORTFOLIO,1,receiver_old_input,old_proof_input_bytes,8391
parity_reassociation_n6,fresh,O-ADD-PORTFOLIO,1,receiver_old_input,old_request_bytes,1429
parity_reassociation_n6,fresh,O-ADD-PORTFOLIO,1,receiver_storage,bounded_native_c_call_events,590
parity_reassociation_n6,fresh,O-ADD-PORTFOLIO,1,receiver_storage,live_serialized_byte_periods,36162
parity_reassociation_n6,fresh,O-ADD-PORTFOLIO,1,receiver_storage,observed_python_opcode_events,68136
parity_reassociation_n6,fresh,O-ADD-PORTFOLIO,1,request_encoding,bounded_native_c_call_events,739
parity_reassociation_n6,fresh,O-ADD-PORTFOLIO,1,request_encoding,observed_python_opcode_events,20060
parity_reassociation_n6,fresh,O-ADD-PORTFOLIO,1,terminal,bounded_native_c_call_events,338
parity_reassociation_n6,fresh,O-ADD-PORTFOLIO,1,terminal,candidate_publication_events,1
parity_reassociation_n6,fresh,O-ADD-PORTFOLIO,1,terminal,current_receipt_output_bytes,2975
parity_reassociation_n6,fresh,O-ADD-PORTFOLIO,1,terminal,delivery_events,1
parity_reassociation_n6,fresh,O-ADD-PORTFOLIO,1,terminal,observed_python_opcode_events,9239
parity_reassociation_n6,fresh,O-ADD-PORTFOLIO,2,coordination,bounded_native_c_call_events,12
parity_reassociation_n6,fresh,O-ADD-PORTFOLIO,2,coordination,observed_python_opcode_events,855
parity_reassociation_n6,fresh,O-ADD-PORTFOLIO,2,producer_build,bounded_native_c_call_events,2229
parity_reassociation_n6,fresh,O-ADD-PORTFOLIO,2,producer_build,observed_python_opcode_events,54747
parity_reassociation_n6,fresh,O-ADD-PORTFOLIO,2,producer_export,bounded_native_c_call_events,9
parity_reassociation_n6,fresh,O-ADD-PORTFOLIO,2,producer_export,observed_python_opcode_events,1902
parity_reassociation_n6,fresh,O-ADD-PORTFOLIO,2,producer_export,proof_output_bytes,2963
parity_reassociation_n6,fresh,O-ADD-PORTFOLIO,2,producer_input,bounded_native_c_call_events,745
parity_reassociation_n6,fresh,O-ADD-PORTFOLIO,2,producer_input,current_request_bytes,1501
parity_reassociation_n6,fresh,O-ADD-PORTFOLIO,2,producer_input,observed_python_opcode_events,61950
parity_reassociation_n6,fresh,O-ADD-PORTFOLIO,2,producer_storage,bounded_native_c_call_events,560
parity_reassociation_n6,fresh,O-ADD-PORTFOLIO,2,producer_storage,live_serialized_byte_periods,21463
parity_reassociation_n6,fresh,O-ADD-PORTFOLIO,2,producer_storage,observed_python_opcode_events,15606
parity_reassociation_n6,fresh,O-ADD-PORTFOLIO,2,receiver_check,bounded_native_c_call_events,2337
parity_reassociation_n6,fresh,O-ADD-PORTFOLIO,2,receiver_check,observed_python_opcode_events,58291
parity_reassociation_n6,fresh,O-ADD-PORTFOLIO,2,receiver_import,bounded_native_c_call_events,81
parity_reassociation_n6,fresh,O-ADD-PORTFOLIO,2,receiver_import,observed_python_opcode_events,44463
parity_reassociation_n6,fresh,O-ADD-PORTFOLIO,2,receiver_init,bounded_native_c_call_events,130
parity_reassociation_n6,fresh,O-ADD-PORTFOLIO,2,receiver_init,observed_python_opcode_events,27989
parity_reassociation_n6,fresh,O-ADD-PORTFOLIO,2,receiver_input,bounded_native_c_call_events,745
parity_reassociation_n6,fresh,O-ADD-PORTFOLIO,2,receiver_input,current_request_bytes,1501
parity_reassociation_n6,fresh,O-ADD-PORTFOLIO,2,receiver_input,observed_python_opcode_events,61950
parity_reassociation_n6,fresh,O-ADD-PORTFOLIO,2,receiver_input,proof_input_bytes,2963
parity_reassociation_n6,fresh,O-ADD-PORTFOLIO,2,receiver_old_check,bounded_native_c_call_events,8496
parity_reassociation_n6,fresh,O-ADD-PORTFOLIO,2,receiver_old_check,observed_python_opcode_events,490406
parity_reassociation_n6,fresh,O-ADD-PORTFOLIO,2,receiver_old_input,bounded_native_c_call_events,1345
parity_reassociation_n6,fresh,O-ADD-PORTFOLIO,2,receiver_old_input,observed_python_opcode_events,77263
parity_reassociation_n6,fresh,O-ADD-PORTFOLIO,2,receiver_old_input,old_proof_input_bytes,8391
parity_reassociation_n6,fresh,O-ADD-PORTFOLIO,2,receiver_old_input,old_request_bytes,1429
parity_reassociation_n6,fresh,O-ADD-PORTFOLIO,2,receiver_storage,bounded_native_c_call_events,590
parity_reassociation_n6,fresh,O-ADD-PORTFOLIO,2,receiver_storage,live_serialized_byte_periods,36249
parity_reassociation_n6,fresh,O-ADD-PORTFOLIO,2,receiver_storage,observed_python_opcode_events,68136
parity_reassociation_n6,fresh,O-ADD-PORTFOLIO,2,request_encoding,bounded_native_c_call_events,775
parity_reassociation_n6,fresh,O-ADD-PORTFOLIO,2,request_encoding,observed_python_opcode_events,20870
parity_reassociation_n6,fresh,O-ADD-PORTFOLIO,2,terminal,bounded_native_c_call_events,370
parity_reassociation_n6,fresh,O-ADD-PORTFOLIO,2,terminal,candidate_publication_events,1
parity_reassociation_n6,fresh,O-ADD-PORTFOLIO,2,terminal,current_receipt_output_bytes,2996
parity_reassociation_n6,fresh,O-ADD-PORTFOLIO,2,terminal,delivery_events,1
parity_reassociation_n6,fresh,O-ADD-PORTFOLIO,2,terminal,observed_python_opcode_events,9983
parity_reassociation_n6,fresh,O-ADD-PORTFOLIO,3,coordination,bounded_native_c_call_events,12
parity_reassociation_n6,fresh,O-ADD-PORTFOLIO,3,coordination,observed_python_opcode_events,855
parity_reassociation_n6,fresh,O-ADD-PORTFOLIO,3,producer_build,bounded_native_c_call_events,2223
parity_reassociation_n6,fresh,O-ADD-PORTFOLIO,3,producer_build,observed_python_opcode_events,54561
parity_reassociation_n6,fresh,O-ADD-PORTFOLIO,3,producer_export,bounded_native_c_call_events,9
parity_reassociation_n6,fresh,O-ADD-PORTFOLIO,3,producer_export,observed_python_opcode_events,1902
parity_reassociation_n6,fresh,O-ADD-PORTFOLIO,3,producer_export,proof_output_bytes,2967
parity_reassociation_n6,fresh,O-ADD-PORTFOLIO,3,producer_input,bounded_native_c_call_events,745
parity_reassociation_n6,fresh,O-ADD-PORTFOLIO,3,producer_input,current_request_bytes,1505
parity_reassociation_n6,fresh,O-ADD-PORTFOLIO,3,producer_input,observed_python_opcode_events,62070
parity_reassociation_n6,fresh,O-ADD-PORTFOLIO,3,producer_storage,bounded_native_c_call_events,560
parity_reassociation_n6,fresh,O-ADD-PORTFOLIO,3,producer_storage,live_serialized_byte_periods,21471
parity_reassociation_n6,fresh,O-ADD-PORTFOLIO,3,producer_storage,observed_python_opcode_events,15606
parity_reassociation_n6,fresh,O-ADD-PORTFOLIO,3,receiver_check,bounded_native_c_call_events,2331
parity_reassociation_n6,fresh,O-ADD-PORTFOLIO,3,receiver_check,observed_python_opcode_events,58105
parity_reassociation_n6,fresh,O-ADD-PORTFOLIO,3,receiver_import,bounded_native_c_call_events,81
parity_reassociation_n6,fresh,O-ADD-PORTFOLIO,3,receiver_import,observed_python_opcode_events,44523
parity_reassociation_n6,fresh,O-ADD-PORTFOLIO,3,receiver_init,bounded_native_c_call_events,130
parity_reassociation_n6,fresh,O-ADD-PORTFOLIO,3,receiver_init,observed_python_opcode_events,27989
parity_reassociation_n6,fresh,O-ADD-PORTFOLIO,3,receiver_input,bounded_native_c_call_events,745
parity_reassociation_n6,fresh,O-ADD-PORTFOLIO,3,receiver_input,current_request_bytes,1505
parity_reassociation_n6,fresh,O-ADD-PORTFOLIO,3,receiver_input,observed_python_opcode_events,62070
parity_reassociation_n6,fresh,O-ADD-PORTFOLIO,3,receiver_input,proof_input_bytes,2967
parity_reassociation_n6,fresh,O-ADD-PORTFOLIO,3,receiver_old_check,bounded_native_c_call_events,8496
parity_reassociation_n6,fresh,O-ADD-PORTFOLIO,3,receiver_old_check,observed_python_opcode_events,490406
parity_reassociation_n6,fresh,O-ADD-PORTFOLIO,3,receiver_old_input,bounded_native_c_call_events,1345
parity_reassociation_n6,fresh,O-ADD-PORTFOLIO,3,receiver_old_input,observed_python_opcode_events,77263
parity_reassociation_n6,fresh,O-ADD-PORTFOLIO,3,receiver_old_input,old_proof_input_bytes,8391
parity_reassociation_n6,fresh,O-ADD-PORTFOLIO,3,receiver_old_input,old_request_bytes,1429
parity_reassociation_n6,fresh,O-ADD-PORTFOLIO,3,receiver_storage,bounded_native_c_call_events,590
parity_reassociation_n6,fresh,O-ADD-PORTFOLIO,3,receiver_storage,live_serialized_byte_periods,36261
parity_reassociation_n6,fresh,O-ADD-PORTFOLIO,3,receiver_storage,observed_python_opcode_events,68136
parity_reassociation_n6,fresh,O-ADD-PORTFOLIO,3,request_encoding,bounded_native_c_call_events,775
parity_reassociation_n6,fresh,O-ADD-PORTFOLIO,3,request_encoding,observed_python_opcode_events,20870
parity_reassociation_n6,fresh,O-ADD-PORTFOLIO,3,terminal,bounded_native_c_call_events,370
parity_reassociation_n6,fresh,O-ADD-PORTFOLIO,3,terminal,candidate_publication_events,1
parity_reassociation_n6,fresh,O-ADD-PORTFOLIO,3,terminal,current_receipt_output_bytes,3000
parity_reassociation_n6,fresh,O-ADD-PORTFOLIO,3,terminal,delivery_events,1
parity_reassociation_n6,fresh,O-ADD-PORTFOLIO,3,terminal,observed_python_opcode_events,9983
parity_reassociation_n6,fresh,O-ADD-PORTFOLIO,4,coordination,bounded_native_c_call_events,12
parity_reassociation_n6,fresh,O-ADD-PORTFOLIO,4,coordination,observed_python_opcode_events,855
parity_reassociation_n6,fresh,O-ADD-PORTFOLIO,4,producer_build,bounded_native_c_call_events,2410
parity_reassociation_n6,fresh,O-ADD-PORTFOLIO,4,producer_build,observed_python_opcode_events,58295
parity_reassociation_n6,fresh,O-ADD-PORTFOLIO,4,producer_export,bounded_native_c_call_events,9
parity_reassociation_n6,fresh,O-ADD-PORTFOLIO,4,producer_export,observed_python_opcode_events,1902
parity_reassociation_n6,fresh,O-ADD-PORTFOLIO,4,producer_export,proof_output_bytes,2976
parity_reassociation_n6,fresh,O-ADD-PORTFOLIO,4,producer_input,bounded_native_c_call_events,760
parity_reassociation_n6,fresh,O-ADD-PORTFOLIO,4,producer_input,current_request_bytes,1514
parity_reassociation_n6,fresh,O-ADD-PORTFOLIO,4,producer_input,observed_python_opcode_events,62832
parity_reassociation_n6,fresh,O-ADD-PORTFOLIO,4,producer_storage,bounded_native_c_call_events,560
parity_reassociation_n6,fresh,O-ADD-PORTFOLIO,4,producer_storage,live_serialized_byte_periods,21497
parity_reassociation_n6,fresh,O-ADD-PORTFOLIO,4,producer_storage,observed_python_opcode_events,15606
parity_reassociation_n6,fresh,O-ADD-PORTFOLIO,4,receiver_check,bounded_native_c_call_events,2518
parity_reassociation_n6,fresh,O-ADD-PORTFOLIO,4,receiver_check,observed_python_opcode_events,61845
parity_reassociation_n6,fresh,O-ADD-PORTFOLIO,4,receiver_import,bounded_native_c_call_events,81
parity_reassociation_n6,fresh,O-ADD-PORTFOLIO,4,receiver_import,observed_python_opcode_events,44642
parity_reassociation_n6,fresh,O-ADD-PORTFOLIO,4,receiver_init,bounded_native_c_call_events,130
parity_reassociation_n6,fresh,O-ADD-PORTFOLIO,4,receiver_init,observed_python_opcode_events,27989
parity_reassociation_n6,fresh,O-ADD-PORTFOLIO,4,receiver_input,bounded_native_c_call_events,760
parity_reassociation_n6,fresh,O-ADD-PORTFOLIO,4,receiver_input,current_request_bytes,1514
parity_reassociation_n6,fresh,O-ADD-PORTFOLIO,4,receiver_input,observed_python_opcode_events,62832
parity_reassociation_n6,fresh,O-ADD-PORTFOLIO,4,receiver_input,proof_input_bytes,2976
parity_reassociation_n6,fresh,O-ADD-PORTFOLIO,4,receiver_old_check,bounded_native_c_call_events,8496
parity_reassociation_n6,fresh,O-ADD-PORTFOLIO,4,receiver_old_check,observed_python_opcode_events,490406
parity_reassociation_n6,fresh,O-ADD-PORTFOLIO,4,receiver_old_input,bounded_native_c_call_events,1345
parity_reassociation_n6,fresh,O-ADD-PORTFOLIO,4,receiver_old_input,observed_python_opcode_events,77263
parity_reassociation_n6,fresh,O-ADD-PORTFOLIO,4,receiver_old_input,old_proof_input_bytes,8391
parity_reassociation_n6,fresh,O-ADD-PORTFOLIO,4,receiver_old_input,old_request_bytes,1429
parity_reassociation_n6,fresh,O-ADD-PORTFOLIO,4,receiver_storage,bounded_native_c_call_events,590
parity_reassociation_n6,fresh,O-ADD-PORTFOLIO,4,receiver_storage,live_serialized_byte_periods,36302
parity_reassociation_n6,fresh,O-ADD-PORTFOLIO,4,receiver_storage,observed_python_opcode_events,68136
parity_reassociation_n6,fresh,O-ADD-PORTFOLIO,4,request_encoding,bounded_native_c_call_events,796
parity_reassociation_n6,fresh,O-ADD-PORTFOLIO,4,request_encoding,observed_python_opcode_events,21370
parity_reassociation_n6,fresh,O-ADD-PORTFOLIO,4,terminal,bounded_native_c_call_events,384
parity_reassociation_n6,fresh,O-ADD-PORTFOLIO,4,terminal,candidate_publication_events,1
parity_reassociation_n6,fresh,O-ADD-PORTFOLIO,4,terminal,current_receipt_output_bytes,3011
parity_reassociation_n6,fresh,O-ADD-PORTFOLIO,4,terminal,delivery_events,1
parity_reassociation_n6,fresh,O-ADD-PORTFOLIO,4,terminal,observed_python_opcode_events,10347
parity_reassociation_n6,fresh,O-ADD-PORTFOLIO,5,coordination,bounded_native_c_call_events,12
parity_reassociation_n6,fresh,O-ADD-PORTFOLIO,5,coordination,observed_python_opcode_events,855
parity_reassociation_n6,fresh,O-ADD-PORTFOLIO,5,producer_build,bounded_native_c_call_events,2407
parity_reassociation_n6,fresh,O-ADD-PORTFOLIO,5,producer_build,observed_python_opcode_events,58367
parity_reassociation_n6,fresh,O-ADD-PORTFOLIO,5,producer_export,bounded_native_c_call_events,9
parity_reassociation_n6,fresh,O-ADD-PORTFOLIO,5,producer_export,observed_python_opcode_events,1902
parity_reassociation_n6,fresh,O-ADD-PORTFOLIO,5,producer_export,proof_output_bytes,2988
parity_reassociation_n6,fresh,O-ADD-PORTFOLIO,5,producer_input,bounded_native_c_call_events,774
parity_reassociation_n6,fresh,O-ADD-PORTFOLIO,5,producer_input,current_request_bytes,1526
parity_reassociation_n6,fresh,O-ADD-PORTFOLIO,5,producer_input,observed_python_opcode_events,63519
parity_reassociation_n6,fresh,O-ADD-PORTFOLIO,5,producer_storage,bounded_native_c_call_events,560
parity_reassociation_n6,fresh,O-ADD-PORTFOLIO,5,producer_storage,live_serialized_byte_periods,21529
parity_reassociation_n6,fresh,O-ADD-PORTFOLIO,5,producer_storage,observed_python_opcode_events,15606
parity_reassociation_n6,fresh,O-ADD-PORTFOLIO,5,receiver_check,bounded_native_c_call_events,2509
parity_reassociation_n6,fresh,O-ADD-PORTFOLIO,5,receiver_check,observed_python_opcode_events,61863
parity_reassociation_n6,fresh,O-ADD-PORTFOLIO,5,receiver_import,bounded_native_c_call_events,81
parity_reassociation_n6,fresh,O-ADD-PORTFOLIO,5,receiver_import,observed_python_opcode_events,44806
parity_reassociation_n6,fresh,O-ADD-PORTFOLIO,5,receiver_init,bounded_native_c_call_events,130
parity_reassociation_n6,fresh,O-ADD-PORTFOLIO,5,receiver_init,observed_python_opcode_events,27989
parity_reassociation_n6,fresh,O-ADD-PORTFOLIO,5,receiver_input,bounded_native_c_call_events,774
parity_reassociation_n6,fresh,O-ADD-PORTFOLIO,5,receiver_input,current_request_bytes,1526
parity_reassociation_n6,fresh,O-ADD-PORTFOLIO,5,receiver_input,observed_python_opcode_events,63519
parity_reassociation_n6,fresh,O-ADD-PORTFOLIO,5,receiver_input,proof_input_bytes,2988
parity_reassociation_n6,fresh,O-ADD-PORTFOLIO,5,receiver_old_check,bounded_native_c_call_events,8496
parity_reassociation_n6,fresh,O-ADD-PORTFOLIO,5,receiver_old_check,observed_python_opcode_events,490406
parity_reassociation_n6,fresh,O-ADD-PORTFOLIO,5,receiver_old_input,bounded_native_c_call_events,1345
parity_reassociation_n6,fresh,O-ADD-PORTFOLIO,5,receiver_old_input,observed_python_opcode_events,77263
parity_reassociation_n6,fresh,O-ADD-PORTFOLIO,5,receiver_old_input,old_proof_input_bytes,8391
parity_reassociation_n6,fresh,O-ADD-PORTFOLIO,5,receiver_old_input,old_request_bytes,1429
parity_reassociation_n6,fresh,O-ADD-PORTFOLIO,5,receiver_storage,bounded_native_c_call_events,590
parity_reassociation_n6,fresh,O-ADD-PORTFOLIO,5,receiver_storage,live_serialized_byte_periods,36348
parity_reassociation_n6,fresh,O-ADD-PORTFOLIO,5,receiver_storage,observed_python_opcode_events,68136
parity_reassociation_n6,fresh,O-ADD-PORTFOLIO,5,request_encoding,bounded_native_c_call_events,811
parity_reassociation_n6,fresh,O-ADD-PORTFOLIO,5,request_encoding,observed_python_opcode_events,21712
parity_reassociation_n6,fresh,O-ADD-PORTFOLIO,5,terminal,bounded_native_c_call_events,394
parity_reassociation_n6,fresh,O-ADD-PORTFOLIO,5,terminal,candidate_publication_events,1
parity_reassociation_n6,fresh,O-ADD-PORTFOLIO,5,terminal,current_receipt_output_bytes,3021
parity_reassociation_n6,fresh,O-ADD-PORTFOLIO,5,terminal,delivery_events,1
parity_reassociation_n6,fresh,O-ADD-PORTFOLIO,5,terminal,observed_python_opcode_events,10507
parity_reassociation_n6,fresh,O-ADD-PORTFOLIO,6,coordination,bounded_native_c_call_events,12
parity_reassociation_n6,fresh,O-ADD-PORTFOLIO,6,coordination,observed_python_opcode_events,855
parity_reassociation_n6,fresh,O-ADD-PORTFOLIO,6,producer_build,bounded_native_c_call_events,2426
parity_reassociation_n6,fresh,O-ADD-PORTFOLIO,6,producer_build,observed_python_opcode_events,58693
parity_reassociation_n6,fresh,O-ADD-PORTFOLIO,6,producer_export,bounded_native_c_call_events,9
parity_reassociation_n6,fresh,O-ADD-PORTFOLIO,6,producer_export,observed_python_opcode_events,1902
parity_reassociation_n6,fresh,O-ADD-PORTFOLIO,6,producer_export,proof_output_bytes,3052
parity_reassociation_n6,fresh,O-ADD-PORTFOLIO,6,producer_input,bounded_native_c_call_events,827
parity_reassociation_n6,fresh,O-ADD-PORTFOLIO,6,producer_input,current_request_bytes,1590
parity_reassociation_n6,fresh,O-ADD-PORTFOLIO,6,producer_input,observed_python_opcode_events,65983
parity_reassociation_n6,fresh,O-ADD-PORTFOLIO,6,producer_storage,bounded_native_c_call_events,560
parity_reassociation_n6,fresh,O-ADD-PORTFOLIO,6,producer_storage,live_serialized_byte_periods,21705
parity_reassociation_n6,fresh,O-ADD-PORTFOLIO,6,producer_storage,observed_python_opcode_events,15606
parity_reassociation_n6,fresh,O-ADD-PORTFOLIO,6,receiver_check,bounded_native_c_call_events,2511
parity_reassociation_n6,fresh,O-ADD-PORTFOLIO,6,receiver_check,observed_python_opcode_events,61680
parity_reassociation_n6,fresh,O-ADD-PORTFOLIO,6,receiver_import,bounded_native_c_call_events,81
parity_reassociation_n6,fresh,O-ADD-PORTFOLIO,6,receiver_import,observed_python_opcode_events,45670
parity_reassociation_n6,fresh,O-ADD-PORTFOLIO,6,receiver_init,bounded_native_c_call_events,130
parity_reassociation_n6,fresh,O-ADD-PORTFOLIO,6,receiver_init,observed_python_opcode_events,27989
parity_reassociation_n6,fresh,O-ADD-PORTFOLIO,6,receiver_input,bounded_native_c_call_events,827
parity_reassociation_n6,fresh,O-ADD-PORTFOLIO,6,receiver_input,current_request_bytes,1590
parity_reassociation_n6,fresh,O-ADD-PORTFOLIO,6,receiver_input,observed_python_opcode_events,65983
parity_reassociation_n6,fresh,O-ADD-PORTFOLIO,6,receiver_input,proof_input_bytes,3052
parity_reassociation_n6,fresh,O-ADD-PORTFOLIO,6,receiver_old_check,bounded_native_c_call_events,8496
parity_reassociation_n6,fresh,O-ADD-PORTFOLIO,6,receiver_old_check,observed_python_opcode_events,490406
parity_reassociation_n6,fresh,O-ADD-PORTFOLIO,6,receiver_old_input,bounded_native_c_call_events,1345
parity_reassociation_n6,fresh,O-ADD-PORTFOLIO,6,receiver_old_input,observed_python_opcode_events,77263
parity_reassociation_n6,fresh,O-ADD-PORTFOLIO,6,receiver_old_input,old_proof_input_bytes,8391
parity_reassociation_n6,fresh,O-ADD-PORTFOLIO,6,receiver_old_input,old_request_bytes,1429
parity_reassociation_n6,fresh,O-ADD-PORTFOLIO,6,receiver_storage,bounded_native_c_call_events,590
parity_reassociation_n6,fresh,O-ADD-PORTFOLIO,6,receiver_storage,live_serialized_byte_periods,36612
parity_reassociation_n6,fresh,O-ADD-PORTFOLIO,6,receiver_storage,observed_python_opcode_events,68136
parity_reassociation_n6,fresh,O-ADD-PORTFOLIO,6,request_encoding,bounded_native_c_call_events,830
parity_reassociation_n6,fresh,O-ADD-PORTFOLIO,6,request_encoding,observed_python_opcode_events,22308
parity_reassociation_n6,fresh,O-ADD-PORTFOLIO,6,terminal,bounded_native_c_call_events,428
parity_reassociation_n6,fresh,O-ADD-PORTFOLIO,6,terminal,candidate_publication_events,1
parity_reassociation_n6,fresh,O-ADD-PORTFOLIO,6,terminal,current_receipt_output_bytes,3085
parity_reassociation_n6,fresh,O-ADD-PORTFOLIO,6,terminal,delivery_events,1
parity_reassociation_n6,fresh,O-ADD-PORTFOLIO,6,terminal,observed_python_opcode_events,11384
parity_reassociation_n6,fresh,O-ADD-WARM,1,common_source,bounded_native_c_call_events,371
parity_reassociation_n6,fresh,O-ADD-WARM,1,common_source,observed_python_opcode_events,32551
parity_reassociation_n6,fresh,O-ADD-WARM,1,common_source,source_hash_bytes_prepaid,197956
parity_reassociation_n6,fresh,O-ADD-WARM,1,common_source,source_length_probe_bytes_prepaid,8
parity_reassociation_n6,fresh,O-ADD-WARM,1,common_source,source_program_bytes_prepaid,197956
parity_reassociation_n6,fresh,O-ADD-WARM,1,common_source,source_record_bytes,1199
parity_reassociation_n6,fresh,O-ADD-WARM,1,coordination,bounded_native_c_call_events,10
parity_reassociation_n6,fresh,O-ADD-WARM,1,coordination,observed_python_opcode_events,628
parity_reassociation_n6,fresh,O-ADD-WARM,1,producer_build,bounded_native_c_call_events,7497
parity_reassociation_n6,fresh,O-ADD-WARM,1,producer_build,observed_python_opcode_events,265744
parity_reassociation_n6,fresh,O-ADD-WARM,1,producer_export,bounded_native_c_call_events,8
parity_reassociation_n6,fresh,O-ADD-WARM,1,producer_export,observed_python_opcode_events,260
parity_reassociation_n6,fresh,O-ADD-WARM,1,producer_export,proof_output_bytes,8520
parity_reassociation_n6,fresh,O-ADD-WARM,1,producer_init,bounded_native_c_call_events,19
parity_reassociation_n6,fresh,O-ADD-WARM,1,producer_init,observed_python_opcode_events,853
parity_reassociation_n6,fresh,O-ADD-WARM,1,producer_input,bounded_native_c_call_events,716
parity_reassociation_n6,fresh,O-ADD-WARM,1,producer_input,current_request_bytes,1480
parity_reassociation_n6,fresh,O-ADD-WARM,1,producer_input,observed_python_opcode_events,60567
parity_reassociation_n6,fresh,O-ADD-WARM,1,producer_storage,bounded_native_c_call_events,575
parity_reassociation_n6,fresh,O-ADD-WARM,1,producer_storage,live_serialized_byte_periods,28563
parity_reassociation_n6,fresh,O-ADD-WARM,1,producer_storage,observed_python_opcode_events,116609
parity_reassociation_n6,fresh,O-ADD-WARM,1,receiver_check,bounded_native_c_call_events,8242
parity_reassociation_n6,fresh,O-ADD-WARM,1,receiver_check,observed_python_opcode_events,487171
parity_reassociation_n6,fresh,O-ADD-WARM,1,receiver_init,bounded_native_c_call_events,130
parity_reassociation_n6,fresh,O-ADD-WARM,1,receiver_init,observed_python_opcode_events,27985
parity_reassociation_n6,fresh,O-ADD-WARM,1,receiver_input,bounded_native_c_call_events,716
parity_reassociation_n6,fresh,O-ADD-WARM,1,receiver_input,current_request_bytes,1480
parity_reassociation_n6,fresh,O-ADD-WARM,1,receiver_input,observed_python_opcode_events,60567
parity_reassociation_n6,fresh,O-ADD-WARM,1,receiver_input,proof_input_bytes,8520
parity_reassociation_n6,fresh,O-ADD-WARM,1,receiver_storage,bounded_native_c_call_events,22
parity_reassociation_n6,fresh,O-ADD-WARM,1,receiver_storage,live_serialized_byte_periods,28282
parity_reassociation_n6,fresh,O-ADD-WARM,1,receiver_storage,observed_python_opcode_events,54313
parity_reassociation_n6,fresh,O-ADD-WARM,1,request_encoding,bounded_native_c_call_events,739
parity_reassociation_n6,fresh,O-ADD-WARM,1,request_encoding,observed_python_opcode_events,20060
parity_reassociation_n6,fresh,O-ADD-WARM,1,terminal,bounded_native_c_call_events,338
parity_reassociation_n6,fresh,O-ADD-WARM,1,terminal,candidate_publication_events,1
parity_reassociation_n6,fresh,O-ADD-WARM,1,terminal,current_receipt_output_bytes,2975
parity_reassociation_n6,fresh,O-ADD-WARM,1,terminal,delivery_events,1
parity_reassociation_n6,fresh,O-ADD-WARM,1,terminal,observed_python_opcode_events,9239
parity_reassociation_n6,fresh,O-ADD-WARM,2,coordination,bounded_native_c_call_events,10
parity_reassociation_n6,fresh,O-ADD-WARM,2,coordination,observed_python_opcode_events,592
parity_reassociation_n6,fresh,O-ADD-WARM,2,producer_build,bounded_native_c_call_events,3123
parity_reassociation_n6,fresh,O-ADD-WARM,2,producer_build,observed_python_opcode_events,134814
parity_reassociation_n6,fresh,O-ADD-WARM,2,producer_export,bounded_native_c_call_events,8
parity_reassociation_n6,fresh,O-ADD-WARM,2,producer_export,observed_python_opcode_events,260
parity_reassociation_n6,fresh,O-ADD-WARM,2,producer_export,proof_output_bytes,8638
parity_reassociation_n6,fresh,O-ADD-WARM,2,producer_input,bounded_native_c_call_events,745
parity_reassociation_n6,fresh,O-ADD-WARM,2,producer_input,current_request_bytes,1501
parity_reassociation_n6,fresh,O-ADD-WARM,2,producer_input,observed_python_opcode_events,61950
parity_reassociation_n6,fresh,O-ADD-WARM,2,producer_storage,bounded_native_c_call_events,581
parity_reassociation_n6,fresh,O-ADD-WARM,2,producer_storage,live_serialized_byte_periods,28932
parity_reassociation_n6,fresh,O-ADD-WARM,2,producer_storage,observed_python_opcode_events,118982
parity_reassociation_n6,fresh,O-ADD-WARM,2,receiver_check,bounded_native_c_call_events,8474
parity_reassociation_n6,fresh,O-ADD-WARM,2,receiver_check,observed_python_opcode_events,496895
parity_reassociation_n6,fresh,O-ADD-WARM,2,receiver_init,bounded_native_c_call_events,130
parity_reassociation_n6,fresh,O-ADD-WARM,2,receiver_init,observed_python_opcode_events,27985
parity_reassociation_n6,fresh,O-ADD-WARM,2,receiver_input,bounded_native_c_call_events,745
parity_reassociation_n6,fresh,O-ADD-WARM,2,receiver_input,current_request_bytes,1501
parity_reassociation_n6,fresh,O-ADD-WARM,2,receiver_input,observed_python_opcode_events,61950
parity_reassociation_n6,fresh,O-ADD-WARM,2,receiver_input,proof_input_bytes,8638
parity_reassociation_n6,fresh,O-ADD-WARM,2,receiver_storage,bounded_native_c_call_events,22
parity_reassociation_n6,fresh,O-ADD-WARM,2,receiver_storage,live_serialized_byte_periods,28612
parity_reassociation_n6,fresh,O-ADD-WARM,2,receiver_storage,observed_python_opcode_events,55298
parity_reassociation_n6,fresh,O-ADD-WARM,2,request_encoding,bounded_native_c_call_events,775
parity_reassociation_n6,fresh,O-ADD-WARM,2,request_encoding,observed_python_opcode_events,20870
parity_reassociation_n6,fresh,O-ADD-WARM,2,terminal,bounded_native_c_call_events,370
parity_reassociation_n6,fresh,O-ADD-WARM,2,terminal,candidate_publication_events,1
parity_reassociation_n6,fresh,O-ADD-WARM,2,terminal,current_receipt_output_bytes,2996
parity_reassociation_n6,fresh,O-ADD-WARM,2,terminal,delivery_events,1
parity_reassociation_n6,fresh,O-ADD-WARM,2,terminal,observed_python_opcode_events,9983
parity_reassociation_n6,fresh,O-ADD-WARM,3,coordination,bounded_native_c_call_events,10
parity_reassociation_n6,fresh,O-ADD-WARM,3,coordination,observed_python_opcode_events,592
parity_reassociation_n6,fresh,O-ADD-WARM,3,producer_build,bounded_native_c_call_events,3483
parity_reassociation_n6,fresh,O-ADD-WARM,3,producer_build,observed_python_opcode_events,143690
parity_reassociation_n6,fresh,O-ADD-WARM,3,producer_export,bounded_native_c_call_events,8
parity_reassociation_n6,fresh,O-ADD-WARM,3,producer_export,observed_python_opcode_events,260
parity_reassociation_n6,fresh,O-ADD-WARM,3,producer_export,proof_output_bytes,8883
parity_reassociation_n6,fresh,O-ADD-WARM,3,producer_input,bounded_native_c_call_events,745
parity_reassociation_n6,fresh,O-ADD-WARM,3,producer_input,current_request_bytes,1505
parity_reassociation_n6,fresh,O-ADD-WARM,3,producer_input,observed_python_opcode_events,62070
parity_reassociation_n6,fresh,O-ADD-WARM,3,producer_storage,bounded_native_c_call_events,607
parity_reassociation_n6,fresh,O-ADD-WARM,3,producer_storage,live_serialized_byte_periods,29731
parity_reassociation_n6,fresh,O-ADD-WARM,3,producer_storage,observed_python_opcode_events,125388
parity_reassociation_n6,fresh,O-ADD-WARM,3,receiver_check,bounded_native_c_call_events,8947
parity_reassociation_n6,fresh,O-ADD-WARM,3,receiver_check,observed_python_opcode_events,516783
parity_reassociation_n6,fresh,O-ADD-WARM,3,receiver_init,bounded_native_c_call_events,130
parity_reassociation_n6,fresh,O-ADD-WARM,3,receiver_init,observed_python_opcode_events,27985
parity_reassociation_n6,fresh,O-ADD-WARM,3,receiver_input,bounded_native_c_call_events,745
parity_reassociation_n6,fresh,O-ADD-WARM,3,receiver_input,current_request_bytes,1505
parity_reassociation_n6,fresh,O-ADD-WARM,3,receiver_input,observed_python_opcode_events,62070
parity_reassociation_n6,fresh,O-ADD-WARM,3,receiver_input,proof_input_bytes,8883
parity_reassociation_n6,fresh,O-ADD-WARM,3,receiver_storage,bounded_native_c_call_events,22
parity_reassociation_n6,fresh,O-ADD-WARM,3,receiver_storage,live_serialized_byte_periods,29215
parity_reassociation_n6,fresh,O-ADD-WARM,3,receiver_storage,observed_python_opcode_events,58881
parity_reassociation_n6,fresh,O-ADD-WARM,3,request_encoding,bounded_native_c_call_events,775
parity_reassociation_n6,fresh,O-ADD-WARM,3,request_encoding,observed_python_opcode_events,20870
parity_reassociation_n6,fresh,O-ADD-WARM,3,terminal,bounded_native_c_call_events,370
parity_reassociation_n6,fresh,O-ADD-WARM,3,terminal,candidate_publication_events,1
parity_reassociation_n6,fresh,O-ADD-WARM,3,terminal,current_receipt_output_bytes,3000
parity_reassociation_n6,fresh,O-ADD-WARM,3,terminal,delivery_events,1
parity_reassociation_n6,fresh,O-ADD-WARM,3,terminal,observed_python_opcode_events,9983
parity_reassociation_n6,fresh,O-ADD-WARM,4,coordination,bounded_native_c_call_events,10
parity_reassociation_n6,fresh,O-ADD-WARM,4,coordination,observed_python_opcode_events,592
parity_reassociation_n6,fresh,O-ADD-WARM,4,producer_build,bounded_native_c_call_events,3423
parity_reassociation_n6,fresh,O-ADD-WARM,4,producer_build,observed_python_opcode_events,143418
parity_reassociation_n6,fresh,O-ADD-WARM,4,producer_export,bounded_native_c_call_events,8
parity_reassociation_n6,fresh,O-ADD-WARM,4,producer_export,observed_python_opcode_events,260
parity_reassociation_n6,fresh,O-ADD-WARM,4,producer_export,proof_output_bytes,9049
parity_reassociation_n6,fresh,O-ADD-WARM,4,producer_input,bounded_native_c_call_events,760
parity_reassociation_n6,fresh,O-ADD-WARM,4,producer_input,current_request_bytes,1514
parity_reassociation_n6,fresh,O-ADD-WARM,4,producer_input,observed_python_opcode_events,62832
parity_reassociation_n6,fresh,O-ADD-WARM,4,producer_storage,bounded_native_c_call_events,627
parity_reassociation_n6,fresh,O-ADD-WARM,4,producer_storage,live_serialized_byte_periods,30274
parity_reassociation_n6,fresh,O-ADD-WARM,4,producer_storage,observed_python_opcode_events,129597
parity_reassociation_n6,fresh,O-ADD-WARM,4,receiver_check,bounded_native_c_call_events,9281
parity_reassociation_n6,fresh,O-ADD-WARM,4,receiver_check,observed_python_opcode_events,530079
parity_reassociation_n6,fresh,O-ADD-WARM,4,receiver_init,bounded_native_c_call_events,130
parity_reassociation_n6,fresh,O-ADD-WARM,4,receiver_init,observed_python_opcode_events,27985
parity_reassociation_n6,fresh,O-ADD-WARM,4,receiver_input,bounded_native_c_call_events,760
parity_reassociation_n6,fresh,O-ADD-WARM,4,receiver_input,current_request_bytes,1514
parity_reassociation_n6,fresh,O-ADD-WARM,4,receiver_input,observed_python_opcode_events,62832
parity_reassociation_n6,fresh,O-ADD-WARM,4,receiver_input,proof_input_bytes,9049
parity_reassociation_n6,fresh,O-ADD-WARM,4,receiver_storage,bounded_native_c_call_events,22
parity_reassociation_n6,fresh,O-ADD-WARM,4,receiver_storage,live_serialized_byte_periods,29653
parity_reassociation_n6,fresh,O-ADD-WARM,4,receiver_storage,observed_python_opcode_events,61357
parity_reassociation_n6,fresh,O-ADD-WARM,4,request_encoding,bounded_native_c_call_events,796
parity_reassociation_n6,fresh,O-ADD-WARM,4,request_encoding,observed_python_opcode_events,21370
parity_reassociation_n6,fresh,O-ADD-WARM,4,terminal,bounded_native_c_call_events,384
parity_reassociation_n6,fresh,O-ADD-WARM,4,terminal,candidate_publication_events,1
parity_reassociation_n6,fresh,O-ADD-WARM,4,terminal,current_receipt_output_bytes,3011
parity_reassociation_n6,fresh,O-ADD-WARM,4,terminal,delivery_events,1
parity_reassociation_n6,fresh,O-ADD-WARM,4,terminal,observed_python_opcode_events,10347
parity_reassociation_n6,fresh,O-ADD-WARM,5,coordination,bounded_native_c_call_events,10
parity_reassociation_n6,fresh,O-ADD-WARM,5,coordination,observed_python_opcode_events,592
parity_reassociation_n6,fresh,O-ADD-WARM,5,producer_build,bounded_native_c_call_events,3736
parity_reassociation_n6,fresh,O-ADD-WARM,5,producer_build,observed_python_opcode_events,154571
parity_reassociation_n6,fresh,O-ADD-WARM,5,producer_export,bounded_native_c_call_events,8
parity_reassociation_n6,fresh,O-ADD-WARM,5,producer_export,observed_python_opcode_events,260
parity_reassociation_n6,fresh,O-ADD-WARM,5,producer_export,proof_output_bytes,9427
parity_reassociation_n6,fresh,O-ADD-WARM,5,producer_input,bounded_native_c_call_events,774
parity_reassociation_n6,fresh,O-ADD-WARM,5,producer_input,current_request_bytes,1526
parity_reassociation_n6,fresh,O-ADD-WARM,5,producer_input,observed_python_opcode_events,63519
parity_reassociation_n6,fresh,O-ADD-WARM,5,producer_storage,bounded_native_c_call_events,659
parity_reassociation_n6,fresh,O-ADD-WARM,5,producer_storage,live_serialized_byte_periods,31518
parity_reassociation_n6,fresh,O-ADD-WARM,5,producer_storage,observed_python_opcode_events,138750
parity_reassociation_n6,fresh,O-ADD-WARM,5,receiver_check,bounded_native_c_call_events,9958
parity_reassociation_n6,fresh,O-ADD-WARM,5,receiver_check,observed_python_opcode_events,560053
parity_reassociation_n6,fresh,O-ADD-WARM,5,receiver_init,bounded_native_c_call_events,130
parity_reassociation_n6,fresh,O-ADD-WARM,5,receiver_init,observed_python_opcode_events,27985
parity_reassociation_n6,fresh,O-ADD-WARM,5,receiver_input,bounded_native_c_call_events,774
parity_reassociation_n6,fresh,O-ADD-WARM,5,receiver_input,current_request_bytes,1526
parity_reassociation_n6,fresh,O-ADD-WARM,5,receiver_input,observed_python_opcode_events,63519
parity_reassociation_n6,fresh,O-ADD-WARM,5,receiver_input,proof_input_bytes,9427
parity_reassociation_n6,fresh,O-ADD-WARM,5,receiver_storage,bounded_native_c_call_events,22
parity_reassociation_n6,fresh,O-ADD-WARM,5,receiver_storage,live_serialized_byte_periods,30623
parity_reassociation_n6,fresh,O-ADD-WARM,5,receiver_storage,observed_python_opcode_events,66517
parity_reassociation_n6,fresh,O-ADD-WARM,5,request_encoding,bounded_native_c_call_events,811
parity_reassociation_n6,fresh,O-ADD-WARM,5,request_encoding,observed_python_opcode_events,21712
parity_reassociation_n6,fresh,O-ADD-WARM,5,terminal,bounded_native_c_call_events,394
parity_reassociation_n6,fresh,O-ADD-WARM,5,terminal,candidate_publication_events,1
parity_reassociation_n6,fresh,O-ADD-WARM,5,terminal,current_receipt_output_bytes,3021
parity_reassociation_n6,fresh,O-ADD-WARM,5,terminal,delivery_events,1
parity_reassociation_n6,fresh,O-ADD-WARM,5,terminal,observed_python_opcode_events,10507
parity_reassociation_n6,fresh,O-ADD-WARM,6,coordination,bounded_native_c_call_events,10
parity_reassociation_n6,fresh,O-ADD-WARM,6,coordination,observed_python_opcode_events,592
parity_reassociation_n6,fresh,O-ADD-WARM,6,producer_build,bounded_native_c_call_events,3966
parity_reassociation_n6,fresh,O-ADD-WARM,6,producer_build,observed_python_opcode_events,161184
parity_reassociation_n6,fresh,O-ADD-WARM,6,producer_export,bounded_native_c_call_events,8
parity_reassociation_n6,fresh,O-ADD-WARM,6,producer_export,observed_python_opcode_events,260
parity_reassociation_n6,fresh,O-ADD-WARM,6,producer_export,proof_output_bytes,9784
parity_reassociation_n6,fresh,O-ADD-WARM,6,producer_input,bounded_native_c_call_events,827
parity_reassociation_n6,fresh,O-ADD-WARM,6,producer_input,current_request_bytes,1590
parity_reassociation_n6,fresh,O-ADD-WARM,6,producer_input,observed_python_opcode_events,65983
parity_reassociation_n6,fresh,O-ADD-WARM,6,producer_storage,bounded_native_c_call_events,665
parity_reassociation_n6,fresh,O-ADD-WARM,6,producer_storage,live_serialized_byte_periods,32654
parity_reassociation_n6,fresh,O-ADD-WARM,6,producer_storage,observed_python_opcode_events,145987
parity_reassociation_n6,fresh,O-ADD-WARM,6,receiver_check,bounded_native_c_call_events,10600
parity_reassociation_n6,fresh,O-ADD-WARM,6,receiver_check,observed_python_opcode_events,587294
parity_reassociation_n6,fresh,O-ADD-WARM,6,receiver_init,bounded_native_c_call_events,130
parity_reassociation_n6,fresh,O-ADD-WARM,6,receiver_init,observed_python_opcode_events,27985
parity_reassociation_n6,fresh,O-ADD-WARM,6,receiver_input,bounded_native_c_call_events,827
parity_reassociation_n6,fresh,O-ADD-WARM,6,receiver_input,current_request_bytes,1590
parity_reassociation_n6,fresh,O-ADD-WARM,6,receiver_input,observed_python_opcode_events,65983
parity_reassociation_n6,fresh,O-ADD-WARM,6,receiver_input,proof_input_bytes,9784
parity_reassociation_n6,fresh,O-ADD-WARM,6,receiver_storage,bounded_native_c_call_events,22
parity_reassociation_n6,fresh,O-ADD-WARM,6,receiver_storage,live_serialized_byte_periods,31681
parity_reassociation_n6,fresh,O-ADD-WARM,6,receiver_storage,observed_python_opcode_events,70652
parity_reassociation_n6,fresh,O-ADD-WARM,6,request_encoding,bounded_native_c_call_events,830
parity_reassociation_n6,fresh,O-ADD-WARM,6,request_encoding,observed_python_opcode_events,22308
parity_reassociation_n6,fresh,O-ADD-WARM,6,terminal,bounded_native_c_call_events,428
parity_reassociation_n6,fresh,O-ADD-WARM,6,terminal,candidate_publication_events,1
parity_reassociation_n6,fresh,O-ADD-WARM,6,terminal,current_receipt_output_bytes,3085
parity_reassociation_n6,fresh,O-ADD-WARM,6,terminal,delivery_events,1
parity_reassociation_n6,fresh,O-ADD-WARM,6,terminal,observed_python_opcode_events,11384
parity_reassociation_n6,fresh,O-ENUM-RECEIVER,1,common_source,bounded_native_c_call_events,371
parity_reassociation_n6,fresh,O-ENUM-RECEIVER,1,common_source,observed_python_opcode_events,32551
parity_reassociation_n6,fresh,O-ENUM-RECEIVER,1,common_source,source_hash_bytes_prepaid,197956
parity_reassociation_n6,fresh,O-ENUM-RECEIVER,1,common_source,source_length_probe_bytes_prepaid,8
parity_reassociation_n6,fresh,O-ENUM-RECEIVER,1,common_source,source_program_bytes_prepaid,197956
parity_reassociation_n6,fresh,O-ENUM-RECEIVER,1,common_source,source_record_bytes,1199
parity_reassociation_n6,fresh,O-ENUM-RECEIVER,1,coordination,bounded_native_c_call_events,10
parity_reassociation_n6,fresh,O-ENUM-RECEIVER,1,coordination,observed_python_opcode_events,431
parity_reassociation_n6,fresh,O-ENUM-RECEIVER,1,producer_storage,bounded_native_c_call_events,281
parity_reassociation_n6,fresh,O-ENUM-RECEIVER,1,producer_storage,live_serialized_byte_periods,2928
parity_reassociation_n6,fresh,O-ENUM-RECEIVER,1,producer_storage,observed_python_opcode_events,8229
parity_reassociation_n6,fresh,O-ENUM-RECEIVER,1,receiver_check,bounded_native_c_call_events,10748
parity_reassociation_n6,fresh,O-ENUM-RECEIVER,1,receiver_check,observed_python_opcode_events,262094
parity_reassociation_n6,fresh,O-ENUM-RECEIVER,1,receiver_input,bounded_native_c_call_events,716
parity_reassociation_n6,fresh,O-ENUM-RECEIVER,1,receiver_input,current_request_bytes,1480
parity_reassociation_n6,fresh,O-ENUM-RECEIVER,1,receiver_input,observed_python_opcode_events,60567
parity_reassociation_n6,fresh,O-ENUM-RECEIVER,1,receiver_storage,bounded_native_c_call_events,12
parity_reassociation_n6,fresh,O-ENUM-RECEIVER,1,receiver_storage,live_serialized_byte_periods,6847
parity_reassociation_n6,fresh,O-ENUM-RECEIVER,1,receiver_storage,observed_python_opcode_events,680
parity_reassociation_n6,fresh,O-ENUM-RECEIVER,1,request_encoding,bounded_native_c_call_events,739
parity_reassociation_n6,fresh,O-ENUM-RECEIVER,1,request_encoding,observed_python_opcode_events,20060
parity_reassociation_n6,fresh,O-ENUM-RECEIVER,1,terminal,bounded_native_c_call_events,338
parity_reassociation_n6,fresh,O-ENUM-RECEIVER,1,terminal,candidate_publication_events,1
parity_reassociation_n6,fresh,O-ENUM-RECEIVER,1,terminal,current_receipt_output_bytes,2975
parity_reassociation_n6,fresh,O-ENUM-RECEIVER,1,terminal,delivery_events,1
parity_reassociation_n6,fresh,O-ENUM-RECEIVER,1,terminal,observed_python_opcode_events,9239
parity_reassociation_n6,fresh,O-ENUM-RECEIVER,2,coordination,bounded_native_c_call_events,10
parity_reassociation_n6,fresh,O-ENUM-RECEIVER,2,coordination,observed_python_opcode_events,410
parity_reassociation_n6,fresh,O-ENUM-RECEIVER,2,producer_storage,bounded_native_c_call_events,281
parity_reassociation_n6,fresh,O-ENUM-RECEIVER,2,producer_storage,live_serialized_byte_periods,2928
parity_reassociation_n6,fresh,O-ENUM-RECEIVER,2,producer_storage,observed_python_opcode_events,8229
parity_reassociation_n6,fresh,O-ENUM-RECEIVER,2,receiver_check,bounded_native_c_call_events,6263
parity_reassociation_n6,fresh,O-ENUM-RECEIVER,2,receiver_check,observed_python_opcode_events,155507
parity_reassociation_n6,fresh,O-ENUM-RECEIVER,2,receiver_input,bounded_native_c_call_events,745
parity_reassociation_n6,fresh,O-ENUM-RECEIVER,2,receiver_input,current_request_bytes,1501
parity_reassociation_n6,fresh,O-ENUM-RECEIVER,2,receiver_input,observed_python_opcode_events,61950
parity_reassociation_n6,fresh,O-ENUM-RECEIVER,2,receiver_storage,bounded_native_c_call_events,12
parity_reassociation_n6,fresh,O-ENUM-RECEIVER,2,receiver_storage,live_serialized_byte_periods,6905
parity_reassociation_n6,fresh,O-ENUM-RECEIVER,2,receiver_storage,observed_python_opcode_events,680
parity_reassociation_n6,fresh,O-ENUM-RECEIVER,2,request_encoding,bounded_native_c_call_events,775
parity_reassociation_n6,fresh,O-ENUM-RECEIVER,2,request_encoding,observed_python_opcode_events,20870
parity_reassociation_n6,fresh,O-ENUM-RECEIVER,2,terminal,bounded_native_c_call_events,370
parity_reassociation_n6,fresh,O-ENUM-RECEIVER,2,terminal,candidate_publication_events,1
parity_reassociation_n6,fresh,O-ENUM-RECEIVER,2,terminal,current_receipt_output_bytes,2996
parity_reassociation_n6,fresh,O-ENUM-RECEIVER,2,terminal,delivery_events,1
parity_reassociation_n6,fresh,O-ENUM-RECEIVER,2,terminal,observed_python_opcode_events,9983
parity_reassociation_n6,fresh,O-ENUM-RECEIVER,3,coordination,bounded_native_c_call_events,10
parity_reassociation_n6,fresh,O-ENUM-RECEIVER,3,coordination,observed_python_opcode_events,410
parity_reassociation_n6,fresh,O-ENUM-RECEIVER,3,producer_storage,bounded_native_c_call_events,281
parity_reassociation_n6,fresh,O-ENUM-RECEIVER,3,producer_storage,live_serialized_byte_periods,2928
parity_reassociation_n6,fresh,O-ENUM-RECEIVER,3,producer_storage,observed_python_opcode_events,8229
parity_reassociation_n6,fresh,O-ENUM-RECEIVER,3,receiver_check,bounded_native_c_call_events,3943
parity_reassociation_n6,fresh,O-ENUM-RECEIVER,3,receiver_check,observed_python_opcode_events,97835
parity_reassociation_n6,fresh,O-ENUM-RECEIVER,3,receiver_input,bounded_native_c_call_events,745
parity_reassociation_n6,fresh,O-ENUM-RECEIVER,3,receiver_input,current_request_bytes,1505
parity_reassociation_n6,fresh,O-ENUM-RECEIVER,3,receiver_input,observed_python_opcode_events,62070
parity_reassociation_n6,fresh,O-ENUM-RECEIVER,3,receiver_storage,bounded_native_c_call_events,12
parity_reassociation_n6,fresh,O-ENUM-RECEIVER,3,receiver_storage,live_serialized_byte_periods,6913
parity_reassociation_n6,fresh,O-ENUM-RECEIVER,3,receiver_storage,observed_python_opcode_events,680
parity_reassociation_n6,fresh,O-ENUM-RECEIVER,3,request_encoding,bounded_native_c_call_events,775
parity_reassociation_n6,fresh,O-ENUM-RECEIVER,3,request_encoding,observed_python_opcode_events,20870
parity_reassociation_n6,fresh,O-ENUM-RECEIVER,3,terminal,bounded_native_c_call_events,370
parity_reassociation_n6,fresh,O-ENUM-RECEIVER,3,terminal,candidate_publication_events,1
parity_reassociation_n6,fresh,O-ENUM-RECEIVER,3,terminal,current_receipt_output_bytes,3000
parity_reassociation_n6,fresh,O-ENUM-RECEIVER,3,terminal,delivery_events,1
parity_reassociation_n6,fresh,O-ENUM-RECEIVER,3,terminal,observed_python_opcode_events,9983
parity_reassociation_n6,fresh,O-ENUM-RECEIVER,4,coordination,bounded_native_c_call_events,10
parity_reassociation_n6,fresh,O-ENUM-RECEIVER,4,coordination,observed_python_opcode_events,410
parity_reassociation_n6,fresh,O-ENUM-RECEIVER,4,producer_storage,bounded_native_c_call_events,281
parity_reassociation_n6,fresh,O-ENUM-RECEIVER,4,producer_storage,live_serialized_byte_periods,2928
parity_reassociation_n6,fresh,O-ENUM-RECEIVER,4,producer_storage,observed_python_opcode_events,8229
parity_reassociation_n6,fresh,O-ENUM-RECEIVER,4,receiver_check,bounded_native_c_call_events,6340
parity_reassociation_n6,fresh,O-ENUM-RECEIVER,4,receiver_check,observed_python_opcode_events,159377
parity_reassociation_n6,fresh,O-ENUM-RECEIVER,4,receiver_input,bounded_native_c_call_events,760
parity_reassociation_n6,fresh,O-ENUM-RECEIVER,4,receiver_input,current_request_bytes,1514
parity_reassociation_n6,fresh,O-ENUM-RECEIVER,4,receiver_input,observed_python_opcode_events,62832
parity_reassociation_n6,fresh,O-ENUM-RECEIVER,4,receiver_storage,bounded_native_c_call_events,12
parity_reassociation_n6,fresh,O-ENUM-RECEIVER,4,receiver_storage,live_serialized_byte_periods,6941
parity_reassociation_n6,fresh,O-ENUM-RECEIVER,4,receiver_storage,observed_python_opcode_events,680
parity_reassociation_n6,fresh,O-ENUM-RECEIVER,4,request_encoding,bounded_native_c_call_events,796
parity_reassociation_n6,fresh,O-ENUM-RECEIVER,4,request_encoding,observed_python_opcode_events,21370
parity_reassociation_n6,fresh,O-ENUM-RECEIVER,4,terminal,bounded_native_c_call_events,384
parity_reassociation_n6,fresh,O-ENUM-RECEIVER,4,terminal,candidate_publication_events,1
parity_reassociation_n6,fresh,O-ENUM-RECEIVER,4,terminal,current_receipt_output_bytes,3011
parity_reassociation_n6,fresh,O-ENUM-RECEIVER,4,terminal,delivery_events,1
parity_reassociation_n6,fresh,O-ENUM-RECEIVER,4,terminal,observed_python_opcode_events,10347
parity_reassociation_n6,fresh,O-ENUM-RECEIVER,5,coordination,bounded_native_c_call_events,10
parity_reassociation_n6,fresh,O-ENUM-RECEIVER,5,coordination,observed_python_opcode_events,410
parity_reassociation_n6,fresh,O-ENUM-RECEIVER,5,producer_storage,bounded_native_c_call_events,281
parity_reassociation_n6,fresh,O-ENUM-RECEIVER,5,producer_storage,live_serialized_byte_periods,2928
parity_reassociation_n6,fresh,O-ENUM-RECEIVER,5,producer_storage,observed_python_opcode_events,8229
parity_reassociation_n6,fresh,O-ENUM-RECEIVER,5,receiver_check,bounded_native_c_call_events,5737
parity_reassociation_n6,fresh,O-ENUM-RECEIVER,5,receiver_check,observed_python_opcode_events,141853
parity_reassociation_n6,fresh,O-ENUM-RECEIVER,5,receiver_input,bounded_native_c_call_events,774
parity_reassociation_n6,fresh,O-ENUM-RECEIVER,5,receiver_input,current_request_bytes,1526
parity_reassociation_n6,fresh,O-ENUM-RECEIVER,5,receiver_input,observed_python_opcode_events,63519
parity_reassociation_n6,fresh,O-ENUM-RECEIVER,5,receiver_storage,bounded_native_c_call_events,12
parity_reassociation_n6,fresh,O-ENUM-RECEIVER,5,receiver_storage,live_serialized_byte_periods,6971
parity_reassociation_n6,fresh,O-ENUM-RECEIVER,5,receiver_storage,observed_python_opcode_events,680
parity_reassociation_n6,fresh,O-ENUM-RECEIVER,5,request_encoding,bounded_native_c_call_events,811
parity_reassociation_n6,fresh,O-ENUM-RECEIVER,5,request_encoding,observed_python_opcode_events,21712
parity_reassociation_n6,fresh,O-ENUM-RECEIVER,5,terminal,bounded_native_c_call_events,394
parity_reassociation_n6,fresh,O-ENUM-RECEIVER,5,terminal,candidate_publication_events,1
parity_reassociation_n6,fresh,O-ENUM-RECEIVER,5,terminal,current_receipt_output_bytes,3021
parity_reassociation_n6,fresh,O-ENUM-RECEIVER,5,terminal,delivery_events,1
parity_reassociation_n6,fresh,O-ENUM-RECEIVER,5,terminal,observed_python_opcode_events,10507
parity_reassociation_n6,fresh,O-ENUM-RECEIVER,6,coordination,bounded_native_c_call_events,10
parity_reassociation_n6,fresh,O-ENUM-RECEIVER,6,coordination,observed_python_opcode_events,410
parity_reassociation_n6,fresh,O-ENUM-RECEIVER,6,producer_storage,bounded_native_c_call_events,281
parity_reassociation_n6,fresh,O-ENUM-RECEIVER,6,producer_storage,live_serialized_byte_periods,2928
parity_reassociation_n6,fresh,O-ENUM-RECEIVER,6,producer_storage,observed_python_opcode_events,8229
parity_reassociation_n6,fresh,O-ENUM-RECEIVER,6,receiver_check,bounded_native_c_call_events,6895
parity_reassociation_n6,fresh,O-ENUM-RECEIVER,6,receiver_check,observed_python_opcode_events,169658
parity_reassociation_n6,fresh,O-ENUM-RECEIVER,6,receiver_input,bounded_native_c_call_events,827
parity_reassociation_n6,fresh,O-ENUM-RECEIVER,6,receiver_input,current_request_bytes,1590
parity_reassociation_n6,fresh,O-ENUM-RECEIVER,6,receiver_input,observed_python_opcode_events,65983
parity_reassociation_n6,fresh,O-ENUM-RECEIVER,6,receiver_storage,bounded_native_c_call_events,12
parity_reassociation_n6,fresh,O-ENUM-RECEIVER,6,receiver_storage,live_serialized_byte_periods,7147
parity_reassociation_n6,fresh,O-ENUM-RECEIVER,6,receiver_storage,observed_python_opcode_events,680
parity_reassociation_n6,fresh,O-ENUM-RECEIVER,6,request_encoding,bounded_native_c_call_events,830
parity_reassociation_n6,fresh,O-ENUM-RECEIVER,6,request_encoding,observed_python_opcode_events,22308
parity_reassociation_n6,fresh,O-ENUM-RECEIVER,6,terminal,bounded_native_c_call_events,428
parity_reassociation_n6,fresh,O-ENUM-RECEIVER,6,terminal,candidate_publication_events,1
parity_reassociation_n6,fresh,O-ENUM-RECEIVER,6,terminal,current_receipt_output_bytes,3085
parity_reassociation_n6,fresh,O-ENUM-RECEIVER,6,terminal,delivery_events,1
parity_reassociation_n6,fresh,O-ENUM-RECEIVER,6,terminal,observed_python_opcode_events,11384
parity_reassociation_n6,fresh,P-FRESH,1,common_source,bounded_native_c_call_events,371
parity_reassociation_n6,fresh,P-FRESH,1,common_source,observed_python_opcode_events,32551
parity_reassociation_n6,fresh,P-FRESH,1,common_source,source_hash_bytes_prepaid,197956
parity_reassociation_n6,fresh,P-FRESH,1,common_source,source_length_probe_bytes_prepaid,8
parity_reassociation_n6,fresh,P-FRESH,1,common_source,source_program_bytes_prepaid,197956
parity_reassociation_n6,fresh,P-FRESH,1,common_source,source_record_bytes,1199
parity_reassociation_n6,fresh,P-FRESH,1,coordination,bounded_native_c_call_events,10
parity_reassociation_n6,fresh,P-FRESH,1,coordination,observed_python_opcode_events,629
parity_reassociation_n6,fresh,P-FRESH,1,producer_build,bounded_native_c_call_events,237689
parity_reassociation_n6,fresh,P-FRESH,1,producer_build,observed_python_opcode_events,5080586
parity_reassociation_n6,fresh,P-FRESH,1,producer_export,bounded_native_c_call_events,7
parity_reassociation_n6,fresh,P-FRESH,1,producer_export,observed_python_opcode_events,15585
parity_reassociation_n6,fresh,P-FRESH,1,producer_export,proof_output_bytes,3126
parity_reassociation_n6,fresh,P-FRESH,1,producer_init,observed_python_opcode_events,4
parity_reassociation_n6,fresh,P-FRESH,1,producer_input,bounded_native_c_call_events,716
parity_reassociation_n6,fresh,P-FRESH,1,producer_input,current_request_bytes,1480
parity_reassociation_n6,fresh,P-FRESH,1,producer_input,observed_python_opcode_events,60567
parity_reassociation_n6,fresh,P-FRESH,1,producer_storage,bounded_native_c_call_events,286
parity_reassociation_n6,fresh,P-FRESH,1,producer_storage,live_serialized_byte_periods,8454
parity_reassociation_n6,fresh,P-FRESH,1,producer_storage,observed_python_opcode_events,8311
parity_reassociation_n6,fresh,P-FRESH,1,receiver_check,bounded_native_c_call_events,76182
parity_reassociation_n6,fresh,P-FRESH,1,receiver_check,observed_python_opcode_events,1489658
parity_reassociation_n6,fresh,P-FRESH,1,receiver_import,bounded_native_c_call_events,165
parity_reassociation_n6,fresh,P-FRESH,1,receiver_import,observed_python_opcode_events,62157
parity_reassociation_n6,fresh,P-FRESH,1,receiver_init,observed_python_opcode_events,4
parity_reassociation_n6,fresh,P-FRESH,1,receiver_input,bounded_native_c_call_events,716
parity_reassociation_n6,fresh,P-FRESH,1,receiver_input,current_request_bytes,1480
parity_reassociation_n6,fresh,P-FRESH,1,receiver_input,observed_python_opcode_events,60567
parity_reassociation_n6,fresh,P-FRESH,1,receiver_input,proof_input_bytes,3126
parity_reassociation_n6,fresh,P-FRESH,1,receiver_storage,bounded_native_c_call_events,16
parity_reassociation_n6,fresh,P-FRESH,1,receiver_storage,live_serialized_byte_periods,10565
parity_reassociation_n6,fresh,P-FRESH,1,receiver_storage,observed_python_opcode_events,751
parity_reassociation_n6,fresh,P-FRESH,1,request_encoding,bounded_native_c_call_events,739
parity_reassociation_n6,fresh,P-FRESH,1,request_encoding,observed_python_opcode_events,20060
parity_reassociation_n6,fresh,P-FRESH,1,terminal,bounded_native_c_call_events,338
parity_reassociation_n6,fresh,P-FRESH,1,terminal,candidate_publication_events,1
parity_reassociation_n6,fresh,P-FRESH,1,terminal,current_receipt_output_bytes,2975
parity_reassociation_n6,fresh,P-FRESH,1,terminal,delivery_events,1
parity_reassociation_n6,fresh,P-FRESH,1,terminal,observed_python_opcode_events,9239
parity_reassociation_n6,fresh,P-FRESH,2,coordination,bounded_native_c_call_events,10
parity_reassociation_n6,fresh,P-FRESH,2,coordination,observed_python_opcode_events,595
parity_reassociation_n6,fresh,P-FRESH,2,producer_build,bounded_native_c_call_events,130572
parity_reassociation_n6,fresh,P-FRESH,2,producer_build,observed_python_opcode_events,2758576
parity_reassociation_n6,fresh,P-FRESH,2,producer_export,bounded_native_c_call_events,7
parity_reassociation_n6,fresh,P-FRESH,2,producer_export,observed_python_opcode_events,8309
parity_reassociation_n6,fresh,P-FRESH,2,producer_export,proof_output_bytes,2338
parity_reassociation_n6,fresh,P-FRESH,2,producer_input,bounded_native_c_call_events,745
parity_reassociation_n6,fresh,P-FRESH,2,producer_input,current_request_bytes,1501
parity_reassociation_n6,fresh,P-FRESH,2,producer_input,observed_python_opcode_events,61950
parity_reassociation_n6,fresh,P-FRESH,2,producer_storage,bounded_native_c_call_events,286
parity_reassociation_n6,fresh,P-FRESH,2,producer_storage,live_serialized_byte_periods,7579
parity_reassociation_n6,fresh,P-FRESH,2,producer_storage,observed_python_opcode_events,8311
parity_reassociation_n6,fresh,P-FRESH,2,receiver_check,bounded_native_c_call_events,42034
parity_reassociation_n6,fresh,P-FRESH,2,receiver_check,observed_python_opcode_events,813208
parity_reassociation_n6,fresh,P-FRESH,2,receiver_import,bounded_native_c_call_events,105
parity_reassociation_n6,fresh,P-FRESH,2,receiver_import,observed_python_opcode_events,42721
parity_reassociation_n6,fresh,P-FRESH,2,receiver_init,observed_python_opcode_events,4
parity_reassociation_n6,fresh,P-FRESH,2,receiver_input,bounded_native_c_call_events,745
parity_reassociation_n6,fresh,P-FRESH,2,receiver_input,current_request_bytes,1501
parity_reassociation_n6,fresh,P-FRESH,2,receiver_input,observed_python_opcode_events,61950
parity_reassociation_n6,fresh,P-FRESH,2,receiver_input,proof_input_bytes,2338
parity_reassociation_n6,fresh,P-FRESH,2,receiver_storage,bounded_native_c_call_events,16
parity_reassociation_n6,fresh,P-FRESH,2,receiver_storage,live_serialized_byte_periods,9719
parity_reassociation_n6,fresh,P-FRESH,2,receiver_storage,observed_python_opcode_events,751
parity_reassociation_n6,fresh,P-FRESH,2,request_encoding,bounded_native_c_call_events,775
parity_reassociation_n6,fresh,P-FRESH,2,request_encoding,observed_python_opcode_events,20870
parity_reassociation_n6,fresh,P-FRESH,2,terminal,bounded_native_c_call_events,370
parity_reassociation_n6,fresh,P-FRESH,2,terminal,candidate_publication_events,1
parity_reassociation_n6,fresh,P-FRESH,2,terminal,current_receipt_output_bytes,2996
parity_reassociation_n6,fresh,P-FRESH,2,terminal,delivery_events,1
parity_reassociation_n6,fresh,P-FRESH,2,terminal,observed_python_opcode_events,9983
parity_reassociation_n6,fresh,P-FRESH,3,coordination,bounded_native_c_call_events,10
parity_reassociation_n6,fresh,P-FRESH,3,coordination,observed_python_opcode_events,595
parity_reassociation_n6,fresh,P-FRESH,3,producer_build,bounded_native_c_call_events,67827
parity_reassociation_n6,fresh,P-FRESH,3,producer_build,observed_python_opcode_events,1436173
parity_reassociation_n6,fresh,P-FRESH,3,producer_export,bounded_native_c_call_events,7
parity_reassociation_n6,fresh,P-FRESH,3,producer_export,observed_python_opcode_events,4749
parity_reassociation_n6,fresh,P-FRESH,3,producer_export,proof_output_bytes,1947
parity_reassociation_n6,fresh,P-FRESH,3,producer_input,bounded_native_c_call_events,745
parity_reassociation_n6,fresh,P-FRESH,3,producer_input,current_request_bytes,1505
parity_reassociation_n6,fresh,P-FRESH,3,producer_input,observed_python_opcode_events,62070
parity_reassociation_n6,fresh,P-FRESH,3,producer_storage,bounded_native_c_call_events,286
parity_reassociation_n6,fresh,P-FRESH,3,producer_storage,live_serialized_byte_periods,7132
parity_reassociation_n6,fresh,P-FRESH,3,producer_storage,observed_python_opcode_events,8311
parity_reassociation_n6,fresh,P-FRESH,3,receiver_check,bounded_native_c_call_events,21448
parity_reassociation_n6,fresh,P-FRESH,3,receiver_check,observed_python_opcode_events,416733
parity_reassociation_n6,fresh,P-FRESH,3,receiver_import,bounded_native_c_call_events,75
parity_reassociation_n6,fresh,P-FRESH,3,receiver_import,observed_python_opcode_events,33138
parity_reassociation_n6,fresh,P-FRESH,3,receiver_init,observed_python_opcode_events,4
parity_reassociation_n6,fresh,P-FRESH,3,receiver_input,bounded_native_c_call_events,745
parity_reassociation_n6,fresh,P-FRESH,3,receiver_input,current_request_bytes,1505
parity_reassociation_n6,fresh,P-FRESH,3,receiver_input,observed_python_opcode_events,62070
parity_reassociation_n6,fresh,P-FRESH,3,receiver_input,proof_input_bytes,1947
parity_reassociation_n6,fresh,P-FRESH,3,receiver_storage,bounded_native_c_call_events,16
parity_reassociation_n6,fresh,P-FRESH,3,receiver_storage,live_serialized_byte_periods,9276
parity_reassociation_n6,fresh,P-FRESH,3,receiver_storage,observed_python_opcode_events,751
parity_reassociation_n6,fresh,P-FRESH,3,request_encoding,bounded_native_c_call_events,775
parity_reassociation_n6,fresh,P-FRESH,3,request_encoding,observed_python_opcode_events,20870
parity_reassociation_n6,fresh,P-FRESH,3,terminal,bounded_native_c_call_events,370
parity_reassociation_n6,fresh,P-FRESH,3,terminal,candidate_publication_events,1
parity_reassociation_n6,fresh,P-FRESH,3,terminal,current_receipt_output_bytes,3000
parity_reassociation_n6,fresh,P-FRESH,3,terminal,delivery_events,1
parity_reassociation_n6,fresh,P-FRESH,3,terminal,observed_python_opcode_events,9983
parity_reassociation_n6,fresh,P-FRESH,4,coordination,bounded_native_c_call_events,10
parity_reassociation_n6,fresh,P-FRESH,4,coordination,observed_python_opcode_events,595
parity_reassociation_n6,fresh,P-FRESH,4,producer_build,bounded_native_c_call_events,144352
parity_reassociation_n6,fresh,P-FRESH,4,producer_build,observed_python_opcode_events,3033672
parity_reassociation_n6,fresh,P-FRESH,4,producer_export,bounded_native_c_call_events,7
parity_reassociation_n6,fresh,P-FRESH,4,producer_export,observed_python_opcode_events,8521
parity_reassociation_n6,fresh,P-FRESH,4,producer_export,proof_output_bytes,2374
parity_reassociation_n6,fresh,P-FRESH,4,producer_input,bounded_native_c_call_events,760
parity_reassociation_n6,fresh,P-FRESH,4,producer_input,current_request_bytes,1514
parity_reassociation_n6,fresh,P-FRESH,4,producer_input,observed_python_opcode_events,62832
parity_reassociation_n6,fresh,P-FRESH,4,producer_storage,bounded_native_c_call_events,286
parity_reassociation_n6,fresh,P-FRESH,4,producer_storage,live_serialized_byte_periods,7640
parity_reassociation_n6,fresh,P-FRESH,4,producer_storage,observed_python_opcode_events,8311
parity_reassociation_n6,fresh,P-FRESH,4,receiver_check,bounded_native_c_call_events,44807
parity_reassociation_n6,fresh,P-FRESH,4,receiver_check,observed_python_opcode_events,865662
parity_reassociation_n6,fresh,P-FRESH,4,receiver_import,bounded_native_c_call_events,109
parity_reassociation_n6,fresh,P-FRESH,4,receiver_import,observed_python_opcode_events,43501
parity_reassociation_n6,fresh,P-FRESH,4,receiver_init,observed_python_opcode_events,4
parity_reassociation_n6,fresh,P-FRESH,4,receiver_input,bounded_native_c_call_events,760
parity_reassociation_n6,fresh,P-FRESH,4,receiver_input,current_request_bytes,1514
parity_reassociation_n6,fresh,P-FRESH,4,receiver_input,observed_python_opcode_events,62832
parity_reassociation_n6,fresh,P-FRESH,4,receiver_input,proof_input_bytes,2374
parity_reassociation_n6,fresh,P-FRESH,4,receiver_storage,bounded_native_c_call_events,16
parity_reassociation_n6,fresh,P-FRESH,4,receiver_storage,live_serialized_byte_periods,9799
parity_reassociation_n6,fresh,P-FRESH,4,receiver_storage,observed_python_opcode_events,751
parity_reassociation_n6,fresh,P-FRESH,4,request_encoding,bounded_native_c_call_events,796
parity_reassociation_n6,fresh,P-FRESH,4,request_encoding,observed_python_opcode_events,21370
parity_reassociation_n6,fresh,P-FRESH,4,terminal,bounded_native_c_call_events,384
parity_reassociation_n6,fresh,P-FRESH,4,terminal,candidate_publication_events,1
parity_reassociation_n6,fresh,P-FRESH,4,terminal,current_receipt_output_bytes,3011
parity_reassociation_n6,fresh,P-FRESH,4,terminal,delivery_events,1
parity_reassociation_n6,fresh,P-FRESH,4,terminal,observed_python_opcode_events,10347
parity_reassociation_n6,fresh,P-FRESH,5,coordination,bounded_native_c_call_events,10
parity_reassociation_n6,fresh,P-FRESH,5,coordination,observed_python_opcode_events,595
parity_reassociation_n6,fresh,P-FRESH,5,producer_build,bounded_native_c_call_events,146209
parity_reassociation_n6,fresh,P-FRESH,5,producer_build,observed_python_opcode_events,3134903
parity_reassociation_n6,fresh,P-FRESH,5,producer_export,bounded_native_c_call_events,7
parity_reassociation_n6,fresh,P-FRESH,5,producer_export,observed_python_opcode_events,9281
parity_reassociation_n6,fresh,P-FRESH,5,producer_export,proof_output_bytes,2476
parity_reassociation_n6,fresh,P-FRESH,5,producer_input,bounded_native_c_call_events,774
parity_reassociation_n6,fresh,P-FRESH,5,producer_input,current_request_bytes,1526
parity_reassociation_n6,fresh,P-FRESH,5,producer_input,observed_python_opcode_events,63519
parity_reassociation_n6,fresh,P-FRESH,5,producer_storage,bounded_native_c_call_events,286
parity_reassociation_n6,fresh,P-FRESH,5,producer_storage,live_serialized_byte_periods,7786
parity_reassociation_n6,fresh,P-FRESH,5,producer_storage,observed_python_opcode_events,8311
parity_reassociation_n6,fresh,P-FRESH,5,receiver_check,bounded_native_c_call_events,34164
parity_reassociation_n6,fresh,P-FRESH,5,receiver_check,observed_python_opcode_events,665270
parity_reassociation_n6,fresh,P-FRESH,5,receiver_import,bounded_native_c_call_events,125
parity_reassociation_n6,fresh,P-FRESH,5,receiver_import,observed_python_opcode_events,45991
parity_reassociation_n6,fresh,P-FRESH,5,receiver_init,observed_python_opcode_events,4
parity_reassociation_n6,fresh,P-FRESH,5,receiver_input,bounded_native_c_call_events,774
parity_reassociation_n6,fresh,P-FRESH,5,receiver_input,current_request_bytes,1526
parity_reassociation_n6,fresh,P-FRESH,5,receiver_input,observed_python_opcode_events,63519
parity_reassociation_n6,fresh,P-FRESH,5,receiver_input,proof_input_bytes,2476
parity_reassociation_n6,fresh,P-FRESH,5,receiver_storage,bounded_native_c_call_events,16
parity_reassociation_n6,fresh,P-FRESH,5,receiver_storage,live_serialized_byte_periods,9959
parity_reassociation_n6,fresh,P-FRESH,5,receiver_storage,observed_python_opcode_events,751
parity_reassociation_n6,fresh,P-FRESH,5,request_encoding,bounded_native_c_call_events,811
parity_reassociation_n6,fresh,P-FRESH,5,request_encoding,observed_python_opcode_events,21712
parity_reassociation_n6,fresh,P-FRESH,5,terminal,bounded_native_c_call_events,394
parity_reassociation_n6,fresh,P-FRESH,5,terminal,candidate_publication_events,1
parity_reassociation_n6,fresh,P-FRESH,5,terminal,current_receipt_output_bytes,3021
parity_reassociation_n6,fresh,P-FRESH,5,terminal,delivery_events,1
parity_reassociation_n6,fresh,P-FRESH,5,terminal,observed_python_opcode_events,10507
parity_reassociation_n6,fresh,P-FRESH,6,coordination,bounded_native_c_call_events,10
parity_reassociation_n6,fresh,P-FRESH,6,coordination,observed_python_opcode_events,595
parity_reassociation_n6,fresh,P-FRESH,6,producer_build,bounded_native_c_call_events,137974
parity_reassociation_n6,fresh,P-FRESH,6,producer_build,observed_python_opcode_events,2902097
parity_reassociation_n6,fresh,P-FRESH,6,producer_export,bounded_native_c_call_events,7
parity_reassociation_n6,fresh,P-FRESH,6,producer_export,observed_python_opcode_events,8309
parity_reassociation_n6,fresh,P-FRESH,6,producer_export,proof_output_bytes,2427
parity_reassociation_n6,fresh,P-FRESH,6,producer_input,bounded_native_c_call_events,827
parity_reassociation_n6,fresh,P-FRESH,6,producer_input,current_request_bytes,1590
parity_reassociation_n6,fresh,P-FRESH,6,producer_input,observed_python_opcode_events,65983
parity_reassociation_n6,fresh,P-FRESH,6,producer_storage,bounded_native_c_call_events,286
parity_reassociation_n6,fresh,P-FRESH,6,producer_storage,live_serialized_byte_periods,7821
parity_reassociation_n6,fresh,P-FRESH,6,producer_storage,observed_python_opcode_events,8311
parity_reassociation_n6,fresh,P-FRESH,6,receiver_check,bounded_native_c_call_events,43324
parity_reassociation_n6,fresh,P-FRESH,6,receiver_check,observed_python_opcode_events,836809
parity_reassociation_n6,fresh,P-FRESH,6,receiver_import,bounded_native_c_call_events,105
parity_reassociation_n6,fresh,P-FRESH,6,receiver_import,observed_python_opcode_events,43928
parity_reassociation_n6,fresh,P-FRESH,6,receiver_init,observed_python_opcode_events,4
parity_reassociation_n6,fresh,P-FRESH,6,receiver_input,bounded_native_c_call_events,827
parity_reassociation_n6,fresh,P-FRESH,6,receiver_input,current_request_bytes,1590
parity_reassociation_n6,fresh,P-FRESH,6,receiver_input,observed_python_opcode_events,65983
parity_reassociation_n6,fresh,P-FRESH,6,receiver_input,proof_input_bytes,2427
parity_reassociation_n6,fresh,P-FRESH,6,receiver_storage,bounded_native_c_call_events,16
parity_reassociation_n6,fresh,P-FRESH,6,receiver_storage,live_serialized_byte_periods,10082
parity_reassociation_n6,fresh,P-FRESH,6,receiver_storage,observed_python_opcode_events,751
parity_reassociation_n6,fresh,P-FRESH,6,request_encoding,bounded_native_c_call_events,830
parity_reassociation_n6,fresh,P-FRESH,6,request_encoding,observed_python_opcode_events,22308
parity_reassociation_n6,fresh,P-FRESH,6,terminal,bounded_native_c_call_events,428
parity_reassociation_n6,fresh,P-FRESH,6,terminal,candidate_publication_events,1
parity_reassociation_n6,fresh,P-FRESH,6,terminal,current_receipt_output_bytes,3085
parity_reassociation_n6,fresh,P-FRESH,6,terminal,delivery_events,1
parity_reassociation_n6,fresh,P-FRESH,6,terminal,observed_python_opcode_events,11384
parity_reassociation_n6,fresh,P-REUSE,1,common_source,bounded_native_c_call_events,371
parity_reassociation_n6,fresh,P-REUSE,1,common_source,observed_python_opcode_events,32551
parity_reassociation_n6,fresh,P-REUSE,1,common_source,source_hash_bytes_prepaid,197956
parity_reassociation_n6,fresh,P-REUSE,1,common_source,source_length_probe_bytes_prepaid,8
parity_reassociation_n6,fresh,P-REUSE,1,common_source,source_program_bytes_prepaid,197956
parity_reassociation_n6,fresh,P-REUSE,1,common_source,source_record_bytes,1199
parity_reassociation_n6,fresh,P-REUSE,1,coordination,bounded_native_c_call_events,17
parity_reassociation_n6,fresh,P-REUSE,1,coordination,observed_python_opcode_events,1099
parity_reassociation_n6,fresh,P-REUSE,1,producer_build,bounded_native_c_call_events,1962
parity_reassociation_n6,fresh,P-REUSE,1,producer_build,observed_python_opcode_events,49968
parity_reassociation_n6,fresh,P-REUSE,1,producer_export,bounded_native_c_call_events,9
parity_reassociation_n6,fresh,P-REUSE,1,producer_export,observed_python_opcode_events,1902
parity_reassociation_n6,fresh,P-REUSE,1,producer_export,proof_output_bytes,2942
parity_reassociation_n6,fresh,P-REUSE,1,producer_init,observed_python_opcode_events,4
parity_reassociation_n6,fresh,P-REUSE,1,producer_input,bounded_native_c_call_events,716
parity_reassociation_n6,fresh,P-REUSE,1,producer_input,current_request_bytes,1480
parity_reassociation_n6,fresh,P-REUSE,1,producer_input,observed_python_opcode_events,60567
parity_reassociation_n6,fresh,P-REUSE,1,producer_old_admission,bounded_native_c_call_events,23064
parity_reassociation_n6,fresh,P-REUSE,1,producer_old_admission,observed_python_opcode_events,604862
parity_reassociation_n6,fresh,P-REUSE,1,producer_old_build,bounded_native_c_call_events,45421
parity_reassociation_n6,fresh,P-REUSE,1,producer_old_build,observed_python_opcode_events,1176289
parity_reassociation_n6,fresh,P-REUSE,1,producer_old_export,bounded_native_c_call_events,278
parity_reassociation_n6,fresh,P-REUSE,1,producer_old_export,observed_python_opcode_events,20818
parity_reassociation_n6,fresh,P-REUSE,1,producer_old_export,old_proof_output_bytes,3142
parity_reassociation_n6,fresh,P-REUSE,1,producer_old_input,bounded_native_c_call_events,1345
parity_reassociation_n6,fresh,P-REUSE,1,producer_old_input,observed_python_opcode_events,77263
parity_reassociation_n6,fresh,P-REUSE,1,producer_old_input,old_request_bytes,1429
parity_reassociation_n6,fresh,P-REUSE,1,producer_storage,bounded_native_c_call_events,847
parity_reassociation_n6,fresh,P-REUSE,1,producer_storage,live_serialized_byte_periods,27087
parity_reassociation_n6,fresh,P-REUSE,1,producer_storage,observed_python_opcode_events,23480
parity_reassociation_n6,fresh,P-REUSE,1,receiver_check,bounded_native_c_call_events,2078
parity_reassociation_n6,fresh,P-REUSE,1,receiver_check,observed_python_opcode_events,53701
parity_reassociation_n6,fresh,P-REUSE,1,receiver_import,bounded_native_c_call_events,81
parity_reassociation_n6,fresh,P-REUSE,1,receiver_import,observed_python_opcode_events,44180
parity_reassociation_n6,fresh,P-REUSE,1,receiver_init,observed_python_opcode_events,4
parity_reassociation_n6,fresh,P-REUSE,1,receiver_input,bounded_native_c_call_events,716
parity_reassociation_n6,fresh,P-REUSE,1,receiver_input,current_request_bytes,1480
parity_reassociation_n6,fresh,P-REUSE,1,receiver_input,observed_python_opcode_events,60567
parity_reassociation_n6,fresh,P-REUSE,1,receiver_input,proof_input_bytes,2942
parity_reassociation_n6,fresh,P-REUSE,1,receiver_old_check,bounded_native_c_call_events,23064
parity_reassociation_n6,fresh,P-REUSE,1,receiver_old_check,observed_python_opcode_events,604861
parity_reassociation_n6,fresh,P-REUSE,1,receiver_old_import,bounded_native_c_call_events,776
parity_reassociation_n6,fresh,P-REUSE,1,receiver_old_import,observed_python_opcode_events,98437
parity_reassociation_n6,fresh,P-REUSE,1,receiver_old_input,bounded_native_c_call_events,1345
parity_reassociation_n6,fresh,P-REUSE,1,receiver_old_input,observed_python_opcode_events,77263
parity_reassociation_n6,fresh,P-REUSE,1,receiver_old_input,old_proof_input_bytes,3142
parity_reassociation_n6,fresh,P-REUSE,1,receiver_old_input,old_request_bytes,1429
parity_reassociation_n6,fresh,P-REUSE,1,receiver_storage,bounded_native_c_call_events,575
parity_reassociation_n6,fresh,P-REUSE,1,receiver_storage,live_serialized_byte_periods,18859
parity_reassociation_n6,fresh,P-REUSE,1,receiver_storage,observed_python_opcode_events,15653
parity_reassociation_n6,fresh,P-REUSE,1,request_encoding,bounded_native_c_call_events,739
parity_reassociation_n6,fresh,P-REUSE,1,request_encoding,observed_python_opcode_events,20060
parity_reassociation_n6,fresh,P-REUSE,1,terminal,bounded_native_c_call_events,338
parity_reassociation_n6,fresh,P-REUSE,1,terminal,candidate_publication_events,1
parity_reassociation_n6,fresh,P-REUSE,1,terminal,current_receipt_output_bytes,2975
parity_reassociation_n6,fresh,P-REUSE,1,terminal,delivery_events,1
parity_reassociation_n6,fresh,P-REUSE,1,terminal,observed_python_opcode_events,9239
parity_reassociation_n6,fresh,P-REUSE,2,coordination,bounded_native_c_call_events,12
parity_reassociation_n6,fresh,P-REUSE,2,coordination,observed_python_opcode_events,808
parity_reassociation_n6,fresh,P-REUSE,2,producer_build,bounded_native_c_call_events,2229
parity_reassociation_n6,fresh,P-REUSE,2,producer_build,observed_python_opcode_events,54747
parity_reassociation_n6,fresh,P-REUSE,2,producer_export,bounded_native_c_call_events,9
parity_reassociation_n6,fresh,P-REUSE,2,producer_export,observed_python_opcode_events,1902
parity_reassociation_n6,fresh,P-REUSE,2,producer_export,proof_output_bytes,2963
parity_reassociation_n6,fresh,P-REUSE,2,producer_input,bounded_native_c_call_events,745
parity_reassociation_n6,fresh,P-REUSE,2,producer_input,current_request_bytes,1501
parity_reassociation_n6,fresh,P-REUSE,2,producer_input,observed_python_opcode_events,61950
parity_reassociation_n6,fresh,P-REUSE,2,producer_storage,bounded_native_c_call_events,560
parity_reassociation_n6,fresh,P-REUSE,2,producer_storage,live_serialized_byte_periods,14934
parity_reassociation_n6,fresh,P-REUSE,2,producer_storage,observed_python_opcode_events,15606
parity_reassociation_n6,fresh,P-REUSE,2,receiver_check,bounded_native_c_call_events,2337
parity_reassociation_n6,fresh,P-REUSE,2,receiver_check,observed_python_opcode_events,58291
parity_reassociation_n6,fresh,P-REUSE,2,receiver_import,bounded_native_c_call_events,81
parity_reassociation_n6,fresh,P-REUSE,2,receiver_import,observed_python_opcode_events,44463
parity_reassociation_n6,fresh,P-REUSE,2,receiver_init,observed_python_opcode_events,4
parity_reassociation_n6,fresh,P-REUSE,2,receiver_input,bounded_native_c_call_events,745
parity_reassociation_n6,fresh,P-REUSE,2,receiver_input,current_request_bytes,1501
parity_reassociation_n6,fresh,P-REUSE,2,receiver_input,observed_python_opcode_events,61950
parity_reassociation_n6,fresh,P-REUSE,2,receiver_input,proof_input_bytes,2963
parity_reassociation_n6,fresh,P-REUSE,2,receiver_old_check,bounded_native_c_call_events,23064
parity_reassociation_n6,fresh,P-REUSE,2,receiver_old_check,observed_python_opcode_events,604861
parity_reassociation_n6,fresh,P-REUSE,2,receiver_old_import,bounded_native_c_call_events,776
parity_reassociation_n6,fresh,P-REUSE,2,receiver_old_import,observed_python_opcode_events,98437
parity_reassociation_n6,fresh,P-REUSE,2,receiver_old_input,bounded_native_c_call_events,1345
parity_reassociation_n6,fresh,P-REUSE,2,receiver_old_input,observed_python_opcode_events,77263
parity_reassociation_n6,fresh,P-REUSE,2,receiver_old_input,old_proof_input_bytes,3142
parity_reassociation_n6,fresh,P-REUSE,2,receiver_old_input,old_request_bytes,1429
parity_reassociation_n6,fresh,P-REUSE,2,receiver_storage,bounded_native_c_call_events,575
parity_reassociation_n6,fresh,P-REUSE,2,receiver_storage,live_serialized_byte_periods,18946
parity_reassociation_n6,fresh,P-REUSE,2,receiver_storage,observed_python_opcode_events,15653
parity_reassociation_n6,fresh,P-REUSE,2,request_encoding,bounded_native_c_call_events,775
parity_reassociation_n6,fresh,P-REUSE,2,request_encoding,observed_python_opcode_events,20870
parity_reassociation_n6,fresh,P-REUSE,2,terminal,bounded_native_c_call_events,370
parity_reassociation_n6,fresh,P-REUSE,2,terminal,candidate_publication_events,1
parity_reassociation_n6,fresh,P-REUSE,2,terminal,current_receipt_output_bytes,2996
parity_reassociation_n6,fresh,P-REUSE,2,terminal,delivery_events,1
parity_reassociation_n6,fresh,P-REUSE,2,terminal,observed_python_opcode_events,9983
parity_reassociation_n6,fresh,P-REUSE,3,coordination,bounded_native_c_call_events,12
parity_reassociation_n6,fresh,P-REUSE,3,coordination,observed_python_opcode_events,808
parity_reassociation_n6,fresh,P-REUSE,3,producer_build,bounded_native_c_call_events,2223
parity_reassociation_n6,fresh,P-REUSE,3,producer_build,observed_python_opcode_events,54561
parity_reassociation_n6,fresh,P-REUSE,3,producer_export,bounded_native_c_call_events,9
parity_reassociation_n6,fresh,P-REUSE,3,producer_export,observed_python_opcode_events,1902
parity_reassociation_n6,fresh,P-REUSE,3,producer_export,proof_output_bytes,2967
parity_reassociation_n6,fresh,P-REUSE,3,producer_input,bounded_native_c_call_events,745
parity_reassociation_n6,fresh,P-REUSE,3,producer_input,current_request_bytes,1505
parity_reassociation_n6,fresh,P-REUSE,3,producer_input,observed_python_opcode_events,62070
parity_reassociation_n6,fresh,P-REUSE,3,producer_storage,bounded_native_c_call_events,560
parity_reassociation_n6,fresh,P-REUSE,3,producer_storage,live_serialized_byte_periods,14942
parity_reassociation_n6,fresh,P-REUSE,3,producer_storage,observed_python_opcode_events,15606
parity_reassociation_n6,fresh,P-REUSE,3,receiver_check,bounded_native_c_call_events,2331
parity_reassociation_n6,fresh,P-REUSE,3,receiver_check,observed_python_opcode_events,58105
parity_reassociation_n6,fresh,P-REUSE,3,receiver_import,bounded_native_c_call_events,81
parity_reassociation_n6,fresh,P-REUSE,3,receiver_import,observed_python_opcode_events,44523
parity_reassociation_n6,fresh,P-REUSE,3,receiver_init,observed_python_opcode_events,4
parity_reassociation_n6,fresh,P-REUSE,3,receiver_input,bounded_native_c_call_events,745
parity_reassociation_n6,fresh,P-REUSE,3,receiver_input,current_request_bytes,1505
parity_reassociation_n6,fresh,P-REUSE,3,receiver_input,observed_python_opcode_events,62070
parity_reassociation_n6,fresh,P-REUSE,3,receiver_input,proof_input_bytes,2967
parity_reassociation_n6,fresh,P-REUSE,3,receiver_old_check,bounded_native_c_call_events,23064
parity_reassociation_n6,fresh,P-REUSE,3,receiver_old_check,observed_python_opcode_events,604861
parity_reassociation_n6,fresh,P-REUSE,3,receiver_old_import,bounded_native_c_call_events,776
parity_reassociation_n6,fresh,P-REUSE,3,receiver_old_import,observed_python_opcode_events,98437
parity_reassociation_n6,fresh,P-REUSE,3,receiver_old_input,bounded_native_c_call_events,1345
parity_reassociation_n6,fresh,P-REUSE,3,receiver_old_input,observed_python_opcode_events,77263
parity_reassociation_n6,fresh,P-REUSE,3,receiver_old_input,old_proof_input_bytes,3142
parity_reassociation_n6,fresh,P-REUSE,3,receiver_old_input,old_request_bytes,1429
parity_reassociation_n6,fresh,P-REUSE,3,receiver_storage,bounded_native_c_call_events,575
parity_reassociation_n6,fresh,P-REUSE,3,receiver_storage,live_serialized_byte_periods,18958
parity_reassociation_n6,fresh,P-REUSE,3,receiver_storage,observed_python_opcode_events,15653
parity_reassociation_n6,fresh,P-REUSE,3,request_encoding,bounded_native_c_call_events,775
parity_reassociation_n6,fresh,P-REUSE,3,request_encoding,observed_python_opcode_events,20870
parity_reassociation_n6,fresh,P-REUSE,3,terminal,bounded_native_c_call_events,370
parity_reassociation_n6,fresh,P-REUSE,3,terminal,candidate_publication_events,1
parity_reassociation_n6,fresh,P-REUSE,3,terminal,current_receipt_output_bytes,3000
parity_reassociation_n6,fresh,P-REUSE,3,terminal,delivery_events,1
parity_reassociation_n6,fresh,P-REUSE,3,terminal,observed_python_opcode_events,9983
parity_reassociation_n6,fresh,P-REUSE,4,coordination,bounded_native_c_call_events,12
parity_reassociation_n6,fresh,P-REUSE,4,coordination,observed_python_opcode_events,808
parity_reassociation_n6,fresh,P-REUSE,4,producer_build,bounded_native_c_call_events,2410
parity_reassociation_n6,fresh,P-REUSE,4,producer_build,observed_python_opcode_events,58295
parity_reassociation_n6,fresh,P-REUSE,4,producer_export,bounded_native_c_call_events,9
parity_reassociation_n6,fresh,P-REUSE,4,producer_export,observed_python_opcode_events,1902
parity_reassociation_n6,fresh,P-REUSE,4,producer_export,proof_output_bytes,2976
parity_reassociation_n6,fresh,P-REUSE,4,producer_input,bounded_native_c_call_events,760
parity_reassociation_n6,fresh,P-REUSE,4,producer_input,current_request_bytes,1514
parity_reassociation_n6,fresh,P-REUSE,4,producer_input,observed_python_opcode_events,62832
parity_reassociation_n6,fresh,P-REUSE,4,producer_storage,bounded_native_c_call_events,560
parity_reassociation_n6,fresh,P-REUSE,4,producer_storage,live_serialized_byte_periods,14968
parity_reassociation_n6,fresh,P-REUSE,4,producer_storage,observed_python_opcode_events,15606
parity_reassociation_n6,fresh,P-REUSE,4,receiver_check,bounded_native_c_call_events,2518
parity_reassociation_n6,fresh,P-REUSE,4,receiver_check,observed_python_opcode_events,61845
parity_reassociation_n6,fresh,P-REUSE,4,receiver_import,bounded_native_c_call_events,81
parity_reassociation_n6,fresh,P-REUSE,4,receiver_import,observed_python_opcode_events,44642
parity_reassociation_n6,fresh,P-REUSE,4,receiver_init,observed_python_opcode_events,4
parity_reassociation_n6,fresh,P-REUSE,4,receiver_input,bounded_native_c_call_events,760
parity_reassociation_n6,fresh,P-REUSE,4,receiver_input,current_request_bytes,1514
parity_reassociation_n6,fresh,P-REUSE,4,receiver_input,observed_python_opcode_events,62832
parity_reassociation_n6,fresh,P-REUSE,4,receiver_input,proof_input_bytes,2976
parity_reassociation_n6,fresh,P-REUSE,4,receiver_old_check,bounded_native_c_call_events,23064
parity_reassociation_n6,fresh,P-REUSE,4,receiver_old_check,observed_python_opcode_events,604861
parity_reassociation_n6,fresh,P-REUSE,4,receiver_old_import,bounded_native_c_call_events,776
parity_reassociation_n6,fresh,P-REUSE,4,receiver_old_import,observed_python_opcode_events,98437
parity_reassociation_n6,fresh,P-REUSE,4,receiver_old_input,bounded_native_c_call_events,1345
parity_reassociation_n6,fresh,P-REUSE,4,receiver_old_input,observed_python_opcode_events,77263
parity_reassociation_n6,fresh,P-REUSE,4,receiver_old_input,old_proof_input_bytes,3142
parity_reassociation_n6,fresh,P-REUSE,4,receiver_old_input,old_request_bytes,1429
parity_reassociation_n6,fresh,P-REUSE,4,receiver_storage,bounded_native_c_call_events,575
parity_reassociation_n6,fresh,P-REUSE,4,receiver_storage,live_serialized_byte_periods,18999
parity_reassociation_n6,fresh,P-REUSE,4,receiver_storage,observed_python_opcode_events,15653
parity_reassociation_n6,fresh,P-REUSE,4,request_encoding,bounded_native_c_call_events,796
parity_reassociation_n6,fresh,P-REUSE,4,request_encoding,observed_python_opcode_events,21370
parity_reassociation_n6,fresh,P-REUSE,4,terminal,bounded_native_c_call_events,384
parity_reassociation_n6,fresh,P-REUSE,4,terminal,candidate_publication_events,1
parity_reassociation_n6,fresh,P-REUSE,4,terminal,current_receipt_output_bytes,3011
parity_reassociation_n6,fresh,P-REUSE,4,terminal,delivery_events,1
parity_reassociation_n6,fresh,P-REUSE,4,terminal,observed_python_opcode_events,10347
parity_reassociation_n6,fresh,P-REUSE,5,coordination,bounded_native_c_call_events,12
parity_reassociation_n6,fresh,P-REUSE,5,coordination,observed_python_opcode_events,808
parity_reassociation_n6,fresh,P-REUSE,5,producer_build,bounded_native_c_call_events,2407
parity_reassociation_n6,fresh,P-REUSE,5,producer_build,observed_python_opcode_events,58367
parity_reassociation_n6,fresh,P-REUSE,5,producer_export,bounded_native_c_call_events,9
parity_reassociation_n6,fresh,P-REUSE,5,producer_export,observed_python_opcode_events,1902
parity_reassociation_n6,fresh,P-REUSE,5,producer_export,proof_output_bytes,2988
parity_reassociation_n6,fresh,P-REUSE,5,producer_input,bounded_native_c_call_events,774
parity_reassociation_n6,fresh,P-REUSE,5,producer_input,current_request_bytes,1526
parity_reassociation_n6,fresh,P-REUSE,5,producer_input,observed_python_opcode_events,63519
parity_reassociation_n6,fresh,P-REUSE,5,producer_storage,bounded_native_c_call_events,560
parity_reassociation_n6,fresh,P-REUSE,5,producer_storage,live_serialized_byte_periods,15000
parity_reassociation_n6,fresh,P-REUSE,5,producer_storage,observed_python_opcode_events,15606
parity_reassociation_n6,fresh,P-REUSE,5,receiver_check,bounded_native_c_call_events,2509
parity_reassociation_n6,fresh,P-REUSE,5,receiver_check,observed_python_opcode_events,61863
parity_reassociation_n6,fresh,P-REUSE,5,receiver_import,bounded_native_c_call_events,81
parity_reassociation_n6,fresh,P-REUSE,5,receiver_import,observed_python_opcode_events,44806
parity_reassociation_n6,fresh,P-REUSE,5,receiver_init,observed_python_opcode_events,4
parity_reassociation_n6,fresh,P-REUSE,5,receiver_input,bounded_native_c_call_events,774
parity_reassociation_n6,fresh,P-REUSE,5,receiver_input,current_request_bytes,1526
parity_reassociation_n6,fresh,P-REUSE,5,receiver_input,observed_python_opcode_events,63519
parity_reassociation_n6,fresh,P-REUSE,5,receiver_input,proof_input_bytes,2988
parity_reassociation_n6,fresh,P-REUSE,5,receiver_old_check,bounded_native_c_call_events,23064
parity_reassociation_n6,fresh,P-REUSE,5,receiver_old_check,observed_python_opcode_events,604861
parity_reassociation_n6,fresh,P-REUSE,5,receiver_old_import,bounded_native_c_call_events,776
parity_reassociation_n6,fresh,P-REUSE,5,receiver_old_import,observed_python_opcode_events,98437
parity_reassociation_n6,fresh,P-REUSE,5,receiver_old_input,bounded_native_c_call_events,1345
parity_reassociation_n6,fresh,P-REUSE,5,receiver_old_input,observed_python_opcode_events,77263
parity_reassociation_n6,fresh,P-REUSE,5,receiver_old_input,old_proof_input_bytes,3142
parity_reassociation_n6,fresh,P-REUSE,5,receiver_old_input,old_request_bytes,1429
parity_reassociation_n6,fresh,P-REUSE,5,receiver_storage,bounded_native_c_call_events,575
parity_reassociation_n6,fresh,P-REUSE,5,receiver_storage,live_serialized_byte_periods,19045
parity_reassociation_n6,fresh,P-REUSE,5,receiver_storage,observed_python_opcode_events,15653
parity_reassociation_n6,fresh,P-REUSE,5,request_encoding,bounded_native_c_call_events,811
parity_reassociation_n6,fresh,P-REUSE,5,request_encoding,observed_python_opcode_events,21712
parity_reassociation_n6,fresh,P-REUSE,5,terminal,bounded_native_c_call_events,394
parity_reassociation_n6,fresh,P-REUSE,5,terminal,candidate_publication_events,1
parity_reassociation_n6,fresh,P-REUSE,5,terminal,current_receipt_output_bytes,3021
parity_reassociation_n6,fresh,P-REUSE,5,terminal,delivery_events,1
parity_reassociation_n6,fresh,P-REUSE,5,terminal,observed_python_opcode_events,10507
parity_reassociation_n6,fresh,P-REUSE,6,coordination,bounded_native_c_call_events,12
parity_reassociation_n6,fresh,P-REUSE,6,coordination,observed_python_opcode_events,808
parity_reassociation_n6,fresh,P-REUSE,6,producer_build,bounded_native_c_call_events,2426
parity_reassociation_n6,fresh,P-REUSE,6,producer_build,observed_python_opcode_events,58693
parity_reassociation_n6,fresh,P-REUSE,6,producer_export,bounded_native_c_call_events,9
parity_reassociation_n6,fresh,P-REUSE,6,producer_export,observed_python_opcode_events,1902
parity_reassociation_n6,fresh,P-REUSE,6,producer_export,proof_output_bytes,3052
parity_reassociation_n6,fresh,P-REUSE,6,producer_input,bounded_native_c_call_events,827
parity_reassociation_n6,fresh,P-REUSE,6,producer_input,current_request_bytes,1590
parity_reassociation_n6,fresh,P-REUSE,6,producer_input,observed_python_opcode_events,65983
parity_reassociation_n6,fresh,P-REUSE,6,producer_storage,bounded_native_c_call_events,560
parity_reassociation_n6,fresh,P-REUSE,6,producer_storage,live_serialized_byte_periods,15176
parity_reassociation_n6,fresh,P-REUSE,6,producer_storage,observed_python_opcode_events,15606
parity_reassociation_n6,fresh,P-REUSE,6,receiver_check,bounded_native_c_call_events,2511
parity_reassociation_n6,fresh,P-REUSE,6,receiver_check,observed_python_opcode_events,61680
parity_reassociation_n6,fresh,P-REUSE,6,receiver_import,bounded_native_c_call_events,81
parity_reassociation_n6,fresh,P-REUSE,6,receiver_import,observed_python_opcode_events,45670
parity_reassociation_n6,fresh,P-REUSE,6,receiver_init,observed_python_opcode_events,4
parity_reassociation_n6,fresh,P-REUSE,6,receiver_input,bounded_native_c_call_events,827
parity_reassociation_n6,fresh,P-REUSE,6,receiver_input,current_request_bytes,1590
parity_reassociation_n6,fresh,P-REUSE,6,receiver_input,observed_python_opcode_events,65983
parity_reassociation_n6,fresh,P-REUSE,6,receiver_input,proof_input_bytes,3052
parity_reassociation_n6,fresh,P-REUSE,6,receiver_old_check,bounded_native_c_call_events,23064
parity_reassociation_n6,fresh,P-REUSE,6,receiver_old_check,observed_python_opcode_events,604861
parity_reassociation_n6,fresh,P-REUSE,6,receiver_old_import,bounded_native_c_call_events,776
parity_reassociation_n6,fresh,P-REUSE,6,receiver_old_import,observed_python_opcode_events,98437
parity_reassociation_n6,fresh,P-REUSE,6,receiver_old_input,bounded_native_c_call_events,1345
parity_reassociation_n6,fresh,P-REUSE,6,receiver_old_input,observed_python_opcode_events,77263
parity_reassociation_n6,fresh,P-REUSE,6,receiver_old_input,old_proof_input_bytes,3142
parity_reassociation_n6,fresh,P-REUSE,6,receiver_old_input,old_request_bytes,1429
parity_reassociation_n6,fresh,P-REUSE,6,receiver_storage,bounded_native_c_call_events,575
parity_reassociation_n6,fresh,P-REUSE,6,receiver_storage,live_serialized_byte_periods,19309
parity_reassociation_n6,fresh,P-REUSE,6,receiver_storage,observed_python_opcode_events,15653
parity_reassociation_n6,fresh,P-REUSE,6,request_encoding,bounded_native_c_call_events,830
parity_reassociation_n6,fresh,P-REUSE,6,request_encoding,observed_python_opcode_events,22308
parity_reassociation_n6,fresh,P-REUSE,6,terminal,bounded_native_c_call_events,428
parity_reassociation_n6,fresh,P-REUSE,6,terminal,candidate_publication_events,1
parity_reassociation_n6,fresh,P-REUSE,6,terminal,current_receipt_output_bytes,3085
parity_reassociation_n6,fresh,P-REUSE,6,terminal,delivery_events,1
parity_reassociation_n6,fresh,P-REUSE,6,terminal,observed_python_opcode_events,11384
parity_reassociation_n6,resident,O-ADD-COLD,1,common_source,bounded_native_c_call_events,371
parity_reassociation_n6,resident,O-ADD-COLD,1,common_source,observed_python_opcode_events,32551
parity_reassociation_n6,resident,O-ADD-COLD,1,common_source,source_hash_bytes_prepaid,197956
parity_reassociation_n6,resident,O-ADD-COLD,1,common_source,source_length_probe_bytes_prepaid,8
parity_reassociation_n6,resident,O-ADD-COLD,1,common_source,source_program_bytes_prepaid,197956
parity_reassociation_n6,resident,O-ADD-COLD,1,common_source,source_record_bytes,1199
parity_reassociation_n6,resident,O-ADD-COLD,1,coordination,bounded_native_c_call_events,10
parity_reassociation_n6,resident,O-ADD-COLD,1,coordination,observed_python_opcode_events,625
parity_reassociation_n6,resident,O-ADD-COLD,1,producer_build,bounded_native_c_call_events,7497
parity_reassociation_n6,resident,O-ADD-COLD,1,producer_build,observed_python_opcode_events,265744
parity_reassociation_n6,resident,O-ADD-COLD,1,producer_export,bounded_native_c_call_events,8
parity_reassociation_n6,resident,O-ADD-COLD,1,producer_export,observed_python_opcode_events,260
parity_reassociation_n6,resident,O-ADD-COLD,1,producer_export,proof_output_bytes,8520
parity_reassociation_n6,resident,O-ADD-COLD,1,producer_init,bounded_native_c_call_events,19
parity_reassociation_n6,resident,O-ADD-COLD,1,producer_init,observed_python_opcode_events,853
parity_reassociation_n6,resident,O-ADD-COLD,1,producer_input,bounded_native_c_call_events,716
parity_reassociation_n6,resident,O-ADD-COLD,1,producer_input,current_request_bytes,1480
parity_reassociation_n6,resident,O-ADD-COLD,1,producer_input,observed_python_opcode_events,60567
parity_reassociation_n6,resident,O-ADD-COLD,1,producer_storage,bounded_native_c_call_events,575
parity_reassociation_n6,resident,O-ADD-COLD,1,producer_storage,live_serialized_byte_periods,28563
parity_reassociation_n6,resident,O-ADD-COLD,1,producer_storage,observed_python_opcode_events,116609
parity_reassociation_n6,resident,O-ADD-COLD,1,receiver_check,bounded_native_c_call_events,8242
parity_reassociation_n6,resident,O-ADD-COLD,1,receiver_check,observed_python_opcode_events,487171
parity_reassociation_n6,resident,O-ADD-COLD,1,receiver_init,bounded_native_c_call_events,130
parity_reassociation_n6,resident,O-ADD-COLD,1,receiver_init,observed_python_opcode_events,27985
parity_reassociation_n6,resident,O-ADD-COLD,1,receiver_input,bounded_native_c_call_events,716
parity_reassociation_n6,resident,O-ADD-COLD,1,receiver_input,current_request_bytes,1480
parity_reassociation_n6,resident,O-ADD-COLD,1,receiver_input,observed_python_opcode_events,60567
parity_reassociation_n6,resident,O-ADD-COLD,1,receiver_input,proof_input_bytes,8520
parity_reassociation_n6,resident,O-ADD-COLD,1,receiver_storage,bounded_native_c_call_events,22
parity_reassociation_n6,resident,O-ADD-COLD,1,receiver_storage,live_serialized_byte_periods,28282
parity_reassociation_n6,resident,O-ADD-COLD,1,receiver_storage,observed_python_opcode_events,54313
parity_reassociation_n6,resident,O-ADD-COLD,1,request_encoding,bounded_native_c_call_events,739
parity_reassociation_n6,resident,O-ADD-COLD,1,request_encoding,observed_python_opcode_events,20060
parity_reassociation_n6,resident,O-ADD-COLD,1,terminal,bounded_native_c_call_events,338
parity_reassociation_n6,resident,O-ADD-COLD,1,terminal,candidate_publication_events,1
parity_reassociation_n6,resident,O-ADD-COLD,1,terminal,current_receipt_output_bytes,2975
parity_reassociation_n6,resident,O-ADD-COLD,1,terminal,delivery_events,1
parity_reassociation_n6,resident,O-ADD-COLD,1,terminal,observed_python_opcode_events,9239
parity_reassociation_n6,resident,O-ADD-COLD,2,coordination,bounded_native_c_call_events,10
parity_reassociation_n6,resident,O-ADD-COLD,2,coordination,observed_python_opcode_events,604
parity_reassociation_n6,resident,O-ADD-COLD,2,producer_build,bounded_native_c_call_events,7618
parity_reassociation_n6,resident,O-ADD-COLD,2,producer_build,observed_python_opcode_events,269095
parity_reassociation_n6,resident,O-ADD-COLD,2,producer_export,bounded_native_c_call_events,8
parity_reassociation_n6,resident,O-ADD-COLD,2,producer_export,observed_python_opcode_events,260
parity_reassociation_n6,resident,O-ADD-COLD,2,producer_export,proof_output_bytes,8569
parity_reassociation_n6,resident,O-ADD-COLD,2,producer_init,bounded_native_c_call_events,19
parity_reassociation_n6,resident,O-ADD-COLD,2,producer_init,observed_python_opcode_events,853
parity_reassociation_n6,resident,O-ADD-COLD,2,producer_input,bounded_native_c_call_events,745
parity_reassociation_n6,resident,O-ADD-COLD,2,producer_input,current_request_bytes,1501
parity_reassociation_n6,resident,O-ADD-COLD,2,producer_input,observed_python_opcode_events,61950
parity_reassociation_n6,resident,O-ADD-COLD,2,producer_storage,bounded_native_c_call_events,581
parity_reassociation_n6,resident,O-ADD-COLD,2,producer_storage,live_serialized_byte_periods,28715
parity_reassociation_n6,resident,O-ADD-COLD,2,producer_storage,observed_python_opcode_events,117297
parity_reassociation_n6,resident,O-ADD-COLD,2,receiver_check,bounded_native_c_call_events,8343
parity_reassociation_n6,resident,O-ADD-COLD,2,receiver_check,observed_python_opcode_events,491255
parity_reassociation_n6,resident,O-ADD-COLD,2,receiver_init,bounded_native_c_call_events,130
parity_reassociation_n6,resident,O-ADD-COLD,2,receiver_init,observed_python_opcode_events,27985
parity_reassociation_n6,resident,O-ADD-COLD,2,receiver_input,bounded_native_c_call_events,745
parity_reassociation_n6,resident,O-ADD-COLD,2,receiver_input,current_request_bytes,1501
parity_reassociation_n6,resident,O-ADD-COLD,2,receiver_input,observed_python_opcode_events,61950
parity_reassociation_n6,resident,O-ADD-COLD,2,receiver_input,proof_input_bytes,8569
parity_reassociation_n6,resident,O-ADD-COLD,2,receiver_storage,bounded_native_c_call_events,22
parity_reassociation_n6,resident,O-ADD-COLD,2,receiver_storage,live_serialized_byte_periods,28464
parity_reassociation_n6,resident,O-ADD-COLD,2,receiver_storage,observed_python_opcode_events,54428
parity_reassociation_n6,resident,O-ADD-COLD,2,request_encoding,bounded_native_c_call_events,775
parity_reassociation_n6,resident,O-ADD-COLD,2,request_encoding,observed_python_opcode_events,20870
parity_reassociation_n6,resident,O-ADD-COLD,2,terminal,bounded_native_c_call_events,370
parity_reassociation_n6,resident,O-ADD-COLD,2,terminal,candidate_publication_events,1
parity_reassociation_n6,resident,O-ADD-COLD,2,terminal,current_receipt_output_bytes,2996
parity_reassociation_n6,resident,O-ADD-COLD,2,terminal,delivery_events,1
parity_reassociation_n6,resident,O-ADD-COLD,2,terminal,observed_python_opcode_events,9983
parity_reassociation_n6,resident,O-ADD-COLD,3,coordination,bounded_native_c_call_events,10
parity_reassociation_n6,resident,O-ADD-COLD,3,coordination,observed_python_opcode_events,604
parity_reassociation_n6,resident,O-ADD-COLD,3,producer_build,bounded_native_c_call_events,7815
parity_reassociation_n6,resident,O-ADD-COLD,3,producer_build,observed_python_opcode_events,273272
parity_reassociation_n6,resident,O-ADD-COLD,3,producer_export,bounded_native_c_call_events,8
parity_reassociation_n6,resident,O-ADD-COLD,3,producer_export,observed_python_opcode_events,260
parity_reassociation_n6,resident,O-ADD-COLD,3,producer_export,proof_output_bytes,8670
parity_reassociation_n6,resident,O-ADD-COLD,3,producer_init,bounded_native_c_call_events,19
parity_reassociation_n6,resident,O-ADD-COLD,3,producer_init,observed_python_opcode_events,853
parity_reassociation_n6,resident,O-ADD-COLD,3,producer_input,bounded_native_c_call_events,745
parity_reassociation_n6,resident,O-ADD-COLD,3,producer_input,current_request_bytes,1505
parity_reassociation_n6,resident,O-ADD-COLD,3,producer_input,observed_python_opcode_events,62070
parity_reassociation_n6,resident,O-ADD-COLD,3,producer_storage,bounded_native_c_call_events,601
parity_reassociation_n6,resident,O-ADD-COLD,3,producer_storage,live_serialized_byte_periods,29048
parity_reassociation_n6,resident,O-ADD-COLD,3,producer_storage,observed_python_opcode_events,119821
parity_reassociation_n6,resident,O-ADD-COLD,3,receiver_check,bounded_native_c_call_events,8516
parity_reassociation_n6,resident,O-ADD-COLD,3,receiver_check,observed_python_opcode_events,498369
parity_reassociation_n6,resident,O-ADD-COLD,3,receiver_init,bounded_native_c_call_events,130
parity_reassociation_n6,resident,O-ADD-COLD,3,receiver_init,observed_python_opcode_events,27985
parity_reassociation_n6,resident,O-ADD-COLD,3,receiver_input,bounded_native_c_call_events,745
parity_reassociation_n6,resident,O-ADD-COLD,3,receiver_input,current_request_bytes,1505
parity_reassociation_n6,resident,O-ADD-COLD,3,receiver_input,observed_python_opcode_events,62070
parity_reassociation_n6,resident,O-ADD-COLD,3,receiver_input,proof_input_bytes,8670
parity_reassociation_n6,resident,O-ADD-COLD,3,receiver_storage,bounded_native_c_call_events,22
parity_reassociation_n6,resident,O-ADD-COLD,3,receiver_storage,live_serialized_byte_periods,28734
parity_reassociation_n6,resident,O-ADD-COLD,3,receiver_storage,observed_python_opcode_events,56034
parity_reassociation_n6,resident,O-ADD-COLD,3,request_encoding,bounded_native_c_call_events,775
parity_reassociation_n6,resident,O-ADD-COLD,3,request_encoding,observed_python_opcode_events,20870
parity_reassociation_n6,resident,O-ADD-COLD,3,terminal,bounded_native_c_call_events,370
parity_reassociation_n6,resident,O-ADD-COLD,3,terminal,candidate_publication_events,1
parity_reassociation_n6,resident,O-ADD-COLD,3,terminal,current_receipt_output_bytes,3000
parity_reassociation_n6,resident,O-ADD-COLD,3,terminal,delivery_events,1
parity_reassociation_n6,resident,O-ADD-COLD,3,terminal,observed_python_opcode_events,9983
parity_reassociation_n6,resident,O-ADD-COLD,4,coordination,bounded_native_c_call_events,10
parity_reassociation_n6,resident,O-ADD-COLD,4,coordination,observed_python_opcode_events,604
parity_reassociation_n6,resident,O-ADD-COLD,4,producer_build,bounded_native_c_call_events,7685
parity_reassociation_n6,resident,O-ADD-COLD,4,producer_build,observed_python_opcode_events,269619
parity_reassociation_n6,resident,O-ADD-COLD,4,producer_export,bounded_native_c_call_events,8
parity_reassociation_n6,resident,O-ADD-COLD,4,producer_export,observed_python_opcode_events,260
parity_reassociation_n6,resident,O-ADD-COLD,4,producer_export,proof_output_bytes,8581
parity_reassociation_n6,resident,O-ADD-COLD,4,producer_init,bounded_native_c_call_events,19
parity_reassociation_n6,resident,O-ADD-COLD,4,producer_init,observed_python_opcode_events,853
parity_reassociation_n6,resident,O-ADD-COLD,4,producer_input,bounded_native_c_call_events,760
parity_reassociation_n6,resident,O-ADD-COLD,4,producer_input,current_request_bytes,1514
parity_reassociation_n6,resident,O-ADD-COLD,4,producer_input,observed_python_opcode_events,62832
parity_reassociation_n6,resident,O-ADD-COLD,4,producer_storage,bounded_native_c_call_events,595
parity_reassociation_n6,resident,O-ADD-COLD,4,producer_storage,live_serialized_byte_periods,28752
parity_reassociation_n6,resident,O-ADD-COLD,4,producer_storage,observed_python_opcode_events,117624
parity_reassociation_n6,resident,O-ADD-COLD,4,receiver_check,bounded_native_c_call_events,8377
parity_reassociation_n6,resident,O-ADD-COLD,4,receiver_check,observed_python_opcode_events,491624
parity_reassociation_n6,resident,O-ADD-COLD,4,receiver_init,bounded_native_c_call_events,130
parity_reassociation_n6,resident,O-ADD-COLD,4,receiver_init,observed_python_opcode_events,27985
parity_reassociation_n6,resident,O-ADD-COLD,4,receiver_input,bounded_native_c_call_events,760
parity_reassociation_n6,resident,O-ADD-COLD,4,receiver_input,current_request_bytes,1514
parity_reassociation_n6,resident,O-ADD-COLD,4,receiver_input,observed_python_opcode_events,62832
parity_reassociation_n6,resident,O-ADD-COLD,4,receiver_input,proof_input_bytes,8581
parity_reassociation_n6,resident,O-ADD-COLD,4,receiver_storage,bounded_native_c_call_events,22
parity_reassociation_n6,resident,O-ADD-COLD,4,receiver_storage,live_serialized_byte_periods,28550
parity_reassociation_n6,resident,O-ADD-COLD,4,receiver_storage,observed_python_opcode_events,54927
parity_reassociation_n6,resident,O-ADD-COLD,4,request_encoding,bounded_native_c_call_events,796
parity_reassociation_n6,resident,O-ADD-COLD,4,request_encoding,observed_python_opcode_events,21370
parity_reassociation_n6,resident,O-ADD-COLD,4,terminal,bounded_native_c_call_events,384
parity_reassociation_n6,resident,O-ADD-COLD,4,terminal,candidate_publication_events,1
parity_reassociation_n6,resident,O-ADD-COLD,4,terminal,current_receipt_output_bytes,3011
parity_reassociation_n6,resident,O-ADD-COLD,4,terminal,delivery_events,1
parity_reassociation_n6,resident,O-ADD-COLD,4,terminal,observed_python_opcode_events,10347
parity_reassociation_n6,resident,O-ADD-COLD,5,coordination,bounded_native_c_call_events,10
parity_reassociation_n6,resident,O-ADD-COLD,5,coordination,observed_python_opcode_events,604
parity_reassociation_n6,resident,O-ADD-COLD,5,producer_build,bounded_native_c_call_events,8003
parity_reassociation_n6,resident,O-ADD-COLD,5,producer_build,observed_python_opcode_events,279786
parity_reassociation_n6,resident,O-ADD-COLD,5,producer_export,bounded_native_c_call_events,8
parity_reassociation_n6,resident,O-ADD-COLD,5,producer_export,observed_python_opcode_events,260
parity_reassociation_n6,resident,O-ADD-COLD,5,producer_export,proof_output_bytes,8786
parity_reassociation_n6,resident,O-ADD-COLD,5,producer_init,bounded_native_c_call_events,19
parity_reassociation_n6,resident,O-ADD-COLD,5,producer_init,observed_python_opcode_events,853
parity_reassociation_n6,resident,O-ADD-COLD,5,producer_input,bounded_native_c_call_events,774
parity_reassociation_n6,resident,O-ADD-COLD,5,producer_input,current_request_bytes,1526
parity_reassociation_n6,resident,O-ADD-COLD,5,producer_input,observed_python_opcode_events,63519
parity_reassociation_n6,resident,O-ADD-COLD,5,producer_storage,bounded_native_c_call_events,607
parity_reassociation_n6,resident,O-ADD-COLD,5,producer_storage,live_serialized_byte_periods,29435
parity_reassociation_n6,resident,O-ADD-COLD,5,producer_storage,observed_python_opcode_events,122905
parity_reassociation_n6,resident,O-ADD-COLD,5,receiver_check,bounded_native_c_call_events,8761
parity_reassociation_n6,resident,O-ADD-COLD,5,receiver_check,observed_python_opcode_events,509420
parity_reassociation_n6,resident,O-ADD-COLD,5,receiver_init,bounded_native_c_call_events,130
parity_reassociation_n6,resident,O-ADD-COLD,5,receiver_init,observed_python_opcode_events,27985
parity_reassociation_n6,resident,O-ADD-COLD,5,receiver_input,bounded_native_c_call_events,774
parity_reassociation_n6,resident,O-ADD-COLD,5,receiver_input,current_request_bytes,1526
parity_reassociation_n6,resident,O-ADD-COLD,5,receiver_input,observed_python_opcode_events,63519
parity_reassociation_n6,resident,O-ADD-COLD,5,receiver_input,proof_input_bytes,8786
parity_reassociation_n6,resident,O-ADD-COLD,5,receiver_storage,bounded_native_c_call_events,22
parity_reassociation_n6,resident,O-ADD-COLD,5,receiver_storage,live_serialized_byte_periods,29105
parity_reassociation_n6,resident,O-ADD-COLD,5,receiver_storage,observed_python_opcode_events,57785
parity_reassociation_n6,resident,O-ADD-COLD,5,request_encoding,bounded_native_c_call_events,811
parity_reassociation_n6,resident,O-ADD-COLD,5,request_encoding,observed_python_opcode_events,21712
parity_reassociation_n6,resident,O-ADD-COLD,5,terminal,bounded_native_c_call_events,394
parity_reassociation_n6,resident,O-ADD-COLD,5,terminal,candidate_publication_events,1
parity_reassociation_n6,resident,O-ADD-COLD,5,terminal,current_receipt_output_bytes,3021
parity_reassociation_n6,resident,O-ADD-COLD,5,terminal,delivery_events,1
parity_reassociation_n6,resident,O-ADD-COLD,5,terminal,observed_python_opcode_events,10507
parity_reassociation_n6,resident,O-ADD-COLD,6,coordination,bounded_native_c_call_events,10
parity_reassociation_n6,resident,O-ADD-COLD,6,coordination,observed_python_opcode_events,604
parity_reassociation_n6,resident,O-ADD-COLD,6,producer_build,bounded_native_c_call_events,8375
parity_reassociation_n6,resident,O-ADD-COLD,6,producer_build,observed_python_opcode_events,286666
parity_reassociation_n6,resident,O-ADD-COLD,6,producer_export,bounded_native_c_call_events,8
parity_reassociation_n6,resident,O-ADD-COLD,6,producer_export,observed_python_opcode_events,260
parity_reassociation_n6,resident,O-ADD-COLD,6,producer_export,proof_output_bytes,8928
parity_reassociation_n6,resident,O-ADD-COLD,6,producer_init,bounded_native_c_call_events,19
parity_reassociation_n6,resident,O-ADD-COLD,6,producer_init,observed_python_opcode_events,853
parity_reassociation_n6,resident,O-ADD-COLD,6,producer_input,bounded_native_c_call_events,827
parity_reassociation_n6,resident,O-ADD-COLD,6,producer_input,current_request_bytes,1590
parity_reassociation_n6,resident,O-ADD-COLD,6,producer_input,observed_python_opcode_events,65983
parity_reassociation_n6,resident,O-ADD-COLD,6,producer_storage,bounded_native_c_call_events,627
parity_reassociation_n6,resident,O-ADD-COLD,6,producer_storage,live_serialized_byte_periods,29864
parity_reassociation_n6,resident,O-ADD-COLD,6,producer_storage,observed_python_opcode_events,124879
parity_reassociation_n6,resident,O-ADD-COLD,6,receiver_check,bounded_native_c_call_events,8982
parity_reassociation_n6,resident,O-ADD-COLD,6,receiver_check,observed_python_opcode_events,517380
parity_reassociation_n6,resident,O-ADD-COLD,6,receiver_init,bounded_native_c_call_events,130
parity_reassociation_n6,resident,O-ADD-COLD,6,receiver_init,observed_python_opcode_events,27985
parity_reassociation_n6,resident,O-ADD-COLD,6,receiver_input,bounded_native_c_call_events,827
parity_reassociation_n6,resident,O-ADD-COLD,6,receiver_input,current_request_bytes,1590
parity_reassociation_n6,resident,O-ADD-COLD,6,receiver_input,observed_python_opcode_events,65983
parity_reassociation_n6,resident,O-ADD-COLD,6,receiver_input,proof_input_bytes,8928
parity_reassociation_n6,resident,O-ADD-COLD,6,receiver_storage,bounded_native_c_call_events,22
parity_reassociation_n6,resident,O-ADD-COLD,6,receiver_storage,live_serialized_byte_periods,29644
parity_reassociation_n6,resident,O-ADD-COLD,6,receiver_storage,observed_python_opcode_events,58921
parity_reassociation_n6,resident,O-ADD-COLD,6,request_encoding,bounded_native_c_call_events,830
parity_reassociation_n6,resident,O-ADD-COLD,6,request_encoding,observed_python_opcode_events,22308
parity_reassociation_n6,resident,O-ADD-COLD,6,terminal,bounded_native_c_call_events,428
parity_reassociation_n6,resident,O-ADD-COLD,6,terminal,candidate_publication_events,1
parity_reassociation_n6,resident,O-ADD-COLD,6,terminal,current_receipt_output_bytes,3085
parity_reassociation_n6,resident,O-ADD-COLD,6,terminal,delivery_events,1
parity_reassociation_n6,resident,O-ADD-COLD,6,terminal,observed_python_opcode_events,11384
parity_reassociation_n6,resident,O-ADD-PORTFOLIO,1,common_source,bounded_native_c_call_events,371
parity_reassociation_n6,resident,O-ADD-PORTFOLIO,1,common_source,observed_python_opcode_events,32551
parity_reassociation_n6,resident,O-ADD-PORTFOLIO,1,common_source,source_hash_bytes_prepaid,197956
parity_reassociation_n6,resident,O-ADD-PORTFOLIO,1,common_source,source_length_probe_bytes_prepaid,8
parity_reassociation_n6,resident,O-ADD-PORTFOLIO,1,common_source,source_program_bytes_prepaid,197956
parity_reassociation_n6,resident,O-ADD-PORTFOLIO,1,common_source,source_record_bytes,1199
parity_reassociation_n6,resident,O-ADD-PORTFOLIO,1,coordination,bounded_native_c_call_events,17
parity_reassociation_n6,resident,O-ADD-PORTFOLIO,1,coordination,observed_python_opcode_events,1258
parity_reassociation_n6,resident,O-ADD-PORTFOLIO,1,producer_build,bounded_native_c_call_events,1962
parity_reassociation_n6,resident,O-ADD-PORTFOLIO,1,producer_build,observed_python_opcode_events,49968
parity_reassociation_n6,resident,O-ADD-PORTFOLIO,1,producer_export,bounded_native_c_call_events,9
parity_reassociation_n6,resident,O-ADD-PORTFOLIO,1,producer_export,observed_python_opcode_events,1902
parity_reassociation_n6,resident,O-ADD-PORTFOLIO,1,producer_export,proof_output_bytes,2942
parity_reassociation_n6,resident,O-ADD-PORTFOLIO,1,producer_init,bounded_native_c_call_events,149
parity_reassociation_n6,resident,O-ADD-PORTFOLIO,1,producer_init,observed_python_opcode_events,28842
parity_reassociation_n6,resident,O-ADD-PORTFOLIO,1,producer_input,bounded_native_c_call_events,716
parity_reassociation_n6,resident,O-ADD-PORTFOLIO,1,producer_input,current_request_bytes,1480
parity_reassociation_n6,resident,O-ADD-PORTFOLIO,1,producer_input,observed_python_opcode_events,60567
parity_reassociation_n6,resident,O-ADD-PORTFOLIO,1,producer_old_admission,bounded_native_c_call_events,8507
parity_reassociation_n6,resident,O-ADD-PORTFOLIO,1,producer_old_admission,observed_python_opcode_events,490819
parity_reassociation_n6,resident,O-ADD-PORTFOLIO,1,producer_old_build,bounded_native_c_call_events,7214
parity_reassociation_n6,resident,O-ADD-PORTFOLIO,1,producer_old_build,observed_python_opcode_events,258781
parity_reassociation_n6,resident,O-ADD-PORTFOLIO,1,producer_old_export,bounded_native_c_call_events,8
parity_reassociation_n6,resident,O-ADD-PORTFOLIO,1,producer_old_export,observed_python_opcode_events,260
parity_reassociation_n6,resident,O-ADD-PORTFOLIO,1,producer_old_export,old_proof_output_bytes,8391
parity_reassociation_n6,resident,O-ADD-PORTFOLIO,1,producer_old_input,bounded_native_c_call_events,1345
parity_reassociation_n6,resident,O-ADD-PORTFOLIO,1,producer_old_input,observed_python_opcode_events,77263
parity_reassociation_n6,resident,O-ADD-PORTFOLIO,1,producer_old_input,old_request_bytes,1429
parity_reassociation_n6,resident,O-ADD-PORTFOLIO,1,producer_storage,bounded_native_c_call_events,1160
parity_reassociation_n6,resident,O-ADD-PORTFOLIO,1,producer_storage,live_serialized_byte_periods,70539
parity_reassociation_n6,resident,O-ADD-PORTFOLIO,1,producer_storage,observed_python_opcode_events,182338
parity_reassociation_n6,resident,O-ADD-PORTFOLIO,1,receiver_check,bounded_native_c_call_events,2078
parity_reassociation_n6,resident,O-ADD-PORTFOLIO,1,receiver_check,observed_python_opcode_events,53701
parity_reassociation_n6,resident,O-ADD-PORTFOLIO,1,receiver_import,bounded_native_c_call_events,81
parity_reassociation_n6,resident,O-ADD-PORTFOLIO,1,receiver_import,observed_python_opcode_events,44180
parity_reassociation_n6,resident,O-ADD-PORTFOLIO,1,receiver_init,bounded_native_c_call_events,130
parity_reassociation_n6,resident,O-ADD-PORTFOLIO,1,receiver_init,observed_python_opcode_events,27989
parity_reassociation_n6,resident,O-ADD-PORTFOLIO,1,receiver_input,bounded_native_c_call_events,716
parity_reassociation_n6,resident,O-ADD-PORTFOLIO,1,receiver_input,current_request_bytes,1480
parity_reassociation_n6,resident,O-ADD-PORTFOLIO,1,receiver_input,observed_python_opcode_events,60567
parity_reassociation_n6,resident,O-ADD-PORTFOLIO,1,receiver_input,proof_input_bytes,2942
parity_reassociation_n6,resident,O-ADD-PORTFOLIO,1,receiver_old_check,bounded_native_c_call_events,8496
parity_reassociation_n6,resident,O-ADD-PORTFOLIO,1,receiver_old_check,observed_python_opcode_events,490406
parity_reassociation_n6,resident,O-ADD-PORTFOLIO,1,receiver_old_input,bounded_native_c_call_events,1345
parity_reassociation_n6,resident,O-ADD-PORTFOLIO,1,receiver_old_input,observed_python_opcode_events,77263
parity_reassociation_n6,resident,O-ADD-PORTFOLIO,1,receiver_old_input,old_proof_input_bytes,8391
parity_reassociation_n6,resident,O-ADD-PORTFOLIO,1,receiver_old_input,old_request_bytes,1429
parity_reassociation_n6,resident,O-ADD-PORTFOLIO,1,receiver_storage,bounded_native_c_call_events,590
parity_reassociation_n6,resident,O-ADD-PORTFOLIO,1,receiver_storage,live_serialized_byte_periods,36162
parity_reassociation_n6,resident,O-ADD-PORTFOLIO,1,receiver_storage,observed_python_opcode_events,68136
parity_reassociation_n6,resident,O-ADD-PORTFOLIO,1,request_encoding,bounded_native_c_call_events,739
parity_reassociation_n6,resident,O-ADD-PORTFOLIO,1,request_encoding,observed_python_opcode_events,20060
parity_reassociation_n6,resident,O-ADD-PORTFOLIO,1,terminal,bounded_native_c_call_events,338
parity_reassociation_n6,resident,O-ADD-PORTFOLIO,1,terminal,candidate_publication_events,1
parity_reassociation_n6,resident,O-ADD-PORTFOLIO,1,terminal,current_receipt_output_bytes,2975
parity_reassociation_n6,resident,O-ADD-PORTFOLIO,1,terminal,delivery_events,1
parity_reassociation_n6,resident,O-ADD-PORTFOLIO,1,terminal,observed_python_opcode_events,9239
parity_reassociation_n6,resident,O-ADD-PORTFOLIO,2,coordination,bounded_native_c_call_events,10
parity_reassociation_n6,resident,O-ADD-PORTFOLIO,2,coordination,observed_python_opcode_events,592
parity_reassociation_n6,resident,O-ADD-PORTFOLIO,2,producer_build,bounded_native_c_call_events,2229
parity_reassociation_n6,resident,O-ADD-PORTFOLIO,2,producer_build,observed_python_opcode_events,54747
parity_reassociation_n6,resident,O-ADD-PORTFOLIO,2,producer_export,bounded_native_c_call_events,9
parity_reassociation_n6,resident,O-ADD-PORTFOLIO,2,producer_export,observed_python_opcode_events,1902
parity_reassociation_n6,resident,O-ADD-PORTFOLIO,2,producer_export,proof_output_bytes,2963
parity_reassociation_n6,resident,O-ADD-PORTFOLIO,2,producer_input,bounded_native_c_call_events,745
parity_reassociation_n6,resident,O-ADD-PORTFOLIO,2,producer_input,current_request_bytes,1501
parity_reassociation_n6,resident,O-ADD-PORTFOLIO,2,producer_input,observed_python_opcode_events,61950
parity_reassociation_n6,resident,O-ADD-PORTFOLIO,2,producer_storage,bounded_native_c_call_events,559
parity_reassociation_n6,resident,O-ADD-PORTFOLIO,2,producer_storage,live_serialized_byte_periods,11126
parity_reassociation_n6,resident,O-ADD-PORTFOLIO,2,producer_storage,observed_python_opcode_events,15570
parity_reassociation_n6,resident,O-ADD-PORTFOLIO,2,receiver_check,bounded_native_c_call_events,2337
parity_reassociation_n6,resident,O-ADD-PORTFOLIO,2,receiver_check,observed_python_opcode_events,58291
parity_reassociation_n6,resident,O-ADD-PORTFOLIO,2,receiver_import,bounded_native_c_call_events,81
parity_reassociation_n6,resident,O-ADD-PORTFOLIO,2,receiver_import,observed_python_opcode_events,44463
parity_reassociation_n6,resident,O-ADD-PORTFOLIO,2,receiver_input,bounded_native_c_call_events,745
parity_reassociation_n6,resident,O-ADD-PORTFOLIO,2,receiver_input,current_request_bytes,1501
parity_reassociation_n6,resident,O-ADD-PORTFOLIO,2,receiver_input,observed_python_opcode_events,61950
parity_reassociation_n6,resident,O-ADD-PORTFOLIO,2,receiver_input,proof_input_bytes,2963
parity_reassociation_n6,resident,O-ADD-PORTFOLIO,2,receiver_storage,bounded_native_c_call_events,289
parity_reassociation_n6,resident,O-ADD-PORTFOLIO,2,receiver_storage,live_serialized_byte_periods,11945
parity_reassociation_n6,resident,O-ADD-PORTFOLIO,2,receiver_storage,observed_python_opcode_events,7982
parity_reassociation_n6,resident,O-ADD-PORTFOLIO,2,request_encoding,bounded_native_c_call_events,775
parity_reassociation_n6,resident,O-ADD-PORTFOLIO,2,request_encoding,observed_python_opcode_events,20870
parity_reassociation_n6,resident,O-ADD-PORTFOLIO,2,terminal,bounded_native_c_call_events,370
parity_reassociation_n6,resident,O-ADD-PORTFOLIO,2,terminal,candidate_publication_events,1
parity_reassociation_n6,resident,O-ADD-PORTFOLIO,2,terminal,current_receipt_output_bytes,2996
parity_reassociation_n6,resident,O-ADD-PORTFOLIO,2,terminal,delivery_events,1
parity_reassociation_n6,resident,O-ADD-PORTFOLIO,2,terminal,observed_python_opcode_events,9983
parity_reassociation_n6,resident,O-ADD-PORTFOLIO,3,coordination,bounded_native_c_call_events,10
parity_reassociation_n6,resident,O-ADD-PORTFOLIO,3,coordination,observed_python_opcode_events,592
parity_reassociation_n6,resident,O-ADD-PORTFOLIO,3,producer_build,bounded_native_c_call_events,2223
parity_reassociation_n6,resident,O-ADD-PORTFOLIO,3,producer_build,observed_python_opcode_events,54561
parity_reassociation_n6,resident,O-ADD-PORTFOLIO,3,producer_export,bounded_native_c_call_events,9
parity_reassociation_n6,resident,O-ADD-PORTFOLIO,3,producer_export,observed_python_opcode_events,1902
parity_reassociation_n6,resident,O-ADD-PORTFOLIO,3,producer_export,proof_output_bytes,2967
parity_reassociation_n6,resident,O-ADD-PORTFOLIO,3,producer_input,bounded_native_c_call_events,745
parity_reassociation_n6,resident,O-ADD-PORTFOLIO,3,producer_input,current_request_bytes,1505
parity_reassociation_n6,resident,O-ADD-PORTFOLIO,3,producer_input,observed_python_opcode_events,62070
parity_reassociation_n6,resident,O-ADD-PORTFOLIO,3,producer_storage,bounded_native_c_call_events,559
parity_reassociation_n6,resident,O-ADD-PORTFOLIO,3,producer_storage,live_serialized_byte_periods,11134
parity_reassociation_n6,resident,O-ADD-PORTFOLIO,3,producer_storage,observed_python_opcode_events,15570
parity_reassociation_n6,resident,O-ADD-PORTFOLIO,3,receiver_check,bounded_native_c_call_events,2331
parity_reassociation_n6,resident,O-ADD-PORTFOLIO,3,receiver_check,observed_python_opcode_events,58105
parity_reassociation_n6,resident,O-ADD-PORTFOLIO,3,receiver_import,bounded_native_c_call_events,81
parity_reassociation_n6,resident,O-ADD-PORTFOLIO,3,receiver_import,observed_python_opcode_events,44523
parity_reassociation_n6,resident,O-ADD-PORTFOLIO,3,receiver_input,bounded_native_c_call_events,745
parity_reassociation_n6,resident,O-ADD-PORTFOLIO,3,receiver_input,current_request_bytes,1505
parity_reassociation_n6,resident,O-ADD-PORTFOLIO,3,receiver_input,observed_python_opcode_events,62070
parity_reassociation_n6,resident,O-ADD-PORTFOLIO,3,receiver_input,proof_input_bytes,2967
parity_reassociation_n6,resident,O-ADD-PORTFOLIO,3,receiver_storage,bounded_native_c_call_events,289
parity_reassociation_n6,resident,O-ADD-PORTFOLIO,3,receiver_storage,live_serialized_byte_periods,11957
parity_reassociation_n6,resident,O-ADD-PORTFOLIO,3,receiver_storage,observed_python_opcode_events,7982
parity_reassociation_n6,resident,O-ADD-PORTFOLIO,3,request_encoding,bounded_native_c_call_events,775
parity_reassociation_n6,resident,O-ADD-PORTFOLIO,3,request_encoding,observed_python_opcode_events,20870
parity_reassociation_n6,resident,O-ADD-PORTFOLIO,3,terminal,bounded_native_c_call_events,370
parity_reassociation_n6,resident,O-ADD-PORTFOLIO,3,terminal,candidate_publication_events,1
parity_reassociation_n6,resident,O-ADD-PORTFOLIO,3,terminal,current_receipt_output_bytes,3000
parity_reassociation_n6,resident,O-ADD-PORTFOLIO,3,terminal,delivery_events,1
parity_reassociation_n6,resident,O-ADD-PORTFOLIO,3,terminal,observed_python_opcode_events,9983
parity_reassociation_n6,resident,O-ADD-PORTFOLIO,4,coordination,bounded_native_c_call_events,10
parity_reassociation_n6,resident,O-ADD-PORTFOLIO,4,coordination,observed_python_opcode_events,592
parity_reassociation_n6,resident,O-ADD-PORTFOLIO,4,producer_build,bounded_native_c_call_events,2410
parity_reassociation_n6,resident,O-ADD-PORTFOLIO,4,producer_build,observed_python_opcode_events,58295
parity_reassociation_n6,resident,O-ADD-PORTFOLIO,4,producer_export,bounded_native_c_call_events,9
parity_reassociation_n6,resident,O-ADD-PORTFOLIO,4,producer_export,observed_python_opcode_events,1902
parity_reassociation_n6,resident,O-ADD-PORTFOLIO,4,producer_export,proof_output_bytes,2976
parity_reassociation_n6,resident,O-ADD-PORTFOLIO,4,producer_input,bounded_native_c_call_events,760
parity_reassociation_n6,resident,O-ADD-PORTFOLIO,4,producer_input,current_request_bytes,1514
parity_reassociation_n6,resident,O-ADD-PORTFOLIO,4,producer_input,observed_python_opcode_events,62832
parity_reassociation_n6,resident,O-ADD-PORTFOLIO,4,producer_storage,bounded_native_c_call_events,559
parity_reassociation_n6,resident,O-ADD-PORTFOLIO,4,producer_storage,live_serialized_byte_periods,11160
parity_reassociation_n6,resident,O-ADD-PORTFOLIO,4,producer_storage,observed_python_opcode_events,15570
parity_reassociation_n6,resident,O-ADD-PORTFOLIO,4,receiver_check,bounded_native_c_call_events,2518
parity_reassociation_n6,resident,O-ADD-PORTFOLIO,4,receiver_check,observed_python_opcode_events,61845
parity_reassociation_n6,resident,O-ADD-PORTFOLIO,4,receiver_import,bounded_native_c_call_events,81
parity_reassociation_n6,resident,O-ADD-PORTFOLIO,4,receiver_import,observed_python_opcode_events,44642
parity_reassociation_n6,resident,O-ADD-PORTFOLIO,4,receiver_input,bounded_native_c_call_events,760
parity_reassociation_n6,resident,O-ADD-PORTFOLIO,4,receiver_input,current_request_bytes,1514
parity_reassociation_n6,resident,O-ADD-PORTFOLIO,4,receiver_input,observed_python_opcode_events,62832
parity_reassociation_n6,resident,O-ADD-PORTFOLIO,4,receiver_input,proof_input_bytes,2976
parity_reassociation_n6,resident,O-ADD-PORTFOLIO,4,receiver_storage,bounded_native_c_call_events,289
parity_reassociation_n6,resident,O-ADD-PORTFOLIO,4,receiver_storage,live_serialized_byte_periods,11998
parity_reassociation_n6,resident,O-ADD-PORTFOLIO,4,receiver_storage,observed_python_opcode_events,7982
parity_reassociation_n6,resident,O-ADD-PORTFOLIO,4,request_encoding,bounded_native_c_call_events,796
parity_reassociation_n6,resident,O-ADD-PORTFOLIO,4,request_encoding,observed_python_opcode_events,21370
parity_reassociation_n6,resident,O-ADD-PORTFOLIO,4,terminal,bounded_native_c_call_events,384
parity_reassociation_n6,resident,O-ADD-PORTFOLIO,4,terminal,candidate_publication_events,1
parity_reassociation_n6,resident,O-ADD-PORTFOLIO,4,terminal,current_receipt_output_bytes,3011
parity_reassociation_n6,resident,O-ADD-PORTFOLIO,4,terminal,delivery_events,1
parity_reassociation_n6,resident,O-ADD-PORTFOLIO,4,terminal,observed_python_opcode_events,10347
parity_reassociation_n6,resident,O-ADD-PORTFOLIO,5,coordination,bounded_native_c_call_events,10
parity_reassociation_n6,resident,O-ADD-PORTFOLIO,5,coordination,observed_python_opcode_events,592
parity_reassociation_n6,resident,O-ADD-PORTFOLIO,5,producer_build,bounded_native_c_call_events,2407
parity_reassociation_n6,resident,O-ADD-PORTFOLIO,5,producer_build,observed_python_opcode_events,58367
parity_reassociation_n6,resident,O-ADD-PORTFOLIO,5,producer_export,bounded_native_c_call_events,9
parity_reassociation_n6,resident,O-ADD-PORTFOLIO,5,producer_export,observed_python_opcode_events,1902
parity_reassociation_n6,resident,O-ADD-PORTFOLIO,5,producer_export,proof_output_bytes,2988
parity_reassociation_n6,resident,O-ADD-PORTFOLIO,5,producer_input,bounded_native_c_call_events,774
parity_reassociation_n6,resident,O-ADD-PORTFOLIO,5,producer_input,current_request_bytes,1526
parity_reassociation_n6,resident,O-ADD-PORTFOLIO,5,producer_input,observed_python_opcode_events,63519
parity_reassociation_n6,resident,O-ADD-PORTFOLIO,5,producer_storage,bounded_native_c_call_events,559
parity_reassociation_n6,resident,O-ADD-PORTFOLIO,5,producer_storage,live_serialized_byte_periods,11192
parity_reassociation_n6,resident,O-ADD-PORTFOLIO,5,producer_storage,observed_python_opcode_events,15570
parity_reassociation_n6,resident,O-ADD-PORTFOLIO,5,receiver_check,bounded_native_c_call_events,2509
parity_reassociation_n6,resident,O-ADD-PORTFOLIO,5,receiver_check,observed_python_opcode_events,61863
parity_reassociation_n6,resident,O-ADD-PORTFOLIO,5,receiver_import,bounded_native_c_call_events,81
parity_reassociation_n6,resident,O-ADD-PORTFOLIO,5,receiver_import,observed_python_opcode_events,44806
parity_reassociation_n6,resident,O-ADD-PORTFOLIO,5,receiver_input,bounded_native_c_call_events,774
parity_reassociation_n6,resident,O-ADD-PORTFOLIO,5,receiver_input,current_request_bytes,1526
parity_reassociation_n6,resident,O-ADD-PORTFOLIO,5,receiver_input,observed_python_opcode_events,63519
parity_reassociation_n6,resident,O-ADD-PORTFOLIO,5,receiver_input,proof_input_bytes,2988
parity_reassociation_n6,resident,O-ADD-PORTFOLIO,5,receiver_storage,bounded_native_c_call_events,289
parity_reassociation_n6,resident,O-ADD-PORTFOLIO,5,receiver_storage,live_serialized_byte_periods,12044
parity_reassociation_n6,resident,O-ADD-PORTFOLIO,5,receiver_storage,observed_python_opcode_events,7982
parity_reassociation_n6,resident,O-ADD-PORTFOLIO,5,request_encoding,bounded_native_c_call_events,811
parity_reassociation_n6,resident,O-ADD-PORTFOLIO,5,request_encoding,observed_python_opcode_events,21712
parity_reassociation_n6,resident,O-ADD-PORTFOLIO,5,terminal,bounded_native_c_call_events,394
parity_reassociation_n6,resident,O-ADD-PORTFOLIO,5,terminal,candidate_publication_events,1
parity_reassociation_n6,resident,O-ADD-PORTFOLIO,5,terminal,current_receipt_output_bytes,3021
parity_reassociation_n6,resident,O-ADD-PORTFOLIO,5,terminal,delivery_events,1
parity_reassociation_n6,resident,O-ADD-PORTFOLIO,5,terminal,observed_python_opcode_events,10507
parity_reassociation_n6,resident,O-ADD-PORTFOLIO,6,coordination,bounded_native_c_call_events,10
parity_reassociation_n6,resident,O-ADD-PORTFOLIO,6,coordination,observed_python_opcode_events,592
parity_reassociation_n6,resident,O-ADD-PORTFOLIO,6,producer_build,bounded_native_c_call_events,2426
parity_reassociation_n6,resident,O-ADD-PORTFOLIO,6,producer_build,observed_python_opcode_events,58693
parity_reassociation_n6,resident,O-ADD-PORTFOLIO,6,producer_export,bounded_native_c_call_events,9
parity_reassociation_n6,resident,O-ADD-PORTFOLIO,6,producer_export,observed_python_opcode_events,1902
parity_reassociation_n6,resident,O-ADD-PORTFOLIO,6,producer_export,proof_output_bytes,3052
parity_reassociation_n6,resident,O-ADD-PORTFOLIO,6,producer_input,bounded_native_c_call_events,827
parity_reassociation_n6,resident,O-ADD-PORTFOLIO,6,producer_input,current_request_bytes,1590
parity_reassociation_n6,resident,O-ADD-PORTFOLIO,6,producer_input,observed_python_opcode_events,65983
parity_reassociation_n6,resident,O-ADD-PORTFOLIO,6,producer_storage,bounded_native_c_call_events,559
parity_reassociation_n6,resident,O-ADD-PORTFOLIO,6,producer_storage,live_serialized_byte_periods,11368
parity_reassociation_n6,resident,O-ADD-PORTFOLIO,6,producer_storage,observed_python_opcode_events,15570
parity_reassociation_n6,resident,O-ADD-PORTFOLIO,6,receiver_check,bounded_native_c_call_events,2511
parity_reassociation_n6,resident,O-ADD-PORTFOLIO,6,receiver_check,observed_python_opcode_events,61680
parity_reassociation_n6,resident,O-ADD-PORTFOLIO,6,receiver_import,bounded_native_c_call_events,81
parity_reassociation_n6,resident,O-ADD-PORTFOLIO,6,receiver_import,observed_python_opcode_events,45670
parity_reassociation_n6,resident,O-ADD-PORTFOLIO,6,receiver_input,bounded_native_c_call_events,827
parity_reassociation_n6,resident,O-ADD-PORTFOLIO,6,receiver_input,current_request_bytes,1590
parity_reassociation_n6,resident,O-ADD-PORTFOLIO,6,receiver_input,observed_python_opcode_events,65983
parity_reassociation_n6,resident,O-ADD-PORTFOLIO,6,receiver_input,proof_input_bytes,3052
parity_reassociation_n6,resident,O-ADD-PORTFOLIO,6,receiver_storage,bounded_native_c_call_events,289
parity_reassociation_n6,resident,O-ADD-PORTFOLIO,6,receiver_storage,live_serialized_byte_periods,12308
parity_reassociation_n6,resident,O-ADD-PORTFOLIO,6,receiver_storage,observed_python_opcode_events,7982
parity_reassociation_n6,resident,O-ADD-PORTFOLIO,6,request_encoding,bounded_native_c_call_events,830
parity_reassociation_n6,resident,O-ADD-PORTFOLIO,6,request_encoding,observed_python_opcode_events,22308
parity_reassociation_n6,resident,O-ADD-PORTFOLIO,6,terminal,bounded_native_c_call_events,428
parity_reassociation_n6,resident,O-ADD-PORTFOLIO,6,terminal,candidate_publication_events,1
parity_reassociation_n6,resident,O-ADD-PORTFOLIO,6,terminal,current_receipt_output_bytes,3085
parity_reassociation_n6,resident,O-ADD-PORTFOLIO,6,terminal,delivery_events,1
parity_reassociation_n6,resident,O-ADD-PORTFOLIO,6,terminal,observed_python_opcode_events,11384
parity_reassociation_n6,resident,O-ADD-WARM,1,common_source,bounded_native_c_call_events,371
parity_reassociation_n6,resident,O-ADD-WARM,1,common_source,observed_python_opcode_events,32551
parity_reassociation_n6,resident,O-ADD-WARM,1,common_source,source_hash_bytes_prepaid,197956
parity_reassociation_n6,resident,O-ADD-WARM,1,common_source,source_length_probe_bytes_prepaid,8
parity_reassociation_n6,resident,O-ADD-WARM,1,common_source,source_program_bytes_prepaid,197956
parity_reassociation_n6,resident,O-ADD-WARM,1,common_source,source_record_bytes,1199
parity_reassociation_n6,resident,O-ADD-WARM,1,coordination,bounded_native_c_call_events,10
parity_reassociation_n6,resident,O-ADD-WARM,1,coordination,observed_python_opcode_events,641
parity_reassociation_n6,resident,O-ADD-WARM,1,producer_acknowledgement,bounded_native_c_call_events,11
parity_reassociation_n6,resident,O-ADD-WARM,1,producer_acknowledgement,observed_python_opcode_events,412
parity_reassociation_n6,resident,O-ADD-WARM,1,producer_build,bounded_native_c_call_events,7497
parity_reassociation_n6,resident,O-ADD-WARM,1,producer_build,observed_python_opcode_events,265744
parity_reassociation_n6,resident,O-ADD-WARM,1,producer_export,bounded_native_c_call_events,8
parity_reassociation_n6,resident,O-ADD-WARM,1,producer_export,observed_python_opcode_events,260
parity_reassociation_n6,resident,O-ADD-WARM,1,producer_export,proof_output_bytes,8520
parity_reassociation_n6,resident,O-ADD-WARM,1,producer_init,bounded_native_c_call_events,19
parity_reassociation_n6,resident,O-ADD-WARM,1,producer_init,observed_python_opcode_events,853
parity_reassociation_n6,resident,O-ADD-WARM,1,producer_input,bounded_native_c_call_events,716
parity_reassociation_n6,resident,O-ADD-WARM,1,producer_input,current_request_bytes,1480
parity_reassociation_n6,resident,O-ADD-WARM,1,producer_input,observed_python_opcode_events,60567
parity_reassociation_n6,resident,O-ADD-WARM,1,producer_storage,bounded_native_c_call_events,579
parity_reassociation_n6,resident,O-ADD-WARM,1,producer_storage,live_serialized_byte_periods,29992
parity_reassociation_n6,resident,O-ADD-WARM,1,producer_storage,observed_python_opcode_events,117245
parity_reassociation_n6,resident,O-ADD-WARM,1,receiver_check,bounded_native_c_call_events,8242
parity_reassociation_n6,resident,O-ADD-WARM,1,receiver_check,observed_python_opcode_events,487171
parity_reassociation_n6,resident,O-ADD-WARM,1,receiver_init,bounded_native_c_call_events,130
parity_reassociation_n6,resident,O-ADD-WARM,1,receiver_init,observed_python_opcode_events,27985
parity_reassociation_n6,resident,O-ADD-WARM,1,receiver_input,bounded_native_c_call_events,716
parity_reassociation_n6,resident,O-ADD-WARM,1,receiver_input,current_request_bytes,1480
parity_reassociation_n6,resident,O-ADD-WARM,1,receiver_input,observed_python_opcode_events,60567
parity_reassociation_n6,resident,O-ADD-WARM,1,receiver_input,proof_input_bytes,8520
parity_reassociation_n6,resident,O-ADD-WARM,1,receiver_storage,bounded_native_c_call_events,22
parity_reassociation_n6,resident,O-ADD-WARM,1,receiver_storage,live_serialized_byte_periods,28282
parity_reassociation_n6,resident,O-ADD-WARM,1,receiver_storage,observed_python_opcode_events,54313
parity_reassociation_n6,resident,O-ADD-WARM,1,request_encoding,bounded_native_c_call_events,739
parity_reassociation_n6,resident,O-ADD-WARM,1,request_encoding,observed_python_opcode_events,20060
parity_reassociation_n6,resident,O-ADD-WARM,1,terminal,bounded_native_c_call_events,338
parity_reassociation_n6,resident,O-ADD-WARM,1,terminal,candidate_publication_events,1
parity_reassociation_n6,resident,O-ADD-WARM,1,terminal,current_receipt_output_bytes,2975
parity_reassociation_n6,resident,O-ADD-WARM,1,terminal,delivery_events,1
parity_reassociation_n6,resident,O-ADD-WARM,1,terminal,observed_python_opcode_events,9239
parity_reassociation_n6,resident,O-ADD-WARM,2,coordination,bounded_native_c_call_events,10
parity_reassociation_n6,resident,O-ADD-WARM,2,coordination,observed_python_opcode_events,600
parity_reassociation_n6,resident,O-ADD-WARM,2,producer_acknowledgement,bounded_native_c_call_events,11
parity_reassociation_n6,resident,O-ADD-WARM,2,producer_acknowledgement,observed_python_opcode_events,412
parity_reassociation_n6,resident,O-ADD-WARM,2,producer_build,bounded_native_c_call_events,1192
parity_reassociation_n6,resident,O-ADD-WARM,2,producer_build,observed_python_opcode_events,30440
parity_reassociation_n6,resident,O-ADD-WARM,2,producer_export,bounded_native_c_call_events,8
parity_reassociation_n6,resident,O-ADD-WARM,2,producer_export,observed_python_opcode_events,260
parity_reassociation_n6,resident,O-ADD-WARM,2,producer_export,proof_output_bytes,3100
parity_reassociation_n6,resident,O-ADD-WARM,2,producer_input,bounded_native_c_call_events,745
parity_reassociation_n6,resident,O-ADD-WARM,2,producer_input,current_request_bytes,1501
parity_reassociation_n6,resident,O-ADD-WARM,2,producer_input,observed_python_opcode_events,61950
parity_reassociation_n6,resident,O-ADD-WARM,2,producer_storage,bounded_native_c_call_events,585
parity_reassociation_n6,resident,O-ADD-WARM,2,producer_storage,live_serialized_byte_periods,23399
parity_reassociation_n6,resident,O-ADD-WARM,2,producer_storage,observed_python_opcode_events,119618
parity_reassociation_n6,resident,O-ADD-WARM,2,receiver_check,bounded_native_c_call_events,1000
parity_reassociation_n6,resident,O-ADD-WARM,2,receiver_check,observed_python_opcode_events,74952
parity_reassociation_n6,resident,O-ADD-WARM,2,receiver_init,bounded_native_c_call_events,2
parity_reassociation_n6,resident,O-ADD-WARM,2,receiver_init,observed_python_opcode_events,55
parity_reassociation_n6,resident,O-ADD-WARM,2,receiver_input,bounded_native_c_call_events,745
parity_reassociation_n6,resident,O-ADD-WARM,2,receiver_input,current_request_bytes,1501
parity_reassociation_n6,resident,O-ADD-WARM,2,receiver_input,observed_python_opcode_events,61950
parity_reassociation_n6,resident,O-ADD-WARM,2,receiver_input,proof_input_bytes,3100
parity_reassociation_n6,resident,O-ADD-WARM,2,receiver_storage,bounded_native_c_call_events,28
parity_reassociation_n6,resident,O-ADD-WARM,2,receiver_storage,live_serialized_byte_periods,21760
parity_reassociation_n6,resident,O-ADD-WARM,2,receiver_storage,observed_python_opcode_events,55820
parity_reassociation_n6,resident,O-ADD-WARM,2,request_encoding,bounded_native_c_call_events,775
parity_reassociation_n6,resident,O-ADD-WARM,2,request_encoding,observed_python_opcode_events,20870
parity_reassociation_n6,resident,O-ADD-WARM,2,terminal,bounded_native_c_call_events,370
parity_reassociation_n6,resident,O-ADD-WARM,2,terminal,candidate_publication_events,1
parity_reassociation_n6,resident,O-ADD-WARM,2,terminal,current_receipt_output_bytes,2996
parity_reassociation_n6,resident,O-ADD-WARM,2,terminal,delivery_events,1
parity_reassociation_n6,resident,O-ADD-WARM,2,terminal,observed_python_opcode_events,9983
parity_reassociation_n6,resident,O-ADD-WARM,3,coordination,bounded_native_c_call_events,10
parity_reassociation_n6,resident,O-ADD-WARM,3,coordination,observed_python_opcode_events,600
parity_reassociation_n6,resident,O-ADD-WARM,3,producer_acknowledgement,bounded_native_c_call_events,11
parity_reassociation_n6,resident,O-ADD-WARM,3,producer_acknowledgement,observed_python_opcode_events,412
parity_reassociation_n6,resident,O-ADD-WARM,3,producer_build,bounded_native_c_call_events,1516
parity_reassociation_n6,resident,O-ADD-WARM,3,producer_build,observed_python_opcode_events,37515
parity_reassociation_n6,resident,O-ADD-WARM,3,producer_export,bounded_native_c_call_events,8
parity_reassociation_n6,resident,O-ADD-WARM,3,producer_export,observed_python_opcode_events,260
parity_reassociation_n6,resident,O-ADD-WARM,3,producer_export,proof_output_bytes,3247
parity_reassociation_n6,resident,O-ADD-WARM,3,producer_input,bounded_native_c_call_events,745
parity_reassociation_n6,resident,O-ADD-WARM,3,producer_input,current_request_bytes,1505
parity_reassociation_n6,resident,O-ADD-WARM,3,producer_input,observed_python_opcode_events,62070
parity_reassociation_n6,resident,O-ADD-WARM,3,producer_storage,bounded_native_c_call_events,611
parity_reassociation_n6,resident,O-ADD-WARM,3,producer_storage,live_serialized_byte_periods,24080
parity_reassociation_n6,resident,O-ADD-WARM,3,producer_storage,observed_python_opcode_events,126024
parity_reassociation_n6,resident,O-ADD-WARM,3,receiver_check,bounded_native_c_call_events,1457
parity_reassociation_n6,resident,O-ADD-WARM,3,receiver_check,observed_python_opcode_events,90249
parity_reassociation_n6,resident,O-ADD-WARM,3,receiver_init,bounded_native_c_call_events,2
parity_reassociation_n6,resident,O-ADD-WARM,3,receiver_init,observed_python_opcode_events,55
parity_reassociation_n6,resident,O-ADD-WARM,3,receiver_input,bounded_native_c_call_events,745
parity_reassociation_n6,resident,O-ADD-WARM,3,receiver_input,current_request_bytes,1505
parity_reassociation_n6,resident,O-ADD-WARM,3,receiver_input,observed_python_opcode_events,62070
parity_reassociation_n6,resident,O-ADD-WARM,3,receiver_input,proof_input_bytes,3247
parity_reassociation_n6,resident,O-ADD-WARM,3,receiver_storage,bounded_native_c_call_events,34
parity_reassociation_n6,resident,O-ADD-WARM,3,receiver_storage,live_serialized_byte_periods,22351
parity_reassociation_n6,resident,O-ADD-WARM,3,receiver_storage,observed_python_opcode_events,59925
parity_reassociation_n6,resident,O-ADD-WARM,3,request_encoding,bounded_native_c_call_events,775
parity_reassociation_n6,resident,O-ADD-WARM,3,request_encoding,observed_python_opcode_events,20870
parity_reassociation_n6,resident,O-ADD-WARM,3,terminal,bounded_native_c_call_events,370
parity_reassociation_n6,resident,O-ADD-WARM,3,terminal,candidate_publication_events,1
parity_reassociation_n6,resident,O-ADD-WARM,3,terminal,current_receipt_output_bytes,3000
parity_reassociation_n6,resident,O-ADD-WARM,3,terminal,delivery_events,1
parity_reassociation_n6,resident,O-ADD-WARM,3,terminal,observed_python_opcode_events,9983
parity_reassociation_n6,resident,O-ADD-WARM,4,coordination,bounded_native_c_call_events,10
parity_reassociation_n6,resident,O-ADD-WARM,4,coordination,observed_python_opcode_events,600
parity_reassociation_n6,resident,O-ADD-WARM,4,producer_acknowledgement,bounded_native_c_call_events,11
parity_reassociation_n6,resident,O-ADD-WARM,4,producer_acknowledgement,observed_python_opcode_events,412
parity_reassociation_n6,resident,O-ADD-WARM,4,producer_build,bounded_native_c_call_events,1386
parity_reassociation_n6,resident,O-ADD-WARM,4,producer_build,observed_python_opcode_events,33850
parity_reassociation_n6,resident,O-ADD-WARM,4,producer_export,bounded_native_c_call_events,8
parity_reassociation_n6,resident,O-ADD-WARM,4,producer_export,observed_python_opcode_events,260
parity_reassociation_n6,resident,O-ADD-WARM,4,producer_export,proof_output_bytes,3175
parity_reassociation_n6,resident,O-ADD-WARM,4,producer_input,bounded_native_c_call_events,760
parity_reassociation_n6,resident,O-ADD-WARM,4,producer_input,current_request_bytes,1514
parity_reassociation_n6,resident,O-ADD-WARM,4,producer_input,observed_python_opcode_events,62832
parity_reassociation_n6,resident,O-ADD-WARM,4,producer_storage,bounded_native_c_call_events,631
parity_reassociation_n6,resident,O-ADD-WARM,4,producer_storage,live_serialized_byte_periods,24345
parity_reassociation_n6,resident,O-ADD-WARM,4,producer_storage,observed_python_opcode_events,130233
parity_reassociation_n6,resident,O-ADD-WARM,4,receiver_check,bounded_native_c_call_events,1286
parity_reassociation_n6,resident,O-ADD-WARM,4,receiver_check,observed_python_opcode_events,83013
parity_reassociation_n6,resident,O-ADD-WARM,4,receiver_init,bounded_native_c_call_events,2
parity_reassociation_n6,resident,O-ADD-WARM,4,receiver_init,observed_python_opcode_events,55
parity_reassociation_n6,resident,O-ADD-WARM,4,receiver_input,bounded_native_c_call_events,760
parity_reassociation_n6,resident,O-ADD-WARM,4,receiver_input,current_request_bytes,1514
parity_reassociation_n6,resident,O-ADD-WARM,4,receiver_input,observed_python_opcode_events,62832
parity_reassociation_n6,resident,O-ADD-WARM,4,receiver_input,proof_input_bytes,3175
parity_reassociation_n6,resident,O-ADD-WARM,4,receiver_storage,bounded_native_c_call_events,40
parity_reassociation_n6,resident,O-ADD-WARM,4,receiver_storage,live_serialized_byte_periods,22618
parity_reassociation_n6,resident,O-ADD-WARM,4,receiver_storage,observed_python_opcode_events,62923
parity_reassociation_n6,resident,O-ADD-WARM,4,request_encoding,bounded_native_c_call_events,796
parity_reassociation_n6,resident,O-ADD-WARM,4,request_encoding,observed_python_opcode_events,21370
parity_reassociation_n6,resident,O-ADD-WARM,4,terminal,bounded_native_c_call_events,384
parity_reassociation_n6,resident,O-ADD-WARM,4,terminal,candidate_publication_events,1
parity_reassociation_n6,resident,O-ADD-WARM,4,terminal,current_receipt_output_bytes,3011
parity_reassociation_n6,resident,O-ADD-WARM,4,terminal,delivery_events,1
parity_reassociation_n6,resident,O-ADD-WARM,4,terminal,observed_python_opcode_events,10347
parity_reassociation_n6,resident,O-ADD-WARM,5,coordination,bounded_native_c_call_events,10
parity_reassociation_n6,resident,O-ADD-WARM,5,coordination,observed_python_opcode_events,600
parity_reassociation_n6,resident,O-ADD-WARM,5,producer_acknowledgement,bounded_native_c_call_events,11
parity_reassociation_n6,resident,O-ADD-WARM,5,producer_acknowledgement,observed_python_opcode_events,412
parity_reassociation_n6,resident,O-ADD-WARM,5,producer_build,bounded_native_c_call_events,1662
parity_reassociation_n6,resident,O-ADD-WARM,5,producer_build,observed_python_opcode_events,43273
parity_reassociation_n6,resident,O-ADD-WARM,5,producer_export,bounded_native_c_call_events,8
parity_reassociation_n6,resident,O-ADD-WARM,5,producer_export,observed_python_opcode_events,260
parity_reassociation_n6,resident,O-ADD-WARM,5,producer_export,proof_output_bytes,3394
parity_reassociation_n6,resident,O-ADD-WARM,5,producer_input,bounded_native_c_call_events,774
parity_reassociation_n6,resident,O-ADD-WARM,5,producer_input,current_request_bytes,1526
parity_reassociation_n6,resident,O-ADD-WARM,5,producer_input,observed_python_opcode_events,63519
parity_reassociation_n6,resident,O-ADD-WARM,5,producer_storage,bounded_native_c_call_events,663
parity_reassociation_n6,resident,O-ADD-WARM,5,producer_storage,live_serialized_byte_periods,25408
parity_reassociation_n6,resident,O-ADD-WARM,5,producer_storage,observed_python_opcode_events,139386
parity_reassociation_n6,resident,O-ADD-WARM,5,receiver_check,bounded_native_c_call_events,2035
parity_reassociation_n6,resident,O-ADD-WARM,5,receiver_check,observed_python_opcode_events,108873
parity_reassociation_n6,resident,O-ADD-WARM,5,receiver_init,bounded_native_c_call_events,2
parity_reassociation_n6,resident,O-ADD-WARM,5,receiver_init,observed_python_opcode_events,55
parity_reassociation_n6,resident,O-ADD-WARM,5,receiver_input,bounded_native_c_call_events,774
parity_reassociation_n6,resident,O-ADD-WARM,5,receiver_input,current_request_bytes,1526
parity_reassociation_n6,resident,O-ADD-WARM,5,receiver_input,observed_python_opcode_events,63519
parity_reassociation_n6,resident,O-ADD-WARM,5,receiver_input,proof_input_bytes,3394
parity_reassociation_n6,resident,O-ADD-WARM,5,receiver_storage,bounded_native_c_call_events,46
parity_reassociation_n6,resident,O-ADD-WARM,5,receiver_storage,live_serialized_byte_periods,23513
parity_reassociation_n6,resident,O-ADD-WARM,5,receiver_storage,observed_python_opcode_events,68605
parity_reassociation_n6,resident,O-ADD-WARM,5,request_encoding,bounded_native_c_call_events,811
parity_reassociation_n6,resident,O-ADD-WARM,5,request_encoding,observed_python_opcode_events,21712
parity_reassociation_n6,resident,O-ADD-WARM,5,terminal,bounded_native_c_call_events,394
parity_reassociation_n6,resident,O-ADD-WARM,5,terminal,candidate_publication_events,1
parity_reassociation_n6,resident,O-ADD-WARM,5,terminal,current_receipt_output_bytes,3021
parity_reassociation_n6,resident,O-ADD-WARM,5,terminal,delivery_events,1
parity_reassociation_n6,resident,O-ADD-WARM,5,terminal,observed_python_opcode_events,10507
parity_reassociation_n6,resident,O-ADD-WARM,6,coordination,bounded_native_c_call_events,10
parity_reassociation_n6,resident,O-ADD-WARM,6,coordination,observed_python_opcode_events,600
parity_reassociation_n6,resident,O-ADD-WARM,6,producer_acknowledgement,bounded_native_c_call_events,11
parity_reassociation_n6,resident,O-ADD-WARM,6,producer_acknowledgement,observed_python_opcode_events,412
parity_reassociation_n6,resident,O-ADD-WARM,6,producer_build,bounded_native_c_call_events,1784
parity_reassociation_n6,resident,O-ADD-WARM,6,producer_build,observed_python_opcode_events,44399
parity_reassociation_n6,resident,O-ADD-WARM,6,producer_export,bounded_native_c_call_events,8
parity_reassociation_n6,resident,O-ADD-WARM,6,producer_export,observed_python_opcode_events,260
parity_reassociation_n6,resident,O-ADD-WARM,6,producer_export,proof_output_bytes,3386
parity_reassociation_n6,resident,O-ADD-WARM,6,producer_input,bounded_native_c_call_events,827
parity_reassociation_n6,resident,O-ADD-WARM,6,producer_input,current_request_bytes,1590
parity_reassociation_n6,resident,O-ADD-WARM,6,producer_input,observed_python_opcode_events,65983
parity_reassociation_n6,resident,O-ADD-WARM,6,producer_storage,bounded_native_c_call_events,669
parity_reassociation_n6,resident,O-ADD-WARM,6,producer_storage,live_serialized_byte_periods,26115
parity_reassociation_n6,resident,O-ADD-WARM,6,producer_storage,observed_python_opcode_events,146623
parity_reassociation_n6,resident,O-ADD-WARM,6,receiver_check,bounded_native_c_call_events,2128
parity_reassociation_n6,resident,O-ADD-WARM,6,receiver_check,observed_python_opcode_events,108742
parity_reassociation_n6,resident,O-ADD-WARM,6,receiver_init,bounded_native_c_call_events,2
parity_reassociation_n6,resident,O-ADD-WARM,6,receiver_init,observed_python_opcode_events,55
parity_reassociation_n6,resident,O-ADD-WARM,6,receiver_input,bounded_native_c_call_events,827
parity_reassociation_n6,resident,O-ADD-WARM,6,receiver_input,current_request_bytes,1590
parity_reassociation_n6,resident,O-ADD-WARM,6,receiver_input,observed_python_opcode_events,65983
parity_reassociation_n6,resident,O-ADD-WARM,6,receiver_input,proof_input_bytes,3386
parity_reassociation_n6,resident,O-ADD-WARM,6,receiver_storage,bounded_native_c_call_events,52
parity_reassociation_n6,resident,O-ADD-WARM,6,receiver_storage,live_serialized_byte_periods,24248
parity_reassociation_n6,resident,O-ADD-WARM,6,receiver_storage,observed_python_opcode_events,73262
parity_reassociation_n6,resident,O-ADD-WARM,6,request_encoding,bounded_native_c_call_events,830
parity_reassociation_n6,resident,O-ADD-WARM,6,request_encoding,observed_python_opcode_events,22308
parity_reassociation_n6,resident,O-ADD-WARM,6,terminal,bounded_native_c_call_events,428
parity_reassociation_n6,resident,O-ADD-WARM,6,terminal,candidate_publication_events,1
parity_reassociation_n6,resident,O-ADD-WARM,6,terminal,current_receipt_output_bytes,3085
parity_reassociation_n6,resident,O-ADD-WARM,6,terminal,delivery_events,1
parity_reassociation_n6,resident,O-ADD-WARM,6,terminal,observed_python_opcode_events,11384
parity_reassociation_n6,resident,O-ENUM-RECEIVER,1,common_source,bounded_native_c_call_events,371
parity_reassociation_n6,resident,O-ENUM-RECEIVER,1,common_source,observed_python_opcode_events,32551
parity_reassociation_n6,resident,O-ENUM-RECEIVER,1,common_source,source_hash_bytes_prepaid,197956
parity_reassociation_n6,resident,O-ENUM-RECEIVER,1,common_source,source_length_probe_bytes_prepaid,8
parity_reassociation_n6,resident,O-ENUM-RECEIVER,1,common_source,source_program_bytes_prepaid,197956
parity_reassociation_n6,resident,O-ENUM-RECEIVER,1,common_source,source_record_bytes,1199
parity_reassociation_n6,resident,O-ENUM-RECEIVER,1,coordination,bounded_native_c_call_events,10
parity_reassociation_n6,resident,O-ENUM-RECEIVER,1,coordination,observed_python_opcode_events,433
parity_reassociation_n6,resident,O-ENUM-RECEIVER,1,producer_storage,bounded_native_c_call_events,281
parity_reassociation_n6,resident,O-ENUM-RECEIVER,1,producer_storage,live_serialized_byte_periods,2928
parity_reassociation_n6,resident,O-ENUM-RECEIVER,1,producer_storage,observed_python_opcode_events,8229
parity_reassociation_n6,resident,O-ENUM-RECEIVER,1,receiver_check,bounded_native_c_call_events,10748
parity_reassociation_n6,resident,O-ENUM-RECEIVER,1,receiver_check,observed_python_opcode_events,262094
parity_reassociation_n6,resident,O-ENUM-RECEIVER,1,receiver_input,bounded_native_c_call_events,716
parity_reassociation_n6,resident,O-ENUM-RECEIVER,1,receiver_input,current_request_bytes,1480
parity_reassociation_n6,resident,O-ENUM-RECEIVER,1,receiver_input,observed_python_opcode_events,60567
parity_reassociation_n6,resident,O-ENUM-RECEIVER,1,receiver_storage,bounded_native_c_call_events,12
parity_reassociation_n6,resident,O-ENUM-RECEIVER,1,receiver_storage,live_serialized_byte_periods,6847
parity_reassociation_n6,resident,O-ENUM-RECEIVER,1,receiver_storage,observed_python_opcode_events,680
parity_reassociation_n6,resident,O-ENUM-RECEIVER,1,request_encoding,bounded_native_c_call_events,739
parity_reassociation_n6,resident,O-ENUM-RECEIVER,1,request_encoding,observed_python_opcode_events,20060
parity_reassociation_n6,resident,O-ENUM-RECEIVER,1,terminal,bounded_native_c_call_events,338
parity_reassociation_n6,resident,O-ENUM-RECEIVER,1,terminal,candidate_publication_events,1
parity_reassociation_n6,resident,O-ENUM-RECEIVER,1,terminal,current_receipt_output_bytes,2975
parity_reassociation_n6,resident,O-ENUM-RECEIVER,1,terminal,delivery_events,1
parity_reassociation_n6,resident,O-ENUM-RECEIVER,1,terminal,observed_python_opcode_events,9239
parity_reassociation_n6,resident,O-ENUM-RECEIVER,2,coordination,bounded_native_c_call_events,10
parity_reassociation_n6,resident,O-ENUM-RECEIVER,2,coordination,observed_python_opcode_events,412
parity_reassociation_n6,resident,O-ENUM-RECEIVER,2,producer_storage,bounded_native_c_call_events,281
parity_reassociation_n6,resident,O-ENUM-RECEIVER,2,producer_storage,live_serialized_byte_periods,2928
parity_reassociation_n6,resident,O-ENUM-RECEIVER,2,producer_storage,observed_python_opcode_events,8229
parity_reassociation_n6,resident,O-ENUM-RECEIVER,2,receiver_check,bounded_native_c_call_events,6263
parity_reassociation_n6,resident,O-ENUM-RECEIVER,2,receiver_check,observed_python_opcode_events,155507
parity_reassociation_n6,resident,O-ENUM-RECEIVER,2,receiver_input,bounded_native_c_call_events,745
parity_reassociation_n6,resident,O-ENUM-RECEIVER,2,receiver_input,current_request_bytes,1501
parity_reassociation_n6,resident,O-ENUM-RECEIVER,2,receiver_input,observed_python_opcode_events,61950
parity_reassociation_n6,resident,O-ENUM-RECEIVER,2,receiver_storage,bounded_native_c_call_events,12
parity_reassociation_n6,resident,O-ENUM-RECEIVER,2,receiver_storage,live_serialized_byte_periods,6905
parity_reassociation_n6,resident,O-ENUM-RECEIVER,2,receiver_storage,observed_python_opcode_events,680
parity_reassociation_n6,resident,O-ENUM-RECEIVER,2,request_encoding,bounded_native_c_call_events,775
parity_reassociation_n6,resident,O-ENUM-RECEIVER,2,request_encoding,observed_python_opcode_events,20870
parity_reassociation_n6,resident,O-ENUM-RECEIVER,2,terminal,bounded_native_c_call_events,370
parity_reassociation_n6,resident,O-ENUM-RECEIVER,2,terminal,candidate_publication_events,1
parity_reassociation_n6,resident,O-ENUM-RECEIVER,2,terminal,current_receipt_output_bytes,2996
parity_reassociation_n6,resident,O-ENUM-RECEIVER,2,terminal,delivery_events,1
parity_reassociation_n6,resident,O-ENUM-RECEIVER,2,terminal,observed_python_opcode_events,9983
parity_reassociation_n6,resident,O-ENUM-RECEIVER,3,coordination,bounded_native_c_call_events,10
parity_reassociation_n6,resident,O-ENUM-RECEIVER,3,coordination,observed_python_opcode_events,412
parity_reassociation_n6,resident,O-ENUM-RECEIVER,3,producer_storage,bounded_native_c_call_events,281
parity_reassociation_n6,resident,O-ENUM-RECEIVER,3,producer_storage,live_serialized_byte_periods,2928
parity_reassociation_n6,resident,O-ENUM-RECEIVER,3,producer_storage,observed_python_opcode_events,8229
parity_reassociation_n6,resident,O-ENUM-RECEIVER,3,receiver_check,bounded_native_c_call_events,3943
parity_reassociation_n6,resident,O-ENUM-RECEIVER,3,receiver_check,observed_python_opcode_events,97835
parity_reassociation_n6,resident,O-ENUM-RECEIVER,3,receiver_input,bounded_native_c_call_events,745
parity_reassociation_n6,resident,O-ENUM-RECEIVER,3,receiver_input,current_request_bytes,1505
parity_reassociation_n6,resident,O-ENUM-RECEIVER,3,receiver_input,observed_python_opcode_events,62070
parity_reassociation_n6,resident,O-ENUM-RECEIVER,3,receiver_storage,bounded_native_c_call_events,12
parity_reassociation_n6,resident,O-ENUM-RECEIVER,3,receiver_storage,live_serialized_byte_periods,6913
parity_reassociation_n6,resident,O-ENUM-RECEIVER,3,receiver_storage,observed_python_opcode_events,680
parity_reassociation_n6,resident,O-ENUM-RECEIVER,3,request_encoding,bounded_native_c_call_events,775
parity_reassociation_n6,resident,O-ENUM-RECEIVER,3,request_encoding,observed_python_opcode_events,20870
parity_reassociation_n6,resident,O-ENUM-RECEIVER,3,terminal,bounded_native_c_call_events,370
parity_reassociation_n6,resident,O-ENUM-RECEIVER,3,terminal,candidate_publication_events,1
parity_reassociation_n6,resident,O-ENUM-RECEIVER,3,terminal,current_receipt_output_bytes,3000
parity_reassociation_n6,resident,O-ENUM-RECEIVER,3,terminal,delivery_events,1
parity_reassociation_n6,resident,O-ENUM-RECEIVER,3,terminal,observed_python_opcode_events,9983
parity_reassociation_n6,resident,O-ENUM-RECEIVER,4,coordination,bounded_native_c_call_events,10
parity_reassociation_n6,resident,O-ENUM-RECEIVER,4,coordination,observed_python_opcode_events,412
parity_reassociation_n6,resident,O-ENUM-RECEIVER,4,producer_storage,bounded_native_c_call_events,281
parity_reassociation_n6,resident,O-ENUM-RECEIVER,4,producer_storage,live_serialized_byte_periods,2928
parity_reassociation_n6,resident,O-ENUM-RECEIVER,4,producer_storage,observed_python_opcode_events,8229
parity_reassociation_n6,resident,O-ENUM-RECEIVER,4,receiver_check,bounded_native_c_call_events,6340
parity_reassociation_n6,resident,O-ENUM-RECEIVER,4,receiver_check,observed_python_opcode_events,159377
parity_reassociation_n6,resident,O-ENUM-RECEIVER,4,receiver_input,bounded_native_c_call_events,760
parity_reassociation_n6,resident,O-ENUM-RECEIVER,4,receiver_input,current_request_bytes,1514
parity_reassociation_n6,resident,O-ENUM-RECEIVER,4,receiver_input,observed_python_opcode_events,62832
parity_reassociation_n6,resident,O-ENUM-RECEIVER,4,receiver_storage,bounded_native_c_call_events,12
parity_reassociation_n6,resident,O-ENUM-RECEIVER,4,receiver_storage,live_serialized_byte_periods,6941
parity_reassociation_n6,resident,O-ENUM-RECEIVER,4,receiver_storage,observed_python_opcode_events,680
parity_reassociation_n6,resident,O-ENUM-RECEIVER,4,request_encoding,bounded_native_c_call_events,796
parity_reassociation_n6,resident,O-ENUM-RECEIVER,4,request_encoding,observed_python_opcode_events,21370
parity_reassociation_n6,resident,O-ENUM-RECEIVER,4,terminal,bounded_native_c_call_events,384
parity_reassociation_n6,resident,O-ENUM-RECEIVER,4,terminal,candidate_publication_events,1
parity_reassociation_n6,resident,O-ENUM-RECEIVER,4,terminal,current_receipt_output_bytes,3011
parity_reassociation_n6,resident,O-ENUM-RECEIVER,4,terminal,delivery_events,1
parity_reassociation_n6,resident,O-ENUM-RECEIVER,4,terminal,observed_python_opcode_events,10347
parity_reassociation_n6,resident,O-ENUM-RECEIVER,5,coordination,bounded_native_c_call_events,10
parity_reassociation_n6,resident,O-ENUM-RECEIVER,5,coordination,observed_python_opcode_events,412
parity_reassociation_n6,resident,O-ENUM-RECEIVER,5,producer_storage,bounded_native_c_call_events,281
parity_reassociation_n6,resident,O-ENUM-RECEIVER,5,producer_storage,live_serialized_byte_periods,2928
parity_reassociation_n6,resident,O-ENUM-RECEIVER,5,producer_storage,observed_python_opcode_events,8229
parity_reassociation_n6,resident,O-ENUM-RECEIVER,5,receiver_check,bounded_native_c_call_events,5737
parity_reassociation_n6,resident,O-ENUM-RECEIVER,5,receiver_check,observed_python_opcode_events,141853
parity_reassociation_n6,resident,O-ENUM-RECEIVER,5,receiver_input,bounded_native_c_call_events,774
parity_reassociation_n6,resident,O-ENUM-RECEIVER,5,receiver_input,current_request_bytes,1526
parity_reassociation_n6,resident,O-ENUM-RECEIVER,5,receiver_input,observed_python_opcode_events,63519
parity_reassociation_n6,resident,O-ENUM-RECEIVER,5,receiver_storage,bounded_native_c_call_events,12
parity_reassociation_n6,resident,O-ENUM-RECEIVER,5,receiver_storage,live_serialized_byte_periods,6971
parity_reassociation_n6,resident,O-ENUM-RECEIVER,5,receiver_storage,observed_python_opcode_events,680
parity_reassociation_n6,resident,O-ENUM-RECEIVER,5,request_encoding,bounded_native_c_call_events,811
parity_reassociation_n6,resident,O-ENUM-RECEIVER,5,request_encoding,observed_python_opcode_events,21712
parity_reassociation_n6,resident,O-ENUM-RECEIVER,5,terminal,bounded_native_c_call_events,394
parity_reassociation_n6,resident,O-ENUM-RECEIVER,5,terminal,candidate_publication_events,1
parity_reassociation_n6,resident,O-ENUM-RECEIVER,5,terminal,current_receipt_output_bytes,3021
parity_reassociation_n6,resident,O-ENUM-RECEIVER,5,terminal,delivery_events,1
parity_reassociation_n6,resident,O-ENUM-RECEIVER,5,terminal,observed_python_opcode_events,10507
parity_reassociation_n6,resident,O-ENUM-RECEIVER,6,coordination,bounded_native_c_call_events,10
parity_reassociation_n6,resident,O-ENUM-RECEIVER,6,coordination,observed_python_opcode_events,412
parity_reassociation_n6,resident,O-ENUM-RECEIVER,6,producer_storage,bounded_native_c_call_events,281
parity_reassociation_n6,resident,O-ENUM-RECEIVER,6,producer_storage,live_serialized_byte_periods,2928
parity_reassociation_n6,resident,O-ENUM-RECEIVER,6,producer_storage,observed_python_opcode_events,8229
parity_reassociation_n6,resident,O-ENUM-RECEIVER,6,receiver_check,bounded_native_c_call_events,6895
parity_reassociation_n6,resident,O-ENUM-RECEIVER,6,receiver_check,observed_python_opcode_events,169658
parity_reassociation_n6,resident,O-ENUM-RECEIVER,6,receiver_input,bounded_native_c_call_events,827
parity_reassociation_n6,resident,O-ENUM-RECEIVER,6,receiver_input,current_request_bytes,1590
parity_reassociation_n6,resident,O-ENUM-RECEIVER,6,receiver_input,observed_python_opcode_events,65983
parity_reassociation_n6,resident,O-ENUM-RECEIVER,6,receiver_storage,bounded_native_c_call_events,12
parity_reassociation_n6,resident,O-ENUM-RECEIVER,6,receiver_storage,live_serialized_byte_periods,7147
parity_reassociation_n6,resident,O-ENUM-RECEIVER,6,receiver_storage,observed_python_opcode_events,680
parity_reassociation_n6,resident,O-ENUM-RECEIVER,6,request_encoding,bounded_native_c_call_events,830
parity_reassociation_n6,resident,O-ENUM-RECEIVER,6,request_encoding,observed_python_opcode_events,22308
parity_reassociation_n6,resident,O-ENUM-RECEIVER,6,terminal,bounded_native_c_call_events,428
parity_reassociation_n6,resident,O-ENUM-RECEIVER,6,terminal,candidate_publication_events,1
parity_reassociation_n6,resident,O-ENUM-RECEIVER,6,terminal,current_receipt_output_bytes,3085
parity_reassociation_n6,resident,O-ENUM-RECEIVER,6,terminal,delivery_events,1
parity_reassociation_n6,resident,O-ENUM-RECEIVER,6,terminal,observed_python_opcode_events,11384
parity_reassociation_n6,resident,P-FRESH,1,common_source,bounded_native_c_call_events,371
parity_reassociation_n6,resident,P-FRESH,1,common_source,observed_python_opcode_events,32551
parity_reassociation_n6,resident,P-FRESH,1,common_source,source_hash_bytes_prepaid,197956
parity_reassociation_n6,resident,P-FRESH,1,common_source,source_length_probe_bytes_prepaid,8
parity_reassociation_n6,resident,P-FRESH,1,common_source,source_program_bytes_prepaid,197956
parity_reassociation_n6,resident,P-FRESH,1,common_source,source_record_bytes,1199
parity_reassociation_n6,resident,P-FRESH,1,coordination,bounded_native_c_call_events,10
parity_reassociation_n6,resident,P-FRESH,1,coordination,observed_python_opcode_events,637
parity_reassociation_n6,resident,P-FRESH,1,producer_build,bounded_native_c_call_events,237689
parity_reassociation_n6,resident,P-FRESH,1,producer_build,observed_python_opcode_events,5080586
parity_reassociation_n6,resident,P-FRESH,1,producer_export,bounded_native_c_call_events,7
parity_reassociation_n6,resident,P-FRESH,1,producer_export,observed_python_opcode_events,15585
parity_reassociation_n6,resident,P-FRESH,1,producer_export,proof_output_bytes,3126
parity_reassociation_n6,resident,P-FRESH,1,producer_init,observed_python_opcode_events,4
parity_reassociation_n6,resident,P-FRESH,1,producer_input,bounded_native_c_call_events,716
parity_reassociation_n6,resident,P-FRESH,1,producer_input,current_request_bytes,1480
parity_reassociation_n6,resident,P-FRESH,1,producer_input,observed_python_opcode_events,60567
parity_reassociation_n6,resident,P-FRESH,1,producer_storage,bounded_native_c_call_events,286
parity_reassociation_n6,resident,P-FRESH,1,producer_storage,live_serialized_byte_periods,8454
parity_reassociation_n6,resident,P-FRESH,1,producer_storage,observed_python_opcode_events,8311
parity_reassociation_n6,resident,P-FRESH,1,receiver_check,bounded_native_c_call_events,76182
parity_reassociation_n6,resident,P-FRESH,1,receiver_check,observed_python_opcode_events,1489658
parity_reassociation_n6,resident,P-FRESH,1,receiver_import,bounded_native_c_call_events,165
parity_reassociation_n6,resident,P-FRESH,1,receiver_import,observed_python_opcode_events,62157
parity_reassociation_n6,resident,P-FRESH,1,receiver_init,observed_python_opcode_events,4
parity_reassociation_n6,resident,P-FRESH,1,receiver_input,bounded_native_c_call_events,716
parity_reassociation_n6,resident,P-FRESH,1,receiver_input,current_request_bytes,1480
parity_reassociation_n6,resident,P-FRESH,1,receiver_input,observed_python_opcode_events,60567
parity_reassociation_n6,resident,P-FRESH,1,receiver_input,proof_input_bytes,3126
parity_reassociation_n6,resident,P-FRESH,1,receiver_storage,bounded_native_c_call_events,16
parity_reassociation_n6,resident,P-FRESH,1,receiver_storage,live_serialized_byte_periods,10565
parity_reassociation_n6,resident,P-FRESH,1,receiver_storage,observed_python_opcode_events,751
parity_reassociation_n6,resident,P-FRESH,1,request_encoding,bounded_native_c_call_events,739
parity_reassociation_n6,resident,P-FRESH,1,request_encoding,observed_python_opcode_events,20060
parity_reassociation_n6,resident,P-FRESH,1,terminal,bounded_native_c_call_events,338
parity_reassociation_n6,resident,P-FRESH,1,terminal,candidate_publication_events,1
parity_reassociation_n6,resident,P-FRESH,1,terminal,current_receipt_output_bytes,2975
parity_reassociation_n6,resident,P-FRESH,1,terminal,delivery_events,1
parity_reassociation_n6,resident,P-FRESH,1,terminal,observed_python_opcode_events,9239
parity_reassociation_n6,resident,P-FRESH,2,coordination,bounded_native_c_call_events,10
parity_reassociation_n6,resident,P-FRESH,2,coordination,observed_python_opcode_events,592
parity_reassociation_n6,resident,P-FRESH,2,producer_build,bounded_native_c_call_events,130572
parity_reassociation_n6,resident,P-FRESH,2,producer_build,observed_python_opcode_events,2758576
parity_reassociation_n6,resident,P-FRESH,2,producer_export,bounded_native_c_call_events,7
parity_reassociation_n6,resident,P-FRESH,2,producer_export,observed_python_opcode_events,8309
parity_reassociation_n6,resident,P-FRESH,2,producer_export,proof_output_bytes,2338
parity_reassociation_n6,resident,P-FRESH,2,producer_input,bounded_native_c_call_events,745
parity_reassociation_n6,resident,P-FRESH,2,producer_input,current_request_bytes,1501
parity_reassociation_n6,resident,P-FRESH,2,producer_input,observed_python_opcode_events,61950
parity_reassociation_n6,resident,P-FRESH,2,producer_storage,bounded_native_c_call_events,286
parity_reassociation_n6,resident,P-FRESH,2,producer_storage,live_serialized_byte_periods,7579
parity_reassociation_n6,resident,P-FRESH,2,producer_storage,observed_python_opcode_events,8311
parity_reassociation_n6,resident,P-FRESH,2,receiver_check,bounded_native_c_call_events,42034
parity_reassociation_n6,resident,P-FRESH,2,receiver_check,observed_python_opcode_events,813208
parity_reassociation_n6,resident,P-FRESH,2,receiver_import,bounded_native_c_call_events,105
parity_reassociation_n6,resident,P-FRESH,2,receiver_import,observed_python_opcode_events,42721
parity_reassociation_n6,resident,P-FRESH,2,receiver_input,bounded_native_c_call_events,745
parity_reassociation_n6,resident,P-FRESH,2,receiver_input,current_request_bytes,1501
parity_reassociation_n6,resident,P-FRESH,2,receiver_input,observed_python_opcode_events,61950
parity_reassociation_n6,resident,P-FRESH,2,receiver_input,proof_input_bytes,2338
parity_reassociation_n6,resident,P-FRESH,2,receiver_storage,bounded_native_c_call_events,16
parity_reassociation_n6,resident,P-FRESH,2,receiver_storage,live_serialized_byte_periods,9719
parity_reassociation_n6,resident,P-FRESH,2,receiver_storage,observed_python_opcode_events,751
parity_reassociation_n6,resident,P-FRESH,2,request_encoding,bounded_native_c_call_events,775
parity_reassociation_n6,resident,P-FRESH,2,request_encoding,observed_python_opcode_events,20870
parity_reassociation_n6,resident,P-FRESH,2,terminal,bounded_native_c_call_events,370
parity_reassociation_n6,resident,P-FRESH,2,terminal,candidate_publication_events,1
parity_reassociation_n6,resident,P-FRESH,2,terminal,current_receipt_output_bytes,2996
parity_reassociation_n6,resident,P-FRESH,2,terminal,delivery_events,1
parity_reassociation_n6,resident,P-FRESH,2,terminal,observed_python_opcode_events,9983
parity_reassociation_n6,resident,P-FRESH,3,coordination,bounded_native_c_call_events,10
parity_reassociation_n6,resident,P-FRESH,3,coordination,observed_python_opcode_events,592
parity_reassociation_n6,resident,P-FRESH,3,producer_build,bounded_native_c_call_events,67827
parity_reassociation_n6,resident,P-FRESH,3,producer_build,observed_python_opcode_events,1436173
parity_reassociation_n6,resident,P-FRESH,3,producer_export,bounded_native_c_call_events,7
parity_reassociation_n6,resident,P-FRESH,3,producer_export,observed_python_opcode_events,4749
parity_reassociation_n6,resident,P-FRESH,3,producer_export,proof_output_bytes,1947
parity_reassociation_n6,resident,P-FRESH,3,producer_input,bounded_native_c_call_events,745
parity_reassociation_n6,resident,P-FRESH,3,producer_input,current_request_bytes,1505
parity_reassociation_n6,resident,P-FRESH,3,producer_input,observed_python_opcode_events,62070
parity_reassociation_n6,resident,P-FRESH,3,producer_storage,bounded_native_c_call_events,286
parity_reassociation_n6,resident,P-FRESH,3,producer_storage,live_serialized_byte_periods,7132
parity_reassociation_n6,resident,P-FRESH,3,producer_storage,observed_python_opcode_events,8311
parity_reassociation_n6,resident,P-FRESH,3,receiver_check,bounded_native_c_call_events,21448
parity_reassociation_n6,resident,P-FRESH,3,receiver_check,observed_python_opcode_events,416733
parity_reassociation_n6,resident,P-FRESH,3,receiver_import,bounded_native_c_call_events,75
parity_reassociation_n6,resident,P-FRESH,3,receiver_import,observed_python_opcode_events,33138
parity_reassociation_n6,resident,P-FRESH,3,receiver_input,bounded_native_c_call_events,745
parity_reassociation_n6,resident,P-FRESH,3,receiver_input,current_request_bytes,1505
parity_reassociation_n6,resident,P-FRESH,3,receiver_input,observed_python_opcode_events,62070
parity_reassociation_n6,resident,P-FRESH,3,receiver_input,proof_input_bytes,1947
parity_reassociation_n6,resident,P-FRESH,3,receiver_storage,bounded_native_c_call_events,16
parity_reassociation_n6,resident,P-FRESH,3,receiver_storage,live_serialized_byte_periods,9276
parity_reassociation_n6,resident,P-FRESH,3,receiver_storage,observed_python_opcode_events,751
parity_reassociation_n6,resident,P-FRESH,3,request_encoding,bounded_native_c_call_events,775
parity_reassociation_n6,resident,P-FRESH,3,request_encoding,observed_python_opcode_events,20870
parity_reassociation_n6,resident,P-FRESH,3,terminal,bounded_native_c_call_events,370
parity_reassociation_n6,resident,P-FRESH,3,terminal,candidate_publication_events,1
parity_reassociation_n6,resident,P-FRESH,3,terminal,current_receipt_output_bytes,3000
parity_reassociation_n6,resident,P-FRESH,3,terminal,delivery_events,1
parity_reassociation_n6,resident,P-FRESH,3,terminal,observed_python_opcode_events,9983
parity_reassociation_n6,resident,P-FRESH,4,coordination,bounded_native_c_call_events,10
parity_reassociation_n6,resident,P-FRESH,4,coordination,observed_python_opcode_events,592
parity_reassociation_n6,resident,P-FRESH,4,producer_build,bounded_native_c_call_events,144352
parity_reassociation_n6,resident,P-FRESH,4,producer_build,observed_python_opcode_events,3033672
parity_reassociation_n6,resident,P-FRESH,4,producer_export,bounded_native_c_call_events,7
parity_reassociation_n6,resident,P-FRESH,4,producer_export,observed_python_opcode_events,8521
parity_reassociation_n6,resident,P-FRESH,4,producer_export,proof_output_bytes,2374
parity_reassociation_n6,resident,P-FRESH,4,producer_input,bounded_native_c_call_events,760
parity_reassociation_n6,resident,P-FRESH,4,producer_input,current_request_bytes,1514
parity_reassociation_n6,resident,P-FRESH,4,producer_input,observed_python_opcode_events,62832
parity_reassociation_n6,resident,P-FRESH,4,producer_storage,bounded_native_c_call_events,286
parity_reassociation_n6,resident,P-FRESH,4,producer_storage,live_serialized_byte_periods,7640
parity_reassociation_n6,resident,P-FRESH,4,producer_storage,observed_python_opcode_events,8311
parity_reassociation_n6,resident,P-FRESH,4,receiver_check,bounded_native_c_call_events,44807
parity_reassociation_n6,resident,P-FRESH,4,receiver_check,observed_python_opcode_events,865662
parity_reassociation_n6,resident,P-FRESH,4,receiver_import,bounded_native_c_call_events,109
parity_reassociation_n6,resident,P-FRESH,4,receiver_import,observed_python_opcode_events,43501
parity_reassociation_n6,resident,P-FRESH,4,receiver_input,bounded_native_c_call_events,760
parity_reassociation_n6,resident,P-FRESH,4,receiver_input,current_request_bytes,1514
parity_reassociation_n6,resident,P-FRESH,4,receiver_input,observed_python_opcode_events,62832
parity_reassociation_n6,resident,P-FRESH,4,receiver_input,proof_input_bytes,2374
parity_reassociation_n6,resident,P-FRESH,4,receiver_storage,bounded_native_c_call_events,16
parity_reassociation_n6,resident,P-FRESH,4,receiver_storage,live_serialized_byte_periods,9799
parity_reassociation_n6,resident,P-FRESH,4,receiver_storage,observed_python_opcode_events,751
parity_reassociation_n6,resident,P-FRESH,4,request_encoding,bounded_native_c_call_events,796
parity_reassociation_n6,resident,P-FRESH,4,request_encoding,observed_python_opcode_events,21370
parity_reassociation_n6,resident,P-FRESH,4,terminal,bounded_native_c_call_events,384
parity_reassociation_n6,resident,P-FRESH,4,terminal,candidate_publication_events,1
parity_reassociation_n6,resident,P-FRESH,4,terminal,current_receipt_output_bytes,3011
parity_reassociation_n6,resident,P-FRESH,4,terminal,delivery_events,1
parity_reassociation_n6,resident,P-FRESH,4,terminal,observed_python_opcode_events,10347
parity_reassociation_n6,resident,P-FRESH,5,coordination,bounded_native_c_call_events,10
parity_reassociation_n6,resident,P-FRESH,5,coordination,observed_python_opcode_events,592
parity_reassociation_n6,resident,P-FRESH,5,producer_build,bounded_native_c_call_events,146209
parity_reassociation_n6,resident,P-FRESH,5,producer_build,observed_python_opcode_events,3134903
parity_reassociation_n6,resident,P-FRESH,5,producer_export,bounded_native_c_call_events,7
parity_reassociation_n6,resident,P-FRESH,5,producer_export,observed_python_opcode_events,9281
parity_reassociation_n6,resident,P-FRESH,5,producer_export,proof_output_bytes,2476
parity_reassociation_n6,resident,P-FRESH,5,producer_input,bounded_native_c_call_events,774
parity_reassociation_n6,resident,P-FRESH,5,producer_input,current_request_bytes,1526
parity_reassociation_n6,resident,P-FRESH,5,producer_input,observed_python_opcode_events,63519
parity_reassociation_n6,resident,P-FRESH,5,producer_storage,bounded_native_c_call_events,286
parity_reassociation_n6,resident,P-FRESH,5,producer_storage,live_serialized_byte_periods,7786
parity_reassociation_n6,resident,P-FRESH,5,producer_storage,observed_python_opcode_events,8311
parity_reassociation_n6,resident,P-FRESH,5,receiver_check,bounded_native_c_call_events,34164
parity_reassociation_n6,resident,P-FRESH,5,receiver_check,observed_python_opcode_events,665270
parity_reassociation_n6,resident,P-FRESH,5,receiver_import,bounded_native_c_call_events,125
parity_reassociation_n6,resident,P-FRESH,5,receiver_import,observed_python_opcode_events,45991
parity_reassociation_n6,resident,P-FRESH,5,receiver_input,bounded_native_c_call_events,774
parity_reassociation_n6,resident,P-FRESH,5,receiver_input,current_request_bytes,1526
parity_reassociation_n6,resident,P-FRESH,5,receiver_input,observed_python_opcode_events,63519
parity_reassociation_n6,resident,P-FRESH,5,receiver_input,proof_input_bytes,2476
parity_reassociation_n6,resident,P-FRESH,5,receiver_storage,bounded_native_c_call_events,16
parity_reassociation_n6,resident,P-FRESH,5,receiver_storage,live_serialized_byte_periods,9959
parity_reassociation_n6,resident,P-FRESH,5,receiver_storage,observed_python_opcode_events,751
parity_reassociation_n6,resident,P-FRESH,5,request_encoding,bounded_native_c_call_events,811
parity_reassociation_n6,resident,P-FRESH,5,request_encoding,observed_python_opcode_events,21712
parity_reassociation_n6,resident,P-FRESH,5,terminal,bounded_native_c_call_events,394
parity_reassociation_n6,resident,P-FRESH,5,terminal,candidate_publication_events,1
parity_reassociation_n6,resident,P-FRESH,5,terminal,current_receipt_output_bytes,3021
parity_reassociation_n6,resident,P-FRESH,5,terminal,delivery_events,1
parity_reassociation_n6,resident,P-FRESH,5,terminal,observed_python_opcode_events,10507
parity_reassociation_n6,resident,P-FRESH,6,coordination,bounded_native_c_call_events,10
parity_reassociation_n6,resident,P-FRESH,6,coordination,observed_python_opcode_events,592
parity_reassociation_n6,resident,P-FRESH,6,producer_build,bounded_native_c_call_events,137974
parity_reassociation_n6,resident,P-FRESH,6,producer_build,observed_python_opcode_events,2902097
parity_reassociation_n6,resident,P-FRESH,6,producer_export,bounded_native_c_call_events,7
parity_reassociation_n6,resident,P-FRESH,6,producer_export,observed_python_opcode_events,8309
parity_reassociation_n6,resident,P-FRESH,6,producer_export,proof_output_bytes,2427
parity_reassociation_n6,resident,P-FRESH,6,producer_input,bounded_native_c_call_events,827
parity_reassociation_n6,resident,P-FRESH,6,producer_input,current_request_bytes,1590
parity_reassociation_n6,resident,P-FRESH,6,producer_input,observed_python_opcode_events,65983
parity_reassociation_n6,resident,P-FRESH,6,producer_storage,bounded_native_c_call_events,286
parity_reassociation_n6,resident,P-FRESH,6,producer_storage,live_serialized_byte_periods,7821
parity_reassociation_n6,resident,P-FRESH,6,producer_storage,observed_python_opcode_events,8311
parity_reassociation_n6,resident,P-FRESH,6,receiver_check,bounded_native_c_call_events,43324
parity_reassociation_n6,resident,P-FRESH,6,receiver_check,observed_python_opcode_events,836809
parity_reassociation_n6,resident,P-FRESH,6,receiver_import,bounded_native_c_call_events,105
parity_reassociation_n6,resident,P-FRESH,6,receiver_import,observed_python_opcode_events,43928
parity_reassociation_n6,resident,P-FRESH,6,receiver_input,bounded_native_c_call_events,827
parity_reassociation_n6,resident,P-FRESH,6,receiver_input,current_request_bytes,1590
parity_reassociation_n6,resident,P-FRESH,6,receiver_input,observed_python_opcode_events,65983
parity_reassociation_n6,resident,P-FRESH,6,receiver_input,proof_input_bytes,2427
parity_reassociation_n6,resident,P-FRESH,6,receiver_storage,bounded_native_c_call_events,16
parity_reassociation_n6,resident,P-FRESH,6,receiver_storage,live_serialized_byte_periods,10082
parity_reassociation_n6,resident,P-FRESH,6,receiver_storage,observed_python_opcode_events,751
parity_reassociation_n6,resident,P-FRESH,6,request_encoding,bounded_native_c_call_events,830
parity_reassociation_n6,resident,P-FRESH,6,request_encoding,observed_python_opcode_events,22308
parity_reassociation_n6,resident,P-FRESH,6,terminal,bounded_native_c_call_events,428
parity_reassociation_n6,resident,P-FRESH,6,terminal,candidate_publication_events,1
parity_reassociation_n6,resident,P-FRESH,6,terminal,current_receipt_output_bytes,3085
parity_reassociation_n6,resident,P-FRESH,6,terminal,delivery_events,1
parity_reassociation_n6,resident,P-FRESH,6,terminal,observed_python_opcode_events,11384
parity_reassociation_n6,resident,P-REUSE,1,common_source,bounded_native_c_call_events,371
parity_reassociation_n6,resident,P-REUSE,1,common_source,observed_python_opcode_events,32551
parity_reassociation_n6,resident,P-REUSE,1,common_source,source_hash_bytes_prepaid,197956
parity_reassociation_n6,resident,P-REUSE,1,common_source,source_length_probe_bytes_prepaid,8
parity_reassociation_n6,resident,P-REUSE,1,common_source,source_program_bytes_prepaid,197956
parity_reassociation_n6,resident,P-REUSE,1,common_source,source_record_bytes,1199
parity_reassociation_n6,resident,P-REUSE,1,coordination,bounded_native_c_call_events,17
parity_reassociation_n6,resident,P-REUSE,1,coordination,observed_python_opcode_events,1107
parity_reassociation_n6,resident,P-REUSE,1,producer_build,bounded_native_c_call_events,1962
parity_reassociation_n6,resident,P-REUSE,1,producer_build,observed_python_opcode_events,49968
parity_reassociation_n6,resident,P-REUSE,1,producer_export,bounded_native_c_call_events,9
parity_reassociation_n6,resident,P-REUSE,1,producer_export,observed_python_opcode_events,1902
parity_reassociation_n6,resident,P-REUSE,1,producer_export,proof_output_bytes,2942
parity_reassociation_n6,resident,P-REUSE,1,producer_init,observed_python_opcode_events,4
parity_reassociation_n6,resident,P-REUSE,1,producer_input,bounded_native_c_call_events,716
parity_reassociation_n6,resident,P-REUSE,1,producer_input,current_request_bytes,1480
parity_reassociation_n6,resident,P-REUSE,1,producer_input,observed_python_opcode_events,60567
parity_reassociation_n6,resident,P-REUSE,1,producer_old_admission,bounded_native_c_call_events,23064
parity_reassociation_n6,resident,P-REUSE,1,producer_old_admission,observed_python_opcode_events,604862
parity_reassociation_n6,resident,P-REUSE,1,producer_old_build,bounded_native_c_call_events,45421
parity_reassociation_n6,resident,P-REUSE,1,producer_old_build,observed_python_opcode_events,1176289
parity_reassociation_n6,resident,P-REUSE,1,producer_old_export,bounded_native_c_call_events,278
parity_reassociation_n6,resident,P-REUSE,1,producer_old_export,observed_python_opcode_events,20818
parity_reassociation_n6,resident,P-REUSE,1,producer_old_export,old_proof_output_bytes,3142
parity_reassociation_n6,resident,P-REUSE,1,producer_old_input,bounded_native_c_call_events,1345
parity_reassociation_n6,resident,P-REUSE,1,producer_old_input,observed_python_opcode_events,77263
parity_reassociation_n6,resident,P-REUSE,1,producer_old_input,old_request_bytes,1429
parity_reassociation_n6,resident,P-REUSE,1,producer_storage,bounded_native_c_call_events,847
parity_reassociation_n6,resident,P-REUSE,1,producer_storage,live_serialized_byte_periods,27087
parity_reassociation_n6,resident,P-REUSE,1,producer_storage,observed_python_opcode_events,23480
parity_reassociation_n6,resident,P-REUSE,1,receiver_check,bounded_native_c_call_events,2078
parity_reassociation_n6,resident,P-REUSE,1,receiver_check,observed_python_opcode_events,53701
parity_reassociation_n6,resident,P-REUSE,1,receiver_import,bounded_native_c_call_events,81
parity_reassociation_n6,resident,P-REUSE,1,receiver_import,observed_python_opcode_events,44180
parity_reassociation_n6,resident,P-REUSE,1,receiver_init,observed_python_opcode_events,4
parity_reassociation_n6,resident,P-REUSE,1,receiver_input,bounded_native_c_call_events,716
parity_reassociation_n6,resident,P-REUSE,1,receiver_input,current_request_bytes,1480
parity_reassociation_n6,resident,P-REUSE,1,receiver_input,observed_python_opcode_events,60567
parity_reassociation_n6,resident,P-REUSE,1,receiver_input,proof_input_bytes,2942
parity_reassociation_n6,resident,P-REUSE,1,receiver_old_check,bounded_native_c_call_events,23064
parity_reassociation_n6,resident,P-REUSE,1,receiver_old_check,observed_python_opcode_events,604861
parity_reassociation_n6,resident,P-REUSE,1,receiver_old_import,bounded_native_c_call_events,776
parity_reassociation_n6,resident,P-REUSE,1,receiver_old_import,observed_python_opcode_events,98437
parity_reassociation_n6,resident,P-REUSE,1,receiver_old_input,bounded_native_c_call_events,1345
parity_reassociation_n6,resident,P-REUSE,1,receiver_old_input,observed_python_opcode_events,77263
parity_reassociation_n6,resident,P-REUSE,1,receiver_old_input,old_proof_input_bytes,3142
parity_reassociation_n6,resident,P-REUSE,1,receiver_old_input,old_request_bytes,1429
parity_reassociation_n6,resident,P-REUSE,1,receiver_storage,bounded_native_c_call_events,575
parity_reassociation_n6,resident,P-REUSE,1,receiver_storage,live_serialized_byte_periods,18859
parity_reassociation_n6,resident,P-REUSE,1,receiver_storage,observed_python_opcode_events,15653
parity_reassociation_n6,resident,P-REUSE,1,request_encoding,bounded_native_c_call_events,739
parity_reassociation_n6,resident,P-REUSE,1,request_encoding,observed_python_opcode_events,20060
parity_reassociation_n6,resident,P-REUSE,1,terminal,bounded_native_c_call_events,338
parity_reassociation_n6,resident,P-REUSE,1,terminal,candidate_publication_events,1
parity_reassociation_n6,resident,P-REUSE,1,terminal,current_receipt_output_bytes,2975
parity_reassociation_n6,resident,P-REUSE,1,terminal,delivery_events,1
parity_reassociation_n6,resident,P-REUSE,1,terminal,observed_python_opcode_events,9239
parity_reassociation_n6,resident,P-REUSE,2,coordination,bounded_native_c_call_events,10
parity_reassociation_n6,resident,P-REUSE,2,coordination,observed_python_opcode_events,592
parity_reassociation_n6,resident,P-REUSE,2,producer_build,bounded_native_c_call_events,2229
parity_reassociation_n6,resident,P-REUSE,2,producer_build,observed_python_opcode_events,54747
parity_reassociation_n6,resident,P-REUSE,2,producer_export,bounded_native_c_call_events,9
parity_reassociation_n6,resident,P-REUSE,2,producer_export,observed_python_opcode_events,1902
parity_reassociation_n6,resident,P-REUSE,2,producer_export,proof_output_bytes,2963
parity_reassociation_n6,resident,P-REUSE,2,producer_input,bounded_native_c_call_events,745
parity_reassociation_n6,resident,P-REUSE,2,producer_input,current_request_bytes,1501
parity_reassociation_n6,resident,P-REUSE,2,producer_input,observed_python_opcode_events,61950
parity_reassociation_n6,resident,P-REUSE,2,producer_storage,bounded_native_c_call_events,559
parity_reassociation_n6,resident,P-REUSE,2,producer_storage,live_serialized_byte_periods,11094
parity_reassociation_n6,resident,P-REUSE,2,producer_storage,observed_python_opcode_events,15570
parity_reassociation_n6,resident,P-REUSE,2,receiver_check,bounded_native_c_call_events,2337
parity_reassociation_n6,resident,P-REUSE,2,receiver_check,observed_python_opcode_events,58291
parity_reassociation_n6,resident,P-REUSE,2,receiver_import,bounded_native_c_call_events,81
parity_reassociation_n6,resident,P-REUSE,2,receiver_import,observed_python_opcode_events,44463
parity_reassociation_n6,resident,P-REUSE,2,receiver_input,bounded_native_c_call_events,745
parity_reassociation_n6,resident,P-REUSE,2,receiver_input,current_request_bytes,1501
parity_reassociation_n6,resident,P-REUSE,2,receiver_input,observed_python_opcode_events,61950
parity_reassociation_n6,resident,P-REUSE,2,receiver_input,proof_input_bytes,2963
parity_reassociation_n6,resident,P-REUSE,2,receiver_storage,bounded_native_c_call_events,289
parity_reassociation_n6,resident,P-REUSE,2,receiver_storage,live_serialized_byte_periods,11921
parity_reassociation_n6,resident,P-REUSE,2,receiver_storage,observed_python_opcode_events,7982
parity_reassociation_n6,resident,P-REUSE,2,request_encoding,bounded_native_c_call_events,775
parity_reassociation_n6,resident,P-REUSE,2,request_encoding,observed_python_opcode_events,20870
parity_reassociation_n6,resident,P-REUSE,2,terminal,bounded_native_c_call_events,370
parity_reassociation_n6,resident,P-REUSE,2,terminal,candidate_publication_events,1
parity_reassociation_n6,resident,P-REUSE,2,terminal,current_receipt_output_bytes,2996
parity_reassociation_n6,resident,P-REUSE,2,terminal,delivery_events,1
parity_reassociation_n6,resident,P-REUSE,2,terminal,observed_python_opcode_events,9983
parity_reassociation_n6,resident,P-REUSE,3,coordination,bounded_native_c_call_events,10
parity_reassociation_n6,resident,P-REUSE,3,coordination,observed_python_opcode_events,592
parity_reassociation_n6,resident,P-REUSE,3,producer_build,bounded_native_c_call_events,2223
parity_reassociation_n6,resident,P-REUSE,3,producer_build,observed_python_opcode_events,54561
parity_reassociation_n6,resident,P-REUSE,3,producer_export,bounded_native_c_call_events,9
parity_reassociation_n6,resident,P-REUSE,3,producer_export,observed_python_opcode_events,1902
parity_reassociation_n6,resident,P-REUSE,3,producer_export,proof_output_bytes,2967
parity_reassociation_n6,resident,P-REUSE,3,producer_input,bounded_native_c_call_events,745
parity_reassociation_n6,resident,P-REUSE,3,producer_input,current_request_bytes,1505
parity_reassociation_n6,resident,P-REUSE,3,producer_input,observed_python_opcode_events,62070
parity_reassociation_n6,resident,P-REUSE,3,producer_storage,bounded_native_c_call_events,559
parity_reassociation_n6,resident,P-REUSE,3,producer_storage,live_serialized_byte_periods,11102
parity_reassociation_n6,resident,P-REUSE,3,producer_storage,observed_python_opcode_events,15570
parity_reassociation_n6,resident,P-REUSE,3,receiver_check,bounded_native_c_call_events,2331
parity_reassociation_n6,resident,P-REUSE,3,receiver_check,observed_python_opcode_events,58105
parity_reassociation_n6,resident,P-REUSE,3,receiver_import,bounded_native_c_call_events,81
parity_reassociation_n6,resident,P-REUSE,3,receiver_import,observed_python_opcode_events,44523
parity_reassociation_n6,resident,P-REUSE,3,receiver_input,bounded_native_c_call_events,745
parity_reassociation_n6,resident,P-REUSE,3,receiver_input,current_request_bytes,1505
parity_reassociation_n6,resident,P-REUSE,3,receiver_input,observed_python_opcode_events,62070
parity_reassociation_n6,resident,P-REUSE,3,receiver_input,proof_input_bytes,2967
parity_reassociation_n6,resident,P-REUSE,3,receiver_storage,bounded_native_c_call_events,289
parity_reassociation_n6,resident,P-REUSE,3,receiver_storage,live_serialized_byte_periods,11933
parity_reassociation_n6,resident,P-REUSE,3,receiver_storage,observed_python_opcode_events,7982
parity_reassociation_n6,resident,P-REUSE,3,request_encoding,bounded_native_c_call_events,775
parity_reassociation_n6,resident,P-REUSE,3,request_encoding,observed_python_opcode_events,20870
parity_reassociation_n6,resident,P-REUSE,3,terminal,bounded_native_c_call_events,370
parity_reassociation_n6,resident,P-REUSE,3,terminal,candidate_publication_events,1
parity_reassociation_n6,resident,P-REUSE,3,terminal,current_receipt_output_bytes,3000
parity_reassociation_n6,resident,P-REUSE,3,terminal,delivery_events,1
parity_reassociation_n6,resident,P-REUSE,3,terminal,observed_python_opcode_events,9983
parity_reassociation_n6,resident,P-REUSE,4,coordination,bounded_native_c_call_events,10
parity_reassociation_n6,resident,P-REUSE,4,coordination,observed_python_opcode_events,592
parity_reassociation_n6,resident,P-REUSE,4,producer_build,bounded_native_c_call_events,2410
parity_reassociation_n6,resident,P-REUSE,4,producer_build,observed_python_opcode_events,58295
parity_reassociation_n6,resident,P-REUSE,4,producer_export,bounded_native_c_call_events,9
parity_reassociation_n6,resident,P-REUSE,4,producer_export,observed_python_opcode_events,1902
parity_reassociation_n6,resident,P-REUSE,4,producer_export,proof_output_bytes,2976
parity_reassociation_n6,resident,P-REUSE,4,producer_input,bounded_native_c_call_events,760
parity_reassociation_n6,resident,P-REUSE,4,producer_input,current_request_bytes,1514
parity_reassociation_n6,resident,P-REUSE,4,producer_input,observed_python_opcode_events,62832
parity_reassociation_n6,resident,P-REUSE,4,producer_storage,bounded_native_c_call_events,559
parity_reassociation_n6,resident,P-REUSE,4,producer_storage,live_serialized_byte_periods,11128
parity_reassociation_n6,resident,P-REUSE,4,producer_storage,observed_python_opcode_events,15570
parity_reassociation_n6,resident,P-REUSE,4,receiver_check,bounded_native_c_call_events,2518
parity_reassociation_n6,resident,P-REUSE,4,receiver_check,observed_python_opcode_events,61845
parity_reassociation_n6,resident,P-REUSE,4,receiver_import,bounded_native_c_call_events,81
parity_reassociation_n6,resident,P-REUSE,4,receiver_import,observed_python_opcode_events,44642
parity_reassociation_n6,resident,P-REUSE,4,receiver_input,bounded_native_c_call_events,760
parity_reassociation_n6,resident,P-REUSE,4,receiver_input,current_request_bytes,1514
parity_reassociation_n6,resident,P-REUSE,4,receiver_input,observed_python_opcode_events,62832
parity_reassociation_n6,resident,P-REUSE,4,receiver_input,proof_input_bytes,2976
parity_reassociation_n6,resident,P-REUSE,4,receiver_storage,bounded_native_c_call_events,289
parity_reassociation_n6,resident,P-REUSE,4,receiver_storage,live_serialized_byte_periods,11974
parity_reassociation_n6,resident,P-REUSE,4,receiver_storage,observed_python_opcode_events,7982
parity_reassociation_n6,resident,P-REUSE,4,request_encoding,bounded_native_c_call_events,796
parity_reassociation_n6,resident,P-REUSE,4,request_encoding,observed_python_opcode_events,21370
parity_reassociation_n6,resident,P-REUSE,4,terminal,bounded_native_c_call_events,384
parity_reassociation_n6,resident,P-REUSE,4,terminal,candidate_publication_events,1
parity_reassociation_n6,resident,P-REUSE,4,terminal,current_receipt_output_bytes,3011
parity_reassociation_n6,resident,P-REUSE,4,terminal,delivery_events,1
parity_reassociation_n6,resident,P-REUSE,4,terminal,observed_python_opcode_events,10347
parity_reassociation_n6,resident,P-REUSE,5,coordination,bounded_native_c_call_events,10
parity_reassociation_n6,resident,P-REUSE,5,coordination,observed_python_opcode_events,592
parity_reassociation_n6,resident,P-REUSE,5,producer_build,bounded_native_c_call_events,2407
parity_reassociation_n6,resident,P-REUSE,5,producer_build,observed_python_opcode_events,58367
parity_reassociation_n6,resident,P-REUSE,5,producer_export,bounded_native_c_call_events,9
parity_reassociation_n6,resident,P-REUSE,5,producer_export,observed_python_opcode_events,1902
parity_reassociation_n6,resident,P-REUSE,5,producer_export,proof_output_bytes,2988
parity_reassociation_n6,resident,P-REUSE,5,producer_input,bounded_native_c_call_events,774
parity_reassociation_n6,resident,P-REUSE,5,producer_input,current_request_bytes,1526
parity_reassociation_n6,resident,P-REUSE,5,producer_input,observed_python_opcode_events,63519
parity_reassociation_n6,resident,P-REUSE,5,producer_storage,bounded_native_c_call_events,559
parity_reassociation_n6,resident,P-REUSE,5,producer_storage,live_serialized_byte_periods,11160
parity_reassociation_n6,resident,P-REUSE,5,producer_storage,observed_python_opcode_events,15570
parity_reassociation_n6,resident,P-REUSE,5,receiver_check,bounded_native_c_call_events,2509
parity_reassociation_n6,resident,P-REUSE,5,receiver_check,observed_python_opcode_events,61863
parity_reassociation_n6,resident,P-REUSE,5,receiver_import,bounded_native_c_call_events,81
parity_reassociation_n6,resident,P-REUSE,5,receiver_import,observed_python_opcode_events,44806
parity_reassociation_n6,resident,P-REUSE,5,receiver_input,bounded_native_c_call_events,774
parity_reassociation_n6,resident,P-REUSE,5,receiver_input,current_request_bytes,1526
parity_reassociation_n6,resident,P-REUSE,5,receiver_input,observed_python_opcode_events,63519
parity_reassociation_n6,resident,P-REUSE,5,receiver_input,proof_input_bytes,2988
parity_reassociation_n6,resident,P-REUSE,5,receiver_storage,bounded_native_c_call_events,289
parity_reassociation_n6,resident,P-REUSE,5,receiver_storage,live_serialized_byte_periods,12020
parity_reassociation_n6,resident,P-REUSE,5,receiver_storage,observed_python_opcode_events,7982
parity_reassociation_n6,resident,P-REUSE,5,request_encoding,bounded_native_c_call_events,811
parity_reassociation_n6,resident,P-REUSE,5,request_encoding,observed_python_opcode_events,21712
parity_reassociation_n6,resident,P-REUSE,5,terminal,bounded_native_c_call_events,394
parity_reassociation_n6,resident,P-REUSE,5,terminal,candidate_publication_events,1
parity_reassociation_n6,resident,P-REUSE,5,terminal,current_receipt_output_bytes,3021
parity_reassociation_n6,resident,P-REUSE,5,terminal,delivery_events,1
parity_reassociation_n6,resident,P-REUSE,5,terminal,observed_python_opcode_events,10507
parity_reassociation_n6,resident,P-REUSE,6,coordination,bounded_native_c_call_events,10
parity_reassociation_n6,resident,P-REUSE,6,coordination,observed_python_opcode_events,592
parity_reassociation_n6,resident,P-REUSE,6,producer_build,bounded_native_c_call_events,2426
parity_reassociation_n6,resident,P-REUSE,6,producer_build,observed_python_opcode_events,58693
parity_reassociation_n6,resident,P-REUSE,6,producer_export,bounded_native_c_call_events,9
parity_reassociation_n6,resident,P-REUSE,6,producer_export,observed_python_opcode_events,1902
parity_reassociation_n6,resident,P-REUSE,6,producer_export,proof_output_bytes,3052
parity_reassociation_n6,resident,P-REUSE,6,producer_input,bounded_native_c_call_events,827
parity_reassociation_n6,resident,P-REUSE,6,producer_input,current_request_bytes,1590
parity_reassociation_n6,resident,P-REUSE,6,producer_input,observed_python_opcode_events,65983
parity_reassociation_n6,resident,P-REUSE,6,producer_storage,bounded_native_c_call_events,559
parity_reassociation_n6,resident,P-REUSE,6,producer_storage,live_serialized_byte_periods,11336
parity_reassociation_n6,resident,P-REUSE,6,producer_storage,observed_python_opcode_events,15570
parity_reassociation_n6,resident,P-REUSE,6,receiver_check,bounded_native_c_call_events,2511
parity_reassociation_n6,resident,P-REUSE,6,receiver_check,observed_python_opcode_events,61680
parity_reassociation_n6,resident,P-REUSE,6,receiver_import,bounded_native_c_call_events,81
parity_reassociation_n6,resident,P-REUSE,6,receiver_import,observed_python_opcode_events,45670
parity_reassociation_n6,resident,P-REUSE,6,receiver_input,bounded_native_c_call_events,827
parity_reassociation_n6,resident,P-REUSE,6,receiver_input,current_request_bytes,1590
parity_reassociation_n6,resident,P-REUSE,6,receiver_input,observed_python_opcode_events,65983
parity_reassociation_n6,resident,P-REUSE,6,receiver_input,proof_input_bytes,3052
parity_reassociation_n6,resident,P-REUSE,6,receiver_storage,bounded_native_c_call_events,289
parity_reassociation_n6,resident,P-REUSE,6,receiver_storage,live_serialized_byte_periods,12284
parity_reassociation_n6,resident,P-REUSE,6,receiver_storage,observed_python_opcode_events,7982
parity_reassociation_n6,resident,P-REUSE,6,request_encoding,bounded_native_c_call_events,830
parity_reassociation_n6,resident,P-REUSE,6,request_encoding,observed_python_opcode_events,22308
parity_reassociation_n6,resident,P-REUSE,6,terminal,bounded_native_c_call_events,428
parity_reassociation_n6,resident,P-REUSE,6,terminal,candidate_publication_events,1
parity_reassociation_n6,resident,P-REUSE,6,terminal,current_receipt_output_bytes,3085
parity_reassociation_n6,resident,P-REUSE,6,terminal,delivery_events,1
parity_reassociation_n6,resident,P-REUSE,6,terminal,observed_python_opcode_events,11384
