stream,recipient,method,request_index,stage,category,count
complementary_k3_n5,fresh,O-ADD-COLD,1,common_source,bounded_native_c_call_events,457
complementary_k3_n5,fresh,O-ADD-COLD,1,common_source,observed_python_opcode_events,40257
complementary_k3_n5,fresh,O-ADD-COLD,1,common_source,source_hash_bytes_prepaid,220827
complementary_k3_n5,fresh,O-ADD-COLD,1,common_source,source_length_probe_bytes_prepaid,10
complementary_k3_n5,fresh,O-ADD-COLD,1,common_source,source_program_bytes_prepaid,220827
complementary_k3_n5,fresh,O-ADD-COLD,1,common_source,source_record_bytes,1487
complementary_k3_n5,fresh,O-ADD-COLD,1,coordination,bounded_native_c_call_events,10
complementary_k3_n5,fresh,O-ADD-COLD,1,coordination,observed_python_opcode_events,623
complementary_k3_n5,fresh,O-ADD-COLD,1,producer_build,bounded_native_c_call_events,5959
complementary_k3_n5,fresh,O-ADD-COLD,1,producer_build,observed_python_opcode_events,179099
complementary_k3_n5,fresh,O-ADD-COLD,1,producer_export,bounded_native_c_call_events,8
complementary_k3_n5,fresh,O-ADD-COLD,1,producer_export,observed_python_opcode_events,260
complementary_k3_n5,fresh,O-ADD-COLD,1,producer_export,proof_output_bytes,6706
complementary_k3_n5,fresh,O-ADD-COLD,1,producer_init,bounded_native_c_call_events,19
complementary_k3_n5,fresh,O-ADD-COLD,1,producer_init,observed_python_opcode_events,815
complementary_k3_n5,fresh,O-ADD-COLD,1,producer_input,bounded_native_c_call_events,869
complementary_k3_n5,fresh,O-ADD-COLD,1,producer_input,current_request_bytes,1558
complementary_k3_n5,fresh,O-ADD-COLD,1,producer_input,observed_python_opcode_events,66511
complementary_k3_n5,fresh,O-ADD-COLD,1,producer_storage,bounded_native_c_call_events,370
complementary_k3_n5,fresh,O-ADD-COLD,1,producer_storage,live_serialized_byte_periods,20969
complementary_k3_n5,fresh,O-ADD-COLD,1,producer_storage,observed_python_opcode_events,70274
complementary_k3_n5,fresh,O-ADD-COLD,1,receiver_check,bounded_native_c_call_events,5626
complementary_k3_n5,fresh,O-ADD-COLD,1,receiver_check,observed_python_opcode_events,326581
complementary_k3_n5,fresh,O-ADD-COLD,1,receiver_init,bounded_native_c_call_events,156
complementary_k3_n5,fresh,O-ADD-COLD,1,receiver_init,observed_python_opcode_events,34485
complementary_k3_n5,fresh,O-ADD-COLD,1,receiver_input,bounded_native_c_call_events,869
complementary_k3_n5,fresh,O-ADD-COLD,1,receiver_input,current_request_bytes,1558
complementary_k3_n5,fresh,O-ADD-COLD,1,receiver_input,observed_python_opcode_events,66511
complementary_k3_n5,fresh,O-ADD-COLD,1,receiver_input,proof_input_bytes,6706
complementary_k3_n5,fresh,O-ADD-COLD,1,receiver_storage,bounded_native_c_call_events,22
complementary_k3_n5,fresh,O-ADD-COLD,1,receiver_storage,live_serialized_byte_periods,24474
complementary_k3_n5,fresh,O-ADD-COLD,1,receiver_storage,observed_python_opcode_events,33086
complementary_k3_n5,fresh,O-ADD-COLD,1,request_encoding,bounded_native_c_call_events,894
complementary_k3_n5,fresh,O-ADD-COLD,1,request_encoding,observed_python_opcode_events,23553
complementary_k3_n5,fresh,O-ADD-COLD,1,terminal,bounded_native_c_call_events,555
complementary_k3_n5,fresh,O-ADD-COLD,1,terminal,candidate_publication_events,1
complementary_k3_n5,fresh,O-ADD-COLD,1,terminal,current_receipt_output_bytes,3361
complementary_k3_n5,fresh,O-ADD-COLD,1,terminal,delivery_events,1
complementary_k3_n5,fresh,O-ADD-COLD,1,terminal,observed_python_opcode_events,14240
complementary_k3_n5,fresh,O-ADD-COLD,2,coordination,bounded_native_c_call_events,10
complementary_k3_n5,fresh,O-ADD-COLD,2,coordination,observed_python_opcode_events,602
complementary_k3_n5,fresh,O-ADD-COLD,2,producer_build,bounded_native_c_call_events,6640
complementary_k3_n5,fresh,O-ADD-COLD,2,producer_build,observed_python_opcode_events,199247
complementary_k3_n5,fresh,O-ADD-COLD,2,producer_export,bounded_native_c_call_events,8
complementary_k3_n5,fresh,O-ADD-COLD,2,producer_export,observed_python_opcode_events,260
complementary_k3_n5,fresh,O-ADD-COLD,2,producer_export,proof_output_bytes,7138
complementary_k3_n5,fresh,O-ADD-COLD,2,producer_init,bounded_native_c_call_events,19
complementary_k3_n5,fresh,O-ADD-COLD,2,producer_init,observed_python_opcode_events,815
complementary_k3_n5,fresh,O-ADD-COLD,2,producer_input,bounded_native_c_call_events,898
complementary_k3_n5,fresh,O-ADD-COLD,2,producer_input,current_request_bytes,1580
complementary_k3_n5,fresh,O-ADD-COLD,2,producer_input,observed_python_opcode_events,67926
complementary_k3_n5,fresh,O-ADD-COLD,2,producer_storage,bounded_native_c_call_events,396
complementary_k3_n5,fresh,O-ADD-COLD,2,producer_storage,live_serialized_byte_periods,22413
complementary_k3_n5,fresh,O-ADD-COLD,2,producer_storage,observed_python_opcode_events,81353
complementary_k3_n5,fresh,O-ADD-COLD,2,receiver_check,bounded_native_c_call_events,6456
complementary_k3_n5,fresh,O-ADD-COLD,2,receiver_check,observed_python_opcode_events,362724
complementary_k3_n5,fresh,O-ADD-COLD,2,receiver_init,bounded_native_c_call_events,156
complementary_k3_n5,fresh,O-ADD-COLD,2,receiver_init,observed_python_opcode_events,34485
complementary_k3_n5,fresh,O-ADD-COLD,2,receiver_input,bounded_native_c_call_events,898
complementary_k3_n5,fresh,O-ADD-COLD,2,receiver_input,current_request_bytes,1580
complementary_k3_n5,fresh,O-ADD-COLD,2,receiver_input,observed_python_opcode_events,67926
complementary_k3_n5,fresh,O-ADD-COLD,2,receiver_input,proof_input_bytes,7138
complementary_k3_n5,fresh,O-ADD-COLD,2,receiver_storage,bounded_native_c_call_events,22
complementary_k3_n5,fresh,O-ADD-COLD,2,receiver_storage,live_serialized_byte_periods,25684
complementary_k3_n5,fresh,O-ADD-COLD,2,receiver_storage,observed_python_opcode_events,40359
complementary_k3_n5,fresh,O-ADD-COLD,2,request_encoding,bounded_native_c_call_events,930
complementary_k3_n5,fresh,O-ADD-COLD,2,request_encoding,observed_python_opcode_events,24363
complementary_k3_n5,fresh,O-ADD-COLD,2,terminal,bounded_native_c_call_events,587
complementary_k3_n5,fresh,O-ADD-COLD,2,terminal,candidate_publication_events,1
complementary_k3_n5,fresh,O-ADD-COLD,2,terminal,current_receipt_output_bytes,3383
complementary_k3_n5,fresh,O-ADD-COLD,2,terminal,delivery_events,1
complementary_k3_n5,fresh,O-ADD-COLD,2,terminal,observed_python_opcode_events,14984
complementary_k3_n5,fresh,O-ADD-COLD,3,coordination,bounded_native_c_call_events,10
complementary_k3_n5,fresh,O-ADD-COLD,3,coordination,observed_python_opcode_events,602
complementary_k3_n5,fresh,O-ADD-COLD,3,producer_build,bounded_native_c_call_events,6905
complementary_k3_n5,fresh,O-ADD-COLD,3,producer_build,observed_python_opcode_events,208469
complementary_k3_n5,fresh,O-ADD-COLD,3,producer_export,bounded_native_c_call_events,8
complementary_k3_n5,fresh,O-ADD-COLD,3,producer_export,observed_python_opcode_events,260
complementary_k3_n5,fresh,O-ADD-COLD,3,producer_export,proof_output_bytes,7359
complementary_k3_n5,fresh,O-ADD-COLD,3,producer_init,bounded_native_c_call_events,19
complementary_k3_n5,fresh,O-ADD-COLD,3,producer_init,observed_python_opcode_events,815
complementary_k3_n5,fresh,O-ADD-COLD,3,producer_input,bounded_native_c_call_events,896
complementary_k3_n5,fresh,O-ADD-COLD,3,producer_input,current_request_bytes,1586
complementary_k3_n5,fresh,O-ADD-COLD,3,producer_input,observed_python_opcode_events,68099
complementary_k3_n5,fresh,O-ADD-COLD,3,producer_storage,bounded_native_c_call_events,396
complementary_k3_n5,fresh,O-ADD-COLD,3,producer_storage,live_serialized_byte_periods,23150
complementary_k3_n5,fresh,O-ADD-COLD,3,producer_storage,observed_python_opcode_events,87213
complementary_k3_n5,fresh,O-ADD-COLD,3,receiver_check,bounded_native_c_call_events,6856
complementary_k3_n5,fresh,O-ADD-COLD,3,receiver_check,observed_python_opcode_events,381305
complementary_k3_n5,fresh,O-ADD-COLD,3,receiver_init,bounded_native_c_call_events,156
complementary_k3_n5,fresh,O-ADD-COLD,3,receiver_init,observed_python_opcode_events,34485
complementary_k3_n5,fresh,O-ADD-COLD,3,receiver_input,bounded_native_c_call_events,896
complementary_k3_n5,fresh,O-ADD-COLD,3,receiver_input,current_request_bytes,1586
complementary_k3_n5,fresh,O-ADD-COLD,3,receiver_input,observed_python_opcode_events,68099
complementary_k3_n5,fresh,O-ADD-COLD,3,receiver_input,proof_input_bytes,7359
complementary_k3_n5,fresh,O-ADD-COLD,3,receiver_storage,bounded_native_c_call_events,22
complementary_k3_n5,fresh,O-ADD-COLD,3,receiver_storage,live_serialized_byte_periods,26285
complementary_k3_n5,fresh,O-ADD-COLD,3,receiver_storage,observed_python_opcode_events,44449
complementary_k3_n5,fresh,O-ADD-COLD,3,request_encoding,bounded_native_c_call_events,930
complementary_k3_n5,fresh,O-ADD-COLD,3,request_encoding,observed_python_opcode_events,24371
complementary_k3_n5,fresh,O-ADD-COLD,3,terminal,bounded_native_c_call_events,563
complementary_k3_n5,fresh,O-ADD-COLD,3,terminal,candidate_publication_events,1
complementary_k3_n5,fresh,O-ADD-COLD,3,terminal,current_receipt_output_bytes,3389
complementary_k3_n5,fresh,O-ADD-COLD,3,terminal,delivery_events,1
complementary_k3_n5,fresh,O-ADD-COLD,3,terminal,observed_python_opcode_events,14468
complementary_k3_n5,fresh,O-ADD-COLD,4,coordination,bounded_native_c_call_events,10
complementary_k3_n5,fresh,O-ADD-COLD,4,coordination,observed_python_opcode_events,602
complementary_k3_n5,fresh,O-ADD-COLD,4,producer_build,bounded_native_c_call_events,7680
complementary_k3_n5,fresh,O-ADD-COLD,4,producer_build,observed_python_opcode_events,229515
complementary_k3_n5,fresh,O-ADD-COLD,4,producer_export,bounded_native_c_call_events,8
complementary_k3_n5,fresh,O-ADD-COLD,4,producer_export,observed_python_opcode_events,260
complementary_k3_n5,fresh,O-ADD-COLD,4,producer_export,proof_output_bytes,7782
complementary_k3_n5,fresh,O-ADD-COLD,4,producer_init,bounded_native_c_call_events,19
complementary_k3_n5,fresh,O-ADD-COLD,4,producer_init,observed_python_opcode_events,815
complementary_k3_n5,fresh,O-ADD-COLD,4,producer_input,bounded_native_c_call_events,997
complementary_k3_n5,fresh,O-ADD-COLD,4,producer_input,current_request_bytes,1679
complementary_k3_n5,fresh,O-ADD-COLD,4,producer_input,observed_python_opcode_events,72758
complementary_k3_n5,fresh,O-ADD-COLD,4,producer_storage,bounded_native_c_call_events,422
complementary_k3_n5,fresh,O-ADD-COLD,4,producer_storage,live_serialized_byte_periods,24515
complementary_k3_n5,fresh,O-ADD-COLD,4,producer_storage,observed_python_opcode_events,95839
complementary_k3_n5,fresh,O-ADD-COLD,4,receiver_check,bounded_native_c_call_events,7640
complementary_k3_n5,fresh,O-ADD-COLD,4,receiver_check,observed_python_opcode_events,414461
complementary_k3_n5,fresh,O-ADD-COLD,4,receiver_init,bounded_native_c_call_events,156
complementary_k3_n5,fresh,O-ADD-COLD,4,receiver_init,observed_python_opcode_events,34485
complementary_k3_n5,fresh,O-ADD-COLD,4,receiver_input,bounded_native_c_call_events,997
complementary_k3_n5,fresh,O-ADD-COLD,4,receiver_input,current_request_bytes,1679
complementary_k3_n5,fresh,O-ADD-COLD,4,receiver_input,observed_python_opcode_events,72758
complementary_k3_n5,fresh,O-ADD-COLD,4,receiver_input,proof_input_bytes,7782
complementary_k3_n5,fresh,O-ADD-COLD,4,receiver_storage,bounded_native_c_call_events,22
complementary_k3_n5,fresh,O-ADD-COLD,4,receiver_storage,live_serialized_byte_periods,27654
complementary_k3_n5,fresh,O-ADD-COLD,4,receiver_storage,observed_python_opcode_events,49790
complementary_k3_n5,fresh,O-ADD-COLD,4,request_encoding,bounded_native_c_call_events,1006
complementary_k3_n5,fresh,O-ADD-COLD,4,request_encoding,observed_python_opcode_events,26293
complementary_k3_n5,fresh,O-ADD-COLD,4,terminal,bounded_native_c_call_events,659
complementary_k3_n5,fresh,O-ADD-COLD,4,terminal,candidate_publication_events,1
complementary_k3_n5,fresh,O-ADD-COLD,4,terminal,current_receipt_output_bytes,3482
complementary_k3_n5,fresh,O-ADD-COLD,4,terminal,delivery_events,1
complementary_k3_n5,fresh,O-ADD-COLD,4,terminal,observed_python_opcode_events,16741
complementary_k3_n5,fresh,O-ADD-COLD,5,coordination,bounded_native_c_call_events,10
complementary_k3_n5,fresh,O-ADD-COLD,5,coordination,observed_python_opcode_events,602
complementary_k3_n5,fresh,O-ADD-COLD,5,producer_build,bounded_native_c_call_events,7480
complementary_k3_n5,fresh,O-ADD-COLD,5,producer_build,observed_python_opcode_events,221056
complementary_k3_n5,fresh,O-ADD-COLD,5,producer_export,bounded_native_c_call_events,8
complementary_k3_n5,fresh,O-ADD-COLD,5,producer_export,observed_python_opcode_events,260
complementary_k3_n5,fresh,O-ADD-COLD,5,producer_export,proof_output_bytes,7640
complementary_k3_n5,fresh,O-ADD-COLD,5,producer_init,bounded_native_c_call_events,19
complementary_k3_n5,fresh,O-ADD-COLD,5,producer_init,observed_python_opcode_events,815
complementary_k3_n5,fresh,O-ADD-COLD,5,producer_input,bounded_native_c_call_events,993
complementary_k3_n5,fresh,O-ADD-COLD,5,producer_input,current_request_bytes,1683
complementary_k3_n5,fresh,O-ADD-COLD,5,producer_input,observed_python_opcode_events,72876
complementary_k3_n5,fresh,O-ADD-COLD,5,producer_storage,bounded_native_c_call_events,442
complementary_k3_n5,fresh,O-ADD-COLD,5,producer_storage,live_serialized_byte_periods,24015
complementary_k3_n5,fresh,O-ADD-COLD,5,producer_storage,observed_python_opcode_events,91507
complementary_k3_n5,fresh,O-ADD-COLD,5,receiver_check,bounded_native_c_call_events,7286
complementary_k3_n5,fresh,O-ADD-COLD,5,receiver_check,observed_python_opcode_events,398497
complementary_k3_n5,fresh,O-ADD-COLD,5,receiver_init,bounded_native_c_call_events,156
complementary_k3_n5,fresh,O-ADD-COLD,5,receiver_init,observed_python_opcode_events,34485
complementary_k3_n5,fresh,O-ADD-COLD,5,receiver_input,bounded_native_c_call_events,993
complementary_k3_n5,fresh,O-ADD-COLD,5,receiver_input,current_request_bytes,1683
complementary_k3_n5,fresh,O-ADD-COLD,5,receiver_input,observed_python_opcode_events,72876
complementary_k3_n5,fresh,O-ADD-COLD,5,receiver_input,proof_input_bytes,7640
complementary_k3_n5,fresh,O-ADD-COLD,5,receiver_storage,bounded_native_c_call_events,22
complementary_k3_n5,fresh,O-ADD-COLD,5,receiver_storage,live_serialized_byte_periods,27241
complementary_k3_n5,fresh,O-ADD-COLD,5,receiver_storage,observed_python_opcode_events,46366
complementary_k3_n5,fresh,O-ADD-COLD,5,request_encoding,bounded_native_c_call_events,1006
complementary_k3_n5,fresh,O-ADD-COLD,5,request_encoding,observed_python_opcode_events,26315
complementary_k3_n5,fresh,O-ADD-COLD,5,terminal,bounded_native_c_call_events,631
complementary_k3_n5,fresh,O-ADD-COLD,5,terminal,candidate_publication_events,1
complementary_k3_n5,fresh,O-ADD-COLD,5,terminal,current_receipt_output_bytes,3486
complementary_k3_n5,fresh,O-ADD-COLD,5,terminal,delivery_events,1
complementary_k3_n5,fresh,O-ADD-COLD,5,terminal,observed_python_opcode_events,16065
complementary_k3_n5,fresh,O-ADD-COLD,6,coordination,bounded_native_c_call_events,10
complementary_k3_n5,fresh,O-ADD-COLD,6,coordination,observed_python_opcode_events,602
complementary_k3_n5,fresh,O-ADD-COLD,6,producer_build,bounded_native_c_call_events,8279
complementary_k3_n5,fresh,O-ADD-COLD,6,producer_build,observed_python_opcode_events,243273
complementary_k3_n5,fresh,O-ADD-COLD,6,producer_export,bounded_native_c_call_events,8
complementary_k3_n5,fresh,O-ADD-COLD,6,producer_export,observed_python_opcode_events,260
complementary_k3_n5,fresh,O-ADD-COLD,6,producer_export,proof_output_bytes,8198
complementary_k3_n5,fresh,O-ADD-COLD,6,producer_init,bounded_native_c_call_events,19
complementary_k3_n5,fresh,O-ADD-COLD,6,producer_init,observed_python_opcode_events,815
complementary_k3_n5,fresh,O-ADD-COLD,6,producer_input,bounded_native_c_call_events,1054
complementary_k3_n5,fresh,O-ADD-COLD,6,producer_input,current_request_bytes,1710
complementary_k3_n5,fresh,O-ADD-COLD,6,producer_input,observed_python_opcode_events,74661
complementary_k3_n5,fresh,O-ADD-COLD,6,producer_storage,bounded_native_c_call_events,582
complementary_k3_n5,fresh,O-ADD-COLD,6,producer_storage,live_serialized_byte_periods,25930
complementary_k3_n5,fresh,O-ADD-COLD,6,producer_storage,observed_python_opcode_events,102781
complementary_k3_n5,fresh,O-ADD-COLD,6,receiver_check,bounded_native_c_call_events,8039
complementary_k3_n5,fresh,O-ADD-COLD,6,receiver_check,observed_python_opcode_events,437203
complementary_k3_n5,fresh,O-ADD-COLD,6,receiver_init,bounded_native_c_call_events,156
complementary_k3_n5,fresh,O-ADD-COLD,6,receiver_init,observed_python_opcode_events,34485
complementary_k3_n5,fresh,O-ADD-COLD,6,receiver_input,bounded_native_c_call_events,1054
complementary_k3_n5,fresh,O-ADD-COLD,6,receiver_input,current_request_bytes,1710
complementary_k3_n5,fresh,O-ADD-COLD,6,receiver_input,observed_python_opcode_events,74661
complementary_k3_n5,fresh,O-ADD-COLD,6,receiver_input,proof_input_bytes,8198
complementary_k3_n5,fresh,O-ADD-COLD,6,receiver_storage,bounded_native_c_call_events,22
complementary_k3_n5,fresh,O-ADD-COLD,6,receiver_storage,live_serialized_byte_periods,28817
complementary_k3_n5,fresh,O-ADD-COLD,6,receiver_storage,observed_python_opcode_events,52158
complementary_k3_n5,fresh,O-ADD-COLD,6,request_encoding,bounded_native_c_call_events,1047
complementary_k3_n5,fresh,O-ADD-COLD,6,request_encoding,observed_python_opcode_events,27221
complementary_k3_n5,fresh,O-ADD-COLD,6,terminal,bounded_native_c_call_events,652
complementary_k3_n5,fresh,O-ADD-COLD,6,terminal,candidate_publication_events,1
complementary_k3_n5,fresh,O-ADD-COLD,6,terminal,current_receipt_output_bytes,3513
complementary_k3_n5,fresh,O-ADD-COLD,6,terminal,delivery_events,1
complementary_k3_n5,fresh,O-ADD-COLD,6,terminal,observed_python_opcode_events,16562
complementary_k3_n5,fresh,O-ADD-PORTFOLIO,1,common_source,bounded_native_c_call_events,457
complementary_k3_n5,fresh,O-ADD-PORTFOLIO,1,common_source,observed_python_opcode_events,40257
complementary_k3_n5,fresh,O-ADD-PORTFOLIO,1,common_source,source_hash_bytes_prepaid,220827
complementary_k3_n5,fresh,O-ADD-PORTFOLIO,1,common_source,source_length_probe_bytes_prepaid,10
complementary_k3_n5,fresh,O-ADD-PORTFOLIO,1,common_source,source_program_bytes_prepaid,220827
complementary_k3_n5,fresh,O-ADD-PORTFOLIO,1,common_source,source_record_bytes,1487
complementary_k3_n5,fresh,O-ADD-PORTFOLIO,1,coordination,bounded_native_c_call_events,19
complementary_k3_n5,fresh,O-ADD-PORTFOLIO,1,coordination,observed_python_opcode_events,1716
complementary_k3_n5,fresh,O-ADD-PORTFOLIO,1,producer_build,bounded_native_c_call_events,13052
complementary_k3_n5,fresh,O-ADD-PORTFOLIO,1,producer_build,observed_python_opcode_events,283617
complementary_k3_n5,fresh,O-ADD-PORTFOLIO,1,producer_export,bounded_native_c_call_events,11
complementary_k3_n5,fresh,O-ADD-PORTFOLIO,1,producer_export,observed_python_opcode_events,3267
complementary_k3_n5,fresh,O-ADD-PORTFOLIO,1,producer_export,proof_output_bytes,4273
complementary_k3_n5,fresh,O-ADD-PORTFOLIO,1,producer_init,bounded_native_c_call_events,175
complementary_k3_n5,fresh,O-ADD-PORTFOLIO,1,producer_init,observed_python_opcode_events,35304
complementary_k3_n5,fresh,O-ADD-PORTFOLIO,1,producer_input,bounded_native_c_call_events,869
complementary_k3_n5,fresh,O-ADD-PORTFOLIO,1,producer_input,current_request_bytes,1558
complementary_k3_n5,fresh,O-ADD-PORTFOLIO,1,producer_input,observed_python_opcode_events,66511
complementary_k3_n5,fresh,O-ADD-PORTFOLIO,1,producer_old_admission,bounded_native_c_call_events,5784
complementary_k3_n5,fresh,O-ADD-PORTFOLIO,1,producer_old_admission,observed_python_opcode_events,339013
complementary_k3_n5,fresh,O-ADD-PORTFOLIO,1,producer_old_build,bounded_native_c_call_events,5350
complementary_k3_n5,fresh,O-ADD-PORTFOLIO,1,producer_old_build,observed_python_opcode_events,152300
complementary_k3_n5,fresh,O-ADD-PORTFOLIO,1,producer_old_export,bounded_native_c_call_events,16
complementary_k3_n5,fresh,O-ADD-PORTFOLIO,1,producer_old_export,observed_python_opcode_events,520
complementary_k3_n5,fresh,O-ADD-PORTFOLIO,1,producer_old_export,old_proof_output_bytes,8700
complementary_k3_n5,fresh,O-ADD-PORTFOLIO,1,producer_old_input,bounded_native_c_call_events,2099
complementary_k3_n5,fresh,O-ADD-PORTFOLIO,1,producer_old_input,observed_python_opcode_events,131028
complementary_k3_n5,fresh,O-ADD-PORTFOLIO,1,producer_old_input,old_request_bytes,2615
complementary_k3_n5,fresh,O-ADD-PORTFOLIO,1,producer_storage,bounded_native_c_call_events,2143
complementary_k3_n5,fresh,O-ADD-PORTFOLIO,1,producer_storage,live_serialized_byte_periods,93808
complementary_k3_n5,fresh,O-ADD-PORTFOLIO,1,producer_storage,observed_python_opcode_events,204828
complementary_k3_n5,fresh,O-ADD-PORTFOLIO,1,receiver_check,bounded_native_c_call_events,5305
complementary_k3_n5,fresh,O-ADD-PORTFOLIO,1,receiver_check,observed_python_opcode_events,120306
complementary_k3_n5,fresh,O-ADD-PORTFOLIO,1,receiver_import,bounded_native_c_call_events,123
complementary_k3_n5,fresh,O-ADD-PORTFOLIO,1,receiver_import,observed_python_opcode_events,64830
complementary_k3_n5,fresh,O-ADD-PORTFOLIO,1,receiver_init,bounded_native_c_call_events,156
complementary_k3_n5,fresh,O-ADD-PORTFOLIO,1,receiver_init,observed_python_opcode_events,34489
complementary_k3_n5,fresh,O-ADD-PORTFOLIO,1,receiver_input,bounded_native_c_call_events,869
complementary_k3_n5,fresh,O-ADD-PORTFOLIO,1,receiver_input,current_request_bytes,1558
complementary_k3_n5,fresh,O-ADD-PORTFOLIO,1,receiver_input,observed_python_opcode_events,66511
complementary_k3_n5,fresh,O-ADD-PORTFOLIO,1,receiver_input,proof_input_bytes,4273
complementary_k3_n5,fresh,O-ADD-PORTFOLIO,1,receiver_old_check,bounded_native_c_call_events,5762
complementary_k3_n5,fresh,O-ADD-PORTFOLIO,1,receiver_old_check,observed_python_opcode_events,338207
complementary_k3_n5,fresh,O-ADD-PORTFOLIO,1,receiver_old_input,bounded_native_c_call_events,2099
complementary_k3_n5,fresh,O-ADD-PORTFOLIO,1,receiver_old_input,observed_python_opcode_events,131028
complementary_k3_n5,fresh,O-ADD-PORTFOLIO,1,receiver_old_input,old_proof_input_bytes,8700
complementary_k3_n5,fresh,O-ADD-PORTFOLIO,1,receiver_old_input,old_request_bytes,2615
complementary_k3_n5,fresh,O-ADD-PORTFOLIO,1,receiver_storage,bounded_native_c_call_events,1071
complementary_k3_n5,fresh,O-ADD-PORTFOLIO,1,receiver_storage,live_serialized_byte_periods,47512
complementary_k3_n5,fresh,O-ADD-PORTFOLIO,1,receiver_storage,observed_python_opcode_events,82986
complementary_k3_n5,fresh,O-ADD-PORTFOLIO,1,request_encoding,bounded_native_c_call_events,894
complementary_k3_n5,fresh,O-ADD-PORTFOLIO,1,request_encoding,observed_python_opcode_events,23553
complementary_k3_n5,fresh,O-ADD-PORTFOLIO,1,terminal,bounded_native_c_call_events,555
complementary_k3_n5,fresh,O-ADD-PORTFOLIO,1,terminal,candidate_publication_events,1
complementary_k3_n5,fresh,O-ADD-PORTFOLIO,1,terminal,current_receipt_output_bytes,3361
complementary_k3_n5,fresh,O-ADD-PORTFOLIO,1,terminal,delivery_events,1
complementary_k3_n5,fresh,O-ADD-PORTFOLIO,1,terminal,observed_python_opcode_events,14240
complementary_k3_n5,fresh,O-ADD-PORTFOLIO,2,coordination,bounded_native_c_call_events,12
complementary_k3_n5,fresh,O-ADD-PORTFOLIO,2,coordination,observed_python_opcode_events,1052
complementary_k3_n5,fresh,O-ADD-PORTFOLIO,2,producer_build,bounded_native_c_call_events,13885
complementary_k3_n5,fresh,O-ADD-PORTFOLIO,2,producer_build,observed_python_opcode_events,298765
complementary_k3_n5,fresh,O-ADD-PORTFOLIO,2,producer_export,bounded_native_c_call_events,11
complementary_k3_n5,fresh,O-ADD-PORTFOLIO,2,producer_export,observed_python_opcode_events,3267
complementary_k3_n5,fresh,O-ADD-PORTFOLIO,2,producer_export,proof_output_bytes,4295
complementary_k3_n5,fresh,O-ADD-PORTFOLIO,2,producer_input,bounded_native_c_call_events,898
complementary_k3_n5,fresh,O-ADD-PORTFOLIO,2,producer_input,current_request_bytes,1580
complementary_k3_n5,fresh,O-ADD-PORTFOLIO,2,producer_input,observed_python_opcode_events,67926
complementary_k3_n5,fresh,O-ADD-PORTFOLIO,2,producer_storage,bounded_native_c_call_events,801
complementary_k3_n5,fresh,O-ADD-PORTFOLIO,2,producer_storage,live_serialized_byte_periods,26918
complementary_k3_n5,fresh,O-ADD-PORTFOLIO,2,producer_storage,observed_python_opcode_events,23521
complementary_k3_n5,fresh,O-ADD-PORTFOLIO,2,receiver_check,bounded_native_c_call_events,5670
complementary_k3_n5,fresh,O-ADD-PORTFOLIO,2,receiver_check,observed_python_opcode_events,126625
complementary_k3_n5,fresh,O-ADD-PORTFOLIO,2,receiver_import,bounded_native_c_call_events,123
complementary_k3_n5,fresh,O-ADD-PORTFOLIO,2,receiver_import,observed_python_opcode_events,65128
complementary_k3_n5,fresh,O-ADD-PORTFOLIO,2,receiver_init,bounded_native_c_call_events,156
complementary_k3_n5,fresh,O-ADD-PORTFOLIO,2,receiver_init,observed_python_opcode_events,34489
complementary_k3_n5,fresh,O-ADD-PORTFOLIO,2,receiver_input,bounded_native_c_call_events,898
complementary_k3_n5,fresh,O-ADD-PORTFOLIO,2,receiver_input,current_request_bytes,1580
complementary_k3_n5,fresh,O-ADD-PORTFOLIO,2,receiver_input,observed_python_opcode_events,67926
complementary_k3_n5,fresh,O-ADD-PORTFOLIO,2,receiver_input,proof_input_bytes,4295
complementary_k3_n5,fresh,O-ADD-PORTFOLIO,2,receiver_old_check,bounded_native_c_call_events,5762
complementary_k3_n5,fresh,O-ADD-PORTFOLIO,2,receiver_old_check,observed_python_opcode_events,338207
complementary_k3_n5,fresh,O-ADD-PORTFOLIO,2,receiver_old_input,bounded_native_c_call_events,2099
complementary_k3_n5,fresh,O-ADD-PORTFOLIO,2,receiver_old_input,observed_python_opcode_events,131028
complementary_k3_n5,fresh,O-ADD-PORTFOLIO,2,receiver_old_input,old_proof_input_bytes,8700
complementary_k3_n5,fresh,O-ADD-PORTFOLIO,2,receiver_old_input,old_request_bytes,2615
complementary_k3_n5,fresh,O-ADD-PORTFOLIO,2,receiver_storage,bounded_native_c_call_events,1071
complementary_k3_n5,fresh,O-ADD-PORTFOLIO,2,receiver_storage,live_serialized_byte_periods,47602
complementary_k3_n5,fresh,O-ADD-PORTFOLIO,2,receiver_storage,observed_python_opcode_events,82986
complementary_k3_n5,fresh,O-ADD-PORTFOLIO,2,request_encoding,bounded_native_c_call_events,930
complementary_k3_n5,fresh,O-ADD-PORTFOLIO,2,request_encoding,observed_python_opcode_events,24363
complementary_k3_n5,fresh,O-ADD-PORTFOLIO,2,terminal,bounded_native_c_call_events,587
complementary_k3_n5,fresh,O-ADD-PORTFOLIO,2,terminal,candidate_publication_events,1
complementary_k3_n5,fresh,O-ADD-PORTFOLIO,2,terminal,current_receipt_output_bytes,3383
complementary_k3_n5,fresh,O-ADD-PORTFOLIO,2,terminal,delivery_events,1
complementary_k3_n5,fresh,O-ADD-PORTFOLIO,2,terminal,observed_python_opcode_events,14984
complementary_k3_n5,fresh,O-ADD-PORTFOLIO,3,coordination,bounded_native_c_call_events,12
complementary_k3_n5,fresh,O-ADD-PORTFOLIO,3,coordination,observed_python_opcode_events,1052
complementary_k3_n5,fresh,O-ADD-PORTFOLIO,3,producer_build,bounded_native_c_call_events,13905
complementary_k3_n5,fresh,O-ADD-PORTFOLIO,3,producer_build,observed_python_opcode_events,298893
complementary_k3_n5,fresh,O-ADD-PORTFOLIO,3,producer_export,bounded_native_c_call_events,11
complementary_k3_n5,fresh,O-ADD-PORTFOLIO,3,producer_export,observed_python_opcode_events,3267
complementary_k3_n5,fresh,O-ADD-PORTFOLIO,3,producer_export,proof_output_bytes,4301
complementary_k3_n5,fresh,O-ADD-PORTFOLIO,3,producer_input,bounded_native_c_call_events,896
complementary_k3_n5,fresh,O-ADD-PORTFOLIO,3,producer_input,current_request_bytes,1586
complementary_k3_n5,fresh,O-ADD-PORTFOLIO,3,producer_input,observed_python_opcode_events,68099
complementary_k3_n5,fresh,O-ADD-PORTFOLIO,3,producer_storage,bounded_native_c_call_events,801
complementary_k3_n5,fresh,O-ADD-PORTFOLIO,3,producer_storage,live_serialized_byte_periods,26930
complementary_k3_n5,fresh,O-ADD-PORTFOLIO,3,producer_storage,observed_python_opcode_events,23521
complementary_k3_n5,fresh,O-ADD-PORTFOLIO,3,receiver_check,bounded_native_c_call_events,5637
complementary_k3_n5,fresh,O-ADD-PORTFOLIO,3,receiver_check,observed_python_opcode_events,125845
complementary_k3_n5,fresh,O-ADD-PORTFOLIO,3,receiver_import,bounded_native_c_call_events,123
complementary_k3_n5,fresh,O-ADD-PORTFOLIO,3,receiver_import,observed_python_opcode_events,65218
complementary_k3_n5,fresh,O-ADD-PORTFOLIO,3,receiver_init,bounded_native_c_call_events,156
complementary_k3_n5,fresh,O-ADD-PORTFOLIO,3,receiver_init,observed_python_opcode_events,34489
complementary_k3_n5,fresh,O-ADD-PORTFOLIO,3,receiver_input,bounded_native_c_call_events,896
complementary_k3_n5,fresh,O-ADD-PORTFOLIO,3,receiver_input,current_request_bytes,1586
complementary_k3_n5,fresh,O-ADD-PORTFOLIO,3,receiver_input,observed_python_opcode_events,68099
complementary_k3_n5,fresh,O-ADD-PORTFOLIO,3,receiver_input,proof_input_bytes,4301
complementary_k3_n5,fresh,O-ADD-PORTFOLIO,3,receiver_old_check,bounded_native_c_call_events,5762
complementary_k3_n5,fresh,O-ADD-PORTFOLIO,3,receiver_old_check,observed_python_opcode_events,338207
complementary_k3_n5,fresh,O-ADD-PORTFOLIO,3,receiver_old_input,bounded_native_c_call_events,2099
complementary_k3_n5,fresh,O-ADD-PORTFOLIO,3,receiver_old_input,observed_python_opcode_events,131028
complementary_k3_n5,fresh,O-ADD-PORTFOLIO,3,receiver_old_input,old_proof_input_bytes,8700
complementary_k3_n5,fresh,O-ADD-PORTFOLIO,3,receiver_old_input,old_request_bytes,2615
complementary_k3_n5,fresh,O-ADD-PORTFOLIO,3,receiver_storage,bounded_native_c_call_events,1071
complementary_k3_n5,fresh,O-ADD-PORTFOLIO,3,receiver_storage,live_serialized_byte_periods,47620
complementary_k3_n5,fresh,O-ADD-PORTFOLIO,3,receiver_storage,observed_python_opcode_events,82986
complementary_k3_n5,fresh,O-ADD-PORTFOLIO,3,request_encoding,bounded_native_c_call_events,930
complementary_k3_n5,fresh,O-ADD-PORTFOLIO,3,request_encoding,observed_python_opcode_events,24371
complementary_k3_n5,fresh,O-ADD-PORTFOLIO,3,terminal,bounded_native_c_call_events,563
complementary_k3_n5,fresh,O-ADD-PORTFOLIO,3,terminal,candidate_publication_events,1
complementary_k3_n5,fresh,O-ADD-PORTFOLIO,3,terminal,current_receipt_output_bytes,3389
complementary_k3_n5,fresh,O-ADD-PORTFOLIO,3,terminal,delivery_events,1
complementary_k3_n5,fresh,O-ADD-PORTFOLIO,3,terminal,observed_python_opcode_events,14468
complementary_k3_n5,fresh,O-ADD-PORTFOLIO,4,coordination,bounded_native_c_call_events,12
complementary_k3_n5,fresh,O-ADD-PORTFOLIO,4,coordination,observed_python_opcode_events,1052
complementary_k3_n5,fresh,O-ADD-PORTFOLIO,4,producer_build,bounded_native_c_call_events,15342
complementary_k3_n5,fresh,O-ADD-PORTFOLIO,4,producer_build,observed_python_opcode_events,327576
complementary_k3_n5,fresh,O-ADD-PORTFOLIO,4,producer_export,bounded_native_c_call_events,11
complementary_k3_n5,fresh,O-ADD-PORTFOLIO,4,producer_export,observed_python_opcode_events,3267
complementary_k3_n5,fresh,O-ADD-PORTFOLIO,4,producer_export,proof_output_bytes,4394
complementary_k3_n5,fresh,O-ADD-PORTFOLIO,4,producer_input,bounded_native_c_call_events,997
complementary_k3_n5,fresh,O-ADD-PORTFOLIO,4,producer_input,current_request_bytes,1679
complementary_k3_n5,fresh,O-ADD-PORTFOLIO,4,producer_input,observed_python_opcode_events,72758
complementary_k3_n5,fresh,O-ADD-PORTFOLIO,4,producer_storage,bounded_native_c_call_events,801
complementary_k3_n5,fresh,O-ADD-PORTFOLIO,4,producer_storage,live_serialized_byte_periods,27188
complementary_k3_n5,fresh,O-ADD-PORTFOLIO,4,producer_storage,observed_python_opcode_events,23521
complementary_k3_n5,fresh,O-ADD-PORTFOLIO,4,receiver_check,bounded_native_c_call_events,6141
complementary_k3_n5,fresh,O-ADD-PORTFOLIO,4,receiver_check,observed_python_opcode_events,135718
complementary_k3_n5,fresh,O-ADD-PORTFOLIO,4,receiver_import,bounded_native_c_call_events,123
complementary_k3_n5,fresh,O-ADD-PORTFOLIO,4,receiver_import,observed_python_opcode_events,66469
complementary_k3_n5,fresh,O-ADD-PORTFOLIO,4,receiver_init,bounded_native_c_call_events,156
complementary_k3_n5,fresh,O-ADD-PORTFOLIO,4,receiver_init,observed_python_opcode_events,34489
complementary_k3_n5,fresh,O-ADD-PORTFOLIO,4,receiver_input,bounded_native_c_call_events,997
complementary_k3_n5,fresh,O-ADD-PORTFOLIO,4,receiver_input,current_request_bytes,1679
complementary_k3_n5,fresh,O-ADD-PORTFOLIO,4,receiver_input,observed_python_opcode_events,72758
complementary_k3_n5,fresh,O-ADD-PORTFOLIO,4,receiver_input,proof_input_bytes,4394
complementary_k3_n5,fresh,O-ADD-PORTFOLIO,4,receiver_old_check,bounded_native_c_call_events,5762
complementary_k3_n5,fresh,O-ADD-PORTFOLIO,4,receiver_old_check,observed_python_opcode_events,338207
complementary_k3_n5,fresh,O-ADD-PORTFOLIO,4,receiver_old_input,bounded_native_c_call_events,2099
complementary_k3_n5,fresh,O-ADD-PORTFOLIO,4,receiver_old_input,observed_python_opcode_events,131028
complementary_k3_n5,fresh,O-ADD-PORTFOLIO,4,receiver_old_input,old_proof_input_bytes,8700
complementary_k3_n5,fresh,O-ADD-PORTFOLIO,4,receiver_old_input,old_request_bytes,2615
complementary_k3_n5,fresh,O-ADD-PORTFOLIO,4,receiver_storage,bounded_native_c_call_events,1071
complementary_k3_n5,fresh,O-ADD-PORTFOLIO,4,receiver_storage,live_serialized_byte_periods,48007
complementary_k3_n5,fresh,O-ADD-PORTFOLIO,4,receiver_storage,observed_python_opcode_events,82986
complementary_k3_n5,fresh,O-ADD-PORTFOLIO,4,request_encoding,bounded_native_c_call_events,1006
complementary_k3_n5,fresh,O-ADD-PORTFOLIO,4,request_encoding,observed_python_opcode_events,26293
complementary_k3_n5,fresh,O-ADD-PORTFOLIO,4,terminal,bounded_native_c_call_events,659
complementary_k3_n5,fresh,O-ADD-PORTFOLIO,4,terminal,candidate_publication_events,1
complementary_k3_n5,fresh,O-ADD-PORTFOLIO,4,terminal,current_receipt_output_bytes,3482
complementary_k3_n5,fresh,O-ADD-PORTFOLIO,4,terminal,delivery_events,1
complementary_k3_n5,fresh,O-ADD-PORTFOLIO,4,terminal,observed_python_opcode_events,16741
complementary_k3_n5,fresh,O-ADD-PORTFOLIO,5,coordination,bounded_native_c_call_events,12
complementary_k3_n5,fresh,O-ADD-PORTFOLIO,5,coordination,observed_python_opcode_events,1052
complementary_k3_n5,fresh,O-ADD-PORTFOLIO,5,producer_build,bounded_native_c_call_events,15203
complementary_k3_n5,fresh,O-ADD-PORTFOLIO,5,producer_build,observed_python_opcode_events,326837
complementary_k3_n5,fresh,O-ADD-PORTFOLIO,5,producer_export,bounded_native_c_call_events,11
complementary_k3_n5,fresh,O-ADD-PORTFOLIO,5,producer_export,observed_python_opcode_events,3267
complementary_k3_n5,fresh,O-ADD-PORTFOLIO,5,producer_export,proof_output_bytes,4398
complementary_k3_n5,fresh,O-ADD-PORTFOLIO,5,producer_input,bounded_native_c_call_events,993
complementary_k3_n5,fresh,O-ADD-PORTFOLIO,5,producer_input,current_request_bytes,1683
complementary_k3_n5,fresh,O-ADD-PORTFOLIO,5,producer_input,observed_python_opcode_events,72876
complementary_k3_n5,fresh,O-ADD-PORTFOLIO,5,producer_storage,bounded_native_c_call_events,801
complementary_k3_n5,fresh,O-ADD-PORTFOLIO,5,producer_storage,live_serialized_byte_periods,27196
complementary_k3_n5,fresh,O-ADD-PORTFOLIO,5,producer_storage,observed_python_opcode_events,23521
complementary_k3_n5,fresh,O-ADD-PORTFOLIO,5,receiver_check,bounded_native_c_call_events,6065
complementary_k3_n5,fresh,O-ADD-PORTFOLIO,5,receiver_check,observed_python_opcode_events,134400
complementary_k3_n5,fresh,O-ADD-PORTFOLIO,5,receiver_import,bounded_native_c_call_events,123
complementary_k3_n5,fresh,O-ADD-PORTFOLIO,5,receiver_import,observed_python_opcode_events,66529
complementary_k3_n5,fresh,O-ADD-PORTFOLIO,5,receiver_init,bounded_native_c_call_events,156
complementary_k3_n5,fresh,O-ADD-PORTFOLIO,5,receiver_init,observed_python_opcode_events,34489
complementary_k3_n5,fresh,O-ADD-PORTFOLIO,5,receiver_input,bounded_native_c_call_events,993
complementary_k3_n5,fresh,O-ADD-PORTFOLIO,5,receiver_input,current_request_bytes,1683
complementary_k3_n5,fresh,O-ADD-PORTFOLIO,5,receiver_input,observed_python_opcode_events,72876
complementary_k3_n5,fresh,O-ADD-PORTFOLIO,5,receiver_input,proof_input_bytes,4398
complementary_k3_n5,fresh,O-ADD-PORTFOLIO,5,receiver_old_check,bounded_native_c_call_events,5762
complementary_k3_n5,fresh,O-ADD-PORTFOLIO,5,receiver_old_check,observed_python_opcode_events,338207
complementary_k3_n5,fresh,O-ADD-PORTFOLIO,5,receiver_old_input,bounded_native_c_call_events,2099
complementary_k3_n5,fresh,O-ADD-PORTFOLIO,5,receiver_old_input,observed_python_opcode_events,131028
complementary_k3_n5,fresh,O-ADD-PORTFOLIO,5,receiver_old_input,old_proof_input_bytes,8700
complementary_k3_n5,fresh,O-ADD-PORTFOLIO,5,receiver_old_input,old_request_bytes,2615
complementary_k3_n5,fresh,O-ADD-PORTFOLIO,5,receiver_storage,bounded_native_c_call_events,1071
complementary_k3_n5,fresh,O-ADD-PORTFOLIO,5,receiver_storage,live_serialized_byte_periods,48019
complementary_k3_n5,fresh,O-ADD-PORTFOLIO,5,receiver_storage,observed_python_opcode_events,82986
complementary_k3_n5,fresh,O-ADD-PORTFOLIO,5,request_encoding,bounded_native_c_call_events,1006
complementary_k3_n5,fresh,O-ADD-PORTFOLIO,5,request_encoding,observed_python_opcode_events,26315
complementary_k3_n5,fresh,O-ADD-PORTFOLIO,5,terminal,bounded_native_c_call_events,631
complementary_k3_n5,fresh,O-ADD-PORTFOLIO,5,terminal,candidate_publication_events,1
complementary_k3_n5,fresh,O-ADD-PORTFOLIO,5,terminal,current_receipt_output_bytes,3486
complementary_k3_n5,fresh,O-ADD-PORTFOLIO,5,terminal,delivery_events,1
complementary_k3_n5,fresh,O-ADD-PORTFOLIO,5,terminal,observed_python_opcode_events,16065
complementary_k3_n5,fresh,O-ADD-PORTFOLIO,6,coordination,bounded_native_c_call_events,12
complementary_k3_n5,fresh,O-ADD-PORTFOLIO,6,coordination,observed_python_opcode_events,1052
complementary_k3_n5,fresh,O-ADD-PORTFOLIO,6,producer_build,bounded_native_c_call_events,16055
complementary_k3_n5,fresh,O-ADD-PORTFOLIO,6,producer_build,observed_python_opcode_events,337076
complementary_k3_n5,fresh,O-ADD-PORTFOLIO,6,producer_export,bounded_native_c_call_events,11
complementary_k3_n5,fresh,O-ADD-PORTFOLIO,6,producer_export,observed_python_opcode_events,3271
complementary_k3_n5,fresh,O-ADD-PORTFOLIO,6,producer_export,proof_output_bytes,4425
complementary_k3_n5,fresh,O-ADD-PORTFOLIO,6,producer_input,bounded_native_c_call_events,1054
complementary_k3_n5,fresh,O-ADD-PORTFOLIO,6,producer_input,current_request_bytes,1710
complementary_k3_n5,fresh,O-ADD-PORTFOLIO,6,producer_input,observed_python_opcode_events,74661
complementary_k3_n5,fresh,O-ADD-PORTFOLIO,6,producer_storage,bounded_native_c_call_events,801
complementary_k3_n5,fresh,O-ADD-PORTFOLIO,6,producer_storage,live_serialized_byte_periods,27274
complementary_k3_n5,fresh,O-ADD-PORTFOLIO,6,producer_storage,observed_python_opcode_events,23521
complementary_k3_n5,fresh,O-ADD-PORTFOLIO,6,receiver_check,bounded_native_c_call_events,6379
complementary_k3_n5,fresh,O-ADD-PORTFOLIO,6,receiver_check,observed_python_opcode_events,138732
complementary_k3_n5,fresh,O-ADD-PORTFOLIO,6,receiver_import,bounded_native_c_call_events,121
complementary_k3_n5,fresh,O-ADD-PORTFOLIO,6,receiver_import,observed_python_opcode_events,66875
complementary_k3_n5,fresh,O-ADD-PORTFOLIO,6,receiver_init,bounded_native_c_call_events,156
complementary_k3_n5,fresh,O-ADD-PORTFOLIO,6,receiver_init,observed_python_opcode_events,34489
complementary_k3_n5,fresh,O-ADD-PORTFOLIO,6,receiver_input,bounded_native_c_call_events,1054
complementary_k3_n5,fresh,O-ADD-PORTFOLIO,6,receiver_input,current_request_bytes,1710
complementary_k3_n5,fresh,O-ADD-PORTFOLIO,6,receiver_input,observed_python_opcode_events,74661
complementary_k3_n5,fresh,O-ADD-PORTFOLIO,6,receiver_input,proof_input_bytes,4425
complementary_k3_n5,fresh,O-ADD-PORTFOLIO,6,receiver_old_check,bounded_native_c_call_events,5762
complementary_k3_n5,fresh,O-ADD-PORTFOLIO,6,receiver_old_check,observed_python_opcode_events,338207
complementary_k3_n5,fresh,O-ADD-PORTFOLIO,6,receiver_old_input,bounded_native_c_call_events,2099
complementary_k3_n5,fresh,O-ADD-PORTFOLIO,6,receiver_old_input,observed_python_opcode_events,131028
complementary_k3_n5,fresh,O-ADD-PORTFOLIO,6,receiver_old_input,old_proof_input_bytes,8700
complementary_k3_n5,fresh,O-ADD-PORTFOLIO,6,receiver_old_input,old_request_bytes,2615
complementary_k3_n5,fresh,O-ADD-PORTFOLIO,6,receiver_storage,bounded_native_c_call_events,1071
complementary_k3_n5,fresh,O-ADD-PORTFOLIO,6,receiver_storage,live_serialized_byte_periods,48136
complementary_k3_n5,fresh,O-ADD-PORTFOLIO,6,receiver_storage,observed_python_opcode_events,82986
complementary_k3_n5,fresh,O-ADD-PORTFOLIO,6,request_encoding,bounded_native_c_call_events,1047
complementary_k3_n5,fresh,O-ADD-PORTFOLIO,6,request_encoding,observed_python_opcode_events,27221
complementary_k3_n5,fresh,O-ADD-PORTFOLIO,6,terminal,bounded_native_c_call_events,652
complementary_k3_n5,fresh,O-ADD-PORTFOLIO,6,terminal,candidate_publication_events,1
complementary_k3_n5,fresh,O-ADD-PORTFOLIO,6,terminal,current_receipt_output_bytes,3513
complementary_k3_n5,fresh,O-ADD-PORTFOLIO,6,terminal,delivery_events,1
complementary_k3_n5,fresh,O-ADD-PORTFOLIO,6,terminal,observed_python_opcode_events,16562
complementary_k3_n5,fresh,O-ADD-WARM,1,common_source,bounded_native_c_call_events,457
complementary_k3_n5,fresh,O-ADD-WARM,1,common_source,observed_python_opcode_events,40257
complementary_k3_n5,fresh,O-ADD-WARM,1,common_source,source_hash_bytes_prepaid,220827
complementary_k3_n5,fresh,O-ADD-WARM,1,common_source,source_length_probe_bytes_prepaid,10
complementary_k3_n5,fresh,O-ADD-WARM,1,common_source,source_program_bytes_prepaid,220827
complementary_k3_n5,fresh,O-ADD-WARM,1,common_source,source_record_bytes,1487
complementary_k3_n5,fresh,O-ADD-WARM,1,coordination,bounded_native_c_call_events,10
complementary_k3_n5,fresh,O-ADD-WARM,1,coordination,observed_python_opcode_events,628
complementary_k3_n5,fresh,O-ADD-WARM,1,producer_build,bounded_native_c_call_events,5959
complementary_k3_n5,fresh,O-ADD-WARM,1,producer_build,observed_python_opcode_events,179099
complementary_k3_n5,fresh,O-ADD-WARM,1,producer_export,bounded_native_c_call_events,8
complementary_k3_n5,fresh,O-ADD-WARM,1,producer_export,observed_python_opcode_events,260
complementary_k3_n5,fresh,O-ADD-WARM,1,producer_export,proof_output_bytes,6706
complementary_k3_n5,fresh,O-ADD-WARM,1,producer_init,bounded_native_c_call_events,19
complementary_k3_n5,fresh,O-ADD-WARM,1,producer_init,observed_python_opcode_events,815
complementary_k3_n5,fresh,O-ADD-WARM,1,producer_input,bounded_native_c_call_events,869
complementary_k3_n5,fresh,O-ADD-WARM,1,producer_input,current_request_bytes,1558
complementary_k3_n5,fresh,O-ADD-WARM,1,producer_input,observed_python_opcode_events,66511
complementary_k3_n5,fresh,O-ADD-WARM,1,producer_storage,bounded_native_c_call_events,370
complementary_k3_n5,fresh,O-ADD-WARM,1,producer_storage,live_serialized_byte_periods,20969
complementary_k3_n5,fresh,O-ADD-WARM,1,producer_storage,observed_python_opcode_events,70274
complementary_k3_n5,fresh,O-ADD-WARM,1,receiver_check,bounded_native_c_call_events,5626
complementary_k3_n5,fresh,O-ADD-WARM,1,receiver_check,observed_python_opcode_events,326581
complementary_k3_n5,fresh,O-ADD-WARM,1,receiver_init,bounded_native_c_call_events,156
complementary_k3_n5,fresh,O-ADD-WARM,1,receiver_init,observed_python_opcode_events,34485
complementary_k3_n5,fresh,O-ADD-WARM,1,receiver_input,bounded_native_c_call_events,869
complementary_k3_n5,fresh,O-ADD-WARM,1,receiver_input,current_request_bytes,1558
complementary_k3_n5,fresh,O-ADD-WARM,1,receiver_input,observed_python_opcode_events,66511
complementary_k3_n5,fresh,O-ADD-WARM,1,receiver_input,proof_input_bytes,6706
complementary_k3_n5,fresh,O-ADD-WARM,1,receiver_storage,bounded_native_c_call_events,22
complementary_k3_n5,fresh,O-ADD-WARM,1,receiver_storage,live_serialized_byte_periods,24474
complementary_k3_n5,fresh,O-ADD-WARM,1,receiver_storage,observed_python_opcode_events,33086
complementary_k3_n5,fresh,O-ADD-WARM,1,request_encoding,bounded_native_c_call_events,894
complementary_k3_n5,fresh,O-ADD-WARM,1,request_encoding,observed_python_opcode_events,23553
complementary_k3_n5,fresh,O-ADD-WARM,1,terminal,bounded_native_c_call_events,555
complementary_k3_n5,fresh,O-ADD-WARM,1,terminal,candidate_publication_events,1
complementary_k3_n5,fresh,O-ADD-WARM,1,terminal,current_receipt_output_bytes,3361
complementary_k3_n5,fresh,O-ADD-WARM,1,terminal,delivery_events,1
complementary_k3_n5,fresh,O-ADD-WARM,1,terminal,observed_python_opcode_events,14240
complementary_k3_n5,fresh,O-ADD-WARM,2,coordination,bounded_native_c_call_events,10
complementary_k3_n5,fresh,O-ADD-WARM,2,coordination,observed_python_opcode_events,592
complementary_k3_n5,fresh,O-ADD-WARM,2,producer_build,bounded_native_c_call_events,3710
complementary_k3_n5,fresh,O-ADD-WARM,2,producer_build,observed_python_opcode_events,126107
complementary_k3_n5,fresh,O-ADD-WARM,2,producer_export,bounded_native_c_call_events,8
complementary_k3_n5,fresh,O-ADD-WARM,2,producer_export,observed_python_opcode_events,260
complementary_k3_n5,fresh,O-ADD-WARM,2,producer_export,proof_output_bytes,7257
complementary_k3_n5,fresh,O-ADD-WARM,2,producer_input,bounded_native_c_call_events,898
complementary_k3_n5,fresh,O-ADD-WARM,2,producer_input,current_request_bytes,1580
complementary_k3_n5,fresh,O-ADD-WARM,2,producer_input,observed_python_opcode_events,67926
complementary_k3_n5,fresh,O-ADD-WARM,2,producer_storage,bounded_native_c_call_events,396
complementary_k3_n5,fresh,O-ADD-WARM,2,producer_storage,live_serialized_byte_periods,22786
complementary_k3_n5,fresh,O-ADD-WARM,2,producer_storage,observed_python_opcode_events,84049
complementary_k3_n5,fresh,O-ADD-WARM,2,receiver_check,bounded_native_c_call_events,6696
complementary_k3_n5,fresh,O-ADD-WARM,2,receiver_check,observed_python_opcode_events,373055
complementary_k3_n5,fresh,O-ADD-WARM,2,receiver_init,bounded_native_c_call_events,156
complementary_k3_n5,fresh,O-ADD-WARM,2,receiver_init,observed_python_opcode_events,34485
complementary_k3_n5,fresh,O-ADD-WARM,2,receiver_input,bounded_native_c_call_events,898
complementary_k3_n5,fresh,O-ADD-WARM,2,receiver_input,current_request_bytes,1580
complementary_k3_n5,fresh,O-ADD-WARM,2,receiver_input,observed_python_opcode_events,67926
complementary_k3_n5,fresh,O-ADD-WARM,2,receiver_input,proof_input_bytes,7257
complementary_k3_n5,fresh,O-ADD-WARM,2,receiver_storage,bounded_native_c_call_events,22
complementary_k3_n5,fresh,O-ADD-WARM,2,receiver_storage,live_serialized_byte_periods,25940
complementary_k3_n5,fresh,O-ADD-WARM,2,receiver_storage,observed_python_opcode_events,41751
complementary_k3_n5,fresh,O-ADD-WARM,2,request_encoding,bounded_native_c_call_events,930
complementary_k3_n5,fresh,O-ADD-WARM,2,request_encoding,observed_python_opcode_events,24363
complementary_k3_n5,fresh,O-ADD-WARM,2,terminal,bounded_native_c_call_events,587
complementary_k3_n5,fresh,O-ADD-WARM,2,terminal,candidate_publication_events,1
complementary_k3_n5,fresh,O-ADD-WARM,2,terminal,current_receipt_output_bytes,3383
complementary_k3_n5,fresh,O-ADD-WARM,2,terminal,delivery_events,1
complementary_k3_n5,fresh,O-ADD-WARM,2,terminal,observed_python_opcode_events,14984
complementary_k3_n5,fresh,O-ADD-WARM,3,coordination,bounded_native_c_call_events,10
complementary_k3_n5,fresh,O-ADD-WARM,3,coordination,observed_python_opcode_events,592
complementary_k3_n5,fresh,O-ADD-WARM,3,producer_build,bounded_native_c_call_events,3831
complementary_k3_n5,fresh,O-ADD-WARM,3,producer_build,observed_python_opcode_events,134967
complementary_k3_n5,fresh,O-ADD-WARM,3,producer_export,bounded_native_c_call_events,8
complementary_k3_n5,fresh,O-ADD-WARM,3,producer_export,observed_python_opcode_events,260
complementary_k3_n5,fresh,O-ADD-WARM,3,producer_export,proof_output_bytes,7862
complementary_k3_n5,fresh,O-ADD-WARM,3,producer_input,bounded_native_c_call_events,896
complementary_k3_n5,fresh,O-ADD-WARM,3,producer_input,current_request_bytes,1586
complementary_k3_n5,fresh,O-ADD-WARM,3,producer_input,observed_python_opcode_events,68099
complementary_k3_n5,fresh,O-ADD-WARM,3,producer_storage,bounded_native_c_call_events,416
complementary_k3_n5,fresh,O-ADD-WARM,3,producer_storage,live_serialized_byte_periods,24809
complementary_k3_n5,fresh,O-ADD-WARM,3,producer_storage,observed_python_opcode_events,100139
complementary_k3_n5,fresh,O-ADD-WARM,3,receiver_check,bounded_native_c_call_events,7857
complementary_k3_n5,fresh,O-ADD-WARM,3,receiver_check,observed_python_opcode_events,424897
complementary_k3_n5,fresh,O-ADD-WARM,3,receiver_init,bounded_native_c_call_events,156
complementary_k3_n5,fresh,O-ADD-WARM,3,receiver_init,observed_python_opcode_events,34485
complementary_k3_n5,fresh,O-ADD-WARM,3,receiver_input,bounded_native_c_call_events,896
complementary_k3_n5,fresh,O-ADD-WARM,3,receiver_input,current_request_bytes,1586
complementary_k3_n5,fresh,O-ADD-WARM,3,receiver_input,observed_python_opcode_events,68099
complementary_k3_n5,fresh,O-ADD-WARM,3,receiver_input,proof_input_bytes,7862
complementary_k3_n5,fresh,O-ADD-WARM,3,receiver_storage,bounded_native_c_call_events,22
complementary_k3_n5,fresh,O-ADD-WARM,3,receiver_storage,live_serialized_byte_periods,27544
complementary_k3_n5,fresh,O-ADD-WARM,3,receiver_storage,observed_python_opcode_events,52703
complementary_k3_n5,fresh,O-ADD-WARM,3,request_encoding,bounded_native_c_call_events,930
complementary_k3_n5,fresh,O-ADD-WARM,3,request_encoding,observed_python_opcode_events,24371
complementary_k3_n5,fresh,O-ADD-WARM,3,terminal,bounded_native_c_call_events,563
complementary_k3_n5,fresh,O-ADD-WARM,3,terminal,candidate_publication_events,1
complementary_k3_n5,fresh,O-ADD-WARM,3,terminal,current_receipt_output_bytes,3389
complementary_k3_n5,fresh,O-ADD-WARM,3,terminal,delivery_events,1
complementary_k3_n5,fresh,O-ADD-WARM,3,terminal,observed_python_opcode_events,14468
complementary_k3_n5,fresh,O-ADD-WARM,4,coordination,bounded_native_c_call_events,10
complementary_k3_n5,fresh,O-ADD-WARM,4,coordination,observed_python_opcode_events,592
complementary_k3_n5,fresh,O-ADD-WARM,4,producer_build,bounded_native_c_call_events,4555
complementary_k3_n5,fresh,O-ADD-WARM,4,producer_build,observed_python_opcode_events,160009
complementary_k3_n5,fresh,O-ADD-WARM,4,producer_export,bounded_native_c_call_events,8
complementary_k3_n5,fresh,O-ADD-WARM,4,producer_export,observed_python_opcode_events,260
complementary_k3_n5,fresh,O-ADD-WARM,4,producer_export,proof_output_bytes,8832
complementary_k3_n5,fresh,O-ADD-WARM,4,producer_input,bounded_native_c_call_events,997
complementary_k3_n5,fresh,O-ADD-WARM,4,producer_input,current_request_bytes,1679
complementary_k3_n5,fresh,O-ADD-WARM,4,producer_input,observed_python_opcode_events,72758
complementary_k3_n5,fresh,O-ADD-WARM,4,producer_storage,bounded_native_c_call_events,448
complementary_k3_n5,fresh,O-ADD-WARM,4,producer_storage,live_serialized_byte_periods,28006
complementary_k3_n5,fresh,O-ADD-WARM,4,producer_storage,observed_python_opcode_events,123019
complementary_k3_n5,fresh,O-ADD-WARM,4,receiver_check,bounded_native_c_call_events,9701
complementary_k3_n5,fresh,O-ADD-WARM,4,receiver_check,observed_python_opcode_events,506110
complementary_k3_n5,fresh,O-ADD-WARM,4,receiver_init,bounded_native_c_call_events,156
complementary_k3_n5,fresh,O-ADD-WARM,4,receiver_init,observed_python_opcode_events,34485
complementary_k3_n5,fresh,O-ADD-WARM,4,receiver_input,bounded_native_c_call_events,997
complementary_k3_n5,fresh,O-ADD-WARM,4,receiver_input,current_request_bytes,1679
complementary_k3_n5,fresh,O-ADD-WARM,4,receiver_input,observed_python_opcode_events,72758
complementary_k3_n5,fresh,O-ADD-WARM,4,receiver_input,proof_input_bytes,8832
complementary_k3_n5,fresh,O-ADD-WARM,4,receiver_storage,bounded_native_c_call_events,22
complementary_k3_n5,fresh,O-ADD-WARM,4,receiver_storage,live_serialized_byte_periods,30344
complementary_k3_n5,fresh,O-ADD-WARM,4,receiver_storage,observed_python_opcode_events,67505
complementary_k3_n5,fresh,O-ADD-WARM,4,request_encoding,bounded_native_c_call_events,1006
complementary_k3_n5,fresh,O-ADD-WARM,4,request_encoding,observed_python_opcode_events,26293
complementary_k3_n5,fresh,O-ADD-WARM,4,terminal,bounded_native_c_call_events,659
complementary_k3_n5,fresh,O-ADD-WARM,4,terminal,candidate_publication_events,1
complementary_k3_n5,fresh,O-ADD-WARM,4,terminal,current_receipt_output_bytes,3482
complementary_k3_n5,fresh,O-ADD-WARM,4,terminal,delivery_events,1
complementary_k3_n5,fresh,O-ADD-WARM,4,terminal,observed_python_opcode_events,16741
complementary_k3_n5,fresh,O-ADD-WARM,5,coordination,bounded_native_c_call_events,10
complementary_k3_n5,fresh,O-ADD-WARM,5,coordination,observed_python_opcode_events,592
complementary_k3_n5,fresh,O-ADD-WARM,5,producer_build,bounded_native_c_call_events,4396
complementary_k3_n5,fresh,O-ADD-WARM,5,producer_build,observed_python_opcode_events,158834
complementary_k3_n5,fresh,O-ADD-WARM,5,producer_export,bounded_native_c_call_events,8
complementary_k3_n5,fresh,O-ADD-WARM,5,producer_export,observed_python_opcode_events,260
complementary_k3_n5,fresh,O-ADD-WARM,5,producer_export,proof_output_bytes,9492
complementary_k3_n5,fresh,O-ADD-WARM,5,producer_input,bounded_native_c_call_events,993
complementary_k3_n5,fresh,O-ADD-WARM,5,producer_input,current_request_bytes,1683
complementary_k3_n5,fresh,O-ADD-WARM,5,producer_input,observed_python_opcode_events,72876
complementary_k3_n5,fresh,O-ADD-WARM,5,producer_storage,bounded_native_c_call_events,474
complementary_k3_n5,fresh,O-ADD-WARM,5,producer_storage,live_serialized_byte_periods,30193
complementary_k3_n5,fresh,O-ADD-WARM,5,producer_storage,observed_python_opcode_events,139527
complementary_k3_n5,fresh,O-ADD-WARM,5,receiver_check,bounded_native_c_call_events,10930
complementary_k3_n5,fresh,O-ADD-WARM,5,receiver_check,observed_python_opcode_events,561096
complementary_k3_n5,fresh,O-ADD-WARM,5,receiver_init,bounded_native_c_call_events,156
complementary_k3_n5,fresh,O-ADD-WARM,5,receiver_init,observed_python_opcode_events,34485
complementary_k3_n5,fresh,O-ADD-WARM,5,receiver_input,bounded_native_c_call_events,993
complementary_k3_n5,fresh,O-ADD-WARM,5,receiver_input,current_request_bytes,1683
complementary_k3_n5,fresh,O-ADD-WARM,5,receiver_input,observed_python_opcode_events,72876
complementary_k3_n5,fresh,O-ADD-WARM,5,receiver_input,proof_input_bytes,9492
complementary_k3_n5,fresh,O-ADD-WARM,5,receiver_storage,bounded_native_c_call_events,22
complementary_k3_n5,fresh,O-ADD-WARM,5,receiver_storage,live_serialized_byte_periods,32028
complementary_k3_n5,fresh,O-ADD-WARM,5,receiver_storage,observed_python_opcode_events,77980
complementary_k3_n5,fresh,O-ADD-WARM,5,request_encoding,bounded_native_c_call_events,1006
complementary_k3_n5,fresh,O-ADD-WARM,5,request_encoding,observed_python_opcode_events,26315
complementary_k3_n5,fresh,O-ADD-WARM,5,terminal,bounded_native_c_call_events,631
complementary_k3_n5,fresh,O-ADD-WARM,5,terminal,candidate_publication_events,1
complementary_k3_n5,fresh,O-ADD-WARM,5,terminal,current_receipt_output_bytes,3486
complementary_k3_n5,fresh,O-ADD-WARM,5,terminal,delivery_events,1
complementary_k3_n5,fresh,O-ADD-WARM,5,terminal,observed_python_opcode_events,16065
complementary_k3_n5,fresh,O-ADD-WARM,6,coordination,bounded_native_c_call_events,10
complementary_k3_n5,fresh,O-ADD-WARM,6,coordination,observed_python_opcode_events,592
complementary_k3_n5,fresh,O-ADD-WARM,6,producer_build,bounded_native_c_call_events,5049
complementary_k3_n5,fresh,O-ADD-WARM,6,producer_build,observed_python_opcode_events,178399
complementary_k3_n5,fresh,O-ADD-WARM,6,producer_export,bounded_native_c_call_events,8
complementary_k3_n5,fresh,O-ADD-WARM,6,producer_export,observed_python_opcode_events,260
complementary_k3_n5,fresh,O-ADD-WARM,6,producer_export,proof_output_bytes,10409
complementary_k3_n5,fresh,O-ADD-WARM,6,producer_input,bounded_native_c_call_events,1054
complementary_k3_n5,fresh,O-ADD-WARM,6,producer_input,current_request_bytes,1710
complementary_k3_n5,fresh,O-ADD-WARM,6,producer_input,observed_python_opcode_events,74661
complementary_k3_n5,fresh,O-ADD-WARM,6,producer_storage,bounded_native_c_call_events,594
complementary_k3_n5,fresh,O-ADD-WARM,6,producer_storage,live_serialized_byte_periods,33216
complementary_k3_n5,fresh,O-ADD-WARM,6,producer_storage,observed_python_opcode_events,157765
complementary_k3_n5,fresh,O-ADD-WARM,6,receiver_check,bounded_native_c_call_events,12420
complementary_k3_n5,fresh,O-ADD-WARM,6,receiver_check,observed_python_opcode_events,631091
complementary_k3_n5,fresh,O-ADD-WARM,6,receiver_init,bounded_native_c_call_events,156
complementary_k3_n5,fresh,O-ADD-WARM,6,receiver_init,observed_python_opcode_events,34485
complementary_k3_n5,fresh,O-ADD-WARM,6,receiver_input,bounded_native_c_call_events,1054
complementary_k3_n5,fresh,O-ADD-WARM,6,receiver_input,current_request_bytes,1710
complementary_k3_n5,fresh,O-ADD-WARM,6,receiver_input,observed_python_opcode_events,74661
complementary_k3_n5,fresh,O-ADD-WARM,6,receiver_input,proof_input_bytes,10409
complementary_k3_n5,fresh,O-ADD-WARM,6,receiver_storage,bounded_native_c_call_events,22
complementary_k3_n5,fresh,O-ADD-WARM,6,receiver_storage,live_serialized_byte_periods,34331
complementary_k3_n5,fresh,O-ADD-WARM,6,receiver_storage,observed_python_opcode_events,87038
complementary_k3_n5,fresh,O-ADD-WARM,6,request_encoding,bounded_native_c_call_events,1047
complementary_k3_n5,fresh,O-ADD-WARM,6,request_encoding,observed_python_opcode_events,27221
complementary_k3_n5,fresh,O-ADD-WARM,6,terminal,bounded_native_c_call_events,652
complementary_k3_n5,fresh,O-ADD-WARM,6,terminal,candidate_publication_events,1
complementary_k3_n5,fresh,O-ADD-WARM,6,terminal,current_receipt_output_bytes,3513
complementary_k3_n5,fresh,O-ADD-WARM,6,terminal,delivery_events,1
complementary_k3_n5,fresh,O-ADD-WARM,6,terminal,observed_python_opcode_events,16562
complementary_k3_n5,fresh,O-ADD-WARM-PRUNED,1,common_source,bounded_native_c_call_events,457
complementary_k3_n5,fresh,O-ADD-WARM-PRUNED,1,common_source,observed_python_opcode_events,40257
complementary_k3_n5,fresh,O-ADD-WARM-PRUNED,1,common_source,source_hash_bytes_prepaid,220827
complementary_k3_n5,fresh,O-ADD-WARM-PRUNED,1,common_source,source_length_probe_bytes_prepaid,10
complementary_k3_n5,fresh,O-ADD-WARM-PRUNED,1,common_source,source_program_bytes_prepaid,220827
complementary_k3_n5,fresh,O-ADD-WARM-PRUNED,1,common_source,source_record_bytes,1487
complementary_k3_n5,fresh,O-ADD-WARM-PRUNED,1,coordination,bounded_native_c_call_events,10
complementary_k3_n5,fresh,O-ADD-WARM-PRUNED,1,coordination,observed_python_opcode_events,576
complementary_k3_n5,fresh,O-ADD-WARM-PRUNED,1,producer_build,bounded_native_c_call_events,5959
complementary_k3_n5,fresh,O-ADD-WARM-PRUNED,1,producer_build,observed_python_opcode_events,179099
complementary_k3_n5,fresh,O-ADD-WARM-PRUNED,1,producer_export,bounded_native_c_call_events,8
complementary_k3_n5,fresh,O-ADD-WARM-PRUNED,1,producer_export,observed_python_opcode_events,261
complementary_k3_n5,fresh,O-ADD-WARM-PRUNED,1,producer_export,proof_output_bytes,6706
complementary_k3_n5,fresh,O-ADD-WARM-PRUNED,1,producer_init,bounded_native_c_call_events,19
complementary_k3_n5,fresh,O-ADD-WARM-PRUNED,1,producer_init,observed_python_opcode_events,815
complementary_k3_n5,fresh,O-ADD-WARM-PRUNED,1,producer_input,bounded_native_c_call_events,869
complementary_k3_n5,fresh,O-ADD-WARM-PRUNED,1,producer_input,current_request_bytes,1558
complementary_k3_n5,fresh,O-ADD-WARM-PRUNED,1,producer_input,observed_python_opcode_events,66512
complementary_k3_n5,fresh,O-ADD-WARM-PRUNED,1,producer_prune,bounded_native_c_call_events,7298
complementary_k3_n5,fresh,O-ADD-WARM-PRUNED,1,producer_prune,observed_python_opcode_events,267442
complementary_k3_n5,fresh,O-ADD-WARM-PRUNED,1,producer_storage,bounded_native_c_call_events,370
complementary_k3_n5,fresh,O-ADD-WARM-PRUNED,1,producer_storage,live_serialized_byte_periods,21004
complementary_k3_n5,fresh,O-ADD-WARM-PRUNED,1,producer_storage,observed_python_opcode_events,70326
complementary_k3_n5,fresh,O-ADD-WARM-PRUNED,1,receiver_check,bounded_native_c_call_events,5626
complementary_k3_n5,fresh,O-ADD-WARM-PRUNED,1,receiver_check,observed_python_opcode_events,326581
complementary_k3_n5,fresh,O-ADD-WARM-PRUNED,1,receiver_init,bounded_native_c_call_events,156
complementary_k3_n5,fresh,O-ADD-WARM-PRUNED,1,receiver_init,observed_python_opcode_events,34485
complementary_k3_n5,fresh,O-ADD-WARM-PRUNED,1,receiver_input,bounded_native_c_call_events,869
complementary_k3_n5,fresh,O-ADD-WARM-PRUNED,1,receiver_input,current_request_bytes,1558
complementary_k3_n5,fresh,O-ADD-WARM-PRUNED,1,receiver_input,observed_python_opcode_events,66512
complementary_k3_n5,fresh,O-ADD-WARM-PRUNED,1,receiver_input,proof_input_bytes,6706
complementary_k3_n5,fresh,O-ADD-WARM-PRUNED,1,receiver_storage,bounded_native_c_call_events,22
complementary_k3_n5,fresh,O-ADD-WARM-PRUNED,1,receiver_storage,live_serialized_byte_periods,24474
complementary_k3_n5,fresh,O-ADD-WARM-PRUNED,1,receiver_storage,observed_python_opcode_events,33086
complementary_k3_n5,fresh,O-ADD-WARM-PRUNED,1,request_encoding,bounded_native_c_call_events,894
complementary_k3_n5,fresh,O-ADD-WARM-PRUNED,1,request_encoding,observed_python_opcode_events,23554
complementary_k3_n5,fresh,O-ADD-WARM-PRUNED,1,terminal,bounded_native_c_call_events,555
complementary_k3_n5,fresh,O-ADD-WARM-PRUNED,1,terminal,candidate_publication_events,1
complementary_k3_n5,fresh,O-ADD-WARM-PRUNED,1,terminal,current_receipt_output_bytes,3361
complementary_k3_n5,fresh,O-ADD-WARM-PRUNED,1,terminal,delivery_events,1
complementary_k3_n5,fresh,O-ADD-WARM-PRUNED,1,terminal,observed_python_opcode_events,14242
complementary_k3_n5,fresh,O-ADD-WARM-PRUNED,2,coordination,bounded_native_c_call_events,10
complementary_k3_n5,fresh,O-ADD-WARM-PRUNED,2,coordination,observed_python_opcode_events,540
complementary_k3_n5,fresh,O-ADD-WARM-PRUNED,2,producer_build,bounded_native_c_call_events,3710
complementary_k3_n5,fresh,O-ADD-WARM-PRUNED,2,producer_build,observed_python_opcode_events,126107
complementary_k3_n5,fresh,O-ADD-WARM-PRUNED,2,producer_export,bounded_native_c_call_events,8
complementary_k3_n5,fresh,O-ADD-WARM-PRUNED,2,producer_export,observed_python_opcode_events,261
complementary_k3_n5,fresh,O-ADD-WARM-PRUNED,2,producer_export,proof_output_bytes,7138
complementary_k3_n5,fresh,O-ADD-WARM-PRUNED,2,producer_input,bounded_native_c_call_events,898
complementary_k3_n5,fresh,O-ADD-WARM-PRUNED,2,producer_input,current_request_bytes,1580
complementary_k3_n5,fresh,O-ADD-WARM-PRUNED,2,producer_input,observed_python_opcode_events,67927
complementary_k3_n5,fresh,O-ADD-WARM-PRUNED,2,producer_prune,bounded_native_c_call_events,8415
complementary_k3_n5,fresh,O-ADD-WARM-PRUNED,2,producer_prune,observed_python_opcode_events,310578
complementary_k3_n5,fresh,O-ADD-WARM-PRUNED,2,producer_storage,bounded_native_c_call_events,396
complementary_k3_n5,fresh,O-ADD-WARM-PRUNED,2,producer_storage,live_serialized_byte_periods,22686
complementary_k3_n5,fresh,O-ADD-WARM-PRUNED,2,producer_storage,observed_python_opcode_events,84101
complementary_k3_n5,fresh,O-ADD-WARM-PRUNED,2,receiver_check,bounded_native_c_call_events,6456
complementary_k3_n5,fresh,O-ADD-WARM-PRUNED,2,receiver_check,observed_python_opcode_events,362716
complementary_k3_n5,fresh,O-ADD-WARM-PRUNED,2,receiver_init,bounded_native_c_call_events,156
complementary_k3_n5,fresh,O-ADD-WARM-PRUNED,2,receiver_init,observed_python_opcode_events,34485
complementary_k3_n5,fresh,O-ADD-WARM-PRUNED,2,receiver_input,bounded_native_c_call_events,898
complementary_k3_n5,fresh,O-ADD-WARM-PRUNED,2,receiver_input,current_request_bytes,1580
complementary_k3_n5,fresh,O-ADD-WARM-PRUNED,2,receiver_input,observed_python_opcode_events,67927
complementary_k3_n5,fresh,O-ADD-WARM-PRUNED,2,receiver_input,proof_input_bytes,7138
complementary_k3_n5,fresh,O-ADD-WARM-PRUNED,2,receiver_storage,bounded_native_c_call_events,22
complementary_k3_n5,fresh,O-ADD-WARM-PRUNED,2,receiver_storage,live_serialized_byte_periods,25684
complementary_k3_n5,fresh,O-ADD-WARM-PRUNED,2,receiver_storage,observed_python_opcode_events,40359
complementary_k3_n5,fresh,O-ADD-WARM-PRUNED,2,request_encoding,bounded_native_c_call_events,930
complementary_k3_n5,fresh,O-ADD-WARM-PRUNED,2,request_encoding,observed_python_opcode_events,24364
complementary_k3_n5,fresh,O-ADD-WARM-PRUNED,2,terminal,bounded_native_c_call_events,587
complementary_k3_n5,fresh,O-ADD-WARM-PRUNED,2,terminal,candidate_publication_events,1
complementary_k3_n5,fresh,O-ADD-WARM-PRUNED,2,terminal,current_receipt_output_bytes,3383
complementary_k3_n5,fresh,O-ADD-WARM-PRUNED,2,terminal,delivery_events,1
complementary_k3_n5,fresh,O-ADD-WARM-PRUNED,2,terminal,observed_python_opcode_events,14986
complementary_k3_n5,fresh,O-ADD-WARM-PRUNED,3,coordination,bounded_native_c_call_events,10
complementary_k3_n5,fresh,O-ADD-WARM-PRUNED,3,coordination,observed_python_opcode_events,540
complementary_k3_n5,fresh,O-ADD-WARM-PRUNED,3,producer_build,bounded_native_c_call_events,3831
complementary_k3_n5,fresh,O-ADD-WARM-PRUNED,3,producer_build,observed_python_opcode_events,134967
complementary_k3_n5,fresh,O-ADD-WARM-PRUNED,3,producer_export,bounded_native_c_call_events,8
complementary_k3_n5,fresh,O-ADD-WARM-PRUNED,3,producer_export,observed_python_opcode_events,261
complementary_k3_n5,fresh,O-ADD-WARM-PRUNED,3,producer_export,proof_output_bytes,7359
complementary_k3_n5,fresh,O-ADD-WARM-PRUNED,3,producer_input,bounded_native_c_call_events,896
complementary_k3_n5,fresh,O-ADD-WARM-PRUNED,3,producer_input,current_request_bytes,1586
complementary_k3_n5,fresh,O-ADD-WARM-PRUNED,3,producer_input,observed_python_opcode_events,68100
complementary_k3_n5,fresh,O-ADD-WARM-PRUNED,3,producer_prune,bounded_native_c_call_events,9217
complementary_k3_n5,fresh,O-ADD-WARM-PRUNED,3,producer_prune,observed_python_opcode_events,343047
complementary_k3_n5,fresh,O-ADD-WARM-PRUNED,3,producer_storage,bounded_native_c_call_events,416
complementary_k3_n5,fresh,O-ADD-WARM-PRUNED,3,producer_storage,live_serialized_byte_periods,24273
complementary_k3_n5,fresh,O-ADD-WARM-PRUNED,3,producer_storage,observed_python_opcode_events,100191
complementary_k3_n5,fresh,O-ADD-WARM-PRUNED,3,receiver_check,bounded_native_c_call_events,6856
complementary_k3_n5,fresh,O-ADD-WARM-PRUNED,3,receiver_check,observed_python_opcode_events,381297
complementary_k3_n5,fresh,O-ADD-WARM-PRUNED,3,receiver_init,bounded_native_c_call_events,156
complementary_k3_n5,fresh,O-ADD-WARM-PRUNED,3,receiver_init,observed_python_opcode_events,34485
complementary_k3_n5,fresh,O-ADD-WARM-PRUNED,3,receiver_input,bounded_native_c_call_events,896
complementary_k3_n5,fresh,O-ADD-WARM-PRUNED,3,receiver_input,current_request_bytes,1586
complementary_k3_n5,fresh,O-ADD-WARM-PRUNED,3,receiver_input,observed_python_opcode_events,68100
complementary_k3_n5,fresh,O-ADD-WARM-PRUNED,3,receiver_input,proof_input_bytes,7359
complementary_k3_n5,fresh,O-ADD-WARM-PRUNED,3,receiver_storage,bounded_native_c_call_events,22
complementary_k3_n5,fresh,O-ADD-WARM-PRUNED,3,receiver_storage,live_serialized_byte_periods,26285
complementary_k3_n5,fresh,O-ADD-WARM-PRUNED,3,receiver_storage,observed_python_opcode_events,44449
complementary_k3_n5,fresh,O-ADD-WARM-PRUNED,3,request_encoding,bounded_native_c_call_events,930
complementary_k3_n5,fresh,O-ADD-WARM-PRUNED,3,request_encoding,observed_python_opcode_events,24372
complementary_k3_n5,fresh,O-ADD-WARM-PRUNED,3,terminal,bounded_native_c_call_events,563
complementary_k3_n5,fresh,O-ADD-WARM-PRUNED,3,terminal,candidate_publication_events,1
complementary_k3_n5,fresh,O-ADD-WARM-PRUNED,3,terminal,current_receipt_output_bytes,3389
complementary_k3_n5,fresh,O-ADD-WARM-PRUNED,3,terminal,delivery_events,1
complementary_k3_n5,fresh,O-ADD-WARM-PRUNED,3,terminal,observed_python_opcode_events,14470
complementary_k3_n5,fresh,O-ADD-WARM-PRUNED,4,coordination,bounded_native_c_call_events,10
complementary_k3_n5,fresh,O-ADD-WARM-PRUNED,4,coordination,observed_python_opcode_events,540
complementary_k3_n5,fresh,O-ADD-WARM-PRUNED,4,producer_build,bounded_native_c_call_events,4555
complementary_k3_n5,fresh,O-ADD-WARM-PRUNED,4,producer_build,observed_python_opcode_events,160009
complementary_k3_n5,fresh,O-ADD-WARM-PRUNED,4,producer_export,bounded_native_c_call_events,8
complementary_k3_n5,fresh,O-ADD-WARM-PRUNED,4,producer_export,observed_python_opcode_events,261
complementary_k3_n5,fresh,O-ADD-WARM-PRUNED,4,producer_export,proof_output_bytes,7782
complementary_k3_n5,fresh,O-ADD-WARM-PRUNED,4,producer_input,bounded_native_c_call_events,997
complementary_k3_n5,fresh,O-ADD-WARM-PRUNED,4,producer_input,current_request_bytes,1679
complementary_k3_n5,fresh,O-ADD-WARM-PRUNED,4,producer_input,observed_python_opcode_events,72759
complementary_k3_n5,fresh,O-ADD-WARM-PRUNED,4,producer_prune,bounded_native_c_call_events,10576
complementary_k3_n5,fresh,O-ADD-WARM-PRUNED,4,producer_prune,observed_python_opcode_events,394255
complementary_k3_n5,fresh,O-ADD-WARM-PRUNED,4,producer_storage,bounded_native_c_call_events,448
complementary_k3_n5,fresh,O-ADD-WARM-PRUNED,4,producer_storage,live_serialized_byte_periods,26843
complementary_k3_n5,fresh,O-ADD-WARM-PRUNED,4,producer_storage,observed_python_opcode_events,123071
complementary_k3_n5,fresh,O-ADD-WARM-PRUNED,4,receiver_check,bounded_native_c_call_events,7640
complementary_k3_n5,fresh,O-ADD-WARM-PRUNED,4,receiver_check,observed_python_opcode_events,414449
complementary_k3_n5,fresh,O-ADD-WARM-PRUNED,4,receiver_init,bounded_native_c_call_events,156
complementary_k3_n5,fresh,O-ADD-WARM-PRUNED,4,receiver_init,observed_python_opcode_events,34485
complementary_k3_n5,fresh,O-ADD-WARM-PRUNED,4,receiver_input,bounded_native_c_call_events,997
complementary_k3_n5,fresh,O-ADD-WARM-PRUNED,4,receiver_input,current_request_bytes,1679
complementary_k3_n5,fresh,O-ADD-WARM-PRUNED,4,receiver_input,observed_python_opcode_events,72759
complementary_k3_n5,fresh,O-ADD-WARM-PRUNED,4,receiver_input,proof_input_bytes,7782
complementary_k3_n5,fresh,O-ADD-WARM-PRUNED,4,receiver_storage,bounded_native_c_call_events,22
complementary_k3_n5,fresh,O-ADD-WARM-PRUNED,4,receiver_storage,live_serialized_byte_periods,27654
complementary_k3_n5,fresh,O-ADD-WARM-PRUNED,4,receiver_storage,observed_python_opcode_events,49790
complementary_k3_n5,fresh,O-ADD-WARM-PRUNED,4,request_encoding,bounded_native_c_call_events,1006
complementary_k3_n5,fresh,O-ADD-WARM-PRUNED,4,request_encoding,observed_python_opcode_events,26294
complementary_k3_n5,fresh,O-ADD-WARM-PRUNED,4,terminal,bounded_native_c_call_events,659
complementary_k3_n5,fresh,O-ADD-WARM-PRUNED,4,terminal,candidate_publication_events,1
complementary_k3_n5,fresh,O-ADD-WARM-PRUNED,4,terminal,current_receipt_output_bytes,3482
complementary_k3_n5,fresh,O-ADD-WARM-PRUNED,4,terminal,delivery_events,1
complementary_k3_n5,fresh,O-ADD-WARM-PRUNED,4,terminal,observed_python_opcode_events,16743
complementary_k3_n5,fresh,O-ADD-WARM-PRUNED,5,coordination,bounded_native_c_call_events,10
complementary_k3_n5,fresh,O-ADD-WARM-PRUNED,5,coordination,observed_python_opcode_events,540
complementary_k3_n5,fresh,O-ADD-WARM-PRUNED,5,producer_build,bounded_native_c_call_events,4396
complementary_k3_n5,fresh,O-ADD-WARM-PRUNED,5,producer_build,observed_python_opcode_events,158834
complementary_k3_n5,fresh,O-ADD-WARM-PRUNED,5,producer_export,bounded_native_c_call_events,8
complementary_k3_n5,fresh,O-ADD-WARM-PRUNED,5,producer_export,observed_python_opcode_events,261
complementary_k3_n5,fresh,O-ADD-WARM-PRUNED,5,producer_export,proof_output_bytes,7640
complementary_k3_n5,fresh,O-ADD-WARM-PRUNED,5,producer_input,bounded_native_c_call_events,993
complementary_k3_n5,fresh,O-ADD-WARM-PRUNED,5,producer_input,current_request_bytes,1683
complementary_k3_n5,fresh,O-ADD-WARM-PRUNED,5,producer_input,observed_python_opcode_events,72877
complementary_k3_n5,fresh,O-ADD-WARM-PRUNED,5,producer_prune,bounded_native_c_call_events,10791
complementary_k3_n5,fresh,O-ADD-WARM-PRUNED,5,producer_prune,observed_python_opcode_events,401546
complementary_k3_n5,fresh,O-ADD-WARM-PRUNED,5,producer_storage,bounded_native_c_call_events,474
complementary_k3_n5,fresh,O-ADD-WARM-PRUNED,5,producer_storage,live_serialized_byte_periods,28110
complementary_k3_n5,fresh,O-ADD-WARM-PRUNED,5,producer_storage,observed_python_opcode_events,139579
complementary_k3_n5,fresh,O-ADD-WARM-PRUNED,5,receiver_check,bounded_native_c_call_events,7286
complementary_k3_n5,fresh,O-ADD-WARM-PRUNED,5,receiver_check,observed_python_opcode_events,398493
complementary_k3_n5,fresh,O-ADD-WARM-PRUNED,5,receiver_init,bounded_native_c_call_events,156
complementary_k3_n5,fresh,O-ADD-WARM-PRUNED,5,receiver_init,observed_python_opcode_events,34485
complementary_k3_n5,fresh,O-ADD-WARM-PRUNED,5,receiver_input,bounded_native_c_call_events,993
complementary_k3_n5,fresh,O-ADD-WARM-PRUNED,5,receiver_input,current_request_bytes,1683
complementary_k3_n5,fresh,O-ADD-WARM-PRUNED,5,receiver_input,observed_python_opcode_events,72877
complementary_k3_n5,fresh,O-ADD-WARM-PRUNED,5,receiver_input,proof_input_bytes,7640
complementary_k3_n5,fresh,O-ADD-WARM-PRUNED,5,receiver_storage,bounded_native_c_call_events,22
complementary_k3_n5,fresh,O-ADD-WARM-PRUNED,5,receiver_storage,live_serialized_byte_periods,27241
complementary_k3_n5,fresh,O-ADD-WARM-PRUNED,5,receiver_storage,observed_python_opcode_events,46366
complementary_k3_n5,fresh,O-ADD-WARM-PRUNED,5,request_encoding,bounded_native_c_call_events,1006
complementary_k3_n5,fresh,O-ADD-WARM-PRUNED,5,request_encoding,observed_python_opcode_events,26316
complementary_k3_n5,fresh,O-ADD-WARM-PRUNED,5,terminal,bounded_native_c_call_events,631
complementary_k3_n5,fresh,O-ADD-WARM-PRUNED,5,terminal,candidate_publication_events,1
complementary_k3_n5,fresh,O-ADD-WARM-PRUNED,5,terminal,current_receipt_output_bytes,3486
complementary_k3_n5,fresh,O-ADD-WARM-PRUNED,5,terminal,delivery_events,1
complementary_k3_n5,fresh,O-ADD-WARM-PRUNED,5,terminal,observed_python_opcode_events,16067
complementary_k3_n5,fresh,O-ADD-WARM-PRUNED,6,coordination,bounded_native_c_call_events,10
complementary_k3_n5,fresh,O-ADD-WARM-PRUNED,6,coordination,observed_python_opcode_events,540
complementary_k3_n5,fresh,O-ADD-WARM-PRUNED,6,producer_build,bounded_native_c_call_events,5049
complementary_k3_n5,fresh,O-ADD-WARM-PRUNED,6,producer_build,observed_python_opcode_events,178399
complementary_k3_n5,fresh,O-ADD-WARM-PRUNED,6,producer_export,bounded_native_c_call_events,8
complementary_k3_n5,fresh,O-ADD-WARM-PRUNED,6,producer_export,observed_python_opcode_events,261
complementary_k3_n5,fresh,O-ADD-WARM-PRUNED,6,producer_export,proof_output_bytes,8198
complementary_k3_n5,fresh,O-ADD-WARM-PRUNED,6,producer_input,bounded_native_c_call_events,1054
complementary_k3_n5,fresh,O-ADD-WARM-PRUNED,6,producer_input,current_request_bytes,1710
complementary_k3_n5,fresh,O-ADD-WARM-PRUNED,6,producer_input,observed_python_opcode_events,74662
complementary_k3_n5,fresh,O-ADD-WARM-PRUNED,6,producer_prune,bounded_native_c_call_events,12099
complementary_k3_n5,fresh,O-ADD-WARM-PRUNED,6,producer_prune,observed_python_opcode_events,447030
complementary_k3_n5,fresh,O-ADD-WARM-PRUNED,6,producer_storage,bounded_native_c_call_events,594
complementary_k3_n5,fresh,O-ADD-WARM-PRUNED,6,producer_storage,live_serialized_byte_periods,30726
complementary_k3_n5,fresh,O-ADD-WARM-PRUNED,6,producer_storage,observed_python_opcode_events,157817
complementary_k3_n5,fresh,O-ADD-WARM-PRUNED,6,receiver_check,bounded_native_c_call_events,8039
complementary_k3_n5,fresh,O-ADD-WARM-PRUNED,6,receiver_check,observed_python_opcode_events,437195
complementary_k3_n5,fresh,O-ADD-WARM-PRUNED,6,receiver_init,bounded_native_c_call_events,156
complementary_k3_n5,fresh,O-ADD-WARM-PRUNED,6,receiver_init,observed_python_opcode_events,34485
complementary_k3_n5,fresh,O-ADD-WARM-PRUNED,6,receiver_input,bounded_native_c_call_events,1054
complementary_k3_n5,fresh,O-ADD-WARM-PRUNED,6,receiver_input,current_request_bytes,1710
complementary_k3_n5,fresh,O-ADD-WARM-PRUNED,6,receiver_input,observed_python_opcode_events,74662
complementary_k3_n5,fresh,O-ADD-WARM-PRUNED,6,receiver_input,proof_input_bytes,8198
complementary_k3_n5,fresh,O-ADD-WARM-PRUNED,6,receiver_storage,bounded_native_c_call_events,22
complementary_k3_n5,fresh,O-ADD-WARM-PRUNED,6,receiver_storage,live_serialized_byte_periods,28817
complementary_k3_n5,fresh,O-ADD-WARM-PRUNED,6,receiver_storage,observed_python_opcode_events,52158
complementary_k3_n5,fresh,O-ADD-WARM-PRUNED,6,request_encoding,bounded_native_c_call_events,1047
complementary_k3_n5,fresh,O-ADD-WARM-PRUNED,6,request_encoding,observed_python_opcode_events,27222
complementary_k3_n5,fresh,O-ADD-WARM-PRUNED,6,terminal,bounded_native_c_call_events,652
complementary_k3_n5,fresh,O-ADD-WARM-PRUNED,6,terminal,candidate_publication_events,1
complementary_k3_n5,fresh,O-ADD-WARM-PRUNED,6,terminal,current_receipt_output_bytes,3513
complementary_k3_n5,fresh,O-ADD-WARM-PRUNED,6,terminal,delivery_events,1
complementary_k3_n5,fresh,O-ADD-WARM-PRUNED,6,terminal,observed_python_opcode_events,16564
complementary_k3_n5,fresh,O-ENUM-RECEIVER,1,common_source,bounded_native_c_call_events,457
complementary_k3_n5,fresh,O-ENUM-RECEIVER,1,common_source,observed_python_opcode_events,40257
complementary_k3_n5,fresh,O-ENUM-RECEIVER,1,common_source,source_hash_bytes_prepaid,220827
complementary_k3_n5,fresh,O-ENUM-RECEIVER,1,common_source,source_length_probe_bytes_prepaid,10
complementary_k3_n5,fresh,O-ENUM-RECEIVER,1,common_source,source_program_bytes_prepaid,220827
complementary_k3_n5,fresh,O-ENUM-RECEIVER,1,common_source,source_record_bytes,1487
complementary_k3_n5,fresh,O-ENUM-RECEIVER,1,coordination,bounded_native_c_call_events,10
complementary_k3_n5,fresh,O-ENUM-RECEIVER,1,coordination,observed_python_opcode_events,431
complementary_k3_n5,fresh,O-ENUM-RECEIVER,1,producer_storage,bounded_native_c_call_events,10
complementary_k3_n5,fresh,O-ENUM-RECEIVER,1,producer_storage,live_serialized_byte_periods,1866
complementary_k3_n5,fresh,O-ENUM-RECEIVER,1,producer_storage,observed_python_opcode_events,877
complementary_k3_n5,fresh,O-ENUM-RECEIVER,1,receiver_check,bounded_native_c_call_events,5036
complementary_k3_n5,fresh,O-ENUM-RECEIVER,1,receiver_check,observed_python_opcode_events,124252
complementary_k3_n5,fresh,O-ENUM-RECEIVER,1,receiver_input,bounded_native_c_call_events,869
complementary_k3_n5,fresh,O-ENUM-RECEIVER,1,receiver_input,current_request_bytes,1558
complementary_k3_n5,fresh,O-ENUM-RECEIVER,1,receiver_input,observed_python_opcode_events,66511
complementary_k3_n5,fresh,O-ENUM-RECEIVER,1,receiver_storage,bounded_native_c_call_events,12
complementary_k3_n5,fresh,O-ENUM-RECEIVER,1,receiver_storage,live_serialized_byte_periods,7723
complementary_k3_n5,fresh,O-ENUM-RECEIVER,1,receiver_storage,observed_python_opcode_events,680
complementary_k3_n5,fresh,O-ENUM-RECEIVER,1,request_encoding,bounded_native_c_call_events,894
complementary_k3_n5,fresh,O-ENUM-RECEIVER,1,request_encoding,observed_python_opcode_events,23553
complementary_k3_n5,fresh,O-ENUM-RECEIVER,1,terminal,bounded_native_c_call_events,555
complementary_k3_n5,fresh,O-ENUM-RECEIVER,1,terminal,candidate_publication_events,1
complementary_k3_n5,fresh,O-ENUM-RECEIVER,1,terminal,current_receipt_output_bytes,3361
complementary_k3_n5,fresh,O-ENUM-RECEIVER,1,terminal,delivery_events,1
complementary_k3_n5,fresh,O-ENUM-RECEIVER,1,terminal,observed_python_opcode_events,14240
complementary_k3_n5,fresh,O-ENUM-RECEIVER,2,coordination,bounded_native_c_call_events,10
complementary_k3_n5,fresh,O-ENUM-RECEIVER,2,coordination,observed_python_opcode_events,410
complementary_k3_n5,fresh,O-ENUM-RECEIVER,2,producer_storage,bounded_native_c_call_events,10
complementary_k3_n5,fresh,O-ENUM-RECEIVER,2,producer_storage,live_serialized_byte_periods,1866
complementary_k3_n5,fresh,O-ENUM-RECEIVER,2,producer_storage,observed_python_opcode_events,877
complementary_k3_n5,fresh,O-ENUM-RECEIVER,2,receiver_check,bounded_native_c_call_events,4271
complementary_k3_n5,fresh,O-ENUM-RECEIVER,2,receiver_check,observed_python_opcode_events,107833
complementary_k3_n5,fresh,O-ENUM-RECEIVER,2,receiver_input,bounded_native_c_call_events,898
complementary_k3_n5,fresh,O-ENUM-RECEIVER,2,receiver_input,current_request_bytes,1580
complementary_k3_n5,fresh,O-ENUM-RECEIVER,2,receiver_input,observed_python_opcode_events,67926
complementary_k3_n5,fresh,O-ENUM-RECEIVER,2,receiver_storage,bounded_native_c_call_events,12
complementary_k3_n5,fresh,O-ENUM-RECEIVER,2,receiver_storage,live_serialized_byte_periods,7783
complementary_k3_n5,fresh,O-ENUM-RECEIVER,2,receiver_storage,observed_python_opcode_events,680
complementary_k3_n5,fresh,O-ENUM-RECEIVER,2,request_encoding,bounded_native_c_call_events,930
complementary_k3_n5,fresh,O-ENUM-RECEIVER,2,request_encoding,observed_python_opcode_events,24363
complementary_k3_n5,fresh,O-ENUM-RECEIVER,2,terminal,bounded_native_c_call_events,587
complementary_k3_n5,fresh,O-ENUM-RECEIVER,2,terminal,candidate_publication_events,1
complementary_k3_n5,fresh,O-ENUM-RECEIVER,2,terminal,current_receipt_output_bytes,3383
complementary_k3_n5,fresh,O-ENUM-RECEIVER,2,terminal,delivery_events,1
complementary_k3_n5,fresh,O-ENUM-RECEIVER,2,terminal,observed_python_opcode_events,14984
complementary_k3_n5,fresh,O-ENUM-RECEIVER,3,coordination,bounded_native_c_call_events,10
complementary_k3_n5,fresh,O-ENUM-RECEIVER,3,coordination,observed_python_opcode_events,410
complementary_k3_n5,fresh,O-ENUM-RECEIVER,3,producer_storage,bounded_native_c_call_events,10
complementary_k3_n5,fresh,O-ENUM-RECEIVER,3,producer_storage,live_serialized_byte_periods,1866
complementary_k3_n5,fresh,O-ENUM-RECEIVER,3,producer_storage,observed_python_opcode_events,877
complementary_k3_n5,fresh,O-ENUM-RECEIVER,3,receiver_check,bounded_native_c_call_events,3859
complementary_k3_n5,fresh,O-ENUM-RECEIVER,3,receiver_check,observed_python_opcode_events,98283
complementary_k3_n5,fresh,O-ENUM-RECEIVER,3,receiver_input,bounded_native_c_call_events,896
complementary_k3_n5,fresh,O-ENUM-RECEIVER,3,receiver_input,current_request_bytes,1586
complementary_k3_n5,fresh,O-ENUM-RECEIVER,3,receiver_input,observed_python_opcode_events,68099
complementary_k3_n5,fresh,O-ENUM-RECEIVER,3,receiver_storage,bounded_native_c_call_events,12
complementary_k3_n5,fresh,O-ENUM-RECEIVER,3,receiver_storage,live_serialized_byte_periods,7795
complementary_k3_n5,fresh,O-ENUM-RECEIVER,3,receiver_storage,observed_python_opcode_events,680
complementary_k3_n5,fresh,O-ENUM-RECEIVER,3,request_encoding,bounded_native_c_call_events,930
complementary_k3_n5,fresh,O-ENUM-RECEIVER,3,request_encoding,observed_python_opcode_events,24371
complementary_k3_n5,fresh,O-ENUM-RECEIVER,3,terminal,bounded_native_c_call_events,563
complementary_k3_n5,fresh,O-ENUM-RECEIVER,3,terminal,candidate_publication_events,1
complementary_k3_n5,fresh,O-ENUM-RECEIVER,3,terminal,current_receipt_output_bytes,3389
complementary_k3_n5,fresh,O-ENUM-RECEIVER,3,terminal,delivery_events,1
complementary_k3_n5,fresh,O-ENUM-RECEIVER,3,terminal,observed_python_opcode_events,14468
complementary_k3_n5,fresh,O-ENUM-RECEIVER,4,coordination,bounded_native_c_call_events,10
complementary_k3_n5,fresh,O-ENUM-RECEIVER,4,coordination,observed_python_opcode_events,410
complementary_k3_n5,fresh,O-ENUM-RECEIVER,4,producer_storage,bounded_native_c_call_events,10
complementary_k3_n5,fresh,O-ENUM-RECEIVER,4,producer_storage,live_serialized_byte_periods,1866
complementary_k3_n5,fresh,O-ENUM-RECEIVER,4,producer_storage,observed_python_opcode_events,877
complementary_k3_n5,fresh,O-ENUM-RECEIVER,4,receiver_check,bounded_native_c_call_events,4128
complementary_k3_n5,fresh,O-ENUM-RECEIVER,4,receiver_check,observed_python_opcode_events,104932
complementary_k3_n5,fresh,O-ENUM-RECEIVER,4,receiver_input,bounded_native_c_call_events,997
complementary_k3_n5,fresh,O-ENUM-RECEIVER,4,receiver_input,current_request_bytes,1679
complementary_k3_n5,fresh,O-ENUM-RECEIVER,4,receiver_input,observed_python_opcode_events,72758
complementary_k3_n5,fresh,O-ENUM-RECEIVER,4,receiver_storage,bounded_native_c_call_events,12
complementary_k3_n5,fresh,O-ENUM-RECEIVER,4,receiver_storage,live_serialized_byte_periods,8053
complementary_k3_n5,fresh,O-ENUM-RECEIVER,4,receiver_storage,observed_python_opcode_events,680
complementary_k3_n5,fresh,O-ENUM-RECEIVER,4,request_encoding,bounded_native_c_call_events,1006
complementary_k3_n5,fresh,O-ENUM-RECEIVER,4,request_encoding,observed_python_opcode_events,26293
complementary_k3_n5,fresh,O-ENUM-RECEIVER,4,terminal,bounded_native_c_call_events,659
complementary_k3_n5,fresh,O-ENUM-RECEIVER,4,terminal,candidate_publication_events,1
complementary_k3_n5,fresh,O-ENUM-RECEIVER,4,terminal,current_receipt_output_bytes,3482
complementary_k3_n5,fresh,O-ENUM-RECEIVER,4,terminal,delivery_events,1
complementary_k3_n5,fresh,O-ENUM-RECEIVER,4,terminal,observed_python_opcode_events,16741
complementary_k3_n5,fresh,O-ENUM-RECEIVER,5,coordination,bounded_native_c_call_events,10
complementary_k3_n5,fresh,O-ENUM-RECEIVER,5,coordination,observed_python_opcode_events,410
complementary_k3_n5,fresh,O-ENUM-RECEIVER,5,producer_storage,bounded_native_c_call_events,10
complementary_k3_n5,fresh,O-ENUM-RECEIVER,5,producer_storage,live_serialized_byte_periods,1866
complementary_k3_n5,fresh,O-ENUM-RECEIVER,5,producer_storage,observed_python_opcode_events,877
complementary_k3_n5,fresh,O-ENUM-RECEIVER,5,receiver_check,bounded_native_c_call_events,5004
complementary_k3_n5,fresh,O-ENUM-RECEIVER,5,receiver_check,observed_python_opcode_events,124735
complementary_k3_n5,fresh,O-ENUM-RECEIVER,5,receiver_input,bounded_native_c_call_events,993
complementary_k3_n5,fresh,O-ENUM-RECEIVER,5,receiver_input,current_request_bytes,1683
complementary_k3_n5,fresh,O-ENUM-RECEIVER,5,receiver_input,observed_python_opcode_events,72876
complementary_k3_n5,fresh,O-ENUM-RECEIVER,5,receiver_storage,bounded_native_c_call_events,12
complementary_k3_n5,fresh,O-ENUM-RECEIVER,5,receiver_storage,live_serialized_byte_periods,8061
complementary_k3_n5,fresh,O-ENUM-RECEIVER,5,receiver_storage,observed_python_opcode_events,680
complementary_k3_n5,fresh,O-ENUM-RECEIVER,5,request_encoding,bounded_native_c_call_events,1006
complementary_k3_n5,fresh,O-ENUM-RECEIVER,5,request_encoding,observed_python_opcode_events,26315
complementary_k3_n5,fresh,O-ENUM-RECEIVER,5,terminal,bounded_native_c_call_events,631
complementary_k3_n5,fresh,O-ENUM-RECEIVER,5,terminal,candidate_publication_events,1
complementary_k3_n5,fresh,O-ENUM-RECEIVER,5,terminal,current_receipt_output_bytes,3486
complementary_k3_n5,fresh,O-ENUM-RECEIVER,5,terminal,delivery_events,1
complementary_k3_n5,fresh,O-ENUM-RECEIVER,5,terminal,observed_python_opcode_events,16065
complementary_k3_n5,fresh,O-ENUM-RECEIVER,6,coordination,bounded_native_c_call_events,10
complementary_k3_n5,fresh,O-ENUM-RECEIVER,6,coordination,observed_python_opcode_events,410
complementary_k3_n5,fresh,O-ENUM-RECEIVER,6,producer_storage,bounded_native_c_call_events,10
complementary_k3_n5,fresh,O-ENUM-RECEIVER,6,producer_storage,live_serialized_byte_periods,1866
complementary_k3_n5,fresh,O-ENUM-RECEIVER,6,producer_storage,observed_python_opcode_events,877
complementary_k3_n5,fresh,O-ENUM-RECEIVER,6,receiver_check,bounded_native_c_call_events,4084
complementary_k3_n5,fresh,O-ENUM-RECEIVER,6,receiver_check,observed_python_opcode_events,103406
complementary_k3_n5,fresh,O-ENUM-RECEIVER,6,receiver_input,bounded_native_c_call_events,1054
complementary_k3_n5,fresh,O-ENUM-RECEIVER,6,receiver_input,current_request_bytes,1710
complementary_k3_n5,fresh,O-ENUM-RECEIVER,6,receiver_input,observed_python_opcode_events,74661
complementary_k3_n5,fresh,O-ENUM-RECEIVER,6,receiver_storage,bounded_native_c_call_events,12
complementary_k3_n5,fresh,O-ENUM-RECEIVER,6,receiver_storage,live_serialized_byte_periods,8139
complementary_k3_n5,fresh,O-ENUM-RECEIVER,6,receiver_storage,observed_python_opcode_events,680
complementary_k3_n5,fresh,O-ENUM-RECEIVER,6,request_encoding,bounded_native_c_call_events,1047
complementary_k3_n5,fresh,O-ENUM-RECEIVER,6,request_encoding,observed_python_opcode_events,27221
complementary_k3_n5,fresh,O-ENUM-RECEIVER,6,terminal,bounded_native_c_call_events,652
complementary_k3_n5,fresh,O-ENUM-RECEIVER,6,terminal,candidate_publication_events,1
complementary_k3_n5,fresh,O-ENUM-RECEIVER,6,terminal,current_receipt_output_bytes,3513
complementary_k3_n5,fresh,O-ENUM-RECEIVER,6,terminal,delivery_events,1
complementary_k3_n5,fresh,O-ENUM-RECEIVER,6,terminal,observed_python_opcode_events,16562
complementary_k3_n5,fresh,P-REUSE,1,common_source,bounded_native_c_call_events,457
complementary_k3_n5,fresh,P-REUSE,1,common_source,observed_python_opcode_events,40257
complementary_k3_n5,fresh,P-REUSE,1,common_source,source_hash_bytes_prepaid,220827
complementary_k3_n5,fresh,P-REUSE,1,common_source,source_length_probe_bytes_prepaid,10
complementary_k3_n5,fresh,P-REUSE,1,common_source,source_program_bytes_prepaid,220827
complementary_k3_n5,fresh,P-REUSE,1,common_source,source_record_bytes,1487
complementary_k3_n5,fresh,P-REUSE,1,coordination,bounded_native_c_call_events,19
complementary_k3_n5,fresh,P-REUSE,1,coordination,observed_python_opcode_events,1467
complementary_k3_n5,fresh,P-REUSE,1,producer_build,bounded_native_c_call_events,13052
complementary_k3_n5,fresh,P-REUSE,1,producer_build,observed_python_opcode_events,283617
complementary_k3_n5,fresh,P-REUSE,1,producer_export,bounded_native_c_call_events,11
complementary_k3_n5,fresh,P-REUSE,1,producer_export,observed_python_opcode_events,3267
complementary_k3_n5,fresh,P-REUSE,1,producer_export,proof_output_bytes,4273
complementary_k3_n5,fresh,P-REUSE,1,producer_init,observed_python_opcode_events,4
complementary_k3_n5,fresh,P-REUSE,1,producer_input,bounded_native_c_call_events,869
complementary_k3_n5,fresh,P-REUSE,1,producer_input,current_request_bytes,1558
complementary_k3_n5,fresh,P-REUSE,1,producer_input,observed_python_opcode_events,66511
complementary_k3_n5,fresh,P-REUSE,1,producer_old_admission,bounded_native_c_call_events,6304
complementary_k3_n5,fresh,P-REUSE,1,producer_old_admission,observed_python_opcode_events,151787
complementary_k3_n5,fresh,P-REUSE,1,producer_old_build,bounded_native_c_call_events,11936
complementary_k3_n5,fresh,P-REUSE,1,producer_old_build,observed_python_opcode_events,281588
complementary_k3_n5,fresh,P-REUSE,1,producer_old_export,bounded_native_c_call_events,406
complementary_k3_n5,fresh,P-REUSE,1,producer_old_export,observed_python_opcode_events,15612
complementary_k3_n5,fresh,P-REUSE,1,producer_old_export,old_proof_output_bytes,3049
complementary_k3_n5,fresh,P-REUSE,1,producer_old_input,bounded_native_c_call_events,2099
complementary_k3_n5,fresh,P-REUSE,1,producer_old_input,observed_python_opcode_events,131028
complementary_k3_n5,fresh,P-REUSE,1,producer_old_input,old_request_bytes,2615
complementary_k3_n5,fresh,P-REUSE,1,producer_storage,bounded_native_c_call_events,1427
complementary_k3_n5,fresh,P-REUSE,1,producer_storage,live_serialized_byte_periods,40140
complementary_k3_n5,fresh,P-REUSE,1,producer_storage,observed_python_opcode_events,41622
complementary_k3_n5,fresh,P-REUSE,1,receiver_check,bounded_native_c_call_events,5305
complementary_k3_n5,fresh,P-REUSE,1,receiver_check,observed_python_opcode_events,120306
complementary_k3_n5,fresh,P-REUSE,1,receiver_import,bounded_native_c_call_events,123
complementary_k3_n5,fresh,P-REUSE,1,receiver_import,observed_python_opcode_events,64830
complementary_k3_n5,fresh,P-REUSE,1,receiver_init,observed_python_opcode_events,4
complementary_k3_n5,fresh,P-REUSE,1,receiver_input,bounded_native_c_call_events,869
complementary_k3_n5,fresh,P-REUSE,1,receiver_input,current_request_bytes,1558
complementary_k3_n5,fresh,P-REUSE,1,receiver_input,observed_python_opcode_events,66511
complementary_k3_n5,fresh,P-REUSE,1,receiver_input,proof_input_bytes,4273
complementary_k3_n5,fresh,P-REUSE,1,receiver_old_check,bounded_native_c_call_events,6304
complementary_k3_n5,fresh,P-REUSE,1,receiver_old_check,observed_python_opcode_events,151785
complementary_k3_n5,fresh,P-REUSE,1,receiver_old_import,bounded_native_c_call_events,1110
complementary_k3_n5,fresh,P-REUSE,1,receiver_old_import,observed_python_opcode_events,112029
complementary_k3_n5,fresh,P-REUSE,1,receiver_old_input,bounded_native_c_call_events,2099
complementary_k3_n5,fresh,P-REUSE,1,receiver_old_input,observed_python_opcode_events,131028
complementary_k3_n5,fresh,P-REUSE,1,receiver_old_input,old_proof_input_bytes,3049
complementary_k3_n5,fresh,P-REUSE,1,receiver_old_input,old_request_bytes,2615
complementary_k3_n5,fresh,P-REUSE,1,receiver_storage,bounded_native_c_call_events,1035
complementary_k3_n5,fresh,P-REUSE,1,receiver_storage,live_serialized_byte_periods,26252
complementary_k3_n5,fresh,P-REUSE,1,receiver_storage,observed_python_opcode_events,29504
complementary_k3_n5,fresh,P-REUSE,1,request_encoding,bounded_native_c_call_events,894
complementary_k3_n5,fresh,P-REUSE,1,request_encoding,observed_python_opcode_events,23553
complementary_k3_n5,fresh,P-REUSE,1,terminal,bounded_native_c_call_events,555
complementary_k3_n5,fresh,P-REUSE,1,terminal,candidate_publication_events,1
complementary_k3_n5,fresh,P-REUSE,1,terminal,current_receipt_output_bytes,3361
complementary_k3_n5,fresh,P-REUSE,1,terminal,delivery_events,1
complementary_k3_n5,fresh,P-REUSE,1,terminal,observed_python_opcode_events,14240
complementary_k3_n5,fresh,P-REUSE,2,coordination,bounded_native_c_call_events,12
complementary_k3_n5,fresh,P-REUSE,2,coordination,observed_python_opcode_events,976
complementary_k3_n5,fresh,P-REUSE,2,producer_build,bounded_native_c_call_events,13885
complementary_k3_n5,fresh,P-REUSE,2,producer_build,observed_python_opcode_events,298765
complementary_k3_n5,fresh,P-REUSE,2,producer_export,bounded_native_c_call_events,11
complementary_k3_n5,fresh,P-REUSE,2,producer_export,observed_python_opcode_events,3267
complementary_k3_n5,fresh,P-REUSE,2,producer_export,proof_output_bytes,4295
complementary_k3_n5,fresh,P-REUSE,2,producer_input,bounded_native_c_call_events,898
complementary_k3_n5,fresh,P-REUSE,2,producer_input,current_request_bytes,1580
complementary_k3_n5,fresh,P-REUSE,2,producer_input,observed_python_opcode_events,67926
complementary_k3_n5,fresh,P-REUSE,2,producer_storage,bounded_native_c_call_events,801
complementary_k3_n5,fresh,P-REUSE,2,producer_storage,live_serialized_byte_periods,20187
complementary_k3_n5,fresh,P-REUSE,2,producer_storage,observed_python_opcode_events,23521
complementary_k3_n5,fresh,P-REUSE,2,receiver_check,bounded_native_c_call_events,5670
complementary_k3_n5,fresh,P-REUSE,2,receiver_check,observed_python_opcode_events,126625
complementary_k3_n5,fresh,P-REUSE,2,receiver_import,bounded_native_c_call_events,123
complementary_k3_n5,fresh,P-REUSE,2,receiver_import,observed_python_opcode_events,65128
complementary_k3_n5,fresh,P-REUSE,2,receiver_init,observed_python_opcode_events,4
complementary_k3_n5,fresh,P-REUSE,2,receiver_input,bounded_native_c_call_events,898
complementary_k3_n5,fresh,P-REUSE,2,receiver_input,current_request_bytes,1580
complementary_k3_n5,fresh,P-REUSE,2,receiver_input,observed_python_opcode_events,67926
complementary_k3_n5,fresh,P-REUSE,2,receiver_input,proof_input_bytes,4295
complementary_k3_n5,fresh,P-REUSE,2,receiver_old_check,bounded_native_c_call_events,6304
complementary_k3_n5,fresh,P-REUSE,2,receiver_old_check,observed_python_opcode_events,151785
complementary_k3_n5,fresh,P-REUSE,2,receiver_old_import,bounded_native_c_call_events,1110
complementary_k3_n5,fresh,P-REUSE,2,receiver_old_import,observed_python_opcode_events,112029
complementary_k3_n5,fresh,P-REUSE,2,receiver_old_input,bounded_native_c_call_events,2099
complementary_k3_n5,fresh,P-REUSE,2,receiver_old_input,observed_python_opcode_events,131028
complementary_k3_n5,fresh,P-REUSE,2,receiver_old_input,old_proof_input_bytes,3049
complementary_k3_n5,fresh,P-REUSE,2,receiver_old_input,old_request_bytes,2615
complementary_k3_n5,fresh,P-REUSE,2,receiver_storage,bounded_native_c_call_events,1035
complementary_k3_n5,fresh,P-REUSE,2,receiver_storage,live_serialized_byte_periods,26342
complementary_k3_n5,fresh,P-REUSE,2,receiver_storage,observed_python_opcode_events,29504
complementary_k3_n5,fresh,P-REUSE,2,request_encoding,bounded_native_c_call_events,930
complementary_k3_n5,fresh,P-REUSE,2,request_encoding,observed_python_opcode_events,24363
complementary_k3_n5,fresh,P-REUSE,2,terminal,bounded_native_c_call_events,587
complementary_k3_n5,fresh,P-REUSE,2,terminal,candidate_publication_events,1
complementary_k3_n5,fresh,P-REUSE,2,terminal,current_receipt_output_bytes,3383
complementary_k3_n5,fresh,P-REUSE,2,terminal,delivery_events,1
complementary_k3_n5,fresh,P-REUSE,2,terminal,observed_python_opcode_events,14984
complementary_k3_n5,fresh,P-REUSE,3,coordination,bounded_native_c_call_events,12
complementary_k3_n5,fresh,P-REUSE,3,coordination,observed_python_opcode_events,976
complementary_k3_n5,fresh,P-REUSE,3,producer_build,bounded_native_c_call_events,13905
complementary_k3_n5,fresh,P-REUSE,3,producer_build,observed_python_opcode_events,298893
complementary_k3_n5,fresh,P-REUSE,3,producer_export,bounded_native_c_call_events,11
complementary_k3_n5,fresh,P-REUSE,3,producer_export,observed_python_opcode_events,3267
complementary_k3_n5,fresh,P-REUSE,3,producer_export,proof_output_bytes,4301
complementary_k3_n5,fresh,P-REUSE,3,producer_input,bounded_native_c_call_events,896
complementary_k3_n5,fresh,P-REUSE,3,producer_input,current_request_bytes,1586
complementary_k3_n5,fresh,P-REUSE,3,producer_input,observed_python_opcode_events,68099
complementary_k3_n5,fresh,P-REUSE,3,producer_storage,bounded_native_c_call_events,801
complementary_k3_n5,fresh,P-REUSE,3,producer_storage,live_serialized_byte_periods,20199
complementary_k3_n5,fresh,P-REUSE,3,producer_storage,observed_python_opcode_events,23521
complementary_k3_n5,fresh,P-REUSE,3,receiver_check,bounded_native_c_call_events,5637
complementary_k3_n5,fresh,P-REUSE,3,receiver_check,observed_python_opcode_events,125845
complementary_k3_n5,fresh,P-REUSE,3,receiver_import,bounded_native_c_call_events,123
complementary_k3_n5,fresh,P-REUSE,3,receiver_import,observed_python_opcode_events,65218
complementary_k3_n5,fresh,P-REUSE,3,receiver_init,observed_python_opcode_events,4
complementary_k3_n5,fresh,P-REUSE,3,receiver_input,bounded_native_c_call_events,896
complementary_k3_n5,fresh,P-REUSE,3,receiver_input,current_request_bytes,1586
complementary_k3_n5,fresh,P-REUSE,3,receiver_input,observed_python_opcode_events,68099
complementary_k3_n5,fresh,P-REUSE,3,receiver_input,proof_input_bytes,4301
complementary_k3_n5,fresh,P-REUSE,3,receiver_old_check,bounded_native_c_call_events,6304
complementary_k3_n5,fresh,P-REUSE,3,receiver_old_check,observed_python_opcode_events,151785
complementary_k3_n5,fresh,P-REUSE,3,receiver_old_import,bounded_native_c_call_events,1110
complementary_k3_n5,fresh,P-REUSE,3,receiver_old_import,observed_python_opcode_events,112029
complementary_k3_n5,fresh,P-REUSE,3,receiver_old_input,bounded_native_c_call_events,2099
complementary_k3_n5,fresh,P-REUSE,3,receiver_old_input,observed_python_opcode_events,131028
complementary_k3_n5,fresh,P-REUSE,3,receiver_old_input,old_proof_input_bytes,3049
complementary_k3_n5,fresh,P-REUSE,3,receiver_old_input,old_request_bytes,2615
complementary_k3_n5,fresh,P-REUSE,3,receiver_storage,bounded_native_c_call_events,1035
complementary_k3_n5,fresh,P-REUSE,3,receiver_storage,live_serialized_byte_periods,26360
complementary_k3_n5,fresh,P-REUSE,3,receiver_storage,observed_python_opcode_events,29504
complementary_k3_n5,fresh,P-REUSE,3,request_encoding,bounded_native_c_call_events,930
complementary_k3_n5,fresh,P-REUSE,3,request_encoding,observed_python_opcode_events,24371
complementary_k3_n5,fresh,P-REUSE,3,terminal,bounded_native_c_call_events,563
complementary_k3_n5,fresh,P-REUSE,3,terminal,candidate_publication_events,1
complementary_k3_n5,fresh,P-REUSE,3,terminal,current_receipt_output_bytes,3389
complementary_k3_n5,fresh,P-REUSE,3,terminal,delivery_events,1
complementary_k3_n5,fresh,P-REUSE,3,terminal,observed_python_opcode_events,14468
complementary_k3_n5,fresh,P-REUSE,4,coordination,bounded_native_c_call_events,12
complementary_k3_n5,fresh,P-REUSE,4,coordination,observed_python_opcode_events,976
complementary_k3_n5,fresh,P-REUSE,4,producer_build,bounded_native_c_call_events,15342
complementary_k3_n5,fresh,P-REUSE,4,producer_build,observed_python_opcode_events,327576
complementary_k3_n5,fresh,P-REUSE,4,producer_export,bounded_native_c_call_events,11
complementary_k3_n5,fresh,P-REUSE,4,producer_export,observed_python_opcode_events,3267
complementary_k3_n5,fresh,P-REUSE,4,producer_export,proof_output_bytes,4394
complementary_k3_n5,fresh,P-REUSE,4,producer_input,bounded_native_c_call_events,997
complementary_k3_n5,fresh,P-REUSE,4,producer_input,current_request_bytes,1679
complementary_k3_n5,fresh,P-REUSE,4,producer_input,observed_python_opcode_events,72758
complementary_k3_n5,fresh,P-REUSE,4,producer_storage,bounded_native_c_call_events,801
complementary_k3_n5,fresh,P-REUSE,4,producer_storage,live_serialized_byte_periods,20457
complementary_k3_n5,fresh,P-REUSE,4,producer_storage,observed_python_opcode_events,23521
complementary_k3_n5,fresh,P-REUSE,4,receiver_check,bounded_native_c_call_events,6141
complementary_k3_n5,fresh,P-REUSE,4,receiver_check,observed_python_opcode_events,135718
complementary_k3_n5,fresh,P-REUSE,4,receiver_import,bounded_native_c_call_events,123
complementary_k3_n5,fresh,P-REUSE,4,receiver_import,observed_python_opcode_events,66469
complementary_k3_n5,fresh,P-REUSE,4,receiver_init,observed_python_opcode_events,4
complementary_k3_n5,fresh,P-REUSE,4,receiver_input,bounded_native_c_call_events,997
complementary_k3_n5,fresh,P-REUSE,4,receiver_input,current_request_bytes,1679
complementary_k3_n5,fresh,P-REUSE,4,receiver_input,observed_python_opcode_events,72758
complementary_k3_n5,fresh,P-REUSE,4,receiver_input,proof_input_bytes,4394
complementary_k3_n5,fresh,P-REUSE,4,receiver_old_check,bounded_native_c_call_events,6304
complementary_k3_n5,fresh,P-REUSE,4,receiver_old_check,observed_python_opcode_events,151785
complementary_k3_n5,fresh,P-REUSE,4,receiver_old_import,bounded_native_c_call_events,1110
complementary_k3_n5,fresh,P-REUSE,4,receiver_old_import,observed_python_opcode_events,112029
complementary_k3_n5,fresh,P-REUSE,4,receiver_old_input,bounded_native_c_call_events,2099
complementary_k3_n5,fresh,P-REUSE,4,receiver_old_input,observed_python_opcode_events,131028
complementary_k3_n5,fresh,P-REUSE,4,receiver_old_input,old_proof_input_bytes,3049
complementary_k3_n5,fresh,P-REUSE,4,receiver_old_input,old_request_bytes,2615
complementary_k3_n5,fresh,P-REUSE,4,receiver_storage,bounded_native_c_call_events,1035
complementary_k3_n5,fresh,P-REUSE,4,receiver_storage,live_serialized_byte_periods,26747
complementary_k3_n5,fresh,P-REUSE,4,receiver_storage,observed_python_opcode_events,29504
complementary_k3_n5,fresh,P-REUSE,4,request_encoding,bounded_native_c_call_events,1006
complementary_k3_n5,fresh,P-REUSE,4,request_encoding,observed_python_opcode_events,26293
complementary_k3_n5,fresh,P-REUSE,4,terminal,bounded_native_c_call_events,659
complementary_k3_n5,fresh,P-REUSE,4,terminal,candidate_publication_events,1
complementary_k3_n5,fresh,P-REUSE,4,terminal,current_receipt_output_bytes,3482
complementary_k3_n5,fresh,P-REUSE,4,terminal,delivery_events,1
complementary_k3_n5,fresh,P-REUSE,4,terminal,observed_python_opcode_events,16741
complementary_k3_n5,fresh,P-REUSE,5,coordination,bounded_native_c_call_events,12
complementary_k3_n5,fresh,P-REUSE,5,coordination,observed_python_opcode_events,976
complementary_k3_n5,fresh,P-REUSE,5,producer_build,bounded_native_c_call_events,15203
complementary_k3_n5,fresh,P-REUSE,5,producer_build,observed_python_opcode_events,326837
complementary_k3_n5,fresh,P-REUSE,5,producer_export,bounded_native_c_call_events,11
complementary_k3_n5,fresh,P-REUSE,5,producer_export,observed_python_opcode_events,3267
complementary_k3_n5,fresh,P-REUSE,5,producer_export,proof_output_bytes,4398
complementary_k3_n5,fresh,P-REUSE,5,producer_input,bounded_native_c_call_events,993
complementary_k3_n5,fresh,P-REUSE,5,producer_input,current_request_bytes,1683
complementary_k3_n5,fresh,P-REUSE,5,producer_input,observed_python_opcode_events,72876
complementary_k3_n5,fresh,P-REUSE,5,producer_storage,bounded_native_c_call_events,801
complementary_k3_n5,fresh,P-REUSE,5,producer_storage,live_serialized_byte_periods,20465
complementary_k3_n5,fresh,P-REUSE,5,producer_storage,observed_python_opcode_events,23521
complementary_k3_n5,fresh,P-REUSE,5,receiver_check,bounded_native_c_call_events,6065
complementary_k3_n5,fresh,P-REUSE,5,receiver_check,observed_python_opcode_events,134400
complementary_k3_n5,fresh,P-REUSE,5,receiver_import,bounded_native_c_call_events,123
complementary_k3_n5,fresh,P-REUSE,5,receiver_import,observed_python_opcode_events,66529
complementary_k3_n5,fresh,P-REUSE,5,receiver_init,observed_python_opcode_events,4
complementary_k3_n5,fresh,P-REUSE,5,receiver_input,bounded_native_c_call_events,993
complementary_k3_n5,fresh,P-REUSE,5,receiver_input,current_request_bytes,1683
complementary_k3_n5,fresh,P-REUSE,5,receiver_input,observed_python_opcode_events,72876
complementary_k3_n5,fresh,P-REUSE,5,receiver_input,proof_input_bytes,4398
complementary_k3_n5,fresh,P-REUSE,5,receiver_old_check,bounded_native_c_call_events,6304
complementary_k3_n5,fresh,P-REUSE,5,receiver_old_check,observed_python_opcode_events,151785
complementary_k3_n5,fresh,P-REUSE,5,receiver_old_import,bounded_native_c_call_events,1110
complementary_k3_n5,fresh,P-REUSE,5,receiver_old_import,observed_python_opcode_events,112029
complementary_k3_n5,fresh,P-REUSE,5,receiver_old_input,bounded_native_c_call_events,2099
complementary_k3_n5,fresh,P-REUSE,5,receiver_old_input,observed_python_opcode_events,131028
complementary_k3_n5,fresh,P-REUSE,5,receiver_old_input,old_proof_input_bytes,3049
complementary_k3_n5,fresh,P-REUSE,5,receiver_old_input,old_request_bytes,2615
complementary_k3_n5,fresh,P-REUSE,5,receiver_storage,bounded_native_c_call_events,1035
complementary_k3_n5,fresh,P-REUSE,5,receiver_storage,live_serialized_byte_periods,26759
complementary_k3_n5,fresh,P-REUSE,5,receiver_storage,observed_python_opcode_events,29504
complementary_k3_n5,fresh,P-REUSE,5,request_encoding,bounded_native_c_call_events,1006
complementary_k3_n5,fresh,P-REUSE,5,request_encoding,observed_python_opcode_events,26315
complementary_k3_n5,fresh,P-REUSE,5,terminal,bounded_native_c_call_events,631
complementary_k3_n5,fresh,P-REUSE,5,terminal,candidate_publication_events,1
complementary_k3_n5,fresh,P-REUSE,5,terminal,current_receipt_output_bytes,3486
complementary_k3_n5,fresh,P-REUSE,5,terminal,delivery_events,1
complementary_k3_n5,fresh,P-REUSE,5,terminal,observed_python_opcode_events,16065
complementary_k3_n5,fresh,P-REUSE,6,coordination,bounded_native_c_call_events,12
complementary_k3_n5,fresh,P-REUSE,6,coordination,observed_python_opcode_events,976
complementary_k3_n5,fresh,P-REUSE,6,producer_build,bounded_native_c_call_events,16055
complementary_k3_n5,fresh,P-REUSE,6,producer_build,observed_python_opcode_events,337076
complementary_k3_n5,fresh,P-REUSE,6,producer_export,bounded_native_c_call_events,11
complementary_k3_n5,fresh,P-REUSE,6,producer_export,observed_python_opcode_events,3271
complementary_k3_n5,fresh,P-REUSE,6,producer_export,proof_output_bytes,4425
complementary_k3_n5,fresh,P-REUSE,6,producer_input,bounded_native_c_call_events,1054
complementary_k3_n5,fresh,P-REUSE,6,producer_input,current_request_bytes,1710
complementary_k3_n5,fresh,P-REUSE,6,producer_input,observed_python_opcode_events,74661
complementary_k3_n5,fresh,P-REUSE,6,producer_storage,bounded_native_c_call_events,801
complementary_k3_n5,fresh,P-REUSE,6,producer_storage,live_serialized_byte_periods,20543
complementary_k3_n5,fresh,P-REUSE,6,producer_storage,observed_python_opcode_events,23521
complementary_k3_n5,fresh,P-REUSE,6,receiver_check,bounded_native_c_call_events,6379
complementary_k3_n5,fresh,P-REUSE,6,receiver_check,observed_python_opcode_events,138732
complementary_k3_n5,fresh,P-REUSE,6,receiver_import,bounded_native_c_call_events,121
complementary_k3_n5,fresh,P-REUSE,6,receiver_import,observed_python_opcode_events,66875
complementary_k3_n5,fresh,P-REUSE,6,receiver_init,observed_python_opcode_events,4
complementary_k3_n5,fresh,P-REUSE,6,receiver_input,bounded_native_c_call_events,1054
complementary_k3_n5,fresh,P-REUSE,6,receiver_input,current_request_bytes,1710
complementary_k3_n5,fresh,P-REUSE,6,receiver_input,observed_python_opcode_events,74661
complementary_k3_n5,fresh,P-REUSE,6,receiver_input,proof_input_bytes,4425
complementary_k3_n5,fresh,P-REUSE,6,receiver_old_check,bounded_native_c_call_events,6304
complementary_k3_n5,fresh,P-REUSE,6,receiver_old_check,observed_python_opcode_events,151785
complementary_k3_n5,fresh,P-REUSE,6,receiver_old_import,bounded_native_c_call_events,1110
complementary_k3_n5,fresh,P-REUSE,6,receiver_old_import,observed_python_opcode_events,112029
complementary_k3_n5,fresh,P-REUSE,6,receiver_old_input,bounded_native_c_call_events,2099
complementary_k3_n5,fresh,P-REUSE,6,receiver_old_input,observed_python_opcode_events,131028
complementary_k3_n5,fresh,P-REUSE,6,receiver_old_input,old_proof_input_bytes,3049
complementary_k3_n5,fresh,P-REUSE,6,receiver_old_input,old_request_bytes,2615
complementary_k3_n5,fresh,P-REUSE,6,receiver_storage,bounded_native_c_call_events,1035
complementary_k3_n5,fresh,P-REUSE,6,receiver_storage,live_serialized_byte_periods,26876
complementary_k3_n5,fresh,P-REUSE,6,receiver_storage,observed_python_opcode_events,29504
complementary_k3_n5,fresh,P-REUSE,6,request_encoding,bounded_native_c_call_events,1047
complementary_k3_n5,fresh,P-REUSE,6,request_encoding,observed_python_opcode_events,27221
complementary_k3_n5,fresh,P-REUSE,6,terminal,bounded_native_c_call_events,652
complementary_k3_n5,fresh,P-REUSE,6,terminal,candidate_publication_events,1
complementary_k3_n5,fresh,P-REUSE,6,terminal,current_receipt_output_bytes,3513
complementary_k3_n5,fresh,P-REUSE,6,terminal,delivery_events,1
complementary_k3_n5,fresh,P-REUSE,6,terminal,observed_python_opcode_events,16562
complementary_k5_n7,fresh,O-ADD-COLD,1,common_source,bounded_native_c_call_events,457
complementary_k5_n7,fresh,O-ADD-COLD,1,common_source,observed_python_opcode_events,40257
complementary_k5_n7,fresh,O-ADD-COLD,1,common_source,source_hash_bytes_prepaid,220827
complementary_k5_n7,fresh,O-ADD-COLD,1,common_source,source_length_probe_bytes_prepaid,10
complementary_k5_n7,fresh,O-ADD-COLD,1,common_source,source_program_bytes_prepaid,220827
complementary_k5_n7,fresh,O-ADD-COLD,1,common_source,source_record_bytes,1487
complementary_k5_n7,fresh,O-ADD-COLD,1,coordination,bounded_native_c_call_events,10
complementary_k5_n7,fresh,O-ADD-COLD,1,coordination,observed_python_opcode_events,623
complementary_k5_n7,fresh,O-ADD-COLD,1,producer_build,bounded_native_c_call_events,8963
complementary_k5_n7,fresh,O-ADD-COLD,1,producer_build,observed_python_opcode_events,299701
complementary_k5_n7,fresh,O-ADD-COLD,1,producer_export,bounded_native_c_call_events,8
complementary_k5_n7,fresh,O-ADD-COLD,1,producer_export,observed_python_opcode_events,260
complementary_k5_n7,fresh,O-ADD-COLD,1,producer_export,proof_output_bytes,9723
complementary_k5_n7,fresh,O-ADD-COLD,1,producer_init,bounded_native_c_call_events,19
complementary_k5_n7,fresh,O-ADD-COLD,1,producer_init,observed_python_opcode_events,891
complementary_k5_n7,fresh,O-ADD-COLD,1,producer_input,bounded_native_c_call_events,1201
complementary_k5_n7,fresh,O-ADD-COLD,1,producer_input,current_request_bytes,1810
complementary_k5_n7,fresh,O-ADD-COLD,1,producer_input,observed_python_opcode_events,83071
complementary_k5_n7,fresh,O-ADD-COLD,1,producer_storage,bounded_native_c_call_events,430
complementary_k5_n7,fresh,O-ADD-COLD,1,producer_storage,live_serialized_byte_periods,30964
complementary_k5_n7,fresh,O-ADD-COLD,1,producer_storage,observed_python_opcode_events,115670
complementary_k5_n7,fresh,O-ADD-COLD,1,receiver_check,bounded_native_c_call_events,9088
complementary_k5_n7,fresh,O-ADD-COLD,1,receiver_check,observed_python_opcode_events,536760
complementary_k5_n7,fresh,O-ADD-COLD,1,receiver_init,bounded_native_c_call_events,156
complementary_k5_n7,fresh,O-ADD-COLD,1,receiver_init,observed_python_opcode_events,34505
complementary_k5_n7,fresh,O-ADD-COLD,1,receiver_input,bounded_native_c_call_events,1201
complementary_k5_n7,fresh,O-ADD-COLD,1,receiver_input,current_request_bytes,1810
complementary_k5_n7,fresh,O-ADD-COLD,1,receiver_input,observed_python_opcode_events,83071
complementary_k5_n7,fresh,O-ADD-COLD,1,receiver_input,proof_input_bytes,9723
complementary_k5_n7,fresh,O-ADD-COLD,1,receiver_storage,bounded_native_c_call_events,22
complementary_k5_n7,fresh,O-ADD-COLD,1,receiver_storage,live_serialized_byte_periods,32686
complementary_k5_n7,fresh,O-ADD-COLD,1,receiver_storage,observed_python_opcode_events,53680
complementary_k5_n7,fresh,O-ADD-COLD,1,request_encoding,bounded_native_c_call_events,1302
complementary_k5_n7,fresh,O-ADD-COLD,1,request_encoding,observed_python_opcode_events,33081
complementary_k5_n7,fresh,O-ADD-COLD,1,terminal,bounded_native_c_call_events,823
complementary_k5_n7,fresh,O-ADD-COLD,1,terminal,candidate_publication_events,1
complementary_k5_n7,fresh,O-ADD-COLD,1,terminal,current_receipt_output_bytes,3613
complementary_k5_n7,fresh,O-ADD-COLD,1,terminal,delivery_events,1
complementary_k5_n7,fresh,O-ADD-COLD,1,terminal,observed_python_opcode_events,20476
complementary_k5_n7,fresh,O-ADD-COLD,2,coordination,bounded_native_c_call_events,10
complementary_k5_n7,fresh,O-ADD-COLD,2,coordination,observed_python_opcode_events,602
complementary_k5_n7,fresh,O-ADD-COLD,2,producer_build,bounded_native_c_call_events,9614
complementary_k5_n7,fresh,O-ADD-COLD,2,producer_build,observed_python_opcode_events,318570
complementary_k5_n7,fresh,O-ADD-COLD,2,producer_export,bounded_native_c_call_events,8
complementary_k5_n7,fresh,O-ADD-COLD,2,producer_export,observed_python_opcode_events,260
complementary_k5_n7,fresh,O-ADD-COLD,2,producer_export,proof_output_bytes,10132
complementary_k5_n7,fresh,O-ADD-COLD,2,producer_init,bounded_native_c_call_events,19
complementary_k5_n7,fresh,O-ADD-COLD,2,producer_init,observed_python_opcode_events,891
complementary_k5_n7,fresh,O-ADD-COLD,2,producer_input,bounded_native_c_call_events,1230
complementary_k5_n7,fresh,O-ADD-COLD,2,producer_input,current_request_bytes,1832
complementary_k5_n7,fresh,O-ADD-COLD,2,producer_input,observed_python_opcode_events,84486
complementary_k5_n7,fresh,O-ADD-COLD,2,producer_storage,bounded_native_c_call_events,456
complementary_k5_n7,fresh,O-ADD-COLD,2,producer_storage,live_serialized_byte_periods,32325
complementary_k5_n7,fresh,O-ADD-COLD,2,producer_storage,observed_python_opcode_events,125914
complementary_k5_n7,fresh,O-ADD-COLD,2,receiver_check,bounded_native_c_call_events,9857
complementary_k5_n7,fresh,O-ADD-COLD,2,receiver_check,observed_python_opcode_events,570317
complementary_k5_n7,fresh,O-ADD-COLD,2,receiver_init,bounded_native_c_call_events,156
complementary_k5_n7,fresh,O-ADD-COLD,2,receiver_init,observed_python_opcode_events,34505
complementary_k5_n7,fresh,O-ADD-COLD,2,receiver_input,bounded_native_c_call_events,1230
complementary_k5_n7,fresh,O-ADD-COLD,2,receiver_input,current_request_bytes,1832
complementary_k5_n7,fresh,O-ADD-COLD,2,receiver_input,observed_python_opcode_events,84486
complementary_k5_n7,fresh,O-ADD-COLD,2,receiver_input,proof_input_bytes,10132
complementary_k5_n7,fresh,O-ADD-COLD,2,receiver_storage,bounded_native_c_call_events,22
complementary_k5_n7,fresh,O-ADD-COLD,2,receiver_storage,live_serialized_byte_periods,33825
complementary_k5_n7,fresh,O-ADD-COLD,2,receiver_storage,observed_python_opcode_events,60309
complementary_k5_n7,fresh,O-ADD-COLD,2,request_encoding,bounded_native_c_call_events,1338
complementary_k5_n7,fresh,O-ADD-COLD,2,request_encoding,observed_python_opcode_events,33891
complementary_k5_n7,fresh,O-ADD-COLD,2,terminal,bounded_native_c_call_events,855
complementary_k5_n7,fresh,O-ADD-COLD,2,terminal,candidate_publication_events,1
complementary_k5_n7,fresh,O-ADD-COLD,2,terminal,current_receipt_output_bytes,3635
complementary_k5_n7,fresh,O-ADD-COLD,2,terminal,delivery_events,1
complementary_k5_n7,fresh,O-ADD-COLD,2,terminal,observed_python_opcode_events,21220
complementary_k5_n7,fresh,O-ADD-COLD,3,coordination,bounded_native_c_call_events,10
complementary_k5_n7,fresh,O-ADD-COLD,3,coordination,observed_python_opcode_events,602
complementary_k5_n7,fresh,O-ADD-COLD,3,producer_build,bounded_native_c_call_events,10131
complementary_k5_n7,fresh,O-ADD-COLD,3,producer_build,observed_python_opcode_events,339087
complementary_k5_n7,fresh,O-ADD-COLD,3,producer_export,bounded_native_c_call_events,8
complementary_k5_n7,fresh,O-ADD-COLD,3,producer_export,observed_python_opcode_events,260
complementary_k5_n7,fresh,O-ADD-COLD,3,producer_export,proof_output_bytes,10639
complementary_k5_n7,fresh,O-ADD-COLD,3,producer_init,bounded_native_c_call_events,19
complementary_k5_n7,fresh,O-ADD-COLD,3,producer_init,observed_python_opcode_events,891
complementary_k5_n7,fresh,O-ADD-COLD,3,producer_input,bounded_native_c_call_events,1228
complementary_k5_n7,fresh,O-ADD-COLD,3,producer_input,current_request_bytes,1838
complementary_k5_n7,fresh,O-ADD-COLD,3,producer_input,observed_python_opcode_events,84659
complementary_k5_n7,fresh,O-ADD-COLD,3,producer_storage,bounded_native_c_call_events,456
complementary_k5_n7,fresh,O-ADD-COLD,3,producer_storage,live_serialized_byte_periods,34046
complementary_k5_n7,fresh,O-ADD-COLD,3,producer_storage,observed_python_opcode_events,139289
complementary_k5_n7,fresh,O-ADD-COLD,3,receiver_check,bounded_native_c_call_events,10756
complementary_k5_n7,fresh,O-ADD-COLD,3,receiver_check,observed_python_opcode_events,612979
complementary_k5_n7,fresh,O-ADD-COLD,3,receiver_init,bounded_native_c_call_events,156
complementary_k5_n7,fresh,O-ADD-COLD,3,receiver_init,observed_python_opcode_events,34505
complementary_k5_n7,fresh,O-ADD-COLD,3,receiver_input,bounded_native_c_call_events,1228
complementary_k5_n7,fresh,O-ADD-COLD,3,receiver_input,current_request_bytes,1838
complementary_k5_n7,fresh,O-ADD-COLD,3,receiver_input,observed_python_opcode_events,84659
complementary_k5_n7,fresh,O-ADD-COLD,3,receiver_input,proof_input_bytes,10639
complementary_k5_n7,fresh,O-ADD-COLD,3,receiver_storage,bounded_native_c_call_events,22
complementary_k5_n7,fresh,O-ADD-COLD,3,receiver_storage,live_serialized_byte_periods,35247
complementary_k5_n7,fresh,O-ADD-COLD,3,receiver_storage,observed_python_opcode_events,70195
complementary_k5_n7,fresh,O-ADD-COLD,3,request_encoding,bounded_native_c_call_events,1338
complementary_k5_n7,fresh,O-ADD-COLD,3,request_encoding,observed_python_opcode_events,33899
complementary_k5_n7,fresh,O-ADD-COLD,3,terminal,bounded_native_c_call_events,813
complementary_k5_n7,fresh,O-ADD-COLD,3,terminal,candidate_publication_events,1
complementary_k5_n7,fresh,O-ADD-COLD,3,terminal,current_receipt_output_bytes,3641
complementary_k5_n7,fresh,O-ADD-COLD,3,terminal,delivery_events,1
complementary_k5_n7,fresh,O-ADD-COLD,3,terminal,observed_python_opcode_events,20344
complementary_k5_n7,fresh,O-ADD-COLD,4,coordination,bounded_native_c_call_events,10
complementary_k5_n7,fresh,O-ADD-COLD,4,coordination,observed_python_opcode_events,602
complementary_k5_n7,fresh,O-ADD-COLD,4,producer_build,bounded_native_c_call_events,10954
complementary_k5_n7,fresh,O-ADD-COLD,4,producer_build,observed_python_opcode_events,361766
complementary_k5_n7,fresh,O-ADD-COLD,4,producer_export,bounded_native_c_call_events,8
complementary_k5_n7,fresh,O-ADD-COLD,4,producer_export,observed_python_opcode_events,260
complementary_k5_n7,fresh,O-ADD-COLD,4,producer_export,proof_output_bytes,11108
complementary_k5_n7,fresh,O-ADD-COLD,4,producer_init,bounded_native_c_call_events,19
complementary_k5_n7,fresh,O-ADD-COLD,4,producer_init,observed_python_opcode_events,891
complementary_k5_n7,fresh,O-ADD-COLD,4,producer_input,bounded_native_c_call_events,1329
complementary_k5_n7,fresh,O-ADD-COLD,4,producer_input,current_request_bytes,1931
complementary_k5_n7,fresh,O-ADD-COLD,4,producer_input,observed_python_opcode_events,89318
complementary_k5_n7,fresh,O-ADD-COLD,4,producer_storage,bounded_native_c_call_events,482
complementary_k5_n7,fresh,O-ADD-COLD,4,producer_storage,live_serialized_byte_periods,35563
complementary_k5_n7,fresh,O-ADD-COLD,4,producer_storage,observed_python_opcode_events,148750
complementary_k5_n7,fresh,O-ADD-COLD,4,receiver_check,bounded_native_c_call_events,11615
complementary_k5_n7,fresh,O-ADD-COLD,4,receiver_check,observed_python_opcode_events,649442
complementary_k5_n7,fresh,O-ADD-COLD,4,receiver_init,bounded_native_c_call_events,156
complementary_k5_n7,fresh,O-ADD-COLD,4,receiver_init,observed_python_opcode_events,34505
complementary_k5_n7,fresh,O-ADD-COLD,4,receiver_input,bounded_native_c_call_events,1329
complementary_k5_n7,fresh,O-ADD-COLD,4,receiver_input,current_request_bytes,1931
complementary_k5_n7,fresh,O-ADD-COLD,4,receiver_input,observed_python_opcode_events,89318
complementary_k5_n7,fresh,O-ADD-COLD,4,receiver_input,proof_input_bytes,11108
complementary_k5_n7,fresh,O-ADD-COLD,4,receiver_storage,bounded_native_c_call_events,22
complementary_k5_n7,fresh,O-ADD-COLD,4,receiver_storage,live_serialized_byte_periods,36739
complementary_k5_n7,fresh,O-ADD-COLD,4,receiver_storage,observed_python_opcode_events,76180
complementary_k5_n7,fresh,O-ADD-COLD,4,request_encoding,bounded_native_c_call_events,1414
complementary_k5_n7,fresh,O-ADD-COLD,4,request_encoding,observed_python_opcode_events,35821
complementary_k5_n7,fresh,O-ADD-COLD,4,terminal,bounded_native_c_call_events,927
complementary_k5_n7,fresh,O-ADD-COLD,4,terminal,candidate_publication_events,1
complementary_k5_n7,fresh,O-ADD-COLD,4,terminal,current_receipt_output_bytes,3734
complementary_k5_n7,fresh,O-ADD-COLD,4,terminal,delivery_events,1
complementary_k5_n7,fresh,O-ADD-COLD,4,terminal,observed_python_opcode_events,22977
complementary_k5_n7,fresh,O-ADD-COLD,5,coordination,bounded_native_c_call_events,10
complementary_k5_n7,fresh,O-ADD-COLD,5,coordination,observed_python_opcode_events,602
complementary_k5_n7,fresh,O-ADD-COLD,5,producer_build,bounded_native_c_call_events,10456
complementary_k5_n7,fresh,O-ADD-COLD,5,producer_build,observed_python_opcode_events,341092
complementary_k5_n7,fresh,O-ADD-COLD,5,producer_export,bounded_native_c_call_events,8
complementary_k5_n7,fresh,O-ADD-COLD,5,producer_export,observed_python_opcode_events,260
complementary_k5_n7,fresh,O-ADD-COLD,5,producer_export,proof_output_bytes,10661
complementary_k5_n7,fresh,O-ADD-COLD,5,producer_init,bounded_native_c_call_events,19
complementary_k5_n7,fresh,O-ADD-COLD,5,producer_init,observed_python_opcode_events,891
complementary_k5_n7,fresh,O-ADD-COLD,5,producer_input,bounded_native_c_call_events,1325
complementary_k5_n7,fresh,O-ADD-COLD,5,producer_input,current_request_bytes,1935
complementary_k5_n7,fresh,O-ADD-COLD,5,producer_input,observed_python_opcode_events,89436
complementary_k5_n7,fresh,O-ADD-COLD,5,producer_storage,bounded_native_c_call_events,502
complementary_k5_n7,fresh,O-ADD-COLD,5,producer_storage,live_serialized_byte_periods,34022
complementary_k5_n7,fresh,O-ADD-COLD,5,producer_storage,observed_python_opcode_events,136903
complementary_k5_n7,fresh,O-ADD-COLD,5,receiver_check,bounded_native_c_call_events,10724
complementary_k5_n7,fresh,O-ADD-COLD,5,receiver_check,observed_python_opcode_events,608208
complementary_k5_n7,fresh,O-ADD-COLD,5,receiver_init,bounded_native_c_call_events,156
complementary_k5_n7,fresh,O-ADD-COLD,5,receiver_init,observed_python_opcode_events,34505
complementary_k5_n7,fresh,O-ADD-COLD,5,receiver_input,bounded_native_c_call_events,1325
complementary_k5_n7,fresh,O-ADD-COLD,5,receiver_input,current_request_bytes,1935
complementary_k5_n7,fresh,O-ADD-COLD,5,receiver_input,observed_python_opcode_events,89436
complementary_k5_n7,fresh,O-ADD-COLD,5,receiver_input,proof_input_bytes,10661
complementary_k5_n7,fresh,O-ADD-COLD,5,receiver_storage,bounded_native_c_call_events,22
complementary_k5_n7,fresh,O-ADD-COLD,5,receiver_storage,live_serialized_byte_periods,35460
complementary_k5_n7,fresh,O-ADD-COLD,5,receiver_storage,observed_python_opcode_events,66960
complementary_k5_n7,fresh,O-ADD-COLD,5,request_encoding,bounded_native_c_call_events,1414
complementary_k5_n7,fresh,O-ADD-COLD,5,request_encoding,observed_python_opcode_events,35843
complementary_k5_n7,fresh,O-ADD-COLD,5,terminal,bounded_native_c_call_events,875
complementary_k5_n7,fresh,O-ADD-COLD,5,terminal,candidate_publication_events,1
complementary_k5_n7,fresh,O-ADD-COLD,5,terminal,current_receipt_output_bytes,3738
complementary_k5_n7,fresh,O-ADD-COLD,5,terminal,delivery_events,1
complementary_k5_n7,fresh,O-ADD-COLD,5,terminal,observed_python_opcode_events,21765
complementary_k5_n7,fresh,O-ADD-COLD,6,coordination,bounded_native_c_call_events,10
complementary_k5_n7,fresh,O-ADD-COLD,6,coordination,observed_python_opcode_events,602
complementary_k5_n7,fresh,O-ADD-COLD,6,producer_build,bounded_native_c_call_events,11438
complementary_k5_n7,fresh,O-ADD-COLD,6,producer_build,observed_python_opcode_events,370809
complementary_k5_n7,fresh,O-ADD-COLD,6,producer_export,bounded_native_c_call_events,8
complementary_k5_n7,fresh,O-ADD-COLD,6,producer_export,observed_python_opcode_events,260
complementary_k5_n7,fresh,O-ADD-COLD,6,producer_export,proof_output_bytes,11462
complementary_k5_n7,fresh,O-ADD-COLD,6,producer_init,bounded_native_c_call_events,19
complementary_k5_n7,fresh,O-ADD-COLD,6,producer_init,observed_python_opcode_events,891
complementary_k5_n7,fresh,O-ADD-COLD,6,producer_input,bounded_native_c_call_events,1386
complementary_k5_n7,fresh,O-ADD-COLD,6,producer_input,current_request_bytes,1962
complementary_k5_n7,fresh,O-ADD-COLD,6,producer_input,observed_python_opcode_events,91221
complementary_k5_n7,fresh,O-ADD-COLD,6,producer_storage,bounded_native_c_call_events,642
complementary_k5_n7,fresh,O-ADD-COLD,6,producer_storage,live_serialized_byte_periods,36760
complementary_k5_n7,fresh,O-ADD-COLD,6,producer_storage,observed_python_opcode_events,152268
complementary_k5_n7,fresh,O-ADD-COLD,6,receiver_check,bounded_native_c_call_events,11707
complementary_k5_n7,fresh,O-ADD-COLD,6,receiver_check,observed_python_opcode_events,662517
complementary_k5_n7,fresh,O-ADD-COLD,6,receiver_init,bounded_native_c_call_events,156
complementary_k5_n7,fresh,O-ADD-COLD,6,receiver_init,observed_python_opcode_events,34505
complementary_k5_n7,fresh,O-ADD-COLD,6,receiver_input,bounded_native_c_call_events,1386
complementary_k5_n7,fresh,O-ADD-COLD,6,receiver_input,current_request_bytes,1962
complementary_k5_n7,fresh,O-ADD-COLD,6,receiver_input,observed_python_opcode_events,91221
complementary_k5_n7,fresh,O-ADD-COLD,6,receiver_input,proof_input_bytes,11462
complementary_k5_n7,fresh,O-ADD-COLD,6,receiver_storage,bounded_native_c_call_events,22
complementary_k5_n7,fresh,O-ADD-COLD,6,receiver_storage,live_serialized_byte_periods,37658
complementary_k5_n7,fresh,O-ADD-COLD,6,receiver_storage,observed_python_opcode_events,75032
complementary_k5_n7,fresh,O-ADD-COLD,6,request_encoding,bounded_native_c_call_events,1455
complementary_k5_n7,fresh,O-ADD-COLD,6,request_encoding,observed_python_opcode_events,36749
complementary_k5_n7,fresh,O-ADD-COLD,6,terminal,bounded_native_c_call_events,902
complementary_k5_n7,fresh,O-ADD-COLD,6,terminal,candidate_publication_events,1
complementary_k5_n7,fresh,O-ADD-COLD,6,terminal,current_receipt_output_bytes,3765
complementary_k5_n7,fresh,O-ADD-COLD,6,terminal,delivery_events,1
complementary_k5_n7,fresh,O-ADD-COLD,6,terminal,observed_python_opcode_events,22438
complementary_k5_n7,fresh,O-ADD-PORTFOLIO,1,common_source,bounded_native_c_call_events,457
complementary_k5_n7,fresh,O-ADD-PORTFOLIO,1,common_source,observed_python_opcode_events,40257
complementary_k5_n7,fresh,O-ADD-PORTFOLIO,1,common_source,source_hash_bytes_prepaid,220827
complementary_k5_n7,fresh,O-ADD-PORTFOLIO,1,common_source,source_length_probe_bytes_prepaid,10
complementary_k5_n7,fresh,O-ADD-PORTFOLIO,1,common_source,source_program_bytes_prepaid,220827
complementary_k5_n7,fresh,O-ADD-PORTFOLIO,1,common_source,source_record_bytes,1487
complementary_k5_n7,fresh,O-ADD-PORTFOLIO,1,coordination,bounded_native_c_call_events,19
complementary_k5_n7,fresh,O-ADD-PORTFOLIO,1,coordination,observed_python_opcode_events,1716
complementary_k5_n7,fresh,O-ADD-PORTFOLIO,1,producer_build,bounded_native_c_call_events,15752
complementary_k5_n7,fresh,O-ADD-PORTFOLIO,1,producer_build,observed_python_opcode_events,362247
complementary_k5_n7,fresh,O-ADD-PORTFOLIO,1,producer_export,bounded_native_c_call_events,11
complementary_k5_n7,fresh,O-ADD-PORTFOLIO,1,producer_export,observed_python_opcode_events,3747
complementary_k5_n7,fresh,O-ADD-PORTFOLIO,1,producer_export,proof_output_bytes,4813
complementary_k5_n7,fresh,O-ADD-PORTFOLIO,1,producer_init,bounded_native_c_call_events,175
complementary_k5_n7,fresh,O-ADD-PORTFOLIO,1,producer_init,observed_python_opcode_events,35400
complementary_k5_n7,fresh,O-ADD-PORTFOLIO,1,producer_input,bounded_native_c_call_events,1201
complementary_k5_n7,fresh,O-ADD-PORTFOLIO,1,producer_input,current_request_bytes,1810
complementary_k5_n7,fresh,O-ADD-PORTFOLIO,1,producer_input,observed_python_opcode_events,83071
complementary_k5_n7,fresh,O-ADD-PORTFOLIO,1,producer_old_admission,bounded_native_c_call_events,9264
complementary_k5_n7,fresh,O-ADD-PORTFOLIO,1,producer_old_admission,observed_python_opcode_events,534678
complementary_k5_n7,fresh,O-ADD-PORTFOLIO,1,producer_old_build,bounded_native_c_call_events,8074
complementary_k5_n7,fresh,O-ADD-PORTFOLIO,1,producer_old_build,observed_python_opcode_events,261158
complementary_k5_n7,fresh,O-ADD-PORTFOLIO,1,producer_old_export,bounded_native_c_call_events,16
complementary_k5_n7,fresh,O-ADD-PORTFOLIO,1,producer_old_export,observed_python_opcode_events,520
complementary_k5_n7,fresh,O-ADD-PORTFOLIO,1,producer_old_export,old_proof_output_bytes,11381
complementary_k5_n7,fresh,O-ADD-PORTFOLIO,1,producer_old_input,bounded_native_c_call_events,2843
complementary_k5_n7,fresh,O-ADD-PORTFOLIO,1,producer_old_input,observed_python_opcode_events,157404
complementary_k5_n7,fresh,O-ADD-PORTFOLIO,1,producer_old_input,old_request_bytes,2871
complementary_k5_n7,fresh,O-ADD-PORTFOLIO,1,producer_storage,bounded_native_c_call_events,2851
complementary_k5_n7,fresh,O-ADD-PORTFOLIO,1,producer_storage,live_serialized_byte_periods,126635
complementary_k5_n7,fresh,O-ADD-PORTFOLIO,1,producer_storage,observed_python_opcode_events,343224
complementary_k5_n7,fresh,O-ADD-PORTFOLIO,1,receiver_check,bounded_native_c_call_events,6717
complementary_k5_n7,fresh,O-ADD-PORTFOLIO,1,receiver_check,observed_python_opcode_events,159964
complementary_k5_n7,fresh,O-ADD-PORTFOLIO,1,receiver_import,bounded_native_c_call_events,135
complementary_k5_n7,fresh,O-ADD-PORTFOLIO,1,receiver_import,observed_python_opcode_events,72782
complementary_k5_n7,fresh,O-ADD-PORTFOLIO,1,receiver_init,bounded_native_c_call_events,156
complementary_k5_n7,fresh,O-ADD-PORTFOLIO,1,receiver_init,observed_python_opcode_events,34509
complementary_k5_n7,fresh,O-ADD-PORTFOLIO,1,receiver_input,bounded_native_c_call_events,1201
complementary_k5_n7,fresh,O-ADD-PORTFOLIO,1,receiver_input,current_request_bytes,1810
complementary_k5_n7,fresh,O-ADD-PORTFOLIO,1,receiver_input,observed_python_opcode_events,83071
complementary_k5_n7,fresh,O-ADD-PORTFOLIO,1,receiver_input,proof_input_bytes,4813
complementary_k5_n7,fresh,O-ADD-PORTFOLIO,1,receiver_old_check,bounded_native_c_call_events,9242
complementary_k5_n7,fresh,O-ADD-PORTFOLIO,1,receiver_old_check,observed_python_opcode_events,533832
complementary_k5_n7,fresh,O-ADD-PORTFOLIO,1,receiver_old_input,bounded_native_c_call_events,2843
complementary_k5_n7,fresh,O-ADD-PORTFOLIO,1,receiver_old_input,observed_python_opcode_events,157404
complementary_k5_n7,fresh,O-ADD-PORTFOLIO,1,receiver_old_input,old_proof_input_bytes,11381
complementary_k5_n7,fresh,O-ADD-PORTFOLIO,1,receiver_old_input,old_request_bytes,2871
complementary_k5_n7,fresh,O-ADD-PORTFOLIO,1,receiver_storage,bounded_native_c_call_events,1491
complementary_k5_n7,fresh,O-ADD-PORTFOLIO,1,receiver_storage,live_serialized_byte_periods,59577
complementary_k5_n7,fresh,O-ADD-PORTFOLIO,1,receiver_storage,observed_python_opcode_events,132698
complementary_k5_n7,fresh,O-ADD-PORTFOLIO,1,request_encoding,bounded_native_c_call_events,1302
complementary_k5_n7,fresh,O-ADD-PORTFOLIO,1,request_encoding,observed_python_opcode_events,33081
complementary_k5_n7,fresh,O-ADD-PORTFOLIO,1,terminal,bounded_native_c_call_events,823
complementary_k5_n7,fresh,O-ADD-PORTFOLIO,1,terminal,candidate_publication_events,1
complementary_k5_n7,fresh,O-ADD-PORTFOLIO,1,terminal,current_receipt_output_bytes,3613
complementary_k5_n7,fresh,O-ADD-PORTFOLIO,1,terminal,delivery_events,1
complementary_k5_n7,fresh,O-ADD-PORTFOLIO,1,terminal,observed_python_opcode_events,20476
complementary_k5_n7,fresh,O-ADD-PORTFOLIO,2,coordination,bounded_native_c_call_events,12
complementary_k5_n7,fresh,O-ADD-PORTFOLIO,2,coordination,observed_python_opcode_events,1052
complementary_k5_n7,fresh,O-ADD-PORTFOLIO,2,producer_build,bounded_native_c_call_events,16585
complementary_k5_n7,fresh,O-ADD-PORTFOLIO,2,producer_build,observed_python_opcode_events,377395
complementary_k5_n7,fresh,O-ADD-PORTFOLIO,2,producer_export,bounded_native_c_call_events,11
complementary_k5_n7,fresh,O-ADD-PORTFOLIO,2,producer_export,observed_python_opcode_events,3747
complementary_k5_n7,fresh,O-ADD-PORTFOLIO,2,producer_export,proof_output_bytes,4835
complementary_k5_n7,fresh,O-ADD-PORTFOLIO,2,producer_input,bounded_native_c_call_events,1230
complementary_k5_n7,fresh,O-ADD-PORTFOLIO,2,producer_input,current_request_bytes,1832
complementary_k5_n7,fresh,O-ADD-PORTFOLIO,2,producer_input,observed_python_opcode_events,84486
complementary_k5_n7,fresh,O-ADD-PORTFOLIO,2,producer_storage,bounded_native_c_call_events,1137
complementary_k5_n7,fresh,O-ADD-PORTFOLIO,2,producer_storage,live_serialized_byte_periods,32179
complementary_k5_n7,fresh,O-ADD-PORTFOLIO,2,producer_storage,observed_python_opcode_events,31009
complementary_k5_n7,fresh,O-ADD-PORTFOLIO,2,receiver_check,bounded_native_c_call_events,7082
complementary_k5_n7,fresh,O-ADD-PORTFOLIO,2,receiver_check,observed_python_opcode_events,166283
complementary_k5_n7,fresh,O-ADD-PORTFOLIO,2,receiver_import,bounded_native_c_call_events,135
complementary_k5_n7,fresh,O-ADD-PORTFOLIO,2,receiver_import,observed_python_opcode_events,73080
complementary_k5_n7,fresh,O-ADD-PORTFOLIO,2,receiver_init,bounded_native_c_call_events,156
complementary_k5_n7,fresh,O-ADD-PORTFOLIO,2,receiver_init,observed_python_opcode_events,34509
complementary_k5_n7,fresh,O-ADD-PORTFOLIO,2,receiver_input,bounded_native_c_call_events,1230
complementary_k5_n7,fresh,O-ADD-PORTFOLIO,2,receiver_input,current_request_bytes,1832
complementary_k5_n7,fresh,O-ADD-PORTFOLIO,2,receiver_input,observed_python_opcode_events,84486
complementary_k5_n7,fresh,O-ADD-PORTFOLIO,2,receiver_input,proof_input_bytes,4835
complementary_k5_n7,fresh,O-ADD-PORTFOLIO,2,receiver_old_check,bounded_native_c_call_events,9242
complementary_k5_n7,fresh,O-ADD-PORTFOLIO,2,receiver_old_check,observed_python_opcode_events,533832
complementary_k5_n7,fresh,O-ADD-PORTFOLIO,2,receiver_old_input,bounded_native_c_call_events,2843
complementary_k5_n7,fresh,O-ADD-PORTFOLIO,2,receiver_old_input,observed_python_opcode_events,157404
complementary_k5_n7,fresh,O-ADD-PORTFOLIO,2,receiver_old_input,old_proof_input_bytes,11381
complementary_k5_n7,fresh,O-ADD-PORTFOLIO,2,receiver_old_input,old_request_bytes,2871
complementary_k5_n7,fresh,O-ADD-PORTFOLIO,2,receiver_storage,bounded_native_c_call_events,1491
complementary_k5_n7,fresh,O-ADD-PORTFOLIO,2,receiver_storage,live_serialized_byte_periods,59667
complementary_k5_n7,fresh,O-ADD-PORTFOLIO,2,receiver_storage,observed_python_opcode_events,132698
complementary_k5_n7,fresh,O-ADD-PORTFOLIO,2,request_encoding,bounded_native_c_call_events,1338
complementary_k5_n7,fresh,O-ADD-PORTFOLIO,2,request_encoding,observed_python_opcode_events,33891
complementary_k5_n7,fresh,O-ADD-PORTFOLIO,2,terminal,bounded_native_c_call_events,855
complementary_k5_n7,fresh,O-ADD-PORTFOLIO,2,terminal,candidate_publication_events,1
complementary_k5_n7,fresh,O-ADD-PORTFOLIO,2,terminal,current_receipt_output_bytes,3635
complementary_k5_n7,fresh,O-ADD-PORTFOLIO,2,terminal,delivery_events,1
complementary_k5_n7,fresh,O-ADD-PORTFOLIO,2,terminal,observed_python_opcode_events,21220
complementary_k5_n7,fresh,O-ADD-PORTFOLIO,3,coordination,bounded_native_c_call_events,12
complementary_k5_n7,fresh,O-ADD-PORTFOLIO,3,coordination,observed_python_opcode_events,1052
complementary_k5_n7,fresh,O-ADD-PORTFOLIO,3,producer_build,bounded_native_c_call_events,16587
complementary_k5_n7,fresh,O-ADD-PORTFOLIO,3,producer_build,observed_python_opcode_events,377163
complementary_k5_n7,fresh,O-ADD-PORTFOLIO,3,producer_export,bounded_native_c_call_events,11
complementary_k5_n7,fresh,O-ADD-PORTFOLIO,3,producer_export,observed_python_opcode_events,3747
complementary_k5_n7,fresh,O-ADD-PORTFOLIO,3,producer_export,proof_output_bytes,4841
complementary_k5_n7,fresh,O-ADD-PORTFOLIO,3,producer_input,bounded_native_c_call_events,1228
complementary_k5_n7,fresh,O-ADD-PORTFOLIO,3,producer_input,current_request_bytes,1838
complementary_k5_n7,fresh,O-ADD-PORTFOLIO,3,producer_input,observed_python_opcode_events,84659
complementary_k5_n7,fresh,O-ADD-PORTFOLIO,3,producer_storage,bounded_native_c_call_events,1137
complementary_k5_n7,fresh,O-ADD-PORTFOLIO,3,producer_storage,live_serialized_byte_periods,32191
complementary_k5_n7,fresh,O-ADD-PORTFOLIO,3,producer_storage,observed_python_opcode_events,31009
complementary_k5_n7,fresh,O-ADD-PORTFOLIO,3,receiver_check,bounded_native_c_call_events,7031
complementary_k5_n7,fresh,O-ADD-PORTFOLIO,3,receiver_check,observed_python_opcode_events,165143
complementary_k5_n7,fresh,O-ADD-PORTFOLIO,3,receiver_import,bounded_native_c_call_events,135
complementary_k5_n7,fresh,O-ADD-PORTFOLIO,3,receiver_import,observed_python_opcode_events,73170
complementary_k5_n7,fresh,O-ADD-PORTFOLIO,3,receiver_init,bounded_native_c_call_events,156
complementary_k5_n7,fresh,O-ADD-PORTFOLIO,3,receiver_init,observed_python_opcode_events,34509
complementary_k5_n7,fresh,O-ADD-PORTFOLIO,3,receiver_input,bounded_native_c_call_events,1228
complementary_k5_n7,fresh,O-ADD-PORTFOLIO,3,receiver_input,current_request_bytes,1838
complementary_k5_n7,fresh,O-ADD-PORTFOLIO,3,receiver_input,observed_python_opcode_events,84659
complementary_k5_n7,fresh,O-ADD-PORTFOLIO,3,receiver_input,proof_input_bytes,4841
complementary_k5_n7,fresh,O-ADD-PORTFOLIO,3,receiver_old_check,bounded_native_c_call_events,9242
complementary_k5_n7,fresh,O-ADD-PORTFOLIO,3,receiver_old_check,observed_python_opcode_events,533832
complementary_k5_n7,fresh,O-ADD-PORTFOLIO,3,receiver_old_input,bounded_native_c_call_events,2843
complementary_k5_n7,fresh,O-ADD-PORTFOLIO,3,receiver_old_input,observed_python_opcode_events,157404
complementary_k5_n7,fresh,O-ADD-PORTFOLIO,3,receiver_old_input,old_proof_input_bytes,11381
complementary_k5_n7,fresh,O-ADD-PORTFOLIO,3,receiver_old_input,old_request_bytes,2871
complementary_k5_n7,fresh,O-ADD-PORTFOLIO,3,receiver_storage,bounded_native_c_call_events,1491
complementary_k5_n7,fresh,O-ADD-PORTFOLIO,3,receiver_storage,live_serialized_byte_periods,59685
complementary_k5_n7,fresh,O-ADD-PORTFOLIO,3,receiver_storage,observed_python_opcode_events,132698
complementary_k5_n7,fresh,O-ADD-PORTFOLIO,3,request_encoding,bounded_native_c_call_events,1338
complementary_k5_n7,fresh,O-ADD-PORTFOLIO,3,request_encoding,observed_python_opcode_events,33899
complementary_k5_n7,fresh,O-ADD-PORTFOLIO,3,terminal,bounded_native_c_call_events,813
complementary_k5_n7,fresh,O-ADD-PORTFOLIO,3,terminal,candidate_publication_events,1
complementary_k5_n7,fresh,O-ADD-PORTFOLIO,3,terminal,current_receipt_output_bytes,3641
complementary_k5_n7,fresh,O-ADD-PORTFOLIO,3,terminal,delivery_events,1
complementary_k5_n7,fresh,O-ADD-PORTFOLIO,3,terminal,observed_python_opcode_events,20344
complementary_k5_n7,fresh,O-ADD-PORTFOLIO,4,coordination,bounded_native_c_call_events,12
complementary_k5_n7,fresh,O-ADD-PORTFOLIO,4,coordination,observed_python_opcode_events,1052
complementary_k5_n7,fresh,O-ADD-PORTFOLIO,4,producer_build,bounded_native_c_call_events,18042
complementary_k5_n7,fresh,O-ADD-PORTFOLIO,4,producer_build,observed_python_opcode_events,406206
complementary_k5_n7,fresh,O-ADD-PORTFOLIO,4,producer_export,bounded_native_c_call_events,11
complementary_k5_n7,fresh,O-ADD-PORTFOLIO,4,producer_export,observed_python_opcode_events,3747
complementary_k5_n7,fresh,O-ADD-PORTFOLIO,4,producer_export,proof_output_bytes,4934
complementary_k5_n7,fresh,O-ADD-PORTFOLIO,4,producer_input,bounded_native_c_call_events,1329
complementary_k5_n7,fresh,O-ADD-PORTFOLIO,4,producer_input,current_request_bytes,1931
complementary_k5_n7,fresh,O-ADD-PORTFOLIO,4,producer_input,observed_python_opcode_events,89318
complementary_k5_n7,fresh,O-ADD-PORTFOLIO,4,producer_storage,bounded_native_c_call_events,1137
complementary_k5_n7,fresh,O-ADD-PORTFOLIO,4,producer_storage,live_serialized_byte_periods,32449
complementary_k5_n7,fresh,O-ADD-PORTFOLIO,4,producer_storage,observed_python_opcode_events,31009
complementary_k5_n7,fresh,O-ADD-PORTFOLIO,4,receiver_check,bounded_native_c_call_events,7553
complementary_k5_n7,fresh,O-ADD-PORTFOLIO,4,receiver_check,observed_python_opcode_events,175376
complementary_k5_n7,fresh,O-ADD-PORTFOLIO,4,receiver_import,bounded_native_c_call_events,135
complementary_k5_n7,fresh,O-ADD-PORTFOLIO,4,receiver_import,observed_python_opcode_events,74421
complementary_k5_n7,fresh,O-ADD-PORTFOLIO,4,receiver_init,bounded_native_c_call_events,156
complementary_k5_n7,fresh,O-ADD-PORTFOLIO,4,receiver_init,observed_python_opcode_events,34509
complementary_k5_n7,fresh,O-ADD-PORTFOLIO,4,receiver_input,bounded_native_c_call_events,1329
complementary_k5_n7,fresh,O-ADD-PORTFOLIO,4,receiver_input,current_request_bytes,1931
complementary_k5_n7,fresh,O-ADD-PORTFOLIO,4,receiver_input,observed_python_opcode_events,89318
complementary_k5_n7,fresh,O-ADD-PORTFOLIO,4,receiver_input,proof_input_bytes,4934
complementary_k5_n7,fresh,O-ADD-PORTFOLIO,4,receiver_old_check,bounded_native_c_call_events,9242
complementary_k5_n7,fresh,O-ADD-PORTFOLIO,4,receiver_old_check,observed_python_opcode_events,533832
complementary_k5_n7,fresh,O-ADD-PORTFOLIO,4,receiver_old_input,bounded_native_c_call_events,2843
complementary_k5_n7,fresh,O-ADD-PORTFOLIO,4,receiver_old_input,observed_python_opcode_events,157404
complementary_k5_n7,fresh,O-ADD-PORTFOLIO,4,receiver_old_input,old_proof_input_bytes,11381
complementary_k5_n7,fresh,O-ADD-PORTFOLIO,4,receiver_old_input,old_request_bytes,2871
complementary_k5_n7,fresh,O-ADD-PORTFOLIO,4,receiver_storage,bounded_native_c_call_events,1491
complementary_k5_n7,fresh,O-ADD-PORTFOLIO,4,receiver_storage,live_serialized_byte_periods,60072
complementary_k5_n7,fresh,O-ADD-PORTFOLIO,4,receiver_storage,observed_python_opcode_events,132698
complementary_k5_n7,fresh,O-ADD-PORTFOLIO,4,request_encoding,bounded_native_c_call_events,1414
complementary_k5_n7,fresh,O-ADD-PORTFOLIO,4,request_encoding,observed_python_opcode_events,35821
complementary_k5_n7,fresh,O-ADD-PORTFOLIO,4,terminal,bounded_native_c_call_events,927
complementary_k5_n7,fresh,O-ADD-PORTFOLIO,4,terminal,candidate_publication_events,1
complementary_k5_n7,fresh,O-ADD-PORTFOLIO,4,terminal,current_receipt_output_bytes,3734
complementary_k5_n7,fresh,O-ADD-PORTFOLIO,4,terminal,delivery_events,1
complementary_k5_n7,fresh,O-ADD-PORTFOLIO,4,terminal,observed_python_opcode_events,22977
complementary_k5_n7,fresh,O-ADD-PORTFOLIO,5,coordination,bounded_native_c_call_events,12
complementary_k5_n7,fresh,O-ADD-PORTFOLIO,5,coordination,observed_python_opcode_events,1052
complementary_k5_n7,fresh,O-ADD-PORTFOLIO,5,producer_build,bounded_native_c_call_events,17879
complementary_k5_n7,fresh,O-ADD-PORTFOLIO,5,producer_build,observed_python_opcode_events,404931
complementary_k5_n7,fresh,O-ADD-PORTFOLIO,5,producer_export,bounded_native_c_call_events,11
complementary_k5_n7,fresh,O-ADD-PORTFOLIO,5,producer_export,observed_python_opcode_events,3747
complementary_k5_n7,fresh,O-ADD-PORTFOLIO,5,producer_export,proof_output_bytes,4938
complementary_k5_n7,fresh,O-ADD-PORTFOLIO,5,producer_input,bounded_native_c_call_events,1325
complementary_k5_n7,fresh,O-ADD-PORTFOLIO,5,producer_input,current_request_bytes,1935
complementary_k5_n7,fresh,O-ADD-PORTFOLIO,5,producer_input,observed_python_opcode_events,89436
complementary_k5_n7,fresh,O-ADD-PORTFOLIO,5,producer_storage,bounded_native_c_call_events,1137
complementary_k5_n7,fresh,O-ADD-PORTFOLIO,5,producer_storage,live_serialized_byte_periods,32457
complementary_k5_n7,fresh,O-ADD-PORTFOLIO,5,producer_storage,observed_python_opcode_events,31009
complementary_k5_n7,fresh,O-ADD-PORTFOLIO,5,receiver_check,bounded_native_c_call_events,7453
complementary_k5_n7,fresh,O-ADD-PORTFOLIO,5,receiver_check,observed_python_opcode_events,173522
complementary_k5_n7,fresh,O-ADD-PORTFOLIO,5,receiver_import,bounded_native_c_call_events,135
complementary_k5_n7,fresh,O-ADD-PORTFOLIO,5,receiver_import,observed_python_opcode_events,74481
complementary_k5_n7,fresh,O-ADD-PORTFOLIO,5,receiver_init,bounded_native_c_call_events,156
complementary_k5_n7,fresh,O-ADD-PORTFOLIO,5,receiver_init,observed_python_opcode_events,34509
complementary_k5_n7,fresh,O-ADD-PORTFOLIO,5,receiver_input,bounded_native_c_call_events,1325
complementary_k5_n7,fresh,O-ADD-PORTFOLIO,5,receiver_input,current_request_bytes,1935
complementary_k5_n7,fresh,O-ADD-PORTFOLIO,5,receiver_input,observed_python_opcode_events,89436
complementary_k5_n7,fresh,O-ADD-PORTFOLIO,5,receiver_input,proof_input_bytes,4938
complementary_k5_n7,fresh,O-ADD-PORTFOLIO,5,receiver_old_check,bounded_native_c_call_events,9242
complementary_k5_n7,fresh,O-ADD-PORTFOLIO,5,receiver_old_check,observed_python_opcode_events,533832
complementary_k5_n7,fresh,O-ADD-PORTFOLIO,5,receiver_old_input,bounded_native_c_call_events,2843
complementary_k5_n7,fresh,O-ADD-PORTFOLIO,5,receiver_old_input,observed_python_opcode_events,157404
complementary_k5_n7,fresh,O-ADD-PORTFOLIO,5,receiver_old_input,old_proof_input_bytes,11381
complementary_k5_n7,fresh,O-ADD-PORTFOLIO,5,receiver_old_input,old_request_bytes,2871
complementary_k5_n7,fresh,O-ADD-PORTFOLIO,5,receiver_storage,bounded_native_c_call_events,1491
complementary_k5_n7,fresh,O-ADD-PORTFOLIO,5,receiver_storage,live_serialized_byte_periods,60084
complementary_k5_n7,fresh,O-ADD-PORTFOLIO,5,receiver_storage,observed_python_opcode_events,132698
complementary_k5_n7,fresh,O-ADD-PORTFOLIO,5,request_encoding,bounded_native_c_call_events,1414
complementary_k5_n7,fresh,O-ADD-PORTFOLIO,5,request_encoding,observed_python_opcode_events,35843
complementary_k5_n7,fresh,O-ADD-PORTFOLIO,5,terminal,bounded_native_c_call_events,875
complementary_k5_n7,fresh,O-ADD-PORTFOLIO,5,terminal,candidate_publication_events,1
complementary_k5_n7,fresh,O-ADD-PORTFOLIO,5,terminal,current_receipt_output_bytes,3738
complementary_k5_n7,fresh,O-ADD-PORTFOLIO,5,terminal,delivery_events,1
complementary_k5_n7,fresh,O-ADD-PORTFOLIO,5,terminal,observed_python_opcode_events,21765
complementary_k5_n7,fresh,O-ADD-PORTFOLIO,6,coordination,bounded_native_c_call_events,12
complementary_k5_n7,fresh,O-ADD-PORTFOLIO,6,coordination,observed_python_opcode_events,1052
complementary_k5_n7,fresh,O-ADD-PORTFOLIO,6,producer_build,bounded_native_c_call_events,18737
complementary_k5_n7,fresh,O-ADD-PORTFOLIO,6,producer_build,observed_python_opcode_events,415346
complementary_k5_n7,fresh,O-ADD-PORTFOLIO,6,producer_export,bounded_native_c_call_events,11
complementary_k5_n7,fresh,O-ADD-PORTFOLIO,6,producer_export,observed_python_opcode_events,3751
complementary_k5_n7,fresh,O-ADD-PORTFOLIO,6,producer_export,proof_output_bytes,4965
complementary_k5_n7,fresh,O-ADD-PORTFOLIO,6,producer_input,bounded_native_c_call_events,1386
complementary_k5_n7,fresh,O-ADD-PORTFOLIO,6,producer_input,current_request_bytes,1962
complementary_k5_n7,fresh,O-ADD-PORTFOLIO,6,producer_input,observed_python_opcode_events,91221
complementary_k5_n7,fresh,O-ADD-PORTFOLIO,6,producer_storage,bounded_native_c_call_events,1137
complementary_k5_n7,fresh,O-ADD-PORTFOLIO,6,producer_storage,live_serialized_byte_periods,32535
complementary_k5_n7,fresh,O-ADD-PORTFOLIO,6,producer_storage,observed_python_opcode_events,31009
complementary_k5_n7,fresh,O-ADD-PORTFOLIO,6,receiver_check,bounded_native_c_call_events,7773
complementary_k5_n7,fresh,O-ADD-PORTFOLIO,6,receiver_check,observed_python_opcode_events,178030
complementary_k5_n7,fresh,O-ADD-PORTFOLIO,6,receiver_import,bounded_native_c_call_events,133
complementary_k5_n7,fresh,O-ADD-PORTFOLIO,6,receiver_import,observed_python_opcode_events,74827
complementary_k5_n7,fresh,O-ADD-PORTFOLIO,6,receiver_init,bounded_native_c_call_events,156
complementary_k5_n7,fresh,O-ADD-PORTFOLIO,6,receiver_init,observed_python_opcode_events,34509
complementary_k5_n7,fresh,O-ADD-PORTFOLIO,6,receiver_input,bounded_native_c_call_events,1386
complementary_k5_n7,fresh,O-ADD-PORTFOLIO,6,receiver_input,current_request_bytes,1962
complementary_k5_n7,fresh,O-ADD-PORTFOLIO,6,receiver_input,observed_python_opcode_events,91221
complementary_k5_n7,fresh,O-ADD-PORTFOLIO,6,receiver_input,proof_input_bytes,4965
complementary_k5_n7,fresh,O-ADD-PORTFOLIO,6,receiver_old_check,bounded_native_c_call_events,9242
complementary_k5_n7,fresh,O-ADD-PORTFOLIO,6,receiver_old_check,observed_python_opcode_events,533832
complementary_k5_n7,fresh,O-ADD-PORTFOLIO,6,receiver_old_input,bounded_native_c_call_events,2843
complementary_k5_n7,fresh,O-ADD-PORTFOLIO,6,receiver_old_input,observed_python_opcode_events,157404
complementary_k5_n7,fresh,O-ADD-PORTFOLIO,6,receiver_old_input,old_proof_input_bytes,11381
complementary_k5_n7,fresh,O-ADD-PORTFOLIO,6,receiver_old_input,old_request_bytes,2871
complementary_k5_n7,fresh,O-ADD-PORTFOLIO,6,receiver_storage,bounded_native_c_call_events,1491
complementary_k5_n7,fresh,O-ADD-PORTFOLIO,6,receiver_storage,live_serialized_byte_periods,60201
complementary_k5_n7,fresh,O-ADD-PORTFOLIO,6,receiver_storage,observed_python_opcode_events,132698
complementary_k5_n7,fresh,O-ADD-PORTFOLIO,6,request_encoding,bounded_native_c_call_events,1455
complementary_k5_n7,fresh,O-ADD-PORTFOLIO,6,request_encoding,observed_python_opcode_events,36749
complementary_k5_n7,fresh,O-ADD-PORTFOLIO,6,terminal,bounded_native_c_call_events,902
complementary_k5_n7,fresh,O-ADD-PORTFOLIO,6,terminal,candidate_publication_events,1
complementary_k5_n7,fresh,O-ADD-PORTFOLIO,6,terminal,current_receipt_output_bytes,3765
complementary_k5_n7,fresh,O-ADD-PORTFOLIO,6,terminal,delivery_events,1
complementary_k5_n7,fresh,O-ADD-PORTFOLIO,6,terminal,observed_python_opcode_events,22438
complementary_k5_n7,fresh,O-ADD-WARM,1,common_source,bounded_native_c_call_events,457
complementary_k5_n7,fresh,O-ADD-WARM,1,common_source,observed_python_opcode_events,40257
complementary_k5_n7,fresh,O-ADD-WARM,1,common_source,source_hash_bytes_prepaid,220827
complementary_k5_n7,fresh,O-ADD-WARM,1,common_source,source_length_probe_bytes_prepaid,10
complementary_k5_n7,fresh,O-ADD-WARM,1,common_source,source_program_bytes_prepaid,220827
complementary_k5_n7,fresh,O-ADD-WARM,1,common_source,source_record_bytes,1487
complementary_k5_n7,fresh,O-ADD-WARM,1,coordination,bounded_native_c_call_events,10
complementary_k5_n7,fresh,O-ADD-WARM,1,coordination,observed_python_opcode_events,628
complementary_k5_n7,fresh,O-ADD-WARM,1,producer_build,bounded_native_c_call_events,8963
complementary_k5_n7,fresh,O-ADD-WARM,1,producer_build,observed_python_opcode_events,299701
complementary_k5_n7,fresh,O-ADD-WARM,1,producer_export,bounded_native_c_call_events,8
complementary_k5_n7,fresh,O-ADD-WARM,1,producer_export,observed_python_opcode_events,260
complementary_k5_n7,fresh,O-ADD-WARM,1,producer_export,proof_output_bytes,9723
complementary_k5_n7,fresh,O-ADD-WARM,1,producer_init,bounded_native_c_call_events,19
complementary_k5_n7,fresh,O-ADD-WARM,1,producer_init,observed_python_opcode_events,891
complementary_k5_n7,fresh,O-ADD-WARM,1,producer_input,bounded_native_c_call_events,1201
complementary_k5_n7,fresh,O-ADD-WARM,1,producer_input,current_request_bytes,1810
complementary_k5_n7,fresh,O-ADD-WARM,1,producer_input,observed_python_opcode_events,83071
complementary_k5_n7,fresh,O-ADD-WARM,1,producer_storage,bounded_native_c_call_events,430
complementary_k5_n7,fresh,O-ADD-WARM,1,producer_storage,live_serialized_byte_periods,30964
complementary_k5_n7,fresh,O-ADD-WARM,1,producer_storage,observed_python_opcode_events,115670
complementary_k5_n7,fresh,O-ADD-WARM,1,receiver_check,bounded_native_c_call_events,9088
complementary_k5_n7,fresh,O-ADD-WARM,1,receiver_check,observed_python_opcode_events,536760
complementary_k5_n7,fresh,O-ADD-WARM,1,receiver_init,bounded_native_c_call_events,156
complementary_k5_n7,fresh,O-ADD-WARM,1,receiver_init,observed_python_opcode_events,34505
complementary_k5_n7,fresh,O-ADD-WARM,1,receiver_input,bounded_native_c_call_events,1201
complementary_k5_n7,fresh,O-ADD-WARM,1,receiver_input,current_request_bytes,1810
complementary_k5_n7,fresh,O-ADD-WARM,1,receiver_input,observed_python_opcode_events,83071
complementary_k5_n7,fresh,O-ADD-WARM,1,receiver_input,proof_input_bytes,9723
complementary_k5_n7,fresh,O-ADD-WARM,1,receiver_storage,bounded_native_c_call_events,22
complementary_k5_n7,fresh,O-ADD-WARM,1,receiver_storage,live_serialized_byte_periods,32686
complementary_k5_n7,fresh,O-ADD-WARM,1,receiver_storage,observed_python_opcode_events,53680
complementary_k5_n7,fresh,O-ADD-WARM,1,request_encoding,bounded_native_c_call_events,1302
complementary_k5_n7,fresh,O-ADD-WARM,1,request_encoding,observed_python_opcode_events,33081
complementary_k5_n7,fresh,O-ADD-WARM,1,terminal,bounded_native_c_call_events,823
complementary_k5_n7,fresh,O-ADD-WARM,1,terminal,candidate_publication_events,1
complementary_k5_n7,fresh,O-ADD-WARM,1,terminal,current_receipt_output_bytes,3613
complementary_k5_n7,fresh,O-ADD-WARM,1,terminal,delivery_events,1
complementary_k5_n7,fresh,O-ADD-WARM,1,terminal,observed_python_opcode_events,20476
complementary_k5_n7,fresh,O-ADD-WARM,2,coordination,bounded_native_c_call_events,10
complementary_k5_n7,fresh,O-ADD-WARM,2,coordination,observed_python_opcode_events,592
complementary_k5_n7,fresh,O-ADD-WARM,2,producer_build,bounded_native_c_call_events,5040
complementary_k5_n7,fresh,O-ADD-WARM,2,producer_build,observed_python_opcode_events,190543
complementary_k5_n7,fresh,O-ADD-WARM,2,producer_export,bounded_native_c_call_events,8
complementary_k5_n7,fresh,O-ADD-WARM,2,producer_export,observed_python_opcode_events,260
complementary_k5_n7,fresh,O-ADD-WARM,2,producer_export,proof_output_bytes,10278
complementary_k5_n7,fresh,O-ADD-WARM,2,producer_input,bounded_native_c_call_events,1230
complementary_k5_n7,fresh,O-ADD-WARM,2,producer_input,current_request_bytes,1832
complementary_k5_n7,fresh,O-ADD-WARM,2,producer_input,observed_python_opcode_events,84486
complementary_k5_n7,fresh,O-ADD-WARM,2,producer_storage,bounded_native_c_call_events,456
complementary_k5_n7,fresh,O-ADD-WARM,2,producer_storage,live_serialized_byte_periods,32793
complementary_k5_n7,fresh,O-ADD-WARM,2,producer_storage,observed_python_opcode_events,129445
complementary_k5_n7,fresh,O-ADD-WARM,2,receiver_check,bounded_native_c_call_events,10158
complementary_k5_n7,fresh,O-ADD-WARM,2,receiver_check,observed_python_opcode_events,583302
complementary_k5_n7,fresh,O-ADD-WARM,2,receiver_init,bounded_native_c_call_events,156
complementary_k5_n7,fresh,O-ADD-WARM,2,receiver_init,observed_python_opcode_events,34505
complementary_k5_n7,fresh,O-ADD-WARM,2,receiver_input,bounded_native_c_call_events,1230
complementary_k5_n7,fresh,O-ADD-WARM,2,receiver_input,current_request_bytes,1832
complementary_k5_n7,fresh,O-ADD-WARM,2,receiver_input,observed_python_opcode_events,84486
complementary_k5_n7,fresh,O-ADD-WARM,2,receiver_input,proof_input_bytes,10278
complementary_k5_n7,fresh,O-ADD-WARM,2,receiver_storage,bounded_native_c_call_events,22
complementary_k5_n7,fresh,O-ADD-WARM,2,receiver_storage,live_serialized_byte_periods,34159
complementary_k5_n7,fresh,O-ADD-WARM,2,receiver_storage,observed_python_opcode_events,62345
complementary_k5_n7,fresh,O-ADD-WARM,2,request_encoding,bounded_native_c_call_events,1338
complementary_k5_n7,fresh,O-ADD-WARM,2,request_encoding,observed_python_opcode_events,33891
complementary_k5_n7,fresh,O-ADD-WARM,2,terminal,bounded_native_c_call_events,855
complementary_k5_n7,fresh,O-ADD-WARM,2,terminal,candidate_publication_events,1
complementary_k5_n7,fresh,O-ADD-WARM,2,terminal,current_receipt_output_bytes,3635
complementary_k5_n7,fresh,O-ADD-WARM,2,terminal,delivery_events,1
complementary_k5_n7,fresh,O-ADD-WARM,2,terminal,observed_python_opcode_events,21220
complementary_k5_n7,fresh,O-ADD-WARM,3,coordination,bounded_native_c_call_events,10
complementary_k5_n7,fresh,O-ADD-WARM,3,coordination,observed_python_opcode_events,592
complementary_k5_n7,fresh,O-ADD-WARM,3,producer_build,bounded_native_c_call_events,5659
complementary_k5_n7,fresh,O-ADD-WARM,3,producer_build,observed_python_opcode_events,217352
complementary_k5_n7,fresh,O-ADD-WARM,3,producer_export,bounded_native_c_call_events,8
complementary_k5_n7,fresh,O-ADD-WARM,3,producer_export,observed_python_opcode_events,260
complementary_k5_n7,fresh,O-ADD-WARM,3,producer_export,proof_output_bytes,11318
complementary_k5_n7,fresh,O-ADD-WARM,3,producer_input,bounded_native_c_call_events,1228
complementary_k5_n7,fresh,O-ADD-WARM,3,producer_input,current_request_bytes,1838
complementary_k5_n7,fresh,O-ADD-WARM,3,producer_input,observed_python_opcode_events,84659
complementary_k5_n7,fresh,O-ADD-WARM,3,producer_storage,bounded_native_c_call_events,482
complementary_k5_n7,fresh,O-ADD-WARM,3,producer_storage,live_serialized_byte_periods,36283
complementary_k5_n7,fresh,O-ADD-WARM,3,producer_storage,observed_python_opcode_events,156595
complementary_k5_n7,fresh,O-ADD-WARM,3,receiver_check,bounded_native_c_call_events,12079
complementary_k5_n7,fresh,O-ADD-WARM,3,receiver_check,observed_python_opcode_events,670921
complementary_k5_n7,fresh,O-ADD-WARM,3,receiver_init,bounded_native_c_call_events,156
complementary_k5_n7,fresh,O-ADD-WARM,3,receiver_init,observed_python_opcode_events,34505
complementary_k5_n7,fresh,O-ADD-WARM,3,receiver_input,bounded_native_c_call_events,1228
complementary_k5_n7,fresh,O-ADD-WARM,3,receiver_input,current_request_bytes,1838
complementary_k5_n7,fresh,O-ADD-WARM,3,receiver_input,observed_python_opcode_events,84659
complementary_k5_n7,fresh,O-ADD-WARM,3,receiver_input,proof_input_bytes,11318
complementary_k5_n7,fresh,O-ADD-WARM,3,receiver_storage,bounded_native_c_call_events,22
complementary_k5_n7,fresh,O-ADD-WARM,3,receiver_storage,live_serialized_byte_periods,36934
complementary_k5_n7,fresh,O-ADD-WARM,3,receiver_storage,observed_python_opcode_events,80896
complementary_k5_n7,fresh,O-ADD-WARM,3,request_encoding,bounded_native_c_call_events,1338
complementary_k5_n7,fresh,O-ADD-WARM,3,request_encoding,observed_python_opcode_events,33899
complementary_k5_n7,fresh,O-ADD-WARM,3,terminal,bounded_native_c_call_events,813
complementary_k5_n7,fresh,O-ADD-WARM,3,terminal,candidate_publication_events,1
complementary_k5_n7,fresh,O-ADD-WARM,3,terminal,current_receipt_output_bytes,3641
complementary_k5_n7,fresh,O-ADD-WARM,3,terminal,delivery_events,1
complementary_k5_n7,fresh,O-ADD-WARM,3,terminal,observed_python_opcode_events,20344
complementary_k5_n7,fresh,O-ADD-WARM,4,coordination,bounded_native_c_call_events,10
complementary_k5_n7,fresh,O-ADD-WARM,4,coordination,observed_python_opcode_events,592
complementary_k5_n7,fresh,O-ADD-WARM,4,producer_build,bounded_native_c_call_events,6223
complementary_k5_n7,fresh,O-ADD-WARM,4,producer_build,observed_python_opcode_events,241112
complementary_k5_n7,fresh,O-ADD-WARM,4,producer_export,bounded_native_c_call_events,8
complementary_k5_n7,fresh,O-ADD-WARM,4,producer_export,observed_python_opcode_events,260
complementary_k5_n7,fresh,O-ADD-WARM,4,producer_export,proof_output_bytes,12618
complementary_k5_n7,fresh,O-ADD-WARM,4,producer_input,bounded_native_c_call_events,1329
complementary_k5_n7,fresh,O-ADD-WARM,4,producer_input,current_request_bytes,1931
complementary_k5_n7,fresh,O-ADD-WARM,4,producer_input,observed_python_opcode_events,89318
complementary_k5_n7,fresh,O-ADD-WARM,4,producer_storage,bounded_native_c_call_events,514
complementary_k5_n7,fresh,O-ADD-WARM,4,producer_storage,live_serialized_byte_periods,40603
complementary_k5_n7,fresh,O-ADD-WARM,4,producer_storage,observed_python_opcode_events,186990
complementary_k5_n7,fresh,O-ADD-WARM,4,receiver_check,bounded_native_c_call_events,14454
complementary_k5_n7,fresh,O-ADD-WARM,4,receiver_check,observed_python_opcode_events,777641
complementary_k5_n7,fresh,O-ADD-WARM,4,receiver_init,bounded_native_c_call_events,156
complementary_k5_n7,fresh,O-ADD-WARM,4,receiver_init,observed_python_opcode_events,34505
complementary_k5_n7,fresh,O-ADD-WARM,4,receiver_input,bounded_native_c_call_events,1329
complementary_k5_n7,fresh,O-ADD-WARM,4,receiver_input,current_request_bytes,1931
complementary_k5_n7,fresh,O-ADD-WARM,4,receiver_input,observed_python_opcode_events,89318
complementary_k5_n7,fresh,O-ADD-WARM,4,receiver_input,proof_input_bytes,12618
complementary_k5_n7,fresh,O-ADD-WARM,4,receiver_storage,bounded_native_c_call_events,22
complementary_k5_n7,fresh,O-ADD-WARM,4,receiver_storage,live_serialized_byte_periods,40668
complementary_k5_n7,fresh,O-ADD-WARM,4,receiver_storage,observed_python_opcode_events,101494
complementary_k5_n7,fresh,O-ADD-WARM,4,request_encoding,bounded_native_c_call_events,1414
complementary_k5_n7,fresh,O-ADD-WARM,4,request_encoding,observed_python_opcode_events,35821
complementary_k5_n7,fresh,O-ADD-WARM,4,terminal,bounded_native_c_call_events,927
complementary_k5_n7,fresh,O-ADD-WARM,4,terminal,candidate_publication_events,1
complementary_k5_n7,fresh,O-ADD-WARM,4,terminal,current_receipt_output_bytes,3734
complementary_k5_n7,fresh,O-ADD-WARM,4,terminal,delivery_events,1
complementary_k5_n7,fresh,O-ADD-WARM,4,terminal,observed_python_opcode_events,22977
complementary_k5_n7,fresh,O-ADD-WARM,5,coordination,bounded_native_c_call_events,10
complementary_k5_n7,fresh,O-ADD-WARM,5,coordination,observed_python_opcode_events,592
complementary_k5_n7,fresh,O-ADD-WARM,5,producer_build,bounded_native_c_call_events,5869
complementary_k5_n7,fresh,O-ADD-WARM,5,producer_build,observed_python_opcode_events,233875
complementary_k5_n7,fresh,O-ADD-WARM,5,producer_export,bounded_native_c_call_events,8
complementary_k5_n7,fresh,O-ADD-WARM,5,producer_export,observed_python_opcode_events,260
complementary_k5_n7,fresh,O-ADD-WARM,5,producer_export,proof_output_bytes,13425
complementary_k5_n7,fresh,O-ADD-WARM,5,producer_input,bounded_native_c_call_events,1325
complementary_k5_n7,fresh,O-ADD-WARM,5,producer_input,current_request_bytes,1935
complementary_k5_n7,fresh,O-ADD-WARM,5,producer_input,observed_python_opcode_events,89436
complementary_k5_n7,fresh,O-ADD-WARM,5,producer_storage,bounded_native_c_call_events,540
complementary_k5_n7,fresh,O-ADD-WARM,5,producer_storage,live_serialized_byte_periods,43276
complementary_k5_n7,fresh,O-ADD-WARM,5,producer_storage,observed_python_opcode_events,205842
complementary_k5_n7,fresh,O-ADD-WARM,5,receiver_check,bounded_native_c_call_events,15821
complementary_k5_n7,fresh,O-ADD-WARM,5,receiver_check,observed_python_opcode_events,840546
complementary_k5_n7,fresh,O-ADD-WARM,5,receiver_init,bounded_native_c_call_events,156
complementary_k5_n7,fresh,O-ADD-WARM,5,receiver_init,observed_python_opcode_events,34505
complementary_k5_n7,fresh,O-ADD-WARM,5,receiver_input,bounded_native_c_call_events,1325
complementary_k5_n7,fresh,O-ADD-WARM,5,receiver_input,current_request_bytes,1935
complementary_k5_n7,fresh,O-ADD-WARM,5,receiver_input,observed_python_opcode_events,89436
complementary_k5_n7,fresh,O-ADD-WARM,5,receiver_input,proof_input_bytes,13425
complementary_k5_n7,fresh,O-ADD-WARM,5,receiver_storage,bounded_native_c_call_events,22
complementary_k5_n7,fresh,O-ADD-WARM,5,receiver_storage,live_serialized_byte_periods,42728
complementary_k5_n7,fresh,O-ADD-WARM,5,receiver_storage,observed_python_opcode_events,113605
complementary_k5_n7,fresh,O-ADD-WARM,5,request_encoding,bounded_native_c_call_events,1414
complementary_k5_n7,fresh,O-ADD-WARM,5,request_encoding,observed_python_opcode_events,35843
complementary_k5_n7,fresh,O-ADD-WARM,5,terminal,bounded_native_c_call_events,875
complementary_k5_n7,fresh,O-ADD-WARM,5,terminal,candidate_publication_events,1
complementary_k5_n7,fresh,O-ADD-WARM,5,terminal,current_receipt_output_bytes,3738
complementary_k5_n7,fresh,O-ADD-WARM,5,terminal,delivery_events,1
complementary_k5_n7,fresh,O-ADD-WARM,5,terminal,observed_python_opcode_events,21765
complementary_k5_n7,fresh,O-ADD-WARM,6,coordination,bounded_native_c_call_events,10
complementary_k5_n7,fresh,O-ADD-WARM,6,coordination,observed_python_opcode_events,592
complementary_k5_n7,fresh,O-ADD-WARM,6,producer_build,bounded_native_c_call_events,6755
complementary_k5_n7,fresh,O-ADD-WARM,6,producer_build,observed_python_opcode_events,263221
complementary_k5_n7,fresh,O-ADD-WARM,6,producer_export,bounded_native_c_call_events,8
complementary_k5_n7,fresh,O-ADD-WARM,6,producer_export,observed_python_opcode_events,260
complementary_k5_n7,fresh,O-ADD-WARM,6,producer_export,proof_output_bytes,14751
complementary_k5_n7,fresh,O-ADD-WARM,6,producer_input,bounded_native_c_call_events,1386
complementary_k5_n7,fresh,O-ADD-WARM,6,producer_input,current_request_bytes,1962
complementary_k5_n7,fresh,O-ADD-WARM,6,producer_input,observed_python_opcode_events,91221
complementary_k5_n7,fresh,O-ADD-WARM,6,producer_storage,bounded_native_c_call_events,666
complementary_k5_n7,fresh,O-ADD-WARM,6,producer_storage,live_serialized_byte_periods,47705
complementary_k5_n7,fresh,O-ADD-WARM,6,producer_storage,observed_python_opcode_events,231686
complementary_k5_n7,fresh,O-ADD-WARM,6,receiver_check,bounded_native_c_call_events,17748
complementary_k5_n7,fresh,O-ADD-WARM,6,receiver_check,observed_python_opcode_events,937085
complementary_k5_n7,fresh,O-ADD-WARM,6,receiver_init,bounded_native_c_call_events,156
complementary_k5_n7,fresh,O-ADD-WARM,6,receiver_init,observed_python_opcode_events,34505
complementary_k5_n7,fresh,O-ADD-WARM,6,receiver_input,bounded_native_c_call_events,1386
complementary_k5_n7,fresh,O-ADD-WARM,6,receiver_input,current_request_bytes,1962
complementary_k5_n7,fresh,O-ADD-WARM,6,receiver_input,observed_python_opcode_events,91221
complementary_k5_n7,fresh,O-ADD-WARM,6,receiver_input,proof_input_bytes,14751
complementary_k5_n7,fresh,O-ADD-WARM,6,receiver_storage,bounded_native_c_call_events,22
complementary_k5_n7,fresh,O-ADD-WARM,6,receiver_storage,live_serialized_byte_periods,46151
complementary_k5_n7,fresh,O-ADD-WARM,6,receiver_storage,observed_python_opcode_events,127582
complementary_k5_n7,fresh,O-ADD-WARM,6,request_encoding,bounded_native_c_call_events,1455
complementary_k5_n7,fresh,O-ADD-WARM,6,request_encoding,observed_python_opcode_events,36749
complementary_k5_n7,fresh,O-ADD-WARM,6,terminal,bounded_native_c_call_events,902
complementary_k5_n7,fresh,O-ADD-WARM,6,terminal,candidate_publication_events,1
complementary_k5_n7,fresh,O-ADD-WARM,6,terminal,current_receipt_output_bytes,3765
complementary_k5_n7,fresh,O-ADD-WARM,6,terminal,delivery_events,1
complementary_k5_n7,fresh,O-ADD-WARM,6,terminal,observed_python_opcode_events,22438
complementary_k5_n7,fresh,O-ADD-WARM-PRUNED,1,common_source,bounded_native_c_call_events,457
complementary_k5_n7,fresh,O-ADD-WARM-PRUNED,1,common_source,observed_python_opcode_events,40257
complementary_k5_n7,fresh,O-ADD-WARM-PRUNED,1,common_source,source_hash_bytes_prepaid,220827
complementary_k5_n7,fresh,O-ADD-WARM-PRUNED,1,common_source,source_length_probe_bytes_prepaid,10
complementary_k5_n7,fresh,O-ADD-WARM-PRUNED,1,common_source,source_program_bytes_prepaid,220827
complementary_k5_n7,fresh,O-ADD-WARM-PRUNED,1,common_source,source_record_bytes,1487
complementary_k5_n7,fresh,O-ADD-WARM-PRUNED,1,coordination,bounded_native_c_call_events,10
complementary_k5_n7,fresh,O-ADD-WARM-PRUNED,1,coordination,observed_python_opcode_events,576
complementary_k5_n7,fresh,O-ADD-WARM-PRUNED,1,producer_build,bounded_native_c_call_events,8963
complementary_k5_n7,fresh,O-ADD-WARM-PRUNED,1,producer_build,observed_python_opcode_events,299701
complementary_k5_n7,fresh,O-ADD-WARM-PRUNED,1,producer_export,bounded_native_c_call_events,8
complementary_k5_n7,fresh,O-ADD-WARM-PRUNED,1,producer_export,observed_python_opcode_events,261
complementary_k5_n7,fresh,O-ADD-WARM-PRUNED,1,producer_export,proof_output_bytes,9723
complementary_k5_n7,fresh,O-ADD-WARM-PRUNED,1,producer_init,bounded_native_c_call_events,19
complementary_k5_n7,fresh,O-ADD-WARM-PRUNED,1,producer_init,observed_python_opcode_events,891
complementary_k5_n7,fresh,O-ADD-WARM-PRUNED,1,producer_input,bounded_native_c_call_events,1201
complementary_k5_n7,fresh,O-ADD-WARM-PRUNED,1,producer_input,current_request_bytes,1810
complementary_k5_n7,fresh,O-ADD-WARM-PRUNED,1,producer_input,observed_python_opcode_events,83072
complementary_k5_n7,fresh,O-ADD-WARM-PRUNED,1,producer_prune,bounded_native_c_call_events,11758
complementary_k5_n7,fresh,O-ADD-WARM-PRUNED,1,producer_prune,observed_python_opcode_events,449458
complementary_k5_n7,fresh,O-ADD-WARM-PRUNED,1,producer_storage,bounded_native_c_call_events,430
complementary_k5_n7,fresh,O-ADD-WARM-PRUNED,1,producer_storage,live_serialized_byte_periods,30999
complementary_k5_n7,fresh,O-ADD-WARM-PRUNED,1,producer_storage,observed_python_opcode_events,115722
complementary_k5_n7,fresh,O-ADD-WARM-PRUNED,1,receiver_check,bounded_native_c_call_events,9088
complementary_k5_n7,fresh,O-ADD-WARM-PRUNED,1,receiver_check,observed_python_opcode_events,536760
complementary_k5_n7,fresh,O-ADD-WARM-PRUNED,1,receiver_init,bounded_native_c_call_events,156
complementary_k5_n7,fresh,O-ADD-WARM-PRUNED,1,receiver_init,observed_python_opcode_events,34505
complementary_k5_n7,fresh,O-ADD-WARM-PRUNED,1,receiver_input,bounded_native_c_call_events,1201
complementary_k5_n7,fresh,O-ADD-WARM-PRUNED,1,receiver_input,current_request_bytes,1810
complementary_k5_n7,fresh,O-ADD-WARM-PRUNED,1,receiver_input,observed_python_opcode_events,83072
complementary_k5_n7,fresh,O-ADD-WARM-PRUNED,1,receiver_input,proof_input_bytes,9723
complementary_k5_n7,fresh,O-ADD-WARM-PRUNED,1,receiver_storage,bounded_native_c_call_events,22
complementary_k5_n7,fresh,O-ADD-WARM-PRUNED,1,receiver_storage,live_serialized_byte_periods,32686
complementary_k5_n7,fresh,O-ADD-WARM-PRUNED,1,receiver_storage,observed_python_opcode_events,53680
complementary_k5_n7,fresh,O-ADD-WARM-PRUNED,1,request_encoding,bounded_native_c_call_events,1302
complementary_k5_n7,fresh,O-ADD-WARM-PRUNED,1,request_encoding,observed_python_opcode_events,33082
complementary_k5_n7,fresh,O-ADD-WARM-PRUNED,1,terminal,bounded_native_c_call_events,823
complementary_k5_n7,fresh,O-ADD-WARM-PRUNED,1,terminal,candidate_publication_events,1
complementary_k5_n7,fresh,O-ADD-WARM-PRUNED,1,terminal,current_receipt_output_bytes,3613
complementary_k5_n7,fresh,O-ADD-WARM-PRUNED,1,terminal,delivery_events,1
complementary_k5_n7,fresh,O-ADD-WARM-PRUNED,1,terminal,observed_python_opcode_events,20478
complementary_k5_n7,fresh,O-ADD-WARM-PRUNED,2,coordination,bounded_native_c_call_events,10
complementary_k5_n7,fresh,O-ADD-WARM-PRUNED,2,coordination,observed_python_opcode_events,540
complementary_k5_n7,fresh,O-ADD-WARM-PRUNED,2,producer_build,bounded_native_c_call_events,5040
complementary_k5_n7,fresh,O-ADD-WARM-PRUNED,2,producer_build,observed_python_opcode_events,190543
complementary_k5_n7,fresh,O-ADD-WARM-PRUNED,2,producer_export,bounded_native_c_call_events,8
complementary_k5_n7,fresh,O-ADD-WARM-PRUNED,2,producer_export,observed_python_opcode_events,261
complementary_k5_n7,fresh,O-ADD-WARM-PRUNED,2,producer_export,proof_output_bytes,10132
complementary_k5_n7,fresh,O-ADD-WARM-PRUNED,2,producer_input,bounded_native_c_call_events,1230
complementary_k5_n7,fresh,O-ADD-WARM-PRUNED,2,producer_input,current_request_bytes,1832
complementary_k5_n7,fresh,O-ADD-WARM-PRUNED,2,producer_input,observed_python_opcode_events,84487
complementary_k5_n7,fresh,O-ADD-WARM-PRUNED,2,producer_prune,bounded_native_c_call_events,12828
complementary_k5_n7,fresh,O-ADD-WARM-PRUNED,2,producer_prune,observed_python_opcode_events,490663
complementary_k5_n7,fresh,O-ADD-WARM-PRUNED,2,producer_storage,bounded_native_c_call_events,456
complementary_k5_n7,fresh,O-ADD-WARM-PRUNED,2,producer_storage,live_serialized_byte_periods,32662
complementary_k5_n7,fresh,O-ADD-WARM-PRUNED,2,producer_storage,observed_python_opcode_events,129497
complementary_k5_n7,fresh,O-ADD-WARM-PRUNED,2,receiver_check,bounded_native_c_call_events,9857
complementary_k5_n7,fresh,O-ADD-WARM-PRUNED,2,receiver_check,observed_python_opcode_events,570309
complementary_k5_n7,fresh,O-ADD-WARM-PRUNED,2,receiver_init,bounded_native_c_call_events,156
complementary_k5_n7,fresh,O-ADD-WARM-PRUNED,2,receiver_init,observed_python_opcode_events,34505
complementary_k5_n7,fresh,O-ADD-WARM-PRUNED,2,receiver_input,bounded_native_c_call_events,1230
complementary_k5_n7,fresh,O-ADD-WARM-PRUNED,2,receiver_input,current_request_bytes,1832
complementary_k5_n7,fresh,O-ADD-WARM-PRUNED,2,receiver_input,observed_python_opcode_events,84487
complementary_k5_n7,fresh,O-ADD-WARM-PRUNED,2,receiver_input,proof_input_bytes,10132
complementary_k5_n7,fresh,O-ADD-WARM-PRUNED,2,receiver_storage,bounded_native_c_call_events,22
complementary_k5_n7,fresh,O-ADD-WARM-PRUNED,2,receiver_storage,live_serialized_byte_periods,33825
complementary_k5_n7,fresh,O-ADD-WARM-PRUNED,2,receiver_storage,observed_python_opcode_events,60309
complementary_k5_n7,fresh,O-ADD-WARM-PRUNED,2,request_encoding,bounded_native_c_call_events,1338
complementary_k5_n7,fresh,O-ADD-WARM-PRUNED,2,request_encoding,observed_python_opcode_events,33892
complementary_k5_n7,fresh,O-ADD-WARM-PRUNED,2,terminal,bounded_native_c_call_events,855
complementary_k5_n7,fresh,O-ADD-WARM-PRUNED,2,terminal,candidate_publication_events,1
complementary_k5_n7,fresh,O-ADD-WARM-PRUNED,2,terminal,current_receipt_output_bytes,3635
complementary_k5_n7,fresh,O-ADD-WARM-PRUNED,2,terminal,delivery_events,1
complementary_k5_n7,fresh,O-ADD-WARM-PRUNED,2,terminal,observed_python_opcode_events,21222
complementary_k5_n7,fresh,O-ADD-WARM-PRUNED,3,coordination,bounded_native_c_call_events,10
complementary_k5_n7,fresh,O-ADD-WARM-PRUNED,3,coordination,observed_python_opcode_events,540
complementary_k5_n7,fresh,O-ADD-WARM-PRUNED,3,producer_build,bounded_native_c_call_events,5659
complementary_k5_n7,fresh,O-ADD-WARM-PRUNED,3,producer_build,observed_python_opcode_events,217352
complementary_k5_n7,fresh,O-ADD-WARM-PRUNED,3,producer_export,bounded_native_c_call_events,8
complementary_k5_n7,fresh,O-ADD-WARM-PRUNED,3,producer_export,observed_python_opcode_events,261
complementary_k5_n7,fresh,O-ADD-WARM-PRUNED,3,producer_export,proof_output_bytes,10639
complementary_k5_n7,fresh,O-ADD-WARM-PRUNED,3,producer_input,bounded_native_c_call_events,1228
complementary_k5_n7,fresh,O-ADD-WARM-PRUNED,3,producer_input,current_request_bytes,1838
complementary_k5_n7,fresh,O-ADD-WARM-PRUNED,3,producer_input,observed_python_opcode_events,84660
complementary_k5_n7,fresh,O-ADD-WARM-PRUNED,3,producer_prune,bounded_native_c_call_events,14342
complementary_k5_n7,fresh,O-ADD-WARM-PRUNED,3,producer_prune,observed_python_opcode_events,552686
complementary_k5_n7,fresh,O-ADD-WARM-PRUNED,3,producer_storage,bounded_native_c_call_events,482
complementary_k5_n7,fresh,O-ADD-WARM-PRUNED,3,producer_storage,live_serialized_byte_periods,35541
complementary_k5_n7,fresh,O-ADD-WARM-PRUNED,3,producer_storage,observed_python_opcode_events,156647
complementary_k5_n7,fresh,O-ADD-WARM-PRUNED,3,receiver_check,bounded_native_c_call_events,10756
complementary_k5_n7,fresh,O-ADD-WARM-PRUNED,3,receiver_check,observed_python_opcode_events,612971
complementary_k5_n7,fresh,O-ADD-WARM-PRUNED,3,receiver_init,bounded_native_c_call_events,156
complementary_k5_n7,fresh,O-ADD-WARM-PRUNED,3,receiver_init,observed_python_opcode_events,34505
complementary_k5_n7,fresh,O-ADD-WARM-PRUNED,3,receiver_input,bounded_native_c_call_events,1228
complementary_k5_n7,fresh,O-ADD-WARM-PRUNED,3,receiver_input,current_request_bytes,1838
complementary_k5_n7,fresh,O-ADD-WARM-PRUNED,3,receiver_input,observed_python_opcode_events,84660
complementary_k5_n7,fresh,O-ADD-WARM-PRUNED,3,receiver_input,proof_input_bytes,10639
complementary_k5_n7,fresh,O-ADD-WARM-PRUNED,3,receiver_storage,bounded_native_c_call_events,22
complementary_k5_n7,fresh,O-ADD-WARM-PRUNED,3,receiver_storage,live_serialized_byte_periods,35247
complementary_k5_n7,fresh,O-ADD-WARM-PRUNED,3,receiver_storage,observed_python_opcode_events,70195
complementary_k5_n7,fresh,O-ADD-WARM-PRUNED,3,request_encoding,bounded_native_c_call_events,1338
complementary_k5_n7,fresh,O-ADD-WARM-PRUNED,3,request_encoding,observed_python_opcode_events,33900
complementary_k5_n7,fresh,O-ADD-WARM-PRUNED,3,terminal,bounded_native_c_call_events,813
complementary_k5_n7,fresh,O-ADD-WARM-PRUNED,3,terminal,candidate_publication_events,1
complementary_k5_n7,fresh,O-ADD-WARM-PRUNED,3,terminal,current_receipt_output_bytes,3641
complementary_k5_n7,fresh,O-ADD-WARM-PRUNED,3,terminal,delivery_events,1
complementary_k5_n7,fresh,O-ADD-WARM-PRUNED,3,terminal,observed_python_opcode_events,20346
complementary_k5_n7,fresh,O-ADD-WARM-PRUNED,4,coordination,bounded_native_c_call_events,10
complementary_k5_n7,fresh,O-ADD-WARM-PRUNED,4,coordination,observed_python_opcode_events,540
complementary_k5_n7,fresh,O-ADD-WARM-PRUNED,4,producer_build,bounded_native_c_call_events,6223
complementary_k5_n7,fresh,O-ADD-WARM-PRUNED,4,producer_build,observed_python_opcode_events,241112
complementary_k5_n7,fresh,O-ADD-WARM-PRUNED,4,producer_export,bounded_native_c_call_events,8
complementary_k5_n7,fresh,O-ADD-WARM-PRUNED,4,producer_export,observed_python_opcode_events,261
complementary_k5_n7,fresh,O-ADD-WARM-PRUNED,4,producer_export,proof_output_bytes,11108
complementary_k5_n7,fresh,O-ADD-WARM-PRUNED,4,producer_input,bounded_native_c_call_events,1329
complementary_k5_n7,fresh,O-ADD-WARM-PRUNED,4,producer_input,current_request_bytes,1931
complementary_k5_n7,fresh,O-ADD-WARM-PRUNED,4,producer_input,observed_python_opcode_events,89319
complementary_k5_n7,fresh,O-ADD-WARM-PRUNED,4,producer_prune,bounded_native_c_call_events,15955
complementary_k5_n7,fresh,O-ADD-WARM-PRUNED,4,producer_prune,observed_python_opcode_events,614199
complementary_k5_n7,fresh,O-ADD-WARM-PRUNED,4,producer_storage,bounded_native_c_call_events,514
complementary_k5_n7,fresh,O-ADD-WARM-PRUNED,4,producer_storage,live_serialized_byte_periods,38918
complementary_k5_n7,fresh,O-ADD-WARM-PRUNED,4,producer_storage,observed_python_opcode_events,187042
complementary_k5_n7,fresh,O-ADD-WARM-PRUNED,4,receiver_check,bounded_native_c_call_events,11615
complementary_k5_n7,fresh,O-ADD-WARM-PRUNED,4,receiver_check,observed_python_opcode_events,649418
complementary_k5_n7,fresh,O-ADD-WARM-PRUNED,4,receiver_init,bounded_native_c_call_events,156
complementary_k5_n7,fresh,O-ADD-WARM-PRUNED,4,receiver_init,observed_python_opcode_events,34505
complementary_k5_n7,fresh,O-ADD-WARM-PRUNED,4,receiver_input,bounded_native_c_call_events,1329
complementary_k5_n7,fresh,O-ADD-WARM-PRUNED,4,receiver_input,current_request_bytes,1931
complementary_k5_n7,fresh,O-ADD-WARM-PRUNED,4,receiver_input,observed_python_opcode_events,89319
complementary_k5_n7,fresh,O-ADD-WARM-PRUNED,4,receiver_input,proof_input_bytes,11108
complementary_k5_n7,fresh,O-ADD-WARM-PRUNED,4,receiver_storage,bounded_native_c_call_events,22
complementary_k5_n7,fresh,O-ADD-WARM-PRUNED,4,receiver_storage,live_serialized_byte_periods,36739
complementary_k5_n7,fresh,O-ADD-WARM-PRUNED,4,receiver_storage,observed_python_opcode_events,76180
complementary_k5_n7,fresh,O-ADD-WARM-PRUNED,4,request_encoding,bounded_native_c_call_events,1414
complementary_k5_n7,fresh,O-ADD-WARM-PRUNED,4,request_encoding,observed_python_opcode_events,35822
complementary_k5_n7,fresh,O-ADD-WARM-PRUNED,4,terminal,bounded_native_c_call_events,927
complementary_k5_n7,fresh,O-ADD-WARM-PRUNED,4,terminal,candidate_publication_events,1
complementary_k5_n7,fresh,O-ADD-WARM-PRUNED,4,terminal,current_receipt_output_bytes,3734
complementary_k5_n7,fresh,O-ADD-WARM-PRUNED,4,terminal,delivery_events,1
complementary_k5_n7,fresh,O-ADD-WARM-PRUNED,4,terminal,observed_python_opcode_events,22979
complementary_k5_n7,fresh,O-ADD-WARM-PRUNED,5,coordination,bounded_native_c_call_events,10
complementary_k5_n7,fresh,O-ADD-WARM-PRUNED,5,coordination,observed_python_opcode_events,540
complementary_k5_n7,fresh,O-ADD-WARM-PRUNED,5,producer_build,bounded_native_c_call_events,5869
complementary_k5_n7,fresh,O-ADD-WARM-PRUNED,5,producer_build,observed_python_opcode_events,233875
complementary_k5_n7,fresh,O-ADD-WARM-PRUNED,5,producer_export,bounded_native_c_call_events,8
complementary_k5_n7,fresh,O-ADD-WARM-PRUNED,5,producer_export,observed_python_opcode_events,261
complementary_k5_n7,fresh,O-ADD-WARM-PRUNED,5,producer_export,proof_output_bytes,10661
complementary_k5_n7,fresh,O-ADD-WARM-PRUNED,5,producer_input,bounded_native_c_call_events,1325
complementary_k5_n7,fresh,O-ADD-WARM-PRUNED,5,producer_input,current_request_bytes,1935
complementary_k5_n7,fresh,O-ADD-WARM-PRUNED,5,producer_input,observed_python_opcode_events,89437
complementary_k5_n7,fresh,O-ADD-WARM-PRUNED,5,producer_prune,bounded_native_c_call_events,15793
complementary_k5_n7,fresh,O-ADD-WARM-PRUNED,5,producer_prune,observed_python_opcode_events,606108
complementary_k5_n7,fresh,O-ADD-WARM-PRUNED,5,producer_storage,bounded_native_c_call_events,540
complementary_k5_n7,fresh,O-ADD-WARM-PRUNED,5,producer_storage,live_serialized_byte_periods,40171
complementary_k5_n7,fresh,O-ADD-WARM-PRUNED,5,producer_storage,observed_python_opcode_events,205894
complementary_k5_n7,fresh,O-ADD-WARM-PRUNED,5,receiver_check,bounded_native_c_call_events,10724
complementary_k5_n7,fresh,O-ADD-WARM-PRUNED,5,receiver_check,observed_python_opcode_events,608204
complementary_k5_n7,fresh,O-ADD-WARM-PRUNED,5,receiver_init,bounded_native_c_call_events,156
complementary_k5_n7,fresh,O-ADD-WARM-PRUNED,5,receiver_init,observed_python_opcode_events,34505
complementary_k5_n7,fresh,O-ADD-WARM-PRUNED,5,receiver_input,bounded_native_c_call_events,1325
complementary_k5_n7,fresh,O-ADD-WARM-PRUNED,5,receiver_input,current_request_bytes,1935
complementary_k5_n7,fresh,O-ADD-WARM-PRUNED,5,receiver_input,observed_python_opcode_events,89437
complementary_k5_n7,fresh,O-ADD-WARM-PRUNED,5,receiver_input,proof_input_bytes,10661
complementary_k5_n7,fresh,O-ADD-WARM-PRUNED,5,receiver_storage,bounded_native_c_call_events,22
complementary_k5_n7,fresh,O-ADD-WARM-PRUNED,5,receiver_storage,live_serialized_byte_periods,35460
complementary_k5_n7,fresh,O-ADD-WARM-PRUNED,5,receiver_storage,observed_python_opcode_events,66960
complementary_k5_n7,fresh,O-ADD-WARM-PRUNED,5,request_encoding,bounded_native_c_call_events,1414
complementary_k5_n7,fresh,O-ADD-WARM-PRUNED,5,request_encoding,observed_python_opcode_events,35844
complementary_k5_n7,fresh,O-ADD-WARM-PRUNED,5,terminal,bounded_native_c_call_events,875
complementary_k5_n7,fresh,O-ADD-WARM-PRUNED,5,terminal,candidate_publication_events,1
complementary_k5_n7,fresh,O-ADD-WARM-PRUNED,5,terminal,current_receipt_output_bytes,3738
complementary_k5_n7,fresh,O-ADD-WARM-PRUNED,5,terminal,delivery_events,1
complementary_k5_n7,fresh,O-ADD-WARM-PRUNED,5,terminal,observed_python_opcode_events,21767
complementary_k5_n7,fresh,O-ADD-WARM-PRUNED,6,coordination,bounded_native_c_call_events,10
complementary_k5_n7,fresh,O-ADD-WARM-PRUNED,6,coordination,observed_python_opcode_events,540
complementary_k5_n7,fresh,O-ADD-WARM-PRUNED,6,producer_build,bounded_native_c_call_events,6755
complementary_k5_n7,fresh,O-ADD-WARM-PRUNED,6,producer_build,observed_python_opcode_events,263221
complementary_k5_n7,fresh,O-ADD-WARM-PRUNED,6,producer_export,bounded_native_c_call_events,8
complementary_k5_n7,fresh,O-ADD-WARM-PRUNED,6,producer_export,observed_python_opcode_events,261
complementary_k5_n7,fresh,O-ADD-WARM-PRUNED,6,producer_export,proof_output_bytes,11462
complementary_k5_n7,fresh,O-ADD-WARM-PRUNED,6,producer_input,bounded_native_c_call_events,1386
complementary_k5_n7,fresh,O-ADD-WARM-PRUNED,6,producer_input,current_request_bytes,1962
complementary_k5_n7,fresh,O-ADD-WARM-PRUNED,6,producer_input,observed_python_opcode_events,91222
complementary_k5_n7,fresh,O-ADD-WARM-PRUNED,6,producer_prune,bounded_native_c_call_events,17480
complementary_k5_n7,fresh,O-ADD-WARM-PRUNED,6,producer_prune,observed_python_opcode_events,668126
complementary_k5_n7,fresh,O-ADD-WARM-PRUNED,6,producer_storage,bounded_native_c_call_events,666
complementary_k5_n7,fresh,O-ADD-WARM-PRUNED,6,producer_storage,live_serialized_byte_periods,44005
complementary_k5_n7,fresh,O-ADD-WARM-PRUNED,6,producer_storage,observed_python_opcode_events,231738
complementary_k5_n7,fresh,O-ADD-WARM-PRUNED,6,receiver_check,bounded_native_c_call_events,11707
complementary_k5_n7,fresh,O-ADD-WARM-PRUNED,6,receiver_check,observed_python_opcode_events,662509
complementary_k5_n7,fresh,O-ADD-WARM-PRUNED,6,receiver_init,bounded_native_c_call_events,156
complementary_k5_n7,fresh,O-ADD-WARM-PRUNED,6,receiver_init,observed_python_opcode_events,34505
complementary_k5_n7,fresh,O-ADD-WARM-PRUNED,6,receiver_input,bounded_native_c_call_events,1386
complementary_k5_n7,fresh,O-ADD-WARM-PRUNED,6,receiver_input,current_request_bytes,1962
complementary_k5_n7,fresh,O-ADD-WARM-PRUNED,6,receiver_input,observed_python_opcode_events,91222
complementary_k5_n7,fresh,O-ADD-WARM-PRUNED,6,receiver_input,proof_input_bytes,11462
complementary_k5_n7,fresh,O-ADD-WARM-PRUNED,6,receiver_storage,bounded_native_c_call_events,22
complementary_k5_n7,fresh,O-ADD-WARM-PRUNED,6,receiver_storage,live_serialized_byte_periods,37658
complementary_k5_n7,fresh,O-ADD-WARM-PRUNED,6,receiver_storage,observed_python_opcode_events,75032
complementary_k5_n7,fresh,O-ADD-WARM-PRUNED,6,request_encoding,bounded_native_c_call_events,1455
complementary_k5_n7,fresh,O-ADD-WARM-PRUNED,6,request_encoding,observed_python_opcode_events,36750
complementary_k5_n7,fresh,O-ADD-WARM-PRUNED,6,terminal,bounded_native_c_call_events,902
complementary_k5_n7,fresh,O-ADD-WARM-PRUNED,6,terminal,candidate_publication_events,1
complementary_k5_n7,fresh,O-ADD-WARM-PRUNED,6,terminal,current_receipt_output_bytes,3765
complementary_k5_n7,fresh,O-ADD-WARM-PRUNED,6,terminal,delivery_events,1
complementary_k5_n7,fresh,O-ADD-WARM-PRUNED,6,terminal,observed_python_opcode_events,22440
complementary_k5_n7,fresh,O-ENUM-RECEIVER,1,common_source,bounded_native_c_call_events,457
complementary_k5_n7,fresh,O-ENUM-RECEIVER,1,common_source,observed_python_opcode_events,40257
complementary_k5_n7,fresh,O-ENUM-RECEIVER,1,common_source,source_hash_bytes_prepaid,220827
complementary_k5_n7,fresh,O-ENUM-RECEIVER,1,common_source,source_length_probe_bytes_prepaid,10
complementary_k5_n7,fresh,O-ENUM-RECEIVER,1,common_source,source_program_bytes_prepaid,220827
complementary_k5_n7,fresh,O-ENUM-RECEIVER,1,common_source,source_record_bytes,1487
complementary_k5_n7,fresh,O-ENUM-RECEIVER,1,coordination,bounded_native_c_call_events,10
complementary_k5_n7,fresh,O-ENUM-RECEIVER,1,coordination,observed_python_opcode_events,431
complementary_k5_n7,fresh,O-ENUM-RECEIVER,1,producer_storage,bounded_native_c_call_events,10
complementary_k5_n7,fresh,O-ENUM-RECEIVER,1,producer_storage,live_serialized_byte_periods,1866
complementary_k5_n7,fresh,O-ENUM-RECEIVER,1,producer_storage,observed_python_opcode_events,877
complementary_k5_n7,fresh,O-ENUM-RECEIVER,1,receiver_check,bounded_native_c_call_events,26108
complementary_k5_n7,fresh,O-ENUM-RECEIVER,1,receiver_check,observed_python_opcode_events,656720
complementary_k5_n7,fresh,O-ENUM-RECEIVER,1,receiver_input,bounded_native_c_call_events,1201
complementary_k5_n7,fresh,O-ENUM-RECEIVER,1,receiver_input,current_request_bytes,1810
complementary_k5_n7,fresh,O-ENUM-RECEIVER,1,receiver_input,observed_python_opcode_events,83071
complementary_k5_n7,fresh,O-ENUM-RECEIVER,1,receiver_storage,bounded_native_c_call_events,12
complementary_k5_n7,fresh,O-ENUM-RECEIVER,1,receiver_storage,live_serialized_byte_periods,8419
complementary_k5_n7,fresh,O-ENUM-RECEIVER,1,receiver_storage,observed_python_opcode_events,680
complementary_k5_n7,fresh,O-ENUM-RECEIVER,1,request_encoding,bounded_native_c_call_events,1302
complementary_k5_n7,fresh,O-ENUM-RECEIVER,1,request_encoding,observed_python_opcode_events,33081
complementary_k5_n7,fresh,O-ENUM-RECEIVER,1,terminal,bounded_native_c_call_events,823
complementary_k5_n7,fresh,O-ENUM-RECEIVER,1,terminal,candidate_publication_events,1
complementary_k5_n7,fresh,O-ENUM-RECEIVER,1,terminal,current_receipt_output_bytes,3613
complementary_k5_n7,fresh,O-ENUM-RECEIVER,1,terminal,delivery_events,1
complementary_k5_n7,fresh,O-ENUM-RECEIVER,1,terminal,observed_python_opcode_events,20476
complementary_k5_n7,fresh,O-ENUM-RECEIVER,2,coordination,bounded_native_c_call_events,10
complementary_k5_n7,fresh,O-ENUM-RECEIVER,2,coordination,observed_python_opcode_events,410
complementary_k5_n7,fresh,O-ENUM-RECEIVER,2,producer_storage,bounded_native_c_call_events,10
complementary_k5_n7,fresh,O-ENUM-RECEIVER,2,producer_storage,live_serialized_byte_periods,1866
complementary_k5_n7,fresh,O-ENUM-RECEIVER,2,producer_storage,observed_python_opcode_events,877
complementary_k5_n7,fresh,O-ENUM-RECEIVER,2,receiver_check,bounded_native_c_call_events,21559
complementary_k5_n7,fresh,O-ENUM-RECEIVER,2,receiver_check,observed_python_opcode_events,552085
complementary_k5_n7,fresh,O-ENUM-RECEIVER,2,receiver_input,bounded_native_c_call_events,1230
complementary_k5_n7,fresh,O-ENUM-RECEIVER,2,receiver_input,current_request_bytes,1832
complementary_k5_n7,fresh,O-ENUM-RECEIVER,2,receiver_input,observed_python_opcode_events,84486
complementary_k5_n7,fresh,O-ENUM-RECEIVER,2,receiver_storage,bounded_native_c_call_events,12
complementary_k5_n7,fresh,O-ENUM-RECEIVER,2,receiver_storage,live_serialized_byte_periods,8479
complementary_k5_n7,fresh,O-ENUM-RECEIVER,2,receiver_storage,observed_python_opcode_events,680
complementary_k5_n7,fresh,O-ENUM-RECEIVER,2,request_encoding,bounded_native_c_call_events,1338
complementary_k5_n7,fresh,O-ENUM-RECEIVER,2,request_encoding,observed_python_opcode_events,33891
complementary_k5_n7,fresh,O-ENUM-RECEIVER,2,terminal,bounded_native_c_call_events,855
complementary_k5_n7,fresh,O-ENUM-RECEIVER,2,terminal,candidate_publication_events,1
complementary_k5_n7,fresh,O-ENUM-RECEIVER,2,terminal,current_receipt_output_bytes,3635
complementary_k5_n7,fresh,O-ENUM-RECEIVER,2,terminal,delivery_events,1
complementary_k5_n7,fresh,O-ENUM-RECEIVER,2,terminal,observed_python_opcode_events,21220
complementary_k5_n7,fresh,O-ENUM-RECEIVER,3,coordination,bounded_native_c_call_events,10
complementary_k5_n7,fresh,O-ENUM-RECEIVER,3,coordination,observed_python_opcode_events,410
complementary_k5_n7,fresh,O-ENUM-RECEIVER,3,producer_storage,bounded_native_c_call_events,10
complementary_k5_n7,fresh,O-ENUM-RECEIVER,3,producer_storage,live_serialized_byte_periods,1866
complementary_k5_n7,fresh,O-ENUM-RECEIVER,3,producer_storage,observed_python_opcode_events,877
complementary_k5_n7,fresh,O-ENUM-RECEIVER,3,receiver_check,bounded_native_c_call_events,19207
complementary_k5_n7,fresh,O-ENUM-RECEIVER,3,receiver_check,observed_python_opcode_events,495547
complementary_k5_n7,fresh,O-ENUM-RECEIVER,3,receiver_input,bounded_native_c_call_events,1228
complementary_k5_n7,fresh,O-ENUM-RECEIVER,3,receiver_input,current_request_bytes,1838
complementary_k5_n7,fresh,O-ENUM-RECEIVER,3,receiver_input,observed_python_opcode_events,84659
complementary_k5_n7,fresh,O-ENUM-RECEIVER,3,receiver_storage,bounded_native_c_call_events,12
complementary_k5_n7,fresh,O-ENUM-RECEIVER,3,receiver_storage,live_serialized_byte_periods,8491
complementary_k5_n7,fresh,O-ENUM-RECEIVER,3,receiver_storage,observed_python_opcode_events,680
complementary_k5_n7,fresh,O-ENUM-RECEIVER,3,request_encoding,bounded_native_c_call_events,1338
complementary_k5_n7,fresh,O-ENUM-RECEIVER,3,request_encoding,observed_python_opcode_events,33899
complementary_k5_n7,fresh,O-ENUM-RECEIVER,3,terminal,bounded_native_c_call_events,813
complementary_k5_n7,fresh,O-ENUM-RECEIVER,3,terminal,candidate_publication_events,1
complementary_k5_n7,fresh,O-ENUM-RECEIVER,3,terminal,current_receipt_output_bytes,3641
complementary_k5_n7,fresh,O-ENUM-RECEIVER,3,terminal,delivery_events,1
complementary_k5_n7,fresh,O-ENUM-RECEIVER,3,terminal,observed_python_opcode_events,20344
complementary_k5_n7,fresh,O-ENUM-RECEIVER,4,coordination,bounded_native_c_call_events,10
complementary_k5_n7,fresh,O-ENUM-RECEIVER,4,coordination,observed_python_opcode_events,410
complementary_k5_n7,fresh,O-ENUM-RECEIVER,4,producer_storage,bounded_native_c_call_events,10
complementary_k5_n7,fresh,O-ENUM-RECEIVER,4,producer_storage,live_serialized_byte_periods,1866
complementary_k5_n7,fresh,O-ENUM-RECEIVER,4,producer_storage,observed_python_opcode_events,877
complementary_k5_n7,fresh,O-ENUM-RECEIVER,4,receiver_check,bounded_native_c_call_events,20076
complementary_k5_n7,fresh,O-ENUM-RECEIVER,4,receiver_check,observed_python_opcode_events,517010
complementary_k5_n7,fresh,O-ENUM-RECEIVER,4,receiver_input,bounded_native_c_call_events,1329
complementary_k5_n7,fresh,O-ENUM-RECEIVER,4,receiver_input,current_request_bytes,1931
complementary_k5_n7,fresh,O-ENUM-RECEIVER,4,receiver_input,observed_python_opcode_events,89318
complementary_k5_n7,fresh,O-ENUM-RECEIVER,4,receiver_storage,bounded_native_c_call_events,12
complementary_k5_n7,fresh,O-ENUM-RECEIVER,4,receiver_storage,live_serialized_byte_periods,8749
complementary_k5_n7,fresh,O-ENUM-RECEIVER,4,receiver_storage,observed_python_opcode_events,680
complementary_k5_n7,fresh,O-ENUM-RECEIVER,4,request_encoding,bounded_native_c_call_events,1414
complementary_k5_n7,fresh,O-ENUM-RECEIVER,4,request_encoding,observed_python_opcode_events,35821
complementary_k5_n7,fresh,O-ENUM-RECEIVER,4,terminal,bounded_native_c_call_events,927
complementary_k5_n7,fresh,O-ENUM-RECEIVER,4,terminal,candidate_publication_events,1
complementary_k5_n7,fresh,O-ENUM-RECEIVER,4,terminal,current_receipt_output_bytes,3734
complementary_k5_n7,fresh,O-ENUM-RECEIVER,4,terminal,delivery_events,1
complementary_k5_n7,fresh,O-ENUM-RECEIVER,4,terminal,observed_python_opcode_events,22977
complementary_k5_n7,fresh,O-ENUM-RECEIVER,5,coordination,bounded_native_c_call_events,10
complementary_k5_n7,fresh,O-ENUM-RECEIVER,5,coordination,observed_python_opcode_events,410
complementary_k5_n7,fresh,O-ENUM-RECEIVER,5,producer_storage,bounded_native_c_call_events,10
complementary_k5_n7,fresh,O-ENUM-RECEIVER,5,producer_storage,live_serialized_byte_periods,1866
complementary_k5_n7,fresh,O-ENUM-RECEIVER,5,producer_storage,observed_python_opcode_events,877
complementary_k5_n7,fresh,O-ENUM-RECEIVER,5,receiver_check,bounded_native_c_call_events,24988
complementary_k5_n7,fresh,O-ENUM-RECEIVER,5,receiver_check,observed_python_opcode_events,633309
complementary_k5_n7,fresh,O-ENUM-RECEIVER,5,receiver_input,bounded_native_c_call_events,1325
complementary_k5_n7,fresh,O-ENUM-RECEIVER,5,receiver_input,current_request_bytes,1935
complementary_k5_n7,fresh,O-ENUM-RECEIVER,5,receiver_input,observed_python_opcode_events,89436
complementary_k5_n7,fresh,O-ENUM-RECEIVER,5,receiver_storage,bounded_native_c_call_events,12
complementary_k5_n7,fresh,O-ENUM-RECEIVER,5,receiver_storage,live_serialized_byte_periods,8757
complementary_k5_n7,fresh,O-ENUM-RECEIVER,5,receiver_storage,observed_python_opcode_events,680
complementary_k5_n7,fresh,O-ENUM-RECEIVER,5,request_encoding,bounded_native_c_call_events,1414
complementary_k5_n7,fresh,O-ENUM-RECEIVER,5,request_encoding,observed_python_opcode_events,35843
complementary_k5_n7,fresh,O-ENUM-RECEIVER,5,terminal,bounded_native_c_call_events,875
complementary_k5_n7,fresh,O-ENUM-RECEIVER,5,terminal,candidate_publication_events,1
complementary_k5_n7,fresh,O-ENUM-RECEIVER,5,terminal,current_receipt_output_bytes,3738
complementary_k5_n7,fresh,O-ENUM-RECEIVER,5,terminal,delivery_events,1
complementary_k5_n7,fresh,O-ENUM-RECEIVER,5,terminal,observed_python_opcode_events,21765
complementary_k5_n7,fresh,O-ENUM-RECEIVER,6,coordination,bounded_native_c_call_events,10
complementary_k5_n7,fresh,O-ENUM-RECEIVER,6,coordination,observed_python_opcode_events,410
complementary_k5_n7,fresh,O-ENUM-RECEIVER,6,producer_storage,bounded_native_c_call_events,10
complementary_k5_n7,fresh,O-ENUM-RECEIVER,6,producer_storage,live_serialized_byte_periods,1866
complementary_k5_n7,fresh,O-ENUM-RECEIVER,6,producer_storage,observed_python_opcode_events,877
complementary_k5_n7,fresh,O-ENUM-RECEIVER,6,receiver_check,bounded_native_c_call_events,19732
complementary_k5_n7,fresh,O-ENUM-RECEIVER,6,receiver_check,observed_python_opcode_events,508182
complementary_k5_n7,fresh,O-ENUM-RECEIVER,6,receiver_input,bounded_native_c_call_events,1386
complementary_k5_n7,fresh,O-ENUM-RECEIVER,6,receiver_input,current_request_bytes,1962
complementary_k5_n7,fresh,O-ENUM-RECEIVER,6,receiver_input,observed_python_opcode_events,91221
complementary_k5_n7,fresh,O-ENUM-RECEIVER,6,receiver_storage,bounded_native_c_call_events,12
complementary_k5_n7,fresh,O-ENUM-RECEIVER,6,receiver_storage,live_serialized_byte_periods,8835
complementary_k5_n7,fresh,O-ENUM-RECEIVER,6,receiver_storage,observed_python_opcode_events,680
complementary_k5_n7,fresh,O-ENUM-RECEIVER,6,request_encoding,bounded_native_c_call_events,1455
complementary_k5_n7,fresh,O-ENUM-RECEIVER,6,request_encoding,observed_python_opcode_events,36749
complementary_k5_n7,fresh,O-ENUM-RECEIVER,6,terminal,bounded_native_c_call_events,902
complementary_k5_n7,fresh,O-ENUM-RECEIVER,6,terminal,candidate_publication_events,1
complementary_k5_n7,fresh,O-ENUM-RECEIVER,6,terminal,current_receipt_output_bytes,3765
complementary_k5_n7,fresh,O-ENUM-RECEIVER,6,terminal,delivery_events,1
complementary_k5_n7,fresh,O-ENUM-RECEIVER,6,terminal,observed_python_opcode_events,22438
complementary_k5_n7,fresh,P-REUSE,1,common_source,bounded_native_c_call_events,457
complementary_k5_n7,fresh,P-REUSE,1,common_source,observed_python_opcode_events,40257
complementary_k5_n7,fresh,P-REUSE,1,common_source,source_hash_bytes_prepaid,220827
complementary_k5_n7,fresh,P-REUSE,1,common_source,source_length_probe_bytes_prepaid,10
complementary_k5_n7,fresh,P-REUSE,1,common_source,source_program_bytes_prepaid,220827
complementary_k5_n7,fresh,P-REUSE,1,common_source,source_record_bytes,1487
complementary_k5_n7,fresh,P-REUSE,1,coordination,bounded_native_c_call_events,19
complementary_k5_n7,fresh,P-REUSE,1,coordination,observed_python_opcode_events,1467
complementary_k5_n7,fresh,P-REUSE,1,producer_build,bounded_native_c_call_events,15752
complementary_k5_n7,fresh,P-REUSE,1,producer_build,observed_python_opcode_events,362247
complementary_k5_n7,fresh,P-REUSE,1,producer_export,bounded_native_c_call_events,11
complementary_k5_n7,fresh,P-REUSE,1,producer_export,observed_python_opcode_events,3747
complementary_k5_n7,fresh,P-REUSE,1,producer_export,proof_output_bytes,4813
complementary_k5_n7,fresh,P-REUSE,1,producer_init,observed_python_opcode_events,4
complementary_k5_n7,fresh,P-REUSE,1,producer_input,bounded_native_c_call_events,1201
complementary_k5_n7,fresh,P-REUSE,1,producer_input,current_request_bytes,1810
complementary_k5_n7,fresh,P-REUSE,1,producer_input,observed_python_opcode_events,83071
complementary_k5_n7,fresh,P-REUSE,1,producer_old_admission,bounded_native_c_call_events,27784
complementary_k5_n7,fresh,P-REUSE,1,producer_old_admission,observed_python_opcode_events,690179
complementary_k5_n7,fresh,P-REUSE,1,producer_old_build,bounded_native_c_call_events,55636
complementary_k5_n7,fresh,P-REUSE,1,producer_old_build,observed_python_opcode_events,1369228
complementary_k5_n7,fresh,P-REUSE,1,producer_old_export,bounded_native_c_call_events,574
complementary_k5_n7,fresh,P-REUSE,1,producer_old_export,observed_python_opcode_events,29476
complementary_k5_n7,fresh,P-REUSE,1,producer_old_export,old_proof_output_bytes,4641
complementary_k5_n7,fresh,P-REUSE,1,producer_old_input,bounded_native_c_call_events,2843
complementary_k5_n7,fresh,P-REUSE,1,producer_old_input,observed_python_opcode_events,157404
complementary_k5_n7,fresh,P-REUSE,1,producer_old_input,old_request_bytes,2871
complementary_k5_n7,fresh,P-REUSE,1,producer_storage,bounded_native_c_call_events,2015
complementary_k5_n7,fresh,P-REUSE,1,producer_storage,live_serialized_byte_periods,49992
complementary_k5_n7,fresh,P-REUSE,1,producer_storage,observed_python_opcode_events,54642
complementary_k5_n7,fresh,P-REUSE,1,receiver_check,bounded_native_c_call_events,6717
complementary_k5_n7,fresh,P-REUSE,1,receiver_check,observed_python_opcode_events,159964
complementary_k5_n7,fresh,P-REUSE,1,receiver_import,bounded_native_c_call_events,135
complementary_k5_n7,fresh,P-REUSE,1,receiver_import,observed_python_opcode_events,72782
complementary_k5_n7,fresh,P-REUSE,1,receiver_init,observed_python_opcode_events,4
complementary_k5_n7,fresh,P-REUSE,1,receiver_input,bounded_native_c_call_events,1201
complementary_k5_n7,fresh,P-REUSE,1,receiver_input,current_request_bytes,1810
complementary_k5_n7,fresh,P-REUSE,1,receiver_input,observed_python_opcode_events,83071
complementary_k5_n7,fresh,P-REUSE,1,receiver_input,proof_input_bytes,4813
complementary_k5_n7,fresh,P-REUSE,1,receiver_old_check,bounded_native_c_call_events,27784
complementary_k5_n7,fresh,P-REUSE,1,receiver_old_check,observed_python_opcode_events,690177
complementary_k5_n7,fresh,P-REUSE,1,receiver_old_import,bounded_native_c_call_events,1534
complementary_k5_n7,fresh,P-REUSE,1,receiver_old_import,observed_python_opcode_events,159829
complementary_k5_n7,fresh,P-REUSE,1,receiver_old_input,bounded_native_c_call_events,2843
complementary_k5_n7,fresh,P-REUSE,1,receiver_old_input,observed_python_opcode_events,157404
complementary_k5_n7,fresh,P-REUSE,1,receiver_old_input,old_proof_input_bytes,4641
complementary_k5_n7,fresh,P-REUSE,1,receiver_old_input,old_request_bytes,2871
complementary_k5_n7,fresh,P-REUSE,1,receiver_storage,bounded_native_c_call_events,1455
complementary_k5_n7,fresh,P-REUSE,1,receiver_storage,live_serialized_byte_periods,30636
complementary_k5_n7,fresh,P-REUSE,1,receiver_storage,observed_python_opcode_events,38724
complementary_k5_n7,fresh,P-REUSE,1,request_encoding,bounded_native_c_call_events,1302
complementary_k5_n7,fresh,P-REUSE,1,request_encoding,observed_python_opcode_events,33081
complementary_k5_n7,fresh,P-REUSE,1,terminal,bounded_native_c_call_events,823
complementary_k5_n7,fresh,P-REUSE,1,terminal,candidate_publication_events,1
complementary_k5_n7,fresh,P-REUSE,1,terminal,current_receipt_output_bytes,3613
complementary_k5_n7,fresh,P-REUSE,1,terminal,delivery_events,1
complementary_k5_n7,fresh,P-REUSE,1,terminal,observed_python_opcode_events,20476
complementary_k5_n7,fresh,P-REUSE,2,coordination,bounded_native_c_call_events,12
complementary_k5_n7,fresh,P-REUSE,2,coordination,observed_python_opcode_events,976
complementary_k5_n7,fresh,P-REUSE,2,producer_build,bounded_native_c_call_events,16585
complementary_k5_n7,fresh,P-REUSE,2,producer_build,observed_python_opcode_events,377395
complementary_k5_n7,fresh,P-REUSE,2,producer_export,bounded_native_c_call_events,11
complementary_k5_n7,fresh,P-REUSE,2,producer_export,observed_python_opcode_events,3747
complementary_k5_n7,fresh,P-REUSE,2,producer_export,proof_output_bytes,4835
complementary_k5_n7,fresh,P-REUSE,2,producer_input,bounded_native_c_call_events,1230
complementary_k5_n7,fresh,P-REUSE,2,producer_input,current_request_bytes,1832
complementary_k5_n7,fresh,P-REUSE,2,producer_input,observed_python_opcode_events,84486
complementary_k5_n7,fresh,P-REUSE,2,producer_storage,bounded_native_c_call_events,1137
complementary_k5_n7,fresh,P-REUSE,2,producer_storage,live_serialized_byte_periods,24003
complementary_k5_n7,fresh,P-REUSE,2,producer_storage,observed_python_opcode_events,31009
complementary_k5_n7,fresh,P-REUSE,2,receiver_check,bounded_native_c_call_events,7082
complementary_k5_n7,fresh,P-REUSE,2,receiver_check,observed_python_opcode_events,166283
complementary_k5_n7,fresh,P-REUSE,2,receiver_import,bounded_native_c_call_events,135
complementary_k5_n7,fresh,P-REUSE,2,receiver_import,observed_python_opcode_events,73080
complementary_k5_n7,fresh,P-REUSE,2,receiver_init,observed_python_opcode_events,4
complementary_k5_n7,fresh,P-REUSE,2,receiver_input,bounded_native_c_call_events,1230
complementary_k5_n7,fresh,P-REUSE,2,receiver_input,current_request_bytes,1832
complementary_k5_n7,fresh,P-REUSE,2,receiver_input,observed_python_opcode_events,84486
complementary_k5_n7,fresh,P-REUSE,2,receiver_input,proof_input_bytes,4835
complementary_k5_n7,fresh,P-REUSE,2,receiver_old_check,bounded_native_c_call_events,27784
complementary_k5_n7,fresh,P-REUSE,2,receiver_old_check,observed_python_opcode_events,690177
complementary_k5_n7,fresh,P-REUSE,2,receiver_old_import,bounded_native_c_call_events,1534
complementary_k5_n7,fresh,P-REUSE,2,receiver_old_import,observed_python_opcode_events,159829
complementary_k5_n7,fresh,P-REUSE,2,receiver_old_input,bounded_native_c_call_events,2843
complementary_k5_n7,fresh,P-REUSE,2,receiver_old_input,observed_python_opcode_events,157404
complementary_k5_n7,fresh,P-REUSE,2,receiver_old_input,old_proof_input_bytes,4641
complementary_k5_n7,fresh,P-REUSE,2,receiver_old_input,old_request_bytes,2871
complementary_k5_n7,fresh,P-REUSE,2,receiver_storage,bounded_native_c_call_events,1455
complementary_k5_n7,fresh,P-REUSE,2,receiver_storage,live_serialized_byte_periods,30726
complementary_k5_n7,fresh,P-REUSE,2,receiver_storage,observed_python_opcode_events,38724
complementary_k5_n7,fresh,P-REUSE,2,request_encoding,bounded_native_c_call_events,1338
complementary_k5_n7,fresh,P-REUSE,2,request_encoding,observed_python_opcode_events,33891
complementary_k5_n7,fresh,P-REUSE,2,terminal,bounded_native_c_call_events,855
complementary_k5_n7,fresh,P-REUSE,2,terminal,candidate_publication_events,1
complementary_k5_n7,fresh,P-REUSE,2,terminal,current_receipt_output_bytes,3635
complementary_k5_n7,fresh,P-REUSE,2,terminal,delivery_events,1
complementary_k5_n7,fresh,P-REUSE,2,terminal,observed_python_opcode_events,21220
complementary_k5_n7,fresh,P-REUSE,3,coordination,bounded_native_c_call_events,12
complementary_k5_n7,fresh,P-REUSE,3,coordination,observed_python_opcode_events,976
complementary_k5_n7,fresh,P-REUSE,3,producer_build,bounded_native_c_call_events,16587
complementary_k5_n7,fresh,P-REUSE,3,producer_build,observed_python_opcode_events,377163
complementary_k5_n7,fresh,P-REUSE,3,producer_export,bounded_native_c_call_events,11
complementary_k5_n7,fresh,P-REUSE,3,producer_export,observed_python_opcode_events,3747
complementary_k5_n7,fresh,P-REUSE,3,producer_export,proof_output_bytes,4841
complementary_k5_n7,fresh,P-REUSE,3,producer_input,bounded_native_c_call_events,1228
complementary_k5_n7,fresh,P-REUSE,3,producer_input,current_request_bytes,1838
complementary_k5_n7,fresh,P-REUSE,3,producer_input,observed_python_opcode_events,84659
complementary_k5_n7,fresh,P-REUSE,3,producer_storage,bounded_native_c_call_events,1137
complementary_k5_n7,fresh,P-REUSE,3,producer_storage,live_serialized_byte_periods,24015
complementary_k5_n7,fresh,P-REUSE,3,producer_storage,observed_python_opcode_events,31009
complementary_k5_n7,fresh,P-REUSE,3,receiver_check,bounded_native_c_call_events,7031
complementary_k5_n7,fresh,P-REUSE,3,receiver_check,observed_python_opcode_events,165143
complementary_k5_n7,fresh,P-REUSE,3,receiver_import,bounded_native_c_call_events,135
complementary_k5_n7,fresh,P-REUSE,3,receiver_import,observed_python_opcode_events,73170
complementary_k5_n7,fresh,P-REUSE,3,receiver_init,observed_python_opcode_events,4
complementary_k5_n7,fresh,P-REUSE,3,receiver_input,bounded_native_c_call_events,1228
complementary_k5_n7,fresh,P-REUSE,3,receiver_input,current_request_bytes,1838
complementary_k5_n7,fresh,P-REUSE,3,receiver_input,observed_python_opcode_events,84659
complementary_k5_n7,fresh,P-REUSE,3,receiver_input,proof_input_bytes,4841
complementary_k5_n7,fresh,P-REUSE,3,receiver_old_check,bounded_native_c_call_events,27784
complementary_k5_n7,fresh,P-REUSE,3,receiver_old_check,observed_python_opcode_events,690177
complementary_k5_n7,fresh,P-REUSE,3,receiver_old_import,bounded_native_c_call_events,1534
complementary_k5_n7,fresh,P-REUSE,3,receiver_old_import,observed_python_opcode_events,159829
complementary_k5_n7,fresh,P-REUSE,3,receiver_old_input,bounded_native_c_call_events,2843
complementary_k5_n7,fresh,P-REUSE,3,receiver_old_input,observed_python_opcode_events,157404
complementary_k5_n7,fresh,P-REUSE,3,receiver_old_input,old_proof_input_bytes,4641
complementary_k5_n7,fresh,P-REUSE,3,receiver_old_input,old_request_bytes,2871
complementary_k5_n7,fresh,P-REUSE,3,receiver_storage,bounded_native_c_call_events,1455
complementary_k5_n7,fresh,P-REUSE,3,receiver_storage,live_serialized_byte_periods,30744
complementary_k5_n7,fresh,P-REUSE,3,receiver_storage,observed_python_opcode_events,38724
complementary_k5_n7,fresh,P-REUSE,3,request_encoding,bounded_native_c_call_events,1338
complementary_k5_n7,fresh,P-REUSE,3,request_encoding,observed_python_opcode_events,33899
complementary_k5_n7,fresh,P-REUSE,3,terminal,bounded_native_c_call_events,813
complementary_k5_n7,fresh,P-REUSE,3,terminal,candidate_publication_events,1
complementary_k5_n7,fresh,P-REUSE,3,terminal,current_receipt_output_bytes,3641
complementary_k5_n7,fresh,P-REUSE,3,terminal,delivery_events,1
complementary_k5_n7,fresh,P-REUSE,3,terminal,observed_python_opcode_events,20344
complementary_k5_n7,fresh,P-REUSE,4,coordination,bounded_native_c_call_events,12
complementary_k5_n7,fresh,P-REUSE,4,coordination,observed_python_opcode_events,976
complementary_k5_n7,fresh,P-REUSE,4,producer_build,bounded_native_c_call_events,18042
complementary_k5_n7,fresh,P-REUSE,4,producer_build,observed_python_opcode_events,406206
complementary_k5_n7,fresh,P-REUSE,4,producer_export,bounded_native_c_call_events,11
complementary_k5_n7,fresh,P-REUSE,4,producer_export,observed_python_opcode_events,3747
complementary_k5_n7,fresh,P-REUSE,4,producer_export,proof_output_bytes,4934
complementary_k5_n7,fresh,P-REUSE,4,producer_input,bounded_native_c_call_events,1329
complementary_k5_n7,fresh,P-REUSE,4,producer_input,current_request_bytes,1931
complementary_k5_n7,fresh,P-REUSE,4,producer_input,observed_python_opcode_events,89318
complementary_k5_n7,fresh,P-REUSE,4,producer_storage,bounded_native_c_call_events,1137
complementary_k5_n7,fresh,P-REUSE,4,producer_storage,live_serialized_byte_periods,24273
complementary_k5_n7,fresh,P-REUSE,4,producer_storage,observed_python_opcode_events,31009
complementary_k5_n7,fresh,P-REUSE,4,receiver_check,bounded_native_c_call_events,7553
complementary_k5_n7,fresh,P-REUSE,4,receiver_check,observed_python_opcode_events,175376
complementary_k5_n7,fresh,P-REUSE,4,receiver_import,bounded_native_c_call_events,135
complementary_k5_n7,fresh,P-REUSE,4,receiver_import,observed_python_opcode_events,74421
complementary_k5_n7,fresh,P-REUSE,4,receiver_init,observed_python_opcode_events,4
complementary_k5_n7,fresh,P-REUSE,4,receiver_input,bounded_native_c_call_events,1329
complementary_k5_n7,fresh,P-REUSE,4,receiver_input,current_request_bytes,1931
complementary_k5_n7,fresh,P-REUSE,4,receiver_input,observed_python_opcode_events,89318
complementary_k5_n7,fresh,P-REUSE,4,receiver_input,proof_input_bytes,4934
complementary_k5_n7,fresh,P-REUSE,4,receiver_old_check,bounded_native_c_call_events,27784
complementary_k5_n7,fresh,P-REUSE,4,receiver_old_check,observed_python_opcode_events,690177
complementary_k5_n7,fresh,P-REUSE,4,receiver_old_import,bounded_native_c_call_events,1534
complementary_k5_n7,fresh,P-REUSE,4,receiver_old_import,observed_python_opcode_events,159829
complementary_k5_n7,fresh,P-REUSE,4,receiver_old_input,bounded_native_c_call_events,2843
complementary_k5_n7,fresh,P-REUSE,4,receiver_old_input,observed_python_opcode_events,157404
complementary_k5_n7,fresh,P-REUSE,4,receiver_old_input,old_proof_input_bytes,4641
complementary_k5_n7,fresh,P-REUSE,4,receiver_old_input,old_request_bytes,2871
complementary_k5_n7,fresh,P-REUSE,4,receiver_storage,bounded_native_c_call_events,1455
complementary_k5_n7,fresh,P-REUSE,4,receiver_storage,live_serialized_byte_periods,31131
complementary_k5_n7,fresh,P-REUSE,4,receiver_storage,observed_python_opcode_events,38724
complementary_k5_n7,fresh,P-REUSE,4,request_encoding,bounded_native_c_call_events,1414
complementary_k5_n7,fresh,P-REUSE,4,request_encoding,observed_python_opcode_events,35821
complementary_k5_n7,fresh,P-REUSE,4,terminal,bounded_native_c_call_events,927
complementary_k5_n7,fresh,P-REUSE,4,terminal,candidate_publication_events,1
complementary_k5_n7,fresh,P-REUSE,4,terminal,current_receipt_output_bytes,3734
complementary_k5_n7,fresh,P-REUSE,4,terminal,delivery_events,1
complementary_k5_n7,fresh,P-REUSE,4,terminal,observed_python_opcode_events,22977
complementary_k5_n7,fresh,P-REUSE,5,coordination,bounded_native_c_call_events,12
complementary_k5_n7,fresh,P-REUSE,5,coordination,observed_python_opcode_events,976
complementary_k5_n7,fresh,P-REUSE,5,producer_build,bounded_native_c_call_events,17879
complementary_k5_n7,fresh,P-REUSE,5,producer_build,observed_python_opcode_events,404931
complementary_k5_n7,fresh,P-REUSE,5,producer_export,bounded_native_c_call_events,11
complementary_k5_n7,fresh,P-REUSE,5,producer_export,observed_python_opcode_events,3747
complementary_k5_n7,fresh,P-REUSE,5,producer_export,proof_output_bytes,4938
complementary_k5_n7,fresh,P-REUSE,5,producer_input,bounded_native_c_call_events,1325
complementary_k5_n7,fresh,P-REUSE,5,producer_input,current_request_bytes,1935
complementary_k5_n7,fresh,P-REUSE,5,producer_input,observed_python_opcode_events,89436
complementary_k5_n7,fresh,P-REUSE,5,producer_storage,bounded_native_c_call_events,1137
complementary_k5_n7,fresh,P-REUSE,5,producer_storage,live_serialized_byte_periods,24281
complementary_k5_n7,fresh,P-REUSE,5,producer_storage,observed_python_opcode_events,31009
complementary_k5_n7,fresh,P-REUSE,5,receiver_check,bounded_native_c_call_events,7453
complementary_k5_n7,fresh,P-REUSE,5,receiver_check,observed_python_opcode_events,173522
complementary_k5_n7,fresh,P-REUSE,5,receiver_import,bounded_native_c_call_events,135
complementary_k5_n7,fresh,P-REUSE,5,receiver_import,observed_python_opcode_events,74481
complementary_k5_n7,fresh,P-REUSE,5,receiver_init,observed_python_opcode_events,4
complementary_k5_n7,fresh,P-REUSE,5,receiver_input,bounded_native_c_call_events,1325
complementary_k5_n7,fresh,P-REUSE,5,receiver_input,current_request_bytes,1935
complementary_k5_n7,fresh,P-REUSE,5,receiver_input,observed_python_opcode_events,89436
complementary_k5_n7,fresh,P-REUSE,5,receiver_input,proof_input_bytes,4938
complementary_k5_n7,fresh,P-REUSE,5,receiver_old_check,bounded_native_c_call_events,27784
complementary_k5_n7,fresh,P-REUSE,5,receiver_old_check,observed_python_opcode_events,690177
complementary_k5_n7,fresh,P-REUSE,5,receiver_old_import,bounded_native_c_call_events,1534
complementary_k5_n7,fresh,P-REUSE,5,receiver_old_import,observed_python_opcode_events,159829
complementary_k5_n7,fresh,P-REUSE,5,receiver_old_input,bounded_native_c_call_events,2843
complementary_k5_n7,fresh,P-REUSE,5,receiver_old_input,observed_python_opcode_events,157404
complementary_k5_n7,fresh,P-REUSE,5,receiver_old_input,old_proof_input_bytes,4641
complementary_k5_n7,fresh,P-REUSE,5,receiver_old_input,old_request_bytes,2871
complementary_k5_n7,fresh,P-REUSE,5,receiver_storage,bounded_native_c_call_events,1455
complementary_k5_n7,fresh,P-REUSE,5,receiver_storage,live_serialized_byte_periods,31143
complementary_k5_n7,fresh,P-REUSE,5,receiver_storage,observed_python_opcode_events,38724
complementary_k5_n7,fresh,P-REUSE,5,request_encoding,bounded_native_c_call_events,1414
complementary_k5_n7,fresh,P-REUSE,5,request_encoding,observed_python_opcode_events,35843
complementary_k5_n7,fresh,P-REUSE,5,terminal,bounded_native_c_call_events,875
complementary_k5_n7,fresh,P-REUSE,5,terminal,candidate_publication_events,1
complementary_k5_n7,fresh,P-REUSE,5,terminal,current_receipt_output_bytes,3738
complementary_k5_n7,fresh,P-REUSE,5,terminal,delivery_events,1
complementary_k5_n7,fresh,P-REUSE,5,terminal,observed_python_opcode_events,21765
complementary_k5_n7,fresh,P-REUSE,6,coordination,bounded_native_c_call_events,12
complementary_k5_n7,fresh,P-REUSE,6,coordination,observed_python_opcode_events,976
complementary_k5_n7,fresh,P-REUSE,6,producer_build,bounded_native_c_call_events,18737
complementary_k5_n7,fresh,P-REUSE,6,producer_build,observed_python_opcode_events,415346
complementary_k5_n7,fresh,P-REUSE,6,producer_export,bounded_native_c_call_events,11
complementary_k5_n7,fresh,P-REUSE,6,producer_export,observed_python_opcode_events,3751
complementary_k5_n7,fresh,P-REUSE,6,producer_export,proof_output_bytes,4965
complementary_k5_n7,fresh,P-REUSE,6,producer_input,bounded_native_c_call_events,1386
complementary_k5_n7,fresh,P-REUSE,6,producer_input,current_request_bytes,1962
complementary_k5_n7,fresh,P-REUSE,6,producer_input,observed_python_opcode_events,91221
complementary_k5_n7,fresh,P-REUSE,6,producer_storage,bounded_native_c_call_events,1137
complementary_k5_n7,fresh,P-REUSE,6,producer_storage,live_serialized_byte_periods,24359
complementary_k5_n7,fresh,P-REUSE,6,producer_storage,observed_python_opcode_events,31009
complementary_k5_n7,fresh,P-REUSE,6,receiver_check,bounded_native_c_call_events,7773
complementary_k5_n7,fresh,P-REUSE,6,receiver_check,observed_python_opcode_events,178030
complementary_k5_n7,fresh,P-REUSE,6,receiver_import,bounded_native_c_call_events,133
complementary_k5_n7,fresh,P-REUSE,6,receiver_import,observed_python_opcode_events,74827
complementary_k5_n7,fresh,P-REUSE,6,receiver_init,observed_python_opcode_events,4
complementary_k5_n7,fresh,P-REUSE,6,receiver_input,bounded_native_c_call_events,1386
complementary_k5_n7,fresh,P-REUSE,6,receiver_input,current_request_bytes,1962
complementary_k5_n7,fresh,P-REUSE,6,receiver_input,observed_python_opcode_events,91221
complementary_k5_n7,fresh,P-REUSE,6,receiver_input,proof_input_bytes,4965
complementary_k5_n7,fresh,P-REUSE,6,receiver_old_check,bounded_native_c_call_events,27784
complementary_k5_n7,fresh,P-REUSE,6,receiver_old_check,observed_python_opcode_events,690177
complementary_k5_n7,fresh,P-REUSE,6,receiver_old_import,bounded_native_c_call_events,1534
complementary_k5_n7,fresh,P-REUSE,6,receiver_old_import,observed_python_opcode_events,159829
complementary_k5_n7,fresh,P-REUSE,6,receiver_old_input,bounded_native_c_call_events,2843
complementary_k5_n7,fresh,P-REUSE,6,receiver_old_input,observed_python_opcode_events,157404
complementary_k5_n7,fresh,P-REUSE,6,receiver_old_input,old_proof_input_bytes,4641
complementary_k5_n7,fresh,P-REUSE,6,receiver_old_input,old_request_bytes,2871
complementary_k5_n7,fresh,P-REUSE,6,receiver_storage,bounded_native_c_call_events,1455
complementary_k5_n7,fresh,P-REUSE,6,receiver_storage,live_serialized_byte_periods,31260
complementary_k5_n7,fresh,P-REUSE,6,receiver_storage,observed_python_opcode_events,38724
complementary_k5_n7,fresh,P-REUSE,6,request_encoding,bounded_native_c_call_events,1455
complementary_k5_n7,fresh,P-REUSE,6,request_encoding,observed_python_opcode_events,36749
complementary_k5_n7,fresh,P-REUSE,6,terminal,bounded_native_c_call_events,902
complementary_k5_n7,fresh,P-REUSE,6,terminal,candidate_publication_events,1
complementary_k5_n7,fresh,P-REUSE,6,terminal,current_receipt_output_bytes,3765
complementary_k5_n7,fresh,P-REUSE,6,terminal,delivery_events,1
complementary_k5_n7,fresh,P-REUSE,6,terminal,observed_python_opcode_events,22438
constant_n3,fresh,O-ADD-COLD,1,common_source,bounded_native_c_call_events,457
constant_n3,fresh,O-ADD-COLD,1,common_source,observed_python_opcode_events,40257
constant_n3,fresh,O-ADD-COLD,1,common_source,source_hash_bytes_prepaid,220827
constant_n3,fresh,O-ADD-COLD,1,common_source,source_length_probe_bytes_prepaid,10
constant_n3,fresh,O-ADD-COLD,1,common_source,source_program_bytes_prepaid,220827
constant_n3,fresh,O-ADD-COLD,1,common_source,source_record_bytes,1487
constant_n3,fresh,O-ADD-COLD,1,coordination,bounded_native_c_call_events,10
constant_n3,fresh,O-ADD-COLD,1,coordination,observed_python_opcode_events,623
constant_n3,fresh,O-ADD-COLD,1,producer_build,bounded_native_c_call_events,703
constant_n3,fresh,O-ADD-COLD,1,producer_build,observed_python_opcode_events,13720
constant_n3,fresh,O-ADD-COLD,1,producer_export,bounded_native_c_call_events,8
constant_n3,fresh,O-ADD-COLD,1,producer_export,observed_python_opcode_events,260
constant_n3,fresh,O-ADD-COLD,1,producer_export,proof_output_bytes,2913
constant_n3,fresh,O-ADD-COLD,1,producer_init,bounded_native_c_call_events,19
constant_n3,fresh,O-ADD-COLD,1,producer_init,observed_python_opcode_events,739
constant_n3,fresh,O-ADD-COLD,1,producer_input,bounded_native_c_call_events,184
constant_n3,fresh,O-ADD-COLD,1,producer_input,current_request_bytes,1007
constant_n3,fresh,O-ADD-COLD,1,producer_input,observed_python_opcode_events,33013
constant_n3,fresh,O-ADD-COLD,1,producer_storage,bounded_native_c_call_events,118
constant_n3,fresh,O-ADD-COLD,1,producer_storage,live_serialized_byte_periods,8593
constant_n3,fresh,O-ADD-COLD,1,producer_storage,observed_python_opcode_events,6957
constant_n3,fresh,O-ADD-COLD,1,receiver_check,bounded_native_c_call_events,483
constant_n3,fresh,O-ADD-COLD,1,receiver_check,observed_python_opcode_events,57803
constant_n3,fresh,O-ADD-COLD,1,receiver_init,bounded_native_c_call_events,156
constant_n3,fresh,O-ADD-COLD,1,receiver_init,observed_python_opcode_events,34465
constant_n3,fresh,O-ADD-COLD,1,receiver_input,bounded_native_c_call_events,184
constant_n3,fresh,O-ADD-COLD,1,receiver_input,current_request_bytes,1007
constant_n3,fresh,O-ADD-COLD,1,receiver_input,observed_python_opcode_events,33013
constant_n3,fresh,O-ADD-COLD,1,receiver_input,proof_input_bytes,2913
constant_n3,fresh,O-ADD-COLD,1,receiver_storage,bounded_native_c_call_events,22
constant_n3,fresh,O-ADD-COLD,1,receiver_storage,live_serialized_byte_periods,13462
constant_n3,fresh,O-ADD-COLD,1,receiver_storage,observed_python_opcode_events,4290
constant_n3,fresh,O-ADD-COLD,1,request_encoding,bounded_native_c_call_events,132
constant_n3,fresh,O-ADD-COLD,1,request_encoding,observed_python_opcode_events,5754
constant_n3,fresh,O-ADD-COLD,1,terminal,bounded_native_c_call_events,62
constant_n3,fresh,O-ADD-COLD,1,terminal,candidate_publication_events,1
constant_n3,fresh,O-ADD-COLD,1,terminal,current_receipt_output_bytes,2810
constant_n3,fresh,O-ADD-COLD,1,terminal,delivery_events,1
constant_n3,fresh,O-ADD-COLD,1,terminal,observed_python_opcode_events,2942
constant_n3,fresh,O-ADD-COLD,2,coordination,bounded_native_c_call_events,10
constant_n3,fresh,O-ADD-COLD,2,coordination,observed_python_opcode_events,602
constant_n3,fresh,O-ADD-COLD,2,producer_build,bounded_native_c_call_events,1435
constant_n3,fresh,O-ADD-COLD,2,producer_build,observed_python_opcode_events,31405
constant_n3,fresh,O-ADD-COLD,2,producer_export,bounded_native_c_call_events,8
constant_n3,fresh,O-ADD-COLD,2,producer_export,observed_python_opcode_events,260
constant_n3,fresh,O-ADD-COLD,2,producer_export,proof_output_bytes,3230
constant_n3,fresh,O-ADD-COLD,2,producer_init,bounded_native_c_call_events,19
constant_n3,fresh,O-ADD-COLD,2,producer_init,observed_python_opcode_events,739
constant_n3,fresh,O-ADD-COLD,2,producer_input,bounded_native_c_call_events,283
constant_n3,fresh,O-ADD-COLD,2,producer_input,current_request_bytes,1102
constant_n3,fresh,O-ADD-COLD,2,producer_input,observed_python_opcode_events,37669
constant_n3,fresh,O-ADD-COLD,2,producer_storage,bounded_native_c_call_events,136
constant_n3,fresh,O-ADD-COLD,2,producer_storage,live_serialized_byte_periods,9603
constant_n3,fresh,O-ADD-COLD,2,producer_storage,observed_python_opcode_events,13533
constant_n3,fresh,O-ADD-COLD,2,receiver_check,bounded_native_c_call_events,1075
constant_n3,fresh,O-ADD-COLD,2,receiver_check,observed_python_opcode_events,82128
constant_n3,fresh,O-ADD-COLD,2,receiver_init,bounded_native_c_call_events,156
constant_n3,fresh,O-ADD-COLD,2,receiver_init,observed_python_opcode_events,34465
constant_n3,fresh,O-ADD-COLD,2,receiver_input,bounded_native_c_call_events,283
constant_n3,fresh,O-ADD-COLD,2,receiver_input,current_request_bytes,1102
constant_n3,fresh,O-ADD-COLD,2,receiver_input,observed_python_opcode_events,37669
constant_n3,fresh,O-ADD-COLD,2,receiver_input,proof_input_bytes,3230
constant_n3,fresh,O-ADD-COLD,2,receiver_storage,bounded_native_c_call_events,22
constant_n3,fresh,O-ADD-COLD,2,receiver_storage,live_serialized_byte_periods,14562
constant_n3,fresh,O-ADD-COLD,2,receiver_storage,observed_python_opcode_events,7907
constant_n3,fresh,O-ADD-COLD,2,request_encoding,bounded_native_c_call_events,208
constant_n3,fresh,O-ADD-COLD,2,request_encoding,observed_python_opcode_events,7658
constant_n3,fresh,O-ADD-COLD,2,terminal,bounded_native_c_call_events,136
constant_n3,fresh,O-ADD-COLD,2,terminal,candidate_publication_events,1
constant_n3,fresh,O-ADD-COLD,2,terminal,current_receipt_output_bytes,2905
constant_n3,fresh,O-ADD-COLD,2,terminal,delivery_events,1
constant_n3,fresh,O-ADD-COLD,2,terminal,observed_python_opcode_events,4727
constant_n3,fresh,O-ADD-COLD,3,coordination,bounded_native_c_call_events,10
constant_n3,fresh,O-ADD-COLD,3,coordination,observed_python_opcode_events,602
constant_n3,fresh,O-ADD-COLD,3,producer_build,bounded_native_c_call_events,1541
constant_n3,fresh,O-ADD-COLD,3,producer_build,observed_python_opcode_events,33253
constant_n3,fresh,O-ADD-COLD,3,producer_export,bounded_native_c_call_events,8
constant_n3,fresh,O-ADD-COLD,3,producer_export,observed_python_opcode_events,260
constant_n3,fresh,O-ADD-COLD,3,producer_export,proof_output_bytes,3270
constant_n3,fresh,O-ADD-COLD,3,producer_init,bounded_native_c_call_events,19
constant_n3,fresh,O-ADD-COLD,3,producer_init,observed_python_opcode_events,739
constant_n3,fresh,O-ADD-COLD,3,producer_input,bounded_native_c_call_events,271
constant_n3,fresh,O-ADD-COLD,3,producer_input,current_request_bytes,1092
constant_n3,fresh,O-ADD-COLD,3,producer_input,observed_python_opcode_events,37061
constant_n3,fresh,O-ADD-COLD,3,producer_storage,bounded_native_c_call_events,150
constant_n3,fresh,O-ADD-COLD,3,producer_storage,live_serialized_byte_periods,9747
constant_n3,fresh,O-ADD-COLD,3,producer_storage,observed_python_opcode_events,15369
constant_n3,fresh,O-ADD-COLD,3,receiver_check,bounded_native_c_call_events,1185
constant_n3,fresh,O-ADD-COLD,3,receiver_check,observed_python_opcode_events,85984
constant_n3,fresh,O-ADD-COLD,3,receiver_init,bounded_native_c_call_events,156
constant_n3,fresh,O-ADD-COLD,3,receiver_init,observed_python_opcode_events,34465
constant_n3,fresh,O-ADD-COLD,3,receiver_input,bounded_native_c_call_events,271
constant_n3,fresh,O-ADD-COLD,3,receiver_input,current_request_bytes,1092
constant_n3,fresh,O-ADD-COLD,3,receiver_input,observed_python_opcode_events,37061
constant_n3,fresh,O-ADD-COLD,3,receiver_input,proof_input_bytes,3270
constant_n3,fresh,O-ADD-COLD,3,receiver_storage,bounded_native_c_call_events,22
constant_n3,fresh,O-ADD-COLD,3,receiver_storage,live_serialized_byte_periods,14650
constant_n3,fresh,O-ADD-COLD,3,receiver_storage,observed_python_opcode_events,9398
constant_n3,fresh,O-ADD-COLD,3,request_encoding,bounded_native_c_call_events,193
constant_n3,fresh,O-ADD-COLD,3,request_encoding,observed_python_opcode_events,7314
constant_n3,fresh,O-ADD-COLD,3,terminal,bounded_native_c_call_events,120
constant_n3,fresh,O-ADD-COLD,3,terminal,candidate_publication_events,1
constant_n3,fresh,O-ADD-COLD,3,terminal,current_receipt_output_bytes,2895
constant_n3,fresh,O-ADD-COLD,3,terminal,delivery_events,1
constant_n3,fresh,O-ADD-COLD,3,terminal,observed_python_opcode_events,4367
constant_n3,fresh,O-ADD-COLD,4,coordination,bounded_native_c_call_events,10
constant_n3,fresh,O-ADD-COLD,4,coordination,observed_python_opcode_events,602
constant_n3,fresh,O-ADD-COLD,4,producer_build,bounded_native_c_call_events,1780
constant_n3,fresh,O-ADD-COLD,4,producer_build,observed_python_opcode_events,39990
constant_n3,fresh,O-ADD-COLD,4,producer_export,bounded_native_c_call_events,8
constant_n3,fresh,O-ADD-COLD,4,producer_export,observed_python_opcode_events,260
constant_n3,fresh,O-ADD-COLD,4,producer_export,proof_output_bytes,3378
constant_n3,fresh,O-ADD-COLD,4,producer_init,bounded_native_c_call_events,19
constant_n3,fresh,O-ADD-COLD,4,producer_init,observed_python_opcode_events,739
constant_n3,fresh,O-ADD-COLD,4,producer_input,bounded_native_c_call_events,293
constant_n3,fresh,O-ADD-COLD,4,producer_input,current_request_bytes,1118
constant_n3,fresh,O-ADD-COLD,4,producer_input,observed_python_opcode_events,38450
constant_n3,fresh,O-ADD-COLD,4,producer_storage,bounded_native_c_call_events,162
constant_n3,fresh,O-ADD-COLD,4,producer_storage,live_serialized_byte_periods,10094
constant_n3,fresh,O-ADD-COLD,4,producer_storage,observed_python_opcode_events,17580
constant_n3,fresh,O-ADD-COLD,4,receiver_check,bounded_native_c_call_events,1388
constant_n3,fresh,O-ADD-COLD,4,receiver_check,observed_python_opcode_events,95144
constant_n3,fresh,O-ADD-COLD,4,receiver_init,bounded_native_c_call_events,156
constant_n3,fresh,O-ADD-COLD,4,receiver_init,observed_python_opcode_events,34465
constant_n3,fresh,O-ADD-COLD,4,receiver_input,bounded_native_c_call_events,293
constant_n3,fresh,O-ADD-COLD,4,receiver_input,current_request_bytes,1118
constant_n3,fresh,O-ADD-COLD,4,receiver_input,observed_python_opcode_events,38450
constant_n3,fresh,O-ADD-COLD,4,receiver_input,proof_input_bytes,3378
constant_n3,fresh,O-ADD-COLD,4,receiver_storage,bounded_native_c_call_events,22
constant_n3,fresh,O-ADD-COLD,4,receiver_storage,live_serialized_byte_periods,14997
constant_n3,fresh,O-ADD-COLD,4,receiver_storage,observed_python_opcode_events,10272
constant_n3,fresh,O-ADD-COLD,4,request_encoding,bounded_native_c_call_events,223
constant_n3,fresh,O-ADD-COLD,4,request_encoding,observed_python_opcode_events,8010
constant_n3,fresh,O-ADD-COLD,4,terminal,bounded_native_c_call_events,152
constant_n3,fresh,O-ADD-COLD,4,terminal,candidate_publication_events,1
constant_n3,fresh,O-ADD-COLD,4,terminal,current_receipt_output_bytes,2921
constant_n3,fresh,O-ADD-COLD,4,terminal,delivery_events,1
constant_n3,fresh,O-ADD-COLD,4,terminal,observed_python_opcode_events,5107
constant_n3,fresh,O-ADD-COLD,5,coordination,bounded_native_c_call_events,10
constant_n3,fresh,O-ADD-COLD,5,coordination,observed_python_opcode_events,602
constant_n3,fresh,O-ADD-COLD,5,producer_build,bounded_native_c_call_events,2019
constant_n3,fresh,O-ADD-COLD,5,producer_build,observed_python_opcode_events,46929
constant_n3,fresh,O-ADD-COLD,5,producer_export,bounded_native_c_call_events,8
constant_n3,fresh,O-ADD-COLD,5,producer_export,observed_python_opcode_events,260
constant_n3,fresh,O-ADD-COLD,5,producer_export,proof_output_bytes,3525
constant_n3,fresh,O-ADD-COLD,5,producer_init,bounded_native_c_call_events,19
constant_n3,fresh,O-ADD-COLD,5,producer_init,observed_python_opcode_events,739
constant_n3,fresh,O-ADD-COLD,5,producer_input,bounded_native_c_call_events,300
constant_n3,fresh,O-ADD-COLD,5,producer_input,current_request_bytes,1113
constant_n3,fresh,O-ADD-COLD,5,producer_input,observed_python_opcode_events,38498
constant_n3,fresh,O-ADD-COLD,5,producer_storage,bounded_native_c_call_events,162
constant_n3,fresh,O-ADD-COLD,5,producer_storage,live_serialized_byte_periods,10598
constant_n3,fresh,O-ADD-COLD,5,producer_storage,observed_python_opcode_events,21895
constant_n3,fresh,O-ADD-COLD,5,receiver_check,bounded_native_c_call_events,1681
constant_n3,fresh,O-ADD-COLD,5,receiver_check,observed_python_opcode_events,108136
constant_n3,fresh,O-ADD-COLD,5,receiver_init,bounded_native_c_call_events,156
constant_n3,fresh,O-ADD-COLD,5,receiver_init,observed_python_opcode_events,34465
constant_n3,fresh,O-ADD-COLD,5,receiver_input,bounded_native_c_call_events,300
constant_n3,fresh,O-ADD-COLD,5,receiver_input,current_request_bytes,1113
constant_n3,fresh,O-ADD-COLD,5,receiver_input,observed_python_opcode_events,38498
constant_n3,fresh,O-ADD-COLD,5,receiver_input,proof_input_bytes,3525
constant_n3,fresh,O-ADD-COLD,5,receiver_storage,bounded_native_c_call_events,22
constant_n3,fresh,O-ADD-COLD,5,receiver_storage,live_serialized_byte_periods,15391
constant_n3,fresh,O-ADD-COLD,5,receiver_storage,observed_python_opcode_events,13370
constant_n3,fresh,O-ADD-COLD,5,request_encoding,bounded_native_c_call_events,229
constant_n3,fresh,O-ADD-COLD,5,request_encoding,observed_python_opcode_events,8150
constant_n3,fresh,O-ADD-COLD,5,terminal,bounded_native_c_call_events,150
constant_n3,fresh,O-ADD-COLD,5,terminal,candidate_publication_events,1
constant_n3,fresh,O-ADD-COLD,5,terminal,current_receipt_output_bytes,2916
constant_n3,fresh,O-ADD-COLD,5,terminal,delivery_events,1
constant_n3,fresh,O-ADD-COLD,5,terminal,observed_python_opcode_events,5083
constant_n3,fresh,O-ADD-COLD,6,coordination,bounded_native_c_call_events,10
constant_n3,fresh,O-ADD-COLD,6,coordination,observed_python_opcode_events,602
constant_n3,fresh,O-ADD-COLD,6,producer_build,bounded_native_c_call_events,1960
constant_n3,fresh,O-ADD-COLD,6,producer_build,observed_python_opcode_events,45750
constant_n3,fresh,O-ADD-COLD,6,producer_export,bounded_native_c_call_events,8
constant_n3,fresh,O-ADD-COLD,6,producer_export,observed_python_opcode_events,260
constant_n3,fresh,O-ADD-COLD,6,producer_export,proof_output_bytes,3514
constant_n3,fresh,O-ADD-COLD,6,producer_init,bounded_native_c_call_events,19
constant_n3,fresh,O-ADD-COLD,6,producer_init,observed_python_opcode_events,739
constant_n3,fresh,O-ADD-COLD,6,producer_input,bounded_native_c_call_events,312
constant_n3,fresh,O-ADD-COLD,6,producer_input,current_request_bytes,1127
constant_n3,fresh,O-ADD-COLD,6,producer_input,observed_python_opcode_events,39238
constant_n3,fresh,O-ADD-COLD,6,producer_storage,bounded_native_c_call_events,168
constant_n3,fresh,O-ADD-COLD,6,producer_storage,live_serialized_byte_periods,10541
constant_n3,fresh,O-ADD-COLD,6,producer_storage,observed_python_opcode_events,20913
constant_n3,fresh,O-ADD-COLD,6,receiver_check,bounded_native_c_call_events,1622
constant_n3,fresh,O-ADD-COLD,6,receiver_check,observed_python_opcode_events,105819
constant_n3,fresh,O-ADD-COLD,6,receiver_init,bounded_native_c_call_events,156
constant_n3,fresh,O-ADD-COLD,6,receiver_init,observed_python_opcode_events,34465
constant_n3,fresh,O-ADD-COLD,6,receiver_input,bounded_native_c_call_events,312
constant_n3,fresh,O-ADD-COLD,6,receiver_input,current_request_bytes,1127
constant_n3,fresh,O-ADD-COLD,6,receiver_input,observed_python_opcode_events,39238
constant_n3,fresh,O-ADD-COLD,6,receiver_input,proof_input_bytes,3514
constant_n3,fresh,O-ADD-COLD,6,receiver_storage,bounded_native_c_call_events,22
constant_n3,fresh,O-ADD-COLD,6,receiver_storage,live_serialized_byte_periods,15369
constant_n3,fresh,O-ADD-COLD,6,receiver_storage,observed_python_opcode_events,12197
constant_n3,fresh,O-ADD-COLD,6,request_encoding,bounded_native_c_call_events,244
constant_n3,fresh,O-ADD-COLD,6,request_encoding,observed_python_opcode_events,8500
constant_n3,fresh,O-ADD-COLD,6,terminal,bounded_native_c_call_events,160
constant_n3,fresh,O-ADD-COLD,6,terminal,candidate_publication_events,1
constant_n3,fresh,O-ADD-COLD,6,terminal,current_receipt_output_bytes,2930
constant_n3,fresh,O-ADD-COLD,6,terminal,delivery_events,1
constant_n3,fresh,O-ADD-COLD,6,terminal,observed_python_opcode_events,5251
constant_n3,fresh,O-ADD-PORTFOLIO,1,common_source,bounded_native_c_call_events,457
constant_n3,fresh,O-ADD-PORTFOLIO,1,common_source,observed_python_opcode_events,40257
constant_n3,fresh,O-ADD-PORTFOLIO,1,common_source,source_hash_bytes_prepaid,220827
constant_n3,fresh,O-ADD-PORTFOLIO,1,common_source,source_length_probe_bytes_prepaid,10
constant_n3,fresh,O-ADD-PORTFOLIO,1,common_source,source_program_bytes_prepaid,220827
constant_n3,fresh,O-ADD-PORTFOLIO,1,common_source,source_record_bytes,1487
constant_n3,fresh,O-ADD-PORTFOLIO,1,coordination,bounded_native_c_call_events,15
constant_n3,fresh,O-ADD-PORTFOLIO,1,coordination,observed_python_opcode_events,736
constant_n3,fresh,O-ADD-PORTFOLIO,1,producer_build,bounded_native_c_call_events,318
constant_n3,fresh,O-ADD-PORTFOLIO,1,producer_build,observed_python_opcode_events,7023
constant_n3,fresh,O-ADD-PORTFOLIO,1,producer_export,bounded_native_c_call_events,7
constant_n3,fresh,O-ADD-PORTFOLIO,1,producer_export,observed_python_opcode_events,759
constant_n3,fresh,O-ADD-PORTFOLIO,1,producer_export,proof_output_bytes,1027
constant_n3,fresh,O-ADD-PORTFOLIO,1,producer_init,observed_python_opcode_events,4
constant_n3,fresh,O-ADD-PORTFOLIO,1,producer_input,bounded_native_c_call_events,184
constant_n3,fresh,O-ADD-PORTFOLIO,1,producer_input,current_request_bytes,1007
constant_n3,fresh,O-ADD-PORTFOLIO,1,producer_input,observed_python_opcode_events,33013
constant_n3,fresh,O-ADD-PORTFOLIO,1,producer_storage,bounded_native_c_call_events,15
constant_n3,fresh,O-ADD-PORTFOLIO,1,producer_storage,live_serialized_byte_periods,4248
constant_n3,fresh,O-ADD-PORTFOLIO,1,producer_storage,observed_python_opcode_events,959
constant_n3,fresh,O-ADD-PORTFOLIO,1,receiver_check,bounded_native_c_call_events,367
constant_n3,fresh,O-ADD-PORTFOLIO,1,receiver_check,observed_python_opcode_events,8575
constant_n3,fresh,O-ADD-PORTFOLIO,1,receiver_import,bounded_native_c_call_events,33
constant_n3,fresh,O-ADD-PORTFOLIO,1,receiver_import,observed_python_opcode_events,15719
constant_n3,fresh,O-ADD-PORTFOLIO,1,receiver_init,observed_python_opcode_events,4
constant_n3,fresh,O-ADD-PORTFOLIO,1,receiver_input,bounded_native_c_call_events,184
constant_n3,fresh,O-ADD-PORTFOLIO,1,receiver_input,current_request_bytes,1007
constant_n3,fresh,O-ADD-PORTFOLIO,1,receiver_input,observed_python_opcode_events,33013
constant_n3,fresh,O-ADD-PORTFOLIO,1,receiver_input,proof_input_bytes,1027
constant_n3,fresh,O-ADD-PORTFOLIO,1,receiver_storage,bounded_native_c_call_events,16
constant_n3,fresh,O-ADD-PORTFOLIO,1,receiver_storage,live_serialized_byte_periods,7420
constant_n3,fresh,O-ADD-PORTFOLIO,1,receiver_storage,observed_python_opcode_events,751
constant_n3,fresh,O-ADD-PORTFOLIO,1,request_encoding,bounded_native_c_call_events,132
constant_n3,fresh,O-ADD-PORTFOLIO,1,request_encoding,observed_python_opcode_events,5754
constant_n3,fresh,O-ADD-PORTFOLIO,1,terminal,bounded_native_c_call_events,62
constant_n3,fresh,O-ADD-PORTFOLIO,1,terminal,candidate_publication_events,1
constant_n3,fresh,O-ADD-PORTFOLIO,1,terminal,current_receipt_output_bytes,2810
constant_n3,fresh,O-ADD-PORTFOLIO,1,terminal,delivery_events,1
constant_n3,fresh,O-ADD-PORTFOLIO,1,terminal,observed_python_opcode_events,2942
constant_n3,fresh,O-ADD-PORTFOLIO,2,coordination,bounded_native_c_call_events,12
constant_n3,fresh,O-ADD-PORTFOLIO,2,coordination,observed_python_opcode_events,641
constant_n3,fresh,O-ADD-PORTFOLIO,2,producer_build,bounded_native_c_call_events,697
constant_n3,fresh,O-ADD-PORTFOLIO,2,producer_build,observed_python_opcode_events,14174
constant_n3,fresh,O-ADD-PORTFOLIO,2,producer_export,bounded_native_c_call_events,7
constant_n3,fresh,O-ADD-PORTFOLIO,2,producer_export,observed_python_opcode_events,759
constant_n3,fresh,O-ADD-PORTFOLIO,2,producer_export,proof_output_bytes,1122
constant_n3,fresh,O-ADD-PORTFOLIO,2,producer_input,bounded_native_c_call_events,283
constant_n3,fresh,O-ADD-PORTFOLIO,2,producer_input,current_request_bytes,1102
constant_n3,fresh,O-ADD-PORTFOLIO,2,producer_input,observed_python_opcode_events,37669
constant_n3,fresh,O-ADD-PORTFOLIO,2,producer_storage,bounded_native_c_call_events,15
constant_n3,fresh,O-ADD-PORTFOLIO,2,producer_storage,live_serialized_byte_periods,4510
constant_n3,fresh,O-ADD-PORTFOLIO,2,producer_storage,observed_python_opcode_events,959
constant_n3,fresh,O-ADD-PORTFOLIO,2,receiver_check,bounded_native_c_call_events,723
constant_n3,fresh,O-ADD-PORTFOLIO,2,receiver_check,observed_python_opcode_events,15142
constant_n3,fresh,O-ADD-PORTFOLIO,2,receiver_import,bounded_native_c_call_events,33
constant_n3,fresh,O-ADD-PORTFOLIO,2,receiver_import,observed_python_opcode_events,17000
constant_n3,fresh,O-ADD-PORTFOLIO,2,receiver_init,observed_python_opcode_events,4
constant_n3,fresh,O-ADD-PORTFOLIO,2,receiver_input,bounded_native_c_call_events,283
constant_n3,fresh,O-ADD-PORTFOLIO,2,receiver_input,current_request_bytes,1102
constant_n3,fresh,O-ADD-PORTFOLIO,2,receiver_input,observed_python_opcode_events,37669
constant_n3,fresh,O-ADD-PORTFOLIO,2,receiver_input,proof_input_bytes,1122
constant_n3,fresh,O-ADD-PORTFOLIO,2,receiver_storage,bounded_native_c_call_events,16
constant_n3,fresh,O-ADD-PORTFOLIO,2,receiver_storage,live_serialized_byte_periods,7813
constant_n3,fresh,O-ADD-PORTFOLIO,2,receiver_storage,observed_python_opcode_events,751
constant_n3,fresh,O-ADD-PORTFOLIO,2,request_encoding,bounded_native_c_call_events,208
constant_n3,fresh,O-ADD-PORTFOLIO,2,request_encoding,observed_python_opcode_events,7658
constant_n3,fresh,O-ADD-PORTFOLIO,2,terminal,bounded_native_c_call_events,136
constant_n3,fresh,O-ADD-PORTFOLIO,2,terminal,candidate_publication_events,1
constant_n3,fresh,O-ADD-PORTFOLIO,2,terminal,current_receipt_output_bytes,2905
constant_n3,fresh,O-ADD-PORTFOLIO,2,terminal,delivery_events,1
constant_n3,fresh,O-ADD-PORTFOLIO,2,terminal,observed_python_opcode_events,4727
constant_n3,fresh,O-ADD-PORTFOLIO,3,coordination,bounded_native_c_call_events,12
constant_n3,fresh,O-ADD-PORTFOLIO,3,coordination,observed_python_opcode_events,641
constant_n3,fresh,O-ADD-PORTFOLIO,3,producer_build,bounded_native_c_call_events,654
constant_n3,fresh,O-ADD-PORTFOLIO,3,producer_build,observed_python_opcode_events,13168
constant_n3,fresh,O-ADD-PORTFOLIO,3,producer_export,bounded_native_c_call_events,7
constant_n3,fresh,O-ADD-PORTFOLIO,3,producer_export,observed_python_opcode_events,759
constant_n3,fresh,O-ADD-PORTFOLIO,3,producer_export,proof_output_bytes,1112
constant_n3,fresh,O-ADD-PORTFOLIO,3,producer_input,bounded_native_c_call_events,271
constant_n3,fresh,O-ADD-PORTFOLIO,3,producer_input,current_request_bytes,1092
constant_n3,fresh,O-ADD-PORTFOLIO,3,producer_input,observed_python_opcode_events,37061
constant_n3,fresh,O-ADD-PORTFOLIO,3,producer_storage,bounded_native_c_call_events,15
constant_n3,fresh,O-ADD-PORTFOLIO,3,producer_storage,live_serialized_byte_periods,4482
constant_n3,fresh,O-ADD-PORTFOLIO,3,producer_storage,observed_python_opcode_events,959
constant_n3,fresh,O-ADD-PORTFOLIO,3,receiver_check,bounded_native_c_call_events,688
constant_n3,fresh,O-ADD-PORTFOLIO,3,receiver_check,observed_python_opcode_events,14298
constant_n3,fresh,O-ADD-PORTFOLIO,3,receiver_import,bounded_native_c_call_events,33
constant_n3,fresh,O-ADD-PORTFOLIO,3,receiver_import,observed_python_opcode_events,16866
constant_n3,fresh,O-ADD-PORTFOLIO,3,receiver_init,observed_python_opcode_events,4
constant_n3,fresh,O-ADD-PORTFOLIO,3,receiver_input,bounded_native_c_call_events,271
constant_n3,fresh,O-ADD-PORTFOLIO,3,receiver_input,current_request_bytes,1092
constant_n3,fresh,O-ADD-PORTFOLIO,3,receiver_input,observed_python_opcode_events,37061
constant_n3,fresh,O-ADD-PORTFOLIO,3,receiver_input,proof_input_bytes,1112
constant_n3,fresh,O-ADD-PORTFOLIO,3,receiver_storage,bounded_native_c_call_events,16
constant_n3,fresh,O-ADD-PORTFOLIO,3,receiver_storage,live_serialized_byte_periods,7771
constant_n3,fresh,O-ADD-PORTFOLIO,3,receiver_storage,observed_python_opcode_events,751
constant_n3,fresh,O-ADD-PORTFOLIO,3,request_encoding,bounded_native_c_call_events,193
constant_n3,fresh,O-ADD-PORTFOLIO,3,request_encoding,observed_python_opcode_events,7314
constant_n3,fresh,O-ADD-PORTFOLIO,3,terminal,bounded_native_c_call_events,120
constant_n3,fresh,O-ADD-PORTFOLIO,3,terminal,candidate_publication_events,1
constant_n3,fresh,O-ADD-PORTFOLIO,3,terminal,current_receipt_output_bytes,2895
constant_n3,fresh,O-ADD-PORTFOLIO,3,terminal,delivery_events,1
constant_n3,fresh,O-ADD-PORTFOLIO,3,terminal,observed_python_opcode_events,4367
constant_n3,fresh,O-ADD-PORTFOLIO,4,coordination,bounded_native_c_call_events,12
constant_n3,fresh,O-ADD-PORTFOLIO,4,coordination,observed_python_opcode_events,641
constant_n3,fresh,O-ADD-PORTFOLIO,4,producer_build,bounded_native_c_call_events,734
constant_n3,fresh,O-ADD-PORTFOLIO,4,producer_build,observed_python_opcode_events,14996
constant_n3,fresh,O-ADD-PORTFOLIO,4,producer_export,bounded_native_c_call_events,7
constant_n3,fresh,O-ADD-PORTFOLIO,4,producer_export,observed_python_opcode_events,759
constant_n3,fresh,O-ADD-PORTFOLIO,4,producer_export,proof_output_bytes,1138
constant_n3,fresh,O-ADD-PORTFOLIO,4,producer_input,bounded_native_c_call_events,293
constant_n3,fresh,O-ADD-PORTFOLIO,4,producer_input,current_request_bytes,1118
constant_n3,fresh,O-ADD-PORTFOLIO,4,producer_input,observed_python_opcode_events,38450
constant_n3,fresh,O-ADD-PORTFOLIO,4,producer_storage,bounded_native_c_call_events,15
constant_n3,fresh,O-ADD-PORTFOLIO,4,producer_storage,live_serialized_byte_periods,4550
constant_n3,fresh,O-ADD-PORTFOLIO,4,producer_storage,observed_python_opcode_events,959
constant_n3,fresh,O-ADD-PORTFOLIO,4,receiver_check,bounded_native_c_call_events,752
constant_n3,fresh,O-ADD-PORTFOLIO,4,receiver_check,observed_python_opcode_events,15794
constant_n3,fresh,O-ADD-PORTFOLIO,4,receiver_import,bounded_native_c_call_events,33
constant_n3,fresh,O-ADD-PORTFOLIO,4,receiver_import,observed_python_opcode_events,17224
constant_n3,fresh,O-ADD-PORTFOLIO,4,receiver_init,observed_python_opcode_events,4
constant_n3,fresh,O-ADD-PORTFOLIO,4,receiver_input,bounded_native_c_call_events,293
constant_n3,fresh,O-ADD-PORTFOLIO,4,receiver_input,current_request_bytes,1118
constant_n3,fresh,O-ADD-PORTFOLIO,4,receiver_input,observed_python_opcode_events,38450
constant_n3,fresh,O-ADD-PORTFOLIO,4,receiver_input,proof_input_bytes,1138
constant_n3,fresh,O-ADD-PORTFOLIO,4,receiver_storage,bounded_native_c_call_events,16
constant_n3,fresh,O-ADD-PORTFOLIO,4,receiver_storage,live_serialized_byte_periods,7873
constant_n3,fresh,O-ADD-PORTFOLIO,4,receiver_storage,observed_python_opcode_events,751
constant_n3,fresh,O-ADD-PORTFOLIO,4,request_encoding,bounded_native_c_call_events,223
constant_n3,fresh,O-ADD-PORTFOLIO,4,request_encoding,observed_python_opcode_events,8010
constant_n3,fresh,O-ADD-PORTFOLIO,4,terminal,bounded_native_c_call_events,152
constant_n3,fresh,O-ADD-PORTFOLIO,4,terminal,candidate_publication_events,1
constant_n3,fresh,O-ADD-PORTFOLIO,4,terminal,current_receipt_output_bytes,2921
constant_n3,fresh,O-ADD-PORTFOLIO,4,terminal,delivery_events,1
constant_n3,fresh,O-ADD-PORTFOLIO,4,terminal,observed_python_opcode_events,5107
constant_n3,fresh,O-ADD-PORTFOLIO,5,coordination,bounded_native_c_call_events,12
constant_n3,fresh,O-ADD-PORTFOLIO,5,coordination,observed_python_opcode_events,641
constant_n3,fresh,O-ADD-PORTFOLIO,5,producer_build,bounded_native_c_call_events,878
constant_n3,fresh,O-ADD-PORTFOLIO,5,producer_build,observed_python_opcode_events,17684
constant_n3,fresh,O-ADD-PORTFOLIO,5,producer_export,bounded_native_c_call_events,7
constant_n3,fresh,O-ADD-PORTFOLIO,5,producer_export,observed_python_opcode_events,759
constant_n3,fresh,O-ADD-PORTFOLIO,5,producer_export,proof_output_bytes,1133
constant_n3,fresh,O-ADD-PORTFOLIO,5,producer_input,bounded_native_c_call_events,300
constant_n3,fresh,O-ADD-PORTFOLIO,5,producer_input,current_request_bytes,1113
constant_n3,fresh,O-ADD-PORTFOLIO,5,producer_input,observed_python_opcode_events,38498
constant_n3,fresh,O-ADD-PORTFOLIO,5,producer_storage,bounded_native_c_call_events,15
constant_n3,fresh,O-ADD-PORTFOLIO,5,producer_storage,live_serialized_byte_periods,4540
constant_n3,fresh,O-ADD-PORTFOLIO,5,producer_storage,observed_python_opcode_events,959
constant_n3,fresh,O-ADD-PORTFOLIO,5,receiver_check,bounded_native_c_call_events,904
constant_n3,fresh,O-ADD-PORTFOLIO,5,receiver_check,observed_python_opcode_events,18662
constant_n3,fresh,O-ADD-PORTFOLIO,5,receiver_import,bounded_native_c_call_events,33
constant_n3,fresh,O-ADD-PORTFOLIO,5,receiver_import,observed_python_opcode_events,17149
constant_n3,fresh,O-ADD-PORTFOLIO,5,receiver_init,observed_python_opcode_events,4
constant_n3,fresh,O-ADD-PORTFOLIO,5,receiver_input,bounded_native_c_call_events,300
constant_n3,fresh,O-ADD-PORTFOLIO,5,receiver_input,current_request_bytes,1113
constant_n3,fresh,O-ADD-PORTFOLIO,5,receiver_input,observed_python_opcode_events,38498
constant_n3,fresh,O-ADD-PORTFOLIO,5,receiver_input,proof_input_bytes,1133
constant_n3,fresh,O-ADD-PORTFOLIO,5,receiver_storage,bounded_native_c_call_events,16
constant_n3,fresh,O-ADD-PORTFOLIO,5,receiver_storage,live_serialized_byte_periods,7858
constant_n3,fresh,O-ADD-PORTFOLIO,5,receiver_storage,observed_python_opcode_events,751
constant_n3,fresh,O-ADD-PORTFOLIO,5,request_encoding,bounded_native_c_call_events,229
constant_n3,fresh,O-ADD-PORTFOLIO,5,request_encoding,observed_python_opcode_events,8150
constant_n3,fresh,O-ADD-PORTFOLIO,5,terminal,bounded_native_c_call_events,150
constant_n3,fresh,O-ADD-PORTFOLIO,5,terminal,candidate_publication_events,1
constant_n3,fresh,O-ADD-PORTFOLIO,5,terminal,current_receipt_output_bytes,2916
constant_n3,fresh,O-ADD-PORTFOLIO,5,terminal,delivery_events,1
constant_n3,fresh,O-ADD-PORTFOLIO,5,terminal,observed_python_opcode_events,5083
constant_n3,fresh,O-ADD-PORTFOLIO,6,coordination,bounded_native_c_call_events,12
constant_n3,fresh,O-ADD-PORTFOLIO,6,coordination,observed_python_opcode_events,641
constant_n3,fresh,O-ADD-PORTFOLIO,6,producer_build,bounded_native_c_call_events,875
constant_n3,fresh,O-ADD-PORTFOLIO,6,producer_build,observed_python_opcode_events,17794
constant_n3,fresh,O-ADD-PORTFOLIO,6,producer_export,bounded_native_c_call_events,7
constant_n3,fresh,O-ADD-PORTFOLIO,6,producer_export,observed_python_opcode_events,759
constant_n3,fresh,O-ADD-PORTFOLIO,6,producer_export,proof_output_bytes,1147
constant_n3,fresh,O-ADD-PORTFOLIO,6,producer_input,bounded_native_c_call_events,312
constant_n3,fresh,O-ADD-PORTFOLIO,6,producer_input,current_request_bytes,1127
constant_n3,fresh,O-ADD-PORTFOLIO,6,producer_input,observed_python_opcode_events,39238
constant_n3,fresh,O-ADD-PORTFOLIO,6,producer_storage,bounded_native_c_call_events,15
constant_n3,fresh,O-ADD-PORTFOLIO,6,producer_storage,live_serialized_byte_periods,4576
constant_n3,fresh,O-ADD-PORTFOLIO,6,producer_storage,observed_python_opcode_events,959
constant_n3,fresh,O-ADD-PORTFOLIO,6,receiver_check,bounded_native_c_call_events,895
constant_n3,fresh,O-ADD-PORTFOLIO,6,receiver_check,observed_python_opcode_events,18714
constant_n3,fresh,O-ADD-PORTFOLIO,6,receiver_import,bounded_native_c_call_events,33
constant_n3,fresh,O-ADD-PORTFOLIO,6,receiver_import,observed_python_opcode_events,17343
constant_n3,fresh,O-ADD-PORTFOLIO,6,receiver_init,observed_python_opcode_events,4
constant_n3,fresh,O-ADD-PORTFOLIO,6,receiver_input,bounded_native_c_call_events,312
constant_n3,fresh,O-ADD-PORTFOLIO,6,receiver_input,current_request_bytes,1127
constant_n3,fresh,O-ADD-PORTFOLIO,6,receiver_input,observed_python_opcode_events,39238
constant_n3,fresh,O-ADD-PORTFOLIO,6,receiver_input,proof_input_bytes,1147
constant_n3,fresh,O-ADD-PORTFOLIO,6,receiver_storage,bounded_native_c_call_events,16
constant_n3,fresh,O-ADD-PORTFOLIO,6,receiver_storage,live_serialized_byte_periods,7912
constant_n3,fresh,O-ADD-PORTFOLIO,6,receiver_storage,observed_python_opcode_events,751
constant_n3,fresh,O-ADD-PORTFOLIO,6,request_encoding,bounded_native_c_call_events,244
constant_n3,fresh,O-ADD-PORTFOLIO,6,request_encoding,observed_python_opcode_events,8500
constant_n3,fresh,O-ADD-PORTFOLIO,6,terminal,bounded_native_c_call_events,160
constant_n3,fresh,O-ADD-PORTFOLIO,6,terminal,candidate_publication_events,1
constant_n3,fresh,O-ADD-PORTFOLIO,6,terminal,current_receipt_output_bytes,2930
constant_n3,fresh,O-ADD-PORTFOLIO,6,terminal,delivery_events,1
constant_n3,fresh,O-ADD-PORTFOLIO,6,terminal,observed_python_opcode_events,5251
constant_n3,fresh,O-ADD-WARM,1,common_source,bounded_native_c_call_events,457
constant_n3,fresh,O-ADD-WARM,1,common_source,observed_python_opcode_events,40257
constant_n3,fresh,O-ADD-WARM,1,common_source,source_hash_bytes_prepaid,220827
constant_n3,fresh,O-ADD-WARM,1,common_source,source_length_probe_bytes_prepaid,10
constant_n3,fresh,O-ADD-WARM,1,common_source,source_program_bytes_prepaid,220827
constant_n3,fresh,O-ADD-WARM,1,common_source,source_record_bytes,1487
constant_n3,fresh,O-ADD-WARM,1,coordination,bounded_native_c_call_events,10
constant_n3,fresh,O-ADD-WARM,1,coordination,observed_python_opcode_events,628
constant_n3,fresh,O-ADD-WARM,1,producer_build,bounded_native_c_call_events,689
constant_n3,fresh,O-ADD-WARM,1,producer_build,observed_python_opcode_events,13620
constant_n3,fresh,O-ADD-WARM,1,producer_export,bounded_native_c_call_events,8
constant_n3,fresh,O-ADD-WARM,1,producer_export,observed_python_opcode_events,260
constant_n3,fresh,O-ADD-WARM,1,producer_export,proof_output_bytes,2913
constant_n3,fresh,O-ADD-WARM,1,producer_init,bounded_native_c_call_events,19
constant_n3,fresh,O-ADD-WARM,1,producer_init,observed_python_opcode_events,739
constant_n3,fresh,O-ADD-WARM,1,producer_input,bounded_native_c_call_events,184
constant_n3,fresh,O-ADD-WARM,1,producer_input,current_request_bytes,1007
constant_n3,fresh,O-ADD-WARM,1,producer_input,observed_python_opcode_events,33013
constant_n3,fresh,O-ADD-WARM,1,producer_storage,bounded_native_c_call_events,118
constant_n3,fresh,O-ADD-WARM,1,producer_storage,live_serialized_byte_periods,8593
constant_n3,fresh,O-ADD-WARM,1,producer_storage,observed_python_opcode_events,6957
constant_n3,fresh,O-ADD-WARM,1,receiver_check,bounded_native_c_call_events,483
constant_n3,fresh,O-ADD-WARM,1,receiver_check,observed_python_opcode_events,57803
constant_n3,fresh,O-ADD-WARM,1,receiver_init,bounded_native_c_call_events,156
constant_n3,fresh,O-ADD-WARM,1,receiver_init,observed_python_opcode_events,34465
constant_n3,fresh,O-ADD-WARM,1,receiver_input,bounded_native_c_call_events,184
constant_n3,fresh,O-ADD-WARM,1,receiver_input,current_request_bytes,1007
constant_n3,fresh,O-ADD-WARM,1,receiver_input,observed_python_opcode_events,33013
constant_n3,fresh,O-ADD-WARM,1,receiver_input,proof_input_bytes,2913
constant_n3,fresh,O-ADD-WARM,1,receiver_storage,bounded_native_c_call_events,22
constant_n3,fresh,O-ADD-WARM,1,receiver_storage,live_serialized_byte_periods,13462
constant_n3,fresh,O-ADD-WARM,1,receiver_storage,observed_python_opcode_events,4290
constant_n3,fresh,O-ADD-WARM,1,request_encoding,bounded_native_c_call_events,132
constant_n3,fresh,O-ADD-WARM,1,request_encoding,observed_python_opcode_events,5754
constant_n3,fresh,O-ADD-WARM,1,terminal,bounded_native_c_call_events,62
constant_n3,fresh,O-ADD-WARM,1,terminal,candidate_publication_events,1
constant_n3,fresh,O-ADD-WARM,1,terminal,current_receipt_output_bytes,2810
constant_n3,fresh,O-ADD-WARM,1,terminal,delivery_events,1
constant_n3,fresh,O-ADD-WARM,1,terminal,observed_python_opcode_events,2942
constant_n3,fresh,O-ADD-WARM,2,coordination,bounded_native_c_call_events,10
constant_n3,fresh,O-ADD-WARM,2,coordination,observed_python_opcode_events,592
constant_n3,fresh,O-ADD-WARM,2,producer_build,bounded_native_c_call_events,1343
constant_n3,fresh,O-ADD-WARM,2,producer_build,observed_python_opcode_events,30590
constant_n3,fresh,O-ADD-WARM,2,producer_export,bounded_native_c_call_events,8
constant_n3,fresh,O-ADD-WARM,2,producer_export,observed_python_opcode_events,260
constant_n3,fresh,O-ADD-WARM,2,producer_export,proof_output_bytes,3271
constant_n3,fresh,O-ADD-WARM,2,producer_input,bounded_native_c_call_events,283
constant_n3,fresh,O-ADD-WARM,2,producer_input,current_request_bytes,1102
constant_n3,fresh,O-ADD-WARM,2,producer_input,observed_python_opcode_events,37669
constant_n3,fresh,O-ADD-WARM,2,producer_storage,bounded_native_c_call_events,136
constant_n3,fresh,O-ADD-WARM,2,producer_storage,live_serialized_byte_periods,9732
constant_n3,fresh,O-ADD-WARM,2,producer_storage,observed_python_opcode_events,14544
constant_n3,fresh,O-ADD-WARM,2,receiver_check,bounded_native_c_call_events,1143
constant_n3,fresh,O-ADD-WARM,2,receiver_check,observed_python_opcode_events,85037
constant_n3,fresh,O-ADD-WARM,2,receiver_init,bounded_native_c_call_events,156
constant_n3,fresh,O-ADD-WARM,2,receiver_init,observed_python_opcode_events,34465
constant_n3,fresh,O-ADD-WARM,2,receiver_input,bounded_native_c_call_events,283
constant_n3,fresh,O-ADD-WARM,2,receiver_input,current_request_bytes,1102
constant_n3,fresh,O-ADD-WARM,2,receiver_input,observed_python_opcode_events,37669
constant_n3,fresh,O-ADD-WARM,2,receiver_input,proof_input_bytes,3271
constant_n3,fresh,O-ADD-WARM,2,receiver_storage,bounded_native_c_call_events,22
constant_n3,fresh,O-ADD-WARM,2,receiver_storage,live_serialized_byte_periods,14650
constant_n3,fresh,O-ADD-WARM,2,receiver_storage,observed_python_opcode_events,8429
constant_n3,fresh,O-ADD-WARM,2,request_encoding,bounded_native_c_call_events,208
constant_n3,fresh,O-ADD-WARM,2,request_encoding,observed_python_opcode_events,7658
constant_n3,fresh,O-ADD-WARM,2,terminal,bounded_native_c_call_events,136
constant_n3,fresh,O-ADD-WARM,2,terminal,candidate_publication_events,1
constant_n3,fresh,O-ADD-WARM,2,terminal,current_receipt_output_bytes,2905
constant_n3,fresh,O-ADD-WARM,2,terminal,delivery_events,1
constant_n3,fresh,O-ADD-WARM,2,terminal,observed_python_opcode_events,4727
constant_n3,fresh,O-ADD-WARM,3,coordination,bounded_native_c_call_events,10
constant_n3,fresh,O-ADD-WARM,3,coordination,observed_python_opcode_events,592
constant_n3,fresh,O-ADD-WARM,3,producer_build,bounded_native_c_call_events,1157
constant_n3,fresh,O-ADD-WARM,3,producer_build,observed_python_opcode_events,29256
constant_n3,fresh,O-ADD-WARM,3,producer_export,bounded_native_c_call_events,8
constant_n3,fresh,O-ADD-WARM,3,producer_export,observed_python_opcode_events,260
constant_n3,fresh,O-ADD-WARM,3,producer_export,proof_output_bytes,3447
constant_n3,fresh,O-ADD-WARM,3,producer_input,bounded_native_c_call_events,271
constant_n3,fresh,O-ADD-WARM,3,producer_input,current_request_bytes,1092
constant_n3,fresh,O-ADD-WARM,3,producer_input,observed_python_opcode_events,37061
constant_n3,fresh,O-ADD-WARM,3,producer_storage,bounded_native_c_call_events,156
constant_n3,fresh,O-ADD-WARM,3,producer_storage,live_serialized_byte_periods,10319
constant_n3,fresh,O-ADD-WARM,3,producer_storage,observed_python_opcode_events,19925
constant_n3,fresh,O-ADD-WARM,3,receiver_check,bounded_native_c_call_events,1530
constant_n3,fresh,O-ADD-WARM,3,receiver_check,observed_python_opcode_events,100801
constant_n3,fresh,O-ADD-WARM,3,receiver_init,bounded_native_c_call_events,156
constant_n3,fresh,O-ADD-WARM,3,receiver_init,observed_python_opcode_events,34465
constant_n3,fresh,O-ADD-WARM,3,receiver_input,bounded_native_c_call_events,271
constant_n3,fresh,O-ADD-WARM,3,receiver_input,current_request_bytes,1092
constant_n3,fresh,O-ADD-WARM,3,receiver_input,observed_python_opcode_events,37061
constant_n3,fresh,O-ADD-WARM,3,receiver_input,proof_input_bytes,3447
constant_n3,fresh,O-ADD-WARM,3,receiver_storage,bounded_native_c_call_events,22
constant_n3,fresh,O-ADD-WARM,3,receiver_storage,live_serialized_byte_periods,15059
constant_n3,fresh,O-ADD-WARM,3,receiver_storage,observed_python_opcode_events,11723
constant_n3,fresh,O-ADD-WARM,3,request_encoding,bounded_native_c_call_events,193
constant_n3,fresh,O-ADD-WARM,3,request_encoding,observed_python_opcode_events,7314
constant_n3,fresh,O-ADD-WARM,3,terminal,bounded_native_c_call_events,120
constant_n3,fresh,O-ADD-WARM,3,terminal,candidate_publication_events,1
constant_n3,fresh,O-ADD-WARM,3,terminal,current_receipt_output_bytes,2895
constant_n3,fresh,O-ADD-WARM,3,terminal,delivery_events,1
constant_n3,fresh,O-ADD-WARM,3,terminal,observed_python_opcode_events,4367
constant_n3,fresh,O-ADD-WARM,4,coordination,bounded_native_c_call_events,10
constant_n3,fresh,O-ADD-WARM,4,coordination,observed_python_opcode_events,592
constant_n3,fresh,O-ADD-WARM,4,producer_build,bounded_native_c_call_events,1547
constant_n3,fresh,O-ADD-WARM,4,producer_build,observed_python_opcode_events,40438
constant_n3,fresh,O-ADD-WARM,4,producer_export,bounded_native_c_call_events,8
constant_n3,fresh,O-ADD-WARM,4,producer_export,observed_python_opcode_events,260
constant_n3,fresh,O-ADD-WARM,4,producer_export,proof_output_bytes,3794
constant_n3,fresh,O-ADD-WARM,4,producer_input,bounded_native_c_call_events,293
constant_n3,fresh,O-ADD-WARM,4,producer_input,current_request_bytes,1118
constant_n3,fresh,O-ADD-WARM,4,producer_input,observed_python_opcode_events,38450
constant_n3,fresh,O-ADD-WARM,4,producer_storage,bounded_native_c_call_events,194
constant_n3,fresh,O-ADD-WARM,4,producer_storage,live_serialized_byte_periods,11458
constant_n3,fresh,O-ADD-WARM,4,producer_storage,observed_python_opcode_events,28615
constant_n3,fresh,O-ADD-WARM,4,receiver_check,bounded_native_c_call_events,2205
constant_n3,fresh,O-ADD-WARM,4,receiver_check,observed_python_opcode_events,129417
constant_n3,fresh,O-ADD-WARM,4,receiver_init,bounded_native_c_call_events,156
constant_n3,fresh,O-ADD-WARM,4,receiver_init,observed_python_opcode_events,34465
constant_n3,fresh,O-ADD-WARM,4,receiver_input,bounded_native_c_call_events,293
constant_n3,fresh,O-ADD-WARM,4,receiver_input,current_request_bytes,1118
constant_n3,fresh,O-ADD-WARM,4,receiver_input,observed_python_opcode_events,38450
constant_n3,fresh,O-ADD-WARM,4,receiver_input,proof_input_bytes,3794
constant_n3,fresh,O-ADD-WARM,4,receiver_storage,bounded_native_c_call_events,22
constant_n3,fresh,O-ADD-WARM,4,receiver_storage,live_serialized_byte_periods,16007
constant_n3,fresh,O-ADD-WARM,4,receiver_storage,observed_python_opcode_events,16476
constant_n3,fresh,O-ADD-WARM,4,request_encoding,bounded_native_c_call_events,223
constant_n3,fresh,O-ADD-WARM,4,request_encoding,observed_python_opcode_events,8010
constant_n3,fresh,O-ADD-WARM,4,terminal,bounded_native_c_call_events,152
constant_n3,fresh,O-ADD-WARM,4,terminal,candidate_publication_events,1
constant_n3,fresh,O-ADD-WARM,4,terminal,current_receipt_output_bytes,2921
constant_n3,fresh,O-ADD-WARM,4,terminal,delivery_events,1
constant_n3,fresh,O-ADD-WARM,4,terminal,observed_python_opcode_events,5107
constant_n3,fresh,O-ADD-WARM,5,coordination,bounded_native_c_call_events,10
constant_n3,fresh,O-ADD-WARM,5,coordination,observed_python_opcode_events,592
constant_n3,fresh,O-ADD-WARM,5,producer_build,bounded_native_c_call_events,1683
constant_n3,fresh,O-ADD-WARM,5,producer_build,observed_python_opcode_events,48261
constant_n3,fresh,O-ADD-WARM,5,producer_export,bounded_native_c_call_events,8
constant_n3,fresh,O-ADD-WARM,5,producer_export,observed_python_opcode_events,260
constant_n3,fresh,O-ADD-WARM,5,producer_export,proof_output_bytes,4187
constant_n3,fresh,O-ADD-WARM,5,producer_input,bounded_native_c_call_events,300
constant_n3,fresh,O-ADD-WARM,5,producer_input,current_request_bytes,1113
constant_n3,fresh,O-ADD-WARM,5,producer_input,observed_python_opcode_events,38498
constant_n3,fresh,O-ADD-WARM,5,producer_storage,bounded_native_c_call_events,220
constant_n3,fresh,O-ADD-WARM,5,producer_storage,live_serialized_byte_periods,12768
constant_n3,fresh,O-ADD-WARM,5,producer_storage,observed_python_opcode_events,38926
constant_n3,fresh,O-ADD-WARM,5,receiver_check,bounded_native_c_call_events,2982
constant_n3,fresh,O-ADD-WARM,5,receiver_check,observed_python_opcode_events,163294
constant_n3,fresh,O-ADD-WARM,5,receiver_init,bounded_native_c_call_events,156
constant_n3,fresh,O-ADD-WARM,5,receiver_init,observed_python_opcode_events,34465
constant_n3,fresh,O-ADD-WARM,5,receiver_input,bounded_native_c_call_events,300
constant_n3,fresh,O-ADD-WARM,5,receiver_input,current_request_bytes,1113
constant_n3,fresh,O-ADD-WARM,5,receiver_input,observed_python_opcode_events,38498
constant_n3,fresh,O-ADD-WARM,5,receiver_input,proof_input_bytes,4187
constant_n3,fresh,O-ADD-WARM,5,receiver_storage,bounded_native_c_call_events,22
constant_n3,fresh,O-ADD-WARM,5,receiver_storage,live_serialized_byte_periods,16984
constant_n3,fresh,O-ADD-WARM,5,receiver_storage,observed_python_opcode_events,22687
constant_n3,fresh,O-ADD-WARM,5,request_encoding,bounded_native_c_call_events,229
constant_n3,fresh,O-ADD-WARM,5,request_encoding,observed_python_opcode_events,8150
constant_n3,fresh,O-ADD-WARM,5,terminal,bounded_native_c_call_events,150
constant_n3,fresh,O-ADD-WARM,5,terminal,candidate_publication_events,1
constant_n3,fresh,O-ADD-WARM,5,terminal,current_receipt_output_bytes,2916
constant_n3,fresh,O-ADD-WARM,5,terminal,delivery_events,1
constant_n3,fresh,O-ADD-WARM,5,terminal,observed_python_opcode_events,5083
constant_n3,fresh,O-ADD-WARM,6,coordination,bounded_native_c_call_events,10
constant_n3,fresh,O-ADD-WARM,6,coordination,observed_python_opcode_events,592
constant_n3,fresh,O-ADD-WARM,6,producer_build,bounded_native_c_call_events,1370
constant_n3,fresh,O-ADD-WARM,6,producer_build,observed_python_opcode_events,44217
constant_n3,fresh,O-ADD-WARM,6,producer_export,bounded_native_c_call_events,8
constant_n3,fresh,O-ADD-WARM,6,producer_export,observed_python_opcode_events,260
constant_n3,fresh,O-ADD-WARM,6,producer_export,proof_output_bytes,4429
constant_n3,fresh,O-ADD-WARM,6,producer_input,bounded_native_c_call_events,312
constant_n3,fresh,O-ADD-WARM,6,producer_input,current_request_bytes,1127
constant_n3,fresh,O-ADD-WARM,6,producer_input,observed_python_opcode_events,39238
constant_n3,fresh,O-ADD-WARM,6,producer_storage,bounded_native_c_call_events,226
constant_n3,fresh,O-ADD-WARM,6,producer_storage,live_serialized_byte_periods,13559
constant_n3,fresh,O-ADD-WARM,6,producer_storage,observed_python_opcode_events,44530
constant_n3,fresh,O-ADD-WARM,6,receiver_check,bounded_native_c_call_events,3413
constant_n3,fresh,O-ADD-WARM,6,receiver_check,observed_python_opcode_events,182937
constant_n3,fresh,O-ADD-WARM,6,receiver_init,bounded_native_c_call_events,156
constant_n3,fresh,O-ADD-WARM,6,receiver_init,observed_python_opcode_events,34465
constant_n3,fresh,O-ADD-WARM,6,receiver_input,bounded_native_c_call_events,312
constant_n3,fresh,O-ADD-WARM,6,receiver_input,current_request_bytes,1127
constant_n3,fresh,O-ADD-WARM,6,receiver_input,observed_python_opcode_events,39238
constant_n3,fresh,O-ADD-WARM,6,receiver_input,proof_input_bytes,4429
constant_n3,fresh,O-ADD-WARM,6,receiver_storage,bounded_native_c_call_events,22
constant_n3,fresh,O-ADD-WARM,6,receiver_storage,live_serialized_byte_periods,17621
constant_n3,fresh,O-ADD-WARM,6,receiver_storage,observed_python_opcode_events,25952
constant_n3,fresh,O-ADD-WARM,6,request_encoding,bounded_native_c_call_events,244
constant_n3,fresh,O-ADD-WARM,6,request_encoding,observed_python_opcode_events,8500
constant_n3,fresh,O-ADD-WARM,6,terminal,bounded_native_c_call_events,160
constant_n3,fresh,O-ADD-WARM,6,terminal,candidate_publication_events,1
constant_n3,fresh,O-ADD-WARM,6,terminal,current_receipt_output_bytes,2930
constant_n3,fresh,O-ADD-WARM,6,terminal,delivery_events,1
constant_n3,fresh,O-ADD-WARM,6,terminal,observed_python_opcode_events,5251
constant_n3,fresh,O-ADD-WARM-PRUNED,1,common_source,bounded_native_c_call_events,457
constant_n3,fresh,O-ADD-WARM-PRUNED,1,common_source,observed_python_opcode_events,40257
constant_n3,fresh,O-ADD-WARM-PRUNED,1,common_source,source_hash_bytes_prepaid,220827
constant_n3,fresh,O-ADD-WARM-PRUNED,1,common_source,source_length_probe_bytes_prepaid,10
constant_n3,fresh,O-ADD-WARM-PRUNED,1,common_source,source_program_bytes_prepaid,220827
constant_n3,fresh,O-ADD-WARM-PRUNED,1,common_source,source_record_bytes,1487
constant_n3,fresh,O-ADD-WARM-PRUNED,1,coordination,bounded_native_c_call_events,10
constant_n3,fresh,O-ADD-WARM-PRUNED,1,coordination,observed_python_opcode_events,576
constant_n3,fresh,O-ADD-WARM-PRUNED,1,producer_build,bounded_native_c_call_events,689
constant_n3,fresh,O-ADD-WARM-PRUNED,1,producer_build,observed_python_opcode_events,13620
constant_n3,fresh,O-ADD-WARM-PRUNED,1,producer_export,bounded_native_c_call_events,8
constant_n3,fresh,O-ADD-WARM-PRUNED,1,producer_export,observed_python_opcode_events,261
constant_n3,fresh,O-ADD-WARM-PRUNED,1,producer_export,proof_output_bytes,2913
constant_n3,fresh,O-ADD-WARM-PRUNED,1,producer_init,bounded_native_c_call_events,19
constant_n3,fresh,O-ADD-WARM-PRUNED,1,producer_init,observed_python_opcode_events,739
constant_n3,fresh,O-ADD-WARM-PRUNED,1,producer_input,bounded_native_c_call_events,184
constant_n3,fresh,O-ADD-WARM-PRUNED,1,producer_input,current_request_bytes,1007
constant_n3,fresh,O-ADD-WARM-PRUNED,1,producer_input,observed_python_opcode_events,33014
constant_n3,fresh,O-ADD-WARM-PRUNED,1,producer_prune,bounded_native_c_call_events,584
constant_n3,fresh,O-ADD-WARM-PRUNED,1,producer_prune,observed_python_opcode_events,16733
constant_n3,fresh,O-ADD-WARM-PRUNED,1,producer_storage,bounded_native_c_call_events,118
constant_n3,fresh,O-ADD-WARM-PRUNED,1,producer_storage,live_serialized_byte_periods,8628
constant_n3,fresh,O-ADD-WARM-PRUNED,1,producer_storage,observed_python_opcode_events,7009
constant_n3,fresh,O-ADD-WARM-PRUNED,1,receiver_check,bounded_native_c_call_events,483
constant_n3,fresh,O-ADD-WARM-PRUNED,1,receiver_check,observed_python_opcode_events,57803
constant_n3,fresh,O-ADD-WARM-PRUNED,1,receiver_init,bounded_native_c_call_events,156
constant_n3,fresh,O-ADD-WARM-PRUNED,1,receiver_init,observed_python_opcode_events,34465
constant_n3,fresh,O-ADD-WARM-PRUNED,1,receiver_input,bounded_native_c_call_events,184
constant_n3,fresh,O-ADD-WARM-PRUNED,1,receiver_input,current_request_bytes,1007
constant_n3,fresh,O-ADD-WARM-PRUNED,1,receiver_input,observed_python_opcode_events,33014
constant_n3,fresh,O-ADD-WARM-PRUNED,1,receiver_input,proof_input_bytes,2913
constant_n3,fresh,O-ADD-WARM-PRUNED,1,receiver_storage,bounded_native_c_call_events,22
constant_n3,fresh,O-ADD-WARM-PRUNED,1,receiver_storage,live_serialized_byte_periods,13462
constant_n3,fresh,O-ADD-WARM-PRUNED,1,receiver_storage,observed_python_opcode_events,4290
constant_n3,fresh,O-ADD-WARM-PRUNED,1,request_encoding,bounded_native_c_call_events,132
constant_n3,fresh,O-ADD-WARM-PRUNED,1,request_encoding,observed_python_opcode_events,5755
constant_n3,fresh,O-ADD-WARM-PRUNED,1,terminal,bounded_native_c_call_events,62
constant_n3,fresh,O-ADD-WARM-PRUNED,1,terminal,candidate_publication_events,1
constant_n3,fresh,O-ADD-WARM-PRUNED,1,terminal,current_receipt_output_bytes,2810
constant_n3,fresh,O-ADD-WARM-PRUNED,1,terminal,delivery_events,1
constant_n3,fresh,O-ADD-WARM-PRUNED,1,terminal,observed_python_opcode_events,2944
constant_n3,fresh,O-ADD-WARM-PRUNED,2,coordination,bounded_native_c_call_events,10
constant_n3,fresh,O-ADD-WARM-PRUNED,2,coordination,observed_python_opcode_events,540
constant_n3,fresh,O-ADD-WARM-PRUNED,2,producer_build,bounded_native_c_call_events,1343
constant_n3,fresh,O-ADD-WARM-PRUNED,2,producer_build,observed_python_opcode_events,30590
constant_n3,fresh,O-ADD-WARM-PRUNED,2,producer_export,bounded_native_c_call_events,8
constant_n3,fresh,O-ADD-WARM-PRUNED,2,producer_export,observed_python_opcode_events,261
constant_n3,fresh,O-ADD-WARM-PRUNED,2,producer_export,proof_output_bytes,3230
constant_n3,fresh,O-ADD-WARM-PRUNED,2,producer_input,bounded_native_c_call_events,283
constant_n3,fresh,O-ADD-WARM-PRUNED,2,producer_input,current_request_bytes,1102
constant_n3,fresh,O-ADD-WARM-PRUNED,2,producer_input,observed_python_opcode_events,37670
constant_n3,fresh,O-ADD-WARM-PRUNED,2,producer_prune,bounded_native_c_call_events,1414
constant_n3,fresh,O-ADD-WARM-PRUNED,2,producer_prune,observed_python_opcode_events,45118
constant_n3,fresh,O-ADD-WARM-PRUNED,2,producer_storage,bounded_native_c_call_events,136
constant_n3,fresh,O-ADD-WARM-PRUNED,2,producer_storage,live_serialized_byte_periods,9720
constant_n3,fresh,O-ADD-WARM-PRUNED,2,producer_storage,observed_python_opcode_events,14596
constant_n3,fresh,O-ADD-WARM-PRUNED,2,receiver_check,bounded_native_c_call_events,1075
constant_n3,fresh,O-ADD-WARM-PRUNED,2,receiver_check,observed_python_opcode_events,82128
constant_n3,fresh,O-ADD-WARM-PRUNED,2,receiver_init,bounded_native_c_call_events,156
constant_n3,fresh,O-ADD-WARM-PRUNED,2,receiver_init,observed_python_opcode_events,34465
constant_n3,fresh,O-ADD-WARM-PRUNED,2,receiver_input,bounded_native_c_call_events,283
constant_n3,fresh,O-ADD-WARM-PRUNED,2,receiver_input,current_request_bytes,1102
constant_n3,fresh,O-ADD-WARM-PRUNED,2,receiver_input,observed_python_opcode_events,37670
constant_n3,fresh,O-ADD-WARM-PRUNED,2,receiver_input,proof_input_bytes,3230
constant_n3,fresh,O-ADD-WARM-PRUNED,2,receiver_storage,bounded_native_c_call_events,22
constant_n3,fresh,O-ADD-WARM-PRUNED,2,receiver_storage,live_serialized_byte_periods,14562
constant_n3,fresh,O-ADD-WARM-PRUNED,2,receiver_storage,observed_python_opcode_events,7907
constant_n3,fresh,O-ADD-WARM-PRUNED,2,request_encoding,bounded_native_c_call_events,208
constant_n3,fresh,O-ADD-WARM-PRUNED,2,request_encoding,observed_python_opcode_events,7659
constant_n3,fresh,O-ADD-WARM-PRUNED,2,terminal,bounded_native_c_call_events,136
constant_n3,fresh,O-ADD-WARM-PRUNED,2,terminal,candidate_publication_events,1
constant_n3,fresh,O-ADD-WARM-PRUNED,2,terminal,current_receipt_output_bytes,2905
constant_n3,fresh,O-ADD-WARM-PRUNED,2,terminal,delivery_events,1
constant_n3,fresh,O-ADD-WARM-PRUNED,2,terminal,observed_python_opcode_events,4729
constant_n3,fresh,O-ADD-WARM-PRUNED,3,coordination,bounded_native_c_call_events,10
constant_n3,fresh,O-ADD-WARM-PRUNED,3,coordination,observed_python_opcode_events,540
constant_n3,fresh,O-ADD-WARM-PRUNED,3,producer_build,bounded_native_c_call_events,1157
constant_n3,fresh,O-ADD-WARM-PRUNED,3,producer_build,observed_python_opcode_events,29256
constant_n3,fresh,O-ADD-WARM-PRUNED,3,producer_export,bounded_native_c_call_events,8
constant_n3,fresh,O-ADD-WARM-PRUNED,3,producer_export,observed_python_opcode_events,261
constant_n3,fresh,O-ADD-WARM-PRUNED,3,producer_export,proof_output_bytes,3270
constant_n3,fresh,O-ADD-WARM-PRUNED,3,producer_input,bounded_native_c_call_events,271
constant_n3,fresh,O-ADD-WARM-PRUNED,3,producer_input,current_request_bytes,1092
constant_n3,fresh,O-ADD-WARM-PRUNED,3,producer_input,observed_python_opcode_events,37062
constant_n3,fresh,O-ADD-WARM-PRUNED,3,producer_prune,bounded_native_c_call_events,1635
constant_n3,fresh,O-ADD-WARM-PRUNED,3,producer_prune,observed_python_opcode_events,53872
constant_n3,fresh,O-ADD-WARM-PRUNED,3,producer_storage,bounded_native_c_call_events,156
constant_n3,fresh,O-ADD-WARM-PRUNED,3,producer_storage,live_serialized_byte_periods,10145
constant_n3,fresh,O-ADD-WARM-PRUNED,3,producer_storage,observed_python_opcode_events,19977
constant_n3,fresh,O-ADD-WARM-PRUNED,3,receiver_check,bounded_native_c_call_events,1185
constant_n3,fresh,O-ADD-WARM-PRUNED,3,receiver_check,observed_python_opcode_events,85984
constant_n3,fresh,O-ADD-WARM-PRUNED,3,receiver_init,bounded_native_c_call_events,156
constant_n3,fresh,O-ADD-WARM-PRUNED,3,receiver_init,observed_python_opcode_events,34465
constant_n3,fresh,O-ADD-WARM-PRUNED,3,receiver_input,bounded_native_c_call_events,271
constant_n3,fresh,O-ADD-WARM-PRUNED,3,receiver_input,current_request_bytes,1092
constant_n3,fresh,O-ADD-WARM-PRUNED,3,receiver_input,observed_python_opcode_events,37062
constant_n3,fresh,O-ADD-WARM-PRUNED,3,receiver_input,proof_input_bytes,3270
constant_n3,fresh,O-ADD-WARM-PRUNED,3,receiver_storage,bounded_native_c_call_events,22
constant_n3,fresh,O-ADD-WARM-PRUNED,3,receiver_storage,live_serialized_byte_periods,14650
constant_n3,fresh,O-ADD-WARM-PRUNED,3,receiver_storage,observed_python_opcode_events,9398
constant_n3,fresh,O-ADD-WARM-PRUNED,3,request_encoding,bounded_native_c_call_events,193
constant_n3,fresh,O-ADD-WARM-PRUNED,3,request_encoding,observed_python_opcode_events,7315
constant_n3,fresh,O-ADD-WARM-PRUNED,3,terminal,bounded_native_c_call_events,120
constant_n3,fresh,O-ADD-WARM-PRUNED,3,terminal,candidate_publication_events,1
constant_n3,fresh,O-ADD-WARM-PRUNED,3,terminal,current_receipt_output_bytes,2895
constant_n3,fresh,O-ADD-WARM-PRUNED,3,terminal,delivery_events,1
constant_n3,fresh,O-ADD-WARM-PRUNED,3,terminal,observed_python_opcode_events,4369
constant_n3,fresh,O-ADD-WARM-PRUNED,4,coordination,bounded_native_c_call_events,10
constant_n3,fresh,O-ADD-WARM-PRUNED,4,coordination,observed_python_opcode_events,540
constant_n3,fresh,O-ADD-WARM-PRUNED,4,producer_build,bounded_native_c_call_events,1547
constant_n3,fresh,O-ADD-WARM-PRUNED,4,producer_build,observed_python_opcode_events,40438
constant_n3,fresh,O-ADD-WARM-PRUNED,4,producer_export,bounded_native_c_call_events,8
constant_n3,fresh,O-ADD-WARM-PRUNED,4,producer_export,observed_python_opcode_events,261
constant_n3,fresh,O-ADD-WARM-PRUNED,4,producer_export,proof_output_bytes,3378
constant_n3,fresh,O-ADD-WARM-PRUNED,4,producer_input,bounded_native_c_call_events,293
constant_n3,fresh,O-ADD-WARM-PRUNED,4,producer_input,current_request_bytes,1118
constant_n3,fresh,O-ADD-WARM-PRUNED,4,producer_input,observed_python_opcode_events,38451
constant_n3,fresh,O-ADD-WARM-PRUNED,4,producer_prune,bounded_native_c_call_events,2096
constant_n3,fresh,O-ADD-WARM-PRUNED,4,producer_prune,observed_python_opcode_events,69961
constant_n3,fresh,O-ADD-WARM-PRUNED,4,producer_storage,bounded_native_c_call_events,194
constant_n3,fresh,O-ADD-WARM-PRUNED,4,producer_storage,live_serialized_byte_periods,11009
constant_n3,fresh,O-ADD-WARM-PRUNED,4,producer_storage,observed_python_opcode_events,28667
constant_n3,fresh,O-ADD-WARM-PRUNED,4,receiver_check,bounded_native_c_call_events,1388
constant_n3,fresh,O-ADD-WARM-PRUNED,4,receiver_check,observed_python_opcode_events,95140
constant_n3,fresh,O-ADD-WARM-PRUNED,4,receiver_init,bounded_native_c_call_events,156
constant_n3,fresh,O-ADD-WARM-PRUNED,4,receiver_init,observed_python_opcode_events,34465
constant_n3,fresh,O-ADD-WARM-PRUNED,4,receiver_input,bounded_native_c_call_events,293
constant_n3,fresh,O-ADD-WARM-PRUNED,4,receiver_input,current_request_bytes,1118
constant_n3,fresh,O-ADD-WARM-PRUNED,4,receiver_input,observed_python_opcode_events,38451
constant_n3,fresh,O-ADD-WARM-PRUNED,4,receiver_input,proof_input_bytes,3378
constant_n3,fresh,O-ADD-WARM-PRUNED,4,receiver_storage,bounded_native_c_call_events,22
constant_n3,fresh,O-ADD-WARM-PRUNED,4,receiver_storage,live_serialized_byte_periods,14997
constant_n3,fresh,O-ADD-WARM-PRUNED,4,receiver_storage,observed_python_opcode_events,10272
constant_n3,fresh,O-ADD-WARM-PRUNED,4,request_encoding,bounded_native_c_call_events,223
constant_n3,fresh,O-ADD-WARM-PRUNED,4,request_encoding,observed_python_opcode_events,8011
constant_n3,fresh,O-ADD-WARM-PRUNED,4,terminal,bounded_native_c_call_events,152
constant_n3,fresh,O-ADD-WARM-PRUNED,4,terminal,candidate_publication_events,1
constant_n3,fresh,O-ADD-WARM-PRUNED,4,terminal,current_receipt_output_bytes,2921
constant_n3,fresh,O-ADD-WARM-PRUNED,4,terminal,delivery_events,1
constant_n3,fresh,O-ADD-WARM-PRUNED,4,terminal,observed_python_opcode_events,5109
constant_n3,fresh,O-ADD-WARM-PRUNED,5,coordination,bounded_native_c_call_events,10
constant_n3,fresh,O-ADD-WARM-PRUNED,5,coordination,observed_python_opcode_events,540
constant_n3,fresh,O-ADD-WARM-PRUNED,5,producer_build,bounded_native_c_call_events,1683
constant_n3,fresh,O-ADD-WARM-PRUNED,5,producer_build,observed_python_opcode_events,48261
constant_n3,fresh,O-ADD-WARM-PRUNED,5,producer_export,bounded_native_c_call_events,8
constant_n3,fresh,O-ADD-WARM-PRUNED,5,producer_export,observed_python_opcode_events,261
constant_n3,fresh,O-ADD-WARM-PRUNED,5,producer_export,proof_output_bytes,3526
constant_n3,fresh,O-ADD-WARM-PRUNED,5,producer_input,bounded_native_c_call_events,300
constant_n3,fresh,O-ADD-WARM-PRUNED,5,producer_input,current_request_bytes,1113
constant_n3,fresh,O-ADD-WARM-PRUNED,5,producer_input,observed_python_opcode_events,38499
constant_n3,fresh,O-ADD-WARM-PRUNED,5,producer_prune,bounded_native_c_call_events,2664
constant_n3,fresh,O-ADD-WARM-PRUNED,5,producer_prune,observed_python_opcode_events,92055
constant_n3,fresh,O-ADD-WARM-PRUNED,5,producer_storage,bounded_native_c_call_events,220
constant_n3,fresh,O-ADD-WARM-PRUNED,5,producer_storage,live_serialized_byte_periods,12032
constant_n3,fresh,O-ADD-WARM-PRUNED,5,producer_storage,observed_python_opcode_events,38978
constant_n3,fresh,O-ADD-WARM-PRUNED,5,receiver_check,bounded_native_c_call_events,1681
constant_n3,fresh,O-ADD-WARM-PRUNED,5,receiver_check,observed_python_opcode_events,108165
constant_n3,fresh,O-ADD-WARM-PRUNED,5,receiver_init,bounded_native_c_call_events,156
constant_n3,fresh,O-ADD-WARM-PRUNED,5,receiver_init,observed_python_opcode_events,34465
constant_n3,fresh,O-ADD-WARM-PRUNED,5,receiver_input,bounded_native_c_call_events,300
constant_n3,fresh,O-ADD-WARM-PRUNED,5,receiver_input,current_request_bytes,1113
constant_n3,fresh,O-ADD-WARM-PRUNED,5,receiver_input,observed_python_opcode_events,38499
constant_n3,fresh,O-ADD-WARM-PRUNED,5,receiver_input,proof_input_bytes,3526
constant_n3,fresh,O-ADD-WARM-PRUNED,5,receiver_storage,bounded_native_c_call_events,22
constant_n3,fresh,O-ADD-WARM-PRUNED,5,receiver_storage,live_serialized_byte_periods,15393
constant_n3,fresh,O-ADD-WARM-PRUNED,5,receiver_storage,observed_python_opcode_events,13370
constant_n3,fresh,O-ADD-WARM-PRUNED,5,request_encoding,bounded_native_c_call_events,229
constant_n3,fresh,O-ADD-WARM-PRUNED,5,request_encoding,observed_python_opcode_events,8151
constant_n3,fresh,O-ADD-WARM-PRUNED,5,terminal,bounded_native_c_call_events,150
constant_n3,fresh,O-ADD-WARM-PRUNED,5,terminal,candidate_publication_events,1
constant_n3,fresh,O-ADD-WARM-PRUNED,5,terminal,current_receipt_output_bytes,2916
constant_n3,fresh,O-ADD-WARM-PRUNED,5,terminal,delivery_events,1
constant_n3,fresh,O-ADD-WARM-PRUNED,5,terminal,observed_python_opcode_events,5085
constant_n3,fresh,O-ADD-WARM-PRUNED,6,coordination,bounded_native_c_call_events,10
constant_n3,fresh,O-ADD-WARM-PRUNED,6,coordination,observed_python_opcode_events,540
constant_n3,fresh,O-ADD-WARM-PRUNED,6,producer_build,bounded_native_c_call_events,1370
constant_n3,fresh,O-ADD-WARM-PRUNED,6,producer_build,observed_python_opcode_events,44217
constant_n3,fresh,O-ADD-WARM-PRUNED,6,producer_export,bounded_native_c_call_events,8
constant_n3,fresh,O-ADD-WARM-PRUNED,6,producer_export,observed_python_opcode_events,261
constant_n3,fresh,O-ADD-WARM-PRUNED,6,producer_export,proof_output_bytes,3515
constant_n3,fresh,O-ADD-WARM-PRUNED,6,producer_input,bounded_native_c_call_events,312
constant_n3,fresh,O-ADD-WARM-PRUNED,6,producer_input,current_request_bytes,1127
constant_n3,fresh,O-ADD-WARM-PRUNED,6,producer_input,observed_python_opcode_events,39239
constant_n3,fresh,O-ADD-WARM-PRUNED,6,producer_prune,bounded_native_c_call_events,2817
constant_n3,fresh,O-ADD-WARM-PRUNED,6,producer_prune,observed_python_opcode_events,97062
constant_n3,fresh,O-ADD-WARM-PRUNED,6,producer_storage,bounded_native_c_call_events,226
constant_n3,fresh,O-ADD-WARM-PRUNED,6,producer_storage,live_serialized_byte_periods,12532
constant_n3,fresh,O-ADD-WARM-PRUNED,6,producer_storage,observed_python_opcode_events,44582
constant_n3,fresh,O-ADD-WARM-PRUNED,6,receiver_check,bounded_native_c_call_events,1622
constant_n3,fresh,O-ADD-WARM-PRUNED,6,receiver_check,observed_python_opcode_events,105836
constant_n3,fresh,O-ADD-WARM-PRUNED,6,receiver_init,bounded_native_c_call_events,156
constant_n3,fresh,O-ADD-WARM-PRUNED,6,receiver_init,observed_python_opcode_events,34465
constant_n3,fresh,O-ADD-WARM-PRUNED,6,receiver_input,bounded_native_c_call_events,312
constant_n3,fresh,O-ADD-WARM-PRUNED,6,receiver_input,current_request_bytes,1127
constant_n3,fresh,O-ADD-WARM-PRUNED,6,receiver_input,observed_python_opcode_events,39239
constant_n3,fresh,O-ADD-WARM-PRUNED,6,receiver_input,proof_input_bytes,3515
constant_n3,fresh,O-ADD-WARM-PRUNED,6,receiver_storage,bounded_native_c_call_events,22
constant_n3,fresh,O-ADD-WARM-PRUNED,6,receiver_storage,live_serialized_byte_periods,15371
constant_n3,fresh,O-ADD-WARM-PRUNED,6,receiver_storage,observed_python_opcode_events,12197
constant_n3,fresh,O-ADD-WARM-PRUNED,6,request_encoding,bounded_native_c_call_events,244
constant_n3,fresh,O-ADD-WARM-PRUNED,6,request_encoding,observed_python_opcode_events,8501
constant_n3,fresh,O-ADD-WARM-PRUNED,6,terminal,bounded_native_c_call_events,160
constant_n3,fresh,O-ADD-WARM-PRUNED,6,terminal,candidate_publication_events,1
constant_n3,fresh,O-ADD-WARM-PRUNED,6,terminal,current_receipt_output_bytes,2930
constant_n3,fresh,O-ADD-WARM-PRUNED,6,terminal,delivery_events,1
constant_n3,fresh,O-ADD-WARM-PRUNED,6,terminal,observed_python_opcode_events,5253
constant_n3,fresh,O-ENUM-RECEIVER,1,common_source,bounded_native_c_call_events,457
constant_n3,fresh,O-ENUM-RECEIVER,1,common_source,observed_python_opcode_events,40257
constant_n3,fresh,O-ENUM-RECEIVER,1,common_source,source_hash_bytes_prepaid,220827
constant_n3,fresh,O-ENUM-RECEIVER,1,common_source,source_length_probe_bytes_prepaid,10
constant_n3,fresh,O-ENUM-RECEIVER,1,common_source,source_program_bytes_prepaid,220827
constant_n3,fresh,O-ENUM-RECEIVER,1,common_source,source_record_bytes,1487
constant_n3,fresh,O-ENUM-RECEIVER,1,coordination,bounded_native_c_call_events,10
constant_n3,fresh,O-ENUM-RECEIVER,1,coordination,observed_python_opcode_events,431
constant_n3,fresh,O-ENUM-RECEIVER,1,producer_storage,bounded_native_c_call_events,10
constant_n3,fresh,O-ENUM-RECEIVER,1,producer_storage,live_serialized_byte_periods,1858
constant_n3,fresh,O-ENUM-RECEIVER,1,producer_storage,observed_python_opcode_events,877
constant_n3,fresh,O-ENUM-RECEIVER,1,receiver_check,bounded_native_c_call_events,122
constant_n3,fresh,O-ENUM-RECEIVER,1,receiver_check,observed_python_opcode_events,3946
constant_n3,fresh,O-ENUM-RECEIVER,1,receiver_input,bounded_native_c_call_events,184
constant_n3,fresh,O-ENUM-RECEIVER,1,receiver_input,current_request_bytes,1007
constant_n3,fresh,O-ENUM-RECEIVER,1,receiver_input,observed_python_opcode_events,33013
constant_n3,fresh,O-ENUM-RECEIVER,1,receiver_storage,bounded_native_c_call_events,12
constant_n3,fresh,O-ENUM-RECEIVER,1,receiver_storage,live_serialized_byte_periods,6213
constant_n3,fresh,O-ENUM-RECEIVER,1,receiver_storage,observed_python_opcode_events,680
constant_n3,fresh,O-ENUM-RECEIVER,1,request_encoding,bounded_native_c_call_events,132
constant_n3,fresh,O-ENUM-RECEIVER,1,request_encoding,observed_python_opcode_events,5754
constant_n3,fresh,O-ENUM-RECEIVER,1,terminal,bounded_native_c_call_events,62
constant_n3,fresh,O-ENUM-RECEIVER,1,terminal,candidate_publication_events,1
constant_n3,fresh,O-ENUM-RECEIVER,1,terminal,current_receipt_output_bytes,2810
constant_n3,fresh,O-ENUM-RECEIVER,1,terminal,delivery_events,1
constant_n3,fresh,O-ENUM-RECEIVER,1,terminal,observed_python_opcode_events,2942
constant_n3,fresh,O-ENUM-RECEIVER,2,coordination,bounded_native_c_call_events,10
constant_n3,fresh,O-ENUM-RECEIVER,2,coordination,observed_python_opcode_events,410
constant_n3,fresh,O-ENUM-RECEIVER,2,producer_storage,bounded_native_c_call_events,10
constant_n3,fresh,O-ENUM-RECEIVER,2,producer_storage,live_serialized_byte_periods,1858
constant_n3,fresh,O-ENUM-RECEIVER,2,producer_storage,observed_python_opcode_events,877
constant_n3,fresh,O-ENUM-RECEIVER,2,receiver_check,bounded_native_c_call_events,191
constant_n3,fresh,O-ENUM-RECEIVER,2,receiver_check,observed_python_opcode_events,5583
constant_n3,fresh,O-ENUM-RECEIVER,2,receiver_input,bounded_native_c_call_events,283
constant_n3,fresh,O-ENUM-RECEIVER,2,receiver_input,current_request_bytes,1102
constant_n3,fresh,O-ENUM-RECEIVER,2,receiver_input,observed_python_opcode_events,37669
constant_n3,fresh,O-ENUM-RECEIVER,2,receiver_storage,bounded_native_c_call_events,12
constant_n3,fresh,O-ENUM-RECEIVER,2,receiver_storage,live_serialized_byte_periods,6475
constant_n3,fresh,O-ENUM-RECEIVER,2,receiver_storage,observed_python_opcode_events,680
constant_n3,fresh,O-ENUM-RECEIVER,2,request_encoding,bounded_native_c_call_events,208
constant_n3,fresh,O-ENUM-RECEIVER,2,request_encoding,observed_python_opcode_events,7658
constant_n3,fresh,O-ENUM-RECEIVER,2,terminal,bounded_native_c_call_events,136
constant_n3,fresh,O-ENUM-RECEIVER,2,terminal,candidate_publication_events,1
constant_n3,fresh,O-ENUM-RECEIVER,2,terminal,current_receipt_output_bytes,2905
constant_n3,fresh,O-ENUM-RECEIVER,2,terminal,delivery_events,1
constant_n3,fresh,O-ENUM-RECEIVER,2,terminal,observed_python_opcode_events,4727
constant_n3,fresh,O-ENUM-RECEIVER,3,coordination,bounded_native_c_call_events,10
constant_n3,fresh,O-ENUM-RECEIVER,3,coordination,observed_python_opcode_events,410
constant_n3,fresh,O-ENUM-RECEIVER,3,producer_storage,bounded_native_c_call_events,10
constant_n3,fresh,O-ENUM-RECEIVER,3,producer_storage,live_serialized_byte_periods,1858
constant_n3,fresh,O-ENUM-RECEIVER,3,producer_storage,observed_python_opcode_events,877
constant_n3,fresh,O-ENUM-RECEIVER,3,receiver_check,bounded_native_c_call_events,177
constant_n3,fresh,O-ENUM-RECEIVER,3,receiver_check,observed_python_opcode_events,5256
constant_n3,fresh,O-ENUM-RECEIVER,3,receiver_input,bounded_native_c_call_events,271
constant_n3,fresh,O-ENUM-RECEIVER,3,receiver_input,current_request_bytes,1092
constant_n3,fresh,O-ENUM-RECEIVER,3,receiver_input,observed_python_opcode_events,37061
constant_n3,fresh,O-ENUM-RECEIVER,3,receiver_storage,bounded_native_c_call_events,12
constant_n3,fresh,O-ENUM-RECEIVER,3,receiver_storage,live_serialized_byte_periods,6447
constant_n3,fresh,O-ENUM-RECEIVER,3,receiver_storage,observed_python_opcode_events,680
constant_n3,fresh,O-ENUM-RECEIVER,3,request_encoding,bounded_native_c_call_events,193
constant_n3,fresh,O-ENUM-RECEIVER,3,request_encoding,observed_python_opcode_events,7314
constant_n3,fresh,O-ENUM-RECEIVER,3,terminal,bounded_native_c_call_events,120
constant_n3,fresh,O-ENUM-RECEIVER,3,terminal,candidate_publication_events,1
constant_n3,fresh,O-ENUM-RECEIVER,3,terminal,current_receipt_output_bytes,2895
constant_n3,fresh,O-ENUM-RECEIVER,3,terminal,delivery_events,1
constant_n3,fresh,O-ENUM-RECEIVER,3,terminal,observed_python_opcode_events,4367
constant_n3,fresh,O-ENUM-RECEIVER,4,coordination,bounded_native_c_call_events,10
constant_n3,fresh,O-ENUM-RECEIVER,4,coordination,observed_python_opcode_events,410
constant_n3,fresh,O-ENUM-RECEIVER,4,producer_storage,bounded_native_c_call_events,10
constant_n3,fresh,O-ENUM-RECEIVER,4,producer_storage,live_serialized_byte_periods,1858
constant_n3,fresh,O-ENUM-RECEIVER,4,producer_storage,observed_python_opcode_events,877
constant_n3,fresh,O-ENUM-RECEIVER,4,receiver_check,bounded_native_c_call_events,205
constant_n3,fresh,O-ENUM-RECEIVER,4,receiver_check,observed_python_opcode_events,5922
constant_n3,fresh,O-ENUM-RECEIVER,4,receiver_input,bounded_native_c_call_events,293
constant_n3,fresh,O-ENUM-RECEIVER,4,receiver_input,current_request_bytes,1118
constant_n3,fresh,O-ENUM-RECEIVER,4,receiver_input,observed_python_opcode_events,38450
constant_n3,fresh,O-ENUM-RECEIVER,4,receiver_storage,bounded_native_c_call_events,12
constant_n3,fresh,O-ENUM-RECEIVER,4,receiver_storage,live_serialized_byte_periods,6515
constant_n3,fresh,O-ENUM-RECEIVER,4,receiver_storage,observed_python_opcode_events,680
constant_n3,fresh,O-ENUM-RECEIVER,4,request_encoding,bounded_native_c_call_events,223
constant_n3,fresh,O-ENUM-RECEIVER,4,request_encoding,observed_python_opcode_events,8010
constant_n3,fresh,O-ENUM-RECEIVER,4,terminal,bounded_native_c_call_events,152
constant_n3,fresh,O-ENUM-RECEIVER,4,terminal,candidate_publication_events,1
constant_n3,fresh,O-ENUM-RECEIVER,4,terminal,current_receipt_output_bytes,2921
constant_n3,fresh,O-ENUM-RECEIVER,4,terminal,delivery_events,1
constant_n3,fresh,O-ENUM-RECEIVER,4,terminal,observed_python_opcode_events,5107
constant_n3,fresh,O-ENUM-RECEIVER,5,coordination,bounded_native_c_call_events,10
constant_n3,fresh,O-ENUM-RECEIVER,5,coordination,observed_python_opcode_events,410
constant_n3,fresh,O-ENUM-RECEIVER,5,producer_storage,bounded_native_c_call_events,10
constant_n3,fresh,O-ENUM-RECEIVER,5,producer_storage,live_serialized_byte_periods,1858
constant_n3,fresh,O-ENUM-RECEIVER,5,producer_storage,observed_python_opcode_events,877
constant_n3,fresh,O-ENUM-RECEIVER,5,receiver_check,bounded_native_c_call_events,204
constant_n3,fresh,O-ENUM-RECEIVER,5,receiver_check,observed_python_opcode_events,5941
constant_n3,fresh,O-ENUM-RECEIVER,5,receiver_input,bounded_native_c_call_events,300
constant_n3,fresh,O-ENUM-RECEIVER,5,receiver_input,current_request_bytes,1113
constant_n3,fresh,O-ENUM-RECEIVER,5,receiver_input,observed_python_opcode_events,38498
constant_n3,fresh,O-ENUM-RECEIVER,5,receiver_storage,bounded_native_c_call_events,12
constant_n3,fresh,O-ENUM-RECEIVER,5,receiver_storage,live_serialized_byte_periods,6505
constant_n3,fresh,O-ENUM-RECEIVER,5,receiver_storage,observed_python_opcode_events,680
constant_n3,fresh,O-ENUM-RECEIVER,5,request_encoding,bounded_native_c_call_events,229
constant_n3,fresh,O-ENUM-RECEIVER,5,request_encoding,observed_python_opcode_events,8150
constant_n3,fresh,O-ENUM-RECEIVER,5,terminal,bounded_native_c_call_events,150
constant_n3,fresh,O-ENUM-RECEIVER,5,terminal,candidate_publication_events,1
constant_n3,fresh,O-ENUM-RECEIVER,5,terminal,current_receipt_output_bytes,2916
constant_n3,fresh,O-ENUM-RECEIVER,5,terminal,delivery_events,1
constant_n3,fresh,O-ENUM-RECEIVER,5,terminal,observed_python_opcode_events,5083
constant_n3,fresh,O-ENUM-RECEIVER,6,coordination,bounded_native_c_call_events,10
constant_n3,fresh,O-ENUM-RECEIVER,6,coordination,observed_python_opcode_events,410
constant_n3,fresh,O-ENUM-RECEIVER,6,producer_storage,bounded_native_c_call_events,10
constant_n3,fresh,O-ENUM-RECEIVER,6,producer_storage,live_serialized_byte_periods,1858
constant_n3,fresh,O-ENUM-RECEIVER,6,producer_storage,observed_python_opcode_events,877
constant_n3,fresh,O-ENUM-RECEIVER,6,receiver_check,bounded_native_c_call_events,217
constant_n3,fresh,O-ENUM-RECEIVER,6,receiver_check,observed_python_opcode_events,6233
constant_n3,fresh,O-ENUM-RECEIVER,6,receiver_input,bounded_native_c_call_events,312
constant_n3,fresh,O-ENUM-RECEIVER,6,receiver_input,current_request_bytes,1127
constant_n3,fresh,O-ENUM-RECEIVER,6,receiver_input,observed_python_opcode_events,39238
constant_n3,fresh,O-ENUM-RECEIVER,6,receiver_storage,bounded_native_c_call_events,12
constant_n3,fresh,O-ENUM-RECEIVER,6,receiver_storage,live_serialized_byte_periods,6541
constant_n3,fresh,O-ENUM-RECEIVER,6,receiver_storage,observed_python_opcode_events,680
constant_n3,fresh,O-ENUM-RECEIVER,6,request_encoding,bounded_native_c_call_events,244
constant_n3,fresh,O-ENUM-RECEIVER,6,request_encoding,observed_python_opcode_events,8500
constant_n3,fresh,O-ENUM-RECEIVER,6,terminal,bounded_native_c_call_events,160
constant_n3,fresh,O-ENUM-RECEIVER,6,terminal,candidate_publication_events,1
constant_n3,fresh,O-ENUM-RECEIVER,6,terminal,current_receipt_output_bytes,2930
constant_n3,fresh,O-ENUM-RECEIVER,6,terminal,delivery_events,1
constant_n3,fresh,O-ENUM-RECEIVER,6,terminal,observed_python_opcode_events,5251
constant_n3,fresh,P-REUSE,1,common_source,bounded_native_c_call_events,457
constant_n3,fresh,P-REUSE,1,common_source,observed_python_opcode_events,40257
constant_n3,fresh,P-REUSE,1,common_source,source_hash_bytes_prepaid,220827
constant_n3,fresh,P-REUSE,1,common_source,source_length_probe_bytes_prepaid,10
constant_n3,fresh,P-REUSE,1,common_source,source_program_bytes_prepaid,220827
constant_n3,fresh,P-REUSE,1,common_source,source_record_bytes,1487
constant_n3,fresh,P-REUSE,1,coordination,bounded_native_c_call_events,15
constant_n3,fresh,P-REUSE,1,coordination,observed_python_opcode_events,727
constant_n3,fresh,P-REUSE,1,producer_build,bounded_native_c_call_events,318
constant_n3,fresh,P-REUSE,1,producer_build,observed_python_opcode_events,7023
constant_n3,fresh,P-REUSE,1,producer_export,bounded_native_c_call_events,7
constant_n3,fresh,P-REUSE,1,producer_export,observed_python_opcode_events,759
constant_n3,fresh,P-REUSE,1,producer_export,proof_output_bytes,1027
constant_n3,fresh,P-REUSE,1,producer_init,observed_python_opcode_events,4
constant_n3,fresh,P-REUSE,1,producer_input,bounded_native_c_call_events,184
constant_n3,fresh,P-REUSE,1,producer_input,current_request_bytes,1007
constant_n3,fresh,P-REUSE,1,producer_input,observed_python_opcode_events,33013
constant_n3,fresh,P-REUSE,1,producer_storage,bounded_native_c_call_events,15
constant_n3,fresh,P-REUSE,1,producer_storage,live_serialized_byte_periods,4240
constant_n3,fresh,P-REUSE,1,producer_storage,observed_python_opcode_events,959
constant_n3,fresh,P-REUSE,1,receiver_check,bounded_native_c_call_events,367
constant_n3,fresh,P-REUSE,1,receiver_check,observed_python_opcode_events,8575
constant_n3,fresh,P-REUSE,1,receiver_import,bounded_native_c_call_events,33
constant_n3,fresh,P-REUSE,1,receiver_import,observed_python_opcode_events,15719
constant_n3,fresh,P-REUSE,1,receiver_init,observed_python_opcode_events,4
constant_n3,fresh,P-REUSE,1,receiver_input,bounded_native_c_call_events,187
constant_n3,fresh,P-REUSE,1,receiver_input,current_request_bytes,1007
constant_n3,fresh,P-REUSE,1,receiver_input,observed_python_opcode_events,33028
constant_n3,fresh,P-REUSE,1,receiver_input,proof_input_bytes,1027
constant_n3,fresh,P-REUSE,1,receiver_storage,bounded_native_c_call_events,16
constant_n3,fresh,P-REUSE,1,receiver_storage,live_serialized_byte_periods,7420
constant_n3,fresh,P-REUSE,1,receiver_storage,observed_python_opcode_events,751
constant_n3,fresh,P-REUSE,1,request_encoding,bounded_native_c_call_events,132
constant_n3,fresh,P-REUSE,1,request_encoding,observed_python_opcode_events,5754
constant_n3,fresh,P-REUSE,1,terminal,bounded_native_c_call_events,62
constant_n3,fresh,P-REUSE,1,terminal,candidate_publication_events,1
constant_n3,fresh,P-REUSE,1,terminal,current_receipt_output_bytes,2810
constant_n3,fresh,P-REUSE,1,terminal,delivery_events,1
constant_n3,fresh,P-REUSE,1,terminal,observed_python_opcode_events,2942
constant_n3,fresh,P-REUSE,2,coordination,bounded_native_c_call_events,12
constant_n3,fresh,P-REUSE,2,coordination,observed_python_opcode_events,638
constant_n3,fresh,P-REUSE,2,producer_build,bounded_native_c_call_events,697
constant_n3,fresh,P-REUSE,2,producer_build,observed_python_opcode_events,14174
constant_n3,fresh,P-REUSE,2,producer_export,bounded_native_c_call_events,7
constant_n3,fresh,P-REUSE,2,producer_export,observed_python_opcode_events,759
constant_n3,fresh,P-REUSE,2,producer_export,proof_output_bytes,1122
constant_n3,fresh,P-REUSE,2,producer_input,bounded_native_c_call_events,283
constant_n3,fresh,P-REUSE,2,producer_input,current_request_bytes,1102
constant_n3,fresh,P-REUSE,2,producer_input,observed_python_opcode_events,37669
constant_n3,fresh,P-REUSE,2,producer_storage,bounded_native_c_call_events,15
constant_n3,fresh,P-REUSE,2,producer_storage,live_serialized_byte_periods,4502
constant_n3,fresh,P-REUSE,2,producer_storage,observed_python_opcode_events,959
constant_n3,fresh,P-REUSE,2,receiver_check,bounded_native_c_call_events,723
constant_n3,fresh,P-REUSE,2,receiver_check,observed_python_opcode_events,15142
constant_n3,fresh,P-REUSE,2,receiver_import,bounded_native_c_call_events,33
constant_n3,fresh,P-REUSE,2,receiver_import,observed_python_opcode_events,17000
constant_n3,fresh,P-REUSE,2,receiver_init,observed_python_opcode_events,4
constant_n3,fresh,P-REUSE,2,receiver_input,bounded_native_c_call_events,283
constant_n3,fresh,P-REUSE,2,receiver_input,current_request_bytes,1102
constant_n3,fresh,P-REUSE,2,receiver_input,observed_python_opcode_events,37669
constant_n3,fresh,P-REUSE,2,receiver_input,proof_input_bytes,1122
constant_n3,fresh,P-REUSE,2,receiver_storage,bounded_native_c_call_events,16
constant_n3,fresh,P-REUSE,2,receiver_storage,live_serialized_byte_periods,7813
constant_n3,fresh,P-REUSE,2,receiver_storage,observed_python_opcode_events,751
constant_n3,fresh,P-REUSE,2,request_encoding,bounded_native_c_call_events,208
constant_n3,fresh,P-REUSE,2,request_encoding,observed_python_opcode_events,7658
constant_n3,fresh,P-REUSE,2,terminal,bounded_native_c_call_events,136
constant_n3,fresh,P-REUSE,2,terminal,candidate_publication_events,1
constant_n3,fresh,P-REUSE,2,terminal,current_receipt_output_bytes,2905
constant_n3,fresh,P-REUSE,2,terminal,delivery_events,1
constant_n3,fresh,P-REUSE,2,terminal,observed_python_opcode_events,4727
constant_n3,fresh,P-REUSE,3,coordination,bounded_native_c_call_events,12
constant_n3,fresh,P-REUSE,3,coordination,observed_python_opcode_events,638
constant_n3,fresh,P-REUSE,3,producer_build,bounded_native_c_call_events,654
constant_n3,fresh,P-REUSE,3,producer_build,observed_python_opcode_events,13168
constant_n3,fresh,P-REUSE,3,producer_export,bounded_native_c_call_events,7
constant_n3,fresh,P-REUSE,3,producer_export,observed_python_opcode_events,759
constant_n3,fresh,P-REUSE,3,producer_export,proof_output_bytes,1112
constant_n3,fresh,P-REUSE,3,producer_input,bounded_native_c_call_events,271
constant_n3,fresh,P-REUSE,3,producer_input,current_request_bytes,1092
constant_n3,fresh,P-REUSE,3,producer_input,observed_python_opcode_events,37061
constant_n3,fresh,P-REUSE,3,producer_storage,bounded_native_c_call_events,15
constant_n3,fresh,P-REUSE,3,producer_storage,live_serialized_byte_periods,4474
constant_n3,fresh,P-REUSE,3,producer_storage,observed_python_opcode_events,959
constant_n3,fresh,P-REUSE,3,receiver_check,bounded_native_c_call_events,688
constant_n3,fresh,P-REUSE,3,receiver_check,observed_python_opcode_events,14298
constant_n3,fresh,P-REUSE,3,receiver_import,bounded_native_c_call_events,33
constant_n3,fresh,P-REUSE,3,receiver_import,observed_python_opcode_events,16866
constant_n3,fresh,P-REUSE,3,receiver_init,observed_python_opcode_events,4
constant_n3,fresh,P-REUSE,3,receiver_input,bounded_native_c_call_events,271
constant_n3,fresh,P-REUSE,3,receiver_input,current_request_bytes,1092
constant_n3,fresh,P-REUSE,3,receiver_input,observed_python_opcode_events,37061
constant_n3,fresh,P-REUSE,3,receiver_input,proof_input_bytes,1112
constant_n3,fresh,P-REUSE,3,receiver_storage,bounded_native_c_call_events,16
constant_n3,fresh,P-REUSE,3,receiver_storage,live_serialized_byte_periods,7771
constant_n3,fresh,P-REUSE,3,receiver_storage,observed_python_opcode_events,751
constant_n3,fresh,P-REUSE,3,request_encoding,bounded_native_c_call_events,193
constant_n3,fresh,P-REUSE,3,request_encoding,observed_python_opcode_events,7314
constant_n3,fresh,P-REUSE,3,terminal,bounded_native_c_call_events,120
constant_n3,fresh,P-REUSE,3,terminal,candidate_publication_events,1
constant_n3,fresh,P-REUSE,3,terminal,current_receipt_output_bytes,2895
constant_n3,fresh,P-REUSE,3,terminal,delivery_events,1
constant_n3,fresh,P-REUSE,3,terminal,observed_python_opcode_events,4367
constant_n3,fresh,P-REUSE,4,coordination,bounded_native_c_call_events,12
constant_n3,fresh,P-REUSE,4,coordination,observed_python_opcode_events,638
constant_n3,fresh,P-REUSE,4,producer_build,bounded_native_c_call_events,734
constant_n3,fresh,P-REUSE,4,producer_build,observed_python_opcode_events,14996
constant_n3,fresh,P-REUSE,4,producer_export,bounded_native_c_call_events,7
constant_n3,fresh,P-REUSE,4,producer_export,observed_python_opcode_events,759
constant_n3,fresh,P-REUSE,4,producer_export,proof_output_bytes,1138
constant_n3,fresh,P-REUSE,4,producer_input,bounded_native_c_call_events,293
constant_n3,fresh,P-REUSE,4,producer_input,current_request_bytes,1118
constant_n3,fresh,P-REUSE,4,producer_input,observed_python_opcode_events,38450
constant_n3,fresh,P-REUSE,4,producer_storage,bounded_native_c_call_events,15
constant_n3,fresh,P-REUSE,4,producer_storage,live_serialized_byte_periods,4542
constant_n3,fresh,P-REUSE,4,producer_storage,observed_python_opcode_events,959
constant_n3,fresh,P-REUSE,4,receiver_check,bounded_native_c_call_events,752
constant_n3,fresh,P-REUSE,4,receiver_check,observed_python_opcode_events,15794
constant_n3,fresh,P-REUSE,4,receiver_import,bounded_native_c_call_events,33
constant_n3,fresh,P-REUSE,4,receiver_import,observed_python_opcode_events,17224
constant_n3,fresh,P-REUSE,4,receiver_init,observed_python_opcode_events,4
constant_n3,fresh,P-REUSE,4,receiver_input,bounded_native_c_call_events,293
constant_n3,fresh,P-REUSE,4,receiver_input,current_request_bytes,1118
constant_n3,fresh,P-REUSE,4,receiver_input,observed_python_opcode_events,38450
constant_n3,fresh,P-REUSE,4,receiver_input,proof_input_bytes,1138
constant_n3,fresh,P-REUSE,4,receiver_storage,bounded_native_c_call_events,16
constant_n3,fresh,P-REUSE,4,receiver_storage,live_serialized_byte_periods,7873
constant_n3,fresh,P-REUSE,4,receiver_storage,observed_python_opcode_events,751
constant_n3,fresh,P-REUSE,4,request_encoding,bounded_native_c_call_events,223
constant_n3,fresh,P-REUSE,4,request_encoding,observed_python_opcode_events,8010
constant_n3,fresh,P-REUSE,4,terminal,bounded_native_c_call_events,152
constant_n3,fresh,P-REUSE,4,terminal,candidate_publication_events,1
constant_n3,fresh,P-REUSE,4,terminal,current_receipt_output_bytes,2921
constant_n3,fresh,P-REUSE,4,terminal,delivery_events,1
constant_n3,fresh,P-REUSE,4,terminal,observed_python_opcode_events,5107
constant_n3,fresh,P-REUSE,5,coordination,bounded_native_c_call_events,12
constant_n3,fresh,P-REUSE,5,coordination,observed_python_opcode_events,638
constant_n3,fresh,P-REUSE,5,producer_build,bounded_native_c_call_events,878
constant_n3,fresh,P-REUSE,5,producer_build,observed_python_opcode_events,17684
constant_n3,fresh,P-REUSE,5,producer_export,bounded_native_c_call_events,7
constant_n3,fresh,P-REUSE,5,producer_export,observed_python_opcode_events,759
constant_n3,fresh,P-REUSE,5,producer_export,proof_output_bytes,1133
constant_n3,fresh,P-REUSE,5,producer_input,bounded_native_c_call_events,300
constant_n3,fresh,P-REUSE,5,producer_input,current_request_bytes,1113
constant_n3,fresh,P-REUSE,5,producer_input,observed_python_opcode_events,38498
constant_n3,fresh,P-REUSE,5,producer_storage,bounded_native_c_call_events,15
constant_n3,fresh,P-REUSE,5,producer_storage,live_serialized_byte_periods,4532
constant_n3,fresh,P-REUSE,5,producer_storage,observed_python_opcode_events,959
constant_n3,fresh,P-REUSE,5,receiver_check,bounded_native_c_call_events,904
constant_n3,fresh,P-REUSE,5,receiver_check,observed_python_opcode_events,18662
constant_n3,fresh,P-REUSE,5,receiver_import,bounded_native_c_call_events,33
constant_n3,fresh,P-REUSE,5,receiver_import,observed_python_opcode_events,17149
constant_n3,fresh,P-REUSE,5,receiver_init,observed_python_opcode_events,4
constant_n3,fresh,P-REUSE,5,receiver_input,bounded_native_c_call_events,300
constant_n3,fresh,P-REUSE,5,receiver_input,current_request_bytes,1113
constant_n3,fresh,P-REUSE,5,receiver_input,observed_python_opcode_events,38498
constant_n3,fresh,P-REUSE,5,receiver_input,proof_input_bytes,1133
constant_n3,fresh,P-REUSE,5,receiver_storage,bounded_native_c_call_events,16
constant_n3,fresh,P-REUSE,5,receiver_storage,live_serialized_byte_periods,7858
constant_n3,fresh,P-REUSE,5,receiver_storage,observed_python_opcode_events,751
constant_n3,fresh,P-REUSE,5,request_encoding,bounded_native_c_call_events,229
constant_n3,fresh,P-REUSE,5,request_encoding,observed_python_opcode_events,8150
constant_n3,fresh,P-REUSE,5,terminal,bounded_native_c_call_events,150
constant_n3,fresh,P-REUSE,5,terminal,candidate_publication_events,1
constant_n3,fresh,P-REUSE,5,terminal,current_receipt_output_bytes,2916
constant_n3,fresh,P-REUSE,5,terminal,delivery_events,1
constant_n3,fresh,P-REUSE,5,terminal,observed_python_opcode_events,5083
constant_n3,fresh,P-REUSE,6,coordination,bounded_native_c_call_events,12
constant_n3,fresh,P-REUSE,6,coordination,observed_python_opcode_events,638
constant_n3,fresh,P-REUSE,6,producer_build,bounded_native_c_call_events,875
constant_n3,fresh,P-REUSE,6,producer_build,observed_python_opcode_events,17794
constant_n3,fresh,P-REUSE,6,producer_export,bounded_native_c_call_events,7
constant_n3,fresh,P-REUSE,6,producer_export,observed_python_opcode_events,759
constant_n3,fresh,P-REUSE,6,producer_export,proof_output_bytes,1147
constant_n3,fresh,P-REUSE,6,producer_input,bounded_native_c_call_events,312
constant_n3,fresh,P-REUSE,6,producer_input,current_request_bytes,1127
constant_n3,fresh,P-REUSE,6,producer_input,observed_python_opcode_events,39238
constant_n3,fresh,P-REUSE,6,producer_storage,bounded_native_c_call_events,15
constant_n3,fresh,P-REUSE,6,producer_storage,live_serialized_byte_periods,4568
constant_n3,fresh,P-REUSE,6,producer_storage,observed_python_opcode_events,959
constant_n3,fresh,P-REUSE,6,receiver_check,bounded_native_c_call_events,895
constant_n3,fresh,P-REUSE,6,receiver_check,observed_python_opcode_events,18714
constant_n3,fresh,P-REUSE,6,receiver_import,bounded_native_c_call_events,33
constant_n3,fresh,P-REUSE,6,receiver_import,observed_python_opcode_events,17343
constant_n3,fresh,P-REUSE,6,receiver_init,observed_python_opcode_events,4
constant_n3,fresh,P-REUSE,6,receiver_input,bounded_native_c_call_events,312
constant_n3,fresh,P-REUSE,6,receiver_input,current_request_bytes,1127
constant_n3,fresh,P-REUSE,6,receiver_input,observed_python_opcode_events,39238
constant_n3,fresh,P-REUSE,6,receiver_input,proof_input_bytes,1147
constant_n3,fresh,P-REUSE,6,receiver_storage,bounded_native_c_call_events,16
constant_n3,fresh,P-REUSE,6,receiver_storage,live_serialized_byte_periods,7912
constant_n3,fresh,P-REUSE,6,receiver_storage,observed_python_opcode_events,751
constant_n3,fresh,P-REUSE,6,request_encoding,bounded_native_c_call_events,244
constant_n3,fresh,P-REUSE,6,request_encoding,observed_python_opcode_events,8500
constant_n3,fresh,P-REUSE,6,terminal,bounded_native_c_call_events,160
constant_n3,fresh,P-REUSE,6,terminal,candidate_publication_events,1
constant_n3,fresh,P-REUSE,6,terminal,current_receipt_output_bytes,2930
constant_n3,fresh,P-REUSE,6,terminal,delivery_events,1
constant_n3,fresh,P-REUSE,6,terminal,observed_python_opcode_events,5251
parity_reassociation_n6,fresh,O-ADD-COLD,1,common_source,bounded_native_c_call_events,457
parity_reassociation_n6,fresh,O-ADD-COLD,1,common_source,observed_python_opcode_events,40257
parity_reassociation_n6,fresh,O-ADD-COLD,1,common_source,source_hash_bytes_prepaid,220827
parity_reassociation_n6,fresh,O-ADD-COLD,1,common_source,source_length_probe_bytes_prepaid,10
parity_reassociation_n6,fresh,O-ADD-COLD,1,common_source,source_program_bytes_prepaid,220827
parity_reassociation_n6,fresh,O-ADD-COLD,1,common_source,source_record_bytes,1487
parity_reassociation_n6,fresh,O-ADD-COLD,1,coordination,bounded_native_c_call_events,10
parity_reassociation_n6,fresh,O-ADD-COLD,1,coordination,observed_python_opcode_events,623
parity_reassociation_n6,fresh,O-ADD-COLD,1,producer_build,bounded_native_c_call_events,7497
parity_reassociation_n6,fresh,O-ADD-COLD,1,producer_build,observed_python_opcode_events,265744
parity_reassociation_n6,fresh,O-ADD-COLD,1,producer_export,bounded_native_c_call_events,8
parity_reassociation_n6,fresh,O-ADD-COLD,1,producer_export,observed_python_opcode_events,260
parity_reassociation_n6,fresh,O-ADD-COLD,1,producer_export,proof_output_bytes,8828
parity_reassociation_n6,fresh,O-ADD-COLD,1,producer_init,bounded_native_c_call_events,19
parity_reassociation_n6,fresh,O-ADD-COLD,1,producer_init,observed_python_opcode_events,853
parity_reassociation_n6,fresh,O-ADD-COLD,1,producer_input,bounded_native_c_call_events,716
parity_reassociation_n6,fresh,O-ADD-COLD,1,producer_input,current_request_bytes,1480
parity_reassociation_n6,fresh,O-ADD-COLD,1,producer_input,observed_python_opcode_events,60567
parity_reassociation_n6,fresh,O-ADD-COLD,1,producer_storage,bounded_native_c_call_events,304
parity_reassociation_n6,fresh,O-ADD-COLD,1,producer_storage,live_serialized_byte_periods,28161
parity_reassociation_n6,fresh,O-ADD-COLD,1,producer_storage,observed_python_opcode_events,109257
parity_reassociation_n6,fresh,O-ADD-COLD,1,receiver_check,bounded_native_c_call_events,8242
parity_reassociation_n6,fresh,O-ADD-COLD,1,receiver_check,observed_python_opcode_events,491631
parity_reassociation_n6,fresh,O-ADD-COLD,1,receiver_init,bounded_native_c_call_events,156
parity_reassociation_n6,fresh,O-ADD-COLD,1,receiver_init,observed_python_opcode_events,34495
parity_reassociation_n6,fresh,O-ADD-COLD,1,receiver_input,bounded_native_c_call_events,716
parity_reassociation_n6,fresh,O-ADD-COLD,1,receiver_input,current_request_bytes,1480
parity_reassociation_n6,fresh,O-ADD-COLD,1,receiver_input,observed_python_opcode_events,60567
parity_reassociation_n6,fresh,O-ADD-COLD,1,receiver_input,proof_input_bytes,8828
parity_reassociation_n6,fresh,O-ADD-COLD,1,receiver_storage,bounded_native_c_call_events,22
parity_reassociation_n6,fresh,O-ADD-COLD,1,receiver_storage,live_serialized_byte_periods,29594
parity_reassociation_n6,fresh,O-ADD-COLD,1,receiver_storage,observed_python_opcode_events,54313
parity_reassociation_n6,fresh,O-ADD-COLD,1,request_encoding,bounded_native_c_call_events,739
parity_reassociation_n6,fresh,O-ADD-COLD,1,request_encoding,observed_python_opcode_events,20060
parity_reassociation_n6,fresh,O-ADD-COLD,1,terminal,bounded_native_c_call_events,338
parity_reassociation_n6,fresh,O-ADD-COLD,1,terminal,candidate_publication_events,1
parity_reassociation_n6,fresh,O-ADD-COLD,1,terminal,current_receipt_output_bytes,3283
parity_reassociation_n6,fresh,O-ADD-COLD,1,terminal,delivery_events,1
parity_reassociation_n6,fresh,O-ADD-COLD,1,terminal,observed_python_opcode_events,9239
parity_reassociation_n6,fresh,O-ADD-COLD,2,coordination,bounded_native_c_call_events,10
parity_reassociation_n6,fresh,O-ADD-COLD,2,coordination,observed_python_opcode_events,602
parity_reassociation_n6,fresh,O-ADD-COLD,2,producer_build,bounded_native_c_call_events,7618
parity_reassociation_n6,fresh,O-ADD-COLD,2,producer_build,observed_python_opcode_events,269095
parity_reassociation_n6,fresh,O-ADD-COLD,2,producer_export,bounded_native_c_call_events,8
parity_reassociation_n6,fresh,O-ADD-COLD,2,producer_export,observed_python_opcode_events,260
parity_reassociation_n6,fresh,O-ADD-COLD,2,producer_export,proof_output_bytes,8877
parity_reassociation_n6,fresh,O-ADD-COLD,2,producer_init,bounded_native_c_call_events,19
parity_reassociation_n6,fresh,O-ADD-COLD,2,producer_init,observed_python_opcode_events,853
parity_reassociation_n6,fresh,O-ADD-COLD,2,producer_input,bounded_native_c_call_events,745
parity_reassociation_n6,fresh,O-ADD-COLD,2,producer_input,current_request_bytes,1501
parity_reassociation_n6,fresh,O-ADD-COLD,2,producer_input,observed_python_opcode_events,61950
parity_reassociation_n6,fresh,O-ADD-COLD,2,producer_storage,bounded_native_c_call_events,310
parity_reassociation_n6,fresh,O-ADD-COLD,2,producer_storage,live_serialized_byte_periods,28313
parity_reassociation_n6,fresh,O-ADD-COLD,2,producer_storage,observed_python_opcode_events,109945
parity_reassociation_n6,fresh,O-ADD-COLD,2,receiver_check,bounded_native_c_call_events,8343
parity_reassociation_n6,fresh,O-ADD-COLD,2,receiver_check,observed_python_opcode_events,495715
parity_reassociation_n6,fresh,O-ADD-COLD,2,receiver_init,bounded_native_c_call_events,156
parity_reassociation_n6,fresh,O-ADD-COLD,2,receiver_init,observed_python_opcode_events,34495
parity_reassociation_n6,fresh,O-ADD-COLD,2,receiver_input,bounded_native_c_call_events,745
parity_reassociation_n6,fresh,O-ADD-COLD,2,receiver_input,current_request_bytes,1501
parity_reassociation_n6,fresh,O-ADD-COLD,2,receiver_input,observed_python_opcode_events,61950
parity_reassociation_n6,fresh,O-ADD-COLD,2,receiver_input,proof_input_bytes,8877
parity_reassociation_n6,fresh,O-ADD-COLD,2,receiver_storage,bounded_native_c_call_events,22
parity_reassociation_n6,fresh,O-ADD-COLD,2,receiver_storage,live_serialized_byte_periods,29776
parity_reassociation_n6,fresh,O-ADD-COLD,2,receiver_storage,observed_python_opcode_events,54428
parity_reassociation_n6,fresh,O-ADD-COLD,2,request_encoding,bounded_native_c_call_events,775
parity_reassociation_n6,fresh,O-ADD-COLD,2,request_encoding,observed_python_opcode_events,20870
parity_reassociation_n6,fresh,O-ADD-COLD,2,terminal,bounded_native_c_call_events,370
parity_reassociation_n6,fresh,O-ADD-COLD,2,terminal,candidate_publication_events,1
parity_reassociation_n6,fresh,O-ADD-COLD,2,terminal,current_receipt_output_bytes,3304
parity_reassociation_n6,fresh,O-ADD-COLD,2,terminal,delivery_events,1
parity_reassociation_n6,fresh,O-ADD-COLD,2,terminal,observed_python_opcode_events,9983
parity_reassociation_n6,fresh,O-ADD-COLD,3,coordination,bounded_native_c_call_events,10
parity_reassociation_n6,fresh,O-ADD-COLD,3,coordination,observed_python_opcode_events,602
parity_reassociation_n6,fresh,O-ADD-COLD,3,producer_build,bounded_native_c_call_events,7815
parity_reassociation_n6,fresh,O-ADD-COLD,3,producer_build,observed_python_opcode_events,273272
parity_reassociation_n6,fresh,O-ADD-COLD,3,producer_export,bounded_native_c_call_events,8
parity_reassociation_n6,fresh,O-ADD-COLD,3,producer_export,observed_python_opcode_events,260
parity_reassociation_n6,fresh,O-ADD-COLD,3,producer_export,proof_output_bytes,8978
parity_reassociation_n6,fresh,O-ADD-COLD,3,producer_init,bounded_native_c_call_events,19
parity_reassociation_n6,fresh,O-ADD-COLD,3,producer_init,observed_python_opcode_events,853
parity_reassociation_n6,fresh,O-ADD-COLD,3,producer_input,bounded_native_c_call_events,745
parity_reassociation_n6,fresh,O-ADD-COLD,3,producer_input,current_request_bytes,1505
parity_reassociation_n6,fresh,O-ADD-COLD,3,producer_input,observed_python_opcode_events,62070
parity_reassociation_n6,fresh,O-ADD-COLD,3,producer_storage,bounded_native_c_call_events,330
parity_reassociation_n6,fresh,O-ADD-COLD,3,producer_storage,live_serialized_byte_periods,28646
parity_reassociation_n6,fresh,O-ADD-COLD,3,producer_storage,observed_python_opcode_events,112469
parity_reassociation_n6,fresh,O-ADD-COLD,3,receiver_check,bounded_native_c_call_events,8516
parity_reassociation_n6,fresh,O-ADD-COLD,3,receiver_check,observed_python_opcode_events,502829
parity_reassociation_n6,fresh,O-ADD-COLD,3,receiver_init,bounded_native_c_call_events,156
parity_reassociation_n6,fresh,O-ADD-COLD,3,receiver_init,observed_python_opcode_events,34495
parity_reassociation_n6,fresh,O-ADD-COLD,3,receiver_input,bounded_native_c_call_events,745
parity_reassociation_n6,fresh,O-ADD-COLD,3,receiver_input,current_request_bytes,1505
parity_reassociation_n6,fresh,O-ADD-COLD,3,receiver_input,observed_python_opcode_events,62070
parity_reassociation_n6,fresh,O-ADD-COLD,3,receiver_input,proof_input_bytes,8978
parity_reassociation_n6,fresh,O-ADD-COLD,3,receiver_storage,bounded_native_c_call_events,22
parity_reassociation_n6,fresh,O-ADD-COLD,3,receiver_storage,live_serialized_byte_periods,30046
parity_reassociation_n6,fresh,O-ADD-COLD,3,receiver_storage,observed_python_opcode_events,56034
parity_reassociation_n6,fresh,O-ADD-COLD,3,request_encoding,bounded_native_c_call_events,775
parity_reassociation_n6,fresh,O-ADD-COLD,3,request_encoding,observed_python_opcode_events,20870
parity_reassociation_n6,fresh,O-ADD-COLD,3,terminal,bounded_native_c_call_events,370
parity_reassociation_n6,fresh,O-ADD-COLD,3,terminal,candidate_publication_events,1
parity_reassociation_n6,fresh,O-ADD-COLD,3,terminal,current_receipt_output_bytes,3308
parity_reassociation_n6,fresh,O-ADD-COLD,3,terminal,delivery_events,1
parity_reassociation_n6,fresh,O-ADD-COLD,3,terminal,observed_python_opcode_events,9983
parity_reassociation_n6,fresh,O-ADD-COLD,4,coordination,bounded_native_c_call_events,10
parity_reassociation_n6,fresh,O-ADD-COLD,4,coordination,observed_python_opcode_events,602
parity_reassociation_n6,fresh,O-ADD-COLD,4,producer_build,bounded_native_c_call_events,7685
parity_reassociation_n6,fresh,O-ADD-COLD,4,producer_build,observed_python_opcode_events,269619
parity_reassociation_n6,fresh,O-ADD-COLD,4,producer_export,bounded_native_c_call_events,8
parity_reassociation_n6,fresh,O-ADD-COLD,4,producer_export,observed_python_opcode_events,260
parity_reassociation_n6,fresh,O-ADD-COLD,4,producer_export,proof_output_bytes,8889
parity_reassociation_n6,fresh,O-ADD-COLD,4,producer_init,bounded_native_c_call_events,19
parity_reassociation_n6,fresh,O-ADD-COLD,4,producer_init,observed_python_opcode_events,853
parity_reassociation_n6,fresh,O-ADD-COLD,4,producer_input,bounded_native_c_call_events,760
parity_reassociation_n6,fresh,O-ADD-COLD,4,producer_input,current_request_bytes,1514
parity_reassociation_n6,fresh,O-ADD-COLD,4,producer_input,observed_python_opcode_events,62832
parity_reassociation_n6,fresh,O-ADD-COLD,4,producer_storage,bounded_native_c_call_events,324
parity_reassociation_n6,fresh,O-ADD-COLD,4,producer_storage,live_serialized_byte_periods,28350
parity_reassociation_n6,fresh,O-ADD-COLD,4,producer_storage,observed_python_opcode_events,110272
parity_reassociation_n6,fresh,O-ADD-COLD,4,receiver_check,bounded_native_c_call_events,8377
parity_reassociation_n6,fresh,O-ADD-COLD,4,receiver_check,observed_python_opcode_events,496084
parity_reassociation_n6,fresh,O-ADD-COLD,4,receiver_init,bounded_native_c_call_events,156
parity_reassociation_n6,fresh,O-ADD-COLD,4,receiver_init,observed_python_opcode_events,34495
parity_reassociation_n6,fresh,O-ADD-COLD,4,receiver_input,bounded_native_c_call_events,760
parity_reassociation_n6,fresh,O-ADD-COLD,4,receiver_input,current_request_bytes,1514
parity_reassociation_n6,fresh,O-ADD-COLD,4,receiver_input,observed_python_opcode_events,62832
parity_reassociation_n6,fresh,O-ADD-COLD,4,receiver_input,proof_input_bytes,8889
parity_reassociation_n6,fresh,O-ADD-COLD,4,receiver_storage,bounded_native_c_call_events,22
parity_reassociation_n6,fresh,O-ADD-COLD,4,receiver_storage,live_serialized_byte_periods,29862
parity_reassociation_n6,fresh,O-ADD-COLD,4,receiver_storage,observed_python_opcode_events,54927
parity_reassociation_n6,fresh,O-ADD-COLD,4,request_encoding,bounded_native_c_call_events,796
parity_reassociation_n6,fresh,O-ADD-COLD,4,request_encoding,observed_python_opcode_events,21370
parity_reassociation_n6,fresh,O-ADD-COLD,4,terminal,bounded_native_c_call_events,384
parity_reassociation_n6,fresh,O-ADD-COLD,4,terminal,candidate_publication_events,1
parity_reassociation_n6,fresh,O-ADD-COLD,4,terminal,current_receipt_output_bytes,3319
parity_reassociation_n6,fresh,O-ADD-COLD,4,terminal,delivery_events,1
parity_reassociation_n6,fresh,O-ADD-COLD,4,terminal,observed_python_opcode_events,10347
parity_reassociation_n6,fresh,O-ADD-COLD,5,coordination,bounded_native_c_call_events,10
parity_reassociation_n6,fresh,O-ADD-COLD,5,coordination,observed_python_opcode_events,602
parity_reassociation_n6,fresh,O-ADD-COLD,5,producer_build,bounded_native_c_call_events,8003
parity_reassociation_n6,fresh,O-ADD-COLD,5,producer_build,observed_python_opcode_events,279786
parity_reassociation_n6,fresh,O-ADD-COLD,5,producer_export,bounded_native_c_call_events,8
parity_reassociation_n6,fresh,O-ADD-COLD,5,producer_export,observed_python_opcode_events,260
parity_reassociation_n6,fresh,O-ADD-COLD,5,producer_export,proof_output_bytes,9094
parity_reassociation_n6,fresh,O-ADD-COLD,5,producer_init,bounded_native_c_call_events,19
parity_reassociation_n6,fresh,O-ADD-COLD,5,producer_init,observed_python_opcode_events,853
parity_reassociation_n6,fresh,O-ADD-COLD,5,producer_input,bounded_native_c_call_events,774
parity_reassociation_n6,fresh,O-ADD-COLD,5,producer_input,current_request_bytes,1526
parity_reassociation_n6,fresh,O-ADD-COLD,5,producer_input,observed_python_opcode_events,63519
parity_reassociation_n6,fresh,O-ADD-COLD,5,producer_storage,bounded_native_c_call_events,336
parity_reassociation_n6,fresh,O-ADD-COLD,5,producer_storage,live_serialized_byte_periods,29033
parity_reassociation_n6,fresh,O-ADD-COLD,5,producer_storage,observed_python_opcode_events,115553
parity_reassociation_n6,fresh,O-ADD-COLD,5,receiver_check,bounded_native_c_call_events,8761
parity_reassociation_n6,fresh,O-ADD-COLD,5,receiver_check,observed_python_opcode_events,513880
parity_reassociation_n6,fresh,O-ADD-COLD,5,receiver_init,bounded_native_c_call_events,156
parity_reassociation_n6,fresh,O-ADD-COLD,5,receiver_init,observed_python_opcode_events,34495
parity_reassociation_n6,fresh,O-ADD-COLD,5,receiver_input,bounded_native_c_call_events,774
parity_reassociation_n6,fresh,O-ADD-COLD,5,receiver_input,current_request_bytes,1526
parity_reassociation_n6,fresh,O-ADD-COLD,5,receiver_input,observed_python_opcode_events,63519
parity_reassociation_n6,fresh,O-ADD-COLD,5,receiver_input,proof_input_bytes,9094
parity_reassociation_n6,fresh,O-ADD-COLD,5,receiver_storage,bounded_native_c_call_events,22
parity_reassociation_n6,fresh,O-ADD-COLD,5,receiver_storage,live_serialized_byte_periods,30417
parity_reassociation_n6,fresh,O-ADD-COLD,5,receiver_storage,observed_python_opcode_events,57785
parity_reassociation_n6,fresh,O-ADD-COLD,5,request_encoding,bounded_native_c_call_events,811
parity_reassociation_n6,fresh,O-ADD-COLD,5,request_encoding,observed_python_opcode_events,21712
parity_reassociation_n6,fresh,O-ADD-COLD,5,terminal,bounded_native_c_call_events,394
parity_reassociation_n6,fresh,O-ADD-COLD,5,terminal,candidate_publication_events,1
parity_reassociation_n6,fresh,O-ADD-COLD,5,terminal,current_receipt_output_bytes,3329
parity_reassociation_n6,fresh,O-ADD-COLD,5,terminal,delivery_events,1
parity_reassociation_n6,fresh,O-ADD-COLD,5,terminal,observed_python_opcode_events,10507
parity_reassociation_n6,fresh,O-ADD-COLD,6,coordination,bounded_native_c_call_events,10
parity_reassociation_n6,fresh,O-ADD-COLD,6,coordination,observed_python_opcode_events,602
parity_reassociation_n6,fresh,O-ADD-COLD,6,producer_build,bounded_native_c_call_events,8375
parity_reassociation_n6,fresh,O-ADD-COLD,6,producer_build,observed_python_opcode_events,286666
parity_reassociation_n6,fresh,O-ADD-COLD,6,producer_export,bounded_native_c_call_events,8
parity_reassociation_n6,fresh,O-ADD-COLD,6,producer_export,observed_python_opcode_events,260
parity_reassociation_n6,fresh,O-ADD-COLD,6,producer_export,proof_output_bytes,9236
parity_reassociation_n6,fresh,O-ADD-COLD,6,producer_init,bounded_native_c_call_events,19
parity_reassociation_n6,fresh,O-ADD-COLD,6,producer_init,observed_python_opcode_events,853
parity_reassociation_n6,fresh,O-ADD-COLD,6,producer_input,bounded_native_c_call_events,827
parity_reassociation_n6,fresh,O-ADD-COLD,6,producer_input,current_request_bytes,1590
parity_reassociation_n6,fresh,O-ADD-COLD,6,producer_input,observed_python_opcode_events,65983
parity_reassociation_n6,fresh,O-ADD-COLD,6,producer_storage,bounded_native_c_call_events,356
parity_reassociation_n6,fresh,O-ADD-COLD,6,producer_storage,live_serialized_byte_periods,29462
parity_reassociation_n6,fresh,O-ADD-COLD,6,producer_storage,observed_python_opcode_events,117527
parity_reassociation_n6,fresh,O-ADD-COLD,6,receiver_check,bounded_native_c_call_events,8982
parity_reassociation_n6,fresh,O-ADD-COLD,6,receiver_check,observed_python_opcode_events,521840
parity_reassociation_n6,fresh,O-ADD-COLD,6,receiver_init,bounded_native_c_call_events,156
parity_reassociation_n6,fresh,O-ADD-COLD,6,receiver_init,observed_python_opcode_events,34495
parity_reassociation_n6,fresh,O-ADD-COLD,6,receiver_input,bounded_native_c_call_events,827
parity_reassociation_n6,fresh,O-ADD-COLD,6,receiver_input,current_request_bytes,1590
parity_reassociation_n6,fresh,O-ADD-COLD,6,receiver_input,observed_python_opcode_events,65983
parity_reassociation_n6,fresh,O-ADD-COLD,6,receiver_input,proof_input_bytes,9236
parity_reassociation_n6,fresh,O-ADD-COLD,6,receiver_storage,bounded_native_c_call_events,22
parity_reassociation_n6,fresh,O-ADD-COLD,6,receiver_storage,live_serialized_byte_periods,30956
parity_reassociation_n6,fresh,O-ADD-COLD,6,receiver_storage,observed_python_opcode_events,58921
parity_reassociation_n6,fresh,O-ADD-COLD,6,request_encoding,bounded_native_c_call_events,830
parity_reassociation_n6,fresh,O-ADD-COLD,6,request_encoding,observed_python_opcode_events,22308
parity_reassociation_n6,fresh,O-ADD-COLD,6,terminal,bounded_native_c_call_events,428
parity_reassociation_n6,fresh,O-ADD-COLD,6,terminal,candidate_publication_events,1
parity_reassociation_n6,fresh,O-ADD-COLD,6,terminal,current_receipt_output_bytes,3393
parity_reassociation_n6,fresh,O-ADD-COLD,6,terminal,delivery_events,1
parity_reassociation_n6,fresh,O-ADD-COLD,6,terminal,observed_python_opcode_events,11384
parity_reassociation_n6,fresh,O-ADD-PORTFOLIO,1,common_source,bounded_native_c_call_events,457
parity_reassociation_n6,fresh,O-ADD-PORTFOLIO,1,common_source,observed_python_opcode_events,40257
parity_reassociation_n6,fresh,O-ADD-PORTFOLIO,1,common_source,source_hash_bytes_prepaid,220827
parity_reassociation_n6,fresh,O-ADD-PORTFOLIO,1,common_source,source_length_probe_bytes_prepaid,10
parity_reassociation_n6,fresh,O-ADD-PORTFOLIO,1,common_source,source_program_bytes_prepaid,220827
parity_reassociation_n6,fresh,O-ADD-PORTFOLIO,1,common_source,source_record_bytes,1487
parity_reassociation_n6,fresh,O-ADD-PORTFOLIO,1,coordination,bounded_native_c_call_events,17
parity_reassociation_n6,fresh,O-ADD-PORTFOLIO,1,coordination,observed_python_opcode_events,1250
parity_reassociation_n6,fresh,O-ADD-PORTFOLIO,1,producer_build,bounded_native_c_call_events,1962
parity_reassociation_n6,fresh,O-ADD-PORTFOLIO,1,producer_build,observed_python_opcode_events,49968
parity_reassociation_n6,fresh,O-ADD-PORTFOLIO,1,producer_export,bounded_native_c_call_events,9
parity_reassociation_n6,fresh,O-ADD-PORTFOLIO,1,producer_export,observed_python_opcode_events,1902
parity_reassociation_n6,fresh,O-ADD-PORTFOLIO,1,producer_export,proof_output_bytes,2942
parity_reassociation_n6,fresh,O-ADD-PORTFOLIO,1,producer_init,bounded_native_c_call_events,175
parity_reassociation_n6,fresh,O-ADD-PORTFOLIO,1,producer_init,observed_python_opcode_events,35352
parity_reassociation_n6,fresh,O-ADD-PORTFOLIO,1,producer_input,bounded_native_c_call_events,716
parity_reassociation_n6,fresh,O-ADD-PORTFOLIO,1,producer_input,current_request_bytes,1480
parity_reassociation_n6,fresh,O-ADD-PORTFOLIO,1,producer_input,observed_python_opcode_events,60567
parity_reassociation_n6,fresh,O-ADD-PORTFOLIO,1,producer_old_admission,bounded_native_c_call_events,8507
parity_reassociation_n6,fresh,O-ADD-PORTFOLIO,1,producer_old_admission,observed_python_opcode_events,495279
parity_reassociation_n6,fresh,O-ADD-PORTFOLIO,1,producer_old_build,bounded_native_c_call_events,7214
parity_reassociation_n6,fresh,O-ADD-PORTFOLIO,1,producer_old_build,observed_python_opcode_events,258781
parity_reassociation_n6,fresh,O-ADD-PORTFOLIO,1,producer_old_export,bounded_native_c_call_events,8
parity_reassociation_n6,fresh,O-ADD-PORTFOLIO,1,producer_old_export,observed_python_opcode_events,260
parity_reassociation_n6,fresh,O-ADD-PORTFOLIO,1,producer_old_export,old_proof_output_bytes,8699
parity_reassociation_n6,fresh,O-ADD-PORTFOLIO,1,producer_old_input,bounded_native_c_call_events,1345
parity_reassociation_n6,fresh,O-ADD-PORTFOLIO,1,producer_old_input,observed_python_opcode_events,77263
parity_reassociation_n6,fresh,O-ADD-PORTFOLIO,1,producer_old_input,old_request_bytes,1429
parity_reassociation_n6,fresh,O-ADD-PORTFOLIO,1,producer_storage,bounded_native_c_call_events,1160
parity_reassociation_n6,fresh,O-ADD-PORTFOLIO,1,producer_storage,live_serialized_byte_periods,72507
parity_reassociation_n6,fresh,O-ADD-PORTFOLIO,1,producer_storage,observed_python_opcode_events,182338
parity_reassociation_n6,fresh,O-ADD-PORTFOLIO,1,receiver_check,bounded_native_c_call_events,2078
parity_reassociation_n6,fresh,O-ADD-PORTFOLIO,1,receiver_check,observed_python_opcode_events,53701
parity_reassociation_n6,fresh,O-ADD-PORTFOLIO,1,receiver_import,bounded_native_c_call_events,81
parity_reassociation_n6,fresh,O-ADD-PORTFOLIO,1,receiver_import,observed_python_opcode_events,44180
parity_reassociation_n6,fresh,O-ADD-PORTFOLIO,1,receiver_init,bounded_native_c_call_events,156
parity_reassociation_n6,fresh,O-ADD-PORTFOLIO,1,receiver_init,observed_python_opcode_events,34499
parity_reassociation_n6,fresh,O-ADD-PORTFOLIO,1,receiver_input,bounded_native_c_call_events,716
parity_reassociation_n6,fresh,O-ADD-PORTFOLIO,1,receiver_input,current_request_bytes,1480
parity_reassociation_n6,fresh,O-ADD-PORTFOLIO,1,receiver_input,observed_python_opcode_events,60567
parity_reassociation_n6,fresh,O-ADD-PORTFOLIO,1,receiver_input,proof_input_bytes,2942
parity_reassociation_n6,fresh,O-ADD-PORTFOLIO,1,receiver_old_check,bounded_native_c_call_events,8496
parity_reassociation_n6,fresh,O-ADD-PORTFOLIO,1,receiver_old_check,observed_python_opcode_events,494866
parity_reassociation_n6,fresh,O-ADD-PORTFOLIO,1,receiver_old_input,bounded_native_c_call_events,1345
parity_reassociation_n6,fresh,O-ADD-PORTFOLIO,1,receiver_old_input,observed_python_opcode_events,77263
parity_reassociation_n6,fresh,O-ADD-PORTFOLIO,1,receiver_old_input,old_proof_input_bytes,8699
parity_reassociation_n6,fresh,O-ADD-PORTFOLIO,1,receiver_old_input,old_request_bytes,1429
parity_reassociation_n6,fresh,O-ADD-PORTFOLIO,1,receiver_storage,bounded_native_c_call_events,590
parity_reassociation_n6,fresh,O-ADD-PORTFOLIO,1,receiver_storage,live_serialized_byte_periods,37474
parity_reassociation_n6,fresh,O-ADD-PORTFOLIO,1,receiver_storage,observed_python_opcode_events,68136
parity_reassociation_n6,fresh,O-ADD-PORTFOLIO,1,request_encoding,bounded_native_c_call_events,739
parity_reassociation_n6,fresh,O-ADD-PORTFOLIO,1,request_encoding,observed_python_opcode_events,20060
parity_reassociation_n6,fresh,O-ADD-PORTFOLIO,1,terminal,bounded_native_c_call_events,338
parity_reassociation_n6,fresh,O-ADD-PORTFOLIO,1,terminal,candidate_publication_events,1
parity_reassociation_n6,fresh,O-ADD-PORTFOLIO,1,terminal,current_receipt_output_bytes,3283
parity_reassociation_n6,fresh,O-ADD-PORTFOLIO,1,terminal,delivery_events,1
parity_reassociation_n6,fresh,O-ADD-PORTFOLIO,1,terminal,observed_python_opcode_events,9239
parity_reassociation_n6,fresh,O-ADD-PORTFOLIO,2,coordination,bounded_native_c_call_events,12
parity_reassociation_n6,fresh,O-ADD-PORTFOLIO,2,coordination,observed_python_opcode_events,855
parity_reassociation_n6,fresh,O-ADD-PORTFOLIO,2,producer_build,bounded_native_c_call_events,2229
parity_reassociation_n6,fresh,O-ADD-PORTFOLIO,2,producer_build,observed_python_opcode_events,54747
parity_reassociation_n6,fresh,O-ADD-PORTFOLIO,2,producer_export,bounded_native_c_call_events,9
parity_reassociation_n6,fresh,O-ADD-PORTFOLIO,2,producer_export,observed_python_opcode_events,1902
parity_reassociation_n6,fresh,O-ADD-PORTFOLIO,2,producer_export,proof_output_bytes,2963
parity_reassociation_n6,fresh,O-ADD-PORTFOLIO,2,producer_input,bounded_native_c_call_events,745
parity_reassociation_n6,fresh,O-ADD-PORTFOLIO,2,producer_input,current_request_bytes,1501
parity_reassociation_n6,fresh,O-ADD-PORTFOLIO,2,producer_input,observed_python_opcode_events,61950
parity_reassociation_n6,fresh,O-ADD-PORTFOLIO,2,producer_storage,bounded_native_c_call_events,560
parity_reassociation_n6,fresh,O-ADD-PORTFOLIO,2,producer_storage,live_serialized_byte_periods,22119
parity_reassociation_n6,fresh,O-ADD-PORTFOLIO,2,producer_storage,observed_python_opcode_events,15606
parity_reassociation_n6,fresh,O-ADD-PORTFOLIO,2,receiver_check,bounded_native_c_call_events,2337
parity_reassociation_n6,fresh,O-ADD-PORTFOLIO,2,receiver_check,observed_python_opcode_events,58291
parity_reassociation_n6,fresh,O-ADD-PORTFOLIO,2,receiver_import,bounded_native_c_call_events,81
parity_reassociation_n6,fresh,O-ADD-PORTFOLIO,2,receiver_import,observed_python_opcode_events,44463
parity_reassociation_n6,fresh,O-ADD-PORTFOLIO,2,receiver_init,bounded_native_c_call_events,156
parity_reassociation_n6,fresh,O-ADD-PORTFOLIO,2,receiver_init,observed_python_opcode_events,34499
parity_reassociation_n6,fresh,O-ADD-PORTFOLIO,2,receiver_input,bounded_native_c_call_events,745
parity_reassociation_n6,fresh,O-ADD-PORTFOLIO,2,receiver_input,current_request_bytes,1501
parity_reassociation_n6,fresh,O-ADD-PORTFOLIO,2,receiver_input,observed_python_opcode_events,61950
parity_reassociation_n6,fresh,O-ADD-PORTFOLIO,2,receiver_input,proof_input_bytes,2963
parity_reassociation_n6,fresh,O-ADD-PORTFOLIO,2,receiver_old_check,bounded_native_c_call_events,8496
parity_reassociation_n6,fresh,O-ADD-PORTFOLIO,2,receiver_old_check,observed_python_opcode_events,494866
parity_reassociation_n6,fresh,O-ADD-PORTFOLIO,2,receiver_old_input,bounded_native_c_call_events,1345
parity_reassociation_n6,fresh,O-ADD-PORTFOLIO,2,receiver_old_input,observed_python_opcode_events,77263
parity_reassociation_n6,fresh,O-ADD-PORTFOLIO,2,receiver_old_input,old_proof_input_bytes,8699
parity_reassociation_n6,fresh,O-ADD-PORTFOLIO,2,receiver_old_input,old_request_bytes,1429
parity_reassociation_n6,fresh,O-ADD-PORTFOLIO,2,receiver_storage,bounded_native_c_call_events,590
parity_reassociation_n6,fresh,O-ADD-PORTFOLIO,2,receiver_storage,live_serialized_byte_periods,37561
parity_reassociation_n6,fresh,O-ADD-PORTFOLIO,2,receiver_storage,observed_python_opcode_events,68136
parity_reassociation_n6,fresh,O-ADD-PORTFOLIO,2,request_encoding,bounded_native_c_call_events,775
parity_reassociation_n6,fresh,O-ADD-PORTFOLIO,2,request_encoding,observed_python_opcode_events,20870
parity_reassociation_n6,fresh,O-ADD-PORTFOLIO,2,terminal,bounded_native_c_call_events,370
parity_reassociation_n6,fresh,O-ADD-PORTFOLIO,2,terminal,candidate_publication_events,1
parity_reassociation_n6,fresh,O-ADD-PORTFOLIO,2,terminal,current_receipt_output_bytes,3304
parity_reassociation_n6,fresh,O-ADD-PORTFOLIO,2,terminal,delivery_events,1
parity_reassociation_n6,fresh,O-ADD-PORTFOLIO,2,terminal,observed_python_opcode_events,9983
parity_reassociation_n6,fresh,O-ADD-PORTFOLIO,3,coordination,bounded_native_c_call_events,12
parity_reassociation_n6,fresh,O-ADD-PORTFOLIO,3,coordination,observed_python_opcode_events,855
parity_reassociation_n6,fresh,O-ADD-PORTFOLIO,3,producer_build,bounded_native_c_call_events,2223
parity_reassociation_n6,fresh,O-ADD-PORTFOLIO,3,producer_build,observed_python_opcode_events,54561
parity_reassociation_n6,fresh,O-ADD-PORTFOLIO,3,producer_export,bounded_native_c_call_events,9
parity_reassociation_n6,fresh,O-ADD-PORTFOLIO,3,producer_export,observed_python_opcode_events,1902
parity_reassociation_n6,fresh,O-ADD-PORTFOLIO,3,producer_export,proof_output_bytes,2967
parity_reassociation_n6,fresh,O-ADD-PORTFOLIO,3,producer_input,bounded_native_c_call_events,745
parity_reassociation_n6,fresh,O-ADD-PORTFOLIO,3,producer_input,current_request_bytes,1505
parity_reassociation_n6,fresh,O-ADD-PORTFOLIO,3,producer_input,observed_python_opcode_events,62070
parity_reassociation_n6,fresh,O-ADD-PORTFOLIO,3,producer_storage,bounded_native_c_call_events,560
parity_reassociation_n6,fresh,O-ADD-PORTFOLIO,3,producer_storage,live_serialized_byte_periods,22127
parity_reassociation_n6,fresh,O-ADD-PORTFOLIO,3,producer_storage,observed_python_opcode_events,15606
parity_reassociation_n6,fresh,O-ADD-PORTFOLIO,3,receiver_check,bounded_native_c_call_events,2331
parity_reassociation_n6,fresh,O-ADD-PORTFOLIO,3,receiver_check,observed_python_opcode_events,58105
parity_reassociation_n6,fresh,O-ADD-PORTFOLIO,3,receiver_import,bounded_native_c_call_events,81
parity_reassociation_n6,fresh,O-ADD-PORTFOLIO,3,receiver_import,observed_python_opcode_events,44523
parity_reassociation_n6,fresh,O-ADD-PORTFOLIO,3,receiver_init,bounded_native_c_call_events,156
parity_reassociation_n6,fresh,O-ADD-PORTFOLIO,3,receiver_init,observed_python_opcode_events,34499
parity_reassociation_n6,fresh,O-ADD-PORTFOLIO,3,receiver_input,bounded_native_c_call_events,745
parity_reassociation_n6,fresh,O-ADD-PORTFOLIO,3,receiver_input,current_request_bytes,1505
parity_reassociation_n6,fresh,O-ADD-PORTFOLIO,3,receiver_input,observed_python_opcode_events,62070
parity_reassociation_n6,fresh,O-ADD-PORTFOLIO,3,receiver_input,proof_input_bytes,2967
parity_reassociation_n6,fresh,O-ADD-PORTFOLIO,3,receiver_old_check,bounded_native_c_call_events,8496
parity_reassociation_n6,fresh,O-ADD-PORTFOLIO,3,receiver_old_check,observed_python_opcode_events,494866
parity_reassociation_n6,fresh,O-ADD-PORTFOLIO,3,receiver_old_input,bounded_native_c_call_events,1345
parity_reassociation_n6,fresh,O-ADD-PORTFOLIO,3,receiver_old_input,observed_python_opcode_events,77263
parity_reassociation_n6,fresh,O-ADD-PORTFOLIO,3,receiver_old_input,old_proof_input_bytes,8699
parity_reassociation_n6,fresh,O-ADD-PORTFOLIO,3,receiver_old_input,old_request_bytes,1429
parity_reassociation_n6,fresh,O-ADD-PORTFOLIO,3,receiver_storage,bounded_native_c_call_events,590
parity_reassociation_n6,fresh,O-ADD-PORTFOLIO,3,receiver_storage,live_serialized_byte_periods,37573
parity_reassociation_n6,fresh,O-ADD-PORTFOLIO,3,receiver_storage,observed_python_opcode_events,68136
parity_reassociation_n6,fresh,O-ADD-PORTFOLIO,3,request_encoding,bounded_native_c_call_events,775
parity_reassociation_n6,fresh,O-ADD-PORTFOLIO,3,request_encoding,observed_python_opcode_events,20870
parity_reassociation_n6,fresh,O-ADD-PORTFOLIO,3,terminal,bounded_native_c_call_events,370
parity_reassociation_n6,fresh,O-ADD-PORTFOLIO,3,terminal,candidate_publication_events,1
parity_reassociation_n6,fresh,O-ADD-PORTFOLIO,3,terminal,current_receipt_output_bytes,3308
parity_reassociation_n6,fresh,O-ADD-PORTFOLIO,3,terminal,delivery_events,1
parity_reassociation_n6,fresh,O-ADD-PORTFOLIO,3,terminal,observed_python_opcode_events,9983
parity_reassociation_n6,fresh,O-ADD-PORTFOLIO,4,coordination,bounded_native_c_call_events,12
parity_reassociation_n6,fresh,O-ADD-PORTFOLIO,4,coordination,observed_python_opcode_events,855
parity_reassociation_n6,fresh,O-ADD-PORTFOLIO,4,producer_build,bounded_native_c_call_events,2410
parity_reassociation_n6,fresh,O-ADD-PORTFOLIO,4,producer_build,observed_python_opcode_events,58295
parity_reassociation_n6,fresh,O-ADD-PORTFOLIO,4,producer_export,bounded_native_c_call_events,9
parity_reassociation_n6,fresh,O-ADD-PORTFOLIO,4,producer_export,observed_python_opcode_events,1902
parity_reassociation_n6,fresh,O-ADD-PORTFOLIO,4,producer_export,proof_output_bytes,2976
parity_reassociation_n6,fresh,O-ADD-PORTFOLIO,4,producer_input,bounded_native_c_call_events,760
parity_reassociation_n6,fresh,O-ADD-PORTFOLIO,4,producer_input,current_request_bytes,1514
parity_reassociation_n6,fresh,O-ADD-PORTFOLIO,4,producer_input,observed_python_opcode_events,62832
parity_reassociation_n6,fresh,O-ADD-PORTFOLIO,4,producer_storage,bounded_native_c_call_events,560
parity_reassociation_n6,fresh,O-ADD-PORTFOLIO,4,producer_storage,live_serialized_byte_periods,22153
parity_reassociation_n6,fresh,O-ADD-PORTFOLIO,4,producer_storage,observed_python_opcode_events,15606
parity_reassociation_n6,fresh,O-ADD-PORTFOLIO,4,receiver_check,bounded_native_c_call_events,2518
parity_reassociation_n6,fresh,O-ADD-PORTFOLIO,4,receiver_check,observed_python_opcode_events,61845
parity_reassociation_n6,fresh,O-ADD-PORTFOLIO,4,receiver_import,bounded_native_c_call_events,81
parity_reassociation_n6,fresh,O-ADD-PORTFOLIO,4,receiver_import,observed_python_opcode_events,44642
parity_reassociation_n6,fresh,O-ADD-PORTFOLIO,4,receiver_init,bounded_native_c_call_events,156
parity_reassociation_n6,fresh,O-ADD-PORTFOLIO,4,receiver_init,observed_python_opcode_events,34499
parity_reassociation_n6,fresh,O-ADD-PORTFOLIO,4,receiver_input,bounded_native_c_call_events,760
parity_reassociation_n6,fresh,O-ADD-PORTFOLIO,4,receiver_input,current_request_bytes,1514
parity_reassociation_n6,fresh,O-ADD-PORTFOLIO,4,receiver_input,observed_python_opcode_events,62832
parity_reassociation_n6,fresh,O-ADD-PORTFOLIO,4,receiver_input,proof_input_bytes,2976
parity_reassociation_n6,fresh,O-ADD-PORTFOLIO,4,receiver_old_check,bounded_native_c_call_events,8496
parity_reassociation_n6,fresh,O-ADD-PORTFOLIO,4,receiver_old_check,observed_python_opcode_events,494866
parity_reassociation_n6,fresh,O-ADD-PORTFOLIO,4,receiver_old_input,bounded_native_c_call_events,1345
parity_reassociation_n6,fresh,O-ADD-PORTFOLIO,4,receiver_old_input,observed_python_opcode_events,77263
parity_reassociation_n6,fresh,O-ADD-PORTFOLIO,4,receiver_old_input,old_proof_input_bytes,8699
parity_reassociation_n6,fresh,O-ADD-PORTFOLIO,4,receiver_old_input,old_request_bytes,1429
parity_reassociation_n6,fresh,O-ADD-PORTFOLIO,4,receiver_storage,bounded_native_c_call_events,590
parity_reassociation_n6,fresh,O-ADD-PORTFOLIO,4,receiver_storage,live_serialized_byte_periods,37614
parity_reassociation_n6,fresh,O-ADD-PORTFOLIO,4,receiver_storage,observed_python_opcode_events,68136
parity_reassociation_n6,fresh,O-ADD-PORTFOLIO,4,request_encoding,bounded_native_c_call_events,796
parity_reassociation_n6,fresh,O-ADD-PORTFOLIO,4,request_encoding,observed_python_opcode_events,21370
parity_reassociation_n6,fresh,O-ADD-PORTFOLIO,4,terminal,bounded_native_c_call_events,384
parity_reassociation_n6,fresh,O-ADD-PORTFOLIO,4,terminal,candidate_publication_events,1
parity_reassociation_n6,fresh,O-ADD-PORTFOLIO,4,terminal,current_receipt_output_bytes,3319
parity_reassociation_n6,fresh,O-ADD-PORTFOLIO,4,terminal,delivery_events,1
parity_reassociation_n6,fresh,O-ADD-PORTFOLIO,4,terminal,observed_python_opcode_events,10347
parity_reassociation_n6,fresh,O-ADD-PORTFOLIO,5,coordination,bounded_native_c_call_events,12
parity_reassociation_n6,fresh,O-ADD-PORTFOLIO,5,coordination,observed_python_opcode_events,855
parity_reassociation_n6,fresh,O-ADD-PORTFOLIO,5,producer_build,bounded_native_c_call_events,2407
parity_reassociation_n6,fresh,O-ADD-PORTFOLIO,5,producer_build,observed_python_opcode_events,58367
parity_reassociation_n6,fresh,O-ADD-PORTFOLIO,5,producer_export,bounded_native_c_call_events,9
parity_reassociation_n6,fresh,O-ADD-PORTFOLIO,5,producer_export,observed_python_opcode_events,1902
parity_reassociation_n6,fresh,O-ADD-PORTFOLIO,5,producer_export,proof_output_bytes,2988
parity_reassociation_n6,fresh,O-ADD-PORTFOLIO,5,producer_input,bounded_native_c_call_events,774
parity_reassociation_n6,fresh,O-ADD-PORTFOLIO,5,producer_input,current_request_bytes,1526
parity_reassociation_n6,fresh,O-ADD-PORTFOLIO,5,producer_input,observed_python_opcode_events,63519
parity_reassociation_n6,fresh,O-ADD-PORTFOLIO,5,producer_storage,bounded_native_c_call_events,560
parity_reassociation_n6,fresh,O-ADD-PORTFOLIO,5,producer_storage,live_serialized_byte_periods,22185
parity_reassociation_n6,fresh,O-ADD-PORTFOLIO,5,producer_storage,observed_python_opcode_events,15606
parity_reassociation_n6,fresh,O-ADD-PORTFOLIO,5,receiver_check,bounded_native_c_call_events,2509
parity_reassociation_n6,fresh,O-ADD-PORTFOLIO,5,receiver_check,observed_python_opcode_events,61863
parity_reassociation_n6,fresh,O-ADD-PORTFOLIO,5,receiver_import,bounded_native_c_call_events,81
parity_reassociation_n6,fresh,O-ADD-PORTFOLIO,5,receiver_import,observed_python_opcode_events,44806
parity_reassociation_n6,fresh,O-ADD-PORTFOLIO,5,receiver_init,bounded_native_c_call_events,156
parity_reassociation_n6,fresh,O-ADD-PORTFOLIO,5,receiver_init,observed_python_opcode_events,34499
parity_reassociation_n6,fresh,O-ADD-PORTFOLIO,5,receiver_input,bounded_native_c_call_events,774
parity_reassociation_n6,fresh,O-ADD-PORTFOLIO,5,receiver_input,current_request_bytes,1526
parity_reassociation_n6,fresh,O-ADD-PORTFOLIO,5,receiver_input,observed_python_opcode_events,63519
parity_reassociation_n6,fresh,O-ADD-PORTFOLIO,5,receiver_input,proof_input_bytes,2988
parity_reassociation_n6,fresh,O-ADD-PORTFOLIO,5,receiver_old_check,bounded_native_c_call_events,8496
parity_reassociation_n6,fresh,O-ADD-PORTFOLIO,5,receiver_old_check,observed_python_opcode_events,494866
parity_reassociation_n6,fresh,O-ADD-PORTFOLIO,5,receiver_old_input,bounded_native_c_call_events,1345
parity_reassociation_n6,fresh,O-ADD-PORTFOLIO,5,receiver_old_input,observed_python_opcode_events,77263
parity_reassociation_n6,fresh,O-ADD-PORTFOLIO,5,receiver_old_input,old_proof_input_bytes,8699
parity_reassociation_n6,fresh,O-ADD-PORTFOLIO,5,receiver_old_input,old_request_bytes,1429
parity_reassociation_n6,fresh,O-ADD-PORTFOLIO,5,receiver_storage,bounded_native_c_call_events,590
parity_reassociation_n6,fresh,O-ADD-PORTFOLIO,5,receiver_storage,live_serialized_byte_periods,37660
parity_reassociation_n6,fresh,O-ADD-PORTFOLIO,5,receiver_storage,observed_python_opcode_events,68136
parity_reassociation_n6,fresh,O-ADD-PORTFOLIO,5,request_encoding,bounded_native_c_call_events,811
parity_reassociation_n6,fresh,O-ADD-PORTFOLIO,5,request_encoding,observed_python_opcode_events,21712
parity_reassociation_n6,fresh,O-ADD-PORTFOLIO,5,terminal,bounded_native_c_call_events,394
parity_reassociation_n6,fresh,O-ADD-PORTFOLIO,5,terminal,candidate_publication_events,1
parity_reassociation_n6,fresh,O-ADD-PORTFOLIO,5,terminal,current_receipt_output_bytes,3329
parity_reassociation_n6,fresh,O-ADD-PORTFOLIO,5,terminal,delivery_events,1
parity_reassociation_n6,fresh,O-ADD-PORTFOLIO,5,terminal,observed_python_opcode_events,10507
parity_reassociation_n6,fresh,O-ADD-PORTFOLIO,6,coordination,bounded_native_c_call_events,12
parity_reassociation_n6,fresh,O-ADD-PORTFOLIO,6,coordination,observed_python_opcode_events,855
parity_reassociation_n6,fresh,O-ADD-PORTFOLIO,6,producer_build,bounded_native_c_call_events,2426
parity_reassociation_n6,fresh,O-ADD-PORTFOLIO,6,producer_build,observed_python_opcode_events,58693
parity_reassociation_n6,fresh,O-ADD-PORTFOLIO,6,producer_export,bounded_native_c_call_events,9
parity_reassociation_n6,fresh,O-ADD-PORTFOLIO,6,producer_export,observed_python_opcode_events,1902
parity_reassociation_n6,fresh,O-ADD-PORTFOLIO,6,producer_export,proof_output_bytes,3052
parity_reassociation_n6,fresh,O-ADD-PORTFOLIO,6,producer_input,bounded_native_c_call_events,827
parity_reassociation_n6,fresh,O-ADD-PORTFOLIO,6,producer_input,current_request_bytes,1590
parity_reassociation_n6,fresh,O-ADD-PORTFOLIO,6,producer_input,observed_python_opcode_events,65983
parity_reassociation_n6,fresh,O-ADD-PORTFOLIO,6,producer_storage,bounded_native_c_call_events,560
parity_reassociation_n6,fresh,O-ADD-PORTFOLIO,6,producer_storage,live_serialized_byte_periods,22361
parity_reassociation_n6,fresh,O-ADD-PORTFOLIO,6,producer_storage,observed_python_opcode_events,15606
parity_reassociation_n6,fresh,O-ADD-PORTFOLIO,6,receiver_check,bounded_native_c_call_events,2511
parity_reassociation_n6,fresh,O-ADD-PORTFOLIO,6,receiver_check,observed_python_opcode_events,61680
parity_reassociation_n6,fresh,O-ADD-PORTFOLIO,6,receiver_import,bounded_native_c_call_events,81
parity_reassociation_n6,fresh,O-ADD-PORTFOLIO,6,receiver_import,observed_python_opcode_events,45670
parity_reassociation_n6,fresh,O-ADD-PORTFOLIO,6,receiver_init,bounded_native_c_call_events,156
parity_reassociation_n6,fresh,O-ADD-PORTFOLIO,6,receiver_init,observed_python_opcode_events,34499
parity_reassociation_n6,fresh,O-ADD-PORTFOLIO,6,receiver_input,bounded_native_c_call_events,827
parity_reassociation_n6,fresh,O-ADD-PORTFOLIO,6,receiver_input,current_request_bytes,1590
parity_reassociation_n6,fresh,O-ADD-PORTFOLIO,6,receiver_input,observed_python_opcode_events,65983
parity_reassociation_n6,fresh,O-ADD-PORTFOLIO,6,receiver_input,proof_input_bytes,3052
parity_reassociation_n6,fresh,O-ADD-PORTFOLIO,6,receiver_old_check,bounded_native_c_call_events,8496
parity_reassociation_n6,fresh,O-ADD-PORTFOLIO,6,receiver_old_check,observed_python_opcode_events,494866
parity_reassociation_n6,fresh,O-ADD-PORTFOLIO,6,receiver_old_input,bounded_native_c_call_events,1345
parity_reassociation_n6,fresh,O-ADD-PORTFOLIO,6,receiver_old_input,observed_python_opcode_events,77263
parity_reassociation_n6,fresh,O-ADD-PORTFOLIO,6,receiver_old_input,old_proof_input_bytes,8699
parity_reassociation_n6,fresh,O-ADD-PORTFOLIO,6,receiver_old_input,old_request_bytes,1429
parity_reassociation_n6,fresh,O-ADD-PORTFOLIO,6,receiver_storage,bounded_native_c_call_events,590
parity_reassociation_n6,fresh,O-ADD-PORTFOLIO,6,receiver_storage,live_serialized_byte_periods,37924
parity_reassociation_n6,fresh,O-ADD-PORTFOLIO,6,receiver_storage,observed_python_opcode_events,68136
parity_reassociation_n6,fresh,O-ADD-PORTFOLIO,6,request_encoding,bounded_native_c_call_events,830
parity_reassociation_n6,fresh,O-ADD-PORTFOLIO,6,request_encoding,observed_python_opcode_events,22308
parity_reassociation_n6,fresh,O-ADD-PORTFOLIO,6,terminal,bounded_native_c_call_events,428
parity_reassociation_n6,fresh,O-ADD-PORTFOLIO,6,terminal,candidate_publication_events,1
parity_reassociation_n6,fresh,O-ADD-PORTFOLIO,6,terminal,current_receipt_output_bytes,3393
parity_reassociation_n6,fresh,O-ADD-PORTFOLIO,6,terminal,delivery_events,1
parity_reassociation_n6,fresh,O-ADD-PORTFOLIO,6,terminal,observed_python_opcode_events,11384
parity_reassociation_n6,fresh,O-ADD-WARM,1,common_source,bounded_native_c_call_events,457
parity_reassociation_n6,fresh,O-ADD-WARM,1,common_source,observed_python_opcode_events,40257
parity_reassociation_n6,fresh,O-ADD-WARM,1,common_source,source_hash_bytes_prepaid,220827
parity_reassociation_n6,fresh,O-ADD-WARM,1,common_source,source_length_probe_bytes_prepaid,10
parity_reassociation_n6,fresh,O-ADD-WARM,1,common_source,source_program_bytes_prepaid,220827
parity_reassociation_n6,fresh,O-ADD-WARM,1,common_source,source_record_bytes,1487
parity_reassociation_n6,fresh,O-ADD-WARM,1,coordination,bounded_native_c_call_events,10
parity_reassociation_n6,fresh,O-ADD-WARM,1,coordination,observed_python_opcode_events,628
parity_reassociation_n6,fresh,O-ADD-WARM,1,producer_build,bounded_native_c_call_events,7497
parity_reassociation_n6,fresh,O-ADD-WARM,1,producer_build,observed_python_opcode_events,265744
parity_reassociation_n6,fresh,O-ADD-WARM,1,producer_export,bounded_native_c_call_events,8
parity_reassociation_n6,fresh,O-ADD-WARM,1,producer_export,observed_python_opcode_events,260
parity_reassociation_n6,fresh,O-ADD-WARM,1,producer_export,proof_output_bytes,8828
parity_reassociation_n6,fresh,O-ADD-WARM,1,producer_init,bounded_native_c_call_events,19
parity_reassociation_n6,fresh,O-ADD-WARM,1,producer_init,observed_python_opcode_events,853
parity_reassociation_n6,fresh,O-ADD-WARM,1,producer_input,bounded_native_c_call_events,716
parity_reassociation_n6,fresh,O-ADD-WARM,1,producer_input,current_request_bytes,1480
parity_reassociation_n6,fresh,O-ADD-WARM,1,producer_input,observed_python_opcode_events,60567
parity_reassociation_n6,fresh,O-ADD-WARM,1,producer_storage,bounded_native_c_call_events,304
parity_reassociation_n6,fresh,O-ADD-WARM,1,producer_storage,live_serialized_byte_periods,28161
parity_reassociation_n6,fresh,O-ADD-WARM,1,producer_storage,observed_python_opcode_events,109257
parity_reassociation_n6,fresh,O-ADD-WARM,1,receiver_check,bounded_native_c_call_events,8242
parity_reassociation_n6,fresh,O-ADD-WARM,1,receiver_check,observed_python_opcode_events,491631
parity_reassociation_n6,fresh,O-ADD-WARM,1,receiver_init,bounded_native_c_call_events,156
parity_reassociation_n6,fresh,O-ADD-WARM,1,receiver_init,observed_python_opcode_events,34495
parity_reassociation_n6,fresh,O-ADD-WARM,1,receiver_input,bounded_native_c_call_events,716
parity_reassociation_n6,fresh,O-ADD-WARM,1,receiver_input,current_request_bytes,1480
parity_reassociation_n6,fresh,O-ADD-WARM,1,receiver_input,observed_python_opcode_events,60567
parity_reassociation_n6,fresh,O-ADD-WARM,1,receiver_input,proof_input_bytes,8828
parity_reassociation_n6,fresh,O-ADD-WARM,1,receiver_storage,bounded_native_c_call_events,22
parity_reassociation_n6,fresh,O-ADD-WARM,1,receiver_storage,live_serialized_byte_periods,29594
parity_reassociation_n6,fresh,O-ADD-WARM,1,receiver_storage,observed_python_opcode_events,54313
parity_reassociation_n6,fresh,O-ADD-WARM,1,request_encoding,bounded_native_c_call_events,739
parity_reassociation_n6,fresh,O-ADD-WARM,1,request_encoding,observed_python_opcode_events,20060
parity_reassociation_n6,fresh,O-ADD-WARM,1,terminal,bounded_native_c_call_events,338
parity_reassociation_n6,fresh,O-ADD-WARM,1,terminal,candidate_publication_events,1
parity_reassociation_n6,fresh,O-ADD-WARM,1,terminal,current_receipt_output_bytes,3283
parity_reassociation_n6,fresh,O-ADD-WARM,1,terminal,delivery_events,1
parity_reassociation_n6,fresh,O-ADD-WARM,1,terminal,observed_python_opcode_events,9239
parity_reassociation_n6,fresh,O-ADD-WARM,2,coordination,bounded_native_c_call_events,10
parity_reassociation_n6,fresh,O-ADD-WARM,2,coordination,observed_python_opcode_events,592
parity_reassociation_n6,fresh,O-ADD-WARM,2,producer_build,bounded_native_c_call_events,3123
parity_reassociation_n6,fresh,O-ADD-WARM,2,producer_build,observed_python_opcode_events,134814
parity_reassociation_n6,fresh,O-ADD-WARM,2,producer_export,bounded_native_c_call_events,8
parity_reassociation_n6,fresh,O-ADD-WARM,2,producer_export,observed_python_opcode_events,260
parity_reassociation_n6,fresh,O-ADD-WARM,2,producer_export,proof_output_bytes,8946
parity_reassociation_n6,fresh,O-ADD-WARM,2,producer_input,bounded_native_c_call_events,745
parity_reassociation_n6,fresh,O-ADD-WARM,2,producer_input,current_request_bytes,1501
parity_reassociation_n6,fresh,O-ADD-WARM,2,producer_input,observed_python_opcode_events,61950
parity_reassociation_n6,fresh,O-ADD-WARM,2,producer_storage,bounded_native_c_call_events,310
parity_reassociation_n6,fresh,O-ADD-WARM,2,producer_storage,live_serialized_byte_periods,28530
parity_reassociation_n6,fresh,O-ADD-WARM,2,producer_storage,observed_python_opcode_events,111630
parity_reassociation_n6,fresh,O-ADD-WARM,2,receiver_check,bounded_native_c_call_events,8474
parity_reassociation_n6,fresh,O-ADD-WARM,2,receiver_check,observed_python_opcode_events,501355
parity_reassociation_n6,fresh,O-ADD-WARM,2,receiver_init,bounded_native_c_call_events,156
parity_reassociation_n6,fresh,O-ADD-WARM,2,receiver_init,observed_python_opcode_events,34495
parity_reassociation_n6,fresh,O-ADD-WARM,2,receiver_input,bounded_native_c_call_events,745
parity_reassociation_n6,fresh,O-ADD-WARM,2,receiver_input,current_request_bytes,1501
parity_reassociation_n6,fresh,O-ADD-WARM,2,receiver_input,observed_python_opcode_events,61950
parity_reassociation_n6,fresh,O-ADD-WARM,2,receiver_input,proof_input_bytes,8946
parity_reassociation_n6,fresh,O-ADD-WARM,2,receiver_storage,bounded_native_c_call_events,22
parity_reassociation_n6,fresh,O-ADD-WARM,2,receiver_storage,live_serialized_byte_periods,29924
parity_reassociation_n6,fresh,O-ADD-WARM,2,receiver_storage,observed_python_opcode_events,55298
parity_reassociation_n6,fresh,O-ADD-WARM,2,request_encoding,bounded_native_c_call_events,775
parity_reassociation_n6,fresh,O-ADD-WARM,2,request_encoding,observed_python_opcode_events,20870
parity_reassociation_n6,fresh,O-ADD-WARM,2,terminal,bounded_native_c_call_events,370
parity_reassociation_n6,fresh,O-ADD-WARM,2,terminal,candidate_publication_events,1
parity_reassociation_n6,fresh,O-ADD-WARM,2,terminal,current_receipt_output_bytes,3304
parity_reassociation_n6,fresh,O-ADD-WARM,2,terminal,delivery_events,1
parity_reassociation_n6,fresh,O-ADD-WARM,2,terminal,observed_python_opcode_events,9983
parity_reassociation_n6,fresh,O-ADD-WARM,3,coordination,bounded_native_c_call_events,10
parity_reassociation_n6,fresh,O-ADD-WARM,3,coordination,observed_python_opcode_events,592
parity_reassociation_n6,fresh,O-ADD-WARM,3,producer_build,bounded_native_c_call_events,3483
parity_reassociation_n6,fresh,O-ADD-WARM,3,producer_build,observed_python_opcode_events,143690
parity_reassociation_n6,fresh,O-ADD-WARM,3,producer_export,bounded_native_c_call_events,8
parity_reassociation_n6,fresh,O-ADD-WARM,3,producer_export,observed_python_opcode_events,260
parity_reassociation_n6,fresh,O-ADD-WARM,3,producer_export,proof_output_bytes,9191
parity_reassociation_n6,fresh,O-ADD-WARM,3,producer_input,bounded_native_c_call_events,745
parity_reassociation_n6,fresh,O-ADD-WARM,3,producer_input,current_request_bytes,1505
parity_reassociation_n6,fresh,O-ADD-WARM,3,producer_input,observed_python_opcode_events,62070
parity_reassociation_n6,fresh,O-ADD-WARM,3,producer_storage,bounded_native_c_call_events,336
parity_reassociation_n6,fresh,O-ADD-WARM,3,producer_storage,live_serialized_byte_periods,29329
parity_reassociation_n6,fresh,O-ADD-WARM,3,producer_storage,observed_python_opcode_events,118036
parity_reassociation_n6,fresh,O-ADD-WARM,3,receiver_check,bounded_native_c_call_events,8947
parity_reassociation_n6,fresh,O-ADD-WARM,3,receiver_check,observed_python_opcode_events,521243
parity_reassociation_n6,fresh,O-ADD-WARM,3,receiver_init,bounded_native_c_call_events,156
parity_reassociation_n6,fresh,O-ADD-WARM,3,receiver_init,observed_python_opcode_events,34495
parity_reassociation_n6,fresh,O-ADD-WARM,3,receiver_input,bounded_native_c_call_events,745
parity_reassociation_n6,fresh,O-ADD-WARM,3,receiver_input,current_request_bytes,1505
parity_reassociation_n6,fresh,O-ADD-WARM,3,receiver_input,observed_python_opcode_events,62070
parity_reassociation_n6,fresh,O-ADD-WARM,3,receiver_input,proof_input_bytes,9191
parity_reassociation_n6,fresh,O-ADD-WARM,3,receiver_storage,bounded_native_c_call_events,22
parity_reassociation_n6,fresh,O-ADD-WARM,3,receiver_storage,live_serialized_byte_periods,30527
parity_reassociation_n6,fresh,O-ADD-WARM,3,receiver_storage,observed_python_opcode_events,58881
parity_reassociation_n6,fresh,O-ADD-WARM,3,request_encoding,bounded_native_c_call_events,775
parity_reassociation_n6,fresh,O-ADD-WARM,3,request_encoding,observed_python_opcode_events,20870
parity_reassociation_n6,fresh,O-ADD-WARM,3,terminal,bounded_native_c_call_events,370
parity_reassociation_n6,fresh,O-ADD-WARM,3,terminal,candidate_publication_events,1
parity_reassociation_n6,fresh,O-ADD-WARM,3,terminal,current_receipt_output_bytes,3308
parity_reassociation_n6,fresh,O-ADD-WARM,3,terminal,delivery_events,1
parity_reassociation_n6,fresh,O-ADD-WARM,3,terminal,observed_python_opcode_events,9983
parity_reassociation_n6,fresh,O-ADD-WARM,4,coordination,bounded_native_c_call_events,10
parity_reassociation_n6,fresh,O-ADD-WARM,4,coordination,observed_python_opcode_events,592
parity_reassociation_n6,fresh,O-ADD-WARM,4,producer_build,bounded_native_c_call_events,3423
parity_reassociation_n6,fresh,O-ADD-WARM,4,producer_build,observed_python_opcode_events,143418
parity_reassociation_n6,fresh,O-ADD-WARM,4,producer_export,bounded_native_c_call_events,8
parity_reassociation_n6,fresh,O-ADD-WARM,4,producer_export,observed_python_opcode_events,260
parity_reassociation_n6,fresh,O-ADD-WARM,4,producer_export,proof_output_bytes,9357
parity_reassociation_n6,fresh,O-ADD-WARM,4,producer_input,bounded_native_c_call_events,760
parity_reassociation_n6,fresh,O-ADD-WARM,4,producer_input,current_request_bytes,1514
parity_reassociation_n6,fresh,O-ADD-WARM,4,producer_input,observed_python_opcode_events,62832
parity_reassociation_n6,fresh,O-ADD-WARM,4,producer_storage,bounded_native_c_call_events,356
parity_reassociation_n6,fresh,O-ADD-WARM,4,producer_storage,live_serialized_byte_periods,29872
parity_reassociation_n6,fresh,O-ADD-WARM,4,producer_storage,observed_python_opcode_events,122245
parity_reassociation_n6,fresh,O-ADD-WARM,4,receiver_check,bounded_native_c_call_events,9281
parity_reassociation_n6,fresh,O-ADD-WARM,4,receiver_check,observed_python_opcode_events,534539
parity_reassociation_n6,fresh,O-ADD-WARM,4,receiver_init,bounded_native_c_call_events,156
parity_reassociation_n6,fresh,O-ADD-WARM,4,receiver_init,observed_python_opcode_events,34495
parity_reassociation_n6,fresh,O-ADD-WARM,4,receiver_input,bounded_native_c_call_events,760
parity_reassociation_n6,fresh,O-ADD-WARM,4,receiver_input,current_request_bytes,1514
parity_reassociation_n6,fresh,O-ADD-WARM,4,receiver_input,observed_python_opcode_events,62832
parity_reassociation_n6,fresh,O-ADD-WARM,4,receiver_input,proof_input_bytes,9357
parity_reassociation_n6,fresh,O-ADD-WARM,4,receiver_storage,bounded_native_c_call_events,22
parity_reassociation_n6,fresh,O-ADD-WARM,4,receiver_storage,live_serialized_byte_periods,30965
parity_reassociation_n6,fresh,O-ADD-WARM,4,receiver_storage,observed_python_opcode_events,61357
parity_reassociation_n6,fresh,O-ADD-WARM,4,request_encoding,bounded_native_c_call_events,796
parity_reassociation_n6,fresh,O-ADD-WARM,4,request_encoding,observed_python_opcode_events,21370
parity_reassociation_n6,fresh,O-ADD-WARM,4,terminal,bounded_native_c_call_events,384
parity_reassociation_n6,fresh,O-ADD-WARM,4,terminal,candidate_publication_events,1
parity_reassociation_n6,fresh,O-ADD-WARM,4,terminal,current_receipt_output_bytes,3319
parity_reassociation_n6,fresh,O-ADD-WARM,4,terminal,delivery_events,1
parity_reassociation_n6,fresh,O-ADD-WARM,4,terminal,observed_python_opcode_events,10347
parity_reassociation_n6,fresh,O-ADD-WARM,5,coordination,bounded_native_c_call_events,10
parity_reassociation_n6,fresh,O-ADD-WARM,5,coordination,observed_python_opcode_events,592
parity_reassociation_n6,fresh,O-ADD-WARM,5,producer_build,bounded_native_c_call_events,3736
parity_reassociation_n6,fresh,O-ADD-WARM,5,producer_build,observed_python_opcode_events,154571
parity_reassociation_n6,fresh,O-ADD-WARM,5,producer_export,bounded_native_c_call_events,8
parity_reassociation_n6,fresh,O-ADD-WARM,5,producer_export,observed_python_opcode_events,260
parity_reassociation_n6,fresh,O-ADD-WARM,5,producer_export,proof_output_bytes,9735
parity_reassociation_n6,fresh,O-ADD-WARM,5,producer_input,bounded_native_c_call_events,774
parity_reassociation_n6,fresh,O-ADD-WARM,5,producer_input,current_request_bytes,1526
parity_reassociation_n6,fresh,O-ADD-WARM,5,producer_input,observed_python_opcode_events,63519
parity_reassociation_n6,fresh,O-ADD-WARM,5,producer_storage,bounded_native_c_call_events,388
parity_reassociation_n6,fresh,O-ADD-WARM,5,producer_storage,live_serialized_byte_periods,31116
parity_reassociation_n6,fresh,O-ADD-WARM,5,producer_storage,observed_python_opcode_events,131398
parity_reassociation_n6,fresh,O-ADD-WARM,5,receiver_check,bounded_native_c_call_events,9958
parity_reassociation_n6,fresh,O-ADD-WARM,5,receiver_check,observed_python_opcode_events,564513
parity_reassociation_n6,fresh,O-ADD-WARM,5,receiver_init,bounded_native_c_call_events,156
parity_reassociation_n6,fresh,O-ADD-WARM,5,receiver_init,observed_python_opcode_events,34495
parity_reassociation_n6,fresh,O-ADD-WARM,5,receiver_input,bounded_native_c_call_events,774
parity_reassociation_n6,fresh,O-ADD-WARM,5,receiver_input,current_request_bytes,1526
parity_reassociation_n6,fresh,O-ADD-WARM,5,receiver_input,observed_python_opcode_events,63519
parity_reassociation_n6,fresh,O-ADD-WARM,5,receiver_input,proof_input_bytes,9735
parity_reassociation_n6,fresh,O-ADD-WARM,5,receiver_storage,bounded_native_c_call_events,22
parity_reassociation_n6,fresh,O-ADD-WARM,5,receiver_storage,live_serialized_byte_periods,31935
parity_reassociation_n6,fresh,O-ADD-WARM,5,receiver_storage,observed_python_opcode_events,66517
parity_reassociation_n6,fresh,O-ADD-WARM,5,request_encoding,bounded_native_c_call_events,811
parity_reassociation_n6,fresh,O-ADD-WARM,5,request_encoding,observed_python_opcode_events,21712
parity_reassociation_n6,fresh,O-ADD-WARM,5,terminal,bounded_native_c_call_events,394
parity_reassociation_n6,fresh,O-ADD-WARM,5,terminal,candidate_publication_events,1
parity_reassociation_n6,fresh,O-ADD-WARM,5,terminal,current_receipt_output_bytes,3329
parity_reassociation_n6,fresh,O-ADD-WARM,5,terminal,delivery_events,1
parity_reassociation_n6,fresh,O-ADD-WARM,5,terminal,observed_python_opcode_events,10507
parity_reassociation_n6,fresh,O-ADD-WARM,6,coordination,bounded_native_c_call_events,10
parity_reassociation_n6,fresh,O-ADD-WARM,6,coordination,observed_python_opcode_events,592
parity_reassociation_n6,fresh,O-ADD-WARM,6,producer_build,bounded_native_c_call_events,3966
parity_reassociation_n6,fresh,O-ADD-WARM,6,producer_build,observed_python_opcode_events,161184
parity_reassociation_n6,fresh,O-ADD-WARM,6,producer_export,bounded_native_c_call_events,8
parity_reassociation_n6,fresh,O-ADD-WARM,6,producer_export,observed_python_opcode_events,260
parity_reassociation_n6,fresh,O-ADD-WARM,6,producer_export,proof_output_bytes,10092
parity_reassociation_n6,fresh,O-ADD-WARM,6,producer_input,bounded_native_c_call_events,827
parity_reassociation_n6,fresh,O-ADD-WARM,6,producer_input,current_request_bytes,1590
parity_reassociation_n6,fresh,O-ADD-WARM,6,producer_input,observed_python_opcode_events,65983
parity_reassociation_n6,fresh,O-ADD-WARM,6,producer_storage,bounded_native_c_call_events,394
parity_reassociation_n6,fresh,O-ADD-WARM,6,producer_storage,live_serialized_byte_periods,32252
parity_reassociation_n6,fresh,O-ADD-WARM,6,producer_storage,observed_python_opcode_events,138635
parity_reassociation_n6,fresh,O-ADD-WARM,6,receiver_check,bounded_native_c_call_events,10600
parity_reassociation_n6,fresh,O-ADD-WARM,6,receiver_check,observed_python_opcode_events,591754
parity_reassociation_n6,fresh,O-ADD-WARM,6,receiver_init,bounded_native_c_call_events,156
parity_reassociation_n6,fresh,O-ADD-WARM,6,receiver_init,observed_python_opcode_events,34495
parity_reassociation_n6,fresh,O-ADD-WARM,6,receiver_input,bounded_native_c_call_events,827
parity_reassociation_n6,fresh,O-ADD-WARM,6,receiver_input,current_request_bytes,1590
parity_reassociation_n6,fresh,O-ADD-WARM,6,receiver_input,observed_python_opcode_events,65983
parity_reassociation_n6,fresh,O-ADD-WARM,6,receiver_input,proof_input_bytes,10092
parity_reassociation_n6,fresh,O-ADD-WARM,6,receiver_storage,bounded_native_c_call_events,22
parity_reassociation_n6,fresh,O-ADD-WARM,6,receiver_storage,live_serialized_byte_periods,32993
parity_reassociation_n6,fresh,O-ADD-WARM,6,receiver_storage,observed_python_opcode_events,70652
parity_reassociation_n6,fresh,O-ADD-WARM,6,request_encoding,bounded_native_c_call_events,830
parity_reassociation_n6,fresh,O-ADD-WARM,6,request_encoding,observed_python_opcode_events,22308
parity_reassociation_n6,fresh,O-ADD-WARM,6,terminal,bounded_native_c_call_events,428
parity_reassociation_n6,fresh,O-ADD-WARM,6,terminal,candidate_publication_events,1
parity_reassociation_n6,fresh,O-ADD-WARM,6,terminal,current_receipt_output_bytes,3393
parity_reassociation_n6,fresh,O-ADD-WARM,6,terminal,delivery_events,1
parity_reassociation_n6,fresh,O-ADD-WARM,6,terminal,observed_python_opcode_events,11384
parity_reassociation_n6,fresh,O-ADD-WARM-PRUNED,1,common_source,bounded_native_c_call_events,457
parity_reassociation_n6,fresh,O-ADD-WARM-PRUNED,1,common_source,observed_python_opcode_events,40257
parity_reassociation_n6,fresh,O-ADD-WARM-PRUNED,1,common_source,source_hash_bytes_prepaid,220827
parity_reassociation_n6,fresh,O-ADD-WARM-PRUNED,1,common_source,source_length_probe_bytes_prepaid,10
parity_reassociation_n6,fresh,O-ADD-WARM-PRUNED,1,common_source,source_program_bytes_prepaid,220827
parity_reassociation_n6,fresh,O-ADD-WARM-PRUNED,1,common_source,source_record_bytes,1487
parity_reassociation_n6,fresh,O-ADD-WARM-PRUNED,1,coordination,bounded_native_c_call_events,10
parity_reassociation_n6,fresh,O-ADD-WARM-PRUNED,1,coordination,observed_python_opcode_events,576
parity_reassociation_n6,fresh,O-ADD-WARM-PRUNED,1,producer_build,bounded_native_c_call_events,7497
parity_reassociation_n6,fresh,O-ADD-WARM-PRUNED,1,producer_build,observed_python_opcode_events,265744
parity_reassociation_n6,fresh,O-ADD-WARM-PRUNED,1,producer_export,bounded_native_c_call_events,8
parity_reassociation_n6,fresh,O-ADD-WARM-PRUNED,1,producer_export,observed_python_opcode_events,261
parity_reassociation_n6,fresh,O-ADD-WARM-PRUNED,1,producer_export,proof_output_bytes,8828
parity_reassociation_n6,fresh,O-ADD-WARM-PRUNED,1,producer_init,bounded_native_c_call_events,19
parity_reassociation_n6,fresh,O-ADD-WARM-PRUNED,1,producer_init,observed_python_opcode_events,853
parity_reassociation_n6,fresh,O-ADD-WARM-PRUNED,1,producer_input,bounded_native_c_call_events,716
parity_reassociation_n6,fresh,O-ADD-WARM-PRUNED,1,producer_input,current_request_bytes,1480
parity_reassociation_n6,fresh,O-ADD-WARM-PRUNED,1,producer_input,observed_python_opcode_events,60568
parity_reassociation_n6,fresh,O-ADD-WARM-PRUNED,1,producer_prune,bounded_native_c_call_events,10592
parity_reassociation_n6,fresh,O-ADD-WARM-PRUNED,1,producer_prune,observed_python_opcode_events,417879
parity_reassociation_n6,fresh,O-ADD-WARM-PRUNED,1,producer_storage,bounded_native_c_call_events,304
parity_reassociation_n6,fresh,O-ADD-WARM-PRUNED,1,producer_storage,live_serialized_byte_periods,28196
parity_reassociation_n6,fresh,O-ADD-WARM-PRUNED,1,producer_storage,observed_python_opcode_events,109309
parity_reassociation_n6,fresh,O-ADD-WARM-PRUNED,1,receiver_check,bounded_native_c_call_events,8242
parity_reassociation_n6,fresh,O-ADD-WARM-PRUNED,1,receiver_check,observed_python_opcode_events,491631
parity_reassociation_n6,fresh,O-ADD-WARM-PRUNED,1,receiver_init,bounded_native_c_call_events,156
parity_reassociation_n6,fresh,O-ADD-WARM-PRUNED,1,receiver_init,observed_python_opcode_events,34495
parity_reassociation_n6,fresh,O-ADD-WARM-PRUNED,1,receiver_input,bounded_native_c_call_events,716
parity_reassociation_n6,fresh,O-ADD-WARM-PRUNED,1,receiver_input,current_request_bytes,1480
parity_reassociation_n6,fresh,O-ADD-WARM-PRUNED,1,receiver_input,observed_python_opcode_events,60568
parity_reassociation_n6,fresh,O-ADD-WARM-PRUNED,1,receiver_input,proof_input_bytes,8828
parity_reassociation_n6,fresh,O-ADD-WARM-PRUNED,1,receiver_storage,bounded_native_c_call_events,22
parity_reassociation_n6,fresh,O-ADD-WARM-PRUNED,1,receiver_storage,live_serialized_byte_periods,29594
parity_reassociation_n6,fresh,O-ADD-WARM-PRUNED,1,receiver_storage,observed_python_opcode_events,54313
parity_reassociation_n6,fresh,O-ADD-WARM-PRUNED,1,request_encoding,bounded_native_c_call_events,739
parity_reassociation_n6,fresh,O-ADD-WARM-PRUNED,1,request_encoding,observed_python_opcode_events,20061
parity_reassociation_n6,fresh,O-ADD-WARM-PRUNED,1,terminal,bounded_native_c_call_events,338
parity_reassociation_n6,fresh,O-ADD-WARM-PRUNED,1,terminal,candidate_publication_events,1
parity_reassociation_n6,fresh,O-ADD-WARM-PRUNED,1,terminal,current_receipt_output_bytes,3283
parity_reassociation_n6,fresh,O-ADD-WARM-PRUNED,1,terminal,delivery_events,1
parity_reassociation_n6,fresh,O-ADD-WARM-PRUNED,1,terminal,observed_python_opcode_events,9241
parity_reassociation_n6,fresh,O-ADD-WARM-PRUNED,2,coordination,bounded_native_c_call_events,10
parity_reassociation_n6,fresh,O-ADD-WARM-PRUNED,2,coordination,observed_python_opcode_events,540
parity_reassociation_n6,fresh,O-ADD-WARM-PRUNED,2,producer_build,bounded_native_c_call_events,3123
parity_reassociation_n6,fresh,O-ADD-WARM-PRUNED,2,producer_build,observed_python_opcode_events,134814
parity_reassociation_n6,fresh,O-ADD-WARM-PRUNED,2,producer_export,bounded_native_c_call_events,8
parity_reassociation_n6,fresh,O-ADD-WARM-PRUNED,2,producer_export,observed_python_opcode_events,261
parity_reassociation_n6,fresh,O-ADD-WARM-PRUNED,2,producer_export,proof_output_bytes,8877
parity_reassociation_n6,fresh,O-ADD-WARM-PRUNED,2,producer_input,bounded_native_c_call_events,745
parity_reassociation_n6,fresh,O-ADD-WARM-PRUNED,2,producer_input,current_request_bytes,1501
parity_reassociation_n6,fresh,O-ADD-WARM-PRUNED,2,producer_input,observed_python_opcode_events,61951
parity_reassociation_n6,fresh,O-ADD-WARM-PRUNED,2,producer_prune,bounded_native_c_call_events,10786
parity_reassociation_n6,fresh,O-ADD-WARM-PRUNED,2,producer_prune,observed_python_opcode_events,424301
parity_reassociation_n6,fresh,O-ADD-WARM-PRUNED,2,producer_storage,bounded_native_c_call_events,310
parity_reassociation_n6,fresh,O-ADD-WARM-PRUNED,2,producer_storage,live_serialized_byte_periods,28486
parity_reassociation_n6,fresh,O-ADD-WARM-PRUNED,2,producer_storage,observed_python_opcode_events,111682
parity_reassociation_n6,fresh,O-ADD-WARM-PRUNED,2,receiver_check,bounded_native_c_call_events,8343
parity_reassociation_n6,fresh,O-ADD-WARM-PRUNED,2,receiver_check,observed_python_opcode_events,495715
parity_reassociation_n6,fresh,O-ADD-WARM-PRUNED,2,receiver_init,bounded_native_c_call_events,156
parity_reassociation_n6,fresh,O-ADD-WARM-PRUNED,2,receiver_init,observed_python_opcode_events,34495
parity_reassociation_n6,fresh,O-ADD-WARM-PRUNED,2,receiver_input,bounded_native_c_call_events,745
parity_reassociation_n6,fresh,O-ADD-WARM-PRUNED,2,receiver_input,current_request_bytes,1501
parity_reassociation_n6,fresh,O-ADD-WARM-PRUNED,2,receiver_input,observed_python_opcode_events,61951
parity_reassociation_n6,fresh,O-ADD-WARM-PRUNED,2,receiver_input,proof_input_bytes,8877
parity_reassociation_n6,fresh,O-ADD-WARM-PRUNED,2,receiver_storage,bounded_native_c_call_events,22
parity_reassociation_n6,fresh,O-ADD-WARM-PRUNED,2,receiver_storage,live_serialized_byte_periods,29776
parity_reassociation_n6,fresh,O-ADD-WARM-PRUNED,2,receiver_storage,observed_python_opcode_events,54428
parity_reassociation_n6,fresh,O-ADD-WARM-PRUNED,2,request_encoding,bounded_native_c_call_events,775
parity_reassociation_n6,fresh,O-ADD-WARM-PRUNED,2,request_encoding,observed_python_opcode_events,20871
parity_reassociation_n6,fresh,O-ADD-WARM-PRUNED,2,terminal,bounded_native_c_call_events,370
parity_reassociation_n6,fresh,O-ADD-WARM-PRUNED,2,terminal,candidate_publication_events,1
parity_reassociation_n6,fresh,O-ADD-WARM-PRUNED,2,terminal,current_receipt_output_bytes,3304
parity_reassociation_n6,fresh,O-ADD-WARM-PRUNED,2,terminal,delivery_events,1
parity_reassociation_n6,fresh,O-ADD-WARM-PRUNED,2,terminal,observed_python_opcode_events,9985
parity_reassociation_n6,fresh,O-ADD-WARM-PRUNED,3,coordination,bounded_native_c_call_events,10
parity_reassociation_n6,fresh,O-ADD-WARM-PRUNED,3,coordination,observed_python_opcode_events,540
parity_reassociation_n6,fresh,O-ADD-WARM-PRUNED,3,producer_build,bounded_native_c_call_events,3483
parity_reassociation_n6,fresh,O-ADD-WARM-PRUNED,3,producer_build,observed_python_opcode_events,143690
parity_reassociation_n6,fresh,O-ADD-WARM-PRUNED,3,producer_export,bounded_native_c_call_events,8
parity_reassociation_n6,fresh,O-ADD-WARM-PRUNED,3,producer_export,observed_python_opcode_events,261
parity_reassociation_n6,fresh,O-ADD-WARM-PRUNED,3,producer_export,proof_output_bytes,8967
parity_reassociation_n6,fresh,O-ADD-WARM-PRUNED,3,producer_input,bounded_native_c_call_events,745
parity_reassociation_n6,fresh,O-ADD-WARM-PRUNED,3,producer_input,current_request_bytes,1505
parity_reassociation_n6,fresh,O-ADD-WARM-PRUNED,3,producer_input,observed_python_opcode_events,62071
parity_reassociation_n6,fresh,O-ADD-WARM-PRUNED,3,producer_prune,bounded_native_c_call_events,11113
parity_reassociation_n6,fresh,O-ADD-WARM-PRUNED,3,producer_prune,observed_python_opcode_events,436346
parity_reassociation_n6,fresh,O-ADD-WARM-PRUNED,3,producer_storage,bounded_native_c_call_events,336
parity_reassociation_n6,fresh,O-ADD-WARM-PRUNED,3,producer_storage,live_serialized_byte_periods,29102
parity_reassociation_n6,fresh,O-ADD-WARM-PRUNED,3,producer_storage,observed_python_opcode_events,118088
parity_reassociation_n6,fresh,O-ADD-WARM-PRUNED,3,receiver_check,bounded_native_c_call_events,8516
parity_reassociation_n6,fresh,O-ADD-WARM-PRUNED,3,receiver_check,observed_python_opcode_events,502642
parity_reassociation_n6,fresh,O-ADD-WARM-PRUNED,3,receiver_init,bounded_native_c_call_events,156
parity_reassociation_n6,fresh,O-ADD-WARM-PRUNED,3,receiver_init,observed_python_opcode_events,34495
parity_reassociation_n6,fresh,O-ADD-WARM-PRUNED,3,receiver_input,bounded_native_c_call_events,745
parity_reassociation_n6,fresh,O-ADD-WARM-PRUNED,3,receiver_input,current_request_bytes,1505
parity_reassociation_n6,fresh,O-ADD-WARM-PRUNED,3,receiver_input,observed_python_opcode_events,62071
parity_reassociation_n6,fresh,O-ADD-WARM-PRUNED,3,receiver_input,proof_input_bytes,8967
parity_reassociation_n6,fresh,O-ADD-WARM-PRUNED,3,receiver_storage,bounded_native_c_call_events,22
parity_reassociation_n6,fresh,O-ADD-WARM-PRUNED,3,receiver_storage,live_serialized_byte_periods,30017
parity_reassociation_n6,fresh,O-ADD-WARM-PRUNED,3,receiver_storage,observed_python_opcode_events,56034
parity_reassociation_n6,fresh,O-ADD-WARM-PRUNED,3,request_encoding,bounded_native_c_call_events,775
parity_reassociation_n6,fresh,O-ADD-WARM-PRUNED,3,request_encoding,observed_python_opcode_events,20871
parity_reassociation_n6,fresh,O-ADD-WARM-PRUNED,3,terminal,bounded_native_c_call_events,370
parity_reassociation_n6,fresh,O-ADD-WARM-PRUNED,3,terminal,candidate_publication_events,1
parity_reassociation_n6,fresh,O-ADD-WARM-PRUNED,3,terminal,current_receipt_output_bytes,3308
parity_reassociation_n6,fresh,O-ADD-WARM-PRUNED,3,terminal,delivery_events,1
parity_reassociation_n6,fresh,O-ADD-WARM-PRUNED,3,terminal,observed_python_opcode_events,9985
parity_reassociation_n6,fresh,O-ADD-WARM-PRUNED,4,coordination,bounded_native_c_call_events,10
parity_reassociation_n6,fresh,O-ADD-WARM-PRUNED,4,coordination,observed_python_opcode_events,540
parity_reassociation_n6,fresh,O-ADD-WARM-PRUNED,4,producer_build,bounded_native_c_call_events,3423
parity_reassociation_n6,fresh,O-ADD-WARM-PRUNED,4,producer_build,observed_python_opcode_events,143418
parity_reassociation_n6,fresh,O-ADD-WARM-PRUNED,4,producer_export,bounded_native_c_call_events,8
parity_reassociation_n6,fresh,O-ADD-WARM-PRUNED,4,producer_export,observed_python_opcode_events,261
parity_reassociation_n6,fresh,O-ADD-WARM-PRUNED,4,producer_export,proof_output_bytes,8894
parity_reassociation_n6,fresh,O-ADD-WARM-PRUNED,4,producer_input,bounded_native_c_call_events,760
parity_reassociation_n6,fresh,O-ADD-WARM-PRUNED,4,producer_input,current_request_bytes,1514
parity_reassociation_n6,fresh,O-ADD-WARM-PRUNED,4,producer_input,observed_python_opcode_events,62833
parity_reassociation_n6,fresh,O-ADD-WARM-PRUNED,4,producer_prune,bounded_native_c_call_events,11126
parity_reassociation_n6,fresh,O-ADD-WARM-PRUNED,4,producer_prune,observed_python_opcode_events,436412
parity_reassociation_n6,fresh,O-ADD-WARM-PRUNED,4,producer_storage,bounded_native_c_call_events,356
parity_reassociation_n6,fresh,O-ADD-WARM-PRUNED,4,producer_storage,live_serialized_byte_periods,29366
parity_reassociation_n6,fresh,O-ADD-WARM-PRUNED,4,producer_storage,observed_python_opcode_events,122297
parity_reassociation_n6,fresh,O-ADD-WARM-PRUNED,4,receiver_check,bounded_native_c_call_events,8377
parity_reassociation_n6,fresh,O-ADD-WARM-PRUNED,4,receiver_check,observed_python_opcode_events,496157
parity_reassociation_n6,fresh,O-ADD-WARM-PRUNED,4,receiver_init,bounded_native_c_call_events,156
parity_reassociation_n6,fresh,O-ADD-WARM-PRUNED,4,receiver_init,observed_python_opcode_events,34495
parity_reassociation_n6,fresh,O-ADD-WARM-PRUNED,4,receiver_input,bounded_native_c_call_events,760
parity_reassociation_n6,fresh,O-ADD-WARM-PRUNED,4,receiver_input,current_request_bytes,1514
parity_reassociation_n6,fresh,O-ADD-WARM-PRUNED,4,receiver_input,observed_python_opcode_events,62833
parity_reassociation_n6,fresh,O-ADD-WARM-PRUNED,4,receiver_input,proof_input_bytes,8894
parity_reassociation_n6,fresh,O-ADD-WARM-PRUNED,4,receiver_storage,bounded_native_c_call_events,22
parity_reassociation_n6,fresh,O-ADD-WARM-PRUNED,4,receiver_storage,live_serialized_byte_periods,29870
parity_reassociation_n6,fresh,O-ADD-WARM-PRUNED,4,receiver_storage,observed_python_opcode_events,54927
parity_reassociation_n6,fresh,O-ADD-WARM-PRUNED,4,request_encoding,bounded_native_c_call_events,796
parity_reassociation_n6,fresh,O-ADD-WARM-PRUNED,4,request_encoding,observed_python_opcode_events,21371
parity_reassociation_n6,fresh,O-ADD-WARM-PRUNED,4,terminal,bounded_native_c_call_events,384
parity_reassociation_n6,fresh,O-ADD-WARM-PRUNED,4,terminal,candidate_publication_events,1
parity_reassociation_n6,fresh,O-ADD-WARM-PRUNED,4,terminal,current_receipt_output_bytes,3319
parity_reassociation_n6,fresh,O-ADD-WARM-PRUNED,4,terminal,delivery_events,1
parity_reassociation_n6,fresh,O-ADD-WARM-PRUNED,4,terminal,observed_python_opcode_events,10349
parity_reassociation_n6,fresh,O-ADD-WARM-PRUNED,5,coordination,bounded_native_c_call_events,10
parity_reassociation_n6,fresh,O-ADD-WARM-PRUNED,5,coordination,observed_python_opcode_events,540
parity_reassociation_n6,fresh,O-ADD-WARM-PRUNED,5,producer_build,bounded_native_c_call_events,3736
parity_reassociation_n6,fresh,O-ADD-WARM-PRUNED,5,producer_build,observed_python_opcode_events,154571
parity_reassociation_n6,fresh,O-ADD-WARM-PRUNED,5,producer_export,bounded_native_c_call_events,8
parity_reassociation_n6,fresh,O-ADD-WARM-PRUNED,5,producer_export,observed_python_opcode_events,261
parity_reassociation_n6,fresh,O-ADD-WARM-PRUNED,5,producer_export,proof_output_bytes,9127
parity_reassociation_n6,fresh,O-ADD-WARM-PRUNED,5,producer_input,bounded_native_c_call_events,774
parity_reassociation_n6,fresh,O-ADD-WARM-PRUNED,5,producer_input,current_request_bytes,1526
parity_reassociation_n6,fresh,O-ADD-WARM-PRUNED,5,producer_input,observed_python_opcode_events,63520
parity_reassociation_n6,fresh,O-ADD-WARM-PRUNED,5,producer_prune,bounded_native_c_call_events,11751
parity_reassociation_n6,fresh,O-ADD-WARM-PRUNED,5,producer_prune,observed_python_opcode_events,460073
parity_reassociation_n6,fresh,O-ADD-WARM-PRUNED,5,producer_storage,bounded_native_c_call_events,388
parity_reassociation_n6,fresh,O-ADD-WARM-PRUNED,5,producer_storage,live_serialized_byte_periods,30445
parity_reassociation_n6,fresh,O-ADD-WARM-PRUNED,5,producer_storage,observed_python_opcode_events,131450
parity_reassociation_n6,fresh,O-ADD-WARM-PRUNED,5,receiver_check,bounded_native_c_call_events,8761
parity_reassociation_n6,fresh,O-ADD-WARM-PRUNED,5,receiver_check,observed_python_opcode_events,514393
parity_reassociation_n6,fresh,O-ADD-WARM-PRUNED,5,receiver_init,bounded_native_c_call_events,156
parity_reassociation_n6,fresh,O-ADD-WARM-PRUNED,5,receiver_init,observed_python_opcode_events,34495
parity_reassociation_n6,fresh,O-ADD-WARM-PRUNED,5,receiver_input,bounded_native_c_call_events,774
parity_reassociation_n6,fresh,O-ADD-WARM-PRUNED,5,receiver_input,current_request_bytes,1526
parity_reassociation_n6,fresh,O-ADD-WARM-PRUNED,5,receiver_input,observed_python_opcode_events,63520
parity_reassociation_n6,fresh,O-ADD-WARM-PRUNED,5,receiver_input,proof_input_bytes,9127
parity_reassociation_n6,fresh,O-ADD-WARM-PRUNED,5,receiver_storage,bounded_native_c_call_events,22
parity_reassociation_n6,fresh,O-ADD-WARM-PRUNED,5,receiver_storage,live_serialized_byte_periods,30485
parity_reassociation_n6,fresh,O-ADD-WARM-PRUNED,5,receiver_storage,observed_python_opcode_events,57785
parity_reassociation_n6,fresh,O-ADD-WARM-PRUNED,5,request_encoding,bounded_native_c_call_events,811
parity_reassociation_n6,fresh,O-ADD-WARM-PRUNED,5,request_encoding,observed_python_opcode_events,21713
parity_reassociation_n6,fresh,O-ADD-WARM-PRUNED,5,terminal,bounded_native_c_call_events,394
parity_reassociation_n6,fresh,O-ADD-WARM-PRUNED,5,terminal,candidate_publication_events,1
parity_reassociation_n6,fresh,O-ADD-WARM-PRUNED,5,terminal,current_receipt_output_bytes,3329
parity_reassociation_n6,fresh,O-ADD-WARM-PRUNED,5,terminal,delivery_events,1
parity_reassociation_n6,fresh,O-ADD-WARM-PRUNED,5,terminal,observed_python_opcode_events,10509
parity_reassociation_n6,fresh,O-ADD-WARM-PRUNED,6,coordination,bounded_native_c_call_events,10
parity_reassociation_n6,fresh,O-ADD-WARM-PRUNED,6,coordination,observed_python_opcode_events,540
parity_reassociation_n6,fresh,O-ADD-WARM-PRUNED,6,producer_build,bounded_native_c_call_events,3966
parity_reassociation_n6,fresh,O-ADD-WARM-PRUNED,6,producer_build,observed_python_opcode_events,161184
parity_reassociation_n6,fresh,O-ADD-WARM-PRUNED,6,producer_export,bounded_native_c_call_events,8
parity_reassociation_n6,fresh,O-ADD-WARM-PRUNED,6,producer_export,observed_python_opcode_events,261
parity_reassociation_n6,fresh,O-ADD-WARM-PRUNED,6,producer_export,proof_output_bytes,9245
parity_reassociation_n6,fresh,O-ADD-WARM-PRUNED,6,producer_input,bounded_native_c_call_events,827
parity_reassociation_n6,fresh,O-ADD-WARM-PRUNED,6,producer_input,current_request_bytes,1590
parity_reassociation_n6,fresh,O-ADD-WARM-PRUNED,6,producer_input,observed_python_opcode_events,65984
parity_reassociation_n6,fresh,O-ADD-WARM-PRUNED,6,producer_prune,bounded_native_c_call_events,12202
parity_reassociation_n6,fresh,O-ADD-WARM-PRUNED,6,producer_prune,observed_python_opcode_events,475479
parity_reassociation_n6,fresh,O-ADD-WARM-PRUNED,6,producer_storage,bounded_native_c_call_events,394
parity_reassociation_n6,fresh,O-ADD-WARM-PRUNED,6,producer_storage,live_serialized_byte_periods,31302
parity_reassociation_n6,fresh,O-ADD-WARM-PRUNED,6,producer_storage,observed_python_opcode_events,138687
parity_reassociation_n6,fresh,O-ADD-WARM-PRUNED,6,receiver_check,bounded_native_c_call_events,8982
parity_reassociation_n6,fresh,O-ADD-WARM-PRUNED,6,receiver_check,observed_python_opcode_events,521981
parity_reassociation_n6,fresh,O-ADD-WARM-PRUNED,6,receiver_init,bounded_native_c_call_events,156
parity_reassociation_n6,fresh,O-ADD-WARM-PRUNED,6,receiver_init,observed_python_opcode_events,34495
parity_reassociation_n6,fresh,O-ADD-WARM-PRUNED,6,receiver_input,bounded_native_c_call_events,827
parity_reassociation_n6,fresh,O-ADD-WARM-PRUNED,6,receiver_input,current_request_bytes,1590
parity_reassociation_n6,fresh,O-ADD-WARM-PRUNED,6,receiver_input,observed_python_opcode_events,65984
parity_reassociation_n6,fresh,O-ADD-WARM-PRUNED,6,receiver_input,proof_input_bytes,9245
parity_reassociation_n6,fresh,O-ADD-WARM-PRUNED,6,receiver_storage,bounded_native_c_call_events,22
parity_reassociation_n6,fresh,O-ADD-WARM-PRUNED,6,receiver_storage,live_serialized_byte_periods,30976
parity_reassociation_n6,fresh,O-ADD-WARM-PRUNED,6,receiver_storage,observed_python_opcode_events,58921
parity_reassociation_n6,fresh,O-ADD-WARM-PRUNED,6,request_encoding,bounded_native_c_call_events,830
parity_reassociation_n6,fresh,O-ADD-WARM-PRUNED,6,request_encoding,observed_python_opcode_events,22309
parity_reassociation_n6,fresh,O-ADD-WARM-PRUNED,6,terminal,bounded_native_c_call_events,428
parity_reassociation_n6,fresh,O-ADD-WARM-PRUNED,6,terminal,candidate_publication_events,1
parity_reassociation_n6,fresh,O-ADD-WARM-PRUNED,6,terminal,current_receipt_output_bytes,3393
parity_reassociation_n6,fresh,O-ADD-WARM-PRUNED,6,terminal,delivery_events,1
parity_reassociation_n6,fresh,O-ADD-WARM-PRUNED,6,terminal,observed_python_opcode_events,11386
parity_reassociation_n6,fresh,O-ENUM-RECEIVER,1,common_source,bounded_native_c_call_events,457
parity_reassociation_n6,fresh,O-ENUM-RECEIVER,1,common_source,observed_python_opcode_events,40257
parity_reassociation_n6,fresh,O-ENUM-RECEIVER,1,common_source,source_hash_bytes_prepaid,220827
parity_reassociation_n6,fresh,O-ENUM-RECEIVER,1,common_source,source_length_probe_bytes_prepaid,10
parity_reassociation_n6,fresh,O-ENUM-RECEIVER,1,common_source,source_program_bytes_prepaid,220827
parity_reassociation_n6,fresh,O-ENUM-RECEIVER,1,common_source,source_record_bytes,1487
parity_reassociation_n6,fresh,O-ENUM-RECEIVER,1,coordination,bounded_native_c_call_events,10
parity_reassociation_n6,fresh,O-ENUM-RECEIVER,1,coordination,observed_python_opcode_events,431
parity_reassociation_n6,fresh,O-ENUM-RECEIVER,1,producer_storage,bounded_native_c_call_events,10
parity_reassociation_n6,fresh,O-ENUM-RECEIVER,1,producer_storage,live_serialized_byte_periods,1870
parity_reassociation_n6,fresh,O-ENUM-RECEIVER,1,producer_storage,observed_python_opcode_events,877
parity_reassociation_n6,fresh,O-ENUM-RECEIVER,1,receiver_check,bounded_native_c_call_events,10748
parity_reassociation_n6,fresh,O-ENUM-RECEIVER,1,receiver_check,observed_python_opcode_events,262094
parity_reassociation_n6,fresh,O-ENUM-RECEIVER,1,receiver_input,bounded_native_c_call_events,716
parity_reassociation_n6,fresh,O-ENUM-RECEIVER,1,receiver_input,current_request_bytes,1480
parity_reassociation_n6,fresh,O-ENUM-RECEIVER,1,receiver_input,observed_python_opcode_events,60567
parity_reassociation_n6,fresh,O-ENUM-RECEIVER,1,receiver_storage,bounded_native_c_call_events,12
parity_reassociation_n6,fresh,O-ENUM-RECEIVER,1,receiver_storage,live_serialized_byte_periods,7503
parity_reassociation_n6,fresh,O-ENUM-RECEIVER,1,receiver_storage,observed_python_opcode_events,680
parity_reassociation_n6,fresh,O-ENUM-RECEIVER,1,request_encoding,bounded_native_c_call_events,739
parity_reassociation_n6,fresh,O-ENUM-RECEIVER,1,request_encoding,observed_python_opcode_events,20060
parity_reassociation_n6,fresh,O-ENUM-RECEIVER,1,terminal,bounded_native_c_call_events,338
parity_reassociation_n6,fresh,O-ENUM-RECEIVER,1,terminal,candidate_publication_events,1
parity_reassociation_n6,fresh,O-ENUM-RECEIVER,1,terminal,current_receipt_output_bytes,3283
parity_reassociation_n6,fresh,O-ENUM-RECEIVER,1,terminal,delivery_events,1
parity_reassociation_n6,fresh,O-ENUM-RECEIVER,1,terminal,observed_python_opcode_events,9239
parity_reassociation_n6,fresh,O-ENUM-RECEIVER,2,coordination,bounded_native_c_call_events,10
parity_reassociation_n6,fresh,O-ENUM-RECEIVER,2,coordination,observed_python_opcode_events,410
parity_reassociation_n6,fresh,O-ENUM-RECEIVER,2,producer_storage,bounded_native_c_call_events,10
parity_reassociation_n6,fresh,O-ENUM-RECEIVER,2,producer_storage,live_serialized_byte_periods,1870
parity_reassociation_n6,fresh,O-ENUM-RECEIVER,2,producer_storage,observed_python_opcode_events,877
parity_reassociation_n6,fresh,O-ENUM-RECEIVER,2,receiver_check,bounded_native_c_call_events,6263
parity_reassociation_n6,fresh,O-ENUM-RECEIVER,2,receiver_check,observed_python_opcode_events,155507
parity_reassociation_n6,fresh,O-ENUM-RECEIVER,2,receiver_input,bounded_native_c_call_events,745
parity_reassociation_n6,fresh,O-ENUM-RECEIVER,2,receiver_input,current_request_bytes,1501
parity_reassociation_n6,fresh,O-ENUM-RECEIVER,2,receiver_input,observed_python_opcode_events,61950
parity_reassociation_n6,fresh,O-ENUM-RECEIVER,2,receiver_storage,bounded_native_c_call_events,12
parity_reassociation_n6,fresh,O-ENUM-RECEIVER,2,receiver_storage,live_serialized_byte_periods,7561
parity_reassociation_n6,fresh,O-ENUM-RECEIVER,2,receiver_storage,observed_python_opcode_events,680
parity_reassociation_n6,fresh,O-ENUM-RECEIVER,2,request_encoding,bounded_native_c_call_events,775
parity_reassociation_n6,fresh,O-ENUM-RECEIVER,2,request_encoding,observed_python_opcode_events,20870
parity_reassociation_n6,fresh,O-ENUM-RECEIVER,2,terminal,bounded_native_c_call_events,370
parity_reassociation_n6,fresh,O-ENUM-RECEIVER,2,terminal,candidate_publication_events,1
parity_reassociation_n6,fresh,O-ENUM-RECEIVER,2,terminal,current_receipt_output_bytes,3304
parity_reassociation_n6,fresh,O-ENUM-RECEIVER,2,terminal,delivery_events,1
parity_reassociation_n6,fresh,O-ENUM-RECEIVER,2,terminal,observed_python_opcode_events,9983
parity_reassociation_n6,fresh,O-ENUM-RECEIVER,3,coordination,bounded_native_c_call_events,10
parity_reassociation_n6,fresh,O-ENUM-RECEIVER,3,coordination,observed_python_opcode_events,410
parity_reassociation_n6,fresh,O-ENUM-RECEIVER,3,producer_storage,bounded_native_c_call_events,10
parity_reassociation_n6,fresh,O-ENUM-RECEIVER,3,producer_storage,live_serialized_byte_periods,1870
parity_reassociation_n6,fresh,O-ENUM-RECEIVER,3,producer_storage,observed_python_opcode_events,877
parity_reassociation_n6,fresh,O-ENUM-RECEIVER,3,receiver_check,bounded_native_c_call_events,3943
parity_reassociation_n6,fresh,O-ENUM-RECEIVER,3,receiver_check,observed_python_opcode_events,97835
parity_reassociation_n6,fresh,O-ENUM-RECEIVER,3,receiver_input,bounded_native_c_call_events,745
parity_reassociation_n6,fresh,O-ENUM-RECEIVER,3,receiver_input,current_request_bytes,1505
parity_reassociation_n6,fresh,O-ENUM-RECEIVER,3,receiver_input,observed_python_opcode_events,62070
parity_reassociation_n6,fresh,O-ENUM-RECEIVER,3,receiver_storage,bounded_native_c_call_events,12
parity_reassociation_n6,fresh,O-ENUM-RECEIVER,3,receiver_storage,live_serialized_byte_periods,7569
parity_reassociation_n6,fresh,O-ENUM-RECEIVER,3,receiver_storage,observed_python_opcode_events,680
parity_reassociation_n6,fresh,O-ENUM-RECEIVER,3,request_encoding,bounded_native_c_call_events,775
parity_reassociation_n6,fresh,O-ENUM-RECEIVER,3,request_encoding,observed_python_opcode_events,20870
parity_reassociation_n6,fresh,O-ENUM-RECEIVER,3,terminal,bounded_native_c_call_events,370
parity_reassociation_n6,fresh,O-ENUM-RECEIVER,3,terminal,candidate_publication_events,1
parity_reassociation_n6,fresh,O-ENUM-RECEIVER,3,terminal,current_receipt_output_bytes,3308
parity_reassociation_n6,fresh,O-ENUM-RECEIVER,3,terminal,delivery_events,1
parity_reassociation_n6,fresh,O-ENUM-RECEIVER,3,terminal,observed_python_opcode_events,9983
parity_reassociation_n6,fresh,O-ENUM-RECEIVER,4,coordination,bounded_native_c_call_events,10
parity_reassociation_n6,fresh,O-ENUM-RECEIVER,4,coordination,observed_python_opcode_events,410
parity_reassociation_n6,fresh,O-ENUM-RECEIVER,4,producer_storage,bounded_native_c_call_events,10
parity_reassociation_n6,fresh,O-ENUM-RECEIVER,4,producer_storage,live_serialized_byte_periods,1870
parity_reassociation_n6,fresh,O-ENUM-RECEIVER,4,producer_storage,observed_python_opcode_events,877
parity_reassociation_n6,fresh,O-ENUM-RECEIVER,4,receiver_check,bounded_native_c_call_events,6340
parity_reassociation_n6,fresh,O-ENUM-RECEIVER,4,receiver_check,observed_python_opcode_events,159377
parity_reassociation_n6,fresh,O-ENUM-RECEIVER,4,receiver_input,bounded_native_c_call_events,760
parity_reassociation_n6,fresh,O-ENUM-RECEIVER,4,receiver_input,current_request_bytes,1514
parity_reassociation_n6,fresh,O-ENUM-RECEIVER,4,receiver_input,observed_python_opcode_events,62832
parity_reassociation_n6,fresh,O-ENUM-RECEIVER,4,receiver_storage,bounded_native_c_call_events,12
parity_reassociation_n6,fresh,O-ENUM-RECEIVER,4,receiver_storage,live_serialized_byte_periods,7597
parity_reassociation_n6,fresh,O-ENUM-RECEIVER,4,receiver_storage,observed_python_opcode_events,680
parity_reassociation_n6,fresh,O-ENUM-RECEIVER,4,request_encoding,bounded_native_c_call_events,796
parity_reassociation_n6,fresh,O-ENUM-RECEIVER,4,request_encoding,observed_python_opcode_events,21370
parity_reassociation_n6,fresh,O-ENUM-RECEIVER,4,terminal,bounded_native_c_call_events,384
parity_reassociation_n6,fresh,O-ENUM-RECEIVER,4,terminal,candidate_publication_events,1
parity_reassociation_n6,fresh,O-ENUM-RECEIVER,4,terminal,current_receipt_output_bytes,3319
parity_reassociation_n6,fresh,O-ENUM-RECEIVER,4,terminal,delivery_events,1
parity_reassociation_n6,fresh,O-ENUM-RECEIVER,4,terminal,observed_python_opcode_events,10347
parity_reassociation_n6,fresh,O-ENUM-RECEIVER,5,coordination,bounded_native_c_call_events,10
parity_reassociation_n6,fresh,O-ENUM-RECEIVER,5,coordination,observed_python_opcode_events,410
parity_reassociation_n6,fresh,O-ENUM-RECEIVER,5,producer_storage,bounded_native_c_call_events,10
parity_reassociation_n6,fresh,O-ENUM-RECEIVER,5,producer_storage,live_serialized_byte_periods,1870
parity_reassociation_n6,fresh,O-ENUM-RECEIVER,5,producer_storage,observed_python_opcode_events,877
parity_reassociation_n6,fresh,O-ENUM-RECEIVER,5,receiver_check,bounded_native_c_call_events,5737
parity_reassociation_n6,fresh,O-ENUM-RECEIVER,5,receiver_check,observed_python_opcode_events,141853
parity_reassociation_n6,fresh,O-ENUM-RECEIVER,5,receiver_input,bounded_native_c_call_events,774
parity_reassociation_n6,fresh,O-ENUM-RECEIVER,5,receiver_input,current_request_bytes,1526
parity_reassociation_n6,fresh,O-ENUM-RECEIVER,5,receiver_input,observed_python_opcode_events,63519
parity_reassociation_n6,fresh,O-ENUM-RECEIVER,5,receiver_storage,bounded_native_c_call_events,12
parity_reassociation_n6,fresh,O-ENUM-RECEIVER,5,receiver_storage,live_serialized_byte_periods,7627
parity_reassociation_n6,fresh,O-ENUM-RECEIVER,5,receiver_storage,observed_python_opcode_events,680
parity_reassociation_n6,fresh,O-ENUM-RECEIVER,5,request_encoding,bounded_native_c_call_events,811
parity_reassociation_n6,fresh,O-ENUM-RECEIVER,5,request_encoding,observed_python_opcode_events,21712
parity_reassociation_n6,fresh,O-ENUM-RECEIVER,5,terminal,bounded_native_c_call_events,394
parity_reassociation_n6,fresh,O-ENUM-RECEIVER,5,terminal,candidate_publication_events,1
parity_reassociation_n6,fresh,O-ENUM-RECEIVER,5,terminal,current_receipt_output_bytes,3329
parity_reassociation_n6,fresh,O-ENUM-RECEIVER,5,terminal,delivery_events,1
parity_reassociation_n6,fresh,O-ENUM-RECEIVER,5,terminal,observed_python_opcode_events,10507
parity_reassociation_n6,fresh,O-ENUM-RECEIVER,6,coordination,bounded_native_c_call_events,10
parity_reassociation_n6,fresh,O-ENUM-RECEIVER,6,coordination,observed_python_opcode_events,410
parity_reassociation_n6,fresh,O-ENUM-RECEIVER,6,producer_storage,bounded_native_c_call_events,10
parity_reassociation_n6,fresh,O-ENUM-RECEIVER,6,producer_storage,live_serialized_byte_periods,1870
parity_reassociation_n6,fresh,O-ENUM-RECEIVER,6,producer_storage,observed_python_opcode_events,877
parity_reassociation_n6,fresh,O-ENUM-RECEIVER,6,receiver_check,bounded_native_c_call_events,6895
parity_reassociation_n6,fresh,O-ENUM-RECEIVER,6,receiver_check,observed_python_opcode_events,169658
parity_reassociation_n6,fresh,O-ENUM-RECEIVER,6,receiver_input,bounded_native_c_call_events,827
parity_reassociation_n6,fresh,O-ENUM-RECEIVER,6,receiver_input,current_request_bytes,1590
parity_reassociation_n6,fresh,O-ENUM-RECEIVER,6,receiver_input,observed_python_opcode_events,65983
parity_reassociation_n6,fresh,O-ENUM-RECEIVER,6,receiver_storage,bounded_native_c_call_events,12
parity_reassociation_n6,fresh,O-ENUM-RECEIVER,6,receiver_storage,live_serialized_byte_periods,7803
parity_reassociation_n6,fresh,O-ENUM-RECEIVER,6,receiver_storage,observed_python_opcode_events,680
parity_reassociation_n6,fresh,O-ENUM-RECEIVER,6,request_encoding,bounded_native_c_call_events,830
parity_reassociation_n6,fresh,O-ENUM-RECEIVER,6,request_encoding,observed_python_opcode_events,22308
parity_reassociation_n6,fresh,O-ENUM-RECEIVER,6,terminal,bounded_native_c_call_events,428
parity_reassociation_n6,fresh,O-ENUM-RECEIVER,6,terminal,candidate_publication_events,1
parity_reassociation_n6,fresh,O-ENUM-RECEIVER,6,terminal,current_receipt_output_bytes,3393
parity_reassociation_n6,fresh,O-ENUM-RECEIVER,6,terminal,delivery_events,1
parity_reassociation_n6,fresh,O-ENUM-RECEIVER,6,terminal,observed_python_opcode_events,11384
parity_reassociation_n6,fresh,P-REUSE,1,common_source,bounded_native_c_call_events,457
parity_reassociation_n6,fresh,P-REUSE,1,common_source,observed_python_opcode_events,40257
parity_reassociation_n6,fresh,P-REUSE,1,common_source,source_hash_bytes_prepaid,220827
parity_reassociation_n6,fresh,P-REUSE,1,common_source,source_length_probe_bytes_prepaid,10
parity_reassociation_n6,fresh,P-REUSE,1,common_source,source_program_bytes_prepaid,220827
parity_reassociation_n6,fresh,P-REUSE,1,common_source,source_record_bytes,1487
parity_reassociation_n6,fresh,P-REUSE,1,coordination,bounded_native_c_call_events,17
parity_reassociation_n6,fresh,P-REUSE,1,coordination,observed_python_opcode_events,1099
parity_reassociation_n6,fresh,P-REUSE,1,producer_build,bounded_native_c_call_events,1962
parity_reassociation_n6,fresh,P-REUSE,1,producer_build,observed_python_opcode_events,49968
parity_reassociation_n6,fresh,P-REUSE,1,producer_export,bounded_native_c_call_events,9
parity_reassociation_n6,fresh,P-REUSE,1,producer_export,observed_python_opcode_events,1902
parity_reassociation_n6,fresh,P-REUSE,1,producer_export,proof_output_bytes,2942
parity_reassociation_n6,fresh,P-REUSE,1,producer_init,observed_python_opcode_events,4
parity_reassociation_n6,fresh,P-REUSE,1,producer_input,bounded_native_c_call_events,716
parity_reassociation_n6,fresh,P-REUSE,1,producer_input,current_request_bytes,1480
parity_reassociation_n6,fresh,P-REUSE,1,producer_input,observed_python_opcode_events,60567
parity_reassociation_n6,fresh,P-REUSE,1,producer_old_admission,bounded_native_c_call_events,23064
parity_reassociation_n6,fresh,P-REUSE,1,producer_old_admission,observed_python_opcode_events,604862
parity_reassociation_n6,fresh,P-REUSE,1,producer_old_build,bounded_native_c_call_events,45421
parity_reassociation_n6,fresh,P-REUSE,1,producer_old_build,observed_python_opcode_events,1176289
parity_reassociation_n6,fresh,P-REUSE,1,producer_old_export,bounded_native_c_call_events,278
parity_reassociation_n6,fresh,P-REUSE,1,producer_old_export,observed_python_opcode_events,20818
parity_reassociation_n6,fresh,P-REUSE,1,producer_old_export,old_proof_output_bytes,3142
parity_reassociation_n6,fresh,P-REUSE,1,producer_old_input,bounded_native_c_call_events,1345
parity_reassociation_n6,fresh,P-REUSE,1,producer_old_input,observed_python_opcode_events,77263
parity_reassociation_n6,fresh,P-REUSE,1,producer_old_input,old_request_bytes,1429
parity_reassociation_n6,fresh,P-REUSE,1,producer_storage,bounded_native_c_call_events,847
parity_reassociation_n6,fresh,P-REUSE,1,producer_storage,live_serialized_byte_periods,27395
parity_reassociation_n6,fresh,P-REUSE,1,producer_storage,observed_python_opcode_events,23480
parity_reassociation_n6,fresh,P-REUSE,1,receiver_check,bounded_native_c_call_events,2078
parity_reassociation_n6,fresh,P-REUSE,1,receiver_check,observed_python_opcode_events,53701
parity_reassociation_n6,fresh,P-REUSE,1,receiver_import,bounded_native_c_call_events,81
parity_reassociation_n6,fresh,P-REUSE,1,receiver_import,observed_python_opcode_events,44180
parity_reassociation_n6,fresh,P-REUSE,1,receiver_init,observed_python_opcode_events,4
parity_reassociation_n6,fresh,P-REUSE,1,receiver_input,bounded_native_c_call_events,716
parity_reassociation_n6,fresh,P-REUSE,1,receiver_input,current_request_bytes,1480
parity_reassociation_n6,fresh,P-REUSE,1,receiver_input,observed_python_opcode_events,60567
parity_reassociation_n6,fresh,P-REUSE,1,receiver_input,proof_input_bytes,2942
parity_reassociation_n6,fresh,P-REUSE,1,receiver_old_check,bounded_native_c_call_events,23064
parity_reassociation_n6,fresh,P-REUSE,1,receiver_old_check,observed_python_opcode_events,604861
parity_reassociation_n6,fresh,P-REUSE,1,receiver_old_import,bounded_native_c_call_events,776
parity_reassociation_n6,fresh,P-REUSE,1,receiver_old_import,observed_python_opcode_events,98437
parity_reassociation_n6,fresh,P-REUSE,1,receiver_old_input,bounded_native_c_call_events,1345
parity_reassociation_n6,fresh,P-REUSE,1,receiver_old_input,observed_python_opcode_events,77263
parity_reassociation_n6,fresh,P-REUSE,1,receiver_old_input,old_proof_input_bytes,3142
parity_reassociation_n6,fresh,P-REUSE,1,receiver_old_input,old_request_bytes,1429
parity_reassociation_n6,fresh,P-REUSE,1,receiver_storage,bounded_native_c_call_events,575
parity_reassociation_n6,fresh,P-REUSE,1,receiver_storage,live_serialized_byte_periods,19515
parity_reassociation_n6,fresh,P-REUSE,1,receiver_storage,observed_python_opcode_events,15653
parity_reassociation_n6,fresh,P-REUSE,1,request_encoding,bounded_native_c_call_events,739
parity_reassociation_n6,fresh,P-REUSE,1,request_encoding,observed_python_opcode_events,20060
parity_reassociation_n6,fresh,P-REUSE,1,terminal,bounded_native_c_call_events,338
parity_reassociation_n6,fresh,P-REUSE,1,terminal,candidate_publication_events,1
parity_reassociation_n6,fresh,P-REUSE,1,terminal,current_receipt_output_bytes,3283
parity_reassociation_n6,fresh,P-REUSE,1,terminal,delivery_events,1
parity_reassociation_n6,fresh,P-REUSE,1,terminal,observed_python_opcode_events,9239
parity_reassociation_n6,fresh,P-REUSE,2,coordination,bounded_native_c_call_events,12
parity_reassociation_n6,fresh,P-REUSE,2,coordination,observed_python_opcode_events,808
parity_reassociation_n6,fresh,P-REUSE,2,producer_build,bounded_native_c_call_events,2229
parity_reassociation_n6,fresh,P-REUSE,2,producer_build,observed_python_opcode_events,54747
parity_reassociation_n6,fresh,P-REUSE,2,producer_export,bounded_native_c_call_events,9
parity_reassociation_n6,fresh,P-REUSE,2,producer_export,observed_python_opcode_events,1902
parity_reassociation_n6,fresh,P-REUSE,2,producer_export,proof_output_bytes,2963
parity_reassociation_n6,fresh,P-REUSE,2,producer_input,bounded_native_c_call_events,745
parity_reassociation_n6,fresh,P-REUSE,2,producer_input,current_request_bytes,1501
parity_reassociation_n6,fresh,P-REUSE,2,producer_input,observed_python_opcode_events,61950
parity_reassociation_n6,fresh,P-REUSE,2,producer_storage,bounded_native_c_call_events,560
parity_reassociation_n6,fresh,P-REUSE,2,producer_storage,live_serialized_byte_periods,15242
parity_reassociation_n6,fresh,P-REUSE,2,producer_storage,observed_python_opcode_events,15606
parity_reassociation_n6,fresh,P-REUSE,2,receiver_check,bounded_native_c_call_events,2337
parity_reassociation_n6,fresh,P-REUSE,2,receiver_check,observed_python_opcode_events,58291
parity_reassociation_n6,fresh,P-REUSE,2,receiver_import,bounded_native_c_call_events,81
parity_reassociation_n6,fresh,P-REUSE,2,receiver_import,observed_python_opcode_events,44463
parity_reassociation_n6,fresh,P-REUSE,2,receiver_init,observed_python_opcode_events,4
parity_reassociation_n6,fresh,P-REUSE,2,receiver_input,bounded_native_c_call_events,745
parity_reassociation_n6,fresh,P-REUSE,2,receiver_input,current_request_bytes,1501
parity_reassociation_n6,fresh,P-REUSE,2,receiver_input,observed_python_opcode_events,61950
parity_reassociation_n6,fresh,P-REUSE,2,receiver_input,proof_input_bytes,2963
parity_reassociation_n6,fresh,P-REUSE,2,receiver_old_check,bounded_native_c_call_events,23064
parity_reassociation_n6,fresh,P-REUSE,2,receiver_old_check,observed_python_opcode_events,604861
parity_reassociation_n6,fresh,P-REUSE,2,receiver_old_import,bounded_native_c_call_events,776
parity_reassociation_n6,fresh,P-REUSE,2,receiver_old_import,observed_python_opcode_events,98437
parity_reassociation_n6,fresh,P-REUSE,2,receiver_old_input,bounded_native_c_call_events,1345
parity_reassociation_n6,fresh,P-REUSE,2,receiver_old_input,observed_python_opcode_events,77263
parity_reassociation_n6,fresh,P-REUSE,2,receiver_old_input,old_proof_input_bytes,3142
parity_reassociation_n6,fresh,P-REUSE,2,receiver_old_input,old_request_bytes,1429
parity_reassociation_n6,fresh,P-REUSE,2,receiver_storage,bounded_native_c_call_events,575
parity_reassociation_n6,fresh,P-REUSE,2,receiver_storage,live_serialized_byte_periods,19602
parity_reassociation_n6,fresh,P-REUSE,2,receiver_storage,observed_python_opcode_events,15653
parity_reassociation_n6,fresh,P-REUSE,2,request_encoding,bounded_native_c_call_events,775
parity_reassociation_n6,fresh,P-REUSE,2,request_encoding,observed_python_opcode_events,20870
parity_reassociation_n6,fresh,P-REUSE,2,terminal,bounded_native_c_call_events,370
parity_reassociation_n6,fresh,P-REUSE,2,terminal,candidate_publication_events,1
parity_reassociation_n6,fresh,P-REUSE,2,terminal,current_receipt_output_bytes,3304
parity_reassociation_n6,fresh,P-REUSE,2,terminal,delivery_events,1
parity_reassociation_n6,fresh,P-REUSE,2,terminal,observed_python_opcode_events,9983
parity_reassociation_n6,fresh,P-REUSE,3,coordination,bounded_native_c_call_events,12
parity_reassociation_n6,fresh,P-REUSE,3,coordination,observed_python_opcode_events,808
parity_reassociation_n6,fresh,P-REUSE,3,producer_build,bounded_native_c_call_events,2223
parity_reassociation_n6,fresh,P-REUSE,3,producer_build,observed_python_opcode_events,54561
parity_reassociation_n6,fresh,P-REUSE,3,producer_export,bounded_native_c_call_events,9
parity_reassociation_n6,fresh,P-REUSE,3,producer_export,observed_python_opcode_events,1902
parity_reassociation_n6,fresh,P-REUSE,3,producer_export,proof_output_bytes,2967
parity_reassociation_n6,fresh,P-REUSE,3,producer_input,bounded_native_c_call_events,745
parity_reassociation_n6,fresh,P-REUSE,3,producer_input,current_request_bytes,1505
parity_reassociation_n6,fresh,P-REUSE,3,producer_input,observed_python_opcode_events,62070
parity_reassociation_n6,fresh,P-REUSE,3,producer_storage,bounded_native_c_call_events,560
parity_reassociation_n6,fresh,P-REUSE,3,producer_storage,live_serialized_byte_periods,15250
parity_reassociation_n6,fresh,P-REUSE,3,producer_storage,observed_python_opcode_events,15606
parity_reassociation_n6,fresh,P-REUSE,3,receiver_check,bounded_native_c_call_events,2331
parity_reassociation_n6,fresh,P-REUSE,3,receiver_check,observed_python_opcode_events,58105
parity_reassociation_n6,fresh,P-REUSE,3,receiver_import,bounded_native_c_call_events,81
parity_reassociation_n6,fresh,P-REUSE,3,receiver_import,observed_python_opcode_events,44523
parity_reassociation_n6,fresh,P-REUSE,3,receiver_init,observed_python_opcode_events,4
parity_reassociation_n6,fresh,P-REUSE,3,receiver_input,bounded_native_c_call_events,745
parity_reassociation_n6,fresh,P-REUSE,3,receiver_input,current_request_bytes,1505
parity_reassociation_n6,fresh,P-REUSE,3,receiver_input,observed_python_opcode_events,62070
parity_reassociation_n6,fresh,P-REUSE,3,receiver_input,proof_input_bytes,2967
parity_reassociation_n6,fresh,P-REUSE,3,receiver_old_check,bounded_native_c_call_events,23064
parity_reassociation_n6,fresh,P-REUSE,3,receiver_old_check,observed_python_opcode_events,604861
parity_reassociation_n6,fresh,P-REUSE,3,receiver_old_import,bounded_native_c_call_events,776
parity_reassociation_n6,fresh,P-REUSE,3,receiver_old_import,observed_python_opcode_events,98437
parity_reassociation_n6,fresh,P-REUSE,3,receiver_old_input,bounded_native_c_call_events,1345
parity_reassociation_n6,fresh,P-REUSE,3,receiver_old_input,observed_python_opcode_events,77263
parity_reassociation_n6,fresh,P-REUSE,3,receiver_old_input,old_proof_input_bytes,3142
parity_reassociation_n6,fresh,P-REUSE,3,receiver_old_input,old_request_bytes,1429
parity_reassociation_n6,fresh,P-REUSE,3,receiver_storage,bounded_native_c_call_events,575
parity_reassociation_n6,fresh,P-REUSE,3,receiver_storage,live_serialized_byte_periods,19614
parity_reassociation_n6,fresh,P-REUSE,3,receiver_storage,observed_python_opcode_events,15653
parity_reassociation_n6,fresh,P-REUSE,3,request_encoding,bounded_native_c_call_events,775
parity_reassociation_n6,fresh,P-REUSE,3,request_encoding,observed_python_opcode_events,20870
parity_reassociation_n6,fresh,P-REUSE,3,terminal,bounded_native_c_call_events,370
parity_reassociation_n6,fresh,P-REUSE,3,terminal,candidate_publication_events,1
parity_reassociation_n6,fresh,P-REUSE,3,terminal,current_receipt_output_bytes,3308
parity_reassociation_n6,fresh,P-REUSE,3,terminal,delivery_events,1
parity_reassociation_n6,fresh,P-REUSE,3,terminal,observed_python_opcode_events,9983
parity_reassociation_n6,fresh,P-REUSE,4,coordination,bounded_native_c_call_events,12
parity_reassociation_n6,fresh,P-REUSE,4,coordination,observed_python_opcode_events,808
parity_reassociation_n6,fresh,P-REUSE,4,producer_build,bounded_native_c_call_events,2410
parity_reassociation_n6,fresh,P-REUSE,4,producer_build,observed_python_opcode_events,58295
parity_reassociation_n6,fresh,P-REUSE,4,producer_export,bounded_native_c_call_events,9
parity_reassociation_n6,fresh,P-REUSE,4,producer_export,observed_python_opcode_events,1902
parity_reassociation_n6,fresh,P-REUSE,4,producer_export,proof_output_bytes,2976
parity_reassociation_n6,fresh,P-REUSE,4,producer_input,bounded_native_c_call_events,760
parity_reassociation_n6,fresh,P-REUSE,4,producer_input,current_request_bytes,1514
parity_reassociation_n6,fresh,P-REUSE,4,producer_input,observed_python_opcode_events,62832
parity_reassociation_n6,fresh,P-REUSE,4,producer_storage,bounded_native_c_call_events,560
parity_reassociation_n6,fresh,P-REUSE,4,producer_storage,live_serialized_byte_periods,15276
parity_reassociation_n6,fresh,P-REUSE,4,producer_storage,observed_python_opcode_events,15606
parity_reassociation_n6,fresh,P-REUSE,4,receiver_check,bounded_native_c_call_events,2518
parity_reassociation_n6,fresh,P-REUSE,4,receiver_check,observed_python_opcode_events,61845
parity_reassociation_n6,fresh,P-REUSE,4,receiver_import,bounded_native_c_call_events,81
parity_reassociation_n6,fresh,P-REUSE,4,receiver_import,observed_python_opcode_events,44642
parity_reassociation_n6,fresh,P-REUSE,4,receiver_init,observed_python_opcode_events,4
parity_reassociation_n6,fresh,P-REUSE,4,receiver_input,bounded_native_c_call_events,760
parity_reassociation_n6,fresh,P-REUSE,4,receiver_input,current_request_bytes,1514
parity_reassociation_n6,fresh,P-REUSE,4,receiver_input,observed_python_opcode_events,62832
parity_reassociation_n6,fresh,P-REUSE,4,receiver_input,proof_input_bytes,2976
parity_reassociation_n6,fresh,P-REUSE,4,receiver_old_check,bounded_native_c_call_events,23064
parity_reassociation_n6,fresh,P-REUSE,4,receiver_old_check,observed_python_opcode_events,604861
parity_reassociation_n6,fresh,P-REUSE,4,receiver_old_import,bounded_native_c_call_events,776
parity_reassociation_n6,fresh,P-REUSE,4,receiver_old_import,observed_python_opcode_events,98437
parity_reassociation_n6,fresh,P-REUSE,4,receiver_old_input,bounded_native_c_call_events,1345
parity_reassociation_n6,fresh,P-REUSE,4,receiver_old_input,observed_python_opcode_events,77263
parity_reassociation_n6,fresh,P-REUSE,4,receiver_old_input,old_proof_input_bytes,3142
parity_reassociation_n6,fresh,P-REUSE,4,receiver_old_input,old_request_bytes,1429
parity_reassociation_n6,fresh,P-REUSE,4,receiver_storage,bounded_native_c_call_events,575
parity_reassociation_n6,fresh,P-REUSE,4,receiver_storage,live_serialized_byte_periods,19655
parity_reassociation_n6,fresh,P-REUSE,4,receiver_storage,observed_python_opcode_events,15653
parity_reassociation_n6,fresh,P-REUSE,4,request_encoding,bounded_native_c_call_events,796
parity_reassociation_n6,fresh,P-REUSE,4,request_encoding,observed_python_opcode_events,21370
parity_reassociation_n6,fresh,P-REUSE,4,terminal,bounded_native_c_call_events,384
parity_reassociation_n6,fresh,P-REUSE,4,terminal,candidate_publication_events,1
parity_reassociation_n6,fresh,P-REUSE,4,terminal,current_receipt_output_bytes,3319
parity_reassociation_n6,fresh,P-REUSE,4,terminal,delivery_events,1
parity_reassociation_n6,fresh,P-REUSE,4,terminal,observed_python_opcode_events,10347
parity_reassociation_n6,fresh,P-REUSE,5,coordination,bounded_native_c_call_events,12
parity_reassociation_n6,fresh,P-REUSE,5,coordination,observed_python_opcode_events,808
parity_reassociation_n6,fresh,P-REUSE,5,producer_build,bounded_native_c_call_events,2407
parity_reassociation_n6,fresh,P-REUSE,5,producer_build,observed_python_opcode_events,58367
parity_reassociation_n6,fresh,P-REUSE,5,producer_export,bounded_native_c_call_events,9
parity_reassociation_n6,fresh,P-REUSE,5,producer_export,observed_python_opcode_events,1902
parity_reassociation_n6,fresh,P-REUSE,5,producer_export,proof_output_bytes,2988
parity_reassociation_n6,fresh,P-REUSE,5,producer_input,bounded_native_c_call_events,774
parity_reassociation_n6,fresh,P-REUSE,5,producer_input,current_request_bytes,1526
parity_reassociation_n6,fresh,P-REUSE,5,producer_input,observed_python_opcode_events,63519
parity_reassociation_n6,fresh,P-REUSE,5,producer_storage,bounded_native_c_call_events,560
parity_reassociation_n6,fresh,P-REUSE,5,producer_storage,live_serialized_byte_periods,15308
parity_reassociation_n6,fresh,P-REUSE,5,producer_storage,observed_python_opcode_events,15606
parity_reassociation_n6,fresh,P-REUSE,5,receiver_check,bounded_native_c_call_events,2509
parity_reassociation_n6,fresh,P-REUSE,5,receiver_check,observed_python_opcode_events,61863
parity_reassociation_n6,fresh,P-REUSE,5,receiver_import,bounded_native_c_call_events,81
parity_reassociation_n6,fresh,P-REUSE,5,receiver_import,observed_python_opcode_events,44806
parity_reassociation_n6,fresh,P-REUSE,5,receiver_init,observed_python_opcode_events,4
parity_reassociation_n6,fresh,P-REUSE,5,receiver_input,bounded_native_c_call_events,774
parity_reassociation_n6,fresh,P-REUSE,5,receiver_input,current_request_bytes,1526
parity_reassociation_n6,fresh,P-REUSE,5,receiver_input,observed_python_opcode_events,63519
parity_reassociation_n6,fresh,P-REUSE,5,receiver_input,proof_input_bytes,2988
parity_reassociation_n6,fresh,P-REUSE,5,receiver_old_check,bounded_native_c_call_events,23064
parity_reassociation_n6,fresh,P-REUSE,5,receiver_old_check,observed_python_opcode_events,604861
parity_reassociation_n6,fresh,P-REUSE,5,receiver_old_import,bounded_native_c_call_events,776
parity_reassociation_n6,fresh,P-REUSE,5,receiver_old_import,observed_python_opcode_events,98437
parity_reassociation_n6,fresh,P-REUSE,5,receiver_old_input,bounded_native_c_call_events,1345
parity_reassociation_n6,fresh,P-REUSE,5,receiver_old_input,observed_python_opcode_events,77263
parity_reassociation_n6,fresh,P-REUSE,5,receiver_old_input,old_proof_input_bytes,3142
parity_reassociation_n6,fresh,P-REUSE,5,receiver_old_input,old_request_bytes,1429
parity_reassociation_n6,fresh,P-REUSE,5,receiver_storage,bounded_native_c_call_events,575
parity_reassociation_n6,fresh,P-REUSE,5,receiver_storage,live_serialized_byte_periods,19701
parity_reassociation_n6,fresh,P-REUSE,5,receiver_storage,observed_python_opcode_events,15653
parity_reassociation_n6,fresh,P-REUSE,5,request_encoding,bounded_native_c_call_events,811
parity_reassociation_n6,fresh,P-REUSE,5,request_encoding,observed_python_opcode_events,21712
parity_reassociation_n6,fresh,P-REUSE,5,terminal,bounded_native_c_call_events,394
parity_reassociation_n6,fresh,P-REUSE,5,terminal,candidate_publication_events,1
parity_reassociation_n6,fresh,P-REUSE,5,terminal,current_receipt_output_bytes,3329
parity_reassociation_n6,fresh,P-REUSE,5,terminal,delivery_events,1
parity_reassociation_n6,fresh,P-REUSE,5,terminal,observed_python_opcode_events,10507
parity_reassociation_n6,fresh,P-REUSE,6,coordination,bounded_native_c_call_events,12
parity_reassociation_n6,fresh,P-REUSE,6,coordination,observed_python_opcode_events,808
parity_reassociation_n6,fresh,P-REUSE,6,producer_build,bounded_native_c_call_events,2426
parity_reassociation_n6,fresh,P-REUSE,6,producer_build,observed_python_opcode_events,58693
parity_reassociation_n6,fresh,P-REUSE,6,producer_export,bounded_native_c_call_events,9
parity_reassociation_n6,fresh,P-REUSE,6,producer_export,observed_python_opcode_events,1902
parity_reassociation_n6,fresh,P-REUSE,6,producer_export,proof_output_bytes,3052
parity_reassociation_n6,fresh,P-REUSE,6,producer_input,bounded_native_c_call_events,827
parity_reassociation_n6,fresh,P-REUSE,6,producer_input,current_request_bytes,1590
parity_reassociation_n6,fresh,P-REUSE,6,producer_input,observed_python_opcode_events,65983
parity_reassociation_n6,fresh,P-REUSE,6,producer_storage,bounded_native_c_call_events,560
parity_reassociation_n6,fresh,P-REUSE,6,producer_storage,live_serialized_byte_periods,15484
parity_reassociation_n6,fresh,P-REUSE,6,producer_storage,observed_python_opcode_events,15606
parity_reassociation_n6,fresh,P-REUSE,6,receiver_check,bounded_native_c_call_events,2511
parity_reassociation_n6,fresh,P-REUSE,6,receiver_check,observed_python_opcode_events,61680
parity_reassociation_n6,fresh,P-REUSE,6,receiver_import,bounded_native_c_call_events,81
parity_reassociation_n6,fresh,P-REUSE,6,receiver_import,observed_python_opcode_events,45670
parity_reassociation_n6,fresh,P-REUSE,6,receiver_init,observed_python_opcode_events,4
parity_reassociation_n6,fresh,P-REUSE,6,receiver_input,bounded_native_c_call_events,827
parity_reassociation_n6,fresh,P-REUSE,6,receiver_input,current_request_bytes,1590
parity_reassociation_n6,fresh,P-REUSE,6,receiver_input,observed_python_opcode_events,65983
parity_reassociation_n6,fresh,P-REUSE,6,receiver_input,proof_input_bytes,3052
parity_reassociation_n6,fresh,P-REUSE,6,receiver_old_check,bounded_native_c_call_events,23064
parity_reassociation_n6,fresh,P-REUSE,6,receiver_old_check,observed_python_opcode_events,604861
parity_reassociation_n6,fresh,P-REUSE,6,receiver_old_import,bounded_native_c_call_events,776
parity_reassociation_n6,fresh,P-REUSE,6,receiver_old_import,observed_python_opcode_events,98437
parity_reassociation_n6,fresh,P-REUSE,6,receiver_old_input,bounded_native_c_call_events,1345
parity_reassociation_n6,fresh,P-REUSE,6,receiver_old_input,observed_python_opcode_events,77263
parity_reassociation_n6,fresh,P-REUSE,6,receiver_old_input,old_proof_input_bytes,3142
parity_reassociation_n6,fresh,P-REUSE,6,receiver_old_input,old_request_bytes,1429
parity_reassociation_n6,fresh,P-REUSE,6,receiver_storage,bounded_native_c_call_events,575
parity_reassociation_n6,fresh,P-REUSE,6,receiver_storage,live_serialized_byte_periods,19965
parity_reassociation_n6,fresh,P-REUSE,6,receiver_storage,observed_python_opcode_events,15653
parity_reassociation_n6,fresh,P-REUSE,6,request_encoding,bounded_native_c_call_events,830
parity_reassociation_n6,fresh,P-REUSE,6,request_encoding,observed_python_opcode_events,22308
parity_reassociation_n6,fresh,P-REUSE,6,terminal,bounded_native_c_call_events,428
parity_reassociation_n6,fresh,P-REUSE,6,terminal,candidate_publication_events,1
parity_reassociation_n6,fresh,P-REUSE,6,terminal,current_receipt_output_bytes,3393
parity_reassociation_n6,fresh,P-REUSE,6,terminal,delivery_events,1
parity_reassociation_n6,fresh,P-REUSE,6,terminal,observed_python_opcode_events,11384
